solid OpenSCAD_Model
  facet normal -0.443387 -0.89633 0
    outer loop
      vertex 129.4 114.936 3
      vertex 129.869 114.704 8
      vertex 129.4 114.936 8
    endloop
  endfacet
  facet normal -0.443387 -0.89633 -0
    outer loop
      vertex 129.869 114.704 8
      vertex 129.4 114.936 3
      vertex 129.869 114.704 3
    endloop
  endfacet
  facet normal 0.980801 0.195013 0
    outer loop
      vertex 135.366 118.922 8
      vertex 135.264 119.435 3
      vertex 135.264 119.435 8
    endloop
  endfacet
  facet normal 0.980801 0.195013 0
    outer loop
      vertex 135.264 119.435 3
      vertex 135.366 118.922 8
      vertex 135.366 118.922 3
    endloop
  endfacet
  facet normal 0.997886 0.0649964 0
    outer loop
      vertex 135.4 118.4 8
      vertex 135.366 118.922 3
      vertex 135.366 118.922 8
    endloop
  endfacet
  facet normal 0.997886 0.0649964 0
    outer loop
      vertex 135.366 118.922 3
      vertex 135.4 118.4 8
      vertex 135.4 118.4 3
    endloop
  endfacet
  facet normal 0.947145 0.320807 0
    outer loop
      vertex 135.264 119.435 8
      vertex 135.096 119.931 3
      vertex 135.096 119.931 8
    endloop
  endfacet
  facet normal 0.947145 0.320807 0
    outer loop
      vertex 135.096 119.931 3
      vertex 135.264 119.435 8
      vertex 135.264 119.435 3
    endloop
  endfacet
  facet normal 0.320807 0.947145 -0
    outer loop
      vertex 132.931 122.096 3
      vertex 132.435 122.264 8
      vertex 132.931 122.096 8
    endloop
  endfacet
  facet normal 0.320807 0.947145 0
    outer loop
      vertex 132.435 122.264 8
      vertex 132.931 122.096 3
      vertex 132.435 122.264 3
    endloop
  endfacet
  facet normal 0.659722 -0.75151 0
    outer loop
      vertex 133.835 115.227 3
      vertex 134.228 115.572 8
      vertex 133.835 115.227 8
    endloop
  endfacet
  facet normal 0.659722 -0.75151 0
    outer loop
      vertex 134.228 115.572 8
      vertex 133.835 115.227 3
      vertex 134.228 115.572 3
    endloop
  endfacet
  facet normal 0 0 -1
    outer loop
      vertex 39.6 173.8 0
      vertex 13.1812 188.713 0
      vertex 13.2 189 0
    endloop
  endfacet
  facet normal 0 0 -1
    outer loop
      vertex 39.6 173.8 0
      vertex 13.125 188.431 0
      vertex 13.1812 188.713 0
    endloop
  endfacet
  facet normal 0 0 -1
    outer loop
      vertex 39.6 173.8 0
      vertex 13.0325 188.158 0
      vertex 13.125 188.431 0
    endloop
  endfacet
  facet normal 0 0 -1
    outer loop
      vertex 39.6 173.8 0
      vertex 12.9053 187.9 0
      vertex 13.0325 188.158 0
    endloop
  endfacet
  facet normal 0 0 -1
    outer loop
      vertex 39.6 173.8 0
      vertex 12.7454 187.661 0
      vertex 12.9053 187.9 0
    endloop
  endfacet
  facet normal 0 0 -1
    outer loop
      vertex 39.6 173.8 0
      vertex 12.5556 187.444 0
      vertex 12.7454 187.661 0
    endloop
  endfacet
  facet normal 0 0 -1
    outer loop
      vertex 39.6 173.8 0
      vertex 12.3393 187.255 0
      vertex 12.5556 187.444 0
    endloop
  endfacet
  facet normal 0 0 -1
    outer loop
      vertex 35.5 162.5 0
      vertex 12.1 187.095 0
      vertex 12.3393 187.255 0
    endloop
  endfacet
  facet normal 0 0 -1
    outer loop
      vertex 6.5 162.5 0
      vertex 12.1 187.095 0
      vertex 35.5 162.5 0
    endloop
  endfacet
  facet normal 0 0 -1
    outer loop
      vertex 12.1 187.095 0
      vertex 6.5 162.5 0
      vertex 11.8419 186.967 0
    endloop
  endfacet
  facet normal 0 0 -1
    outer loop
      vertex 11.8419 186.967 0
      vertex 6.5 162.5 0
      vertex 11.5694 186.875 0
    endloop
  endfacet
  facet normal 0 0 -1
    outer loop
      vertex 11.5694 186.875 0
      vertex 6.5 162.5 0
      vertex 11.2872 186.819 0
    endloop
  endfacet
  facet normal 0 0 -1
    outer loop
      vertex 11.2872 186.819 0
      vertex 6.5 162.5 0
      vertex 11 186.8 0
    endloop
  endfacet
  facet normal -0 0 -1
    outer loop
      vertex 11 186.8 0
      vertex 6.5 162.5 0
      vertex 10.7128 186.819 0
    endloop
  endfacet
  facet normal -0 0 -1
    outer loop
      vertex 10.7128 186.819 0
      vertex 6.5 162.5 0
      vertex 10.4306 186.875 0
    endloop
  endfacet
  facet normal -0 0 -1
    outer loop
      vertex 10.4306 186.875 0
      vertex 6.5 162.5 0
      vertex 10.1581 186.967 0
    endloop
  endfacet
  facet normal -0 0 -1
    outer loop
      vertex 10.1581 186.967 0
      vertex 6.5 162.5 0
      vertex 9.9 187.095 0
    endloop
  endfacet
  facet normal -0 0 -1
    outer loop
      vertex 9.9 187.095 0
      vertex 6.5 162.5 0
      vertex 9.66072 187.255 0
    endloop
  endfacet
  facet normal 0 0 -1
    outer loop
      vertex 3 192 0
      vertex 8.8 189 0
      vertex 8.81882 188.713 0
    endloop
  endfacet
  facet normal 0 0 -1
    outer loop
      vertex 3 192 0
      vertex 8.81882 188.713 0
      vertex 8.87496 188.431 0
    endloop
  endfacet
  facet normal -0 0 -1
    outer loop
      vertex 9.66072 187.255 0
      vertex 6.5 162.5 0
      vertex 9.44436 187.444 0
    endloop
  endfacet
  facet normal 0 0 -1
    outer loop
      vertex 6.5 162.5 0
      vertex 9.25462 187.661 0
      vertex 9.44436 187.444 0
    endloop
  endfacet
  facet normal 0 0 -1
    outer loop
      vertex 3 192 0
      vertex 9.25462 187.661 0
      vertex 6.5 162.5 0
    endloop
  endfacet
  facet normal 0 0 -1
    outer loop
      vertex 9.25462 187.661 0
      vertex 3 192 0
      vertex 9.09474 187.9 0
    endloop
  endfacet
  facet normal 0 0 -1
    outer loop
      vertex 9.09474 187.9 0
      vertex 3 192 0
      vertex 8.96746 188.158 0
    endloop
  endfacet
  facet normal 0 0 -1
    outer loop
      vertex 8.96746 188.158 0
      vertex 3 192 0
      vertex 8.87496 188.431 0
    endloop
  endfacet
  facet normal 0 -0 -1
    outer loop
      vertex 3.03422 192.522 0
      vertex 8.8 189 0
      vertex 3 192 0
    endloop
  endfacet
  facet normal -0 0 -1
    outer loop
      vertex 6.5 133.5 0
      vertex 3 108 0
      vertex 6.5 162.5 0
    endloop
  endfacet
  facet normal 0 0 -1
    outer loop
      vertex 3 108 0
      vertex 6.47789 104.034 0
      vertex 5.96472 104.136 0
    endloop
  endfacet
  facet normal 0 0 -1
    outer loop
      vertex 3 192 0
      vertex 6.5 162.5 0
      vertex 3 108 0
    endloop
  endfacet
  facet normal 0 0 -1
    outer loop
      vertex 3 108 0
      vertex 5.96472 104.136 0
      vertex 5.46927 104.304 0
    endloop
  endfacet
  facet normal 0 0 -1
    outer loop
      vertex 8.8 189 0
      vertex 6.47789 195.966 0
      vertex 7 196 0
    endloop
  endfacet
  facet normal 0 0 -1
    outer loop
      vertex 3 108 0
      vertex 5.46927 104.304 0
      vertex 5 104.536 0
    endloop
  endfacet
  facet normal 0 0 -1
    outer loop
      vertex 8.8 189 0
      vertex 5.96472 195.864 0
      vertex 6.47789 195.966 0
    endloop
  endfacet
  facet normal 0 0 -1
    outer loop
      vertex 3 108 0
      vertex 5 104.536 0
      vertex 4.56495 104.827 0
    endloop
  endfacet
  facet normal 0 0 -1
    outer loop
      vertex 8.8 189 0
      vertex 5.46927 195.696 0
      vertex 5.96472 195.864 0
    endloop
  endfacet
  facet normal 0 0 -1
    outer loop
      vertex 3 108 0
      vertex 4.56495 104.827 0
      vertex 4.17157 105.172 0
    endloop
  endfacet
  facet normal 0 0 -1
    outer loop
      vertex 8.8 189 0
      vertex 5 195.464 0
      vertex 5.46927 195.696 0
    endloop
  endfacet
  facet normal 0 0 -1
    outer loop
      vertex 3 108 0
      vertex 4.17157 105.172 0
      vertex 3.82659 105.565 0
    endloop
  endfacet
  facet normal 0 0 -1
    outer loop
      vertex 8.8 189 0
      vertex 4.56495 195.173 0
      vertex 5 195.464 0
    endloop
  endfacet
  facet normal 0 0 -1
    outer loop
      vertex 3 108 0
      vertex 3.82659 105.565 0
      vertex 3.5359 106 0
    endloop
  endfacet
  facet normal 0 0 -1
    outer loop
      vertex 8.8 189 0
      vertex 4.17157 194.828 0
      vertex 4.56495 195.173 0
    endloop
  endfacet
  facet normal 0 0 -1
    outer loop
      vertex 3 108 0
      vertex 3.5359 106 0
      vertex 3.30448 106.469 0
    endloop
  endfacet
  facet normal 0 0 -1
    outer loop
      vertex 8.8 189 0
      vertex 3.82659 194.435 0
      vertex 4.17157 194.828 0
    endloop
  endfacet
  facet normal 0 0 -1
    outer loop
      vertex 3 108 0
      vertex 3.30448 106.469 0
      vertex 3.1363 106.965 0
    endloop
  endfacet
  facet normal 0 0 -1
    outer loop
      vertex 8.8 189 0
      vertex 3.5359 194 0
      vertex 3.82659 194.435 0
    endloop
  endfacet
  facet normal 0 0 -1
    outer loop
      vertex 3 108 0
      vertex 3.1363 106.965 0
      vertex 3.03422 107.478 0
    endloop
  endfacet
  facet normal 0 0 -1
    outer loop
      vertex 8.8 189 0
      vertex 3.30448 193.531 0
      vertex 3.5359 194 0
    endloop
  endfacet
  facet normal 0 0 -1
    outer loop
      vertex 8.8 189 0
      vertex 3.1363 193.035 0
      vertex 3.30448 193.531 0
    endloop
  endfacet
  facet normal 0 0 -1
    outer loop
      vertex 8.8 189 0
      vertex 3.03422 192.522 0
      vertex 3.1363 193.035 0
    endloop
  endfacet
  facet normal 0 0 -1
    outer loop
      vertex 11.125 110.569 0
      vertex 39.6 126.2 0
      vertex 11.1812 110.287 0
    endloop
  endfacet
  facet normal 0 0 -1
    outer loop
      vertex 11.0325 110.842 0
      vertex 39.6 126.2 0
      vertex 11.125 110.569 0
    endloop
  endfacet
  facet normal 0 0 -1
    outer loop
      vertex 10.9053 111.1 0
      vertex 39.6 126.2 0
      vertex 11.0325 110.842 0
    endloop
  endfacet
  facet normal 0 0 -1
    outer loop
      vertex 10.7454 111.339 0
      vertex 39.6 126.2 0
      vertex 10.9053 111.1 0
    endloop
  endfacet
  facet normal -0 0 -1
    outer loop
      vertex 39.6 126.2 0
      vertex 10.7454 111.339 0
      vertex 35.5 133.5 0
    endloop
  endfacet
  facet normal 0 0 -1
    outer loop
      vertex 10.5556 111.556 0
      vertex 35.5 133.5 0
      vertex 10.7454 111.339 0
    endloop
  endfacet
  facet normal 0 0 -1
    outer loop
      vertex 10.3393 111.745 0
      vertex 35.5 133.5 0
      vertex 10.5556 111.556 0
    endloop
  endfacet
  facet normal 0 0 -1
    outer loop
      vertex 6.5 133.5 0
      vertex 10.3393 111.745 0
      vertex 10.1 111.905 0
    endloop
  endfacet
  facet normal 0 0 -1
    outer loop
      vertex 6.5 133.5 0
      vertex 10.1 111.905 0
      vertex 9.8419 112.033 0
    endloop
  endfacet
  facet normal 0 0 -1
    outer loop
      vertex 6.5 133.5 0
      vertex 9.8419 112.033 0
      vertex 9.5694 112.125 0
    endloop
  endfacet
  facet normal 0 0 -1
    outer loop
      vertex 6.5 133.5 0
      vertex 9.5694 112.125 0
      vertex 9.28716 112.181 0
    endloop
  endfacet
  facet normal 0 0 -1
    outer loop
      vertex 6.5 133.5 0
      vertex 9.28716 112.181 0
      vertex 9 112.2 0
    endloop
  endfacet
  facet normal 0 0 -1
    outer loop
      vertex 6.5 133.5 0
      vertex 9 112.2 0
      vertex 8.71284 112.181 0
    endloop
  endfacet
  facet normal 0 0 -1
    outer loop
      vertex 6.5 133.5 0
      vertex 8.71284 112.181 0
      vertex 8.4306 112.125 0
    endloop
  endfacet
  facet normal 0 0 -1
    outer loop
      vertex 6.5 133.5 0
      vertex 8.4306 112.125 0
      vertex 8.1581 112.033 0
    endloop
  endfacet
  facet normal 0 0 -1
    outer loop
      vertex 6.5 133.5 0
      vertex 8.1581 112.033 0
      vertex 7.9 111.905 0
    endloop
  endfacet
  facet normal 0 0 -1
    outer loop
      vertex 6.5 133.5 0
      vertex 7.9 111.905 0
      vertex 7.66072 111.745 0
    endloop
  endfacet
  facet normal 0 0 -1
    outer loop
      vertex 10.3393 111.745 0
      vertex 6.5 133.5 0
      vertex 35.5 133.5 0
    endloop
  endfacet
  facet normal 0 0 -1
    outer loop
      vertex 7.44436 111.556 0
      vertex 6.5 133.5 0
      vertex 7.66072 111.745 0
    endloop
  endfacet
  facet normal 0 0 -1
    outer loop
      vertex 7.25462 111.339 0
      vertex 6.5 133.5 0
      vertex 7.44436 111.556 0
    endloop
  endfacet
  facet normal 0 0 -1
    outer loop
      vertex 3 108 0
      vertex 7.25462 111.339 0
      vertex 7.09474 111.1 0
    endloop
  endfacet
  facet normal 0 0 -1
    outer loop
      vertex 3 108 0
      vertex 7.09474 111.1 0
      vertex 6.96746 110.842 0
    endloop
  endfacet
  facet normal 0 0 -1
    outer loop
      vertex 3 108 0
      vertex 6.96746 110.842 0
      vertex 6.87496 110.569 0
    endloop
  endfacet
  facet normal 0 0 -1
    outer loop
      vertex 3 108 0
      vertex 6.87496 110.569 0
      vertex 6.81882 110.287 0
    endloop
  endfacet
  facet normal 0 0 -1
    outer loop
      vertex 3 108 0
      vertex 6.81882 110.287 0
      vertex 6.8 110 0
    endloop
  endfacet
  facet normal 0 0 -1
    outer loop
      vertex 146.905 108.9 0
      vertex 151 108 0
      vertex 150.966 107.478 0
    endloop
  endfacet
  facet normal 0 0 -1
    outer loop
      vertex 151 108 0
      vertex 147.5 162.5 0
      vertex 151 192 0
    endloop
  endfacet
  facet normal 0 0 -1
    outer loop
      vertex 146.905 108.9 0
      vertex 150.966 107.478 0
      vertex 150.864 106.965 0
    endloop
  endfacet
  facet normal 0 0 -1
    outer loop
      vertex 144.745 187.661 0
      vertex 151 192 0
      vertex 147.5 162.5 0
    endloop
  endfacet
  facet normal 0 0 -1
    outer loop
      vertex 146.745 108.661 0
      vertex 150.864 106.965 0
      vertex 150.696 106.469 0
    endloop
  endfacet
  facet normal 0 -0 -1
    outer loop
      vertex 144.905 187.9 0
      vertex 151 192 0
      vertex 144.745 187.661 0
    endloop
  endfacet
  facet normal 0 0 -1
    outer loop
      vertex 146.745 108.661 0
      vertex 150.696 106.469 0
      vertex 150.464 106 0
    endloop
  endfacet
  facet normal 0 -0 -1
    outer loop
      vertex 145.033 188.158 0
      vertex 151 192 0
      vertex 144.905 187.9 0
    endloop
  endfacet
  facet normal 0 0 -1
    outer loop
      vertex 146.745 108.661 0
      vertex 150.464 106 0
      vertex 150.173 105.565 0
    endloop
  endfacet
  facet normal 0 -0 -1
    outer loop
      vertex 145.181 188.713 0
      vertex 151 192 0
      vertex 145.125 188.431 0
    endloop
  endfacet
  facet normal 0 0 -1
    outer loop
      vertex 146.556 108.444 0
      vertex 150.173 105.565 0
      vertex 149.828 105.172 0
    endloop
  endfacet
  facet normal 0 -0 -1
    outer loop
      vertex 145.2 189 0
      vertex 151 192 0
      vertex 145.181 188.713 0
    endloop
  endfacet
  facet normal 0 0 -1
    outer loop
      vertex 146.556 108.444 0
      vertex 149.828 105.172 0
      vertex 149.435 104.827 0
    endloop
  endfacet
  facet normal 0 0 -1
    outer loop
      vertex 151 108 0
      vertex 147.5 133.5 0
      vertex 147.5 162.5 0
    endloop
  endfacet
  facet normal 0 0 -1
    outer loop
      vertex 146.339 108.255 0
      vertex 149.435 104.827 0
      vertex 149 104.536 0
    endloop
  endfacet
  facet normal 0 0 -1
    outer loop
      vertex 145.181 189.287 0
      vertex 151 192 0
      vertex 145.2 189 0
    endloop
  endfacet
  facet normal 0 0 -1
    outer loop
      vertex 146.339 108.255 0
      vertex 149 104.536 0
      vertex 148.531 104.304 0
    endloop
  endfacet
  facet normal 0 0 -1
    outer loop
      vertex 145.033 189.842 0
      vertex 151 192 0
      vertex 145.125 189.569 0
    endloop
  endfacet
  facet normal 0 0 -1
    outer loop
      vertex 146.339 108.255 0
      vertex 148.531 104.304 0
      vertex 148.035 104.136 0
    endloop
  endfacet
  facet normal 0 0 -1
    outer loop
      vertex 144.905 190.1 0
      vertex 151 192 0
      vertex 145.033 189.842 0
    endloop
  endfacet
  facet normal 0 0 -1
    outer loop
      vertex 146.1 108.095 0
      vertex 148.035 104.136 0
      vertex 147.522 104.034 0
    endloop
  endfacet
  facet normal -0 0 -1
    outer loop
      vertex 151 192 0
      vertex 144.905 190.1 0
      vertex 150.966 192.522 0
    endloop
  endfacet
  facet normal 0 0 -1
    outer loop
      vertex 144.745 190.339 0
      vertex 150.864 193.035 0
      vertex 144.905 190.1 0
    endloop
  endfacet
  facet normal 0 0 -1
    outer loop
      vertex 151 108 0
      vertex 147.2 110 0
      vertex 147.181 110.287 0
    endloop
  endfacet
  facet normal 0 0 -1
    outer loop
      vertex 151 108 0
      vertex 147.181 109.713 0
      vertex 147.2 110 0
    endloop
  endfacet
  facet normal 0 0 -1
    outer loop
      vertex 151 108 0
      vertex 147.125 109.431 0
      vertex 147.181 109.713 0
    endloop
  endfacet
  facet normal 0 0 -1
    outer loop
      vertex 151 108 0
      vertex 147.033 109.158 0
      vertex 147.125 109.431 0
    endloop
  endfacet
  facet normal 0 0 -1
    outer loop
      vertex 146.1 108.095 0
      vertex 147.522 104.034 0
      vertex 147 104 0
    endloop
  endfacet
  facet normal 0 0 -1
    outer loop
      vertex 151 108 0
      vertex 146.905 108.9 0
      vertex 147.033 109.158 0
    endloop
  endfacet
  facet normal 0 0 -1
    outer loop
      vertex 150.864 106.965 0
      vertex 146.745 108.661 0
      vertex 146.905 108.9 0
    endloop
  endfacet
  facet normal 0 0 -1
    outer loop
      vertex 150.173 105.565 0
      vertex 146.556 108.444 0
      vertex 146.745 108.661 0
    endloop
  endfacet
  facet normal 0 0 -1
    outer loop
      vertex 149.435 104.827 0
      vertex 146.339 108.255 0
      vertex 146.556 108.444 0
    endloop
  endfacet
  facet normal 0 0 -1
    outer loop
      vertex 148.035 104.136 0
      vertex 146.1 108.095 0
      vertex 146.339 108.255 0
    endloop
  endfacet
  facet normal 0 0 -1
    outer loop
      vertex 147 104 0
      vertex 145.842 107.967 0
      vertex 146.1 108.095 0
    endloop
  endfacet
  facet normal 0 0 -1
    outer loop
      vertex 147 104 0
      vertex 145.569 107.875 0
      vertex 145.842 107.967 0
    endloop
  endfacet
  facet normal 0 0 -1
    outer loop
      vertex 147 104 0
      vertex 145.287 107.819 0
      vertex 145.569 107.875 0
    endloop
  endfacet
  facet normal 0 0 -1
    outer loop
      vertex 147 104 0
      vertex 145 107.8 0
      vertex 145.287 107.819 0
    endloop
  endfacet
  facet normal 0 0 -1
    outer loop
      vertex 147 104 0
      vertex 144.713 107.819 0
      vertex 145 107.8 0
    endloop
  endfacet
  facet normal 0 0 -1
    outer loop
      vertex 147 104 0
      vertex 144.431 107.875 0
      vertex 144.713 107.819 0
    endloop
  endfacet
  facet normal 0 0 -1
    outer loop
      vertex 147 104 0
      vertex 144.158 107.967 0
      vertex 144.431 107.875 0
    endloop
  endfacet
  facet normal 0 0 -1
    outer loop
      vertex 147 104 0
      vertex 143.9 108.095 0
      vertex 144.158 107.967 0
    endloop
  endfacet
  facet normal 0 0 -1
    outer loop
      vertex 147 104 0
      vertex 143.661 108.255 0
      vertex 143.9 108.095 0
    endloop
  endfacet
  facet normal 0 0 -1
    outer loop
      vertex 147 104 0
      vertex 143.444 108.444 0
      vertex 143.661 108.255 0
    endloop
  endfacet
  facet normal 0 0 -1
    outer loop
      vertex 147 104 0
      vertex 143.255 108.661 0
      vertex 143.444 108.444 0
    endloop
  endfacet
  facet normal 0 0 -1
    outer loop
      vertex 114.4 126.2 0
      vertex 142.8 110 0
      vertex 142.819 109.713 0
    endloop
  endfacet
  facet normal 0 0 -1
    outer loop
      vertex 114.4 126.2 0
      vertex 142.819 109.713 0
      vertex 142.875 109.431 0
    endloop
  endfacet
  facet normal 0 0 -1
    outer loop
      vertex 114.4 126.2 0
      vertex 142.875 109.431 0
      vertex 142.967 109.158 0
    endloop
  endfacet
  facet normal 0 0 -1
    outer loop
      vertex 114.4 126.2 0
      vertex 142.967 109.158 0
      vertex 143.095 108.9 0
    endloop
  endfacet
  facet normal 0 0 -1
    outer loop
      vertex 114.4 126.2 0
      vertex 143.095 108.9 0
      vertex 143.255 108.661 0
    endloop
  endfacet
  facet normal 0 0 -1
    outer loop
      vertex 114.4 126.2 0
      vertex 143.255 108.661 0
      vertex 147 104 0
    endloop
  endfacet
  facet normal -0 0 -1
    outer loop
      vertex 118.5 133.5 0
      vertex 114.4 126.2 0
      vertex 118.5 162.5 0
    endloop
  endfacet
  facet normal 0 0 -1
    outer loop
      vertex 142.8 110 0
      vertex 114.4 126.2 0
      vertex 118.5 133.5 0
    endloop
  endfacet
  facet normal 0 0 -1
    outer loop
      vertex 147 104 0
      vertex 39.6 126.2 0
      vertex 114.4 126.2 0
    endloop
  endfacet
  facet normal 0 0 -1
    outer loop
      vertex 35.5 162.5 0
      vertex 39.6 126.2 0
      vertex 35.5 133.5 0
    endloop
  endfacet
  facet normal 0 0 -1
    outer loop
      vertex 11.1812 110.287 0
      vertex 39.6 126.2 0
      vertex 11.2 110 0
    endloop
  endfacet
  facet normal 0 0 -1
    outer loop
      vertex 7 104 0
      vertex 39.6 126.2 0
      vertex 147 104 0
    endloop
  endfacet
  facet normal 0 0 -1
    outer loop
      vertex 39.6 126.2 0
      vertex 11.1812 109.713 0
      vertex 11.2 110 0
    endloop
  endfacet
  facet normal 0 0 -1
    outer loop
      vertex 39.6 126.2 0
      vertex 11.125 109.431 0
      vertex 11.1812 109.713 0
    endloop
  endfacet
  facet normal 0 0 -1
    outer loop
      vertex 39.6 126.2 0
      vertex 11.0325 109.158 0
      vertex 11.125 109.431 0
    endloop
  endfacet
  facet normal 0 0 -1
    outer loop
      vertex 39.6 126.2 0
      vertex 10.9053 108.9 0
      vertex 11.0325 109.158 0
    endloop
  endfacet
  facet normal 0 0 -1
    outer loop
      vertex 39.6 126.2 0
      vertex 10.7454 108.661 0
      vertex 10.9053 108.9 0
    endloop
  endfacet
  facet normal 0 0 -1
    outer loop
      vertex 39.6 126.2 0
      vertex 7 104 0
      vertex 10.7454 108.661 0
    endloop
  endfacet
  facet normal 0 0 -1
    outer loop
      vertex 10.7454 108.661 0
      vertex 7 104 0
      vertex 10.5556 108.444 0
    endloop
  endfacet
  facet normal 0 0 -1
    outer loop
      vertex 10.5556 108.444 0
      vertex 7 104 0
      vertex 10.3393 108.255 0
    endloop
  endfacet
  facet normal 0 0 -1
    outer loop
      vertex 10.3393 108.255 0
      vertex 7 104 0
      vertex 10.1 108.095 0
    endloop
  endfacet
  facet normal 0 0 -1
    outer loop
      vertex 10.1 108.095 0
      vertex 7 104 0
      vertex 9.8419 107.967 0
    endloop
  endfacet
  facet normal 0 0 -1
    outer loop
      vertex 9.8419 107.967 0
      vertex 7 104 0
      vertex 9.5694 107.875 0
    endloop
  endfacet
  facet normal 0 0 -1
    outer loop
      vertex 9.5694 107.875 0
      vertex 7 104 0
      vertex 9.28716 107.819 0
    endloop
  endfacet
  facet normal 0 0 -1
    outer loop
      vertex 9.28716 107.819 0
      vertex 7 104 0
      vertex 9 107.8 0
    endloop
  endfacet
  facet normal 0 0 -1
    outer loop
      vertex 7 104 0
      vertex 8.71284 107.819 0
      vertex 9 107.8 0
    endloop
  endfacet
  facet normal 0 0 -1
    outer loop
      vertex 7 104 0
      vertex 8.4306 107.875 0
      vertex 8.71284 107.819 0
    endloop
  endfacet
  facet normal 0 0 -1
    outer loop
      vertex 7 104 0
      vertex 8.1581 107.967 0
      vertex 8.4306 107.875 0
    endloop
  endfacet
  facet normal 0 0 -1
    outer loop
      vertex 7 104 0
      vertex 7.9 108.095 0
      vertex 8.1581 107.967 0
    endloop
  endfacet
  facet normal 0 0 -1
    outer loop
      vertex 6.47789 104.034 0
      vertex 7.9 108.095 0
      vertex 7 104 0
    endloop
  endfacet
  facet normal -0 0 -1
    outer loop
      vertex 7.9 108.095 0
      vertex 6.47789 104.034 0
      vertex 7.66072 108.255 0
    endloop
  endfacet
  facet normal -0 0 -1
    outer loop
      vertex 7.66072 108.255 0
      vertex 6.47789 104.034 0
      vertex 7.44436 108.444 0
    endloop
  endfacet
  facet normal 0 0 -1
    outer loop
      vertex 3 108 0
      vertex 7.44436 108.444 0
      vertex 6.47789 104.034 0
    endloop
  endfacet
  facet normal -0 0 -1
    outer loop
      vertex 7.44436 108.444 0
      vertex 3 108 0
      vertex 7.25462 108.661 0
    endloop
  endfacet
  facet normal -0 0 -1
    outer loop
      vertex 7.25462 108.661 0
      vertex 3 108 0
      vertex 7.09474 108.9 0
    endloop
  endfacet
  facet normal -0 0 -1
    outer loop
      vertex 7.09474 108.9 0
      vertex 3 108 0
      vertex 6.96746 109.158 0
    endloop
  endfacet
  facet normal -0 0 -1
    outer loop
      vertex 6.96746 109.158 0
      vertex 3 108 0
      vertex 6.87496 109.431 0
    endloop
  endfacet
  facet normal -0 0 -1
    outer loop
      vertex 7.25462 111.339 0
      vertex 3 108 0
      vertex 6.5 133.5 0
    endloop
  endfacet
  facet normal -0 0 -1
    outer loop
      vertex 6.81882 109.713 0
      vertex 3 108 0
      vertex 6.8 110 0
    endloop
  endfacet
  facet normal -0 0 -1
    outer loop
      vertex 6.87496 109.431 0
      vertex 3 108 0
      vertex 6.81882 109.713 0
    endloop
  endfacet
  facet normal -0 0 -1
    outer loop
      vertex 150.864 193.035 0
      vertex 144.745 190.339 0
      vertex 150.696 193.531 0
    endloop
  endfacet
  facet normal -0 0 -1
    outer loop
      vertex 150.696 193.531 0
      vertex 144.745 190.339 0
      vertex 150.464 194 0
    endloop
  endfacet
  facet normal -0 0 -1
    outer loop
      vertex 150.173 194.435 0
      vertex 144.745 190.339 0
      vertex 149.828 194.828 0
    endloop
  endfacet
  facet normal -0 0 -1
    outer loop
      vertex 149.828 194.828 0
      vertex 144.745 190.339 0
      vertex 149.435 195.173 0
    endloop
  endfacet
  facet normal -0 0 -1
    outer loop
      vertex 150.464 194 0
      vertex 144.745 190.339 0
      vertex 150.173 194.435 0
    endloop
  endfacet
  facet normal -0 0 -1
    outer loop
      vertex 150.966 192.522 0
      vertex 144.905 190.1 0
      vertex 150.864 193.035 0
    endloop
  endfacet
  facet normal 0 0 -1
    outer loop
      vertex 145.125 189.569 0
      vertex 151 192 0
      vertex 145.181 189.287 0
    endloop
  endfacet
  facet normal 0 -0 -1
    outer loop
      vertex 145.125 188.431 0
      vertex 151 192 0
      vertex 145.033 188.158 0
    endloop
  endfacet
  facet normal 0 0 -1
    outer loop
      vertex 147.5 162.5 0
      vertex 144.556 187.444 0
      vertex 144.745 187.661 0
    endloop
  endfacet
  facet normal 0 0 -1
    outer loop
      vertex 147.5 162.5 0
      vertex 144.339 187.255 0
      vertex 144.556 187.444 0
    endloop
  endfacet
  facet normal 0 0 -1
    outer loop
      vertex 147.5 162.5 0
      vertex 144.1 187.095 0
      vertex 144.339 187.255 0
    endloop
  endfacet
  facet normal 0 0 -1
    outer loop
      vertex 147.5 162.5 0
      vertex 143.842 186.967 0
      vertex 144.1 187.095 0
    endloop
  endfacet
  facet normal 0 0 -1
    outer loop
      vertex 147.5 162.5 0
      vertex 143.569 186.875 0
      vertex 143.842 186.967 0
    endloop
  endfacet
  facet normal 0 0 -1
    outer loop
      vertex 147.5 162.5 0
      vertex 143.287 186.819 0
      vertex 143.569 186.875 0
    endloop
  endfacet
  facet normal 0 0 -1
    outer loop
      vertex 147.5 162.5 0
      vertex 143 186.8 0
      vertex 143.287 186.819 0
    endloop
  endfacet
  facet normal 0 0 -1
    outer loop
      vertex 147.5 162.5 0
      vertex 142.713 186.819 0
      vertex 143 186.8 0
    endloop
  endfacet
  facet normal 0 0 -1
    outer loop
      vertex 147.5 162.5 0
      vertex 142.431 186.875 0
      vertex 142.713 186.819 0
    endloop
  endfacet
  facet normal 0 0 -1
    outer loop
      vertex 147.5 162.5 0
      vertex 142.158 186.967 0
      vertex 142.431 186.875 0
    endloop
  endfacet
  facet normal 0 0 -1
    outer loop
      vertex 147.5 162.5 0
      vertex 141.9 187.095 0
      vertex 142.158 186.967 0
    endloop
  endfacet
  facet normal 0 0 -1
    outer loop
      vertex 118.5 162.5 0
      vertex 141.9 187.095 0
      vertex 147.5 162.5 0
    endloop
  endfacet
  facet normal -0 0 -1
    outer loop
      vertex 141.9 187.095 0
      vertex 118.5 162.5 0
      vertex 141.661 187.255 0
    endloop
  endfacet
  facet normal 0 0 -1
    outer loop
      vertex 114.4 173.8 0
      vertex 141.661 187.255 0
      vertex 118.5 162.5 0
    endloop
  endfacet
  facet normal -0 0 -1
    outer loop
      vertex 141.661 187.255 0
      vertex 114.4 173.8 0
      vertex 141.444 187.444 0
    endloop
  endfacet
  facet normal -0 0 -1
    outer loop
      vertex 141.444 187.444 0
      vertex 114.4 173.8 0
      vertex 141.255 187.661 0
    endloop
  endfacet
  facet normal -0 0 -1
    outer loop
      vertex 141.255 187.661 0
      vertex 114.4 173.8 0
      vertex 141.095 187.9 0
    endloop
  endfacet
  facet normal -0 0 -1
    outer loop
      vertex 140.875 188.431 0
      vertex 114.4 173.8 0
      vertex 140.819 188.713 0
    endloop
  endfacet
  facet normal -0 0 -1
    outer loop
      vertex 140.967 188.158 0
      vertex 114.4 173.8 0
      vertex 140.875 188.431 0
    endloop
  endfacet
  facet normal -0 0 -1
    outer loop
      vertex 141.095 187.9 0
      vertex 114.4 173.8 0
      vertex 140.967 188.158 0
    endloop
  endfacet
  facet normal 0 0 -1
    outer loop
      vertex 151 108 0
      vertex 147.181 110.287 0
      vertex 147.125 110.569 0
    endloop
  endfacet
  facet normal 0 0 -1
    outer loop
      vertex 151 108 0
      vertex 147.125 110.569 0
      vertex 147.033 110.842 0
    endloop
  endfacet
  facet normal 0 0 -1
    outer loop
      vertex 151 108 0
      vertex 147.033 110.842 0
      vertex 146.905 111.1 0
    endloop
  endfacet
  facet normal 0 0 -1
    outer loop
      vertex 151 108 0
      vertex 146.905 111.1 0
      vertex 146.745 111.339 0
    endloop
  endfacet
  facet normal 0 0 -1
    outer loop
      vertex 151 108 0
      vertex 146.745 111.339 0
      vertex 147.5 133.5 0
    endloop
  endfacet
  facet normal 0 0 -1
    outer loop
      vertex 146.556 111.556 0
      vertex 147.5 133.5 0
      vertex 146.745 111.339 0
    endloop
  endfacet
  facet normal 0 0 -1
    outer loop
      vertex 146.339 111.745 0
      vertex 147.5 133.5 0
      vertex 146.556 111.556 0
    endloop
  endfacet
  facet normal 0 0 -1
    outer loop
      vertex 146.1 111.905 0
      vertex 147.5 133.5 0
      vertex 146.339 111.745 0
    endloop
  endfacet
  facet normal 0 0 -1
    outer loop
      vertex 145.842 112.033 0
      vertex 147.5 133.5 0
      vertex 146.1 111.905 0
    endloop
  endfacet
  facet normal 0 0 -1
    outer loop
      vertex 145.569 112.125 0
      vertex 147.5 133.5 0
      vertex 145.842 112.033 0
    endloop
  endfacet
  facet normal 0 0 -1
    outer loop
      vertex 145.287 112.181 0
      vertex 147.5 133.5 0
      vertex 145.569 112.125 0
    endloop
  endfacet
  facet normal 0 0 -1
    outer loop
      vertex 145 112.2 0
      vertex 147.5 133.5 0
      vertex 145.287 112.181 0
    endloop
  endfacet
  facet normal 0 0 -1
    outer loop
      vertex 144.713 112.181 0
      vertex 147.5 133.5 0
      vertex 145 112.2 0
    endloop
  endfacet
  facet normal 0 0 -1
    outer loop
      vertex 144.431 112.125 0
      vertex 147.5 133.5 0
      vertex 144.713 112.181 0
    endloop
  endfacet
  facet normal 0 0 -1
    outer loop
      vertex 144.158 112.033 0
      vertex 147.5 133.5 0
      vertex 144.431 112.125 0
    endloop
  endfacet
  facet normal 0 0 -1
    outer loop
      vertex 143.9 111.905 0
      vertex 147.5 133.5 0
      vertex 144.158 112.033 0
    endloop
  endfacet
  facet normal 0 0 -1
    outer loop
      vertex 143.661 111.745 0
      vertex 147.5 133.5 0
      vertex 143.9 111.905 0
    endloop
  endfacet
  facet normal 0 0 -1
    outer loop
      vertex 118.5 133.5 0
      vertex 143.661 111.745 0
      vertex 143.444 111.556 0
    endloop
  endfacet
  facet normal 0 0 -1
    outer loop
      vertex 118.5 133.5 0
      vertex 143.444 111.556 0
      vertex 143.255 111.339 0
    endloop
  endfacet
  facet normal 0 0 -1
    outer loop
      vertex 118.5 133.5 0
      vertex 143.255 111.339 0
      vertex 143.095 111.1 0
    endloop
  endfacet
  facet normal 0 0 -1
    outer loop
      vertex 118.5 133.5 0
      vertex 143.095 111.1 0
      vertex 142.967 110.842 0
    endloop
  endfacet
  facet normal 0 0 -1
    outer loop
      vertex 118.5 133.5 0
      vertex 142.967 110.842 0
      vertex 142.875 110.569 0
    endloop
  endfacet
  facet normal 0 0 -1
    outer loop
      vertex 143.661 111.745 0
      vertex 118.5 133.5 0
      vertex 147.5 133.5 0
    endloop
  endfacet
  facet normal 0 0 -1
    outer loop
      vertex 142.819 110.287 0
      vertex 118.5 133.5 0
      vertex 142.875 110.569 0
    endloop
  endfacet
  facet normal 0 0 -1
    outer loop
      vertex 118.5 133.5 0
      vertex 142.819 110.287 0
      vertex 142.8 110 0
    endloop
  endfacet
  facet normal -0 0 -1
    outer loop
      vertex 149.435 195.173 0
      vertex 144.745 190.339 0
      vertex 149 195.464 0
    endloop
  endfacet
  facet normal -0 0 -1
    outer loop
      vertex 149 195.464 0
      vertex 144.745 190.339 0
      vertex 148.531 195.696 0
    endloop
  endfacet
  facet normal -0 0 -1
    outer loop
      vertex 148.531 195.696 0
      vertex 144.745 190.339 0
      vertex 148.035 195.864 0
    endloop
  endfacet
  facet normal -0 0 -1
    outer loop
      vertex 148.035 195.864 0
      vertex 144.745 190.339 0
      vertex 147.522 195.966 0
    endloop
  endfacet
  facet normal 0 0 -1
    outer loop
      vertex 144.556 190.556 0
      vertex 147.522 195.966 0
      vertex 144.745 190.339 0
    endloop
  endfacet
  facet normal -0 0 -1
    outer loop
      vertex 147.522 195.966 0
      vertex 144.556 190.556 0
      vertex 147 196 0
    endloop
  endfacet
  facet normal 0 0 -1
    outer loop
      vertex 144.339 190.745 0
      vertex 147 196 0
      vertex 144.556 190.556 0
    endloop
  endfacet
  facet normal 0 0 -1
    outer loop
      vertex 144.1 190.905 0
      vertex 147 196 0
      vertex 144.339 190.745 0
    endloop
  endfacet
  facet normal 0 0 -1
    outer loop
      vertex 143.842 191.033 0
      vertex 147 196 0
      vertex 144.1 190.905 0
    endloop
  endfacet
  facet normal 0 0 -1
    outer loop
      vertex 143.569 191.125 0
      vertex 147 196 0
      vertex 143.842 191.033 0
    endloop
  endfacet
  facet normal 0 0 -1
    outer loop
      vertex 143.287 191.181 0
      vertex 147 196 0
      vertex 143.569 191.125 0
    endloop
  endfacet
  facet normal 0 0 -1
    outer loop
      vertex 143 191.2 0
      vertex 147 196 0
      vertex 143.287 191.181 0
    endloop
  endfacet
  facet normal 0 0 -1
    outer loop
      vertex 142.713 191.181 0
      vertex 147 196 0
      vertex 143 191.2 0
    endloop
  endfacet
  facet normal 0 0 -1
    outer loop
      vertex 142.431 191.125 0
      vertex 147 196 0
      vertex 142.713 191.181 0
    endloop
  endfacet
  facet normal 0 0 -1
    outer loop
      vertex 142.158 191.033 0
      vertex 147 196 0
      vertex 142.431 191.125 0
    endloop
  endfacet
  facet normal 0 0 -1
    outer loop
      vertex 141.9 190.905 0
      vertex 147 196 0
      vertex 142.158 191.033 0
    endloop
  endfacet
  facet normal 0 0 -1
    outer loop
      vertex 141.661 190.745 0
      vertex 147 196 0
      vertex 141.9 190.905 0
    endloop
  endfacet
  facet normal 0 0 -1
    outer loop
      vertex 141.444 190.556 0
      vertex 147 196 0
      vertex 141.661 190.745 0
    endloop
  endfacet
  facet normal -0 0 -1
    outer loop
      vertex 140.819 188.713 0
      vertex 114.4 173.8 0
      vertex 140.8 189 0
    endloop
  endfacet
  facet normal -0 0 -1
    outer loop
      vertex 140.8 189 0
      vertex 114.4 173.8 0
      vertex 140.819 189.287 0
    endloop
  endfacet
  facet normal -0 0 -1
    outer loop
      vertex 140.819 189.287 0
      vertex 114.4 173.8 0
      vertex 140.875 189.569 0
    endloop
  endfacet
  facet normal -0 0 -1
    outer loop
      vertex 140.875 189.569 0
      vertex 114.4 173.8 0
      vertex 140.967 189.842 0
    endloop
  endfacet
  facet normal -0 0 -1
    outer loop
      vertex 140.967 189.842 0
      vertex 114.4 173.8 0
      vertex 141.095 190.1 0
    endloop
  endfacet
  facet normal 0 0 -1
    outer loop
      vertex 114.4 173.8 0
      vertex 118.5 162.5 0
      vertex 114.4 126.2 0
    endloop
  endfacet
  facet normal -0 0 -1
    outer loop
      vertex 141.095 190.1 0
      vertex 114.4 173.8 0
      vertex 141.255 190.339 0
    endloop
  endfacet
  facet normal 0 0 -1
    outer loop
      vertex 114.4 173.8 0
      vertex 141.444 190.556 0
      vertex 141.255 190.339 0
    endloop
  endfacet
  facet normal 0 0 -1
    outer loop
      vertex 114.4 173.8 0
      vertex 147 196 0
      vertex 141.444 190.556 0
    endloop
  endfacet
  facet normal 0 0 -1
    outer loop
      vertex 39.6 173.8 0
      vertex 147 196 0
      vertex 114.4 173.8 0
    endloop
  endfacet
  facet normal 0 0 -1
    outer loop
      vertex 39.6 126.2 0
      vertex 35.5 162.5 0
      vertex 39.6 173.8 0
    endloop
  endfacet
  facet normal 0 0 -1
    outer loop
      vertex 12.3393 187.255 0
      vertex 39.6 173.8 0
      vertex 35.5 162.5 0
    endloop
  endfacet
  facet normal 0 0 -1
    outer loop
      vertex 13.1812 189.287 0
      vertex 39.6 173.8 0
      vertex 13.2 189 0
    endloop
  endfacet
  facet normal 0 0 -1
    outer loop
      vertex 13.125 189.569 0
      vertex 39.6 173.8 0
      vertex 13.1812 189.287 0
    endloop
  endfacet
  facet normal 0 0 -1
    outer loop
      vertex 13.0325 189.842 0
      vertex 39.6 173.8 0
      vertex 13.125 189.569 0
    endloop
  endfacet
  facet normal 0 0 -1
    outer loop
      vertex 12.9053 190.1 0
      vertex 39.6 173.8 0
      vertex 13.0325 189.842 0
    endloop
  endfacet
  facet normal 0 0 -1
    outer loop
      vertex 12.7454 190.339 0
      vertex 39.6 173.8 0
      vertex 12.9053 190.1 0
    endloop
  endfacet
  facet normal 0 0 -1
    outer loop
      vertex 12.5556 190.556 0
      vertex 39.6 173.8 0
      vertex 12.7454 190.339 0
    endloop
  endfacet
  facet normal 0 0 -1
    outer loop
      vertex 7 196 0
      vertex 39.6 173.8 0
      vertex 12.5556 190.556 0
    endloop
  endfacet
  facet normal 0 0 -1
    outer loop
      vertex 7 196 0
      vertex 12.5556 190.556 0
      vertex 12.3393 190.745 0
    endloop
  endfacet
  facet normal 0 0 -1
    outer loop
      vertex 7 196 0
      vertex 12.3393 190.745 0
      vertex 12.1 190.905 0
    endloop
  endfacet
  facet normal 0 0 -1
    outer loop
      vertex 7 196 0
      vertex 12.1 190.905 0
      vertex 11.8419 191.033 0
    endloop
  endfacet
  facet normal 0 0 -1
    outer loop
      vertex 7 196 0
      vertex 11.8419 191.033 0
      vertex 11.5694 191.125 0
    endloop
  endfacet
  facet normal 0 0 -1
    outer loop
      vertex 7 196 0
      vertex 11.5694 191.125 0
      vertex 11.2872 191.181 0
    endloop
  endfacet
  facet normal 0 0 -1
    outer loop
      vertex 7 196 0
      vertex 11.2872 191.181 0
      vertex 11 191.2 0
    endloop
  endfacet
  facet normal 0 0 -1
    outer loop
      vertex 39.6 173.8 0
      vertex 7 196 0
      vertex 147 196 0
    endloop
  endfacet
  facet normal 0 0 -1
    outer loop
      vertex 10.7128 191.181 0
      vertex 7 196 0
      vertex 11 191.2 0
    endloop
  endfacet
  facet normal 0 0 -1
    outer loop
      vertex 10.4306 191.125 0
      vertex 7 196 0
      vertex 10.7128 191.181 0
    endloop
  endfacet
  facet normal 0 0 -1
    outer loop
      vertex 10.1581 191.033 0
      vertex 7 196 0
      vertex 10.4306 191.125 0
    endloop
  endfacet
  facet normal 0 0 -1
    outer loop
      vertex 9.9 190.905 0
      vertex 7 196 0
      vertex 10.1581 191.033 0
    endloop
  endfacet
  facet normal 0 0 -1
    outer loop
      vertex 9.66072 190.745 0
      vertex 7 196 0
      vertex 9.9 190.905 0
    endloop
  endfacet
  facet normal 0 0 -1
    outer loop
      vertex 9.44436 190.556 0
      vertex 7 196 0
      vertex 9.66072 190.745 0
    endloop
  endfacet
  facet normal 0 0 -1
    outer loop
      vertex 9.25462 190.339 0
      vertex 7 196 0
      vertex 9.44436 190.556 0
    endloop
  endfacet
  facet normal 0 0 -1
    outer loop
      vertex 9.09474 190.1 0
      vertex 7 196 0
      vertex 9.25462 190.339 0
    endloop
  endfacet
  facet normal 0 0 -1
    outer loop
      vertex 8.96746 189.842 0
      vertex 7 196 0
      vertex 9.09474 190.1 0
    endloop
  endfacet
  facet normal 0 0 -1
    outer loop
      vertex 8.87496 189.569 0
      vertex 7 196 0
      vertex 8.96746 189.842 0
    endloop
  endfacet
  facet normal 0 0 -1
    outer loop
      vertex 8.81882 189.287 0
      vertex 7 196 0
      vertex 8.87496 189.569 0
    endloop
  endfacet
  facet normal 0 0 -1
    outer loop
      vertex 7 196 0
      vertex 8.81882 189.287 0
      vertex 8.8 189 0
    endloop
  endfacet
  facet normal -0.83077 -0.556616 0
    outer loop
      vertex 128.07 116.2 5
      vertex 127.936 116.4 8
      vertex 127.936 116.4 5
    endloop
  endfacet
  facet normal -0.83077 -0.556616 0
    outer loop
      vertex 127.936 116.4 8
      vertex 128.07 116.2 5
      vertex 128.07 116.2 8
    endloop
  endfacet
  facet normal 0.320807 -0.947145 0
    outer loop
      vertex 132.435 114.536 3
      vertex 132.931 114.704 8
      vertex 132.435 114.536 8
    endloop
  endfacet
  facet normal 0.320807 -0.947145 0
    outer loop
      vertex 132.931 114.704 8
      vertex 132.435 114.536 3
      vertex 132.931 114.704 3
    endloop
  endfacet
  facet normal 0.89633 0.443387 0
    outer loop
      vertex 135.096 119.931 8
      vertex 134.864 120.4 3
      vertex 134.864 120.4 8
    endloop
  endfacet
  facet normal 0.89633 0.443387 0
    outer loop
      vertex 134.864 120.4 3
      vertex 135.096 119.931 8
      vertex 135.096 119.931 3
    endloop
  endfacet
  facet normal 0.831167 -0.556022 0
    outer loop
      vertex 134.573 115.965 8
      vertex 134.864 116.4 3
      vertex 134.864 116.4 8
    endloop
  endfacet
  facet normal 0.831167 -0.556022 0
    outer loop
      vertex 134.864 116.4 3
      vertex 134.573 115.965 8
      vertex 134.573 115.965 3
    endloop
  endfacet
  facet normal 0.443387 -0.89633 0
    outer loop
      vertex 132.931 114.704 3
      vertex 133.4 114.936 8
      vertex 132.931 114.704 8
    endloop
  endfacet
  facet normal 0.443387 -0.89633 0
    outer loop
      vertex 133.4 114.936 8
      vertex 132.931 114.704 3
      vertex 133.4 114.936 3
    endloop
  endfacet
  facet normal 0.947145 -0.320807 0
    outer loop
      vertex 135.096 116.869 8
      vertex 135.264 117.365 3
      vertex 135.264 117.365 8
    endloop
  endfacet
  facet normal 0.947145 -0.320807 0
    outer loop
      vertex 135.264 117.365 3
      vertex 135.096 116.869 8
      vertex 135.096 116.869 3
    endloop
  endfacet
  facet normal -0.89633 0.443387 0
    outer loop
      vertex 127.704 119.931 5
      vertex 127.936 120.4 8
      vertex 127.936 120.4 5
    endloop
  endfacet
  facet normal -0.89633 0.443387 0
    outer loop
      vertex 127.936 120.4 8
      vertex 127.704 119.931 5
      vertex 127.704 119.931 8
    endloop
  endfacet
  facet normal 0.0649964 0.997886 -0
    outer loop
      vertex 131.922 122.366 3
      vertex 131.4 122.4 8
      vertex 131.922 122.366 8
    endloop
  endfacet
  facet normal 0.0649964 0.997886 0
    outer loop
      vertex 131.4 122.4 8
      vertex 131.922 122.366 3
      vertex 131.4 122.4 3
    endloop
  endfacet
  facet normal -0.75151 0.659722 0
    outer loop
      vertex 128.227 120.835 5
      vertex 128.572 121.228 8
      vertex 128.572 121.228 5
    endloop
  endfacet
  facet normal -0.75151 0.659722 0
    outer loop
      vertex 128.572 121.228 8
      vertex 128.227 120.835 5
      vertex 128.227 120.835 8
    endloop
  endfacet
  facet normal 0.556022 -0.831167 0
    outer loop
      vertex 133.4 114.936 3
      vertex 133.835 115.227 8
      vertex 133.4 114.936 8
    endloop
  endfacet
  facet normal 0.556022 -0.831167 0
    outer loop
      vertex 133.835 115.227 8
      vertex 133.4 114.936 3
      vertex 133.835 115.227 3
    endloop
  endfacet
  facet normal -0.659722 0.75151 1.52979e-05
    outer loop
      vertex 128.965 121.573 8
      vertex 128.9 121.516 5
      vertex 128.572 121.228 8
    endloop
  endfacet
  facet normal -0.659323 0.75186 0
    outer loop
      vertex 128.965 121.573 3
      vertex 128.9 121.516 5
      vertex 128.965 121.573 8
    endloop
  endfacet
  facet normal -0.659323 0.75186 0
    outer loop
      vertex 128.9 121.516 5
      vertex 128.965 121.573 3
      vertex 128.9 121.516 3
    endloop
  endfacet
  facet normal -0.659801 0.75144 0
    outer loop
      vertex 128.572 121.228 8
      vertex 128.9 121.516 5
      vertex 128.572 121.228 5
    endloop
  endfacet
  facet normal -0.195013 0.980801 0
    outer loop
      vertex 130.878 122.366 3
      vertex 130.365 122.264 8
      vertex 130.878 122.366 8
    endloop
  endfacet
  facet normal -0.195013 0.980801 0
    outer loop
      vertex 130.365 122.264 8
      vertex 130.878 122.366 3
      vertex 130.365 122.264 3
    endloop
  endfacet
  facet normal -0.443387 0.89633 0
    outer loop
      vertex 129.869 122.096 3
      vertex 129.4 121.864 8
      vertex 129.869 122.096 8
    endloop
  endfacet
  facet normal -0.443387 0.89633 0
    outer loop
      vertex 129.4 121.864 8
      vertex 129.869 122.096 3
      vertex 129.4 121.864 3
    endloop
  endfacet
  facet normal 0.831167 0.556022 0
    outer loop
      vertex 134.864 120.4 8
      vertex 134.573 120.835 3
      vertex 134.573 120.835 8
    endloop
  endfacet
  facet normal 0.831167 0.556022 0
    outer loop
      vertex 134.573 120.835 3
      vertex 134.864 120.4 8
      vertex 134.864 120.4 3
    endloop
  endfacet
  facet normal 0.195013 -0.980801 0
    outer loop
      vertex 131.922 114.434 3
      vertex 132.435 114.536 8
      vertex 131.922 114.434 8
    endloop
  endfacet
  facet normal 0.195013 -0.980801 0
    outer loop
      vertex 132.435 114.536 8
      vertex 131.922 114.434 3
      vertex 132.435 114.536 3
    endloop
  endfacet
  facet normal -0.320807 0.947145 0
    outer loop
      vertex 130.365 122.264 3
      vertex 129.869 122.096 8
      vertex 130.365 122.264 8
    endloop
  endfacet
  facet normal -0.320807 0.947145 0
    outer loop
      vertex 129.869 122.096 8
      vertex 130.365 122.264 3
      vertex 129.869 122.096 3
    endloop
  endfacet
  facet normal 0.659722 0.75151 -0
    outer loop
      vertex 134.228 121.228 3
      vertex 133.835 121.573 8
      vertex 134.228 121.228 8
    endloop
  endfacet
  facet normal 0.659722 0.75151 0
    outer loop
      vertex 133.835 121.573 8
      vertex 134.228 121.228 3
      vertex 133.835 121.573 3
    endloop
  endfacet
  facet normal -0.997886 -0.0649964 0
    outer loop
      vertex 127.434 117.878 5
      vertex 127.4 118.4 8
      vertex 127.4 118.4 5
    endloop
  endfacet
  facet normal -0.997886 -0.0649964 0
    outer loop
      vertex 127.4 118.4 8
      vertex 127.434 117.878 5
      vertex 127.434 117.878 8
    endloop
  endfacet
  facet normal -0.997886 0.0649964 0
    outer loop
      vertex 127.4 118.4 5
      vertex 127.434 118.922 8
      vertex 127.434 118.922 5
    endloop
  endfacet
  facet normal -0.997886 0.0649964 0
    outer loop
      vertex 127.434 118.922 8
      vertex 127.4 118.4 5
      vertex 127.4 118.4 8
    endloop
  endfacet
  facet normal 0.75151 0.659722 0
    outer loop
      vertex 134.573 120.835 8
      vertex 134.228 121.228 3
      vertex 134.228 121.228 8
    endloop
  endfacet
  facet normal 0.75151 0.659722 0
    outer loop
      vertex 134.228 121.228 3
      vertex 134.573 120.835 8
      vertex 134.573 120.835 3
    endloop
  endfacet
  facet normal -0.556022 -0.831167 0
    outer loop
      vertex 128.965 115.227 3
      vertex 129.4 114.936 8
      vertex 128.965 115.227 8
    endloop
  endfacet
  facet normal -0.556022 -0.831167 -0
    outer loop
      vertex 129.4 114.936 8
      vertex 128.965 115.227 3
      vertex 129.4 114.936 3
    endloop
  endfacet
  facet normal 0.75151 -0.659722 0
    outer loop
      vertex 134.228 115.572 8
      vertex 134.573 115.965 3
      vertex 134.573 115.965 8
    endloop
  endfacet
  facet normal 0.75151 -0.659722 0
    outer loop
      vertex 134.573 115.965 3
      vertex 134.228 115.572 8
      vertex 134.228 115.572 3
    endloop
  endfacet
  facet normal 0.997886 -0.0649964 0
    outer loop
      vertex 135.366 117.878 8
      vertex 135.4 118.4 3
      vertex 135.4 118.4 8
    endloop
  endfacet
  facet normal 0.997886 -0.0649964 0
    outer loop
      vertex 135.4 118.4 3
      vertex 135.366 117.878 8
      vertex 135.366 117.878 3
    endloop
  endfacet
  facet normal 0.980801 -0.195013 0
    outer loop
      vertex 135.264 117.365 8
      vertex 135.366 117.878 3
      vertex 135.366 117.878 8
    endloop
  endfacet
  facet normal 0.980801 -0.195013 0
    outer loop
      vertex 135.366 117.878 3
      vertex 135.264 117.365 8
      vertex 135.264 117.365 3
    endloop
  endfacet
  facet normal -0.0649964 -0.997886 0
    outer loop
      vertex 130.878 114.434 3
      vertex 131.4 114.4 8
      vertex 130.878 114.434 8
    endloop
  endfacet
  facet normal -0.0649964 -0.997886 -0
    outer loop
      vertex 131.4 114.4 8
      vertex 130.878 114.434 3
      vertex 131.4 114.4 3
    endloop
  endfacet
  facet normal 0.0649964 -0.997886 0
    outer loop
      vertex 131.4 114.4 3
      vertex 131.922 114.434 8
      vertex 131.4 114.4 8
    endloop
  endfacet
  facet normal 0.0649964 -0.997886 0
    outer loop
      vertex 131.922 114.434 8
      vertex 131.4 114.4 3
      vertex 131.922 114.434 3
    endloop
  endfacet
  facet normal -0.980801 -0.195013 0
    outer loop
      vertex 127.536 117.365 5
      vertex 127.434 117.878 8
      vertex 127.434 117.878 5
    endloop
  endfacet
  facet normal -0.980801 -0.195013 0
    outer loop
      vertex 127.434 117.878 8
      vertex 127.536 117.365 5
      vertex 127.536 117.365 8
    endloop
  endfacet
  facet normal -0.320807 -0.947145 0
    outer loop
      vertex 129.869 114.704 3
      vertex 130.365 114.536 8
      vertex 129.869 114.704 8
    endloop
  endfacet
  facet normal -0.320807 -0.947145 -0
    outer loop
      vertex 130.365 114.536 8
      vertex 129.869 114.704 3
      vertex 130.365 114.536 3
    endloop
  endfacet
  facet normal -0.0649964 0.997886 0
    outer loop
      vertex 131.4 122.4 3
      vertex 130.878 122.366 8
      vertex 131.4 122.4 8
    endloop
  endfacet
  facet normal -0.0649964 0.997886 0
    outer loop
      vertex 130.878 122.366 8
      vertex 131.4 122.4 3
      vertex 130.878 122.366 3
    endloop
  endfacet
  facet normal 0.443387 0.89633 -0
    outer loop
      vertex 133.4 121.864 3
      vertex 132.931 122.096 8
      vertex 133.4 121.864 8
    endloop
  endfacet
  facet normal 0.443387 0.89633 0
    outer loop
      vertex 132.931 122.096 8
      vertex 133.4 121.864 3
      vertex 132.931 122.096 3
    endloop
  endfacet
  facet normal 0.556022 0.831167 -0
    outer loop
      vertex 133.835 121.573 3
      vertex 133.4 121.864 8
      vertex 133.835 121.573 8
    endloop
  endfacet
  facet normal 0.556022 0.831167 0
    outer loop
      vertex 133.4 121.864 8
      vertex 133.835 121.573 3
      vertex 133.4 121.864 3
    endloop
  endfacet
  facet normal -0.659323 -0.75186 0
    outer loop
      vertex 128.9 115.284 3
      vertex 128.965 115.227 8
      vertex 128.9 115.284 8
    endloop
  endfacet
  facet normal -0.659323 -0.75186 -0
    outer loop
      vertex 128.965 115.227 8
      vertex 128.9 115.284 3
      vertex 128.965 115.227 3
    endloop
  endfacet
  facet normal -0.947145 -0.320807 0
    outer loop
      vertex 127.704 116.869 5
      vertex 127.536 117.365 8
      vertex 127.536 117.365 5
    endloop
  endfacet
  facet normal -0.947145 -0.320807 0
    outer loop
      vertex 127.536 117.365 8
      vertex 127.704 116.869 5
      vertex 127.704 116.869 8
    endloop
  endfacet
  facet normal 0.195013 0.980801 -0
    outer loop
      vertex 132.435 122.264 3
      vertex 131.922 122.366 8
      vertex 132.435 122.264 8
    endloop
  endfacet
  facet normal 0.195013 0.980801 0
    outer loop
      vertex 131.922 122.366 8
      vertex 132.435 122.264 3
      vertex 131.922 122.366 3
    endloop
  endfacet
  facet normal -0.556022 0.831167 0
    outer loop
      vertex 129.4 121.864 3
      vertex 128.965 121.573 8
      vertex 129.4 121.864 8
    endloop
  endfacet
  facet normal -0.556022 0.831167 0
    outer loop
      vertex 128.965 121.573 8
      vertex 129.4 121.864 3
      vertex 128.965 121.573 3
    endloop
  endfacet
  facet normal -0.195013 -0.980801 0
    outer loop
      vertex 130.365 114.536 3
      vertex 130.878 114.434 8
      vertex 130.365 114.536 8
    endloop
  endfacet
  facet normal -0.195013 -0.980801 -0
    outer loop
      vertex 130.878 114.434 8
      vertex 130.365 114.536 3
      vertex 130.878 114.434 3
    endloop
  endfacet
  facet normal -0.831167 0.556022 0
    outer loop
      vertex 127.936 120.4 5
      vertex 128.227 120.835 8
      vertex 128.227 120.835 5
    endloop
  endfacet
  facet normal -0.831167 0.556022 0
    outer loop
      vertex 128.227 120.835 8
      vertex 127.936 120.4 5
      vertex 127.936 120.4 8
    endloop
  endfacet
  facet normal -0.89633 -0.443387 0
    outer loop
      vertex 127.936 116.4 5
      vertex 127.704 116.869 8
      vertex 127.704 116.869 5
    endloop
  endfacet
  facet normal -0.89633 -0.443387 0
    outer loop
      vertex 127.704 116.869 8
      vertex 127.936 116.4 5
      vertex 127.936 116.4 8
    endloop
  endfacet
  facet normal -0.980801 0.195013 0
    outer loop
      vertex 127.434 118.922 5
      vertex 127.536 119.435 8
      vertex 127.536 119.435 5
    endloop
  endfacet
  facet normal -0.980801 0.195013 0
    outer loop
      vertex 127.536 119.435 8
      vertex 127.434 118.922 5
      vertex 127.434 118.922 8
    endloop
  endfacet
  facet normal 0.89633 -0.443387 0
    outer loop
      vertex 134.864 116.4 8
      vertex 135.096 116.869 3
      vertex 135.096 116.869 8
    endloop
  endfacet
  facet normal 0.89633 -0.443387 0
    outer loop
      vertex 135.096 116.869 3
      vertex 134.864 116.4 8
      vertex 134.864 116.4 3
    endloop
  endfacet
  facet normal -0.947145 0.320807 0
    outer loop
      vertex 127.536 119.435 5
      vertex 127.704 119.931 8
      vertex 127.704 119.931 5
    endloop
  endfacet
  facet normal -0.947145 0.320807 0
    outer loop
      vertex 127.704 119.931 8
      vertex 127.536 119.435 5
      vertex 127.536 119.435 8
    endloop
  endfacet
  facet normal 0 0 1
    outer loop
      vertex 128.9 116.2 8
      vertex 135.4 118.4 8
      vertex 135.366 118.922 8
    endloop
  endfacet
  facet normal 0 0 1
    outer loop
      vertex 128.9 116.2 8
      vertex 135.366 118.922 8
      vertex 135.264 119.435 8
    endloop
  endfacet
  facet normal 0 0 1
    outer loop
      vertex 135.4 118.4 8
      vertex 128.9 116.2 8
      vertex 135.366 117.878 8
    endloop
  endfacet
  facet normal 0 0 1
    outer loop
      vertex 128.9 116.2 8
      vertex 135.264 119.435 8
      vertex 135.096 119.931 8
    endloop
  endfacet
  facet normal 0 0 1
    outer loop
      vertex 135.366 117.878 8
      vertex 128.9 116.2 8
      vertex 135.264 117.365 8
    endloop
  endfacet
  facet normal 0 0 1
    outer loop
      vertex 128.9 116.2 8
      vertex 135.096 119.931 8
      vertex 134.864 120.4 8
    endloop
  endfacet
  facet normal 0 0 1
    outer loop
      vertex 135.264 117.365 8
      vertex 128.9 116.2 8
      vertex 135.096 116.869 8
    endloop
  endfacet
  facet normal 0 0 1
    outer loop
      vertex 128.9 116.2 8
      vertex 134.864 120.4 8
      vertex 134.573 120.835 8
    endloop
  endfacet
  facet normal 0 0 1
    outer loop
      vertex 135.096 116.869 8
      vertex 128.9 116.2 8
      vertex 134.864 116.4 8
    endloop
  endfacet
  facet normal 0 0 1
    outer loop
      vertex 128.9 116.2 8
      vertex 134.573 120.835 8
      vertex 134.228 121.228 8
    endloop
  endfacet
  facet normal 0 0 1
    outer loop
      vertex 134.864 116.4 8
      vertex 128.9 116.2 8
      vertex 134.573 115.965 8
    endloop
  endfacet
  facet normal 0 0 1
    outer loop
      vertex 128.9 116.2 8
      vertex 134.228 121.228 8
      vertex 133.835 121.573 8
    endloop
  endfacet
  facet normal 0 0 1
    outer loop
      vertex 134.573 115.965 8
      vertex 128.9 116.2 8
      vertex 134.228 115.572 8
    endloop
  endfacet
  facet normal 0 0 1
    outer loop
      vertex 128.9 116.2 8
      vertex 133.835 121.573 8
      vertex 133.4 121.864 8
    endloop
  endfacet
  facet normal 0 0 1
    outer loop
      vertex 134.228 115.572 8
      vertex 128.9 116.2 8
      vertex 133.835 115.227 8
    endloop
  endfacet
  facet normal 0 0 1
    outer loop
      vertex 128.9 116.2 8
      vertex 133.4 121.864 8
      vertex 132.931 122.096 8
    endloop
  endfacet
  facet normal 0 0 1
    outer loop
      vertex 133.835 115.227 8
      vertex 128.9 116.2 8
      vertex 133.4 114.936 8
    endloop
  endfacet
  facet normal 0 0 1
    outer loop
      vertex 128.9 116.2 8
      vertex 132.931 122.096 8
      vertex 132.435 122.264 8
    endloop
  endfacet
  facet normal 0 0 1
    outer loop
      vertex 133.4 114.936 8
      vertex 128.9 116.2 8
      vertex 132.931 114.704 8
    endloop
  endfacet
  facet normal 0 0 1
    outer loop
      vertex 128.9 116.2 8
      vertex 132.435 122.264 8
      vertex 131.922 122.366 8
    endloop
  endfacet
  facet normal 0 0 1
    outer loop
      vertex 132.931 114.704 8
      vertex 128.9 116.2 8
      vertex 132.435 114.536 8
    endloop
  endfacet
  facet normal 0 0 1
    outer loop
      vertex 128.9 116.2 8
      vertex 131.922 122.366 8
      vertex 131.4 122.4 8
    endloop
  endfacet
  facet normal 0 0 1
    outer loop
      vertex 132.435 114.536 8
      vertex 128.9 116.2 8
      vertex 131.922 114.434 8
    endloop
  endfacet
  facet normal 0 0 1
    outer loop
      vertex 128.9 116.2 8
      vertex 131.4 122.4 8
      vertex 130.878 122.366 8
    endloop
  endfacet
  facet normal 0 0 1
    outer loop
      vertex 131.922 114.434 8
      vertex 128.9 116.2 8
      vertex 131.4 114.4 8
    endloop
  endfacet
  facet normal 0 0 1
    outer loop
      vertex 128.9 116.2 8
      vertex 130.878 122.366 8
      vertex 130.365 122.264 8
    endloop
  endfacet
  facet normal 0 0 1
    outer loop
      vertex 131.4 114.4 8
      vertex 128.9 116.2 8
      vertex 130.878 114.434 8
    endloop
  endfacet
  facet normal 0 0 1
    outer loop
      vertex 128.9 116.2 8
      vertex 130.365 122.264 8
      vertex 129.869 122.096 8
    endloop
  endfacet
  facet normal 0 0 1
    outer loop
      vertex 130.878 114.434 8
      vertex 128.9 116.2 8
      vertex 130.365 114.536 8
    endloop
  endfacet
  facet normal 0 0 1
    outer loop
      vertex 128.9 116.2 8
      vertex 129.869 122.096 8
      vertex 129.4 121.864 8
    endloop
  endfacet
  facet normal 0 0 1
    outer loop
      vertex 130.365 114.536 8
      vertex 128.9 116.2 8
      vertex 129.869 114.704 8
    endloop
  endfacet
  facet normal 0 0 1
    outer loop
      vertex 128.9 116.2 8
      vertex 129.4 121.864 8
      vertex 128.965 121.573 8
    endloop
  endfacet
  facet normal 0 0 1
    outer loop
      vertex 129.869 114.704 8
      vertex 128.9 116.2 8
      vertex 129.4 114.936 8
    endloop
  endfacet
  facet normal 0 0 1
    outer loop
      vertex 129.4 114.936 8
      vertex 128.9 116.2 8
      vertex 128.965 115.227 8
    endloop
  endfacet
  facet normal -0 0 1
    outer loop
      vertex 128.572 121.228 8
      vertex 128.9 116.2 8
      vertex 128.965 121.573 8
    endloop
  endfacet
  facet normal -0 0 1
    outer loop
      vertex 128.227 120.835 8
      vertex 128.9 116.2 8
      vertex 128.572 121.228 8
    endloop
  endfacet
  facet normal -0 0 1
    outer loop
      vertex 127.936 120.4 8
      vertex 128.9 116.2 8
      vertex 128.227 120.835 8
    endloop
  endfacet
  facet normal -0 0 1
    outer loop
      vertex 127.704 119.931 8
      vertex 128.9 116.2 8
      vertex 127.936 120.4 8
    endloop
  endfacet
  facet normal -0 0 1
    outer loop
      vertex 127.536 119.435 8
      vertex 128.9 116.2 8
      vertex 127.704 119.931 8
    endloop
  endfacet
  facet normal -0 -0 1
    outer loop
      vertex 127.936 116.4 8
      vertex 128.9 116.2 8
      vertex 127.704 116.869 8
    endloop
  endfacet
  facet normal 0 0 1
    outer loop
      vertex 128.9 116.2 8
      vertex 127.936 116.4 8
      vertex 128.07 116.2 8
    endloop
  endfacet
  facet normal -0 0 1
    outer loop
      vertex 127.434 118.922 8
      vertex 128.9 116.2 8
      vertex 127.536 119.435 8
    endloop
  endfacet
  facet normal 0 0 1
    outer loop
      vertex 128.9 116.2 8
      vertex 127.536 117.365 8
      vertex 127.704 116.869 8
    endloop
  endfacet
  facet normal -0 0 1
    outer loop
      vertex 127.4 118.4 8
      vertex 128.9 116.2 8
      vertex 127.434 118.922 8
    endloop
  endfacet
  facet normal 0 0 1
    outer loop
      vertex 128.9 116.2 8
      vertex 127.434 117.878 8
      vertex 127.536 117.365 8
    endloop
  endfacet
  facet normal 0 0 1
    outer loop
      vertex 128.9 116.2 8
      vertex 127.4 118.4 8
      vertex 127.434 117.878 8
    endloop
  endfacet
  facet normal 0 0 1
    outer loop
      vertex 128.965 115.227 8
      vertex 128.9 116.2 8
      vertex 128.9 115.284 8
    endloop
  endfacet
  facet normal -0.659722 0.75151 0
    outer loop
      vertex 128.965 121.573 33.4
      vertex 128.572 121.228 38.4
      vertex 128.965 121.573 38.4
    endloop
  endfacet
  facet normal -0.659722 0.75151 0
    outer loop
      vertex 128.572 121.228 38.4
      vertex 128.965 121.573 33.4
      vertex 128.572 121.228 33.4
    endloop
  endfacet
  facet normal -0.831167 0.556022 0
    outer loop
      vertex 127.936 120.4 33.4
      vertex 128.227 120.835 38.4
      vertex 128.227 120.835 33.4
    endloop
  endfacet
  facet normal -0.831167 0.556022 0
    outer loop
      vertex 128.227 120.835 38.4
      vertex 127.936 120.4 33.4
      vertex 127.936 120.4 38.4
    endloop
  endfacet
  facet normal 0.947145 -0.320807 0
    outer loop
      vertex 135.096 116.869 38.4
      vertex 135.264 117.365 33.4
      vertex 135.264 117.365 38.4
    endloop
  endfacet
  facet normal 0.947145 -0.320807 0
    outer loop
      vertex 135.264 117.365 33.4
      vertex 135.096 116.869 38.4
      vertex 135.096 116.869 33.4
    endloop
  endfacet
  facet normal 0.0649964 0.997886 -0
    outer loop
      vertex 131.922 122.366 33.4
      vertex 131.4 122.4 38.4
      vertex 131.922 122.366 38.4
    endloop
  endfacet
  facet normal 0.0649964 0.997886 0
    outer loop
      vertex 131.4 122.4 38.4
      vertex 131.922 122.366 33.4
      vertex 131.4 122.4 33.4
    endloop
  endfacet
  facet normal -0.89633 0.443387 0
    outer loop
      vertex 127.704 119.931 33.4
      vertex 127.936 120.4 38.4
      vertex 127.936 120.4 33.4
    endloop
  endfacet
  facet normal -0.89633 0.443387 0
    outer loop
      vertex 127.936 120.4 38.4
      vertex 127.704 119.931 33.4
      vertex 127.704 119.931 38.4
    endloop
  endfacet
  facet normal 0.997886 -0.0649964 0
    outer loop
      vertex 135.366 117.878 38.4
      vertex 135.4 118.4 33.4
      vertex 135.4 118.4 38.4
    endloop
  endfacet
  facet normal 0.997886 -0.0649964 0
    outer loop
      vertex 135.4 118.4 33.4
      vertex 135.366 117.878 38.4
      vertex 135.366 117.878 33.4
    endloop
  endfacet
  facet normal 0.75151 -0.659722 0
    outer loop
      vertex 134.228 115.572 38.4
      vertex 134.573 115.965 33.4
      vertex 134.573 115.965 38.4
    endloop
  endfacet
  facet normal 0.75151 -0.659722 0
    outer loop
      vertex 134.573 115.965 33.4
      vertex 134.228 115.572 38.4
      vertex 134.228 115.572 33.4
    endloop
  endfacet
  facet normal -1 0 0
    outer loop
      vertex 127.4 116.2 38.4
      vertex 127.4 118.4 33.4
      vertex 127.4 116.2 26.4
    endloop
  endfacet
  facet normal -1 0 0
    outer loop
      vertex 127.4 118.4 33.4
      vertex 127.4 116.2 38.4
      vertex 127.4 118.4 38.4
    endloop
  endfacet
  facet normal -0.556022 0.831167 0
    outer loop
      vertex 129.4 121.864 33.4
      vertex 128.965 121.573 38.4
      vertex 129.4 121.864 38.4
    endloop
  endfacet
  facet normal -0.556022 0.831167 0
    outer loop
      vertex 128.965 121.573 38.4
      vertex 129.4 121.864 33.4
      vertex 128.965 121.573 33.4
    endloop
  endfacet
  facet normal 0.89633 0.443387 0
    outer loop
      vertex 135.096 119.931 38.4
      vertex 134.864 120.4 33.4
      vertex 134.864 120.4 38.4
    endloop
  endfacet
  facet normal 0.89633 0.443387 0
    outer loop
      vertex 134.864 120.4 33.4
      vertex 135.096 119.931 38.4
      vertex 135.096 119.931 33.4
    endloop
  endfacet
  facet normal 0.485643 -0.874157 0
    outer loop
      vertex 128.9 112.4 31.4
      vertex 128.9 112.4 26.4
      vertex 128.918 112.41 31.4
    endloop
  endfacet
  facet normal 0.490981 -0.87117 0
    outer loop
      vertex 128.918 112.41 38.4
      vertex 133.4 114.936 33.4
      vertex 133.4 114.936 38.4
    endloop
  endfacet
  facet normal 0.490981 -0.87117 0
    outer loop
      vertex 128.918 112.41 31.4
      vertex 133.4 114.936 33.4
      vertex 128.918 112.41 38.4
    endloop
  endfacet
  facet normal 0.490989 -0.871166 -2.52309e-05
    outer loop
      vertex 133.4 114.936 33.4
      vertex 128.918 112.41 31.4
      vertex 128.9 112.4 26.4
    endloop
  endfacet
  facet normal -0.980801 0.195013 0
    outer loop
      vertex 127.434 118.922 33.4
      vertex 127.536 119.435 38.4
      vertex 127.536 119.435 33.4
    endloop
  endfacet
  facet normal -0.980801 0.195013 0
    outer loop
      vertex 127.536 119.435 38.4
      vertex 127.434 118.922 33.4
      vertex 127.434 118.922 38.4
    endloop
  endfacet
  facet normal -0.75151 0.659722 0
    outer loop
      vertex 128.227 120.835 33.4
      vertex 128.572 121.228 38.4
      vertex 128.572 121.228 33.4
    endloop
  endfacet
  facet normal -0.75151 0.659722 0
    outer loop
      vertex 128.572 121.228 38.4
      vertex 128.227 120.835 33.4
      vertex 128.227 120.835 38.4
    endloop
  endfacet
  facet normal 0.831167 0.556022 0
    outer loop
      vertex 134.864 120.4 38.4
      vertex 134.573 120.835 33.4
      vertex 134.573 120.835 38.4
    endloop
  endfacet
  facet normal 0.831167 0.556022 0
    outer loop
      vertex 134.573 120.835 33.4
      vertex 134.864 120.4 38.4
      vertex 134.864 120.4 33.4
    endloop
  endfacet
  facet normal -0.0649964 0.997886 0
    outer loop
      vertex 131.4 122.4 33.4
      vertex 130.878 122.366 38.4
      vertex 131.4 122.4 38.4
    endloop
  endfacet
  facet normal -0.0649964 0.997886 0
    outer loop
      vertex 130.878 122.366 38.4
      vertex 131.4 122.4 33.4
      vertex 130.878 122.366 33.4
    endloop
  endfacet
  facet normal 0.443387 0.89633 -0
    outer loop
      vertex 133.4 121.864 33.4
      vertex 132.931 122.096 38.4
      vertex 133.4 121.864 38.4
    endloop
  endfacet
  facet normal 0.443387 0.89633 0
    outer loop
      vertex 132.931 122.096 38.4
      vertex 133.4 121.864 33.4
      vertex 132.931 122.096 33.4
    endloop
  endfacet
  facet normal 0.831167 -0.556022 0
    outer loop
      vertex 134.573 115.965 38.4
      vertex 134.864 116.4 33.4
      vertex 134.864 116.4 38.4
    endloop
  endfacet
  facet normal 0.831167 -0.556022 0
    outer loop
      vertex 134.864 116.4 33.4
      vertex 134.573 115.965 38.4
      vertex 134.573 115.965 33.4
    endloop
  endfacet
  facet normal 0.947145 0.320807 0
    outer loop
      vertex 135.264 119.435 38.4
      vertex 135.096 119.931 33.4
      vertex 135.096 119.931 38.4
    endloop
  endfacet
  facet normal 0.947145 0.320807 0
    outer loop
      vertex 135.096 119.931 33.4
      vertex 135.264 119.435 38.4
      vertex 135.264 119.435 33.4
    endloop
  endfacet
  facet normal 0.659722 0.75151 -0
    outer loop
      vertex 134.228 121.228 33.4
      vertex 133.835 121.573 38.4
      vertex 134.228 121.228 38.4
    endloop
  endfacet
  facet normal 0.659722 0.75151 0
    outer loop
      vertex 133.835 121.573 38.4
      vertex 134.228 121.228 33.4
      vertex 133.835 121.573 33.4
    endloop
  endfacet
  facet normal 0.556022 -0.831167 0
    outer loop
      vertex 133.4 114.936 33.4
      vertex 133.835 115.227 38.4
      vertex 133.4 114.936 38.4
    endloop
  endfacet
  facet normal 0.556022 -0.831167 0
    outer loop
      vertex 133.835 115.227 38.4
      vertex 133.4 114.936 33.4
      vertex 133.835 115.227 33.4
    endloop
  endfacet
  facet normal -0.195013 0.980801 0
    outer loop
      vertex 130.878 122.366 33.4
      vertex 130.365 122.264 38.4
      vertex 130.878 122.366 38.4
    endloop
  endfacet
  facet normal -0.195013 0.980801 0
    outer loop
      vertex 130.365 122.264 38.4
      vertex 130.878 122.366 33.4
      vertex 130.365 122.264 33.4
    endloop
  endfacet
  facet normal 0.980801 0.195013 0
    outer loop
      vertex 135.366 118.922 38.4
      vertex 135.264 119.435 33.4
      vertex 135.264 119.435 38.4
    endloop
  endfacet
  facet normal 0.980801 0.195013 0
    outer loop
      vertex 135.264 119.435 33.4
      vertex 135.366 118.922 38.4
      vertex 135.366 118.922 33.4
    endloop
  endfacet
  facet normal -0.947145 0.320807 0
    outer loop
      vertex 127.536 119.435 33.4
      vertex 127.704 119.931 38.4
      vertex 127.704 119.931 33.4
    endloop
  endfacet
  facet normal -0.947145 0.320807 0
    outer loop
      vertex 127.704 119.931 38.4
      vertex 127.536 119.435 33.4
      vertex 127.536 119.435 38.4
    endloop
  endfacet
  facet normal -0.997886 0.0649964 0
    outer loop
      vertex 127.4 118.4 33.4
      vertex 127.434 118.922 38.4
      vertex 127.434 118.922 33.4
    endloop
  endfacet
  facet normal -0.997886 0.0649964 0
    outer loop
      vertex 127.434 118.922 38.4
      vertex 127.4 118.4 33.4
      vertex 127.4 118.4 38.4
    endloop
  endfacet
  facet normal 0.659722 -0.75151 0
    outer loop
      vertex 133.835 115.227 33.4
      vertex 134.228 115.572 38.4
      vertex 133.835 115.227 38.4
    endloop
  endfacet
  facet normal 0.659722 -0.75151 0
    outer loop
      vertex 134.228 115.572 38.4
      vertex 133.835 115.227 33.4
      vertex 134.228 115.572 33.4
    endloop
  endfacet
  facet normal 0.75151 0.659722 0
    outer loop
      vertex 134.573 120.835 38.4
      vertex 134.228 121.228 33.4
      vertex 134.228 121.228 38.4
    endloop
  endfacet
  facet normal 0.75151 0.659722 0
    outer loop
      vertex 134.228 121.228 33.4
      vertex 134.573 120.835 38.4
      vertex 134.573 120.835 33.4
    endloop
  endfacet
  facet normal 0.997886 0.0649964 0
    outer loop
      vertex 135.4 118.4 38.4
      vertex 135.366 118.922 33.4
      vertex 135.366 118.922 38.4
    endloop
  endfacet
  facet normal 0.997886 0.0649964 0
    outer loop
      vertex 135.366 118.922 33.4
      vertex 135.4 118.4 38.4
      vertex 135.4 118.4 33.4
    endloop
  endfacet
  facet normal 0.320807 0.947145 -0
    outer loop
      vertex 132.931 122.096 33.4
      vertex 132.435 122.264 38.4
      vertex 132.931 122.096 38.4
    endloop
  endfacet
  facet normal 0.320807 0.947145 0
    outer loop
      vertex 132.435 122.264 38.4
      vertex 132.931 122.096 33.4
      vertex 132.435 122.264 33.4
    endloop
  endfacet
  facet normal 0.89633 -0.443387 0
    outer loop
      vertex 134.864 116.4 38.4
      vertex 135.096 116.869 33.4
      vertex 135.096 116.869 38.4
    endloop
  endfacet
  facet normal 0.89633 -0.443387 0
    outer loop
      vertex 135.096 116.869 33.4
      vertex 134.864 116.4 38.4
      vertex 134.864 116.4 33.4
    endloop
  endfacet
  facet normal 0.195013 0.980801 -0
    outer loop
      vertex 132.435 122.264 33.4
      vertex 131.922 122.366 38.4
      vertex 132.435 122.264 38.4
    endloop
  endfacet
  facet normal 0.195013 0.980801 0
    outer loop
      vertex 131.922 122.366 38.4
      vertex 132.435 122.264 33.4
      vertex 131.922 122.366 33.4
    endloop
  endfacet
  facet normal -0.320807 0.947145 0
    outer loop
      vertex 130.365 122.264 33.4
      vertex 129.869 122.096 38.4
      vertex 130.365 122.264 38.4
    endloop
  endfacet
  facet normal -0.320807 0.947145 0
    outer loop
      vertex 129.869 122.096 38.4
      vertex 130.365 122.264 33.4
      vertex 129.869 122.096 33.4
    endloop
  endfacet
  facet normal 0.980801 -0.195013 0
    outer loop
      vertex 135.264 117.365 38.4
      vertex 135.366 117.878 33.4
      vertex 135.366 117.878 38.4
    endloop
  endfacet
  facet normal 0.980801 -0.195013 0
    outer loop
      vertex 135.366 117.878 33.4
      vertex 135.264 117.365 38.4
      vertex 135.264 117.365 33.4
    endloop
  endfacet
  facet normal -0.443387 0.89633 0
    outer loop
      vertex 129.869 122.096 33.4
      vertex 129.4 121.864 38.4
      vertex 129.869 122.096 38.4
    endloop
  endfacet
  facet normal -0.443387 0.89633 0
    outer loop
      vertex 129.4 121.864 38.4
      vertex 129.869 122.096 33.4
      vertex 129.4 121.864 33.4
    endloop
  endfacet
  facet normal 0.556022 0.831167 -0
    outer loop
      vertex 133.835 121.573 33.4
      vertex 133.4 121.864 38.4
      vertex 133.835 121.573 38.4
    endloop
  endfacet
  facet normal 0.556022 0.831167 0
    outer loop
      vertex 133.4 121.864 38.4
      vertex 133.835 121.573 33.4
      vertex 133.4 121.864 33.4
    endloop
  endfacet
  facet normal 0 0 1
    outer loop
      vertex 128.07 183.8 38.4
      vertex 128.9 184.716 38.4
      vertex 128.9 187.6 38.4
    endloop
  endfacet
  facet normal 0 0 1
    outer loop
      vertex 128.9 184.716 38.4
      vertex 128.07 183.8 38.4
      vertex 128.572 178.772 38.4
    endloop
  endfacet
  facet normal 0 0 1
    outer loop
      vertex 128.572 178.772 38.4
      vertex 128.07 183.8 38.4
      vertex 128.227 179.165 38.4
    endloop
  endfacet
  facet normal 0 0 1
    outer loop
      vertex 128.9 187.6 38.4
      vertex 29.6 183.8 38.4
      vertex 128.07 183.8 38.4
    endloop
  endfacet
  facet normal -0 0 1
    outer loop
      vertex 25.1 184.716 38.4
      vertex 29.6 183.8 38.4
      vertex 25.1 187.6 38.4
    endloop
  endfacet
  facet normal -0 0 1
    outer loop
      vertex 25.1 187.6 38.4
      vertex 29.6 183.8 38.4
      vertex 128.9 187.6 38.4
    endloop
  endfacet
  facet normal 0 0 1
    outer loop
      vertex 127.704 183.131 38.4
      vertex 128.07 183.8 38.4
      vertex 127.936 183.6 38.4
    endloop
  endfacet
  facet normal 0 0 1
    outer loop
      vertex 128.07 183.8 38.4
      vertex 127.936 179.6 38.4
      vertex 128.227 179.165 38.4
    endloop
  endfacet
  facet normal 0 0 1
    outer loop
      vertex 128.07 183.8 38.4
      vertex 127.704 183.131 38.4
      vertex 127.936 179.6 38.4
    endloop
  endfacet
  facet normal 0 0 1
    outer loop
      vertex 127.704 183.131 38.4
      vertex 127.704 180.069 38.4
      vertex 127.936 179.6 38.4
    endloop
  endfacet
  facet normal -0 0 1
    outer loop
      vertex 127.536 182.635 38.4
      vertex 127.704 180.069 38.4
      vertex 127.704 183.131 38.4
    endloop
  endfacet
  facet normal 0 0 1
    outer loop
      vertex 127.536 182.635 38.4
      vertex 127.536 180.565 38.4
      vertex 127.704 180.069 38.4
    endloop
  endfacet
  facet normal -0 0 1
    outer loop
      vertex 127.434 182.122 38.4
      vertex 127.536 180.565 38.4
      vertex 127.536 182.635 38.4
    endloop
  endfacet
  facet normal 0 0 1
    outer loop
      vertex 127.434 182.122 38.4
      vertex 127.434 181.078 38.4
      vertex 127.536 180.565 38.4
    endloop
  endfacet
  facet normal 0 -0 1
    outer loop
      vertex 127.434 181.078 38.4
      vertex 127.434 182.122 38.4
      vertex 127.4 181.6 38.4
    endloop
  endfacet
  facet normal -0 0 1
    outer loop
      vertex 128.918 112.41 38.4
      vertex 131.4 110.4 38.4
      vertex 131.4 112.41 38.4
    endloop
  endfacet
  facet normal 0 0 1
    outer loop
      vertex 127.4 118.4 38.4
      vertex 129.56 118.4 38.4
      vertex 127.434 118.922 38.4
    endloop
  endfacet
  facet normal 0 0 1
    outer loop
      vertex 129.56 118.4 38.4
      vertex 127.4 118.4 38.4
      vertex 129.575 118.162 38.4
    endloop
  endfacet
  facet normal 0 0 1
    outer loop
      vertex 129.575 118.162 38.4
      vertex 127.4 118.4 38.4
      vertex 129.576 118.16 38.4
    endloop
  endfacet
  facet normal 0 0 1
    outer loop
      vertex 129.576 118.16 38.4
      vertex 127.4 118.4 38.4
      vertex 129.622 117.926 38.4
    endloop
  endfacet
  facet normal 0 0 1
    outer loop
      vertex 129.622 117.926 38.4
      vertex 127.4 118.4 38.4
      vertex 129.623 117.924 38.4
    endloop
  endfacet
  facet normal 0 0 1
    outer loop
      vertex 129.623 117.924 38.4
      vertex 127.4 118.4 38.4
      vertex 127.4 116.2 38.4
    endloop
  endfacet
  facet normal 0 0 1
    outer loop
      vertex 129.623 117.924 38.4
      vertex 127.4 116.2 38.4
      vertex 128.918 112.41 38.4
    endloop
  endfacet
  facet normal 0 0 1
    outer loop
      vertex 113.9 112.4 38.4
      vertex 128.918 112.41 38.4
      vertex 127.4 116.2 38.4
    endloop
  endfacet
  facet normal 0 0 1
    outer loop
      vertex 113.9 110.4 38.4
      vertex 128.918 112.41 38.4
      vertex 113.9 112.4 38.4
    endloop
  endfacet
  facet normal 0 0 1
    outer loop
      vertex 128.918 112.41 38.4
      vertex 113.9 110.4 38.4
      vertex 131.4 110.4 38.4
    endloop
  endfacet
  facet normal -0 0 1
    outer loop
      vertex 29.6 116.2 38.4
      vertex 113.9 112.4 38.4
      vertex 127.4 116.2 38.4
    endloop
  endfacet
  facet normal 0 0 1
    outer loop
      vertex 24.3775 182.076 38.4
      vertex 29.6 183.8 38.4
      vertex 25.1 184.716 38.4
    endloop
  endfacet
  facet normal 0 0 1
    outer loop
      vertex 29.6 183.8 38.4
      vertex 25.1 178.484 38.4
      vertex 29.6 116.2 38.4
    endloop
  endfacet
  facet normal -0 0 1
    outer loop
      vertex 25.1 121.516 38.4
      vertex 29.6 116.2 38.4
      vertex 25.1 178.484 38.4
    endloop
  endfacet
  facet normal -0 0 1
    outer loop
      vertex 24.4244 118.64 38.4
      vertex 29.6 116.2 38.4
      vertex 25.1 121.516 38.4
    endloop
  endfacet
  facet normal 0 0 1
    outer loop
      vertex 25.1 112.4 38.4
      vertex 29.6 116.2 38.4
      vertex 25.1 115.284 38.4
    endloop
  endfacet
  facet normal 0 0 1
    outer loop
      vertex 29.6 116.2 38.4
      vertex 25.1 112.4 38.4
      vertex 113.9 112.4 38.4
    endloop
  endfacet
  facet normal 0 0 1
    outer loop
      vertex 23.7202 119.86 38.4
      vertex 25.1 121.516 38.4
      vertex 25.035 121.573 38.4
    endloop
  endfacet
  facet normal -0 0 1
    outer loop
      vertex 24.4246 118.162 38.4
      vertex 29.6 116.2 38.4
      vertex 24.4402 118.4 38.4
    endloop
  endfacet
  facet normal 0 0 1
    outer loop
      vertex 23.718 119.861 38.4
      vertex 25.035 121.573 38.4
      vertex 24.6 121.864 38.4
    endloop
  endfacet
  facet normal -0 0 1
    outer loop
      vertex 24.4244 118.16 38.4
      vertex 29.6 116.2 38.4
      vertex 24.4246 118.162 38.4
    endloop
  endfacet
  facet normal -0 0 1
    outer loop
      vertex 24.378 117.926 38.4
      vertex 29.6 116.2 38.4
      vertex 24.4244 118.16 38.4
    endloop
  endfacet
  facet normal 0 0 1
    outer loop
      vertex 29.6 116.2 38.4
      vertex 24.4246 118.638 38.4
      vertex 24.4402 118.4 38.4
    endloop
  endfacet
  facet normal 0 0 1
    outer loop
      vertex 29.6 116.2 38.4
      vertex 24.4244 118.64 38.4
      vertex 24.4246 118.638 38.4
    endloop
  endfacet
  facet normal 0 0 1
    outer loop
      vertex 25.1 121.516 38.4
      vertex 24.378 118.874 38.4
      vertex 24.4244 118.64 38.4
    endloop
  endfacet
  facet normal 0 0 1
    outer loop
      vertex 25.1 121.516 38.4
      vertex 24.3775 118.876 38.4
      vertex 24.378 118.874 38.4
    endloop
  endfacet
  facet normal 0 0 1
    outer loop
      vertex 25.1 121.516 38.4
      vertex 24.301 119.102 38.4
      vertex 24.3775 118.876 38.4
    endloop
  endfacet
  facet normal 0 0 1
    outer loop
      vertex 25.1 121.516 38.4
      vertex 24.3001 119.104 38.4
      vertex 24.301 119.102 38.4
    endloop
  endfacet
  facet normal 0 0 1
    outer loop
      vertex 25.1 121.516 38.4
      vertex 24.2989 119.107 38.4
      vertex 24.3001 119.104 38.4
    endloop
  endfacet
  facet normal 0 0 1
    outer loop
      vertex 25.1 121.516 38.4
      vertex 24.1936 119.32 38.4
      vertex 24.2989 119.107 38.4
    endloop
  endfacet
  facet normal 0 0 1
    outer loop
      vertex 23.5201 119.994 38.4
      vertex 24.6 121.864 38.4
      vertex 24.1307 122.096 38.4
    endloop
  endfacet
  facet normal 0 0 1
    outer loop
      vertex 25.1 121.516 38.4
      vertex 24.0614 119.518 38.4
      vertex 24.1936 119.32 38.4
    endloop
  endfacet
  facet normal 0 0 1
    outer loop
      vertex 25.1 121.516 38.4
      vertex 24.0599 119.52 38.4
      vertex 24.0614 119.518 38.4
    endloop
  endfacet
  facet normal 0 0 1
    outer loop
      vertex 25.1 121.516 38.4
      vertex 24.0581 119.522 38.4
      vertex 24.0599 119.52 38.4
    endloop
  endfacet
  facet normal 0 0 1
    outer loop
      vertex 25.1 121.516 38.4
      vertex 23.9012 119.701 38.4
      vertex 24.0581 119.522 38.4
    endloop
  endfacet
  facet normal 0 0 1
    outer loop
      vertex 25.1 121.516 38.4
      vertex 23.7222 119.858 38.4
      vertex 23.9012 119.701 38.4
    endloop
  endfacet
  facet normal 0 0 1
    outer loop
      vertex 25.1 121.516 38.4
      vertex 23.7202 119.86 38.4
      vertex 23.7222 119.858 38.4
    endloop
  endfacet
  facet normal 0 0 1
    outer loop
      vertex 25.035 121.573 38.4
      vertex 23.718 119.861 38.4
      vertex 23.7202 119.86 38.4
    endloop
  endfacet
  facet normal 0 0 1
    outer loop
      vertex 23.3017 120.101 38.4
      vertex 24.1307 122.096 38.4
      vertex 23.6353 122.264 38.4
    endloop
  endfacet
  facet normal 0 0 1
    outer loop
      vertex 24.6 121.864 38.4
      vertex 23.5201 119.994 38.4
      vertex 23.718 119.861 38.4
    endloop
  endfacet
  facet normal 0 0 1
    outer loop
      vertex 24.1307 122.096 38.4
      vertex 23.3066 120.099 38.4
      vertex 23.5201 119.994 38.4
    endloop
  endfacet
  facet normal 0 0 1
    outer loop
      vertex 24.1307 122.096 38.4
      vertex 23.3042 120.1 38.4
      vertex 23.3066 120.099 38.4
    endloop
  endfacet
  facet normal 0 0 1
    outer loop
      vertex 24.1307 122.096 38.4
      vertex 23.3017 120.101 38.4
      vertex 23.3042 120.1 38.4
    endloop
  endfacet
  facet normal 0 0 1
    outer loop
      vertex 23.0736 120.178 38.4
      vertex 23.6353 122.264 38.4
      vertex 23.1221 122.366 38.4
    endloop
  endfacet
  facet normal 0 0 1
    outer loop
      vertex 23.6353 122.264 38.4
      vertex 23.0763 120.177 38.4
      vertex 23.3017 120.101 38.4
    endloop
  endfacet
  facet normal 0 0 1
    outer loop
      vertex 23.6353 122.264 38.4
      vertex 23.0736 120.178 38.4
      vertex 23.0763 120.177 38.4
    endloop
  endfacet
  facet normal 0 0 1
    outer loop
      vertex 23.1221 122.366 38.4
      vertex 22.8402 120.224 38.4
      vertex 23.0736 120.178 38.4
    endloop
  endfacet
  facet normal 0 0 1
    outer loop
      vertex 23.1221 122.366 38.4
      vertex 22.8375 120.225 38.4
      vertex 22.8402 120.224 38.4
    endloop
  endfacet
  facet normal 0 0 1
    outer loop
      vertex 23.1221 122.366 38.4
      vertex 22.6 120.24 38.4
      vertex 22.8375 120.225 38.4
    endloop
  endfacet
  facet normal 0 0 1
    outer loop
      vertex 22.6 122.4 38.4
      vertex 22.6 120.24 38.4
      vertex 23.1221 122.366 38.4
    endloop
  endfacet
  facet normal 0 0 1
    outer loop
      vertex 22.6 122.4 38.4
      vertex 22.3625 120.225 38.4
      vertex 22.6 120.24 38.4
    endloop
  endfacet
  facet normal -0 0 1
    outer loop
      vertex 22.0779 122.366 38.4
      vertex 22.3625 120.225 38.4
      vertex 22.6 122.4 38.4
    endloop
  endfacet
  facet normal 0 0 1
    outer loop
      vertex 22.3625 120.225 38.4
      vertex 22.0779 122.366 38.4
      vertex 22.3598 120.224 38.4
    endloop
  endfacet
  facet normal 0 0 1
    outer loop
      vertex 22.3598 120.224 38.4
      vertex 22.0779 122.366 38.4
      vertex 22.1264 120.178 38.4
    endloop
  endfacet
  facet normal -0 0 1
    outer loop
      vertex 21.5647 122.264 38.4
      vertex 22.1264 120.178 38.4
      vertex 22.0779 122.366 38.4
    endloop
  endfacet
  facet normal 0 0 1
    outer loop
      vertex 22.1264 120.178 38.4
      vertex 21.5647 122.264 38.4
      vertex 22.1237 120.177 38.4
    endloop
  endfacet
  facet normal 0 0 1
    outer loop
      vertex 22.1237 120.177 38.4
      vertex 21.5647 122.264 38.4
      vertex 21.8983 120.101 38.4
    endloop
  endfacet
  facet normal -0 0 1
    outer loop
      vertex 21.0693 122.096 38.4
      vertex 21.8983 120.101 38.4
      vertex 21.5647 122.264 38.4
    endloop
  endfacet
  facet normal 0 0 1
    outer loop
      vertex 21.8983 120.101 38.4
      vertex 21.0693 122.096 38.4
      vertex 21.8958 120.1 38.4
    endloop
  endfacet
  facet normal 0 0 1
    outer loop
      vertex 21.8958 120.1 38.4
      vertex 21.0693 122.096 38.4
      vertex 21.8934 120.099 38.4
    endloop
  endfacet
  facet normal 0 0 1
    outer loop
      vertex 21.8934 120.099 38.4
      vertex 21.0693 122.096 38.4
      vertex 21.6799 119.994 38.4
    endloop
  endfacet
  facet normal -0 0 1
    outer loop
      vertex 20.6 121.864 38.4
      vertex 21.6799 119.994 38.4
      vertex 21.0693 122.096 38.4
    endloop
  endfacet
  facet normal 0 0 1
    outer loop
      vertex 21.6799 119.994 38.4
      vertex 20.6 121.864 38.4
      vertex 21.482 119.861 38.4
    endloop
  endfacet
  facet normal -0 0 1
    outer loop
      vertex 20.165 121.573 38.4
      vertex 21.482 119.861 38.4
      vertex 20.6 121.864 38.4
    endloop
  endfacet
  facet normal 0 0 1
    outer loop
      vertex 21.482 119.861 38.4
      vertex 20.165 121.573 38.4
      vertex 21.4798 119.86 38.4
    endloop
  endfacet
  facet normal 0 0 1
    outer loop
      vertex 21.4798 119.86 38.4
      vertex 20.165 121.573 38.4
      vertex 21.4778 119.858 38.4
    endloop
  endfacet
  facet normal 0 0 1
    outer loop
      vertex 21.4778 119.858 38.4
      vertex 20.165 121.573 38.4
      vertex 21.2988 119.701 38.4
    endloop
  endfacet
  facet normal -0 0 1
    outer loop
      vertex 19.7716 121.228 38.4
      vertex 21.2988 119.701 38.4
      vertex 20.165 121.573 38.4
    endloop
  endfacet
  facet normal 0 0 1
    outer loop
      vertex 21.2988 119.701 38.4
      vertex 19.7716 121.228 38.4
      vertex 21.1419 119.522 38.4
    endloop
  endfacet
  facet normal -0 0 1
    outer loop
      vertex 19.4266 120.835 38.4
      vertex 21.1419 119.522 38.4
      vertex 19.7716 121.228 38.4
    endloop
  endfacet
  facet normal 0 0 1
    outer loop
      vertex 21.1419 119.522 38.4
      vertex 19.4266 120.835 38.4
      vertex 21.1401 119.52 38.4
    endloop
  endfacet
  facet normal 0 0 1
    outer loop
      vertex 21.1401 119.52 38.4
      vertex 19.4266 120.835 38.4
      vertex 21.1386 119.518 38.4
    endloop
  endfacet
  facet normal 0 0 1
    outer loop
      vertex 21.1386 119.518 38.4
      vertex 19.4266 120.835 38.4
      vertex 21.0064 119.32 38.4
    endloop
  endfacet
  facet normal -0 0 1
    outer loop
      vertex 19.1359 120.4 38.4
      vertex 21.0064 119.32 38.4
      vertex 19.4266 120.835 38.4
    endloop
  endfacet
  facet normal 0 0 1
    outer loop
      vertex 21.0064 119.32 38.4
      vertex 19.1359 120.4 38.4
      vertex 20.9011 119.107 38.4
    endloop
  endfacet
  facet normal 0 0 1
    outer loop
      vertex 18.6342 118.922 38.4
      vertex 20.7754 118.638 38.4
      vertex 20.7756 118.64 38.4
    endloop
  endfacet
  facet normal 0 0 1
    outer loop
      vertex 20.9011 119.107 38.4
      vertex 18.9045 119.931 38.4
      vertex 20.8999 119.104 38.4
    endloop
  endfacet
  facet normal -0 0 1
    outer loop
      vertex 18.9045 119.931 38.4
      vertex 20.9011 119.107 38.4
      vertex 19.1359 120.4 38.4
    endloop
  endfacet
  facet normal 0 0 1
    outer loop
      vertex 23.7202 183.06 38.4
      vertex 25.1 184.716 38.4
      vertex 25.035 184.773 38.4
    endloop
  endfacet
  facet normal 0 0 1
    outer loop
      vertex 24.4246 181.362 38.4
      vertex 29.6 183.8 38.4
      vertex 24.4402 181.6 38.4
    endloop
  endfacet
  facet normal 0 0 1
    outer loop
      vertex 23.718 183.061 38.4
      vertex 25.035 184.773 38.4
      vertex 24.6 185.064 38.4
    endloop
  endfacet
  facet normal 0 0 1
    outer loop
      vertex 24.4244 181.36 38.4
      vertex 29.6 183.8 38.4
      vertex 24.4246 181.362 38.4
    endloop
  endfacet
  facet normal 0 0 1
    outer loop
      vertex 29.6 183.8 38.4
      vertex 24.4244 181.36 38.4
      vertex 25.1 178.484 38.4
    endloop
  endfacet
  facet normal 0 0 1
    outer loop
      vertex 29.6 183.8 38.4
      vertex 24.4246 181.838 38.4
      vertex 24.4402 181.6 38.4
    endloop
  endfacet
  facet normal 0 0 1
    outer loop
      vertex 29.6 183.8 38.4
      vertex 24.4244 181.84 38.4
      vertex 24.4246 181.838 38.4
    endloop
  endfacet
  facet normal 0 0 1
    outer loop
      vertex 29.6 183.8 38.4
      vertex 24.378 182.074 38.4
      vertex 24.4244 181.84 38.4
    endloop
  endfacet
  facet normal 0 0 1
    outer loop
      vertex 29.6 183.8 38.4
      vertex 24.3775 182.076 38.4
      vertex 24.378 182.074 38.4
    endloop
  endfacet
  facet normal 0 0 1
    outer loop
      vertex 25.1 184.716 38.4
      vertex 24.301 182.302 38.4
      vertex 24.3775 182.076 38.4
    endloop
  endfacet
  facet normal 0 0 1
    outer loop
      vertex 25.1 184.716 38.4
      vertex 24.3001 182.304 38.4
      vertex 24.301 182.302 38.4
    endloop
  endfacet
  facet normal 0 0 1
    outer loop
      vertex 25.1 184.716 38.4
      vertex 24.2989 182.307 38.4
      vertex 24.3001 182.304 38.4
    endloop
  endfacet
  facet normal 0 0 1
    outer loop
      vertex 25.1 184.716 38.4
      vertex 24.1936 182.52 38.4
      vertex 24.2989 182.307 38.4
    endloop
  endfacet
  facet normal 0 0 1
    outer loop
      vertex 23.5201 183.194 38.4
      vertex 24.6 185.064 38.4
      vertex 24.1307 185.296 38.4
    endloop
  endfacet
  facet normal 0 0 1
    outer loop
      vertex 25.1 184.716 38.4
      vertex 24.0614 182.718 38.4
      vertex 24.1936 182.52 38.4
    endloop
  endfacet
  facet normal 0 0 1
    outer loop
      vertex 25.1 184.716 38.4
      vertex 24.0599 182.72 38.4
      vertex 24.0614 182.718 38.4
    endloop
  endfacet
  facet normal 0 0 1
    outer loop
      vertex 25.1 184.716 38.4
      vertex 24.0581 182.722 38.4
      vertex 24.0599 182.72 38.4
    endloop
  endfacet
  facet normal 0 0 1
    outer loop
      vertex 25.1 184.716 38.4
      vertex 23.9012 182.901 38.4
      vertex 24.0581 182.722 38.4
    endloop
  endfacet
  facet normal 0 0 1
    outer loop
      vertex 25.1 184.716 38.4
      vertex 23.7222 183.058 38.4
      vertex 23.9012 182.901 38.4
    endloop
  endfacet
  facet normal 0 0 1
    outer loop
      vertex 25.1 184.716 38.4
      vertex 23.7202 183.06 38.4
      vertex 23.7222 183.058 38.4
    endloop
  endfacet
  facet normal 0 0 1
    outer loop
      vertex 25.035 184.773 38.4
      vertex 23.718 183.061 38.4
      vertex 23.7202 183.06 38.4
    endloop
  endfacet
  facet normal 0 0 1
    outer loop
      vertex 23.3017 183.301 38.4
      vertex 24.1307 185.296 38.4
      vertex 23.6353 185.464 38.4
    endloop
  endfacet
  facet normal 0 0 1
    outer loop
      vertex 24.6 185.064 38.4
      vertex 23.5201 183.194 38.4
      vertex 23.718 183.061 38.4
    endloop
  endfacet
  facet normal 0 0 1
    outer loop
      vertex 24.1307 185.296 38.4
      vertex 23.3066 183.299 38.4
      vertex 23.5201 183.194 38.4
    endloop
  endfacet
  facet normal 0 0 1
    outer loop
      vertex 24.1307 185.296 38.4
      vertex 23.3042 183.3 38.4
      vertex 23.3066 183.299 38.4
    endloop
  endfacet
  facet normal 0 0 1
    outer loop
      vertex 24.1307 185.296 38.4
      vertex 23.3017 183.301 38.4
      vertex 23.3042 183.3 38.4
    endloop
  endfacet
  facet normal 0 0 1
    outer loop
      vertex 23.0736 183.378 38.4
      vertex 23.6353 185.464 38.4
      vertex 23.1221 185.566 38.4
    endloop
  endfacet
  facet normal 0 0 1
    outer loop
      vertex 23.6353 185.464 38.4
      vertex 23.0763 183.377 38.4
      vertex 23.3017 183.301 38.4
    endloop
  endfacet
  facet normal 0 0 1
    outer loop
      vertex 23.6353 185.464 38.4
      vertex 23.0736 183.378 38.4
      vertex 23.0763 183.377 38.4
    endloop
  endfacet
  facet normal 0 0 1
    outer loop
      vertex 23.1221 185.566 38.4
      vertex 22.8402 183.424 38.4
      vertex 23.0736 183.378 38.4
    endloop
  endfacet
  facet normal 0 0 1
    outer loop
      vertex 23.1221 185.566 38.4
      vertex 22.8375 183.425 38.4
      vertex 22.8402 183.424 38.4
    endloop
  endfacet
  facet normal 0 0 1
    outer loop
      vertex 23.1221 185.566 38.4
      vertex 22.6 183.44 38.4
      vertex 22.8375 183.425 38.4
    endloop
  endfacet
  facet normal 0 0 1
    outer loop
      vertex 22.6 185.6 38.4
      vertex 22.6 183.44 38.4
      vertex 23.1221 185.566 38.4
    endloop
  endfacet
  facet normal 0 0 1
    outer loop
      vertex 22.6 185.6 38.4
      vertex 22.3625 183.425 38.4
      vertex 22.6 183.44 38.4
    endloop
  endfacet
  facet normal -0 0 1
    outer loop
      vertex 22.0779 185.566 38.4
      vertex 22.3625 183.425 38.4
      vertex 22.6 185.6 38.4
    endloop
  endfacet
  facet normal 0 0 1
    outer loop
      vertex 22.3625 183.425 38.4
      vertex 22.0779 185.566 38.4
      vertex 22.3598 183.424 38.4
    endloop
  endfacet
  facet normal 0 0 1
    outer loop
      vertex 22.3598 183.424 38.4
      vertex 22.0779 185.566 38.4
      vertex 22.1264 183.378 38.4
    endloop
  endfacet
  facet normal -0 0 1
    outer loop
      vertex 21.5647 185.464 38.4
      vertex 22.1264 183.378 38.4
      vertex 22.0779 185.566 38.4
    endloop
  endfacet
  facet normal 0 0 1
    outer loop
      vertex 22.1264 183.378 38.4
      vertex 21.5647 185.464 38.4
      vertex 22.1237 183.377 38.4
    endloop
  endfacet
  facet normal 0 0 1
    outer loop
      vertex 22.1237 183.377 38.4
      vertex 21.5647 185.464 38.4
      vertex 21.8983 183.301 38.4
    endloop
  endfacet
  facet normal -0 0 1
    outer loop
      vertex 21.0693 185.296 38.4
      vertex 21.8983 183.301 38.4
      vertex 21.5647 185.464 38.4
    endloop
  endfacet
  facet normal 0 0 1
    outer loop
      vertex 21.8983 183.301 38.4
      vertex 21.0693 185.296 38.4
      vertex 21.8958 183.3 38.4
    endloop
  endfacet
  facet normal 0 0 1
    outer loop
      vertex 21.8958 183.3 38.4
      vertex 21.0693 185.296 38.4
      vertex 21.8934 183.299 38.4
    endloop
  endfacet
  facet normal 0 0 1
    outer loop
      vertex 21.8934 183.299 38.4
      vertex 21.0693 185.296 38.4
      vertex 21.6799 183.194 38.4
    endloop
  endfacet
  facet normal -0 0 1
    outer loop
      vertex 20.6 185.064 38.4
      vertex 21.6799 183.194 38.4
      vertex 21.0693 185.296 38.4
    endloop
  endfacet
  facet normal 0 0 1
    outer loop
      vertex 21.6799 183.194 38.4
      vertex 20.6 185.064 38.4
      vertex 21.482 183.061 38.4
    endloop
  endfacet
  facet normal -0 0 1
    outer loop
      vertex 20.165 184.773 38.4
      vertex 21.482 183.061 38.4
      vertex 20.6 185.064 38.4
    endloop
  endfacet
  facet normal 0 0 1
    outer loop
      vertex 21.482 183.061 38.4
      vertex 20.165 184.773 38.4
      vertex 21.4798 183.06 38.4
    endloop
  endfacet
  facet normal 0 0 1
    outer loop
      vertex 21.4798 183.06 38.4
      vertex 20.165 184.773 38.4
      vertex 21.4778 183.058 38.4
    endloop
  endfacet
  facet normal 0 0 1
    outer loop
      vertex 21.4778 183.058 38.4
      vertex 20.165 184.773 38.4
      vertex 21.2988 182.901 38.4
    endloop
  endfacet
  facet normal -0 0 1
    outer loop
      vertex 19.7716 184.428 38.4
      vertex 21.2988 182.901 38.4
      vertex 20.165 184.773 38.4
    endloop
  endfacet
  facet normal 0 0 1
    outer loop
      vertex 21.2988 182.901 38.4
      vertex 19.7716 184.428 38.4
      vertex 21.1419 182.722 38.4
    endloop
  endfacet
  facet normal -0 0 1
    outer loop
      vertex 19.4266 184.035 38.4
      vertex 21.1419 182.722 38.4
      vertex 19.7716 184.428 38.4
    endloop
  endfacet
  facet normal 0 0 1
    outer loop
      vertex 21.1419 182.722 38.4
      vertex 19.4266 184.035 38.4
      vertex 21.1401 182.72 38.4
    endloop
  endfacet
  facet normal 0 0 1
    outer loop
      vertex 21.1401 182.72 38.4
      vertex 19.4266 184.035 38.4
      vertex 21.1386 182.718 38.4
    endloop
  endfacet
  facet normal 0 0 1
    outer loop
      vertex 21.1386 182.718 38.4
      vertex 19.4266 184.035 38.4
      vertex 21.0064 182.52 38.4
    endloop
  endfacet
  facet normal -0 0 1
    outer loop
      vertex 19.1359 183.6 38.4
      vertex 21.0064 182.52 38.4
      vertex 19.4266 184.035 38.4
    endloop
  endfacet
  facet normal 0 0 1
    outer loop
      vertex 21.0064 182.52 38.4
      vertex 19.1359 183.6 38.4
      vertex 20.9011 182.307 38.4
    endloop
  endfacet
  facet normal 0 0 1
    outer loop
      vertex 18.6342 182.122 38.4
      vertex 20.7754 181.838 38.4
      vertex 20.7756 181.84 38.4
    endloop
  endfacet
  facet normal 0 0 1
    outer loop
      vertex 20.9011 182.307 38.4
      vertex 18.9045 183.131 38.4
      vertex 20.8999 182.304 38.4
    endloop
  endfacet
  facet normal -0 0 1
    outer loop
      vertex 18.9045 183.131 38.4
      vertex 20.9011 182.307 38.4
      vertex 19.1359 183.6 38.4
    endloop
  endfacet
  facet normal -0 0 1
    outer loop
      vertex 24.378 181.126 38.4
      vertex 25.1 178.484 38.4
      vertex 24.4244 181.36 38.4
    endloop
  endfacet
  facet normal -0 0 1
    outer loop
      vertex 24.3775 181.124 38.4
      vertex 25.1 178.484 38.4
      vertex 24.378 181.126 38.4
    endloop
  endfacet
  facet normal -0 0 1
    outer loop
      vertex 24.301 180.898 38.4
      vertex 25.1 178.484 38.4
      vertex 24.3775 181.124 38.4
    endloop
  endfacet
  facet normal -0 0 1
    outer loop
      vertex 24.3001 180.896 38.4
      vertex 25.1 178.484 38.4
      vertex 24.301 180.898 38.4
    endloop
  endfacet
  facet normal -0 0 1
    outer loop
      vertex 24.2989 180.893 38.4
      vertex 25.1 178.484 38.4
      vertex 24.3001 180.896 38.4
    endloop
  endfacet
  facet normal -0 0 1
    outer loop
      vertex 24.1936 180.68 38.4
      vertex 25.1 178.484 38.4
      vertex 24.2989 180.893 38.4
    endloop
  endfacet
  facet normal -0 0 1
    outer loop
      vertex 24.0614 180.482 38.4
      vertex 25.1 178.484 38.4
      vertex 24.1936 180.68 38.4
    endloop
  endfacet
  facet normal -0 0 1
    outer loop
      vertex 24.0599 180.48 38.4
      vertex 25.1 178.484 38.4
      vertex 24.0614 180.482 38.4
    endloop
  endfacet
  facet normal -0 0 1
    outer loop
      vertex 24.0581 180.478 38.4
      vertex 25.1 178.484 38.4
      vertex 24.0599 180.48 38.4
    endloop
  endfacet
  facet normal -0 0 1
    outer loop
      vertex 23.9012 180.299 38.4
      vertex 25.1 178.484 38.4
      vertex 24.0581 180.478 38.4
    endloop
  endfacet
  facet normal -0 0 1
    outer loop
      vertex 23.7222 180.142 38.4
      vertex 25.1 178.484 38.4
      vertex 23.9012 180.299 38.4
    endloop
  endfacet
  facet normal -0 0 1
    outer loop
      vertex 23.7202 180.14 38.4
      vertex 25.1 178.484 38.4
      vertex 23.7222 180.142 38.4
    endloop
  endfacet
  facet normal 0 0 1
    outer loop
      vertex 25.1 178.484 38.4
      vertex 23.7202 180.14 38.4
      vertex 25.035 178.427 38.4
    endloop
  endfacet
  facet normal -0 0 1
    outer loop
      vertex 23.718 180.139 38.4
      vertex 25.035 178.427 38.4
      vertex 23.7202 180.14 38.4
    endloop
  endfacet
  facet normal 0 0 1
    outer loop
      vertex 25.035 178.427 38.4
      vertex 23.718 180.139 38.4
      vertex 24.6 178.136 38.4
    endloop
  endfacet
  facet normal -0 0 1
    outer loop
      vertex 23.5201 180.006 38.4
      vertex 24.6 178.136 38.4
      vertex 23.718 180.139 38.4
    endloop
  endfacet
  facet normal 0 0 1
    outer loop
      vertex 24.6 178.136 38.4
      vertex 23.5201 180.006 38.4
      vertex 24.1307 177.904 38.4
    endloop
  endfacet
  facet normal -0 0 1
    outer loop
      vertex 23.3066 179.901 38.4
      vertex 24.1307 177.904 38.4
      vertex 23.5201 180.006 38.4
    endloop
  endfacet
  facet normal -0 0 1
    outer loop
      vertex 23.3042 179.9 38.4
      vertex 24.1307 177.904 38.4
      vertex 23.3066 179.901 38.4
    endloop
  endfacet
  facet normal -0 0 1
    outer loop
      vertex 23.3017 179.899 38.4
      vertex 24.1307 177.904 38.4
      vertex 23.3042 179.9 38.4
    endloop
  endfacet
  facet normal 0 0 1
    outer loop
      vertex 24.1307 177.904 38.4
      vertex 23.3017 179.899 38.4
      vertex 23.6353 177.736 38.4
    endloop
  endfacet
  facet normal -0 0 1
    outer loop
      vertex 23.0763 179.823 38.4
      vertex 23.6353 177.736 38.4
      vertex 23.3017 179.899 38.4
    endloop
  endfacet
  facet normal -0 0 1
    outer loop
      vertex 23.0736 179.822 38.4
      vertex 23.6353 177.736 38.4
      vertex 23.0763 179.823 38.4
    endloop
  endfacet
  facet normal 0 0 1
    outer loop
      vertex 23.6353 177.736 38.4
      vertex 23.0736 179.822 38.4
      vertex 23.1221 177.634 38.4
    endloop
  endfacet
  facet normal -0 0 1
    outer loop
      vertex 22.8402 179.776 38.4
      vertex 23.1221 177.634 38.4
      vertex 23.0736 179.822 38.4
    endloop
  endfacet
  facet normal -0 0 1
    outer loop
      vertex 22.8375 179.775 38.4
      vertex 23.1221 177.634 38.4
      vertex 22.8402 179.776 38.4
    endloop
  endfacet
  facet normal -0 0 1
    outer loop
      vertex 22.6 179.76 38.4
      vertex 23.1221 177.634 38.4
      vertex 22.8375 179.775 38.4
    endloop
  endfacet
  facet normal 0 0 1
    outer loop
      vertex 22.6 179.76 38.4
      vertex 22.6 177.6 38.4
      vertex 23.1221 177.634 38.4
    endloop
  endfacet
  facet normal 0 0 1
    outer loop
      vertex 22.3625 179.775 38.4
      vertex 22.6 177.6 38.4
      vertex 22.6 179.76 38.4
    endloop
  endfacet
  facet normal 0 0 1
    outer loop
      vertex 22.0779 177.634 38.4
      vertex 22.3625 179.775 38.4
      vertex 22.3598 179.776 38.4
    endloop
  endfacet
  facet normal 0 0 1
    outer loop
      vertex 22.0779 177.634 38.4
      vertex 22.3598 179.776 38.4
      vertex 22.1264 179.822 38.4
    endloop
  endfacet
  facet normal 0 0 1
    outer loop
      vertex 21.5647 177.736 38.4
      vertex 22.1264 179.822 38.4
      vertex 22.1237 179.823 38.4
    endloop
  endfacet
  facet normal 0 0 1
    outer loop
      vertex 22.3625 179.775 38.4
      vertex 22.0779 177.634 38.4
      vertex 22.6 177.6 38.4
    endloop
  endfacet
  facet normal 0 0 1
    outer loop
      vertex 21.5647 177.736 38.4
      vertex 22.1237 179.823 38.4
      vertex 21.8983 179.899 38.4
    endloop
  endfacet
  facet normal 0 0 1
    outer loop
      vertex 21.0693 177.904 38.4
      vertex 21.8983 179.899 38.4
      vertex 21.8958 179.9 38.4
    endloop
  endfacet
  facet normal 0 0 1
    outer loop
      vertex 21.0693 177.904 38.4
      vertex 21.8958 179.9 38.4
      vertex 21.8934 179.901 38.4
    endloop
  endfacet
  facet normal 0 0 1
    outer loop
      vertex 21.0693 177.904 38.4
      vertex 21.8934 179.901 38.4
      vertex 21.6799 180.006 38.4
    endloop
  endfacet
  facet normal 0 0 1
    outer loop
      vertex 22.1264 179.822 38.4
      vertex 21.5647 177.736 38.4
      vertex 22.0779 177.634 38.4
    endloop
  endfacet
  facet normal 0 0 1
    outer loop
      vertex 20.6 178.136 38.4
      vertex 21.6799 180.006 38.4
      vertex 21.482 180.139 38.4
    endloop
  endfacet
  facet normal 0 0 1
    outer loop
      vertex 20.165 178.427 38.4
      vertex 21.482 180.139 38.4
      vertex 21.4798 180.14 38.4
    endloop
  endfacet
  facet normal 0 0 1
    outer loop
      vertex 20.165 178.427 38.4
      vertex 21.4798 180.14 38.4
      vertex 21.4778 180.142 38.4
    endloop
  endfacet
  facet normal 0 0 1
    outer loop
      vertex 20.165 178.427 38.4
      vertex 21.4778 180.142 38.4
      vertex 21.2988 180.299 38.4
    endloop
  endfacet
  facet normal 0 0 1
    outer loop
      vertex 19.7716 178.772 38.4
      vertex 21.2988 180.299 38.4
      vertex 21.1419 180.478 38.4
    endloop
  endfacet
  facet normal 0 0 1
    outer loop
      vertex 19.4266 179.165 38.4
      vertex 21.1419 180.478 38.4
      vertex 21.1401 180.48 38.4
    endloop
  endfacet
  facet normal 0 0 1
    outer loop
      vertex 19.4266 179.165 38.4
      vertex 21.1401 180.48 38.4
      vertex 21.1386 180.482 38.4
    endloop
  endfacet
  facet normal 0 0 1
    outer loop
      vertex 21.8983 179.899 38.4
      vertex 21.0693 177.904 38.4
      vertex 21.5647 177.736 38.4
    endloop
  endfacet
  facet normal 0 0 1
    outer loop
      vertex 19.4266 179.165 38.4
      vertex 21.1386 180.482 38.4
      vertex 21.0064 180.68 38.4
    endloop
  endfacet
  facet normal 0 0 1
    outer loop
      vertex 19.1359 179.6 38.4
      vertex 21.0064 180.68 38.4
      vertex 20.9011 180.893 38.4
    endloop
  endfacet
  facet normal 0 0 1
    outer loop
      vertex 18.9045 180.069 38.4
      vertex 20.9011 180.893 38.4
      vertex 20.8999 180.896 38.4
    endloop
  endfacet
  facet normal 0 0 1
    outer loop
      vertex 18.9045 180.069 38.4
      vertex 20.8999 180.896 38.4
      vertex 20.899 180.898 38.4
    endloop
  endfacet
  facet normal 0 0 1
    outer loop
      vertex 18.9045 180.069 38.4
      vertex 20.899 180.898 38.4
      vertex 20.8225 181.124 38.4
    endloop
  endfacet
  facet normal 0 0 1
    outer loop
      vertex 18.7363 180.565 38.4
      vertex 20.8225 181.124 38.4
      vertex 20.822 181.126 38.4
    endloop
  endfacet
  facet normal 0 0 1
    outer loop
      vertex 18.7363 180.565 38.4
      vertex 20.822 181.126 38.4
      vertex 20.7756 181.36 38.4
    endloop
  endfacet
  facet normal 0 0 1
    outer loop
      vertex 21.6799 180.006 38.4
      vertex 20.6 178.136 38.4
      vertex 21.0693 177.904 38.4
    endloop
  endfacet
  facet normal 0 0 1
    outer loop
      vertex 18.6342 181.078 38.4
      vertex 20.7756 181.36 38.4
      vertex 20.7754 181.362 38.4
    endloop
  endfacet
  facet normal 0 0 1
    outer loop
      vertex 18.6342 181.078 38.4
      vertex 20.7754 181.362 38.4
      vertex 20.7598 181.6 38.4
    endloop
  endfacet
  facet normal 0 0 1
    outer loop
      vertex 20.8999 182.304 38.4
      vertex 18.9045 183.131 38.4
      vertex 20.899 182.302 38.4
    endloop
  endfacet
  facet normal 0 0 1
    outer loop
      vertex 20.899 182.302 38.4
      vertex 18.9045 183.131 38.4
      vertex 20.8225 182.076 38.4
    endloop
  endfacet
  facet normal 0 0 1
    outer loop
      vertex 21.482 180.139 38.4
      vertex 20.165 178.427 38.4
      vertex 20.6 178.136 38.4
    endloop
  endfacet
  facet normal -0 0 1
    outer loop
      vertex 18.7363 182.635 38.4
      vertex 20.8225 182.076 38.4
      vertex 18.9045 183.131 38.4
    endloop
  endfacet
  facet normal 0 0 1
    outer loop
      vertex 21.2988 180.299 38.4
      vertex 19.7716 178.772 38.4
      vertex 20.165 178.427 38.4
    endloop
  endfacet
  facet normal 0 0 1
    outer loop
      vertex 20.8225 182.076 38.4
      vertex 18.7363 182.635 38.4
      vertex 20.822 182.074 38.4
    endloop
  endfacet
  facet normal 0 0 1
    outer loop
      vertex 21.1419 180.478 38.4
      vertex 19.4266 179.165 38.4
      vertex 19.7716 178.772 38.4
    endloop
  endfacet
  facet normal 0 0 1
    outer loop
      vertex 20.822 182.074 38.4
      vertex 18.7363 182.635 38.4
      vertex 20.7756 181.84 38.4
    endloop
  endfacet
  facet normal 0 0 1
    outer loop
      vertex 21.0064 180.68 38.4
      vertex 19.1359 179.6 38.4
      vertex 19.4266 179.165 38.4
    endloop
  endfacet
  facet normal -0 0 1
    outer loop
      vertex 18.6342 182.122 38.4
      vertex 20.7756 181.84 38.4
      vertex 18.7363 182.635 38.4
    endloop
  endfacet
  facet normal 0 0 1
    outer loop
      vertex 20.9011 180.893 38.4
      vertex 18.9045 180.069 38.4
      vertex 19.1359 179.6 38.4
    endloop
  endfacet
  facet normal 0 0 1
    outer loop
      vertex 20.7754 181.838 38.4
      vertex 18.6342 182.122 38.4
      vertex 20.7598 181.6 38.4
    endloop
  endfacet
  facet normal 0 0 1
    outer loop
      vertex 20.8225 181.124 38.4
      vertex 18.7363 180.565 38.4
      vertex 18.9045 180.069 38.4
    endloop
  endfacet
  facet normal 0 0 1
    outer loop
      vertex 18.6 181.6 38.4
      vertex 20.7598 181.6 38.4
      vertex 18.6342 182.122 38.4
    endloop
  endfacet
  facet normal 0 0 1
    outer loop
      vertex 20.7756 181.36 38.4
      vertex 18.6342 181.078 38.4
      vertex 18.7363 180.565 38.4
    endloop
  endfacet
  facet normal 0 0 1
    outer loop
      vertex 20.7598 181.6 38.4
      vertex 18.6 181.6 38.4
      vertex 18.6342 181.078 38.4
    endloop
  endfacet
  facet normal -0 0 1
    outer loop
      vertex 24.3775 117.924 38.4
      vertex 29.6 116.2 38.4
      vertex 24.378 117.926 38.4
    endloop
  endfacet
  facet normal 0 0 1
    outer loop
      vertex 29.6 116.2 38.4
      vertex 24.3775 117.924 38.4
      vertex 25.1 115.284 38.4
    endloop
  endfacet
  facet normal -0 0 1
    outer loop
      vertex 24.301 117.698 38.4
      vertex 25.1 115.284 38.4
      vertex 24.3775 117.924 38.4
    endloop
  endfacet
  facet normal -0 0 1
    outer loop
      vertex 24.3001 117.696 38.4
      vertex 25.1 115.284 38.4
      vertex 24.301 117.698 38.4
    endloop
  endfacet
  facet normal -0 0 1
    outer loop
      vertex 24.2989 117.693 38.4
      vertex 25.1 115.284 38.4
      vertex 24.3001 117.696 38.4
    endloop
  endfacet
  facet normal -0 0 1
    outer loop
      vertex 24.1936 117.48 38.4
      vertex 25.1 115.284 38.4
      vertex 24.2989 117.693 38.4
    endloop
  endfacet
  facet normal -0 0 1
    outer loop
      vertex 24.0614 117.282 38.4
      vertex 25.1 115.284 38.4
      vertex 24.1936 117.48 38.4
    endloop
  endfacet
  facet normal -0 0 1
    outer loop
      vertex 24.0599 117.28 38.4
      vertex 25.1 115.284 38.4
      vertex 24.0614 117.282 38.4
    endloop
  endfacet
  facet normal -0 0 1
    outer loop
      vertex 24.0581 117.278 38.4
      vertex 25.1 115.284 38.4
      vertex 24.0599 117.28 38.4
    endloop
  endfacet
  facet normal -0 0 1
    outer loop
      vertex 23.9012 117.099 38.4
      vertex 25.1 115.284 38.4
      vertex 24.0581 117.278 38.4
    endloop
  endfacet
  facet normal -0 0 1
    outer loop
      vertex 23.7222 116.942 38.4
      vertex 25.1 115.284 38.4
      vertex 23.9012 117.099 38.4
    endloop
  endfacet
  facet normal -0 0 1
    outer loop
      vertex 23.7202 116.94 38.4
      vertex 25.1 115.284 38.4
      vertex 23.7222 116.942 38.4
    endloop
  endfacet
  facet normal 0 0 1
    outer loop
      vertex 25.1 115.284 38.4
      vertex 23.7202 116.94 38.4
      vertex 25.035 115.227 38.4
    endloop
  endfacet
  facet normal -0 0 1
    outer loop
      vertex 23.718 116.939 38.4
      vertex 25.035 115.227 38.4
      vertex 23.7202 116.94 38.4
    endloop
  endfacet
  facet normal 0 0 1
    outer loop
      vertex 25.035 115.227 38.4
      vertex 23.718 116.939 38.4
      vertex 24.6 114.936 38.4
    endloop
  endfacet
  facet normal -0 0 1
    outer loop
      vertex 23.5201 116.806 38.4
      vertex 24.6 114.936 38.4
      vertex 23.718 116.939 38.4
    endloop
  endfacet
  facet normal 0 0 1
    outer loop
      vertex 24.6 114.936 38.4
      vertex 23.5201 116.806 38.4
      vertex 24.1307 114.704 38.4
    endloop
  endfacet
  facet normal -0 0 1
    outer loop
      vertex 23.3066 116.701 38.4
      vertex 24.1307 114.704 38.4
      vertex 23.5201 116.806 38.4
    endloop
  endfacet
  facet normal -0 0 1
    outer loop
      vertex 23.3042 116.7 38.4
      vertex 24.1307 114.704 38.4
      vertex 23.3066 116.701 38.4
    endloop
  endfacet
  facet normal -0 0 1
    outer loop
      vertex 23.3017 116.699 38.4
      vertex 24.1307 114.704 38.4
      vertex 23.3042 116.7 38.4
    endloop
  endfacet
  facet normal 0 0 1
    outer loop
      vertex 24.1307 114.704 38.4
      vertex 23.3017 116.699 38.4
      vertex 23.6353 114.536 38.4
    endloop
  endfacet
  facet normal -0 0 1
    outer loop
      vertex 23.0763 116.623 38.4
      vertex 23.6353 114.536 38.4
      vertex 23.3017 116.699 38.4
    endloop
  endfacet
  facet normal -0 0 1
    outer loop
      vertex 23.0736 116.622 38.4
      vertex 23.6353 114.536 38.4
      vertex 23.0763 116.623 38.4
    endloop
  endfacet
  facet normal 0 0 1
    outer loop
      vertex 23.6353 114.536 38.4
      vertex 23.0736 116.622 38.4
      vertex 23.1221 114.434 38.4
    endloop
  endfacet
  facet normal -0 0 1
    outer loop
      vertex 22.8402 116.576 38.4
      vertex 23.1221 114.434 38.4
      vertex 23.0736 116.622 38.4
    endloop
  endfacet
  facet normal -0 0 1
    outer loop
      vertex 22.8375 116.575 38.4
      vertex 23.1221 114.434 38.4
      vertex 22.8402 116.576 38.4
    endloop
  endfacet
  facet normal -0 0 1
    outer loop
      vertex 22.6 116.56 38.4
      vertex 23.1221 114.434 38.4
      vertex 22.8375 116.575 38.4
    endloop
  endfacet
  facet normal 0 0 1
    outer loop
      vertex 22.6 116.56 38.4
      vertex 22.6 114.4 38.4
      vertex 23.1221 114.434 38.4
    endloop
  endfacet
  facet normal 0 0 1
    outer loop
      vertex 22.3625 116.575 38.4
      vertex 22.6 114.4 38.4
      vertex 22.6 116.56 38.4
    endloop
  endfacet
  facet normal 0 0 1
    outer loop
      vertex 22.0779 114.434 38.4
      vertex 22.3625 116.575 38.4
      vertex 22.3598 116.576 38.4
    endloop
  endfacet
  facet normal 0 0 1
    outer loop
      vertex 22.0779 114.434 38.4
      vertex 22.3598 116.576 38.4
      vertex 22.1264 116.622 38.4
    endloop
  endfacet
  facet normal 0 0 1
    outer loop
      vertex 21.5647 114.536 38.4
      vertex 22.1264 116.622 38.4
      vertex 22.1237 116.623 38.4
    endloop
  endfacet
  facet normal 0 0 1
    outer loop
      vertex 22.3625 116.575 38.4
      vertex 22.0779 114.434 38.4
      vertex 22.6 114.4 38.4
    endloop
  endfacet
  facet normal 0 0 1
    outer loop
      vertex 21.5647 114.536 38.4
      vertex 22.1237 116.623 38.4
      vertex 21.8983 116.699 38.4
    endloop
  endfacet
  facet normal 0 0 1
    outer loop
      vertex 21.0693 114.704 38.4
      vertex 21.8983 116.699 38.4
      vertex 21.8958 116.7 38.4
    endloop
  endfacet
  facet normal 0 0 1
    outer loop
      vertex 21.0693 114.704 38.4
      vertex 21.8958 116.7 38.4
      vertex 21.8934 116.701 38.4
    endloop
  endfacet
  facet normal 0 0 1
    outer loop
      vertex 21.0693 114.704 38.4
      vertex 21.8934 116.701 38.4
      vertex 21.6799 116.806 38.4
    endloop
  endfacet
  facet normal 0 0 1
    outer loop
      vertex 22.1264 116.622 38.4
      vertex 21.5647 114.536 38.4
      vertex 22.0779 114.434 38.4
    endloop
  endfacet
  facet normal 0 0 1
    outer loop
      vertex 20.6 114.936 38.4
      vertex 21.6799 116.806 38.4
      vertex 21.482 116.939 38.4
    endloop
  endfacet
  facet normal 0 0 1
    outer loop
      vertex 20.165 115.227 38.4
      vertex 21.482 116.939 38.4
      vertex 21.4798 116.94 38.4
    endloop
  endfacet
  facet normal 0 0 1
    outer loop
      vertex 20.165 115.227 38.4
      vertex 21.4798 116.94 38.4
      vertex 21.4778 116.942 38.4
    endloop
  endfacet
  facet normal 0 0 1
    outer loop
      vertex 20.165 115.227 38.4
      vertex 21.4778 116.942 38.4
      vertex 21.2988 117.099 38.4
    endloop
  endfacet
  facet normal 0 0 1
    outer loop
      vertex 19.7716 115.572 38.4
      vertex 21.2988 117.099 38.4
      vertex 21.1419 117.278 38.4
    endloop
  endfacet
  facet normal 0 0 1
    outer loop
      vertex 19.4266 115.965 38.4
      vertex 21.1419 117.278 38.4
      vertex 21.1401 117.28 38.4
    endloop
  endfacet
  facet normal 0 0 1
    outer loop
      vertex 19.4266 115.965 38.4
      vertex 21.1401 117.28 38.4
      vertex 21.1386 117.282 38.4
    endloop
  endfacet
  facet normal 0 0 1
    outer loop
      vertex 21.8983 116.699 38.4
      vertex 21.0693 114.704 38.4
      vertex 21.5647 114.536 38.4
    endloop
  endfacet
  facet normal 0 0 1
    outer loop
      vertex 19.4266 115.965 38.4
      vertex 21.1386 117.282 38.4
      vertex 21.0064 117.48 38.4
    endloop
  endfacet
  facet normal 0 0 1
    outer loop
      vertex 19.1359 116.4 38.4
      vertex 21.0064 117.48 38.4
      vertex 20.9011 117.693 38.4
    endloop
  endfacet
  facet normal 0 0 1
    outer loop
      vertex 18.9045 116.869 38.4
      vertex 20.9011 117.693 38.4
      vertex 20.8999 117.696 38.4
    endloop
  endfacet
  facet normal 0 0 1
    outer loop
      vertex 18.9045 116.869 38.4
      vertex 20.8999 117.696 38.4
      vertex 20.899 117.698 38.4
    endloop
  endfacet
  facet normal 0 0 1
    outer loop
      vertex 18.9045 116.869 38.4
      vertex 20.899 117.698 38.4
      vertex 20.8225 117.924 38.4
    endloop
  endfacet
  facet normal 0 0 1
    outer loop
      vertex 18.7363 117.365 38.4
      vertex 20.8225 117.924 38.4
      vertex 20.822 117.926 38.4
    endloop
  endfacet
  facet normal 0 0 1
    outer loop
      vertex 18.7363 117.365 38.4
      vertex 20.822 117.926 38.4
      vertex 20.7756 118.16 38.4
    endloop
  endfacet
  facet normal 0 0 1
    outer loop
      vertex 21.6799 116.806 38.4
      vertex 20.6 114.936 38.4
      vertex 21.0693 114.704 38.4
    endloop
  endfacet
  facet normal 0 0 1
    outer loop
      vertex 18.6342 117.878 38.4
      vertex 20.7756 118.16 38.4
      vertex 20.7754 118.162 38.4
    endloop
  endfacet
  facet normal 0 0 1
    outer loop
      vertex 18.6342 117.878 38.4
      vertex 20.7754 118.162 38.4
      vertex 20.7598 118.4 38.4
    endloop
  endfacet
  facet normal 0 0 1
    outer loop
      vertex 20.8999 119.104 38.4
      vertex 18.9045 119.931 38.4
      vertex 20.899 119.102 38.4
    endloop
  endfacet
  facet normal 0 0 1
    outer loop
      vertex 20.899 119.102 38.4
      vertex 18.9045 119.931 38.4
      vertex 20.8225 118.876 38.4
    endloop
  endfacet
  facet normal 0 0 1
    outer loop
      vertex 21.482 116.939 38.4
      vertex 20.165 115.227 38.4
      vertex 20.6 114.936 38.4
    endloop
  endfacet
  facet normal -0 0 1
    outer loop
      vertex 18.7363 119.435 38.4
      vertex 20.8225 118.876 38.4
      vertex 18.9045 119.931 38.4
    endloop
  endfacet
  facet normal 0 0 1
    outer loop
      vertex 21.2988 117.099 38.4
      vertex 19.7716 115.572 38.4
      vertex 20.165 115.227 38.4
    endloop
  endfacet
  facet normal 0 0 1
    outer loop
      vertex 20.8225 118.876 38.4
      vertex 18.7363 119.435 38.4
      vertex 20.822 118.874 38.4
    endloop
  endfacet
  facet normal 0 0 1
    outer loop
      vertex 21.1419 117.278 38.4
      vertex 19.4266 115.965 38.4
      vertex 19.7716 115.572 38.4
    endloop
  endfacet
  facet normal 0 0 1
    outer loop
      vertex 20.822 118.874 38.4
      vertex 18.7363 119.435 38.4
      vertex 20.7756 118.64 38.4
    endloop
  endfacet
  facet normal 0 0 1
    outer loop
      vertex 21.0064 117.48 38.4
      vertex 19.1359 116.4 38.4
      vertex 19.4266 115.965 38.4
    endloop
  endfacet
  facet normal -0 0 1
    outer loop
      vertex 18.6342 118.922 38.4
      vertex 20.7756 118.64 38.4
      vertex 18.7363 119.435 38.4
    endloop
  endfacet
  facet normal 0 0 1
    outer loop
      vertex 20.9011 117.693 38.4
      vertex 18.9045 116.869 38.4
      vertex 19.1359 116.4 38.4
    endloop
  endfacet
  facet normal 0 0 1
    outer loop
      vertex 20.7754 118.638 38.4
      vertex 18.6342 118.922 38.4
      vertex 20.7598 118.4 38.4
    endloop
  endfacet
  facet normal 0 0 1
    outer loop
      vertex 20.8225 117.924 38.4
      vertex 18.7363 117.365 38.4
      vertex 18.9045 116.869 38.4
    endloop
  endfacet
  facet normal 0 0 1
    outer loop
      vertex 18.6 118.4 38.4
      vertex 20.7598 118.4 38.4
      vertex 18.6342 118.922 38.4
    endloop
  endfacet
  facet normal 0 0 1
    outer loop
      vertex 20.7756 118.16 38.4
      vertex 18.6342 117.878 38.4
      vertex 18.7363 117.365 38.4
    endloop
  endfacet
  facet normal 0 0 1
    outer loop
      vertex 20.7598 118.4 38.4
      vertex 18.6 118.4 38.4
      vertex 18.6342 117.878 38.4
    endloop
  endfacet
  facet normal 0 0 1
    outer loop
      vertex 133.24 118.4 38.4
      vertex 135.4 118.4 38.4
      vertex 135.366 118.922 38.4
    endloop
  endfacet
  facet normal 0 0 1
    outer loop
      vertex 133.224 118.64 38.4
      vertex 135.366 118.922 38.4
      vertex 135.264 119.435 38.4
    endloop
  endfacet
  facet normal 0 0 1
    outer loop
      vertex 135.4 118.4 38.4
      vertex 133.24 118.4 38.4
      vertex 135.366 117.878 38.4
    endloop
  endfacet
  facet normal 0 0 1
    outer loop
      vertex 133.177 118.876 38.4
      vertex 135.264 119.435 38.4
      vertex 135.096 119.931 38.4
    endloop
  endfacet
  facet normal -0 0 1
    outer loop
      vertex 133.225 118.162 38.4
      vertex 135.366 117.878 38.4
      vertex 133.24 118.4 38.4
    endloop
  endfacet
  facet normal 0 0 1
    outer loop
      vertex 133.099 119.107 38.4
      vertex 135.096 119.931 38.4
      vertex 134.864 120.4 38.4
    endloop
  endfacet
  facet normal -0 0 1
    outer loop
      vertex 133.224 118.16 38.4
      vertex 135.366 117.878 38.4
      vertex 133.225 118.162 38.4
    endloop
  endfacet
  facet normal 0 0 1
    outer loop
      vertex 132.994 119.32 38.4
      vertex 134.864 120.4 38.4
      vertex 134.573 120.835 38.4
    endloop
  endfacet
  facet normal 0 0 1
    outer loop
      vertex 135.366 117.878 38.4
      vertex 133.224 118.16 38.4
      vertex 135.264 117.365 38.4
    endloop
  endfacet
  facet normal 0 0 1
    outer loop
      vertex 132.858 119.522 38.4
      vertex 134.573 120.835 38.4
      vertex 134.228 121.228 38.4
    endloop
  endfacet
  facet normal -0 0 1
    outer loop
      vertex 133.178 117.926 38.4
      vertex 135.264 117.365 38.4
      vertex 133.224 118.16 38.4
    endloop
  endfacet
  facet normal 0 0 1
    outer loop
      vertex 132.701 119.701 38.4
      vertex 134.228 121.228 38.4
      vertex 133.835 121.573 38.4
    endloop
  endfacet
  facet normal -0 0 1
    outer loop
      vertex 133.177 117.924 38.4
      vertex 135.264 117.365 38.4
      vertex 133.178 117.926 38.4
    endloop
  endfacet
  facet normal 0 0 1
    outer loop
      vertex 132.518 119.861 38.4
      vertex 133.835 121.573 38.4
      vertex 133.4 121.864 38.4
    endloop
  endfacet
  facet normal 0 0 1
    outer loop
      vertex 135.264 117.365 38.4
      vertex 133.177 117.924 38.4
      vertex 135.096 116.869 38.4
    endloop
  endfacet
  facet normal -0 0 1
    outer loop
      vertex 133.101 117.698 38.4
      vertex 135.096 116.869 38.4
      vertex 133.177 117.924 38.4
    endloop
  endfacet
  facet normal 0 0 1
    outer loop
      vertex 135.366 118.922 38.4
      vertex 133.225 118.638 38.4
      vertex 133.24 118.4 38.4
    endloop
  endfacet
  facet normal 0 0 1
    outer loop
      vertex 135.366 118.922 38.4
      vertex 133.224 118.64 38.4
      vertex 133.225 118.638 38.4
    endloop
  endfacet
  facet normal 0 0 1
    outer loop
      vertex 135.264 119.435 38.4
      vertex 133.178 118.874 38.4
      vertex 133.224 118.64 38.4
    endloop
  endfacet
  facet normal 0 0 1
    outer loop
      vertex 135.264 119.435 38.4
      vertex 133.177 118.876 38.4
      vertex 133.178 118.874 38.4
    endloop
  endfacet
  facet normal 0 0 1
    outer loop
      vertex 135.096 119.931 38.4
      vertex 133.101 119.102 38.4
      vertex 133.177 118.876 38.4
    endloop
  endfacet
  facet normal 0 0 1
    outer loop
      vertex 135.096 119.931 38.4
      vertex 133.1 119.104 38.4
      vertex 133.101 119.102 38.4
    endloop
  endfacet
  facet normal 0 0 1
    outer loop
      vertex 135.096 119.931 38.4
      vertex 133.099 119.107 38.4
      vertex 133.1 119.104 38.4
    endloop
  endfacet
  facet normal 0 0 1
    outer loop
      vertex 134.864 120.4 38.4
      vertex 132.994 119.32 38.4
      vertex 133.099 119.107 38.4
    endloop
  endfacet
  facet normal 0 0 1
    outer loop
      vertex 132.32 119.994 38.4
      vertex 133.4 121.864 38.4
      vertex 132.931 122.096 38.4
    endloop
  endfacet
  facet normal 0 0 1
    outer loop
      vertex 134.573 120.835 38.4
      vertex 132.861 119.518 38.4
      vertex 132.994 119.32 38.4
    endloop
  endfacet
  facet normal 0 0 1
    outer loop
      vertex 134.573 120.835 38.4
      vertex 132.86 119.52 38.4
      vertex 132.861 119.518 38.4
    endloop
  endfacet
  facet normal 0 0 1
    outer loop
      vertex 134.573 120.835 38.4
      vertex 132.858 119.522 38.4
      vertex 132.86 119.52 38.4
    endloop
  endfacet
  facet normal 0 0 1
    outer loop
      vertex 134.228 121.228 38.4
      vertex 132.701 119.701 38.4
      vertex 132.858 119.522 38.4
    endloop
  endfacet
  facet normal 0 0 1
    outer loop
      vertex 133.835 121.573 38.4
      vertex 132.522 119.858 38.4
      vertex 132.701 119.701 38.4
    endloop
  endfacet
  facet normal 0 0 1
    outer loop
      vertex 133.835 121.573 38.4
      vertex 132.52 119.86 38.4
      vertex 132.522 119.858 38.4
    endloop
  endfacet
  facet normal 0 0 1
    outer loop
      vertex 133.835 121.573 38.4
      vertex 132.518 119.861 38.4
      vertex 132.52 119.86 38.4
    endloop
  endfacet
  facet normal 0 0 1
    outer loop
      vertex 132.102 120.101 38.4
      vertex 132.931 122.096 38.4
      vertex 132.435 122.264 38.4
    endloop
  endfacet
  facet normal 0 0 1
    outer loop
      vertex 133.4 121.864 38.4
      vertex 132.32 119.994 38.4
      vertex 132.518 119.861 38.4
    endloop
  endfacet
  facet normal 0 0 1
    outer loop
      vertex 132.931 122.096 38.4
      vertex 132.107 120.099 38.4
      vertex 132.32 119.994 38.4
    endloop
  endfacet
  facet normal 0 0 1
    outer loop
      vertex 132.931 122.096 38.4
      vertex 132.104 120.1 38.4
      vertex 132.107 120.099 38.4
    endloop
  endfacet
  facet normal 0 0 1
    outer loop
      vertex 132.931 122.096 38.4
      vertex 132.102 120.101 38.4
      vertex 132.104 120.1 38.4
    endloop
  endfacet
  facet normal 0 0 1
    outer loop
      vertex 131.874 120.178 38.4
      vertex 132.435 122.264 38.4
      vertex 131.922 122.366 38.4
    endloop
  endfacet
  facet normal 0 0 1
    outer loop
      vertex 132.435 122.264 38.4
      vertex 131.876 120.177 38.4
      vertex 132.102 120.101 38.4
    endloop
  endfacet
  facet normal 0 0 1
    outer loop
      vertex 132.435 122.264 38.4
      vertex 131.874 120.178 38.4
      vertex 131.876 120.177 38.4
    endloop
  endfacet
  facet normal 0 0 1
    outer loop
      vertex 131.922 122.366 38.4
      vertex 131.64 120.224 38.4
      vertex 131.874 120.178 38.4
    endloop
  endfacet
  facet normal 0 0 1
    outer loop
      vertex 131.922 122.366 38.4
      vertex 131.638 120.225 38.4
      vertex 131.64 120.224 38.4
    endloop
  endfacet
  facet normal 0 0 1
    outer loop
      vertex 131.4 122.4 38.4
      vertex 131.638 120.225 38.4
      vertex 131.922 122.366 38.4
    endloop
  endfacet
  facet normal 0 0 1
    outer loop
      vertex 131.4 122.4 38.4
      vertex 131.4 120.24 38.4
      vertex 131.638 120.225 38.4
    endloop
  endfacet
  facet normal 0 0 1
    outer loop
      vertex 131.4 122.4 38.4
      vertex 131.162 120.225 38.4
      vertex 131.4 120.24 38.4
    endloop
  endfacet
  facet normal -0 0 1
    outer loop
      vertex 130.878 122.366 38.4
      vertex 131.162 120.225 38.4
      vertex 131.4 122.4 38.4
    endloop
  endfacet
  facet normal 0 0 1
    outer loop
      vertex 131.162 120.225 38.4
      vertex 130.878 122.366 38.4
      vertex 131.16 120.224 38.4
    endloop
  endfacet
  facet normal 0 0 1
    outer loop
      vertex 131.16 120.224 38.4
      vertex 130.878 122.366 38.4
      vertex 130.926 120.178 38.4
    endloop
  endfacet
  facet normal -0 0 1
    outer loop
      vertex 130.365 122.264 38.4
      vertex 130.926 120.178 38.4
      vertex 130.878 122.366 38.4
    endloop
  endfacet
  facet normal 0 0 1
    outer loop
      vertex 130.926 120.178 38.4
      vertex 130.365 122.264 38.4
      vertex 130.924 120.177 38.4
    endloop
  endfacet
  facet normal 0 0 1
    outer loop
      vertex 130.924 120.177 38.4
      vertex 130.365 122.264 38.4
      vertex 130.698 120.101 38.4
    endloop
  endfacet
  facet normal -0 0 1
    outer loop
      vertex 129.869 122.096 38.4
      vertex 130.698 120.101 38.4
      vertex 130.365 122.264 38.4
    endloop
  endfacet
  facet normal 0 0 1
    outer loop
      vertex 130.698 120.101 38.4
      vertex 129.869 122.096 38.4
      vertex 130.696 120.1 38.4
    endloop
  endfacet
  facet normal 0 0 1
    outer loop
      vertex 130.696 120.1 38.4
      vertex 129.869 122.096 38.4
      vertex 130.693 120.099 38.4
    endloop
  endfacet
  facet normal 0 0 1
    outer loop
      vertex 130.693 120.099 38.4
      vertex 129.869 122.096 38.4
      vertex 130.48 119.994 38.4
    endloop
  endfacet
  facet normal -0 0 1
    outer loop
      vertex 129.4 121.864 38.4
      vertex 130.48 119.994 38.4
      vertex 129.869 122.096 38.4
    endloop
  endfacet
  facet normal 0 0 1
    outer loop
      vertex 130.48 119.994 38.4
      vertex 129.4 121.864 38.4
      vertex 130.282 119.861 38.4
    endloop
  endfacet
  facet normal -0 0 1
    outer loop
      vertex 128.965 121.573 38.4
      vertex 130.282 119.861 38.4
      vertex 129.4 121.864 38.4
    endloop
  endfacet
  facet normal 0 0 1
    outer loop
      vertex 130.282 119.861 38.4
      vertex 128.965 121.573 38.4
      vertex 130.28 119.86 38.4
    endloop
  endfacet
  facet normal 0 0 1
    outer loop
      vertex 130.28 119.86 38.4
      vertex 128.965 121.573 38.4
      vertex 130.278 119.858 38.4
    endloop
  endfacet
  facet normal 0 0 1
    outer loop
      vertex 130.278 119.858 38.4
      vertex 128.965 121.573 38.4
      vertex 130.099 119.701 38.4
    endloop
  endfacet
  facet normal -0 0 1
    outer loop
      vertex 128.572 121.228 38.4
      vertex 130.099 119.701 38.4
      vertex 128.965 121.573 38.4
    endloop
  endfacet
  facet normal 0 0 1
    outer loop
      vertex 130.099 119.701 38.4
      vertex 128.572 121.228 38.4
      vertex 129.942 119.522 38.4
    endloop
  endfacet
  facet normal -0 0 1
    outer loop
      vertex 128.227 120.835 38.4
      vertex 129.942 119.522 38.4
      vertex 128.572 121.228 38.4
    endloop
  endfacet
  facet normal 0 0 1
    outer loop
      vertex 129.942 119.522 38.4
      vertex 128.227 120.835 38.4
      vertex 129.94 119.52 38.4
    endloop
  endfacet
  facet normal 0 0 1
    outer loop
      vertex 129.94 119.52 38.4
      vertex 128.227 120.835 38.4
      vertex 129.939 119.518 38.4
    endloop
  endfacet
  facet normal 0 0 1
    outer loop
      vertex 129.939 119.518 38.4
      vertex 128.227 120.835 38.4
      vertex 129.806 119.32 38.4
    endloop
  endfacet
  facet normal -0 0 1
    outer loop
      vertex 127.936 120.4 38.4
      vertex 129.806 119.32 38.4
      vertex 128.227 120.835 38.4
    endloop
  endfacet
  facet normal 0 0 1
    outer loop
      vertex 129.806 119.32 38.4
      vertex 127.936 120.4 38.4
      vertex 129.701 119.107 38.4
    endloop
  endfacet
  facet normal 0 0 1
    outer loop
      vertex 129.699 119.102 38.4
      vertex 127.704 119.931 38.4
      vertex 129.623 118.876 38.4
    endloop
  endfacet
  facet normal 0 0 1
    outer loop
      vertex 129.701 119.107 38.4
      vertex 127.704 119.931 38.4
      vertex 129.7 119.104 38.4
    endloop
  endfacet
  facet normal -0 0 1
    outer loop
      vertex 127.704 119.931 38.4
      vertex 129.701 119.107 38.4
      vertex 127.936 120.4 38.4
    endloop
  endfacet
  facet normal -0 0 1
    outer loop
      vertex 133.1 117.696 38.4
      vertex 135.096 116.869 38.4
      vertex 133.101 117.698 38.4
    endloop
  endfacet
  facet normal -0 0 1
    outer loop
      vertex 133.099 117.693 38.4
      vertex 135.096 116.869 38.4
      vertex 133.1 117.696 38.4
    endloop
  endfacet
  facet normal 0 0 1
    outer loop
      vertex 135.096 116.869 38.4
      vertex 133.099 117.693 38.4
      vertex 134.864 116.4 38.4
    endloop
  endfacet
  facet normal -0 0 1
    outer loop
      vertex 132.994 117.48 38.4
      vertex 134.864 116.4 38.4
      vertex 133.099 117.693 38.4
    endloop
  endfacet
  facet normal 0 0 1
    outer loop
      vertex 134.864 116.4 38.4
      vertex 132.994 117.48 38.4
      vertex 134.573 115.965 38.4
    endloop
  endfacet
  facet normal -0 0 1
    outer loop
      vertex 132.861 117.282 38.4
      vertex 134.573 115.965 38.4
      vertex 132.994 117.48 38.4
    endloop
  endfacet
  facet normal -0 0 1
    outer loop
      vertex 132.86 117.28 38.4
      vertex 134.573 115.965 38.4
      vertex 132.861 117.282 38.4
    endloop
  endfacet
  facet normal -0 0 1
    outer loop
      vertex 132.858 117.278 38.4
      vertex 134.573 115.965 38.4
      vertex 132.86 117.28 38.4
    endloop
  endfacet
  facet normal 0 0 1
    outer loop
      vertex 134.573 115.965 38.4
      vertex 132.858 117.278 38.4
      vertex 134.228 115.572 38.4
    endloop
  endfacet
  facet normal -0 0 1
    outer loop
      vertex 132.701 117.099 38.4
      vertex 134.228 115.572 38.4
      vertex 132.858 117.278 38.4
    endloop
  endfacet
  facet normal 0 0 1
    outer loop
      vertex 134.228 115.572 38.4
      vertex 132.701 117.099 38.4
      vertex 133.835 115.227 38.4
    endloop
  endfacet
  facet normal -0 0 1
    outer loop
      vertex 132.522 116.942 38.4
      vertex 133.835 115.227 38.4
      vertex 132.701 117.099 38.4
    endloop
  endfacet
  facet normal -0 0 1
    outer loop
      vertex 132.52 116.94 38.4
      vertex 133.835 115.227 38.4
      vertex 132.522 116.942 38.4
    endloop
  endfacet
  facet normal -0 0 1
    outer loop
      vertex 132.518 116.939 38.4
      vertex 133.835 115.227 38.4
      vertex 132.52 116.94 38.4
    endloop
  endfacet
  facet normal 0 0 1
    outer loop
      vertex 133.835 115.227 38.4
      vertex 132.518 116.939 38.4
      vertex 133.4 114.936 38.4
    endloop
  endfacet
  facet normal -0 0 1
    outer loop
      vertex 132.32 116.806 38.4
      vertex 133.4 114.936 38.4
      vertex 132.518 116.939 38.4
    endloop
  endfacet
  facet normal -0 0 1
    outer loop
      vertex 132.107 116.701 38.4
      vertex 133.4 114.936 38.4
      vertex 132.32 116.806 38.4
    endloop
  endfacet
  facet normal -0 0 1
    outer loop
      vertex 132.104 116.7 38.4
      vertex 133.4 114.936 38.4
      vertex 132.107 116.701 38.4
    endloop
  endfacet
  facet normal -0 0 1
    outer loop
      vertex 132.102 116.699 38.4
      vertex 133.4 114.936 38.4
      vertex 132.104 116.7 38.4
    endloop
  endfacet
  facet normal -0 0 1
    outer loop
      vertex 131.876 116.623 38.4
      vertex 133.4 114.936 38.4
      vertex 132.102 116.699 38.4
    endloop
  endfacet
  facet normal -0 0 1
    outer loop
      vertex 131.874 116.622 38.4
      vertex 133.4 114.936 38.4
      vertex 131.876 116.623 38.4
    endloop
  endfacet
  facet normal -0 0 1
    outer loop
      vertex 131.64 116.576 38.4
      vertex 133.4 114.936 38.4
      vertex 131.874 116.622 38.4
    endloop
  endfacet
  facet normal -0 0 1
    outer loop
      vertex 131.638 116.575 38.4
      vertex 133.4 114.936 38.4
      vertex 131.64 116.576 38.4
    endloop
  endfacet
  facet normal -0 0 1
    outer loop
      vertex 131.4 116.56 38.4
      vertex 133.4 114.936 38.4
      vertex 131.638 116.575 38.4
    endloop
  endfacet
  facet normal 0 0 1
    outer loop
      vertex 131.162 116.575 38.4
      vertex 133.4 114.936 38.4
      vertex 131.4 116.56 38.4
    endloop
  endfacet
  facet normal 0 0 1
    outer loop
      vertex 131.16 116.576 38.4
      vertex 133.4 114.936 38.4
      vertex 131.162 116.575 38.4
    endloop
  endfacet
  facet normal 0 0 1
    outer loop
      vertex 128.918 112.41 38.4
      vertex 131.16 116.576 38.4
      vertex 130.926 116.622 38.4
    endloop
  endfacet
  facet normal 0 0 1
    outer loop
      vertex 128.918 112.41 38.4
      vertex 130.926 116.622 38.4
      vertex 130.924 116.623 38.4
    endloop
  endfacet
  facet normal 0 0 1
    outer loop
      vertex 128.918 112.41 38.4
      vertex 130.924 116.623 38.4
      vertex 130.698 116.699 38.4
    endloop
  endfacet
  facet normal 0 0 1
    outer loop
      vertex 128.918 112.41 38.4
      vertex 130.698 116.699 38.4
      vertex 130.696 116.7 38.4
    endloop
  endfacet
  facet normal 0 0 1
    outer loop
      vertex 128.918 112.41 38.4
      vertex 130.696 116.7 38.4
      vertex 130.693 116.701 38.4
    endloop
  endfacet
  facet normal 0 0 1
    outer loop
      vertex 128.918 112.41 38.4
      vertex 130.693 116.701 38.4
      vertex 130.48 116.806 38.4
    endloop
  endfacet
  facet normal 0 0 1
    outer loop
      vertex 128.918 112.41 38.4
      vertex 130.282 116.939 38.4
      vertex 130.28 116.94 38.4
    endloop
  endfacet
  facet normal 0 0 1
    outer loop
      vertex 128.918 112.41 38.4
      vertex 129.942 117.278 38.4
      vertex 129.94 117.28 38.4
    endloop
  endfacet
  facet normal 0 0 1
    outer loop
      vertex 128.918 112.41 38.4
      vertex 129.939 117.282 38.4
      vertex 129.806 117.48 38.4
    endloop
  endfacet
  facet normal 0 0 1
    outer loop
      vertex 128.918 112.41 38.4
      vertex 129.701 117.693 38.4
      vertex 129.7 117.696 38.4
    endloop
  endfacet
  facet normal 0 0 1
    outer loop
      vertex 128.918 112.41 38.4
      vertex 129.699 117.698 38.4
      vertex 129.623 117.924 38.4
    endloop
  endfacet
  facet normal 0 0 1
    outer loop
      vertex 129.623 118.876 38.4
      vertex 127.536 119.435 38.4
      vertex 129.622 118.874 38.4
    endloop
  endfacet
  facet normal 0 0 1
    outer loop
      vertex 129.7 119.104 38.4
      vertex 127.704 119.931 38.4
      vertex 129.699 119.102 38.4
    endloop
  endfacet
  facet normal -0 0 1
    outer loop
      vertex 127.536 119.435 38.4
      vertex 129.623 118.876 38.4
      vertex 127.704 119.931 38.4
    endloop
  endfacet
  facet normal 0 0 1
    outer loop
      vertex 131.16 116.576 38.4
      vertex 128.918 112.41 38.4
      vertex 133.4 114.936 38.4
    endloop
  endfacet
  facet normal 0 0 1
    outer loop
      vertex 130.282 116.939 38.4
      vertex 128.918 112.41 38.4
      vertex 130.48 116.806 38.4
    endloop
  endfacet
  facet normal 0 0 1
    outer loop
      vertex 130.278 116.942 38.4
      vertex 128.918 112.41 38.4
      vertex 130.28 116.94 38.4
    endloop
  endfacet
  facet normal 0 0 1
    outer loop
      vertex 130.099 117.099 38.4
      vertex 128.918 112.41 38.4
      vertex 130.278 116.942 38.4
    endloop
  endfacet
  facet normal 0 0 1
    outer loop
      vertex 129.942 117.278 38.4
      vertex 128.918 112.41 38.4
      vertex 130.099 117.099 38.4
    endloop
  endfacet
  facet normal 0 0 1
    outer loop
      vertex 129.939 117.282 38.4
      vertex 128.918 112.41 38.4
      vertex 129.94 117.28 38.4
    endloop
  endfacet
  facet normal 0 0 1
    outer loop
      vertex 129.701 117.693 38.4
      vertex 128.918 112.41 38.4
      vertex 129.806 117.48 38.4
    endloop
  endfacet
  facet normal 0 0 1
    outer loop
      vertex 129.699 117.698 38.4
      vertex 128.918 112.41 38.4
      vertex 129.7 117.696 38.4
    endloop
  endfacet
  facet normal 0 0 1
    outer loop
      vertex 129.575 118.638 38.4
      vertex 127.434 118.922 38.4
      vertex 129.56 118.4 38.4
    endloop
  endfacet
  facet normal 0 0 1
    outer loop
      vertex 129.576 118.64 38.4
      vertex 127.434 118.922 38.4
      vertex 129.575 118.638 38.4
    endloop
  endfacet
  facet normal 0 0 1
    outer loop
      vertex 129.622 118.874 38.4
      vertex 127.536 119.435 38.4
      vertex 129.576 118.64 38.4
    endloop
  endfacet
  facet normal -0 0 1
    outer loop
      vertex 127.434 118.922 38.4
      vertex 129.576 118.64 38.4
      vertex 127.536 119.435 38.4
    endloop
  endfacet
  facet normal 0 0 1
    outer loop
      vertex 133.24 181.6 38.4
      vertex 135.4 181.6 38.4
      vertex 135.366 182.122 38.4
    endloop
  endfacet
  facet normal 0 0 1
    outer loop
      vertex 133.224 181.84 38.4
      vertex 135.366 182.122 38.4
      vertex 135.264 182.635 38.4
    endloop
  endfacet
  facet normal 0 0 1
    outer loop
      vertex 135.4 181.6 38.4
      vertex 133.24 181.6 38.4
      vertex 135.366 181.078 38.4
    endloop
  endfacet
  facet normal 0 0 1
    outer loop
      vertex 133.177 182.076 38.4
      vertex 135.264 182.635 38.4
      vertex 135.096 183.131 38.4
    endloop
  endfacet
  facet normal -0 0 1
    outer loop
      vertex 133.225 181.362 38.4
      vertex 135.366 181.078 38.4
      vertex 133.24 181.6 38.4
    endloop
  endfacet
  facet normal 0 0 1
    outer loop
      vertex 133.099 182.307 38.4
      vertex 135.096 183.131 38.4
      vertex 134.864 183.6 38.4
    endloop
  endfacet
  facet normal -0 0 1
    outer loop
      vertex 133.224 181.36 38.4
      vertex 135.366 181.078 38.4
      vertex 133.225 181.362 38.4
    endloop
  endfacet
  facet normal 0 0 1
    outer loop
      vertex 132.994 182.52 38.4
      vertex 134.864 183.6 38.4
      vertex 134.573 184.035 38.4
    endloop
  endfacet
  facet normal 0 0 1
    outer loop
      vertex 135.366 181.078 38.4
      vertex 133.224 181.36 38.4
      vertex 135.264 180.565 38.4
    endloop
  endfacet
  facet normal 0 0 1
    outer loop
      vertex 132.858 182.722 38.4
      vertex 134.573 184.035 38.4
      vertex 134.228 184.428 38.4
    endloop
  endfacet
  facet normal -0 0 1
    outer loop
      vertex 133.178 181.126 38.4
      vertex 135.264 180.565 38.4
      vertex 133.224 181.36 38.4
    endloop
  endfacet
  facet normal 0 0 1
    outer loop
      vertex 132.701 182.901 38.4
      vertex 134.228 184.428 38.4
      vertex 133.835 184.773 38.4
    endloop
  endfacet
  facet normal -0 0 1
    outer loop
      vertex 133.177 181.124 38.4
      vertex 135.264 180.565 38.4
      vertex 133.178 181.126 38.4
    endloop
  endfacet
  facet normal 0 0 1
    outer loop
      vertex 132.518 183.061 38.4
      vertex 133.835 184.773 38.4
      vertex 133.4 185.064 38.4
    endloop
  endfacet
  facet normal 0 0 1
    outer loop
      vertex 135.264 180.565 38.4
      vertex 133.177 181.124 38.4
      vertex 135.096 180.069 38.4
    endloop
  endfacet
  facet normal -0 0 1
    outer loop
      vertex 133.101 180.898 38.4
      vertex 135.096 180.069 38.4
      vertex 133.177 181.124 38.4
    endloop
  endfacet
  facet normal 0 0 1
    outer loop
      vertex 135.366 182.122 38.4
      vertex 133.225 181.838 38.4
      vertex 133.24 181.6 38.4
    endloop
  endfacet
  facet normal 0 0 1
    outer loop
      vertex 135.366 182.122 38.4
      vertex 133.224 181.84 38.4
      vertex 133.225 181.838 38.4
    endloop
  endfacet
  facet normal 0 0 1
    outer loop
      vertex 135.264 182.635 38.4
      vertex 133.178 182.074 38.4
      vertex 133.224 181.84 38.4
    endloop
  endfacet
  facet normal 0 0 1
    outer loop
      vertex 135.264 182.635 38.4
      vertex 133.177 182.076 38.4
      vertex 133.178 182.074 38.4
    endloop
  endfacet
  facet normal 0 0 1
    outer loop
      vertex 135.096 183.131 38.4
      vertex 133.101 182.302 38.4
      vertex 133.177 182.076 38.4
    endloop
  endfacet
  facet normal 0 0 1
    outer loop
      vertex 135.096 183.131 38.4
      vertex 133.1 182.304 38.4
      vertex 133.101 182.302 38.4
    endloop
  endfacet
  facet normal 0 0 1
    outer loop
      vertex 135.096 183.131 38.4
      vertex 133.099 182.307 38.4
      vertex 133.1 182.304 38.4
    endloop
  endfacet
  facet normal 0 0 1
    outer loop
      vertex 134.864 183.6 38.4
      vertex 132.994 182.52 38.4
      vertex 133.099 182.307 38.4
    endloop
  endfacet
  facet normal 0 0 1
    outer loop
      vertex 132.32 183.194 38.4
      vertex 133.4 185.064 38.4
      vertex 132.931 185.296 38.4
    endloop
  endfacet
  facet normal 0 0 1
    outer loop
      vertex 134.573 184.035 38.4
      vertex 132.861 182.718 38.4
      vertex 132.994 182.52 38.4
    endloop
  endfacet
  facet normal 0 0 1
    outer loop
      vertex 134.573 184.035 38.4
      vertex 132.86 182.72 38.4
      vertex 132.861 182.718 38.4
    endloop
  endfacet
  facet normal 0 0 1
    outer loop
      vertex 134.573 184.035 38.4
      vertex 132.858 182.722 38.4
      vertex 132.86 182.72 38.4
    endloop
  endfacet
  facet normal 0 0 1
    outer loop
      vertex 134.228 184.428 38.4
      vertex 132.701 182.901 38.4
      vertex 132.858 182.722 38.4
    endloop
  endfacet
  facet normal 0 0 1
    outer loop
      vertex 133.835 184.773 38.4
      vertex 132.522 183.058 38.4
      vertex 132.701 182.901 38.4
    endloop
  endfacet
  facet normal 0 0 1
    outer loop
      vertex 133.835 184.773 38.4
      vertex 132.52 183.06 38.4
      vertex 132.522 183.058 38.4
    endloop
  endfacet
  facet normal 0 0 1
    outer loop
      vertex 133.835 184.773 38.4
      vertex 132.518 183.061 38.4
      vertex 132.52 183.06 38.4
    endloop
  endfacet
  facet normal 0 0 1
    outer loop
      vertex 132.102 183.301 38.4
      vertex 132.931 185.296 38.4
      vertex 132.435 185.464 38.4
    endloop
  endfacet
  facet normal 0 0 1
    outer loop
      vertex 133.4 185.064 38.4
      vertex 132.32 183.194 38.4
      vertex 132.518 183.061 38.4
    endloop
  endfacet
  facet normal 0 0 1
    outer loop
      vertex 132.931 185.296 38.4
      vertex 132.107 183.299 38.4
      vertex 132.32 183.194 38.4
    endloop
  endfacet
  facet normal 0 0 1
    outer loop
      vertex 132.931 185.296 38.4
      vertex 132.104 183.3 38.4
      vertex 132.107 183.299 38.4
    endloop
  endfacet
  facet normal 0 0 1
    outer loop
      vertex 132.931 185.296 38.4
      vertex 132.102 183.301 38.4
      vertex 132.104 183.3 38.4
    endloop
  endfacet
  facet normal 0 0 1
    outer loop
      vertex 131.874 183.378 38.4
      vertex 132.435 185.464 38.4
      vertex 131.922 185.566 38.4
    endloop
  endfacet
  facet normal 0 0 1
    outer loop
      vertex 132.435 185.464 38.4
      vertex 131.876 183.377 38.4
      vertex 132.102 183.301 38.4
    endloop
  endfacet
  facet normal 0 0 1
    outer loop
      vertex 132.435 185.464 38.4
      vertex 131.874 183.378 38.4
      vertex 131.876 183.377 38.4
    endloop
  endfacet
  facet normal 0 0 1
    outer loop
      vertex 131.922 185.566 38.4
      vertex 131.64 183.424 38.4
      vertex 131.874 183.378 38.4
    endloop
  endfacet
  facet normal 0 0 1
    outer loop
      vertex 131.922 185.566 38.4
      vertex 131.638 183.425 38.4
      vertex 131.64 183.424 38.4
    endloop
  endfacet
  facet normal 0 0 1
    outer loop
      vertex 131.4 185.6 38.4
      vertex 131.638 183.425 38.4
      vertex 131.922 185.566 38.4
    endloop
  endfacet
  facet normal 0 0 1
    outer loop
      vertex 131.4 185.6 38.4
      vertex 131.4 183.44 38.4
      vertex 131.638 183.425 38.4
    endloop
  endfacet
  facet normal 0 0 1
    outer loop
      vertex 131.4 185.6 38.4
      vertex 131.162 183.425 38.4
      vertex 131.4 183.44 38.4
    endloop
  endfacet
  facet normal -0 0 1
    outer loop
      vertex 130.878 185.566 38.4
      vertex 131.162 183.425 38.4
      vertex 131.4 185.6 38.4
    endloop
  endfacet
  facet normal 0 0 1
    outer loop
      vertex 131.162 183.425 38.4
      vertex 130.878 185.566 38.4
      vertex 131.16 183.424 38.4
    endloop
  endfacet
  facet normal 0 0 1
    outer loop
      vertex 131.16 183.424 38.4
      vertex 130.878 185.566 38.4
      vertex 130.926 183.378 38.4
    endloop
  endfacet
  facet normal -0 0 1
    outer loop
      vertex 130.365 185.464 38.4
      vertex 130.926 183.378 38.4
      vertex 130.878 185.566 38.4
    endloop
  endfacet
  facet normal 0 0 1
    outer loop
      vertex 130.926 183.378 38.4
      vertex 130.365 185.464 38.4
      vertex 130.924 183.377 38.4
    endloop
  endfacet
  facet normal 0 0 1
    outer loop
      vertex 130.924 183.377 38.4
      vertex 130.365 185.464 38.4
      vertex 130.698 183.301 38.4
    endloop
  endfacet
  facet normal -0 0 1
    outer loop
      vertex 129.869 185.296 38.4
      vertex 130.698 183.301 38.4
      vertex 130.365 185.464 38.4
    endloop
  endfacet
  facet normal 0 0 1
    outer loop
      vertex 130.698 183.301 38.4
      vertex 129.869 185.296 38.4
      vertex 130.696 183.3 38.4
    endloop
  endfacet
  facet normal 0 0 1
    outer loop
      vertex 130.696 183.3 38.4
      vertex 129.869 185.296 38.4
      vertex 130.693 183.299 38.4
    endloop
  endfacet
  facet normal 0 0 1
    outer loop
      vertex 130.693 183.299 38.4
      vertex 129.869 185.296 38.4
      vertex 130.48 183.194 38.4
    endloop
  endfacet
  facet normal -0 0 1
    outer loop
      vertex 129.4 185.064 38.4
      vertex 130.48 183.194 38.4
      vertex 129.869 185.296 38.4
    endloop
  endfacet
  facet normal 0 0 1
    outer loop
      vertex 130.48 183.194 38.4
      vertex 129.4 185.064 38.4
      vertex 130.282 183.061 38.4
    endloop
  endfacet
  facet normal -0 0 1
    outer loop
      vertex 128.965 184.773 38.4
      vertex 130.282 183.061 38.4
      vertex 129.4 185.064 38.4
    endloop
  endfacet
  facet normal 0 0 1
    outer loop
      vertex 130.282 183.061 38.4
      vertex 128.965 184.773 38.4
      vertex 130.28 183.06 38.4
    endloop
  endfacet
  facet normal -0 0 1
    outer loop
      vertex 128.9 184.716 38.4
      vertex 130.28 183.06 38.4
      vertex 128.965 184.773 38.4
    endloop
  endfacet
  facet normal 0 0 1
    outer loop
      vertex 130.28 183.06 38.4
      vertex 128.9 184.716 38.4
      vertex 130.278 183.058 38.4
    endloop
  endfacet
  facet normal 0 0 1
    outer loop
      vertex 130.278 183.058 38.4
      vertex 128.9 184.716 38.4
      vertex 130.099 182.901 38.4
    endloop
  endfacet
  facet normal 0 0 1
    outer loop
      vertex 130.099 182.901 38.4
      vertex 128.9 184.716 38.4
      vertex 129.942 182.722 38.4
    endloop
  endfacet
  facet normal 0 0 1
    outer loop
      vertex 129.942 182.722 38.4
      vertex 128.9 184.716 38.4
      vertex 129.94 182.72 38.4
    endloop
  endfacet
  facet normal 0 0 1
    outer loop
      vertex 129.94 182.72 38.4
      vertex 128.9 184.716 38.4
      vertex 129.939 182.718 38.4
    endloop
  endfacet
  facet normal 0 0 1
    outer loop
      vertex 129.939 182.718 38.4
      vertex 128.9 184.716 38.4
      vertex 129.806 182.52 38.4
    endloop
  endfacet
  facet normal 0 0 1
    outer loop
      vertex 129.806 182.52 38.4
      vertex 128.9 184.716 38.4
      vertex 129.701 182.307 38.4
    endloop
  endfacet
  facet normal 0 0 1
    outer loop
      vertex 129.701 182.307 38.4
      vertex 128.9 184.716 38.4
      vertex 129.7 182.304 38.4
    endloop
  endfacet
  facet normal 0 0 1
    outer loop
      vertex 129.7 182.304 38.4
      vertex 128.9 184.716 38.4
      vertex 129.699 182.302 38.4
    endloop
  endfacet
  facet normal 0 0 1
    outer loop
      vertex 128.9 184.716 38.4
      vertex 129.575 181.838 38.4
      vertex 129.576 181.84 38.4
    endloop
  endfacet
  facet normal 0 0 1
    outer loop
      vertex 129.623 182.076 38.4
      vertex 128.9 184.716 38.4
      vertex 129.622 182.074 38.4
    endloop
  endfacet
  facet normal 0 0 1
    outer loop
      vertex 129.699 182.302 38.4
      vertex 128.9 184.716 38.4
      vertex 129.623 182.076 38.4
    endloop
  endfacet
  facet normal -0 0 1
    outer loop
      vertex 133.1 180.896 38.4
      vertex 135.096 180.069 38.4
      vertex 133.101 180.898 38.4
    endloop
  endfacet
  facet normal -0 0 1
    outer loop
      vertex 133.099 180.893 38.4
      vertex 135.096 180.069 38.4
      vertex 133.1 180.896 38.4
    endloop
  endfacet
  facet normal 0 0 1
    outer loop
      vertex 135.096 180.069 38.4
      vertex 133.099 180.893 38.4
      vertex 134.864 179.6 38.4
    endloop
  endfacet
  facet normal -0 0 1
    outer loop
      vertex 132.994 180.68 38.4
      vertex 134.864 179.6 38.4
      vertex 133.099 180.893 38.4
    endloop
  endfacet
  facet normal 0 0 1
    outer loop
      vertex 134.864 179.6 38.4
      vertex 132.994 180.68 38.4
      vertex 134.573 179.165 38.4
    endloop
  endfacet
  facet normal -0 0 1
    outer loop
      vertex 132.861 180.482 38.4
      vertex 134.573 179.165 38.4
      vertex 132.994 180.68 38.4
    endloop
  endfacet
  facet normal -0 0 1
    outer loop
      vertex 132.86 180.48 38.4
      vertex 134.573 179.165 38.4
      vertex 132.861 180.482 38.4
    endloop
  endfacet
  facet normal -0 0 1
    outer loop
      vertex 132.858 180.478 38.4
      vertex 134.573 179.165 38.4
      vertex 132.86 180.48 38.4
    endloop
  endfacet
  facet normal 0 0 1
    outer loop
      vertex 134.573 179.165 38.4
      vertex 132.858 180.478 38.4
      vertex 134.228 178.772 38.4
    endloop
  endfacet
  facet normal -0 0 1
    outer loop
      vertex 132.701 180.299 38.4
      vertex 134.228 178.772 38.4
      vertex 132.858 180.478 38.4
    endloop
  endfacet
  facet normal 0 0 1
    outer loop
      vertex 134.228 178.772 38.4
      vertex 132.701 180.299 38.4
      vertex 133.835 178.427 38.4
    endloop
  endfacet
  facet normal -0 0 1
    outer loop
      vertex 132.522 180.142 38.4
      vertex 133.835 178.427 38.4
      vertex 132.701 180.299 38.4
    endloop
  endfacet
  facet normal -0 0 1
    outer loop
      vertex 132.52 180.14 38.4
      vertex 133.835 178.427 38.4
      vertex 132.522 180.142 38.4
    endloop
  endfacet
  facet normal -0 0 1
    outer loop
      vertex 132.518 180.139 38.4
      vertex 133.835 178.427 38.4
      vertex 132.52 180.14 38.4
    endloop
  endfacet
  facet normal 0 0 1
    outer loop
      vertex 133.835 178.427 38.4
      vertex 132.518 180.139 38.4
      vertex 133.4 178.136 38.4
    endloop
  endfacet
  facet normal -0 0 1
    outer loop
      vertex 132.32 180.006 38.4
      vertex 133.4 178.136 38.4
      vertex 132.518 180.139 38.4
    endloop
  endfacet
  facet normal 0 0 1
    outer loop
      vertex 133.4 178.136 38.4
      vertex 132.32 180.006 38.4
      vertex 132.931 177.904 38.4
    endloop
  endfacet
  facet normal -0 0 1
    outer loop
      vertex 132.107 179.901 38.4
      vertex 132.931 177.904 38.4
      vertex 132.32 180.006 38.4
    endloop
  endfacet
  facet normal -0 0 1
    outer loop
      vertex 132.104 179.9 38.4
      vertex 132.931 177.904 38.4
      vertex 132.107 179.901 38.4
    endloop
  endfacet
  facet normal -0 0 1
    outer loop
      vertex 132.102 179.899 38.4
      vertex 132.931 177.904 38.4
      vertex 132.104 179.9 38.4
    endloop
  endfacet
  facet normal 0 0 1
    outer loop
      vertex 132.931 177.904 38.4
      vertex 132.102 179.899 38.4
      vertex 132.435 177.736 38.4
    endloop
  endfacet
  facet normal -0 0 1
    outer loop
      vertex 131.876 179.823 38.4
      vertex 132.435 177.736 38.4
      vertex 132.102 179.899 38.4
    endloop
  endfacet
  facet normal -0 0 1
    outer loop
      vertex 131.874 179.822 38.4
      vertex 132.435 177.736 38.4
      vertex 131.876 179.823 38.4
    endloop
  endfacet
  facet normal 0 0 1
    outer loop
      vertex 132.435 177.736 38.4
      vertex 131.874 179.822 38.4
      vertex 131.922 177.634 38.4
    endloop
  endfacet
  facet normal -0 0 1
    outer loop
      vertex 131.64 179.776 38.4
      vertex 131.922 177.634 38.4
      vertex 131.874 179.822 38.4
    endloop
  endfacet
  facet normal -0 0 1
    outer loop
      vertex 131.638 179.775 38.4
      vertex 131.922 177.634 38.4
      vertex 131.64 179.776 38.4
    endloop
  endfacet
  facet normal -0 0 1
    outer loop
      vertex 131.4 179.76 38.4
      vertex 131.922 177.634 38.4
      vertex 131.638 179.775 38.4
    endloop
  endfacet
  facet normal 0 0 1
    outer loop
      vertex 131.4 179.76 38.4
      vertex 131.4 177.6 38.4
      vertex 131.922 177.634 38.4
    endloop
  endfacet
  facet normal 0 0 1
    outer loop
      vertex 131.162 179.775 38.4
      vertex 131.4 177.6 38.4
      vertex 131.4 179.76 38.4
    endloop
  endfacet
  facet normal 0 0 1
    outer loop
      vertex 130.878 177.634 38.4
      vertex 131.162 179.775 38.4
      vertex 131.16 179.776 38.4
    endloop
  endfacet
  facet normal 0 0 1
    outer loop
      vertex 130.878 177.634 38.4
      vertex 131.16 179.776 38.4
      vertex 130.926 179.822 38.4
    endloop
  endfacet
  facet normal 0 0 1
    outer loop
      vertex 130.365 177.736 38.4
      vertex 130.926 179.822 38.4
      vertex 130.924 179.823 38.4
    endloop
  endfacet
  facet normal 0 0 1
    outer loop
      vertex 131.162 179.775 38.4
      vertex 130.878 177.634 38.4
      vertex 131.4 177.6 38.4
    endloop
  endfacet
  facet normal 0 0 1
    outer loop
      vertex 130.365 177.736 38.4
      vertex 130.924 179.823 38.4
      vertex 130.698 179.899 38.4
    endloop
  endfacet
  facet normal 0 0 1
    outer loop
      vertex 129.869 177.904 38.4
      vertex 130.698 179.899 38.4
      vertex 130.696 179.9 38.4
    endloop
  endfacet
  facet normal 0 0 1
    outer loop
      vertex 129.869 177.904 38.4
      vertex 130.696 179.9 38.4
      vertex 130.693 179.901 38.4
    endloop
  endfacet
  facet normal 0 0 1
    outer loop
      vertex 129.869 177.904 38.4
      vertex 130.693 179.901 38.4
      vertex 130.48 180.006 38.4
    endloop
  endfacet
  facet normal 0 0 1
    outer loop
      vertex 130.926 179.822 38.4
      vertex 130.365 177.736 38.4
      vertex 130.878 177.634 38.4
    endloop
  endfacet
  facet normal 0 0 1
    outer loop
      vertex 129.4 178.136 38.4
      vertex 130.48 180.006 38.4
      vertex 130.282 180.139 38.4
    endloop
  endfacet
  facet normal 0 0 1
    outer loop
      vertex 128.965 178.427 38.4
      vertex 130.282 180.139 38.4
      vertex 130.28 180.14 38.4
    endloop
  endfacet
  facet normal 0 0 1
    outer loop
      vertex 128.965 178.427 38.4
      vertex 130.28 180.14 38.4
      vertex 130.278 180.142 38.4
    endloop
  endfacet
  facet normal 0 0 1
    outer loop
      vertex 128.965 178.427 38.4
      vertex 130.278 180.142 38.4
      vertex 130.099 180.299 38.4
    endloop
  endfacet
  facet normal 0 0 1
    outer loop
      vertex 128.572 178.772 38.4
      vertex 130.099 180.299 38.4
      vertex 129.942 180.478 38.4
    endloop
  endfacet
  facet normal 0 0 1
    outer loop
      vertex 128.572 178.772 38.4
      vertex 129.942 180.478 38.4
      vertex 129.94 180.48 38.4
    endloop
  endfacet
  facet normal 0 0 1
    outer loop
      vertex 128.572 178.772 38.4
      vertex 129.94 180.48 38.4
      vertex 129.939 180.482 38.4
    endloop
  endfacet
  facet normal 0 0 1
    outer loop
      vertex 130.698 179.899 38.4
      vertex 129.869 177.904 38.4
      vertex 130.365 177.736 38.4
    endloop
  endfacet
  facet normal 0 0 1
    outer loop
      vertex 128.572 178.772 38.4
      vertex 129.939 180.482 38.4
      vertex 129.806 180.68 38.4
    endloop
  endfacet
  facet normal 0 0 1
    outer loop
      vertex 128.572 178.772 38.4
      vertex 129.806 180.68 38.4
      vertex 129.701 180.893 38.4
    endloop
  endfacet
  facet normal 0 0 1
    outer loop
      vertex 128.572 178.772 38.4
      vertex 129.701 180.893 38.4
      vertex 129.7 180.896 38.4
    endloop
  endfacet
  facet normal 0 0 1
    outer loop
      vertex 128.572 178.772 38.4
      vertex 129.7 180.896 38.4
      vertex 129.699 180.898 38.4
    endloop
  endfacet
  facet normal 0 0 1
    outer loop
      vertex 128.572 178.772 38.4
      vertex 129.699 180.898 38.4
      vertex 129.623 181.124 38.4
    endloop
  endfacet
  facet normal 0 0 1
    outer loop
      vertex 128.572 178.772 38.4
      vertex 129.623 181.124 38.4
      vertex 129.622 181.126 38.4
    endloop
  endfacet
  facet normal 0 0 1
    outer loop
      vertex 128.572 178.772 38.4
      vertex 129.622 181.126 38.4
      vertex 129.576 181.36 38.4
    endloop
  endfacet
  facet normal 0 0 1
    outer loop
      vertex 128.572 178.772 38.4
      vertex 129.575 181.362 38.4
      vertex 129.56 181.6 38.4
    endloop
  endfacet
  facet normal 0 0 1
    outer loop
      vertex 130.48 180.006 38.4
      vertex 129.4 178.136 38.4
      vertex 129.869 177.904 38.4
    endloop
  endfacet
  facet normal 0 0 1
    outer loop
      vertex 129.575 181.362 38.4
      vertex 128.572 178.772 38.4
      vertex 129.576 181.36 38.4
    endloop
  endfacet
  facet normal 0 0 1
    outer loop
      vertex 129.622 182.074 38.4
      vertex 128.9 184.716 38.4
      vertex 129.576 181.84 38.4
    endloop
  endfacet
  facet normal 0 0 1
    outer loop
      vertex 129.575 181.838 38.4
      vertex 128.9 184.716 38.4
      vertex 129.56 181.6 38.4
    endloop
  endfacet
  facet normal 0 0 1
    outer loop
      vertex 128.572 178.772 38.4
      vertex 129.56 181.6 38.4
      vertex 128.9 184.716 38.4
    endloop
  endfacet
  facet normal 0 0 1
    outer loop
      vertex 130.282 180.139 38.4
      vertex 128.965 178.427 38.4
      vertex 129.4 178.136 38.4
    endloop
  endfacet
  facet normal 0 0 1
    outer loop
      vertex 130.099 180.299 38.4
      vertex 128.572 178.772 38.4
      vertex 128.965 178.427 38.4
    endloop
  endfacet
  facet normal 0 0.748588 -0.663035
    outer loop
      vertex 128.9 116.2 26.4
      vertex 127.4 116.2 26.4
      vertex 131.4 122.4 33.4
    endloop
  endfacet
  facet normal -0.939258 0.318136 -0.128776
    outer loop
      vertex 127.704 119.931 33.4
      vertex 127.4 116.2 26.4
      vertex 127.536 119.435 33.4
    endloop
  endfacet
  facet normal -0.38044 0.769079 -0.513598
    outer loop
      vertex 129.869 122.096 33.4
      vertex 127.4 116.2 26.4
      vertex 129.4 121.864 33.4
    endloop
  endfacet
  facet normal 0.798383 -0.394936 -0.454545
    outer loop
      vertex 134.864 116.4 33.4
      vertex 128.9 112.4 26.4
      vertex 135.096 116.869 33.4
    endloop
  endfacet
  facet normal -0.049604 0.761567 -0.646185
    outer loop
      vertex 131.4 122.4 33.4
      vertex 127.4 116.2 26.4
      vertex 130.878 122.366 33.4
    endloop
  endfacet
  facet normal -0.70975 0.623063 -0.328705
    outer loop
      vertex 128.572 121.228 33.4
      vertex 127.4 116.2 26.4
      vertex 128.227 120.835 33.4
    endloop
  endfacet
  facet normal 0.0481422 0.739124 -0.671847
    outer loop
      vertex 131.922 122.366 33.4
      vertex 128.9 116.2 26.4
      vertex 131.4 122.4 33.4
    endloop
  endfacet
  facet normal 0.664942 0.230204 -0.710534
    outer loop
      vertex 132.646 118.456 30.6328
      vertex 135.264 119.435 33.4
      vertex 132.65 118.4 30.6184
    endloop
  endfacet
  facet normal 0.666782 0.225219 -0.710407
    outer loop
      vertex 135.264 119.435 33.4
      vertex 132.639 118.237 30.5564
      vertex 132.65 118.4 30.6184
    endloop
  endfacet
  facet normal 0.666215 0.226646 -0.710485
    outer loop
      vertex 132.639 118.237 30.5564
      vertex 135.264 119.435 33.4
      vertex 132.609 118.086 30.4801
    endloop
  endfacet
  facet normal 0.666534 0.225761 -0.710468
    outer loop
      vertex 135.264 119.435 33.4
      vertex 132.646 118.456 30.6328
      vertex 135.096 119.931 33.4
    endloop
  endfacet
  facet normal 0.676885 0.203232 -0.707476
    outer loop
      vertex 130.775 117.317 28.5148
      vertex 128.9 116.2 26.4
      vertex 130.766 117.324 28.5082
    endloop
  endfacet
  facet normal 0.665427 0.228461 -0.710642
    outer loop
      vertex 130.922 117.245 28.6293
      vertex 128.9 116.2 26.4
      vertex 130.775 117.317 28.5148
    endloop
  endfacet
  facet normal 0.674642 0.206456 -0.708685
    outer loop
      vertex 128.9 116.2 26.4
      vertex 130.922 117.245 28.6293
      vertex 130.942 117.238 28.6463
    endloop
  endfacet
  facet normal -0.606211 0.690553 -0.394518
    outer loop
      vertex 128.965 121.573 33.4
      vertex 127.4 116.2 26.4
      vertex 128.572 121.228 33.4
    endloop
  endfacet
  facet normal -0.879361 0.434993 -0.193662
    outer loop
      vertex 127.936 120.4 33.4
      vertex 127.4 116.2 26.4
      vertex 127.704 119.931 33.4
    endloop
  endfacet
  facet normal -0.978333 0.194522 -0.0708895
    outer loop
      vertex 127.536 119.435 33.4
      vertex 127.4 116.2 26.4
      vertex 127.434 118.922 33.4
    endloop
  endfacet
  facet normal 0.228813 0.675544 -0.700917
    outer loop
      vertex 131.252 119.64 30.4848
      vertex 132.435 122.264 33.4
      vertex 132.931 122.096 33.4
    endloop
  endfacet
  facet normal 0.230748 0.674782 -0.701017
    outer loop
      vertex 131.237 119.639 30.4789
      vertex 132.435 122.264 33.4
      vertex 131.252 119.64 30.4848
    endloop
  endfacet
  facet normal 0.227835 0.675935 -0.700858
    outer loop
      vertex 131.076 119.607 30.3957
      vertex 132.435 122.264 33.4
      vertex 131.237 119.639 30.4789
    endloop
  endfacet
  facet normal 0.233973 0.673337 -0.701337
    outer loop
      vertex 130.922 119.555 30.2944
      vertex 132.435 122.264 33.4
      vertex 131.076 119.607 30.3957
    endloop
  endfacet
  facet normal 0.22117 0.678995 -0.700035
    outer loop
      vertex 132.435 122.264 33.4
      vertex 130.922 119.555 30.2944
      vertex 130.829 119.509 30.2204
    endloop
  endfacet
  facet normal 0.228974 0.675531 -0.700877
    outer loop
      vertex 130.161 118.237 28.7753
      vertex 128.9 116.2 26.4
      vertex 130.153 118.35 28.8816
    endloop
  endfacet
  facet normal 0.233784 0.673255 -0.701479
    outer loop
      vertex 128.9 116.2 26.4
      vertex 130.161 118.237 28.7753
      vertex 130.19 118.087 28.641
    endloop
  endfacet
  facet normal 0.800089 -0.270998 -0.53518
    outer loop
      vertex 135.096 116.869 33.4
      vertex 128.9 112.4 26.4
      vertex 135.264 117.365 33.4
    endloop
  endfacet
  facet normal 0.141503 0.711675 -0.688111
    outer loop
      vertex 130.829 119.509 30.2204
      vertex 131.922 122.366 33.4
      vertex 132.435 122.264 33.4
    endloop
  endfacet
  facet normal 0.157504 0.707021 -0.68943
    outer loop
      vertex 130.775 119.483 30.1814
      vertex 131.922 122.366 33.4
      vertex 130.829 119.509 30.2204
    endloop
  endfacet
  facet normal 0.139967 0.712232 -0.687848
    outer loop
      vertex 130.639 119.392 30.0595
      vertex 131.922 122.366 33.4
      vertex 130.775 119.483 30.1814
    endloop
  endfacet
  facet normal 0.14036 0.712112 -0.687892
    outer loop
      vertex 130.516 119.284 29.9226
      vertex 131.922 122.366 33.4
      vertex 130.639 119.392 30.0595
    endloop
  endfacet
  facet normal 0.139443 0.712402 -0.687778
    outer loop
      vertex 130.408 119.161 29.7733
      vertex 131.922 122.366 33.4
      vertex 130.516 119.284 29.9226
    endloop
  endfacet
  facet normal 0.138947 0.712562 -0.687713
    outer loop
      vertex 130.317 119.025 29.614
      vertex 131.922 122.366 33.4
      vertex 130.408 119.161 29.7733
    endloop
  endfacet
  facet normal 0.00986555 0.747682 -0.663983
    outer loop
      vertex 130.245 118.878 29.4474
      vertex 131.922 122.366 33.4
      vertex 130.317 119.025 29.614
    endloop
  endfacet
  facet normal 0.152344 0.708088 -0.689494
    outer loop
      vertex 130.245 118.878 29.4474
      vertex 128.9 116.2 26.4
      vertex 131.922 122.366 33.4
    endloop
  endfacet
  facet normal 0.114463 0.720635 -0.683801
    outer loop
      vertex 130.193 118.724 29.2764
      vertex 128.9 116.2 26.4
      vertex 130.245 118.878 29.4474
    endloop
  endfacet
  facet normal 0.151337 0.708272 -0.689528
    outer loop
      vertex 130.161 118.563 29.104
      vertex 128.9 116.2 26.4
      vertex 130.193 118.724 29.2764
    endloop
  endfacet
  facet normal 0.140516 0.712124 -0.687848
    outer loop
      vertex 130.15 118.4 28.933
      vertex 128.9 116.2 26.4
      vertex 130.161 118.563 29.104
    endloop
  endfacet
  facet normal 0.134885 0.714174 -0.686849
    outer loop
      vertex 128.9 116.2 26.4
      vertex 130.15 118.4 28.933
      vertex 130.153 118.35 28.8816
    endloop
  endfacet
  facet normal 0 -1 0
    outer loop
      vertex 75.5 112.4 5.5
      vertex 79.5 112.4 11
      vertex 74.5 112.4 11
    endloop
  endfacet
  facet normal 0 -1 -0
    outer loop
      vertex 79.5 112.4 11
      vertex 75.5 112.4 5.5
      vertex 86.5 112.4 11
    endloop
  endfacet
  facet normal 0 -1 0
    outer loop
      vertex 75.5 112.4 5.5
      vertex 74.5 112.4 11
      vertex 74.5 112.4 5.5
    endloop
  endfacet
  facet normal 0 -1 0
    outer loop
      vertex 96 112.4 32.5
      vertex 98.5 112.4 11
      vertex 98.5 112.4 32.4
    endloop
  endfacet
  facet normal 0 -1 0
    outer loop
      vertex 104.5 112.4 5.5
      vertex 98.5 112.4 11
      vertex 96 112.4 5.5
    endloop
  endfacet
  facet normal 0 -1 0
    outer loop
      vertex 96 112.4 5.5
      vertex 98.5 112.4 11
      vertex 96 112.4 32.5
    endloop
  endfacet
  facet normal 0 -1 0
    outer loop
      vertex 79.5 112.4 11
      vertex 86.5 112.4 32.4
      vertex 79.5 112.4 32.4
    endloop
  endfacet
  facet normal 0 -1 -0
    outer loop
      vertex 86.5 112.4 32.4
      vertex 79.5 112.4 11
      vertex 86.5 112.4 11
    endloop
  endfacet
  facet normal 0 -1 0
    outer loop
      vertex 79.5 112.4 32.4
      vertex 74.5 112.4 32.5
      vertex 74.5 112.4 32.4
    endloop
  endfacet
  facet normal 0 -1 0
    outer loop
      vertex 74.5 112.4 32.5
      vertex 79.5 112.4 32.4
      vertex 94 112.4 32.5
    endloop
  endfacet
  facet normal 0 -1 0
    outer loop
      vertex 86.5 112.4 32.4
      vertex 94 112.4 32.5
      vertex 79.5 112.4 32.4
    endloop
  endfacet
  facet normal 0 -1 0
    outer loop
      vertex 91.5 112.4 32.4
      vertex 94 112.4 32.5
      vertex 86.5 112.4 32.4
    endloop
  endfacet
  facet normal 0 -1 0
    outer loop
      vertex 91.5 112.4 11
      vertex 94 112.4 32.5
      vertex 91.5 112.4 32.4
    endloop
  endfacet
  facet normal 0 -1 0
    outer loop
      vertex 94 112.4 5.5
      vertex 86.5 112.4 11
      vertex 75.5 112.4 5.5
    endloop
  endfacet
  facet normal 0 -1 0
    outer loop
      vertex 91.5 112.4 11
      vertex 94 112.4 5.5
      vertex 94 112.4 32.5
    endloop
  endfacet
  facet normal 0 -1 0
    outer loop
      vertex 86.5 112.4 11
      vertex 94 112.4 5.5
      vertex 91.5 112.4 11
    endloop
  endfacet
  facet normal 0 -1 0
    outer loop
      vertex 68.75 112.4 5.5
      vertex 73.25 112.4 32.5
      vertex 68.75 112.4 32.5
    endloop
  endfacet
  facet normal 0 -1 -0
    outer loop
      vertex 73.25 112.4 32.5
      vertex 68.75 112.4 5.5
      vertex 73.25 112.4 5.5
    endloop
  endfacet
  facet normal 0 -1 0
    outer loop
      vertex 60 112.4 32.5
      vertex 62.5 112.4 32.4
      vertex 67.5 112.4 32.5
    endloop
  endfacet
  facet normal 0 -1 0
    outer loop
      vertex 60 112.4 32.5
      vertex 62.5 112.4 11
      vertex 62.5 112.4 32.4
    endloop
  endfacet
  facet normal 0 -1 0
    outer loop
      vertex 60 112.4 5.5
      vertex 62.5 112.4 11
      vertex 60 112.4 32.5
    endloop
  endfacet
  facet normal 0 -1 0
    outer loop
      vertex 66.5 112.4 5.5
      vertex 62.5 112.4 11
      vertex 60 112.4 5.5
    endloop
  endfacet
  facet normal 0 -1 0
    outer loop
      vertex 62.5 112.4 11
      vertex 66.5 112.4 5.5
      vertex 67.5 112.4 11
    endloop
  endfacet
  facet normal 0 -1 0
    outer loop
      vertex 66.5 112.4 5.5
      vertex 67.5 112.4 5.5
      vertex 67.5 112.4 11
    endloop
  endfacet
  facet normal 0 -1 0
    outer loop
      vertex 66.5 112.4 3
      vertex 67.5 112.4 5.5
      vertex 66.5 112.4 5.5
    endloop
  endfacet
  facet normal 0 -1 -0
    outer loop
      vertex 67.5 112.4 5.5
      vertex 66.5 112.4 3
      vertex 68.75 112.4 5.5
    endloop
  endfacet
  facet normal 0 -1 -0
    outer loop
      vertex 68.75 112.4 5.5
      vertex 66.5 112.4 3
      vertex 73.25 112.4 5.5
    endloop
  endfacet
  facet normal 0 -1 0
    outer loop
      vertex 75.5 112.4 3
      vertex 73.25 112.4 5.5
      vertex 66.5 112.4 3
    endloop
  endfacet
  facet normal 0 -1 0
    outer loop
      vertex 73.25 112.4 5.5
      vertex 75.5 112.4 3
      vertex 74.5 112.4 5.5
    endloop
  endfacet
  facet normal 0 -1 0
    outer loop
      vertex 74.5 112.4 5.5
      vertex 75.5 112.4 3
      vertex 75.5 112.4 5.5
    endloop
  endfacet
  facet normal 0 -1 0
    outer loop
      vertex 60 112.4 32.5
      vertex 25.1 112.4 38.4
      vertex 58 112.4 32.5
    endloop
  endfacet
  facet normal 0 -1 0
    outer loop
      vertex 55.5 112.4 32.4
      vertex 25.1 112.4 38.4
      vertex 50.5 112.4 32.4
    endloop
  endfacet
  facet normal 0 -1 0
    outer loop
      vertex 41.5 112.4 5.5
      vertex 50.5 112.4 32.4
      vertex 25.1 112.4 38.4
    endloop
  endfacet
  facet normal 0 -1 0
    outer loop
      vertex 58 112.4 5.5
      vertex 50.5 112.4 11
      vertex 41.5 112.4 5.5
    endloop
  endfacet
  facet normal 0 -1 -0
    outer loop
      vertex 50.5 112.4 32.4
      vertex 41.5 112.4 5.5
      vertex 50.5 112.4 11
    endloop
  endfacet
  facet normal 0 -1 0
    outer loop
      vertex 25.1 112.4 3
      vertex 41.5 112.4 5.5
      vertex 25.1 112.4 38.4
    endloop
  endfacet
  facet normal 0 -1 -0
    outer loop
      vertex 41.5 112.4 5.5
      vertex 25.1 112.4 3
      vertex 41.5 112.4 3
    endloop
  endfacet
  facet normal 0 -1 0
    outer loop
      vertex 67.5 112.4 32.5
      vertex 25.1 112.4 38.4
      vertex 60 112.4 32.5
    endloop
  endfacet
  facet normal 0 -1 0
    outer loop
      vertex 25.1 112.4 38.4
      vertex 67.5 112.4 32.5
      vertex 113.9 112.4 38.4
    endloop
  endfacet
  facet normal 0 -1 0
    outer loop
      vertex 68.75 112.4 32.5
      vertex 113.9 112.4 38.4
      vertex 67.5 112.4 32.5
    endloop
  endfacet
  facet normal 0 -1 0
    outer loop
      vertex 73.25 112.4 32.5
      vertex 113.9 112.4 38.4
      vertex 68.75 112.4 32.5
    endloop
  endfacet
  facet normal 0 -1 0
    outer loop
      vertex 74.5 112.4 32.5
      vertex 113.9 112.4 38.4
      vertex 73.25 112.4 32.5
    endloop
  endfacet
  facet normal 0 -1 0
    outer loop
      vertex 94 112.4 32.5
      vertex 113.9 112.4 38.4
      vertex 74.5 112.4 32.5
    endloop
  endfacet
  facet normal 0 -1 0
    outer loop
      vertex 96 112.4 32.5
      vertex 113.9 112.4 38.4
      vertex 94 112.4 32.5
    endloop
  endfacet
  facet normal 0 -1 0
    outer loop
      vertex 98.5 112.4 32.4
      vertex 113.9 112.4 38.4
      vertex 96 112.4 32.5
    endloop
  endfacet
  facet normal 0 -1 0
    outer loop
      vertex 103.5 112.4 32.4
      vertex 113.9 112.4 38.4
      vertex 98.5 112.4 32.4
    endloop
  endfacet
  facet normal 0 -1 0
    outer loop
      vertex 103.5 112.4 32.4
      vertex 113.9 112.4 31.4
      vertex 113.9 112.4 38.4
    endloop
  endfacet
  facet normal 0 -1 0
    outer loop
      vertex 117.4 112.4 27.7
      vertex 113.9 112.4 31.4
      vertex 114.4 112.4 27.7
    endloop
  endfacet
  facet normal 0 -1 0
    outer loop
      vertex 103.5 112.4 32.4
      vertex 114.4 112.4 27.7
      vertex 113.9 112.4 31.4
    endloop
  endfacet
  facet normal 0 -1 0
    outer loop
      vertex 103.5 112.4 32.4
      vertex 114.4 112.4 15.7
      vertex 114.4 112.4 27.7
    endloop
  endfacet
  facet normal 0 -1 0
    outer loop
      vertex 104.5 112.4 5.5
      vertex 114.4 112.4 15.7
      vertex 103.5 112.4 11
    endloop
  endfacet
  facet normal 0 -1 0
    outer loop
      vertex 103.5 112.4 11
      vertex 114.4 112.4 15.7
      vertex 103.5 112.4 32.4
    endloop
  endfacet
  facet normal 0 -1 0
    outer loop
      vertex 25.1 112.4 38.4
      vertex 55.5 112.4 32.4
      vertex 58 112.4 32.5
    endloop
  endfacet
  facet normal 0 -1 0
    outer loop
      vertex 55.5 112.4 11
      vertex 58 112.4 32.5
      vertex 55.5 112.4 32.4
    endloop
  endfacet
  facet normal 0 -1 0
    outer loop
      vertex 55.5 112.4 11
      vertex 58 112.4 5.5
      vertex 58 112.4 32.5
    endloop
  endfacet
  facet normal 0 -1 0
    outer loop
      vertex 50.5 112.4 11
      vertex 58 112.4 5.5
      vertex 55.5 112.4 11
    endloop
  endfacet
  facet normal 0 -1 -0
    outer loop
      vertex 67.5 112.4 32.5
      vertex 62.5 112.4 32.4
      vertex 67.5 112.4 32.4
    endloop
  endfacet
  facet normal 0 -1 0
    outer loop
      vertex 113.9 112.4 31.4
      vertex 117.4 112.4 27.7
      vertex 128.9 112.4 31.4
    endloop
  endfacet
  facet normal 0 -1 0
    outer loop
      vertex 117.4 112.4 27.7
      vertex 128.9 112.4 26.4
      vertex 128.9 112.4 31.4
    endloop
  endfacet
  facet normal 0 -1 0
    outer loop
      vertex 117.4 112.4 15.7
      vertex 128.9 112.4 26.4
      vertex 117.4 112.4 27.7
    endloop
  endfacet
  facet normal 0 -1 0
    outer loop
      vertex 98.5 112.4 11
      vertex 104.5 112.4 5.5
      vertex 103.5 112.4 11
    endloop
  endfacet
  facet normal 0 -1 -0
    outer loop
      vertex 114.4 112.4 15.7
      vertex 104.5 112.4 5.5
      vertex 117.4 112.4 15.7
    endloop
  endfacet
  facet normal 0 -1 0
    outer loop
      vertex 104.5 112.4 3
      vertex 117.4 112.4 15.7
      vertex 104.5 112.4 5.5
    endloop
  endfacet
  facet normal 0 -1 0
    outer loop
      vertex 128.9 112.4 3
      vertex 117.4 112.4 15.7
      vertex 104.5 112.4 3
    endloop
  endfacet
  facet normal 0 -1 0
    outer loop
      vertex 117.4 112.4 15.7
      vertex 128.9 112.4 3
      vertex 128.9 112.4 26.4
    endloop
  endfacet
  facet normal 0.57742 0.382276 -0.721423
    outer loop
      vertex 132.555 118.878 30.7454
      vertex 134.864 120.4 33.4
      vertex 132.583 118.794 30.7233
    endloop
  endfacet
  facet normal 0.576847 0.383144 -0.721421
    outer loop
      vertex 132.483 119.025 30.7659
      vertex 134.864 120.4 33.4
      vertex 132.555 118.878 30.7454
    endloop
  endfacet
  facet normal 0.576225 0.38415 -0.721384
    outer loop
      vertex 132.439 119.091 30.7659
      vertex 134.864 120.4 33.4
      vertex 132.483 119.025 30.7659
    endloop
  endfacet
  facet normal 0.575658 0.385095 -0.721332
    outer loop
      vertex 134.864 120.4 33.4
      vertex 132.439 119.091 30.7659
      vertex 134.573 120.835 33.4
    endloop
  endfacet
  facet normal 0.632364 0.302731 -0.713071
    outer loop
      vertex 130.516 117.516 28.3918
      vertex 128.9 116.2 26.4
      vertex 130.514 117.519 28.3913
    endloop
  endfacet
  facet normal 0.575251 0.385517 -0.721431
    outer loop
      vertex 128.9 116.2 26.4
      vertex 130.516 117.516 28.3918
      vertex 130.629 117.417 28.429
    endloop
  endfacet
  facet normal -0.494588 0.739332 -0.456915
    outer loop
      vertex 129.4 121.864 33.4
      vertex 127.4 116.2 26.4
      vertex 128.965 121.573 33.4
    endloop
  endfacet
  facet normal -0.997677 0.0649828 -0.0204232
    outer loop
      vertex 127.434 118.922 33.4
      vertex 127.4 116.2 26.4
      vertex 127.4 118.4 33.4
    endloop
  endfacet
  facet normal 0.311894 0.630509 -0.71076
    outer loop
      vertex 131.623 119.627 30.6358
      vertex 132.931 122.096 33.4
      vertex 133.4 121.864 33.4
    endloop
  endfacet
  facet normal 0.312067 0.63042 -0.710763
    outer loop
      vertex 131.563 119.639 30.6201
      vertex 132.931 122.096 33.4
      vertex 131.623 119.627 30.6358
    endloop
  endfacet
  facet normal 0.31245 0.630219 -0.710774
    outer loop
      vertex 131.4 119.65 30.5582
      vertex 132.931 122.096 33.4
      vertex 131.563 119.639 30.6201
    endloop
  endfacet
  facet normal 0.309743 0.631731 -0.710616
    outer loop
      vertex 132.931 122.096 33.4
      vertex 131.4 119.65 30.5582
      vertex 131.252 119.64 30.4848
    endloop
  endfacet
  facet normal 0.287062 0.644921 -0.708289
    outer loop
      vertex 130.193 118.076 28.6322
      vertex 128.9 116.2 26.4
      vertex 130.19 118.087 28.641
    endloop
  endfacet
  facet normal 0.309257 0.632175 -0.710433
    outer loop
      vertex 130.245 117.922 28.5178
      vertex 128.9 116.2 26.4
      vertex 130.193 118.076 28.6322
    endloop
  endfacet
  facet normal 0.319003 0.625993 -0.711597
    outer loop
      vertex 128.9 116.2 26.4
      vertex 130.245 117.922 28.5178
      vertex 130.254 117.904 28.506
    endloop
  endfacet
  facet normal -0.154735 0.778225 -0.608624
    outer loop
      vertex 130.878 122.366 33.4
      vertex 127.4 116.2 26.4
      vertex 130.365 122.264 33.4
    endloop
  endfacet
  facet normal -0.264715 0.781539 -0.56491
    outer loop
      vertex 130.365 122.264 33.4
      vertex 127.4 116.2 26.4
      vertex 129.869 122.096 33.4
    endloop
  endfacet
  facet normal 0.752514 -0.0490143 -0.65675
    outer loop
      vertex 135.366 117.878 33.4
      vertex 128.9 112.4 26.4
      vertex 135.4 118.4 33.4
    endloop
  endfacet
  facet normal 0.732793 0 -0.680451
    outer loop
      vertex 135.4 118.4 33.4
      vertex 128.9 112.4 26.4
      vertex 128.9 116.2 26.4
    endloop
  endfacet
  facet normal 0.518782 0.456727 -0.72268
    outer loop
      vertex 132.392 119.161 30.7764
      vertex 134.573 120.835 33.4
      vertex 132.439 119.091 30.7659
    endloop
  endfacet
  facet normal 0.519405 0.455966 -0.722713
    outer loop
      vertex 134.573 120.835 33.4
      vertex 132.392 119.161 30.7764
      vertex 134.228 121.228 33.4
    endloop
  endfacet
  facet normal 0.519353 0.456018 -0.722717
    outer loop
      vertex 132.284 119.284 30.7764
      vertex 134.228 121.228 33.4
      vertex 132.392 119.161 30.7764
    endloop
  endfacet
  facet normal 0.521361 0.453877 -0.722619
    outer loop
      vertex 134.228 121.228 33.4
      vertex 132.284 119.284 30.7764
      vertex 132.224 119.337 30.7664
    endloop
  endfacet
  facet normal 0.518028 0.457358 -0.722821
    outer loop
      vertex 130.514 117.519 28.3913
      vertex 128.9 116.2 26.4
      vertex 130.416 117.63 28.3913
    endloop
  endfacet
  facet normal -0.802439 0.536804 -0.260639
    outer loop
      vertex 128.227 120.835 33.4
      vertex 127.4 116.2 26.4
      vertex 127.936 120.4 33.4
    endloop
  endfacet
  facet normal 0.651273 -0.741885 -0.159532
    outer loop
      vertex 133.835 115.227 33.4
      vertex 128.9 112.4 26.4
      vertex 134.228 115.572 33.4
    endloop
  endfacet
  facet normal 0.783372 -0.155758 -0.60172
    outer loop
      vertex 135.264 117.365 33.4
      vertex 128.9 112.4 26.4
      vertex 135.366 117.878 33.4
    endloop
  endfacet
  facet normal 0.724475 0.047188 -0.687684
    outer loop
      vertex 135.4 118.4 33.4
      vertex 132.42 117.682 30.2113
      vertex 135.366 118.922 33.4
    endloop
  endfacet
  facet normal 0.721971 0.0634594 -0.689007
    outer loop
      vertex 135.4 118.4 33.4
      vertex 132.392 117.639 30.178
      vertex 132.42 117.682 30.2113
    endloop
  endfacet
  facet normal 0.724842 0.0453827 -0.687418
    outer loop
      vertex 135.4 118.4 33.4
      vertex 132.284 117.516 30.056
      vertex 132.392 117.639 30.178
    endloop
  endfacet
  facet normal 0.724568 0.0470279 -0.687597
    outer loop
      vertex 135.4 118.4 33.4
      vertex 132.161 117.408 29.919
      vertex 132.284 117.516 30.056
    endloop
  endfacet
  facet normal 0.724658 0.0465184 -0.687536
    outer loop
      vertex 135.4 118.4 33.4
      vertex 132.025 117.317 29.7695
      vertex 132.161 117.408 29.919
    endloop
  endfacet
  facet normal 0.726217 0.0379173 -0.686419
    outer loop
      vertex 135.4 118.4 33.4
      vertex 131.878 117.245 29.61
      vertex 132.025 117.317 29.7695
    endloop
  endfacet
  facet normal 0.58439 0.44489 -0.678646
    outer loop
      vertex 135.4 118.4 33.4
      vertex 131.724 117.193 29.4433
      vertex 131.878 117.245 29.61
    endloop
  endfacet
  facet normal 0.724803 0.0459818 -0.68742
    outer loop
      vertex 131.563 117.161 29.2721
      vertex 128.9 116.2 26.4
      vertex 131.4 117.15 29.0995
    endloop
  endfacet
  facet normal 0.720905 0.0645545 -0.69002
    outer loop
      vertex 131.724 117.193 29.4433
      vertex 128.9 116.2 26.4
      vertex 131.563 117.161 29.2721
    endloop
  endfacet
  facet normal 0.726245 0.038195 -0.686374
    outer loop
      vertex 128.9 116.2 26.4
      vertex 131.724 117.193 29.4433
      vertex 135.4 118.4 33.4
    endloop
  endfacet
  facet normal 0.726583 0.0379447 -0.68603
    outer loop
      vertex 131.237 117.161 28.9283
      vertex 128.9 116.2 26.4
      vertex 131.2 117.168 28.8895
    endloop
  endfacet
  facet normal 0.724947 0.0453001 -0.687313
    outer loop
      vertex 128.9 116.2 26.4
      vertex 131.237 117.161 28.9283
      vertex 131.4 117.15 29.0995
    endloop
  endfacet
  facet normal 0.62465 0.308393 -0.71743
    outer loop
      vertex 132.639 118.563 30.6727
      vertex 135.096 119.931 33.4
      vertex 132.646 118.456 30.6328
    endloop
  endfacet
  facet normal 0.625174 0.307396 -0.717402
    outer loop
      vertex 132.607 118.724 30.7138
      vertex 135.096 119.931 33.4
      vertex 132.639 118.563 30.6727
    endloop
  endfacet
  facet normal 0.623366 0.311085 -0.717385
    outer loop
      vertex 132.583 118.794 30.7233
      vertex 135.096 119.931 33.4
      vertex 132.607 118.724 30.7138
    endloop
  endfacet
  facet normal 0.624412 0.308878 -0.717429
    outer loop
      vertex 135.096 119.931 33.4
      vertex 132.583 118.794 30.7233
      vertex 134.864 120.4 33.4
    endloop
  endfacet
  facet normal 0.631904 0.296279 -0.716182
    outer loop
      vertex 130.639 117.408 28.4341
      vertex 128.9 116.2 26.4
      vertex 130.629 117.417 28.429
    endloop
  endfacet
  facet normal 0.623751 0.310156 -0.717453
    outer loop
      vertex 128.9 116.2 26.4
      vertex 130.639 117.408 28.4341
      vertex 130.766 117.324 28.5082
    endloop
  endfacet
  facet normal 0.555142 -0.829852 -0.0562337
    outer loop
      vertex 133.4 114.936 33.4
      vertex 128.9 112.4 26.4
      vertex 133.835 115.227 33.4
    endloop
  endfacet
  facet normal 0.69983 0.139147 -0.700626
    outer loop
      vertex 135.366 118.922 33.4
      vertex 132.609 118.086 30.4801
      vertex 135.264 119.435 33.4
    endloop
  endfacet
  facet normal 0.704986 0.117771 -0.699374
    outer loop
      vertex 135.366 118.922 33.4
      vertex 132.607 118.076 30.4764
      vertex 132.609 118.086 30.4801
    endloop
  endfacet
  facet normal 0.698913 0.142639 -0.700839
    outer loop
      vertex 135.366 118.922 33.4
      vertex 132.555 117.922 30.3932
      vertex 132.607 118.076 30.4764
    endloop
  endfacet
  facet normal 0.699432 0.140761 -0.7007
    outer loop
      vertex 135.366 118.922 33.4
      vertex 132.483 117.775 30.2918
      vertex 132.555 117.922 30.3932
    endloop
  endfacet
  facet normal 0.702703 0.129536 -0.699592
    outer loop
      vertex 132.483 117.775 30.2918
      vertex 135.366 118.922 33.4
      vertex 132.42 117.682 30.2113
    endloop
  endfacet
  facet normal 0.700482 0.137482 -0.700303
    outer loop
      vertex 131.076 117.193 28.7715
      vertex 128.9 116.2 26.4
      vertex 130.942 117.238 28.6463
    endloop
  endfacet
  facet normal 0.697267 0.147379 -0.701497
    outer loop
      vertex 128.9 116.2 26.4
      vertex 131.076 117.193 28.7715
      vertex 131.2 117.168 28.8895
    endloop
  endfacet
  facet normal 0.456891 0.520459 -0.721369
    outer loop
      vertex 132.224 119.337 30.7664
      vertex 133.835 121.573 33.4
      vertex 134.228 121.228 33.4
    endloop
  endfacet
  facet normal 0.4554 0.52164 -0.721459
    outer loop
      vertex 132.161 119.392 30.7664
      vertex 133.835 121.573 33.4
      vertex 132.224 119.337 30.7664
    endloop
  endfacet
  facet normal 0.456595 0.520662 -0.72141
    outer loop
      vertex 132.025 119.483 30.746
      vertex 133.835 121.573 33.4
      vertex 132.161 119.392 30.7664
    endloop
  endfacet
  facet normal 0.454609 0.52239 -0.721415
    outer loop
      vertex 133.835 121.573 33.4
      vertex 132.025 119.483 30.746
      vertex 131.949 119.52 30.7249
    endloop
  endfacet
  facet normal 0.459145 0.518148 -0.721601
    outer loop
      vertex 130.408 117.639 28.3928
      vertex 128.9 116.2 26.4
      vertex 130.33 117.757 28.4279
    endloop
  endfacet
  facet normal 0.45364 0.523445 -0.72126
    outer loop
      vertex 128.9 116.2 26.4
      vertex 130.408 117.639 28.3928
      vertex 130.416 117.63 28.3913
    endloop
  endfacet
  facet normal 0.724968 -0.636423 -0.263414
    outer loop
      vertex 134.228 115.572 33.4
      vertex 128.9 112.4 26.4
      vertex 134.573 115.965 33.4
    endloop
  endfacet
  facet normal 0.774249 -0.517946 -0.363691
    outer loop
      vertex 134.573 115.965 33.4
      vertex 128.9 112.4 26.4
      vertex 134.864 116.4 33.4
    endloop
  endfacet
  facet normal 0.387337 0.579009 -0.717439
    outer loop
      vertex 131.949 119.52 30.7249
      vertex 133.4 121.864 33.4
      vertex 133.835 121.573 33.4
    endloop
  endfacet
  facet normal 0.386683 0.579428 -0.717453
    outer loop
      vertex 131.878 119.555 30.7149
      vertex 133.4 121.864 33.4
      vertex 131.949 119.52 30.7249
    endloop
  endfacet
  facet normal 0.386665 0.57944 -0.717453
    outer loop
      vertex 131.724 119.607 30.6739
      vertex 133.4 121.864 33.4
      vertex 131.878 119.555 30.7149
    endloop
  endfacet
  facet normal 0.385529 0.580241 -0.717417
    outer loop
      vertex 133.4 121.864 33.4
      vertex 131.724 119.607 30.6739
      vertex 131.623 119.627 30.6358
    endloop
  endfacet
  facet normal 0.388159 0.57836 -0.717518
    outer loop
      vertex 130.317 117.775 28.4361
      vertex 128.9 116.2 26.4
      vertex 130.254 117.904 28.506
    endloop
  endfacet
  facet normal 0.369401 0.5928 -0.715633
    outer loop
      vertex 128.9 116.2 26.4
      vertex 130.317 117.775 28.4361
      vertex 130.33 117.757 28.4279
    endloop
  endfacet
  facet normal 0 -0.708877 -0.705332
    outer loop
      vertex 113.9 112.39 31.4
      vertex 131.4 110.4 33.4
      vertex 113.9 110.4 33.4
    endloop
  endfacet
  facet normal 0 -0.708877 -0.705332
    outer loop
      vertex 131.4 110.4 33.4
      vertex 113.9 112.39 31.4
      vertex 131.4 112.39 31.4
    endloop
  endfacet
  facet normal 0 0 -1
    outer loop
      vertex 131.4 112.39 31.4
      vertex 128.918 112.41 31.4
      vertex 131.4 112.41 31.4
    endloop
  endfacet
  facet normal 0 0 -1
    outer loop
      vertex 131.4 112.39 31.4
      vertex 128.9 112.4 31.4
      vertex 128.918 112.41 31.4
    endloop
  endfacet
  facet normal 0 0 -1
    outer loop
      vertex 113.9 112.39 31.4
      vertex 128.9 112.4 31.4
      vertex 131.4 112.39 31.4
    endloop
  endfacet
  facet normal -0 0 -1
    outer loop
      vertex 128.9 112.4 31.4
      vertex 113.9 112.39 31.4
      vertex 113.9 112.4 31.4
    endloop
  endfacet
  facet normal -1 0 0
    outer loop
      vertex 113.9 110.4 33.4
      vertex 113.9 112.4 31.4
      vertex 113.9 112.39 31.4
    endloop
  endfacet
  facet normal -1 0 0
    outer loop
      vertex 113.9 112.4 31.4
      vertex 113.9 110.4 33.4
      vertex 113.9 112.4 38.4
    endloop
  endfacet
  facet normal -1 -0 0
    outer loop
      vertex 113.9 112.4 38.4
      vertex 113.9 110.4 33.4
      vertex 113.9 110.4 38.4
    endloop
  endfacet
  facet normal 0 1 -0
    outer loop
      vertex 131.4 112.41 31.4
      vertex 128.918 112.41 38.4
      vertex 131.4 112.41 38.4
    endloop
  endfacet
  facet normal 0 1 0
    outer loop
      vertex 128.918 112.41 38.4
      vertex 131.4 112.41 31.4
      vertex 128.918 112.41 31.4
    endloop
  endfacet
  facet normal 0 -1 0
    outer loop
      vertex 113.9 110.4 33.4
      vertex 131.4 110.4 38.4
      vertex 113.9 110.4 38.4
    endloop
  endfacet
  facet normal 0 -1 -0
    outer loop
      vertex 131.4 110.4 38.4
      vertex 113.9 110.4 33.4
      vertex 131.4 110.4 33.4
    endloop
  endfacet
  facet normal 1 -0 0
    outer loop
      vertex 131.4 110.4 33.4
      vertex 131.4 112.41 31.4
      vertex 131.4 112.41 38.4
    endloop
  endfacet
  facet normal 1 0 0
    outer loop
      vertex 131.4 110.4 33.4
      vertex 131.4 112.41 38.4
      vertex 131.4 110.4 38.4
    endloop
  endfacet
  facet normal 1 0 0
    outer loop
      vertex 131.4 112.41 31.4
      vertex 131.4 110.4 33.4
      vertex 131.4 112.39 31.4
    endloop
  endfacet
  facet normal 0.659323 -0.75186 0
    outer loop
      vertex 25.035 115.227 3
      vertex 25.1 115.284 38.4
      vertex 25.035 115.227 38.4
    endloop
  endfacet
  facet normal 0.659323 -0.75186 0
    outer loop
      vertex 25.1 115.284 38.4
      vertex 25.035 115.227 3
      vertex 25.1 115.284 3
    endloop
  endfacet
  facet normal -0.19494 -0.980815 0
    outer loop
      vertex 21.5647 114.536 3
      vertex 22.0779 114.434 38.4
      vertex 21.5647 114.536 38.4
    endloop
  endfacet
  facet normal -0.19494 -0.980815 -0
    outer loop
      vertex 22.0779 114.434 38.4
      vertex 21.5647 114.536 3
      vertex 22.0779 114.434 3
    endloop
  endfacet
  facet normal -0.896786 0.442465 0
    outer loop
      vertex 18.9045 119.931 3
      vertex 19.1359 120.4 38.4
      vertex 19.1359 120.4 3
    endloop
  endfacet
  facet normal -0.896786 0.442465 0
    outer loop
      vertex 19.1359 120.4 38.4
      vertex 18.9045 119.931 3
      vertex 18.9045 119.931 38.4
    endloop
  endfacet
  facet normal -0.443159 -0.896443 0
    outer loop
      vertex 20.6 114.936 3
      vertex 21.0693 114.704 38.4
      vertex 20.6 114.936 38.4
    endloop
  endfacet
  facet normal -0.443159 -0.896443 -0
    outer loop
      vertex 21.0693 114.704 38.4
      vertex 20.6 114.936 3
      vertex 21.0693 114.704 3
    endloop
  endfacet
  facet normal -0.980764 -0.195197 0
    outer loop
      vertex 18.7363 117.365 3
      vertex 18.6342 117.878 38.4
      vertex 18.6342 117.878 3
    endloop
  endfacet
  facet normal -0.980764 -0.195197 0
    outer loop
      vertex 18.6342 117.878 38.4
      vertex 18.7363 117.365 3
      vertex 18.7363 117.365 38.4
    endloop
  endfacet
  facet normal 0.659323 0.75186 -0
    outer loop
      vertex 25.1 121.516 3
      vertex 25.035 121.573 38.4
      vertex 25.1 121.516 38.4
    endloop
  endfacet
  facet normal 0.659323 0.75186 0
    outer loop
      vertex 25.035 121.573 38.4
      vertex 25.1 121.516 3
      vertex 25.035 121.573 3
    endloop
  endfacet
  facet normal 0.321156 -0.947026 0
    outer loop
      vertex 23.6353 114.536 3
      vertex 24.1307 114.704 38.4
      vertex 23.6353 114.536 38.4
    endloop
  endfacet
  facet normal 0.321156 -0.947026 0
    outer loop
      vertex 24.1307 114.704 38.4
      vertex 23.6353 114.536 3
      vertex 24.1307 114.704 3
    endloop
  endfacet
  facet normal 0.556022 0.831167 -0
    outer loop
      vertex 25.035 121.573 3
      vertex 24.6 121.864 38.4
      vertex 25.035 121.573 38.4
    endloop
  endfacet
  facet normal 0.556022 0.831167 0
    outer loop
      vertex 24.6 121.864 38.4
      vertex 25.035 121.573 3
      vertex 24.6 121.864 3
    endloop
  endfacet
  facet normal -0.896786 -0.442465 0
    outer loop
      vertex 19.1359 116.4 3
      vertex 18.9045 116.869 38.4
      vertex 18.9045 116.869 3
    endloop
  endfacet
  facet normal -0.896786 -0.442465 0
    outer loop
      vertex 18.9045 116.869 38.4
      vertex 19.1359 116.4 3
      vertex 19.1359 116.4 38.4
    endloop
  endfacet
  facet normal 0.321156 0.947026 -0
    outer loop
      vertex 24.1307 122.096 3
      vertex 23.6353 122.264 38.4
      vertex 24.1307 122.096 38.4
    endloop
  endfacet
  facet normal 0.321156 0.947026 0
    outer loop
      vertex 23.6353 122.264 38.4
      vertex 24.1307 122.096 3
      vertex 23.6353 122.264 3
    endloop
  endfacet
  facet normal -0.659343 0.751842 0
    outer loop
      vertex 20.165 121.573 3
      vertex 19.7716 121.228 38.4
      vertex 20.165 121.573 38.4
    endloop
  endfacet
  facet normal -0.659343 0.751842 0
    outer loop
      vertex 19.7716 121.228 38.4
      vertex 20.165 121.573 3
      vertex 19.7716 121.228 3
    endloop
  endfacet
  facet normal 0.443159 -0.896443 0
    outer loop
      vertex 24.1307 114.704 3
      vertex 24.6 114.936 38.4
      vertex 24.1307 114.704 38.4
    endloop
  endfacet
  facet normal 0.443159 -0.896443 0
    outer loop
      vertex 24.6 114.936 38.4
      vertex 24.1307 114.704 3
      vertex 24.6 114.936 3
    endloop
  endfacet
  facet normal -0.997861 0.0653771 0
    outer loop
      vertex 18.6 118.4 3
      vertex 18.6342 118.922 38.4
      vertex 18.6342 118.922 3
    endloop
  endfacet
  facet normal -0.997861 0.0653771 0
    outer loop
      vertex 18.6342 118.922 38.4
      vertex 18.6 118.4 3
      vertex 18.6 118.4 38.4
    endloop
  endfacet
  facet normal 0.19494 -0.980815 0
    outer loop
      vertex 23.1221 114.434 3
      vertex 23.6353 114.536 38.4
      vertex 23.1221 114.434 38.4
    endloop
  endfacet
  facet normal 0.19494 -0.980815 0
    outer loop
      vertex 23.6353 114.536 38.4
      vertex 23.1221 114.434 3
      vertex 23.6353 114.536 3
    endloop
  endfacet
  facet normal -0.75151 -0.659722 0
    outer loop
      vertex 19.7716 115.572 3
      vertex 19.4266 115.965 38.4
      vertex 19.4266 115.965 3
    endloop
  endfacet
  facet normal -0.75151 -0.659722 0
    outer loop
      vertex 19.4266 115.965 38.4
      vertex 19.7716 115.572 3
      vertex 19.7716 115.572 38.4
    endloop
  endfacet
  facet normal -0.75151 0.659722 0
    outer loop
      vertex 19.4266 120.835 3
      vertex 19.7716 121.228 38.4
      vertex 19.7716 121.228 3
    endloop
  endfacet
  facet normal -0.75151 0.659722 0
    outer loop
      vertex 19.7716 121.228 38.4
      vertex 19.4266 120.835 3
      vertex 19.4266 120.835 38.4
    endloop
  endfacet
  facet normal -0.556022 0.831167 0
    outer loop
      vertex 20.6 121.864 3
      vertex 20.165 121.573 38.4
      vertex 20.6 121.864 38.4
    endloop
  endfacet
  facet normal -0.556022 0.831167 0
    outer loop
      vertex 20.165 121.573 38.4
      vertex 20.6 121.864 3
      vertex 20.165 121.573 3
    endloop
  endfacet
  facet normal 0.556022 -0.831167 0
    outer loop
      vertex 24.6 114.936 3
      vertex 25.035 115.227 38.4
      vertex 24.6 114.936 38.4
    endloop
  endfacet
  facet normal 0.556022 -0.831167 0
    outer loop
      vertex 25.035 115.227 38.4
      vertex 24.6 114.936 3
      vertex 25.035 115.227 3
    endloop
  endfacet
  facet normal 0.064984 0.997886 -0
    outer loop
      vertex 23.1221 122.366 3
      vertex 22.6 122.4 38.4
      vertex 23.1221 122.366 38.4
    endloop
  endfacet
  facet normal 0.064984 0.997886 0
    outer loop
      vertex 22.6 122.4 38.4
      vertex 23.1221 122.366 3
      vertex 22.6 122.4 3
    endloop
  endfacet
  facet normal -0.321156 0.947026 0
    outer loop
      vertex 21.5647 122.264 3
      vertex 21.0693 122.096 38.4
      vertex 21.5647 122.264 38.4
    endloop
  endfacet
  facet normal -0.321156 0.947026 0
    outer loop
      vertex 21.0693 122.096 38.4
      vertex 21.5647 122.264 3
      vertex 21.0693 122.096 3
    endloop
  endfacet
  facet normal -0.064984 0.997886 0
    outer loop
      vertex 22.6 122.4 3
      vertex 22.0779 122.366 38.4
      vertex 22.6 122.4 38.4
    endloop
  endfacet
  facet normal -0.064984 0.997886 0
    outer loop
      vertex 22.0779 122.366 38.4
      vertex 22.6 122.4 3
      vertex 22.0779 122.366 3
    endloop
  endfacet
  facet normal -0.443159 0.896443 0
    outer loop
      vertex 21.0693 122.096 3
      vertex 20.6 121.864 38.4
      vertex 21.0693 122.096 38.4
    endloop
  endfacet
  facet normal -0.443159 0.896443 0
    outer loop
      vertex 20.6 121.864 38.4
      vertex 21.0693 122.096 3
      vertex 20.6 121.864 3
    endloop
  endfacet
  facet normal -0.556022 -0.831167 0
    outer loop
      vertex 20.165 115.227 3
      vertex 20.6 114.936 38.4
      vertex 20.165 115.227 38.4
    endloop
  endfacet
  facet normal -0.556022 -0.831167 -0
    outer loop
      vertex 20.6 114.936 38.4
      vertex 20.165 115.227 3
      vertex 20.6 114.936 3
    endloop
  endfacet
  facet normal 0.443159 0.896443 -0
    outer loop
      vertex 24.6 121.864 3
      vertex 24.1307 122.096 38.4
      vertex 24.6 121.864 38.4
    endloop
  endfacet
  facet normal 0.443159 0.896443 0
    outer loop
      vertex 24.1307 122.096 38.4
      vertex 24.6 121.864 3
      vertex 24.1307 122.096 3
    endloop
  endfacet
  facet normal 0.064984 -0.997886 0
    outer loop
      vertex 22.6 114.4 3
      vertex 23.1221 114.434 38.4
      vertex 22.6 114.4 38.4
    endloop
  endfacet
  facet normal 0.064984 -0.997886 0
    outer loop
      vertex 23.1221 114.434 38.4
      vertex 22.6 114.4 3
      vertex 23.1221 114.434 3
    endloop
  endfacet
  facet normal -0.321156 -0.947026 0
    outer loop
      vertex 21.0693 114.704 3
      vertex 21.5647 114.536 38.4
      vertex 21.0693 114.704 38.4
    endloop
  endfacet
  facet normal -0.321156 -0.947026 -0
    outer loop
      vertex 21.5647 114.536 38.4
      vertex 21.0693 114.704 3
      vertex 21.5647 114.536 3
    endloop
  endfacet
  facet normal -0.19494 0.980815 0
    outer loop
      vertex 22.0779 122.366 3
      vertex 21.5647 122.264 38.4
      vertex 22.0779 122.366 38.4
    endloop
  endfacet
  facet normal -0.19494 0.980815 0
    outer loop
      vertex 21.5647 122.264 38.4
      vertex 22.0779 122.366 3
      vertex 21.5647 122.264 3
    endloop
  endfacet
  facet normal 0.19494 0.980815 -0
    outer loop
      vertex 23.6353 122.264 3
      vertex 23.1221 122.366 38.4
      vertex 23.6353 122.264 38.4
    endloop
  endfacet
  facet normal 0.19494 0.980815 0
    outer loop
      vertex 23.1221 122.366 38.4
      vertex 23.6353 122.264 3
      vertex 23.1221 122.366 3
    endloop
  endfacet
  facet normal -0.997861 -0.0653771 0
    outer loop
      vertex 18.6342 117.878 3
      vertex 18.6 118.4 38.4
      vertex 18.6 118.4 3
    endloop
  endfacet
  facet normal -0.997861 -0.0653771 0
    outer loop
      vertex 18.6 118.4 38.4
      vertex 18.6342 117.878 3
      vertex 18.6342 117.878 38.4
    endloop
  endfacet
  facet normal -0.947028 -0.32115 0
    outer loop
      vertex 18.9045 116.869 3
      vertex 18.7363 117.365 38.4
      vertex 18.7363 117.365 3
    endloop
  endfacet
  facet normal -0.947028 -0.32115 0
    outer loop
      vertex 18.7363 117.365 38.4
      vertex 18.9045 116.869 3
      vertex 18.9045 116.869 38.4
    endloop
  endfacet
  facet normal -0.947028 0.32115 0
    outer loop
      vertex 18.7363 119.435 3
      vertex 18.9045 119.931 38.4
      vertex 18.9045 119.931 3
    endloop
  endfacet
  facet normal -0.947028 0.32115 0
    outer loop
      vertex 18.9045 119.931 38.4
      vertex 18.7363 119.435 3
      vertex 18.7363 119.435 38.4
    endloop
  endfacet
  facet normal -0.064984 -0.997886 0
    outer loop
      vertex 22.0779 114.434 3
      vertex 22.6 114.4 38.4
      vertex 22.0779 114.434 38.4
    endloop
  endfacet
  facet normal -0.064984 -0.997886 -0
    outer loop
      vertex 22.6 114.4 38.4
      vertex 22.0779 114.434 3
      vertex 22.6 114.4 3
    endloop
  endfacet
  facet normal -0.980764 0.195197 0
    outer loop
      vertex 18.6342 118.922 3
      vertex 18.7363 119.435 38.4
      vertex 18.7363 119.435 3
    endloop
  endfacet
  facet normal -0.980764 0.195197 0
    outer loop
      vertex 18.7363 119.435 38.4
      vertex 18.6342 118.922 3
      vertex 18.6342 118.922 38.4
    endloop
  endfacet
  facet normal -0.831432 -0.555626 0
    outer loop
      vertex 19.4266 115.965 3
      vertex 19.1359 116.4 38.4
      vertex 19.1359 116.4 3
    endloop
  endfacet
  facet normal -0.831432 -0.555626 0
    outer loop
      vertex 19.1359 116.4 38.4
      vertex 19.4266 115.965 3
      vertex 19.4266 115.965 38.4
    endloop
  endfacet
  facet normal -0.659343 -0.751842 0
    outer loop
      vertex 19.7716 115.572 3
      vertex 20.165 115.227 38.4
      vertex 19.7716 115.572 38.4
    endloop
  endfacet
  facet normal -0.659343 -0.751842 -0
    outer loop
      vertex 20.165 115.227 38.4
      vertex 19.7716 115.572 3
      vertex 20.165 115.227 3
    endloop
  endfacet
  facet normal -0.831432 0.555626 0
    outer loop
      vertex 19.1359 120.4 3
      vertex 19.4266 120.835 38.4
      vertex 19.4266 120.835 3
    endloop
  endfacet
  facet normal -0.831432 0.555626 0
    outer loop
      vertex 19.4266 120.835 38.4
      vertex 19.1359 120.4 3
      vertex 19.1359 120.4 38.4
    endloop
  endfacet
  facet normal -0.997861 0.0653771 0
    outer loop
      vertex 18.6 181.6 3
      vertex 18.6342 182.122 38.4
      vertex 18.6342 182.122 3
    endloop
  endfacet
  facet normal -0.997861 0.0653771 0
    outer loop
      vertex 18.6342 182.122 38.4
      vertex 18.6 181.6 3
      vertex 18.6 181.6 38.4
    endloop
  endfacet
  facet normal -0.443159 0.896443 0
    outer loop
      vertex 21.0693 185.296 3
      vertex 20.6 185.064 38.4
      vertex 21.0693 185.296 38.4
    endloop
  endfacet
  facet normal -0.443159 0.896443 0
    outer loop
      vertex 20.6 185.064 38.4
      vertex 21.0693 185.296 3
      vertex 20.6 185.064 3
    endloop
  endfacet
  facet normal -0.19494 0.980815 0
    outer loop
      vertex 22.0779 185.566 3
      vertex 21.5647 185.464 38.4
      vertex 22.0779 185.566 38.4
    endloop
  endfacet
  facet normal -0.19494 0.980815 0
    outer loop
      vertex 21.5647 185.464 38.4
      vertex 22.0779 185.566 3
      vertex 21.5647 185.464 3
    endloop
  endfacet
  facet normal 0.443159 -0.896443 0
    outer loop
      vertex 24.1307 177.904 3
      vertex 24.6 178.136 38.4
      vertex 24.1307 177.904 38.4
    endloop
  endfacet
  facet normal 0.443159 -0.896443 0
    outer loop
      vertex 24.6 178.136 38.4
      vertex 24.1307 177.904 3
      vertex 24.6 178.136 3
    endloop
  endfacet
  facet normal 0.556022 -0.831167 0
    outer loop
      vertex 24.6 178.136 3
      vertex 25.035 178.427 38.4
      vertex 24.6 178.136 38.4
    endloop
  endfacet
  facet normal 0.556022 -0.831167 0
    outer loop
      vertex 25.035 178.427 38.4
      vertex 24.6 178.136 3
      vertex 25.035 178.427 3
    endloop
  endfacet
  facet normal -0.997861 -0.0653771 0
    outer loop
      vertex 18.6342 181.078 3
      vertex 18.6 181.6 38.4
      vertex 18.6 181.6 3
    endloop
  endfacet
  facet normal -0.997861 -0.0653771 0
    outer loop
      vertex 18.6 181.6 38.4
      vertex 18.6342 181.078 3
      vertex 18.6342 181.078 38.4
    endloop
  endfacet
  facet normal 0.556022 0.831167 -0
    outer loop
      vertex 25.035 184.773 3
      vertex 24.6 185.064 38.4
      vertex 25.035 184.773 38.4
    endloop
  endfacet
  facet normal 0.556022 0.831167 0
    outer loop
      vertex 24.6 185.064 38.4
      vertex 25.035 184.773 3
      vertex 24.6 185.064 3
    endloop
  endfacet
  facet normal 0.064984 -0.997886 0
    outer loop
      vertex 22.6 177.6 3
      vertex 23.1221 177.634 38.4
      vertex 22.6 177.6 38.4
    endloop
  endfacet
  facet normal 0.064984 -0.997886 0
    outer loop
      vertex 23.1221 177.634 38.4
      vertex 22.6 177.6 3
      vertex 23.1221 177.634 3
    endloop
  endfacet
  facet normal 0.321156 0.947026 -0
    outer loop
      vertex 24.1307 185.296 3
      vertex 23.6353 185.464 38.4
      vertex 24.1307 185.296 38.4
    endloop
  endfacet
  facet normal 0.321156 0.947026 0
    outer loop
      vertex 23.6353 185.464 38.4
      vertex 24.1307 185.296 3
      vertex 23.6353 185.464 3
    endloop
  endfacet
  facet normal -0.659343 -0.751842 0
    outer loop
      vertex 19.7716 178.772 3
      vertex 20.165 178.427 38.4
      vertex 19.7716 178.772 38.4
    endloop
  endfacet
  facet normal -0.659343 -0.751842 -0
    outer loop
      vertex 20.165 178.427 38.4
      vertex 19.7716 178.772 3
      vertex 20.165 178.427 3
    endloop
  endfacet
  facet normal 0.19494 0.980815 -0
    outer loop
      vertex 23.6353 185.464 3
      vertex 23.1221 185.566 38.4
      vertex 23.6353 185.464 38.4
    endloop
  endfacet
  facet normal 0.19494 0.980815 0
    outer loop
      vertex 23.1221 185.566 38.4
      vertex 23.6353 185.464 3
      vertex 23.1221 185.566 3
    endloop
  endfacet
  facet normal -0.659343 0.751842 0
    outer loop
      vertex 20.165 184.773 3
      vertex 19.7716 184.428 38.4
      vertex 20.165 184.773 38.4
    endloop
  endfacet
  facet normal -0.659343 0.751842 0
    outer loop
      vertex 19.7716 184.428 38.4
      vertex 20.165 184.773 3
      vertex 19.7716 184.428 3
    endloop
  endfacet
  facet normal -0.980764 -0.195197 0
    outer loop
      vertex 18.7363 180.565 3
      vertex 18.6342 181.078 38.4
      vertex 18.6342 181.078 3
    endloop
  endfacet
  facet normal -0.980764 -0.195197 0
    outer loop
      vertex 18.6342 181.078 38.4
      vertex 18.7363 180.565 3
      vertex 18.7363 180.565 38.4
    endloop
  endfacet
  facet normal 0.659323 -0.75186 0
    outer loop
      vertex 25.035 178.427 3
      vertex 25.1 178.484 38.4
      vertex 25.035 178.427 38.4
    endloop
  endfacet
  facet normal 0.659323 -0.75186 0
    outer loop
      vertex 25.1 178.484 38.4
      vertex 25.035 178.427 3
      vertex 25.1 178.484 3
    endloop
  endfacet
  facet normal -0.321156 -0.947026 0
    outer loop
      vertex 21.0693 177.904 3
      vertex 21.5647 177.736 38.4
      vertex 21.0693 177.904 38.4
    endloop
  endfacet
  facet normal -0.321156 -0.947026 -0
    outer loop
      vertex 21.5647 177.736 38.4
      vertex 21.0693 177.904 3
      vertex 21.5647 177.736 3
    endloop
  endfacet
  facet normal -0.19494 -0.980815 0
    outer loop
      vertex 21.5647 177.736 3
      vertex 22.0779 177.634 38.4
      vertex 21.5647 177.736 38.4
    endloop
  endfacet
  facet normal -0.19494 -0.980815 -0
    outer loop
      vertex 22.0779 177.634 38.4
      vertex 21.5647 177.736 3
      vertex 22.0779 177.634 3
    endloop
  endfacet
  facet normal 0.443159 0.896443 -0
    outer loop
      vertex 24.6 185.064 3
      vertex 24.1307 185.296 38.4
      vertex 24.6 185.064 38.4
    endloop
  endfacet
  facet normal 0.443159 0.896443 0
    outer loop
      vertex 24.1307 185.296 38.4
      vertex 24.6 185.064 3
      vertex 24.1307 185.296 3
    endloop
  endfacet
  facet normal 0.064984 0.997886 -0
    outer loop
      vertex 23.1221 185.566 3
      vertex 22.6 185.6 38.4
      vertex 23.1221 185.566 38.4
    endloop
  endfacet
  facet normal 0.064984 0.997886 0
    outer loop
      vertex 22.6 185.6 38.4
      vertex 23.1221 185.566 3
      vertex 22.6 185.6 3
    endloop
  endfacet
  facet normal -0.75151 0.659722 0
    outer loop
      vertex 19.4266 184.035 3
      vertex 19.7716 184.428 38.4
      vertex 19.7716 184.428 3
    endloop
  endfacet
  facet normal -0.75151 0.659722 0
    outer loop
      vertex 19.7716 184.428 38.4
      vertex 19.4266 184.035 3
      vertex 19.4266 184.035 38.4
    endloop
  endfacet
  facet normal -0.947028 0.32115 0
    outer loop
      vertex 18.7363 182.635 3
      vertex 18.9045 183.131 38.4
      vertex 18.9045 183.131 3
    endloop
  endfacet
  facet normal -0.947028 0.32115 0
    outer loop
      vertex 18.9045 183.131 38.4
      vertex 18.7363 182.635 3
      vertex 18.7363 182.635 38.4
    endloop
  endfacet
  facet normal -0.831432 0.555626 0
    outer loop
      vertex 19.1359 183.6 3
      vertex 19.4266 184.035 38.4
      vertex 19.4266 184.035 3
    endloop
  endfacet
  facet normal -0.831432 0.555626 0
    outer loop
      vertex 19.4266 184.035 38.4
      vertex 19.1359 183.6 3
      vertex 19.1359 183.6 38.4
    endloop
  endfacet
  facet normal 0.19494 -0.980815 0
    outer loop
      vertex 23.1221 177.634 3
      vertex 23.6353 177.736 38.4
      vertex 23.1221 177.634 38.4
    endloop
  endfacet
  facet normal 0.19494 -0.980815 0
    outer loop
      vertex 23.6353 177.736 38.4
      vertex 23.1221 177.634 3
      vertex 23.6353 177.736 3
    endloop
  endfacet
  facet normal 0.659323 0.75186 -0
    outer loop
      vertex 25.1 184.716 3
      vertex 25.035 184.773 38.4
      vertex 25.1 184.716 38.4
    endloop
  endfacet
  facet normal 0.659323 0.75186 0
    outer loop
      vertex 25.035 184.773 38.4
      vertex 25.1 184.716 3
      vertex 25.035 184.773 3
    endloop
  endfacet
  facet normal -0.321156 0.947026 0
    outer loop
      vertex 21.5647 185.464 3
      vertex 21.0693 185.296 38.4
      vertex 21.5647 185.464 38.4
    endloop
  endfacet
  facet normal -0.321156 0.947026 0
    outer loop
      vertex 21.0693 185.296 38.4
      vertex 21.5647 185.464 3
      vertex 21.0693 185.296 3
    endloop
  endfacet
  facet normal -0.896786 -0.442465 0
    outer loop
      vertex 19.1359 179.6 3
      vertex 18.9045 180.069 38.4
      vertex 18.9045 180.069 3
    endloop
  endfacet
  facet normal -0.896786 -0.442465 0
    outer loop
      vertex 18.9045 180.069 38.4
      vertex 19.1359 179.6 3
      vertex 19.1359 179.6 38.4
    endloop
  endfacet
  facet normal -0.443159 -0.896443 0
    outer loop
      vertex 20.6 178.136 3
      vertex 21.0693 177.904 38.4
      vertex 20.6 178.136 38.4
    endloop
  endfacet
  facet normal -0.443159 -0.896443 -0
    outer loop
      vertex 21.0693 177.904 38.4
      vertex 20.6 178.136 3
      vertex 21.0693 177.904 3
    endloop
  endfacet
  facet normal -0.947028 -0.32115 0
    outer loop
      vertex 18.9045 180.069 3
      vertex 18.7363 180.565 38.4
      vertex 18.7363 180.565 3
    endloop
  endfacet
  facet normal -0.947028 -0.32115 0
    outer loop
      vertex 18.7363 180.565 38.4
      vertex 18.9045 180.069 3
      vertex 18.9045 180.069 38.4
    endloop
  endfacet
  facet normal -0.064984 0.997886 0
    outer loop
      vertex 22.6 185.6 3
      vertex 22.0779 185.566 38.4
      vertex 22.6 185.6 38.4
    endloop
  endfacet
  facet normal -0.064984 0.997886 0
    outer loop
      vertex 22.0779 185.566 38.4
      vertex 22.6 185.6 3
      vertex 22.0779 185.566 3
    endloop
  endfacet
  facet normal -0.980764 0.195197 0
    outer loop
      vertex 18.6342 182.122 3
      vertex 18.7363 182.635 38.4
      vertex 18.7363 182.635 3
    endloop
  endfacet
  facet normal -0.980764 0.195197 0
    outer loop
      vertex 18.7363 182.635 38.4
      vertex 18.6342 182.122 3
      vertex 18.6342 182.122 38.4
    endloop
  endfacet
  facet normal -0.556022 0.831167 0
    outer loop
      vertex 20.6 185.064 3
      vertex 20.165 184.773 38.4
      vertex 20.6 185.064 38.4
    endloop
  endfacet
  facet normal -0.556022 0.831167 0
    outer loop
      vertex 20.165 184.773 38.4
      vertex 20.6 185.064 3
      vertex 20.165 184.773 3
    endloop
  endfacet
  facet normal -0.064984 -0.997886 0
    outer loop
      vertex 22.0779 177.634 3
      vertex 22.6 177.6 38.4
      vertex 22.0779 177.634 38.4
    endloop
  endfacet
  facet normal -0.064984 -0.997886 -0
    outer loop
      vertex 22.6 177.6 38.4
      vertex 22.0779 177.634 3
      vertex 22.6 177.6 3
    endloop
  endfacet
  facet normal -0.831432 -0.555626 0
    outer loop
      vertex 19.4266 179.165 3
      vertex 19.1359 179.6 38.4
      vertex 19.1359 179.6 3
    endloop
  endfacet
  facet normal -0.831432 -0.555626 0
    outer loop
      vertex 19.1359 179.6 38.4
      vertex 19.4266 179.165 3
      vertex 19.4266 179.165 38.4
    endloop
  endfacet
  facet normal -0.75151 -0.659722 0
    outer loop
      vertex 19.7716 178.772 3
      vertex 19.4266 179.165 38.4
      vertex 19.4266 179.165 3
    endloop
  endfacet
  facet normal -0.75151 -0.659722 0
    outer loop
      vertex 19.4266 179.165 38.4
      vertex 19.7716 178.772 3
      vertex 19.7716 178.772 38.4
    endloop
  endfacet
  facet normal 0.321156 -0.947026 0
    outer loop
      vertex 23.6353 177.736 3
      vertex 24.1307 177.904 38.4
      vertex 23.6353 177.736 38.4
    endloop
  endfacet
  facet normal 0.321156 -0.947026 0
    outer loop
      vertex 24.1307 177.904 38.4
      vertex 23.6353 177.736 3
      vertex 24.1307 177.904 3
    endloop
  endfacet
  facet normal -0.556022 -0.831167 0
    outer loop
      vertex 20.165 178.427 3
      vertex 20.6 178.136 38.4
      vertex 20.165 178.427 38.4
    endloop
  endfacet
  facet normal -0.556022 -0.831167 -0
    outer loop
      vertex 20.6 178.136 38.4
      vertex 20.165 178.427 3
      vertex 20.6 178.136 3
    endloop
  endfacet
  facet normal -0.896786 0.442465 0
    outer loop
      vertex 18.9045 183.131 3
      vertex 19.1359 183.6 38.4
      vertex 19.1359 183.6 3
    endloop
  endfacet
  facet normal -0.896786 0.442465 0
    outer loop
      vertex 19.1359 183.6 38.4
      vertex 18.9045 183.131 3
      vertex 18.9045 183.131 38.4
    endloop
  endfacet
  facet normal 0.0649964 -0.997886 0
    outer loop
      vertex 131.4 177.6 3
      vertex 131.922 177.634 38.4
      vertex 131.4 177.6 38.4
    endloop
  endfacet
  facet normal 0.0649964 -0.997886 0
    outer loop
      vertex 131.922 177.634 38.4
      vertex 131.4 177.6 3
      vertex 131.922 177.634 3
    endloop
  endfacet
  facet normal 0.980801 0.195013 0
    outer loop
      vertex 135.366 182.122 38.4
      vertex 135.264 182.635 3
      vertex 135.264 182.635 38.4
    endloop
  endfacet
  facet normal 0.980801 0.195013 0
    outer loop
      vertex 135.264 182.635 3
      vertex 135.366 182.122 38.4
      vertex 135.366 182.122 3
    endloop
  endfacet
  facet normal 0.997886 0.0649964 0
    outer loop
      vertex 135.4 181.6 38.4
      vertex 135.366 182.122 3
      vertex 135.366 182.122 38.4
    endloop
  endfacet
  facet normal 0.997886 0.0649964 0
    outer loop
      vertex 135.366 182.122 3
      vertex 135.4 181.6 38.4
      vertex 135.4 181.6 3
    endloop
  endfacet
  facet normal 0.947145 0.320807 0
    outer loop
      vertex 135.264 182.635 38.4
      vertex 135.096 183.131 3
      vertex 135.096 183.131 38.4
    endloop
  endfacet
  facet normal 0.947145 0.320807 0
    outer loop
      vertex 135.096 183.131 3
      vertex 135.264 182.635 38.4
      vertex 135.264 182.635 3
    endloop
  endfacet
  facet normal -0.947145 0.320807 0
    outer loop
      vertex 127.536 182.635 5
      vertex 127.704 183.131 38.4
      vertex 127.704 183.131 5
    endloop
  endfacet
  facet normal -0.947145 0.320807 0
    outer loop
      vertex 127.704 183.131 38.4
      vertex 127.536 182.635 5
      vertex 127.536 182.635 38.4
    endloop
  endfacet
  facet normal -0.980801 0.195013 0
    outer loop
      vertex 127.434 182.122 5
      vertex 127.536 182.635 38.4
      vertex 127.536 182.635 5
    endloop
  endfacet
  facet normal -0.980801 0.195013 0
    outer loop
      vertex 127.536 182.635 38.4
      vertex 127.434 182.122 5
      vertex 127.434 182.122 38.4
    endloop
  endfacet
  facet normal -0.320807 -0.947145 0
    outer loop
      vertex 129.869 177.904 3
      vertex 130.365 177.736 38.4
      vertex 129.869 177.904 38.4
    endloop
  endfacet
  facet normal -0.320807 -0.947145 -0
    outer loop
      vertex 130.365 177.736 38.4
      vertex 129.869 177.904 3
      vertex 130.365 177.736 3
    endloop
  endfacet
  facet normal -0.997886 0.0649964 0
    outer loop
      vertex 127.4 181.6 5
      vertex 127.434 182.122 38.4
      vertex 127.434 182.122 5
    endloop
  endfacet
  facet normal -0.997886 0.0649964 0
    outer loop
      vertex 127.434 182.122 38.4
      vertex 127.4 181.6 5
      vertex 127.4 181.6 38.4
    endloop
  endfacet
  facet normal 0.75151 0.659722 0
    outer loop
      vertex 134.573 184.035 38.4
      vertex 134.228 184.428 3
      vertex 134.228 184.428 38.4
    endloop
  endfacet
  facet normal 0.75151 0.659722 0
    outer loop
      vertex 134.228 184.428 3
      vertex 134.573 184.035 38.4
      vertex 134.573 184.035 3
    endloop
  endfacet
  facet normal 0.89633 -0.443387 0
    outer loop
      vertex 134.864 179.6 38.4
      vertex 135.096 180.069 3
      vertex 135.096 180.069 38.4
    endloop
  endfacet
  facet normal 0.89633 -0.443387 0
    outer loop
      vertex 135.096 180.069 3
      vertex 134.864 179.6 38.4
      vertex 134.864 179.6 3
    endloop
  endfacet
  facet normal 0.997886 -0.0649964 0
    outer loop
      vertex 135.366 181.078 38.4
      vertex 135.4 181.6 3
      vertex 135.4 181.6 38.4
    endloop
  endfacet
  facet normal 0.997886 -0.0649964 0
    outer loop
      vertex 135.4 181.6 3
      vertex 135.366 181.078 38.4
      vertex 135.366 181.078 3
    endloop
  endfacet
  facet normal 0.320807 0.947145 -0
    outer loop
      vertex 132.931 185.296 3
      vertex 132.435 185.464 38.4
      vertex 132.931 185.296 38.4
    endloop
  endfacet
  facet normal 0.320807 0.947145 0
    outer loop
      vertex 132.435 185.464 38.4
      vertex 132.931 185.296 3
      vertex 132.435 185.464 3
    endloop
  endfacet
  facet normal 0.556022 0.831167 -0
    outer loop
      vertex 133.835 184.773 3
      vertex 133.4 185.064 38.4
      vertex 133.835 184.773 38.4
    endloop
  endfacet
  facet normal 0.556022 0.831167 0
    outer loop
      vertex 133.4 185.064 38.4
      vertex 133.835 184.773 3
      vertex 133.4 185.064 3
    endloop
  endfacet
  facet normal -0.83077 0.556616 0
    outer loop
      vertex 127.936 183.6 5
      vertex 128.07 183.8 38.4
      vertex 128.07 183.8 5
    endloop
  endfacet
  facet normal -0.83077 0.556616 0
    outer loop
      vertex 128.07 183.8 38.4
      vertex 127.936 183.6 5
      vertex 127.936 183.6 38.4
    endloop
  endfacet
  facet normal -0.947145 -0.320807 0
    outer loop
      vertex 127.704 180.069 5
      vertex 127.536 180.565 38.4
      vertex 127.536 180.565 5
    endloop
  endfacet
  facet normal -0.947145 -0.320807 0
    outer loop
      vertex 127.536 180.565 38.4
      vertex 127.704 180.069 5
      vertex 127.704 180.069 38.4
    endloop
  endfacet
  facet normal -0.997886 -0.0649964 0
    outer loop
      vertex 127.434 181.078 5
      vertex 127.4 181.6 38.4
      vertex 127.4 181.6 5
    endloop
  endfacet
  facet normal -0.997886 -0.0649964 0
    outer loop
      vertex 127.4 181.6 38.4
      vertex 127.434 181.078 5
      vertex 127.434 181.078 38.4
    endloop
  endfacet
  facet normal 0.443387 0.89633 -0
    outer loop
      vertex 133.4 185.064 3
      vertex 132.931 185.296 38.4
      vertex 133.4 185.064 38.4
    endloop
  endfacet
  facet normal 0.443387 0.89633 0
    outer loop
      vertex 132.931 185.296 38.4
      vertex 133.4 185.064 3
      vertex 132.931 185.296 3
    endloop
  endfacet
  facet normal -0.320807 0.947145 0
    outer loop
      vertex 130.365 185.464 3
      vertex 129.869 185.296 38.4
      vertex 130.365 185.464 38.4
    endloop
  endfacet
  facet normal -0.320807 0.947145 0
    outer loop
      vertex 129.869 185.296 38.4
      vertex 130.365 185.464 3
      vertex 129.869 185.296 3
    endloop
  endfacet
  facet normal -0.195013 -0.980801 0
    outer loop
      vertex 130.365 177.736 3
      vertex 130.878 177.634 38.4
      vertex 130.365 177.736 38.4
    endloop
  endfacet
  facet normal -0.195013 -0.980801 -0
    outer loop
      vertex 130.878 177.634 38.4
      vertex 130.365 177.736 3
      vertex 130.878 177.634 3
    endloop
  endfacet
  facet normal -0.659323 0.75186 0
    outer loop
      vertex 128.965 184.773 3
      vertex 128.9 184.716 38.4
      vertex 128.965 184.773 38.4
    endloop
  endfacet
  facet normal -0.659323 0.75186 0
    outer loop
      vertex 128.9 184.716 38.4
      vertex 128.965 184.773 3
      vertex 128.9 184.716 3
    endloop
  endfacet
  facet normal -0.980801 -0.195013 0
    outer loop
      vertex 127.536 180.565 5
      vertex 127.434 181.078 38.4
      vertex 127.434 181.078 5
    endloop
  endfacet
  facet normal -0.980801 -0.195013 0
    outer loop
      vertex 127.434 181.078 38.4
      vertex 127.536 180.565 5
      vertex 127.536 180.565 38.4
    endloop
  endfacet
  facet normal -0.659722 -0.75151 0
    outer loop
      vertex 128.572 178.772 5
      vertex 128.965 178.427 38.4
      vertex 128.572 178.772 38.4
    endloop
  endfacet
  facet normal -0.659801 -0.75144 1.64621e-06
    outer loop
      vertex 128.9 178.484 5
      vertex 128.965 178.427 38.4
      vertex 128.572 178.772 5
    endloop
  endfacet
  facet normal -0.659323 -0.75186 0
    outer loop
      vertex 128.965 178.427 3
      vertex 128.9 178.484 5
      vertex 128.9 178.484 3
    endloop
  endfacet
  facet normal -0.659323 -0.75186 0
    outer loop
      vertex 128.9 178.484 5
      vertex 128.965 178.427 3
      vertex 128.965 178.427 38.4
    endloop
  endfacet
  facet normal 0.947145 -0.320807 0
    outer loop
      vertex 135.096 180.069 38.4
      vertex 135.264 180.565 3
      vertex 135.264 180.565 38.4
    endloop
  endfacet
  facet normal 0.947145 -0.320807 0
    outer loop
      vertex 135.264 180.565 3
      vertex 135.096 180.069 38.4
      vertex 135.096 180.069 3
    endloop
  endfacet
  facet normal 0.320807 -0.947145 0
    outer loop
      vertex 132.435 177.736 3
      vertex 132.931 177.904 38.4
      vertex 132.435 177.736 38.4
    endloop
  endfacet
  facet normal 0.320807 -0.947145 0
    outer loop
      vertex 132.931 177.904 38.4
      vertex 132.435 177.736 3
      vertex 132.931 177.904 3
    endloop
  endfacet
  facet normal 0.443387 -0.89633 0
    outer loop
      vertex 132.931 177.904 3
      vertex 133.4 178.136 38.4
      vertex 132.931 177.904 38.4
    endloop
  endfacet
  facet normal 0.443387 -0.89633 0
    outer loop
      vertex 133.4 178.136 38.4
      vertex 132.931 177.904 3
      vertex 133.4 178.136 3
    endloop
  endfacet
  facet normal 0.831167 -0.556022 0
    outer loop
      vertex 134.573 179.165 38.4
      vertex 134.864 179.6 3
      vertex 134.864 179.6 38.4
    endloop
  endfacet
  facet normal 0.831167 -0.556022 0
    outer loop
      vertex 134.864 179.6 3
      vertex 134.573 179.165 38.4
      vertex 134.573 179.165 3
    endloop
  endfacet
  facet normal 0.980801 -0.195013 0
    outer loop
      vertex 135.264 180.565 38.4
      vertex 135.366 181.078 3
      vertex 135.366 181.078 38.4
    endloop
  endfacet
  facet normal 0.980801 -0.195013 0
    outer loop
      vertex 135.366 181.078 3
      vertex 135.264 180.565 38.4
      vertex 135.264 180.565 3
    endloop
  endfacet
  facet normal 0.659722 0.75151 -0
    outer loop
      vertex 134.228 184.428 3
      vertex 133.835 184.773 38.4
      vertex 134.228 184.428 38.4
    endloop
  endfacet
  facet normal 0.659722 0.75151 0
    outer loop
      vertex 133.835 184.773 38.4
      vertex 134.228 184.428 3
      vertex 133.835 184.773 3
    endloop
  endfacet
  facet normal -0.89633 -0.443387 0
    outer loop
      vertex 127.936 179.6 5
      vertex 127.704 180.069 38.4
      vertex 127.704 180.069 5
    endloop
  endfacet
  facet normal -0.89633 -0.443387 0
    outer loop
      vertex 127.704 180.069 38.4
      vertex 127.936 179.6 5
      vertex 127.936 179.6 38.4
    endloop
  endfacet
  facet normal -0.195013 0.980801 0
    outer loop
      vertex 130.878 185.566 3
      vertex 130.365 185.464 38.4
      vertex 130.878 185.566 38.4
    endloop
  endfacet
  facet normal -0.195013 0.980801 0
    outer loop
      vertex 130.365 185.464 38.4
      vertex 130.878 185.566 3
      vertex 130.365 185.464 3
    endloop
  endfacet
  facet normal 0.75151 -0.659722 0
    outer loop
      vertex 134.228 178.772 38.4
      vertex 134.573 179.165 3
      vertex 134.573 179.165 38.4
    endloop
  endfacet
  facet normal 0.75151 -0.659722 0
    outer loop
      vertex 134.573 179.165 3
      vertex 134.228 178.772 38.4
      vertex 134.228 178.772 3
    endloop
  endfacet
  facet normal 0.89633 0.443387 0
    outer loop
      vertex 135.096 183.131 38.4
      vertex 134.864 183.6 3
      vertex 134.864 183.6 38.4
    endloop
  endfacet
  facet normal 0.89633 0.443387 0
    outer loop
      vertex 134.864 183.6 3
      vertex 135.096 183.131 38.4
      vertex 135.096 183.131 3
    endloop
  endfacet
  facet normal 0.0649964 0.997886 -0
    outer loop
      vertex 131.922 185.566 3
      vertex 131.4 185.6 38.4
      vertex 131.922 185.566 38.4
    endloop
  endfacet
  facet normal 0.0649964 0.997886 0
    outer loop
      vertex 131.4 185.6 38.4
      vertex 131.922 185.566 3
      vertex 131.4 185.6 3
    endloop
  endfacet
  facet normal -0.831167 -0.556022 0
    outer loop
      vertex 128.227 179.165 5
      vertex 127.936 179.6 38.4
      vertex 127.936 179.6 5
    endloop
  endfacet
  facet normal -0.831167 -0.556022 0
    outer loop
      vertex 127.936 179.6 38.4
      vertex 128.227 179.165 5
      vertex 128.227 179.165 38.4
    endloop
  endfacet
  facet normal 0.195013 -0.980801 0
    outer loop
      vertex 131.922 177.634 3
      vertex 132.435 177.736 38.4
      vertex 131.922 177.634 38.4
    endloop
  endfacet
  facet normal 0.195013 -0.980801 0
    outer loop
      vertex 132.435 177.736 38.4
      vertex 131.922 177.634 3
      vertex 132.435 177.736 3
    endloop
  endfacet
  facet normal -0.556022 0.831167 0
    outer loop
      vertex 129.4 185.064 3
      vertex 128.965 184.773 38.4
      vertex 129.4 185.064 38.4
    endloop
  endfacet
  facet normal -0.556022 0.831167 0
    outer loop
      vertex 128.965 184.773 38.4
      vertex 129.4 185.064 3
      vertex 128.965 184.773 3
    endloop
  endfacet
  facet normal 0.831167 0.556022 0
    outer loop
      vertex 134.864 183.6 38.4
      vertex 134.573 184.035 3
      vertex 134.573 184.035 38.4
    endloop
  endfacet
  facet normal 0.831167 0.556022 0
    outer loop
      vertex 134.573 184.035 3
      vertex 134.864 183.6 38.4
      vertex 134.864 183.6 3
    endloop
  endfacet
  facet normal 0.195013 0.980801 -0
    outer loop
      vertex 132.435 185.464 3
      vertex 131.922 185.566 38.4
      vertex 132.435 185.464 38.4
    endloop
  endfacet
  facet normal 0.195013 0.980801 0
    outer loop
      vertex 131.922 185.566 38.4
      vertex 132.435 185.464 3
      vertex 131.922 185.566 3
    endloop
  endfacet
  facet normal -0.0649964 -0.997886 0
    outer loop
      vertex 130.878 177.634 3
      vertex 131.4 177.6 38.4
      vertex 130.878 177.634 38.4
    endloop
  endfacet
  facet normal -0.0649964 -0.997886 -0
    outer loop
      vertex 131.4 177.6 38.4
      vertex 130.878 177.634 3
      vertex 131.4 177.6 3
    endloop
  endfacet
  facet normal -0.443387 -0.89633 0
    outer loop
      vertex 129.4 178.136 3
      vertex 129.869 177.904 38.4
      vertex 129.4 178.136 38.4
    endloop
  endfacet
  facet normal -0.443387 -0.89633 -0
    outer loop
      vertex 129.869 177.904 38.4
      vertex 129.4 178.136 3
      vertex 129.869 177.904 3
    endloop
  endfacet
  facet normal -0.89633 0.443387 0
    outer loop
      vertex 127.704 183.131 5
      vertex 127.936 183.6 38.4
      vertex 127.936 183.6 5
    endloop
  endfacet
  facet normal -0.89633 0.443387 0
    outer loop
      vertex 127.936 183.6 38.4
      vertex 127.704 183.131 5
      vertex 127.704 183.131 38.4
    endloop
  endfacet
  facet normal -0.0649964 0.997886 0
    outer loop
      vertex 131.4 185.6 3
      vertex 130.878 185.566 38.4
      vertex 131.4 185.6 38.4
    endloop
  endfacet
  facet normal -0.0649964 0.997886 0
    outer loop
      vertex 130.878 185.566 38.4
      vertex 131.4 185.6 3
      vertex 130.878 185.566 3
    endloop
  endfacet
  facet normal -0.75151 -0.659722 0
    outer loop
      vertex 128.572 178.772 5
      vertex 128.227 179.165 38.4
      vertex 128.227 179.165 5
    endloop
  endfacet
  facet normal -0.75151 -0.659722 0
    outer loop
      vertex 128.227 179.165 38.4
      vertex 128.572 178.772 5
      vertex 128.572 178.772 38.4
    endloop
  endfacet
  facet normal -0.443387 0.89633 0
    outer loop
      vertex 129.869 185.296 3
      vertex 129.4 185.064 38.4
      vertex 129.869 185.296 38.4
    endloop
  endfacet
  facet normal -0.443387 0.89633 0
    outer loop
      vertex 129.4 185.064 38.4
      vertex 129.869 185.296 3
      vertex 129.4 185.064 3
    endloop
  endfacet
  facet normal 0.556022 -0.831167 0
    outer loop
      vertex 133.4 178.136 3
      vertex 133.835 178.427 38.4
      vertex 133.4 178.136 38.4
    endloop
  endfacet
  facet normal 0.556022 -0.831167 0
    outer loop
      vertex 133.835 178.427 38.4
      vertex 133.4 178.136 3
      vertex 133.835 178.427 3
    endloop
  endfacet
  facet normal 0.659722 -0.75151 0
    outer loop
      vertex 133.835 178.427 3
      vertex 134.228 178.772 38.4
      vertex 133.835 178.427 38.4
    endloop
  endfacet
  facet normal 0.659722 -0.75151 0
    outer loop
      vertex 134.228 178.772 38.4
      vertex 133.835 178.427 3
      vertex 134.228 178.772 3
    endloop
  endfacet
  facet normal -0.556022 -0.831167 0
    outer loop
      vertex 128.965 178.427 3
      vertex 129.4 178.136 38.4
      vertex 128.965 178.427 38.4
    endloop
  endfacet
  facet normal -0.556022 -0.831167 -0
    outer loop
      vertex 129.4 178.136 38.4
      vertex 128.965 178.427 3
      vertex 129.4 178.136 3
    endloop
  endfacet
  facet normal -0.66044 -0.750879 0
    outer loop
      vertex 5.58579 132.586 3
      vertex 5.78248 132.413 5
      vertex 5.58579 132.586 5
    endloop
  endfacet
  facet normal -0.66044 -0.750879 -0
    outer loop
      vertex 5.78248 132.413 5
      vertex 5.58579 132.586 3
      vertex 5.78248 132.413 3
    endloop
  endfacet
  facet normal -0.832039 0.554718 0
    outer loop
      vertex 5.26795 163 3
      vertex 5.41329 163.218 5
      vertex 5.41329 163.218 3
    endloop
  endfacet
  facet normal -0.832039 0.554718 0
    outer loop
      vertex 5.41329 163.218 5
      vertex 5.26795 163 3
      vertex 5.26795 163 5
    endloop
  endfacet
  facet normal -1 0 0
    outer loop
      vertex 5 134 3
      vertex 5 162 5
      vertex 5 162 3
    endloop
  endfacet
  facet normal -1 -0 0
    outer loop
      vertex 5 162 5
      vertex 5 134 3
      vertex 5 134 5
    endloop
  endfacet
  facet normal -0.554665 -0.832074 0
    outer loop
      vertex 5.78248 132.413 3
      vertex 6 132.268 5
      vertex 5.78248 132.413 5
    endloop
  endfacet
  facet normal -0.554665 -0.832074 -0
    outer loop
      vertex 6 132.268 5
      vertex 5.78248 132.413 3
      vertex 6 132.268 3
    endloop
  endfacet
  facet normal 0 -1 0
    outer loop
      vertex 7 132 3
      vertex 25.1 132 5
      vertex 7 132 5
    endloop
  endfacet
  facet normal 0 -1 -0
    outer loop
      vertex 25.1 132 5
      vertex 7 132 3
      vertex 25.1 132 3
    endloop
  endfacet
  facet normal -0.946644 -0.322281 0
    outer loop
      vertex 5.15224 133.235 3
      vertex 5.06815 133.482 5
      vertex 5.06815 133.482 3
    endloop
  endfacet
  facet normal -0.946644 -0.322281 0
    outer loop
      vertex 5.06815 133.482 5
      vertex 5.15224 133.235 3
      vertex 5.15224 133.235 5
    endloop
  endfacet
  facet normal -0.946644 0.322281 0
    outer loop
      vertex 5.06815 162.518 3
      vertex 5.15224 162.765 5
      vertex 5.15224 162.765 3
    endloop
  endfacet
  facet normal -0.946644 0.322281 0
    outer loop
      vertex 5.15224 162.765 5
      vertex 5.06815 162.518 3
      vertex 5.06815 162.518 5
    endloop
  endfacet
  facet normal -0.554665 0.832074 0
    outer loop
      vertex 6 163.732 3
      vertex 5.78248 163.587 5
      vertex 6 163.732 5
    endloop
  endfacet
  facet normal -0.554665 0.832074 0
    outer loop
      vertex 5.78248 163.587 5
      vertex 6 163.732 3
      vertex 5.78248 163.587 3
    endloop
  endfacet
  facet normal -0.194947 -0.980814 0
    outer loop
      vertex 6.48236 132.068 3
      vertex 6.73895 132.017 5
      vertex 6.48236 132.068 5
    endloop
  endfacet
  facet normal -0.194947 -0.980814 -0
    outer loop
      vertex 6.73895 132.017 5
      vertex 6.48236 132.068 3
      vertex 6.73895 132.017 3
    endloop
  endfacet
  facet normal 0 1 -0
    outer loop
      vertex 25.1 164 3
      vertex 7 164 5
      vertex 25.1 164 5
    endloop
  endfacet
  facet normal 0 1 0
    outer loop
      vertex 7 164 5
      vertex 25.1 164 3
      vertex 7 164 3
    endloop
  endfacet
  facet normal -0.997858 0.0654151 0
    outer loop
      vertex 5 162 3
      vertex 5.01711 162.261 5
      vertex 5.01711 162.261 3
    endloop
  endfacet
  facet normal -0.997858 0.0654151 0
    outer loop
      vertex 5.01711 162.261 5
      vertex 5 162 3
      vertex 5 162 5
    endloop
  endfacet
  facet normal -0.750676 -0.660671 0
    outer loop
      vertex 5.58579 132.586 3
      vertex 5.41329 132.782 5
      vertex 5.41329 132.782 3
    endloop
  endfacet
  facet normal -0.750676 -0.660671 0
    outer loop
      vertex 5.41329 132.782 5
      vertex 5.58579 132.586 3
      vertex 5.58579 132.586 5
    endloop
  endfacet
  facet normal -0.194947 0.980814 0
    outer loop
      vertex 6.73895 163.983 3
      vertex 6.48236 163.932 5
      vertex 6.73895 163.983 5
    endloop
  endfacet
  facet normal -0.194947 0.980814 0
    outer loop
      vertex 6.48236 163.932 5
      vertex 6.73895 163.983 3
      vertex 6.48236 163.932 3
    endloop
  endfacet
  facet normal -0.897144 -0.441738 0
    outer loop
      vertex 5.26795 133 3
      vertex 5.15224 133.235 5
      vertex 5.15224 133.235 3
    endloop
  endfacet
  facet normal -0.897144 -0.441738 0
    outer loop
      vertex 5.15224 133.235 5
      vertex 5.26795 133 3
      vertex 5.26795 133 5
    endloop
  endfacet
  facet normal -0.980844 -0.194795 0
    outer loop
      vertex 5.06815 133.482 3
      vertex 5.01711 133.739 5
      vertex 5.01711 133.739 3
    endloop
  endfacet
  facet normal -0.980844 -0.194795 0
    outer loop
      vertex 5.01711 133.739 5
      vertex 5.06815 133.482 3
      vertex 5.06815 133.482 5
    endloop
  endfacet
  facet normal -0.750676 0.660671 0
    outer loop
      vertex 5.41329 163.218 3
      vertex 5.58579 163.414 5
      vertex 5.58579 163.414 3
    endloop
  endfacet
  facet normal -0.750676 0.660671 0
    outer loop
      vertex 5.58579 163.414 5
      vertex 5.41329 163.218 3
      vertex 5.41329 163.218 5
    endloop
  endfacet
  facet normal -0.897144 0.441738 0
    outer loop
      vertex 5.15224 162.765 3
      vertex 5.26795 163 5
      vertex 5.26795 163 3
    endloop
  endfacet
  facet normal -0.897144 0.441738 0
    outer loop
      vertex 5.26795 163 5
      vertex 5.15224 162.765 3
      vertex 5.15224 162.765 5
    endloop
  endfacet
  facet normal -0.321121 -0.947038 0
    outer loop
      vertex 6.23463 132.152 3
      vertex 6.48236 132.068 5
      vertex 6.23463 132.152 5
    endloop
  endfacet
  facet normal -0.321121 -0.947038 -0
    outer loop
      vertex 6.48236 132.068 5
      vertex 6.23463 132.152 3
      vertex 6.48236 132.068 3
    endloop
  endfacet
  facet normal -0.44319 -0.896428 0
    outer loop
      vertex 6 132.268 3
      vertex 6.23463 132.152 5
      vertex 6 132.268 5
    endloop
  endfacet
  facet normal -0.44319 -0.896428 -0
    outer loop
      vertex 6.23463 132.152 5
      vertex 6 132.268 3
      vertex 6.23463 132.152 3
    endloop
  endfacet
  facet normal 0 0 1
    outer loop
      vertex 5 162 5
      vertex 25.1 164 5
      vertex 7 164 5
    endloop
  endfacet
  facet normal 0 0 1
    outer loop
      vertex 25.1 164 5
      vertex 5 162 5
      vertex 25.1 132 5
    endloop
  endfacet
  facet normal 0 0 1
    outer loop
      vertex 5 162 5
      vertex 7 164 5
      vertex 6.73895 163.983 5
    endloop
  endfacet
  facet normal -0 0 1
    outer loop
      vertex 5 134 5
      vertex 25.1 132 5
      vertex 5 162 5
    endloop
  endfacet
  facet normal 0 0 1
    outer loop
      vertex 5 162 5
      vertex 6.73895 163.983 5
      vertex 6.48236 163.932 5
    endloop
  endfacet
  facet normal 0 0 1
    outer loop
      vertex 25.1 132 5
      vertex 5 134 5
      vertex 7 132 5
    endloop
  endfacet
  facet normal 0 0 1
    outer loop
      vertex 5 162 5
      vertex 6.48236 163.932 5
      vertex 6.23463 163.848 5
    endloop
  endfacet
  facet normal 0 0 1
    outer loop
      vertex 7 132 5
      vertex 5 134 5
      vertex 6.73895 132.017 5
    endloop
  endfacet
  facet normal 0 0 1
    outer loop
      vertex 5 162 5
      vertex 6.23463 163.848 5
      vertex 6 163.732 5
    endloop
  endfacet
  facet normal 0 0 1
    outer loop
      vertex 6.73895 132.017 5
      vertex 5 134 5
      vertex 6.48236 132.068 5
    endloop
  endfacet
  facet normal 0 0 1
    outer loop
      vertex 5 162 5
      vertex 6 163.732 5
      vertex 5.78248 163.587 5
    endloop
  endfacet
  facet normal 0 0 1
    outer loop
      vertex 6.48236 132.068 5
      vertex 5 134 5
      vertex 6.23463 132.152 5
    endloop
  endfacet
  facet normal 0 0 1
    outer loop
      vertex 5 162 5
      vertex 5.78248 163.587 5
      vertex 5.58579 163.414 5
    endloop
  endfacet
  facet normal 0 0 1
    outer loop
      vertex 6.23463 132.152 5
      vertex 5 134 5
      vertex 6 132.268 5
    endloop
  endfacet
  facet normal 0 0 1
    outer loop
      vertex 5 162 5
      vertex 5.58579 163.414 5
      vertex 5.41329 163.218 5
    endloop
  endfacet
  facet normal 0 0 1
    outer loop
      vertex 6 132.268 5
      vertex 5 134 5
      vertex 5.78248 132.413 5
    endloop
  endfacet
  facet normal 0 0 1
    outer loop
      vertex 5 162 5
      vertex 5.41329 163.218 5
      vertex 5.26795 163 5
    endloop
  endfacet
  facet normal 0 0 1
    outer loop
      vertex 5.78248 132.413 5
      vertex 5 134 5
      vertex 5.58579 132.586 5
    endloop
  endfacet
  facet normal 0 0 1
    outer loop
      vertex 5 162 5
      vertex 5.26795 163 5
      vertex 5.15224 162.765 5
    endloop
  endfacet
  facet normal 0 0 1
    outer loop
      vertex 5.58579 132.586 5
      vertex 5 134 5
      vertex 5.41329 132.782 5
    endloop
  endfacet
  facet normal 0 0 1
    outer loop
      vertex 5 162 5
      vertex 5.15224 162.765 5
      vertex 5.06815 162.518 5
    endloop
  endfacet
  facet normal 0 0 1
    outer loop
      vertex 5.41329 132.782 5
      vertex 5 134 5
      vertex 5.26795 133 5
    endloop
  endfacet
  facet normal 0 0 1
    outer loop
      vertex 5 162 5
      vertex 5.06815 162.518 5
      vertex 5.01711 162.261 5
    endloop
  endfacet
  facet normal 0 0 1
    outer loop
      vertex 5.26795 133 5
      vertex 5 134 5
      vertex 5.15224 133.235 5
    endloop
  endfacet
  facet normal 0 0 1
    outer loop
      vertex 5.15224 133.235 5
      vertex 5 134 5
      vertex 5.06815 133.482 5
    endloop
  endfacet
  facet normal 0 0 1
    outer loop
      vertex 5.06815 133.482 5
      vertex 5 134 5
      vertex 5.01711 133.739 5
    endloop
  endfacet
  facet normal -0.66044 0.750879 0
    outer loop
      vertex 5.78248 163.587 3
      vertex 5.58579 163.414 5
      vertex 5.78248 163.587 5
    endloop
  endfacet
  facet normal -0.66044 0.750879 0
    outer loop
      vertex 5.58579 163.414 5
      vertex 5.78248 163.587 3
      vertex 5.58579 163.414 3
    endloop
  endfacet
  facet normal -0.064984 0.997886 0
    outer loop
      vertex 7 164 3
      vertex 6.73895 163.983 5
      vertex 7 164 5
    endloop
  endfacet
  facet normal -0.064984 0.997886 0
    outer loop
      vertex 6.73895 163.983 5
      vertex 7 164 3
      vertex 6.73895 163.983 3
    endloop
  endfacet
  facet normal -0.321121 0.947038 0
    outer loop
      vertex 6.48236 163.932 3
      vertex 6.23463 163.848 5
      vertex 6.48236 163.932 5
    endloop
  endfacet
  facet normal -0.321121 0.947038 0
    outer loop
      vertex 6.23463 163.848 5
      vertex 6.48236 163.932 3
      vertex 6.23463 163.848 3
    endloop
  endfacet
  facet normal -0.997858 -0.0654151 0
    outer loop
      vertex 5.01711 133.739 3
      vertex 5 134 5
      vertex 5 134 3
    endloop
  endfacet
  facet normal -0.997858 -0.0654151 0
    outer loop
      vertex 5 134 5
      vertex 5.01711 133.739 3
      vertex 5.01711 133.739 5
    endloop
  endfacet
  facet normal -0.832039 -0.554718 0
    outer loop
      vertex 5.41329 132.782 3
      vertex 5.26795 133 5
      vertex 5.26795 133 3
    endloop
  endfacet
  facet normal -0.832039 -0.554718 0
    outer loop
      vertex 5.26795 133 5
      vertex 5.41329 132.782 3
      vertex 5.41329 132.782 5
    endloop
  endfacet
  facet normal -0.980844 0.194795 0
    outer loop
      vertex 5.01711 162.261 3
      vertex 5.06815 162.518 5
      vertex 5.06815 162.518 3
    endloop
  endfacet
  facet normal -0.980844 0.194795 0
    outer loop
      vertex 5.06815 162.518 5
      vertex 5.01711 162.261 3
      vertex 5.01711 162.261 5
    endloop
  endfacet
  facet normal -0.064984 -0.997886 0
    outer loop
      vertex 6.73895 132.017 3
      vertex 7 132 5
      vertex 6.73895 132.017 5
    endloop
  endfacet
  facet normal -0.064984 -0.997886 -0
    outer loop
      vertex 7 132 5
      vertex 6.73895 132.017 3
      vertex 7 132 3
    endloop
  endfacet
  facet normal -0.44319 0.896428 0
    outer loop
      vertex 6.23463 163.848 3
      vertex 6 163.732 5
      vertex 6.23463 163.848 5
    endloop
  endfacet
  facet normal -0.44319 0.896428 0
    outer loop
      vertex 6 163.732 5
      vertex 6.23463 163.848 3
      vertex 6 163.732 3
    endloop
  endfacet
  facet normal 0.553818 0.832637 -0
    outer loop
      vertex 148.218 163.587 3
      vertex 148 163.732 5
      vertex 148.218 163.587 5
    endloop
  endfacet
  facet normal 0.553818 0.832637 0
    outer loop
      vertex 148 163.732 5
      vertex 148.218 163.587 3
      vertex 148 163.732 3
    endloop
  endfacet
  facet normal 0.749726 -0.661748 0
    outer loop
      vertex 148.414 132.586 5
      vertex 148.587 132.782 3
      vertex 148.587 132.782 5
    endloop
  endfacet
  facet normal 0.749726 -0.661748 0
    outer loop
      vertex 148.587 132.782 3
      vertex 148.414 132.586 5
      vertex 148.414 132.586 3
    endloop
  endfacet
  facet normal 0 1 -0
    outer loop
      vertex 147 164 3
      vertex 129.9 164 5
      vertex 147 164 5
    endloop
  endfacet
  facet normal 0 1 0
    outer loop
      vertex 128.9 164 3
      vertex 129.9 164 5
      vertex 147 164 3
    endloop
  endfacet
  facet normal 0 1 0
    outer loop
      vertex 129.9 164 5
      vertex 128.9 164 3
      vertex 128.9 164 5
    endloop
  endfacet
  facet normal 0 -1 0
    outer loop
      vertex 128.9 132 3
      vertex 129.9 132 5
      vertex 128.9 132 5
    endloop
  endfacet
  facet normal 0 -1 0
    outer loop
      vertex 147 132 3
      vertex 129.9 132 5
      vertex 128.9 132 3
    endloop
  endfacet
  facet normal 0 -1 0
    outer loop
      vertex 129.9 132 5
      vertex 147 132 3
      vertex 147 132 5
    endloop
  endfacet
  facet normal 1 -0 0
    outer loop
      vertex 149 134 5
      vertex 149 162 3
      vertex 149 162 5
    endloop
  endfacet
  facet normal 1 0 0
    outer loop
      vertex 149 162 3
      vertex 149 134 5
      vertex 149 134 3
    endloop
  endfacet
  facet normal 0.946749 0.321971 0
    outer loop
      vertex 148.932 162.518 5
      vertex 148.848 162.765 3
      vertex 148.848 162.765 5
    endloop
  endfacet
  facet normal 0.946749 0.321971 0
    outer loop
      vertex 148.848 162.765 3
      vertex 148.932 162.518 5
      vertex 148.932 162.518 3
    endloop
  endfacet
  facet normal 0.442629 -0.896705 0
    outer loop
      vertex 147.765 132.152 3
      vertex 148 132.268 5
      vertex 147.765 132.152 5
    endloop
  endfacet
  facet normal 0.442629 -0.896705 0
    outer loop
      vertex 148 132.268 5
      vertex 147.765 132.152 3
      vertex 148 132.268 3
    endloop
  endfacet
  facet normal 0.0649964 -0.997886 0
    outer loop
      vertex 147 132 3
      vertex 147.261 132.017 5
      vertex 147 132 5
    endloop
  endfacet
  facet normal 0.0649964 -0.997886 0
    outer loop
      vertex 147.261 132.017 5
      vertex 147 132 3
      vertex 147.261 132.017 3
    endloop
  endfacet
  facet normal 0.749726 0.661748 0
    outer loop
      vertex 148.587 163.218 5
      vertex 148.414 163.414 3
      vertex 148.414 163.414 5
    endloop
  endfacet
  facet normal 0.749726 0.661748 0
    outer loop
      vertex 148.414 163.414 3
      vertex 148.587 163.218 5
      vertex 148.587 163.218 3
    endloop
  endfacet
  facet normal 0.946749 -0.321971 0
    outer loop
      vertex 148.848 133.235 5
      vertex 148.932 133.482 3
      vertex 148.932 133.482 5
    endloop
  endfacet
  facet normal 0.946749 -0.321971 0
    outer loop
      vertex 148.932 133.482 3
      vertex 148.848 133.235 5
      vertex 148.848 133.235 3
    endloop
  endfacet
  facet normal 0.194648 0.980873 -0
    outer loop
      vertex 147.518 163.932 3
      vertex 147.261 163.983 5
      vertex 147.518 163.932 5
    endloop
  endfacet
  facet normal 0.194648 0.980873 0
    outer loop
      vertex 147.261 163.983 5
      vertex 147.518 163.932 3
      vertex 147.261 163.983 3
    endloop
  endfacet
  facet normal 0.661748 -0.749726 0
    outer loop
      vertex 148.218 132.413 3
      vertex 148.414 132.586 5
      vertex 148.218 132.413 5
    endloop
  endfacet
  facet normal 0.661748 -0.749726 0
    outer loop
      vertex 148.414 132.586 5
      vertex 148.218 132.413 3
      vertex 148.414 132.586 3
    endloop
  endfacet
  facet normal 0.980873 0.194648 0
    outer loop
      vertex 148.983 162.261 5
      vertex 148.932 162.518 3
      vertex 148.932 162.518 5
    endloop
  endfacet
  facet normal 0.980873 0.194648 0
    outer loop
      vertex 148.932 162.518 3
      vertex 148.983 162.261 5
      vertex 148.983 162.261 3
    endloop
  endfacet
  facet normal 0.321971 -0.946749 0
    outer loop
      vertex 147.518 132.068 3
      vertex 147.765 132.152 5
      vertex 147.518 132.068 5
    endloop
  endfacet
  facet normal 0.321971 -0.946749 0
    outer loop
      vertex 147.765 132.152 5
      vertex 147.518 132.068 3
      vertex 147.765 132.152 3
    endloop
  endfacet
  facet normal 0.832637 0.553818 0
    outer loop
      vertex 148.732 163 5
      vertex 148.587 163.218 3
      vertex 148.587 163.218 5
    endloop
  endfacet
  facet normal 0.832637 0.553818 0
    outer loop
      vertex 148.587 163.218 3
      vertex 148.732 163 5
      vertex 148.732 163 3
    endloop
  endfacet
  facet normal 0.321971 0.946749 -0
    outer loop
      vertex 147.765 163.848 3
      vertex 147.518 163.932 5
      vertex 147.765 163.848 5
    endloop
  endfacet
  facet normal 0.321971 0.946749 0
    outer loop
      vertex 147.518 163.932 5
      vertex 147.765 163.848 3
      vertex 147.518 163.932 3
    endloop
  endfacet
  facet normal 0.553818 -0.832637 0
    outer loop
      vertex 148 132.268 3
      vertex 148.218 132.413 5
      vertex 148 132.268 5
    endloop
  endfacet
  facet normal 0.553818 -0.832637 0
    outer loop
      vertex 148.218 132.413 5
      vertex 148 132.268 3
      vertex 148.218 132.413 3
    endloop
  endfacet
  facet normal 0.997886 0.0649964 0
    outer loop
      vertex 149 162 5
      vertex 148.983 162.261 3
      vertex 148.983 162.261 5
    endloop
  endfacet
  facet normal 0.997886 0.0649964 0
    outer loop
      vertex 148.983 162.261 3
      vertex 149 162 5
      vertex 149 162 3
    endloop
  endfacet
  facet normal 0.661748 0.749726 -0
    outer loop
      vertex 148.414 163.414 3
      vertex 148.218 163.587 5
      vertex 148.414 163.414 5
    endloop
  endfacet
  facet normal 0.661748 0.749726 0
    outer loop
      vertex 148.218 163.587 5
      vertex 148.414 163.414 3
      vertex 148.218 163.587 3
    endloop
  endfacet
  facet normal 0.442629 0.896705 -0
    outer loop
      vertex 148 163.732 3
      vertex 147.765 163.848 5
      vertex 148 163.732 5
    endloop
  endfacet
  facet normal 0.442629 0.896705 0
    outer loop
      vertex 147.765 163.848 5
      vertex 148 163.732 3
      vertex 147.765 163.848 3
    endloop
  endfacet
  facet normal 0.0649964 0.997886 -0
    outer loop
      vertex 147.261 163.983 3
      vertex 147 164 5
      vertex 147.261 163.983 5
    endloop
  endfacet
  facet normal 0.0649964 0.997886 0
    outer loop
      vertex 147 164 5
      vertex 147.261 163.983 3
      vertex 147 164 3
    endloop
  endfacet
  facet normal 0.194648 -0.980873 0
    outer loop
      vertex 147.261 132.017 3
      vertex 147.518 132.068 5
      vertex 147.261 132.017 5
    endloop
  endfacet
  facet normal 0.194648 -0.980873 0
    outer loop
      vertex 147.518 132.068 5
      vertex 147.261 132.017 3
      vertex 147.518 132.068 3
    endloop
  endfacet
  facet normal 0.832637 -0.553818 0
    outer loop
      vertex 148.587 132.782 5
      vertex 148.732 133 3
      vertex 148.732 133 5
    endloop
  endfacet
  facet normal 0.832637 -0.553818 0
    outer loop
      vertex 148.732 133 3
      vertex 148.587 132.782 5
      vertex 148.587 132.782 3
    endloop
  endfacet
  facet normal 0.997886 -0.0649964 0
    outer loop
      vertex 148.983 133.739 5
      vertex 149 134 3
      vertex 149 134 5
    endloop
  endfacet
  facet normal 0.997886 -0.0649964 0
    outer loop
      vertex 149 134 3
      vertex 148.983 133.739 5
      vertex 148.983 133.739 3
    endloop
  endfacet
  facet normal 0.896705 0.442629 0
    outer loop
      vertex 148.848 162.765 5
      vertex 148.732 163 3
      vertex 148.732 163 5
    endloop
  endfacet
  facet normal 0.896705 0.442629 0
    outer loop
      vertex 148.732 163 3
      vertex 148.848 162.765 5
      vertex 148.848 162.765 3
    endloop
  endfacet
  facet normal 0.896705 -0.442629 0
    outer loop
      vertex 148.732 133 5
      vertex 148.848 133.235 3
      vertex 148.848 133.235 5
    endloop
  endfacet
  facet normal 0.896705 -0.442629 0
    outer loop
      vertex 148.848 133.235 3
      vertex 148.732 133 5
      vertex 148.732 133 3
    endloop
  endfacet
  facet normal 0.980873 -0.194648 0
    outer loop
      vertex 148.932 133.482 5
      vertex 148.983 133.739 3
      vertex 148.983 133.739 5
    endloop
  endfacet
  facet normal 0.980873 -0.194648 0
    outer loop
      vertex 148.983 133.739 3
      vertex 148.932 133.482 5
      vertex 148.932 133.482 3
    endloop
  endfacet
  facet normal 0 0 1
    outer loop
      vertex 147 164 5
      vertex 149 162 5
      vertex 148.983 162.261 5
    endloop
  endfacet
  facet normal 0 0 1
    outer loop
      vertex 149 162 5
      vertex 129.9 164 5
      vertex 149 134 5
    endloop
  endfacet
  facet normal 0 0 1
    outer loop
      vertex 147 164 5
      vertex 148.983 162.261 5
      vertex 148.932 162.518 5
    endloop
  endfacet
  facet normal 0 0 1
    outer loop
      vertex 129.9 132 5
      vertex 149 134 5
      vertex 129.9 164 5
    endloop
  endfacet
  facet normal 0 0 1
    outer loop
      vertex 147 164 5
      vertex 148.932 162.518 5
      vertex 148.848 162.765 5
    endloop
  endfacet
  facet normal 0 -0 1
    outer loop
      vertex 147 132 5
      vertex 149 134 5
      vertex 129.9 132 5
    endloop
  endfacet
  facet normal 0 0 1
    outer loop
      vertex 147 164 5
      vertex 148.848 162.765 5
      vertex 148.732 163 5
    endloop
  endfacet
  facet normal 0 0 1
    outer loop
      vertex 149 162 5
      vertex 147 164 5
      vertex 129.9 164 5
    endloop
  endfacet
  facet normal 0 0 1
    outer loop
      vertex 147 164 5
      vertex 148.732 163 5
      vertex 148.587 163.218 5
    endloop
  endfacet
  facet normal 0 0 1
    outer loop
      vertex 149 134 5
      vertex 147 132 5
      vertex 148.983 133.739 5
    endloop
  endfacet
  facet normal 0 0 1
    outer loop
      vertex 147 164 5
      vertex 148.587 163.218 5
      vertex 148.414 163.414 5
    endloop
  endfacet
  facet normal 0 0 1
    outer loop
      vertex 148.848 133.235 5
      vertex 147 132 5
      vertex 148.732 133 5
    endloop
  endfacet
  facet normal 0 0 1
    outer loop
      vertex 147 164 5
      vertex 148.414 163.414 5
      vertex 148.218 163.587 5
    endloop
  endfacet
  facet normal 0 0 1
    outer loop
      vertex 148.732 133 5
      vertex 147 132 5
      vertex 148.587 132.782 5
    endloop
  endfacet
  facet normal 0 0 1
    outer loop
      vertex 147 164 5
      vertex 148.218 163.587 5
      vertex 148 163.732 5
    endloop
  endfacet
  facet normal 0 0 1
    outer loop
      vertex 148.587 132.782 5
      vertex 147 132 5
      vertex 148.414 132.586 5
    endloop
  endfacet
  facet normal 0 0 1
    outer loop
      vertex 147 164 5
      vertex 148 163.732 5
      vertex 147.765 163.848 5
    endloop
  endfacet
  facet normal 0 0 1
    outer loop
      vertex 148.414 132.586 5
      vertex 147 132 5
      vertex 148.218 132.413 5
    endloop
  endfacet
  facet normal 0 0 1
    outer loop
      vertex 147 164 5
      vertex 147.765 163.848 5
      vertex 147.518 163.932 5
    endloop
  endfacet
  facet normal 0 0 1
    outer loop
      vertex 148.218 132.413 5
      vertex 147 132 5
      vertex 148 132.268 5
    endloop
  endfacet
  facet normal 0 0 1
    outer loop
      vertex 147 164 5
      vertex 147.518 163.932 5
      vertex 147.261 163.983 5
    endloop
  endfacet
  facet normal 0 0 1
    outer loop
      vertex 148 132.268 5
      vertex 147 132 5
      vertex 147.765 132.152 5
    endloop
  endfacet
  facet normal 0 0 1
    outer loop
      vertex 147.765 132.152 5
      vertex 147 132 5
      vertex 147.518 132.068 5
    endloop
  endfacet
  facet normal 0 0 1
    outer loop
      vertex 147.518 132.068 5
      vertex 147 132 5
      vertex 147.261 132.017 5
    endloop
  endfacet
  facet normal 0 0 1
    outer loop
      vertex 148.983 133.739 5
      vertex 147 132 5
      vertex 148.932 133.482 5
    endloop
  endfacet
  facet normal 0 0 1
    outer loop
      vertex 148.932 133.482 5
      vertex 147 132 5
      vertex 148.848 133.235 5
    endloop
  endfacet
  facet normal 0 0 1
    outer loop
      vertex 127.536 119.435 5
      vertex 114.4 126.2 5
      vertex 127.434 118.922 5
    endloop
  endfacet
  facet normal 0 0 1
    outer loop
      vertex 127.434 182.122 5
      vertex 114.4 173.8 5
      vertex 127.4 181.6 5
    endloop
  endfacet
  facet normal 0 0 1
    outer loop
      vertex 127.536 182.635 5
      vertex 114.4 173.8 5
      vertex 127.434 182.122 5
    endloop
  endfacet
  facet normal 0 0 1
    outer loop
      vertex 127.704 183.131 5
      vertex 114.4 173.8 5
      vertex 127.536 182.635 5
    endloop
  endfacet
  facet normal 0 0 1
    outer loop
      vertex 127.936 183.6 5
      vertex 114.4 173.8 5
      vertex 127.704 183.131 5
    endloop
  endfacet
  facet normal 0 0 1
    outer loop
      vertex 128.07 183.8 5
      vertex 114.4 173.8 5
      vertex 127.936 183.6 5
    endloop
  endfacet
  facet normal -0 0 1
    outer loop
      vertex 29.6 183.8 5
      vertex 114.4 173.8 5
      vertex 128.07 183.8 5
    endloop
  endfacet
  facet normal 0 0 1
    outer loop
      vertex 39.6 173.8 5
      vertex 29.6 183.8 5
      vertex 39.6 126.2 5
    endloop
  endfacet
  facet normal 0 0 1
    outer loop
      vertex 114.4 173.8 5
      vertex 29.6 183.8 5
      vertex 39.6 173.8 5
    endloop
  endfacet
  facet normal 0 0 1
    outer loop
      vertex 114.4 173.8 5
      vertex 128.9 178.484 5
      vertex 128.572 178.772 5
    endloop
  endfacet
  facet normal 0 0 1
    outer loop
      vertex 114.4 173.8 5
      vertex 128.572 178.772 5
      vertex 128.227 179.165 5
    endloop
  endfacet
  facet normal 0 0 1
    outer loop
      vertex 114.4 173.8 5
      vertex 128.227 179.165 5
      vertex 127.936 179.6 5
    endloop
  endfacet
  facet normal 0 0 1
    outer loop
      vertex 128.9 132 5
      vertex 128.572 121.228 5
      vertex 128.9 121.516 5
    endloop
  endfacet
  facet normal 0 0 1
    outer loop
      vertex 114.4 173.8 5
      vertex 127.936 179.6 5
      vertex 127.704 180.069 5
    endloop
  endfacet
  facet normal -0 0 1
    outer loop
      vertex 114.4 126.2 5
      vertex 128.572 121.228 5
      vertex 128.9 132 5
    endloop
  endfacet
  facet normal 0 0 1
    outer loop
      vertex 114.4 173.8 5
      vertex 127.704 180.069 5
      vertex 127.536 180.565 5
    endloop
  endfacet
  facet normal 0 0 1
    outer loop
      vertex 128.572 121.228 5
      vertex 114.4 126.2 5
      vertex 128.227 120.835 5
    endloop
  endfacet
  facet normal 0 0 1
    outer loop
      vertex 114.4 173.8 5
      vertex 127.536 180.565 5
      vertex 127.434 181.078 5
    endloop
  endfacet
  facet normal 0 0 1
    outer loop
      vertex 128.227 120.835 5
      vertex 114.4 126.2 5
      vertex 127.936 120.4 5
    endloop
  endfacet
  facet normal 0 0 1
    outer loop
      vertex 128.9 178.484 5
      vertex 114.4 173.8 5
      vertex 128.9 164 5
    endloop
  endfacet
  facet normal 0 0 1
    outer loop
      vertex 127.936 120.4 5
      vertex 114.4 126.2 5
      vertex 127.704 119.931 5
    endloop
  endfacet
  facet normal 0 0 1
    outer loop
      vertex 114.4 126.2 5
      vertex 128.9 164 5
      vertex 114.4 173.8 5
    endloop
  endfacet
  facet normal 0 0 1
    outer loop
      vertex 128.9 164 5
      vertex 114.4 126.2 5
      vertex 128.9 132 5
    endloop
  endfacet
  facet normal 0 0 1
    outer loop
      vertex 114.4 173.8 5
      vertex 127.434 181.078 5
      vertex 127.4 181.6 5
    endloop
  endfacet
  facet normal 0 0 1
    outer loop
      vertex 127.704 119.931 5
      vertex 114.4 126.2 5
      vertex 127.536 119.435 5
    endloop
  endfacet
  facet normal -0 0 1
    outer loop
      vertex 128.9 164 5
      vertex 129.9 132 5
      vertex 129.9 164 5
    endloop
  endfacet
  facet normal 0 0 1
    outer loop
      vertex 129.9 132 5
      vertex 128.9 164 5
      vertex 128.9 132 5
    endloop
  endfacet
  facet normal 0 0 1
    outer loop
      vertex 127.434 118.922 5
      vertex 114.4 126.2 5
      vertex 127.4 118.4 5
    endloop
  endfacet
  facet normal 0 0 1
    outer loop
      vertex 127.4 118.4 5
      vertex 114.4 126.2 5
      vertex 127.434 117.878 5
    endloop
  endfacet
  facet normal 0 0 1
    outer loop
      vertex 127.434 117.878 5
      vertex 114.4 126.2 5
      vertex 127.536 117.365 5
    endloop
  endfacet
  facet normal 0 0 1
    outer loop
      vertex 114.4 126.2 5
      vertex 127.704 116.869 5
      vertex 127.536 117.365 5
    endloop
  endfacet
  facet normal 0 0 1
    outer loop
      vertex 114.4 126.2 5
      vertex 127.936 116.4 5
      vertex 127.704 116.869 5
    endloop
  endfacet
  facet normal 0 0 1
    outer loop
      vertex 114.4 126.2 5
      vertex 128.07 116.2 5
      vertex 127.936 116.4 5
    endloop
  endfacet
  facet normal 0 0 1
    outer loop
      vertex 29.6 116.2 5
      vertex 114.4 126.2 5
      vertex 39.6 126.2 5
    endloop
  endfacet
  facet normal 0 0 1
    outer loop
      vertex 114.4 126.2 5
      vertex 29.6 116.2 5
      vertex 128.07 116.2 5
    endloop
  endfacet
  facet normal 0 0 1
    outer loop
      vertex 29.6 116.2 5
      vertex 39.6 126.2 5
      vertex 29.6 183.8 5
    endloop
  endfacet
  facet normal 1 0 0
    outer loop
      vertex 17 131 6.39
      vertex 17 130.25 4.98
      vertex 17 131 3
    endloop
  endfacet
  facet normal 1 0 0
    outer loop
      vertex 17 131 6.39
      vertex 17 125.75 4.98
      vertex 17 130.25 4.98
    endloop
  endfacet
  facet normal 1 -0 0
    outer loop
      vertex 17 125 6.39
      vertex 17 125.75 4.98
      vertex 17 131 6.39
    endloop
  endfacet
  facet normal 1 0 0
    outer loop
      vertex 17 125 3
      vertex 17 125.75 4.98
      vertex 17 125 6.39
    endloop
  endfacet
  facet normal 1 0 0
    outer loop
      vertex 17 125.75 4.98
      vertex 17 125 3
      vertex 17 125.75 3
    endloop
  endfacet
  facet normal 1 0 0
    outer loop
      vertex 17 131 3
      vertex 17 130.25 4.98
      vertex 17 130.25 3
    endloop
  endfacet
  facet normal -0 0 1
    outer loop
      vertex 9 131 6.39
      vertex 17 125 6.39
      vertex 17 131 6.39
    endloop
  endfacet
  facet normal 0 0 1
    outer loop
      vertex 17 125 6.39
      vertex 9 131 6.39
      vertex 9 125 6.39
    endloop
  endfacet
  facet normal -1 0 0
    outer loop
      vertex 9 125.75 3
      vertex 9 125 3
      vertex 9 125.75 4.98
    endloop
  endfacet
  facet normal -1 0 0
    outer loop
      vertex 9 130.25 4.98
      vertex 9 131 3
      vertex 9 130.25 3
    endloop
  endfacet
  facet normal -1 0 0
    outer loop
      vertex 9 131 3
      vertex 9 130.25 4.98
      vertex 9 131 6.39
    endloop
  endfacet
  facet normal -1 0 0
    outer loop
      vertex 9 125.75 4.98
      vertex 9 131 6.39
      vertex 9 130.25 4.98
    endloop
  endfacet
  facet normal -1 0 0
    outer loop
      vertex 9 125.75 4.98
      vertex 9 125 6.39
      vertex 9 131 6.39
    endloop
  endfacet
  facet normal -1 0 0
    outer loop
      vertex 9 125 6.39
      vertex 9 125.75 4.98
      vertex 9 125 3
    endloop
  endfacet
  facet normal 0 1 -0
    outer loop
      vertex 17 131 3
      vertex 9 131 6.39
      vertex 17 131 6.39
    endloop
  endfacet
  facet normal 0 1 0
    outer loop
      vertex 9 131 6.39
      vertex 17 131 3
      vertex 9 131 3
    endloop
  endfacet
  facet normal 0 -1 0
    outer loop
      vertex 9 125 3
      vertex 17 125 6.39
      vertex 9 125 6.39
    endloop
  endfacet
  facet normal 0 -1 -0
    outer loop
      vertex 17 125 6.39
      vertex 9 125 3
      vertex 17 125 3
    endloop
  endfacet
  facet normal 0 0 -1
    outer loop
      vertex 9 125.75 4.98
      vertex 17 130.25 4.98
      vertex 17 125.75 4.98
    endloop
  endfacet
  facet normal -0 0 -1
    outer loop
      vertex 17 130.25 4.98
      vertex 9 125.75 4.98
      vertex 9 130.25 4.98
    endloop
  endfacet
  facet normal 0 -1 0
    outer loop
      vertex 9 130.25 3
      vertex 17 130.25 4.98
      vertex 9 130.25 4.98
    endloop
  endfacet
  facet normal 0 -1 -0
    outer loop
      vertex 17 130.25 4.98
      vertex 9 130.25 3
      vertex 17 130.25 3
    endloop
  endfacet
  facet normal 0 1 -0
    outer loop
      vertex 17 125.75 3
      vertex 9 125.75 4.98
      vertex 17 125.75 4.98
    endloop
  endfacet
  facet normal 0 1 0
    outer loop
      vertex 9 125.75 4.98
      vertex 17 125.75 3
      vertex 9 125.75 3
    endloop
  endfacet
  facet normal 1 0 0
    outer loop
      vertex 17 171 6.39
      vertex 17 170.25 4.98
      vertex 17 171 3
    endloop
  endfacet
  facet normal 1 0 0
    outer loop
      vertex 17 171 6.39
      vertex 17 165.75 4.98
      vertex 17 170.25 4.98
    endloop
  endfacet
  facet normal 1 -0 0
    outer loop
      vertex 17 165 6.39
      vertex 17 165.75 4.98
      vertex 17 171 6.39
    endloop
  endfacet
  facet normal 1 0 0
    outer loop
      vertex 17 165 3
      vertex 17 165.75 4.98
      vertex 17 165 6.39
    endloop
  endfacet
  facet normal 1 0 0
    outer loop
      vertex 17 165.75 4.98
      vertex 17 165 3
      vertex 17 165.75 3
    endloop
  endfacet
  facet normal 1 0 0
    outer loop
      vertex 17 171 3
      vertex 17 170.25 4.98
      vertex 17 170.25 3
    endloop
  endfacet
  facet normal -0 0 1
    outer loop
      vertex 9 171 6.39
      vertex 17 165 6.39
      vertex 17 171 6.39
    endloop
  endfacet
  facet normal 0 0 1
    outer loop
      vertex 17 165 6.39
      vertex 9 171 6.39
      vertex 9 165 6.39
    endloop
  endfacet
  facet normal -1 0 0
    outer loop
      vertex 9 165.75 3
      vertex 9 165 3
      vertex 9 165.75 4.98
    endloop
  endfacet
  facet normal -1 0 0
    outer loop
      vertex 9 170.25 4.98
      vertex 9 171 3
      vertex 9 170.25 3
    endloop
  endfacet
  facet normal -1 0 0
    outer loop
      vertex 9 171 3
      vertex 9 170.25 4.98
      vertex 9 171 6.39
    endloop
  endfacet
  facet normal -1 0 0
    outer loop
      vertex 9 165.75 4.98
      vertex 9 171 6.39
      vertex 9 170.25 4.98
    endloop
  endfacet
  facet normal -1 0 0
    outer loop
      vertex 9 165.75 4.98
      vertex 9 165 6.39
      vertex 9 171 6.39
    endloop
  endfacet
  facet normal -1 0 0
    outer loop
      vertex 9 165 6.39
      vertex 9 165.75 4.98
      vertex 9 165 3
    endloop
  endfacet
  facet normal 0 1 -0
    outer loop
      vertex 17 171 3
      vertex 9 171 6.39
      vertex 17 171 6.39
    endloop
  endfacet
  facet normal 0 1 0
    outer loop
      vertex 9 171 6.39
      vertex 17 171 3
      vertex 9 171 3
    endloop
  endfacet
  facet normal 0 -1 0
    outer loop
      vertex 9 165 3
      vertex 17 165 6.39
      vertex 9 165 6.39
    endloop
  endfacet
  facet normal 0 -1 -0
    outer loop
      vertex 17 165 6.39
      vertex 9 165 3
      vertex 17 165 3
    endloop
  endfacet
  facet normal 0 0 -1
    outer loop
      vertex 9 165.75 4.98
      vertex 17 170.25 4.98
      vertex 17 165.75 4.98
    endloop
  endfacet
  facet normal -0 0 -1
    outer loop
      vertex 17 170.25 4.98
      vertex 9 165.75 4.98
      vertex 9 170.25 4.98
    endloop
  endfacet
  facet normal 0 -1 0
    outer loop
      vertex 9 170.25 3
      vertex 17 170.25 4.98
      vertex 9 170.25 4.98
    endloop
  endfacet
  facet normal 0 -1 -0
    outer loop
      vertex 17 170.25 4.98
      vertex 9 170.25 3
      vertex 17 170.25 3
    endloop
  endfacet
  facet normal 0 1 -0
    outer loop
      vertex 17 165.75 3
      vertex 9 165.75 4.98
      vertex 17 165.75 4.98
    endloop
  endfacet
  facet normal 0 1 0
    outer loop
      vertex 9 165.75 4.98
      vertex 17 165.75 3
      vertex 9 165.75 3
    endloop
  endfacet
  facet normal 1 0 0
    outer loop
      vertex 138 111 6.39
      vertex 138 110.25 4.98
      vertex 138 111 3
    endloop
  endfacet
  facet normal 1 0 0
    outer loop
      vertex 138 111 6.39
      vertex 138 105.75 4.98
      vertex 138 110.25 4.98
    endloop
  endfacet
  facet normal 1 -0 0
    outer loop
      vertex 138 105 6.39
      vertex 138 105.75 4.98
      vertex 138 111 6.39
    endloop
  endfacet
  facet normal 1 0 0
    outer loop
      vertex 138 105 3
      vertex 138 105.75 4.98
      vertex 138 105 6.39
    endloop
  endfacet
  facet normal 1 0 0
    outer loop
      vertex 138 105.75 4.98
      vertex 138 105 3
      vertex 138 105.75 3
    endloop
  endfacet
  facet normal 1 0 0
    outer loop
      vertex 138 111 3
      vertex 138 110.25 4.98
      vertex 138 110.25 3
    endloop
  endfacet
  facet normal -0 0 1
    outer loop
      vertex 130 111 6.39
      vertex 138 105 6.39
      vertex 138 111 6.39
    endloop
  endfacet
  facet normal 0 0 1
    outer loop
      vertex 138 105 6.39
      vertex 130 111 6.39
      vertex 130 105 6.39
    endloop
  endfacet
  facet normal -1 0 0
    outer loop
      vertex 130 105.75 3
      vertex 130 105 3
      vertex 130 105.75 4.98
    endloop
  endfacet
  facet normal -1 0 0
    outer loop
      vertex 130 110.25 4.98
      vertex 130 111 3
      vertex 130 110.25 3
    endloop
  endfacet
  facet normal -1 0 0
    outer loop
      vertex 130 111 3
      vertex 130 110.25 4.98
      vertex 130 111 6.39
    endloop
  endfacet
  facet normal -1 0 0
    outer loop
      vertex 130 105.75 4.98
      vertex 130 111 6.39
      vertex 130 110.25 4.98
    endloop
  endfacet
  facet normal -1 0 0
    outer loop
      vertex 130 105.75 4.98
      vertex 130 105 6.39
      vertex 130 111 6.39
    endloop
  endfacet
  facet normal -1 0 0
    outer loop
      vertex 130 105 6.39
      vertex 130 105.75 4.98
      vertex 130 105 3
    endloop
  endfacet
  facet normal 0 1 -0
    outer loop
      vertex 138 111 3
      vertex 130 111 6.39
      vertex 138 111 6.39
    endloop
  endfacet
  facet normal 0 1 0
    outer loop
      vertex 130 111 6.39
      vertex 138 111 3
      vertex 130 111 3
    endloop
  endfacet
  facet normal 0 -1 0
    outer loop
      vertex 130 105 3
      vertex 138 105 6.39
      vertex 130 105 6.39
    endloop
  endfacet
  facet normal 0 -1 -0
    outer loop
      vertex 138 105 6.39
      vertex 130 105 3
      vertex 138 105 3
    endloop
  endfacet
  facet normal 0 0 -1
    outer loop
      vertex 130 105.75 4.98
      vertex 138 110.25 4.98
      vertex 138 105.75 4.98
    endloop
  endfacet
  facet normal -0 0 -1
    outer loop
      vertex 138 110.25 4.98
      vertex 130 105.75 4.98
      vertex 130 110.25 4.98
    endloop
  endfacet
  facet normal 0 -1 0
    outer loop
      vertex 130 110.25 3
      vertex 138 110.25 4.98
      vertex 130 110.25 4.98
    endloop
  endfacet
  facet normal 0 -1 -0
    outer loop
      vertex 138 110.25 4.98
      vertex 130 110.25 3
      vertex 138 110.25 3
    endloop
  endfacet
  facet normal 0 1 -0
    outer loop
      vertex 138 105.75 3
      vertex 130 105.75 4.98
      vertex 138 105.75 4.98
    endloop
  endfacet
  facet normal 0 1 0
    outer loop
      vertex 130 105.75 4.98
      vertex 138 105.75 3
      vertex 130 105.75 3
    endloop
  endfacet
  facet normal 1 -0 0
    outer loop
      vertex 60 109.4 32.5
      vertex 60 112.4 5.5
      vertex 60 112.4 32.5
    endloop
  endfacet
  facet normal 1 0 0
    outer loop
      vertex 60 112.4 5.5
      vertex 60 109.4 32.5
      vertex 60 109.4 5.5
    endloop
  endfacet
  facet normal -0 0 1
    outer loop
      vertex 58 112.4 32.5
      vertex 60 109.4 32.5
      vertex 60 112.4 32.5
    endloop
  endfacet
  facet normal 0 0 1
    outer loop
      vertex 60 109.4 32.5
      vertex 58 112.4 32.5
      vertex 58 109.4 32.5
    endloop
  endfacet
  facet normal 0 0 1
    outer loop
      vertex 58 112.4 5.5
      vertex 50 107.4 5.5
      vertex 58 109.4 5.5
    endloop
  endfacet
  facet normal -0 0 1
    outer loop
      vertex 41.5 112.4 5.5
      vertex 50 107.4 5.5
      vertex 58 112.4 5.5
    endloop
  endfacet
  facet normal 0 0 1
    outer loop
      vertex 41.5 106.2 5.5
      vertex 50 107.4 5.5
      vertex 41.5 112.4 5.5
    endloop
  endfacet
  facet normal 0 0 1
    outer loop
      vertex 50 107.4 5.5
      vertex 41.5 106.2 5.5
      vertex 50 106.2 5.5
    endloop
  endfacet
  facet normal 0 0 1
    outer loop
      vertex 66.5 112.4 5.5
      vertex 62 107.4 5.5
      vertex 66.5 106.2 5.5
    endloop
  endfacet
  facet normal 0 0 1
    outer loop
      vertex 60 109.4 5.5
      vertex 66.5 112.4 5.5
      vertex 60 112.4 5.5
    endloop
  endfacet
  facet normal 0 0 1
    outer loop
      vertex 66.5 112.4 5.5
      vertex 60 109.4 5.5
      vertex 62 107.4 5.5
    endloop
  endfacet
  facet normal -0 0 1
    outer loop
      vertex 58 109.4 5.5
      vertex 62 107.4 5.5
      vertex 60 109.4 5.5
    endloop
  endfacet
  facet normal 0 0 1
    outer loop
      vertex 62 107.4 5.5
      vertex 58 109.4 5.5
      vertex 50 107.4 5.5
    endloop
  endfacet
  facet normal 0 0 1
    outer loop
      vertex 66.5 106.2 5.5
      vertex 62 107.4 5.5
      vertex 62 106.2 5.5
    endloop
  endfacet
  facet normal -1 0 0
    outer loop
      vertex 58 109.4 5.5
      vertex 58 112.4 32.5
      vertex 58 112.4 5.5
    endloop
  endfacet
  facet normal -1 -0 0
    outer loop
      vertex 58 112.4 32.5
      vertex 58 109.4 5.5
      vertex 58 109.4 32.5
    endloop
  endfacet
  facet normal 0 -1 0
    outer loop
      vertex 58 109.4 5.5
      vertex 60 109.4 32.5
      vertex 58 109.4 32.5
    endloop
  endfacet
  facet normal 0 -1 -0
    outer loop
      vertex 60 109.4 32.5
      vertex 58 109.4 5.5
      vertex 60 109.4 5.5
    endloop
  endfacet
  facet normal 1 -0 0
    outer loop
      vertex 96 109.4 32.5
      vertex 96 112.4 5.5
      vertex 96 112.4 32.5
    endloop
  endfacet
  facet normal 1 0 0
    outer loop
      vertex 96 112.4 5.5
      vertex 96 109.4 32.5
      vertex 96 109.4 5.5
    endloop
  endfacet
  facet normal -0 0 1
    outer loop
      vertex 94 112.4 32.5
      vertex 96 109.4 32.5
      vertex 96 112.4 32.5
    endloop
  endfacet
  facet normal 0 0 1
    outer loop
      vertex 96 109.4 32.5
      vertex 94 112.4 32.5
      vertex 94 109.4 32.5
    endloop
  endfacet
  facet normal 0 0 1
    outer loop
      vertex 94 112.4 5.5
      vertex 92 107.4 5.5
      vertex 94 109.4 5.5
    endloop
  endfacet
  facet normal 0 0 1
    outer loop
      vertex 94 112.4 5.5
      vertex 80 107.4 5.5
      vertex 92 107.4 5.5
    endloop
  endfacet
  facet normal -0 0 1
    outer loop
      vertex 75.5 112.4 5.5
      vertex 80 107.4 5.5
      vertex 94 112.4 5.5
    endloop
  endfacet
  facet normal 0 0 1
    outer loop
      vertex 75.5 106.2 5.5
      vertex 80 107.4 5.5
      vertex 75.5 112.4 5.5
    endloop
  endfacet
  facet normal 0 0 1
    outer loop
      vertex 80 107.4 5.5
      vertex 75.5 106.2 5.5
      vertex 80 106.2 5.5
    endloop
  endfacet
  facet normal 0 0 1
    outer loop
      vertex 96 109.4 5.5
      vertex 104.5 112.4 5.5
      vertex 96 112.4 5.5
    endloop
  endfacet
  facet normal 0 0 1
    outer loop
      vertex 104.5 112.4 5.5
      vertex 96 109.4 5.5
      vertex 104.5 106.2 5.5
    endloop
  endfacet
  facet normal 0 0 1
    outer loop
      vertex 92 106.2 5.5
      vertex 96 109.4 5.5
      vertex 94 109.4 5.5
    endloop
  endfacet
  facet normal 0 0 1
    outer loop
      vertex 92 106.2 5.5
      vertex 94 109.4 5.5
      vertex 92 107.4 5.5
    endloop
  endfacet
  facet normal 0 0 1
    outer loop
      vertex 96 109.4 5.5
      vertex 92 106.2 5.5
      vertex 104.5 106.2 5.5
    endloop
  endfacet
  facet normal -1 0 0
    outer loop
      vertex 94 109.4 5.5
      vertex 94 112.4 32.5
      vertex 94 112.4 5.5
    endloop
  endfacet
  facet normal -1 -0 0
    outer loop
      vertex 94 112.4 32.5
      vertex 94 109.4 5.5
      vertex 94 109.4 32.5
    endloop
  endfacet
  facet normal 0 -1 0
    outer loop
      vertex 94 109.4 5.5
      vertex 96 109.4 32.5
      vertex 94 109.4 32.5
    endloop
  endfacet
  facet normal 0 -1 -0
    outer loop
      vertex 96 109.4 32.5
      vertex 94 109.4 5.5
      vertex 96 109.4 5.5
    endloop
  endfacet
  facet normal 1 -0 0
    outer loop
      vertex 66.5 106.2 5.5
      vertex 66.5 112.4 3
      vertex 66.5 112.4 5.5
    endloop
  endfacet
  facet normal 1 0 0
    outer loop
      vertex 66.5 112.4 3
      vertex 66.5 106.2 5.5
      vertex 66.5 106.2 3
    endloop
  endfacet
  facet normal -1 0 0
    outer loop
      vertex 41.5 106.2 3
      vertex 41.5 112.4 5.5
      vertex 41.5 112.4 3
    endloop
  endfacet
  facet normal -1 -0 0
    outer loop
      vertex 41.5 112.4 5.5
      vertex 41.5 106.2 3
      vertex 41.5 106.2 5.5
    endloop
  endfacet
  facet normal 0 -1 0
    outer loop
      vertex 41.5 106.2 3
      vertex 50 106.2 5.5
      vertex 41.5 106.2 5.5
    endloop
  endfacet
  facet normal 0 -1 0
    outer loop
      vertex 66.5 106.2 3
      vertex 50 106.2 5.5
      vertex 41.5 106.2 3
    endloop
  endfacet
  facet normal 0 -1 0
    outer loop
      vertex 50 106.2 5.5
      vertex 66.5 106.2 3
      vertex 62 106.2 5.5
    endloop
  endfacet
  facet normal 0 -1 0
    outer loop
      vertex 62 106.2 5.5
      vertex 66.5 106.2 3
      vertex 66.5 106.2 5.5
    endloop
  endfacet
  facet normal 0 -1 0
    outer loop
      vertex 50 106.2 5.5
      vertex 62 106.2 6.99
      vertex 50 106.2 6.99
    endloop
  endfacet
  facet normal 0 -1 -0
    outer loop
      vertex 62 106.2 6.99
      vertex 50 106.2 5.5
      vertex 62 106.2 5.5
    endloop
  endfacet
  facet normal 1 -0 0
    outer loop
      vertex 104.5 106.2 5.5
      vertex 104.5 112.4 3
      vertex 104.5 112.4 5.5
    endloop
  endfacet
  facet normal 1 0 0
    outer loop
      vertex 104.5 112.4 3
      vertex 104.5 106.2 5.5
      vertex 104.5 106.2 3
    endloop
  endfacet
  facet normal -1 0 0
    outer loop
      vertex 75.5 106.2 3
      vertex 75.5 112.4 5.5
      vertex 75.5 112.4 3
    endloop
  endfacet
  facet normal -1 -0 0
    outer loop
      vertex 75.5 112.4 5.5
      vertex 75.5 106.2 3
      vertex 75.5 106.2 5.5
    endloop
  endfacet
  facet normal 0 -1 0
    outer loop
      vertex 75.5 106.2 3
      vertex 80 106.2 5.5
      vertex 75.5 106.2 5.5
    endloop
  endfacet
  facet normal 0 -1 -0
    outer loop
      vertex 80 106.2 5.5
      vertex 75.5 106.2 3
      vertex 92 106.2 5.5
    endloop
  endfacet
  facet normal 0 -1 0
    outer loop
      vertex 104.5 106.2 3
      vertex 92 106.2 5.5
      vertex 75.5 106.2 3
    endloop
  endfacet
  facet normal 0 -1 0
    outer loop
      vertex 92 106.2 5.5
      vertex 104.5 106.2 3
      vertex 104.5 106.2 5.5
    endloop
  endfacet
  facet normal 0 -1 0
    outer loop
      vertex 80 106.2 5.5
      vertex 92 106.2 6.99
      vertex 80 106.2 6.99
    endloop
  endfacet
  facet normal 0 -1 -0
    outer loop
      vertex 92 106.2 6.99
      vertex 80 106.2 5.5
      vertex 92 106.2 5.5
    endloop
  endfacet
  facet normal 1 -0 0
    outer loop
      vertex 62 106.2 6.99
      vertex 62 107.4 5.5
      vertex 62 107.4 6.99
    endloop
  endfacet
  facet normal 1 0 0
    outer loop
      vertex 62 107.4 5.5
      vertex 62 106.2 6.99
      vertex 62 106.2 5.5
    endloop
  endfacet
  facet normal -0 0 1
    outer loop
      vertex 50 107.4 6.99
      vertex 62 106.2 6.99
      vertex 62 107.4 6.99
    endloop
  endfacet
  facet normal 0 0 1
    outer loop
      vertex 62 106.2 6.99
      vertex 50 107.4 6.99
      vertex 50 106.2 6.99
    endloop
  endfacet
  facet normal -1 0 0
    outer loop
      vertex 50 106.2 5.5
      vertex 50 107.4 6.99
      vertex 50 107.4 5.5
    endloop
  endfacet
  facet normal -1 -0 0
    outer loop
      vertex 50 107.4 6.99
      vertex 50 106.2 5.5
      vertex 50 106.2 6.99
    endloop
  endfacet
  facet normal 0 1 -0
    outer loop
      vertex 62 107.4 5.5
      vertex 50 107.4 6.99
      vertex 62 107.4 6.99
    endloop
  endfacet
  facet normal 0 1 0
    outer loop
      vertex 50 107.4 6.99
      vertex 62 107.4 5.5
      vertex 50 107.4 5.5
    endloop
  endfacet
  facet normal 1 -0 0
    outer loop
      vertex 92 106.2 6.99
      vertex 92 107.4 5.5
      vertex 92 107.4 6.99
    endloop
  endfacet
  facet normal 1 0 0
    outer loop
      vertex 92 107.4 5.5
      vertex 92 106.2 6.99
      vertex 92 106.2 5.5
    endloop
  endfacet
  facet normal -0 0 1
    outer loop
      vertex 80 107.4 6.99
      vertex 92 106.2 6.99
      vertex 92 107.4 6.99
    endloop
  endfacet
  facet normal 0 0 1
    outer loop
      vertex 92 106.2 6.99
      vertex 80 107.4 6.99
      vertex 80 106.2 6.99
    endloop
  endfacet
  facet normal -1 0 0
    outer loop
      vertex 80 106.2 5.5
      vertex 80 107.4 6.99
      vertex 80 107.4 5.5
    endloop
  endfacet
  facet normal -1 -0 0
    outer loop
      vertex 80 107.4 6.99
      vertex 80 106.2 5.5
      vertex 80 106.2 6.99
    endloop
  endfacet
  facet normal 0 1 -0
    outer loop
      vertex 92 107.4 5.5
      vertex 80 107.4 6.99
      vertex 92 107.4 6.99
    endloop
  endfacet
  facet normal 0 1 0
    outer loop
      vertex 80 107.4 6.99
      vertex 92 107.4 5.5
      vertex 80 107.4 5.5
    endloop
  endfacet
  facet normal 1 0 0
    outer loop
      vertex 74.5 112.4 32.5
      vertex 74.5 111.4 32.4
      vertex 74.5 112.4 32.4
    endloop
  endfacet
  facet normal 1 0 0
    outer loop
      vertex 74.5 111.4 32.4
      vertex 74.5 109.4 32.5
      vertex 74.5 111.4 11
    endloop
  endfacet
  facet normal 1 -0 0
    outer loop
      vertex 74.5 109.4 32.5
      vertex 74.5 111.4 32.4
      vertex 74.5 112.4 32.5
    endloop
  endfacet
  facet normal 1 -0 0
    outer loop
      vertex 74.5 111.4 11
      vertex 74.5 112.4 5.5
      vertex 74.5 112.4 11
    endloop
  endfacet
  facet normal 1 0 0
    outer loop
      vertex 74.5 111.4 11
      vertex 74.5 109.4 5.5
      vertex 74.5 112.4 5.5
    endloop
  endfacet
  facet normal 1 0 0
    outer loop
      vertex 74.5 109.4 5.5
      vertex 74.5 111.4 11
      vertex 74.5 109.4 32.5
    endloop
  endfacet
  facet normal 1 -0 0
    outer loop
      vertex 74.5 112.4 32.4
      vertex 74.5 116.2 11
      vertex 74.5 116.2 32.4
    endloop
  endfacet
  facet normal 1 0 0
    outer loop
      vertex 74.5 112.4 32.4
      vertex 74.5 112.4 11
      vertex 74.5 116.2 11
    endloop
  endfacet
  facet normal 1 -0 0
    outer loop
      vertex 74.5 111.4 32.4
      vertex 74.5 112.4 11
      vertex 74.5 112.4 32.4
    endloop
  endfacet
  facet normal 1 0 0
    outer loop
      vertex 74.5 112.4 11
      vertex 74.5 111.4 32.4
      vertex 74.5 111.4 11
    endloop
  endfacet
  facet normal 0 0 1
    outer loop
      vertex 68.75 112.4 32.5
      vertex 67.5 112.4 32.5
      vertex 68.75 110.4 32.5
    endloop
  endfacet
  facet normal 0 0 1
    outer loop
      vertex 73.25 110.4 32.5
      vertex 74.5 112.4 32.5
      vertex 73.25 112.4 32.5
    endloop
  endfacet
  facet normal 0 0 1
    outer loop
      vertex 74.5 112.4 32.5
      vertex 73.25 110.4 32.5
      vertex 74.5 109.4 32.5
    endloop
  endfacet
  facet normal -0 0 1
    outer loop
      vertex 68.75 110.4 32.5
      vertex 74.5 109.4 32.5
      vertex 73.25 110.4 32.5
    endloop
  endfacet
  facet normal 0 0 1
    outer loop
      vertex 68.75 110.4 32.5
      vertex 67.5 109.4 32.5
      vertex 74.5 109.4 32.5
    endloop
  endfacet
  facet normal 0 0 1
    outer loop
      vertex 67.5 109.4 32.5
      vertex 68.75 110.4 32.5
      vertex 67.5 112.4 32.5
    endloop
  endfacet
  facet normal 0 0 -1
    outer loop
      vertex 74.5 109.4 5.5
      vertex 73.25 110.4 5.5
      vertex 74.5 112.4 5.5
    endloop
  endfacet
  facet normal 0 0 -1
    outer loop
      vertex 74.5 109.4 5.5
      vertex 68.75 110.4 5.5
      vertex 73.25 110.4 5.5
    endloop
  endfacet
  facet normal 0 0 -1
    outer loop
      vertex 67.5 109.4 5.5
      vertex 68.75 110.4 5.5
      vertex 74.5 109.4 5.5
    endloop
  endfacet
  facet normal 0 0 -1
    outer loop
      vertex 67.5 112.4 5.5
      vertex 68.75 110.4 5.5
      vertex 67.5 109.4 5.5
    endloop
  endfacet
  facet normal 0 0 -1
    outer loop
      vertex 68.75 110.4 5.5
      vertex 67.5 112.4 5.5
      vertex 68.75 112.4 5.5
    endloop
  endfacet
  facet normal -0 0 -1
    outer loop
      vertex 74.5 112.4 5.5
      vertex 73.25 110.4 5.5
      vertex 73.25 112.4 5.5
    endloop
  endfacet
  facet normal -1 0 0
    outer loop
      vertex 67.5 112.4 5.5
      vertex 67.5 111.4 11
      vertex 67.5 112.4 11
    endloop
  endfacet
  facet normal -1 0 0
    outer loop
      vertex 67.5 109.4 32.5
      vertex 67.5 111.4 11
      vertex 67.5 109.4 5.5
    endloop
  endfacet
  facet normal -1 0 0
    outer loop
      vertex 67.5 109.4 5.5
      vertex 67.5 111.4 11
      vertex 67.5 112.4 5.5
    endloop
  endfacet
  facet normal -1 0 0
    outer loop
      vertex 67.5 111.4 32.4
      vertex 67.5 112.4 32.5
      vertex 67.5 112.4 32.4
    endloop
  endfacet
  facet normal -1 0 0
    outer loop
      vertex 67.5 111.4 32.4
      vertex 67.5 109.4 32.5
      vertex 67.5 112.4 32.5
    endloop
  endfacet
  facet normal -1 0 0
    outer loop
      vertex 67.5 111.4 11
      vertex 67.5 109.4 32.5
      vertex 67.5 111.4 32.4
    endloop
  endfacet
  facet normal -1 0 0
    outer loop
      vertex 67.5 112.4 11
      vertex 67.5 116.2 32.4
      vertex 67.5 116.2 11
    endloop
  endfacet
  facet normal -1 0 0
    outer loop
      vertex 67.5 112.4 11
      vertex 67.5 112.4 32.4
      vertex 67.5 116.2 32.4
    endloop
  endfacet
  facet normal -1 0 0
    outer loop
      vertex 67.5 111.4 11
      vertex 67.5 112.4 32.4
      vertex 67.5 112.4 11
    endloop
  endfacet
  facet normal -1 -0 0
    outer loop
      vertex 67.5 112.4 32.4
      vertex 67.5 111.4 11
      vertex 67.5 111.4 32.4
    endloop
  endfacet
  facet normal 0 -1 0
    outer loop
      vertex 67.5 109.4 5.5
      vertex 74.5 109.4 32.5
      vertex 67.5 109.4 32.5
    endloop
  endfacet
  facet normal 0 -1 -0
    outer loop
      vertex 74.5 109.4 32.5
      vertex 67.5 109.4 5.5
      vertex 74.5 109.4 5.5
    endloop
  endfacet
  facet normal -1 0 0
    outer loop
      vertex 73.25 110.4 5.5
      vertex 73.25 112.4 32.5
      vertex 73.25 112.4 5.5
    endloop
  endfacet
  facet normal -1 -0 0
    outer loop
      vertex 73.25 112.4 32.5
      vertex 73.25 110.4 5.5
      vertex 73.25 110.4 32.5
    endloop
  endfacet
  facet normal 1 -0 0
    outer loop
      vertex 68.75 110.4 32.5
      vertex 68.75 112.4 5.5
      vertex 68.75 112.4 32.5
    endloop
  endfacet
  facet normal 1 0 0
    outer loop
      vertex 68.75 112.4 5.5
      vertex 68.75 110.4 32.5
      vertex 68.75 110.4 5.5
    endloop
  endfacet
  facet normal 0 1 -0
    outer loop
      vertex 73.25 110.4 5.5
      vertex 68.75 110.4 32.5
      vertex 73.25 110.4 32.5
    endloop
  endfacet
  facet normal 0 1 0
    outer loop
      vertex 68.75 110.4 32.5
      vertex 73.25 110.4 5.5
      vertex 68.75 110.4 5.5
    endloop
  endfacet
  facet normal -0.94704 -0.321115 0
    outer loop
      vertex 3.30448 106.469 0
      vertex 3.1363 106.965 3
      vertex 3.1363 106.965 0
    endloop
  endfacet
  facet normal -0.94704 -0.321115 0
    outer loop
      vertex 3.1363 106.965 3
      vertex 3.30448 106.469 0
      vertex 3.30448 106.469 3
    endloop
  endfacet
  facet normal 1 -0 0
    outer loop
      vertex 151 108 3
      vertex 151 192 0
      vertex 151 192 3
    endloop
  endfacet
  facet normal 1 0 0
    outer loop
      vertex 151 192 0
      vertex 151 108 3
      vertex 151 108 0
    endloop
  endfacet
  facet normal 0 1 -0
    outer loop
      vertex 147 196 0
      vertex 7 196 3
      vertex 147 196 3
    endloop
  endfacet
  facet normal 0 1 0
    outer loop
      vertex 7 196 3
      vertex 147 196 0
      vertex 7 196 0
    endloop
  endfacet
  facet normal 0.0649964 -0.997886 0
    outer loop
      vertex 147 104 0
      vertex 147.522 104.034 3
      vertex 147 104 3
    endloop
  endfacet
  facet normal 0.0649964 -0.997886 0
    outer loop
      vertex 147.522 104.034 3
      vertex 147 104 0
      vertex 147.522 104.034 0
    endloop
  endfacet
  facet normal 0.980801 0.195013 0
    outer loop
      vertex 150.966 192.522 3
      vertex 150.864 193.035 0
      vertex 150.864 193.035 3
    endloop
  endfacet
  facet normal 0.980801 0.195013 0
    outer loop
      vertex 150.864 193.035 0
      vertex 150.966 192.522 3
      vertex 150.966 192.522 0
    endloop
  endfacet
  facet normal -0.0649827 -0.997886 0
    outer loop
      vertex 6.47789 104.034 0
      vertex 7 104 3
      vertex 6.47789 104.034 3
    endloop
  endfacet
  facet normal -0.0649827 -0.997886 -0
    outer loop
      vertex 7 104 3
      vertex 6.47789 104.034 0
      vertex 7 104 0
    endloop
  endfacet
  facet normal 0.659722 0.75151 -0
    outer loop
      vertex 149.828 194.828 0
      vertex 149.435 195.173 3
      vertex 149.828 194.828 3
    endloop
  endfacet
  facet normal 0.659722 0.75151 0
    outer loop
      vertex 149.435 195.173 3
      vertex 149.828 194.828 0
      vertex 149.435 195.173 0
    endloop
  endfacet
  facet normal 0.443387 -0.89633 0
    outer loop
      vertex 148.531 104.304 0
      vertex 149 104.536 3
      vertex 148.531 104.304 3
    endloop
  endfacet
  facet normal 0.443387 -0.89633 0
    outer loop
      vertex 149 104.536 3
      vertex 148.531 104.304 0
      vertex 149 104.536 0
    endloop
  endfacet
  facet normal 0.320807 -0.947145 0
    outer loop
      vertex 148.035 104.136 0
      vertex 148.531 104.304 3
      vertex 148.035 104.136 3
    endloop
  endfacet
  facet normal 0.320807 -0.947145 0
    outer loop
      vertex 148.531 104.304 3
      vertex 148.035 104.136 0
      vertex 148.531 104.304 0
    endloop
  endfacet
  facet normal 0.75151 0.659722 0
    outer loop
      vertex 150.173 194.435 3
      vertex 149.828 194.828 0
      vertex 149.828 194.828 3
    endloop
  endfacet
  facet normal 0.75151 0.659722 0
    outer loop
      vertex 149.828 194.828 0
      vertex 150.173 194.435 3
      vertex 150.173 194.435 0
    endloop
  endfacet
  facet normal 0.195013 -0.980801 0
    outer loop
      vertex 147.522 104.034 0
      vertex 148.035 104.136 3
      vertex 147.522 104.034 3
    endloop
  endfacet
  facet normal 0.195013 -0.980801 0
    outer loop
      vertex 148.035 104.136 3
      vertex 147.522 104.034 0
      vertex 148.035 104.136 0
    endloop
  endfacet
  facet normal -0.321126 0.947036 0
    outer loop
      vertex 5.96472 195.864 0
      vertex 5.46927 195.696 3
      vertex 5.96472 195.864 3
    endloop
  endfacet
  facet normal -0.321126 0.947036 0
    outer loop
      vertex 5.46927 195.696 3
      vertex 5.96472 195.864 0
      vertex 5.46927 195.696 0
    endloop
  endfacet
  facet normal -0.555978 0.831197 0
    outer loop
      vertex 5 195.464 0
      vertex 4.56495 195.173 3
      vertex 5 195.464 3
    endloop
  endfacet
  facet normal -0.555978 0.831197 0
    outer loop
      vertex 4.56495 195.173 3
      vertex 5 195.464 0
      vertex 4.56495 195.173 0
    endloop
  endfacet
  facet normal -1 0 0
    outer loop
      vertex 3 108 0
      vertex 3 192 3
      vertex 3 192 0
    endloop
  endfacet
  facet normal -1 -0 0
    outer loop
      vertex 3 192 3
      vertex 3 108 0
      vertex 3 108 3
    endloop
  endfacet
  facet normal -0.89677 -0.442496 0
    outer loop
      vertex 3.5359 106 0
      vertex 3.30448 106.469 3
      vertex 3.30448 106.469 0
    endloop
  endfacet
  facet normal -0.89677 -0.442496 0
    outer loop
      vertex 3.30448 106.469 3
      vertex 3.5359 106 0
      vertex 3.5359 106 3
    endloop
  endfacet
  facet normal 0 -1 0
    outer loop
      vertex 7 104 0
      vertex 147 104 3
      vertex 7 104 3
    endloop
  endfacet
  facet normal 0 -1 -0
    outer loop
      vertex 147 104 3
      vertex 7 104 0
      vertex 147 104 0
    endloop
  endfacet
  facet normal 0.443387 0.89633 -0
    outer loop
      vertex 149 195.464 0
      vertex 148.531 195.696 3
      vertex 149 195.464 3
    endloop
  endfacet
  facet normal 0.443387 0.89633 0
    outer loop
      vertex 148.531 195.696 3
      vertex 149 195.464 0
      vertex 148.531 195.696 0
    endloop
  endfacet
  facet normal 0.0649964 0.997886 -0
    outer loop
      vertex 147.522 195.966 0
      vertex 147 196 3
      vertex 147.522 195.966 3
    endloop
  endfacet
  facet normal 0.0649964 0.997886 0
    outer loop
      vertex 147 196 3
      vertex 147.522 195.966 0
      vertex 147 196 0
    endloop
  endfacet
  facet normal -0.443182 0.896432 0
    outer loop
      vertex 5.46927 195.696 0
      vertex 5 195.464 3
      vertex 5.46927 195.696 3
    endloop
  endfacet
  facet normal -0.443182 0.896432 0
    outer loop
      vertex 5 195.464 3
      vertex 5.46927 195.696 0
      vertex 5 195.464 0
    endloop
  endfacet
  facet normal 0.980801 -0.195013 0
    outer loop
      vertex 150.864 106.965 3
      vertex 150.966 107.478 0
      vertex 150.966 107.478 3
    endloop
  endfacet
  facet normal 0.980801 -0.195013 0
    outer loop
      vertex 150.966 107.478 0
      vertex 150.864 106.965 3
      vertex 150.864 106.965 0
    endloop
  endfacet
  facet normal -0.0649827 0.997886 0
    outer loop
      vertex 7 196 0
      vertex 6.47789 195.966 3
      vertex 7 196 3
    endloop
  endfacet
  facet normal -0.0649827 0.997886 0
    outer loop
      vertex 6.47789 195.966 3
      vertex 7 196 0
      vertex 6.47789 195.966 0
    endloop
  endfacet
  facet normal -0.980771 0.19516 0
    outer loop
      vertex 3.03422 192.522 0
      vertex 3.1363 193.035 3
      vertex 3.1363 193.035 0
    endloop
  endfacet
  facet normal -0.980771 0.19516 0
    outer loop
      vertex 3.1363 193.035 3
      vertex 3.03422 192.522 0
      vertex 3.03422 192.522 3
    endloop
  endfacet
  facet normal 0.556022 0.831167 -0
    outer loop
      vertex 149.435 195.173 0
      vertex 149 195.464 3
      vertex 149.435 195.173 3
    endloop
  endfacet
  facet normal 0.556022 0.831167 0
    outer loop
      vertex 149 195.464 3
      vertex 149.435 195.173 0
      vertex 149 195.464 0
    endloop
  endfacet
  facet normal -0.831441 -0.555613 0
    outer loop
      vertex 3.82659 105.565 0
      vertex 3.5359 106 3
      vertex 3.5359 106 0
    endloop
  endfacet
  facet normal -0.831441 -0.555613 0
    outer loop
      vertex 3.5359 106 3
      vertex 3.82659 105.565 0
      vertex 3.82659 105.565 3
    endloop
  endfacet
  facet normal 0.89633 0.443387 0
    outer loop
      vertex 150.696 193.531 3
      vertex 150.464 194 0
      vertex 150.464 194 3
    endloop
  endfacet
  facet normal 0.89633 0.443387 0
    outer loop
      vertex 150.464 194 0
      vertex 150.696 193.531 3
      vertex 150.696 193.531 0
    endloop
  endfacet
  facet normal -0.194951 0.980813 0
    outer loop
      vertex 6.47789 195.966 0
      vertex 5.96472 195.864 3
      vertex 6.47789 195.966 3
    endloop
  endfacet
  facet normal -0.194951 0.980813 0
    outer loop
      vertex 5.96472 195.864 3
      vertex 6.47789 195.966 0
      vertex 5.96472 195.864 0
    endloop
  endfacet
  facet normal -0.555978 -0.831197 0
    outer loop
      vertex 4.56495 104.827 0
      vertex 5 104.536 3
      vertex 4.56495 104.827 3
    endloop
  endfacet
  facet normal -0.555978 -0.831197 -0
    outer loop
      vertex 5 104.536 3
      vertex 4.56495 104.827 0
      vertex 5 104.536 0
    endloop
  endfacet
  facet normal 0.320807 0.947145 -0
    outer loop
      vertex 148.531 195.696 0
      vertex 148.035 195.864 3
      vertex 148.531 195.696 3
    endloop
  endfacet
  facet normal 0.320807 0.947145 0
    outer loop
      vertex 148.035 195.864 3
      vertex 148.531 195.696 0
      vertex 148.035 195.864 0
    endloop
  endfacet
  facet normal 0.997886 0.0649964 0
    outer loop
      vertex 151 192 3
      vertex 150.966 192.522 0
      vertex 150.966 192.522 3
    endloop
  endfacet
  facet normal 0.997886 0.0649964 0
    outer loop
      vertex 150.966 192.522 0
      vertex 151 192 3
      vertex 151 192 0
    endloop
  endfacet
  facet normal -0.980771 -0.19516 0
    outer loop
      vertex 3.1363 106.965 0
      vertex 3.03422 107.478 3
      vertex 3.03422 107.478 0
    endloop
  endfacet
  facet normal -0.980771 -0.19516 0
    outer loop
      vertex 3.03422 107.478 3
      vertex 3.1363 106.965 0
      vertex 3.1363 106.965 3
    endloop
  endfacet
  facet normal -0.659362 -0.751826 0
    outer loop
      vertex 4.17157 105.172 0
      vertex 4.56495 104.827 3
      vertex 4.17157 105.172 3
    endloop
  endfacet
  facet normal -0.659362 -0.751826 -0
    outer loop
      vertex 4.56495 104.827 3
      vertex 4.17157 105.172 0
      vertex 4.56495 104.827 0
    endloop
  endfacet
  facet normal -0.443182 -0.896432 0
    outer loop
      vertex 5 104.536 0
      vertex 5.46927 104.304 3
      vertex 5 104.536 3
    endloop
  endfacet
  facet normal -0.443182 -0.896432 -0
    outer loop
      vertex 5.46927 104.304 3
      vertex 5 104.536 0
      vertex 5.46927 104.304 0
    endloop
  endfacet
  facet normal -0.751529 0.659701 0
    outer loop
      vertex 3.82659 194.435 0
      vertex 4.17157 194.828 3
      vertex 4.17157 194.828 0
    endloop
  endfacet
  facet normal -0.751529 0.659701 0
    outer loop
      vertex 4.17157 194.828 3
      vertex 3.82659 194.435 0
      vertex 3.82659 194.435 3
    endloop
  endfacet
  facet normal -0.997858 -0.0654151 0
    outer loop
      vertex 3.03422 107.478 0
      vertex 3 108 3
      vertex 3 108 0
    endloop
  endfacet
  facet normal -0.997858 -0.0654151 0
    outer loop
      vertex 3 108 3
      vertex 3.03422 107.478 0
      vertex 3.03422 107.478 3
    endloop
  endfacet
  facet normal 0.659722 -0.75151 0
    outer loop
      vertex 149.435 104.827 0
      vertex 149.828 105.172 3
      vertex 149.435 104.827 3
    endloop
  endfacet
  facet normal 0.659722 -0.75151 0
    outer loop
      vertex 149.828 105.172 3
      vertex 149.435 104.827 0
      vertex 149.828 105.172 0
    endloop
  endfacet
  facet normal 0.195013 0.980801 -0
    outer loop
      vertex 148.035 195.864 0
      vertex 147.522 195.966 3
      vertex 148.035 195.864 3
    endloop
  endfacet
  facet normal 0.195013 0.980801 0
    outer loop
      vertex 147.522 195.966 3
      vertex 148.035 195.864 0
      vertex 147.522 195.966 0
    endloop
  endfacet
  facet normal 0.831167 0.556022 0
    outer loop
      vertex 150.464 194 3
      vertex 150.173 194.435 0
      vertex 150.173 194.435 3
    endloop
  endfacet
  facet normal 0.831167 0.556022 0
    outer loop
      vertex 150.173 194.435 0
      vertex 150.464 194 3
      vertex 150.464 194 0
    endloop
  endfacet
  facet normal 0 0 1
    outer loop
      vertex 20.165 115.227 3
      vertex 11.1812 110.287 3
      vertex 11.2 110 3
    endloop
  endfacet
  facet normal 0 0 1
    outer loop
      vertex 18.6342 118.922 3
      vertex 11.125 110.569 3
      vertex 11.1812 110.287 3
    endloop
  endfacet
  facet normal 0 0 1
    outer loop
      vertex 18.6342 118.922 3
      vertex 11.0325 110.842 3
      vertex 11.125 110.569 3
    endloop
  endfacet
  facet normal 0 0 1
    outer loop
      vertex 18.6342 118.922 3
      vertex 10.9053 111.1 3
      vertex 11.0325 110.842 3
    endloop
  endfacet
  facet normal 0 0 1
    outer loop
      vertex 18.6342 118.922 3
      vertex 10.7454 111.339 3
      vertex 10.9053 111.1 3
    endloop
  endfacet
  facet normal 0 0 1
    outer loop
      vertex 18.6342 118.922 3
      vertex 10.5556 111.556 3
      vertex 10.7454 111.339 3
    endloop
  endfacet
  facet normal 0 0 1
    outer loop
      vertex 18.6342 118.922 3
      vertex 10.3393 111.745 3
      vertex 10.5556 111.556 3
    endloop
  endfacet
  facet normal 0 0 1
    outer loop
      vertex 18.6342 118.922 3
      vertex 10.1 111.905 3
      vertex 10.3393 111.745 3
    endloop
  endfacet
  facet normal 0 0 1
    outer loop
      vertex 18.6342 118.922 3
      vertex 9.8419 112.033 3
      vertex 10.1 111.905 3
    endloop
  endfacet
  facet normal 0 -0 1
    outer loop
      vertex 9.5694 112.125 3
      vertex 18.6342 118.922 3
      vertex 9 125 3
    endloop
  endfacet
  facet normal 0 0 1
    outer loop
      vertex 18.6342 118.922 3
      vertex 9.5694 112.125 3
      vertex 9.8419 112.033 3
    endloop
  endfacet
  facet normal 0 0 1
    outer loop
      vertex 9.5694 112.125 3
      vertex 9 125 3
      vertex 9.28716 112.181 3
    endloop
  endfacet
  facet normal 0 0 1
    outer loop
      vertex 9.28716 112.181 3
      vertex 9 125 3
      vertex 9 112.2 3
    endloop
  endfacet
  facet normal -0 0 1
    outer loop
      vertex 9 130.25 3
      vertex 17 125.75 3
      vertex 17 130.25 3
    endloop
  endfacet
  facet normal 0 0 1
    outer loop
      vertex 17 125.75 3
      vertex 9 130.25 3
      vertex 9 125.75 3
    endloop
  endfacet
  facet normal 0 0 1
    outer loop
      vertex 25.1 132 3
      vertex 25.035 121.573 3
      vertex 25.1 121.516 3
    endloop
  endfacet
  facet normal 0 0 1
    outer loop
      vertex 25.1 132 3
      vertex 24.6 121.864 3
      vertex 25.035 121.573 3
    endloop
  endfacet
  facet normal 0 0 1
    outer loop
      vertex 25.1 132 3
      vertex 24.1307 122.096 3
      vertex 24.6 121.864 3
    endloop
  endfacet
  facet normal 0 0 1
    outer loop
      vertex 25.1 132 3
      vertex 23.6353 122.264 3
      vertex 24.1307 122.096 3
    endloop
  endfacet
  facet normal 0 0 1
    outer loop
      vertex 25.1 132 3
      vertex 23.1221 122.366 3
      vertex 23.6353 122.264 3
    endloop
  endfacet
  facet normal 0 0 1
    outer loop
      vertex 25.1 132 3
      vertex 22.6 122.4 3
      vertex 23.1221 122.366 3
    endloop
  endfacet
  facet normal 0 0 1
    outer loop
      vertex 25.1 132 3
      vertex 22.0779 122.366 3
      vertex 22.6 122.4 3
    endloop
  endfacet
  facet normal -0 0 1
    outer loop
      vertex 17 125.75 3
      vertex 22.0779 122.366 3
      vertex 25.1 132 3
    endloop
  endfacet
  facet normal 0 0 1
    outer loop
      vertex 22.0779 122.366 3
      vertex 17 125.75 3
      vertex 21.5647 122.264 3
    endloop
  endfacet
  facet normal -0 0 1
    outer loop
      vertex 17 125 3
      vertex 21.5647 122.264 3
      vertex 17 125.75 3
    endloop
  endfacet
  facet normal 0 0 1
    outer loop
      vertex 21.5647 122.264 3
      vertex 17 125 3
      vertex 21.0693 122.096 3
    endloop
  endfacet
  facet normal 0 0 1
    outer loop
      vertex 21.0693 122.096 3
      vertex 17 125 3
      vertex 20.6 121.864 3
    endloop
  endfacet
  facet normal 0 0 1
    outer loop
      vertex 20.6 121.864 3
      vertex 17 125 3
      vertex 20.165 121.573 3
    endloop
  endfacet
  facet normal 0 0 1
    outer loop
      vertex 20.165 121.573 3
      vertex 17 125 3
      vertex 19.7716 121.228 3
    endloop
  endfacet
  facet normal 0 0 1
    outer loop
      vertex 19.1359 120.4 3
      vertex 17 125 3
      vertex 18.9045 119.931 3
    endloop
  endfacet
  facet normal 0 0 1
    outer loop
      vertex 19.4266 120.835 3
      vertex 17 125 3
      vertex 19.1359 120.4 3
    endloop
  endfacet
  facet normal 0 0 1
    outer loop
      vertex 19.7716 121.228 3
      vertex 17 125 3
      vertex 19.4266 120.835 3
    endloop
  endfacet
  facet normal 0 0 1
    outer loop
      vertex 17 125.75 3
      vertex 25.1 132 3
      vertex 17 130.25 3
    endloop
  endfacet
  facet normal 0 0 1
    outer loop
      vertex 17 130.25 3
      vertex 25.1 132 3
      vertex 17 131 3
    endloop
  endfacet
  facet normal -0 0 1
    outer loop
      vertex 7 132 3
      vertex 17 131 3
      vertex 25.1 132 3
    endloop
  endfacet
  facet normal 0 0 1
    outer loop
      vertex 7 132 3
      vertex 9 130.25 3
      vertex 9 131 3
    endloop
  endfacet
  facet normal 0 0 1
    outer loop
      vertex 6.48236 132.068 3
      vertex 9 130.25 3
      vertex 6.73895 132.017 3
    endloop
  endfacet
  facet normal 0 0 1
    outer loop
      vertex 9 130.25 3
      vertex 6.48236 132.068 3
      vertex 9 125.75 3
    endloop
  endfacet
  facet normal 0 0 1
    outer loop
      vertex 9 125 3
      vertex 8.71284 112.181 3
      vertex 9 112.2 3
    endloop
  endfacet
  facet normal 0 0 1
    outer loop
      vertex 9 125 3
      vertex 8.4306 112.125 3
      vertex 8.71284 112.181 3
    endloop
  endfacet
  facet normal 0 0 1
    outer loop
      vertex 9 125 3
      vertex 8.1581 112.033 3
      vertex 8.4306 112.125 3
    endloop
  endfacet
  facet normal 0 0 1
    outer loop
      vertex 6 132.268 3
      vertex 9 125.75 3
      vertex 6.23463 132.152 3
    endloop
  endfacet
  facet normal 0 0 1
    outer loop
      vertex 9 125 3
      vertex 7.9 111.905 3
      vertex 8.1581 112.033 3
    endloop
  endfacet
  facet normal 0 0 1
    outer loop
      vertex 5.78248 132.413 3
      vertex 9 125.75 3
      vertex 6 132.268 3
    endloop
  endfacet
  facet normal 0 0 1
    outer loop
      vertex 9 125 3
      vertex 7.66072 111.745 3
      vertex 7.9 111.905 3
    endloop
  endfacet
  facet normal 0 0 1
    outer loop
      vertex 9 125.75 3
      vertex 5.78248 132.413 3
      vertex 9 125 3
    endloop
  endfacet
  facet normal 0 0 1
    outer loop
      vertex 17 131 3
      vertex 7 132 3
      vertex 9 131 3
    endloop
  endfacet
  facet normal 0 0 1
    outer loop
      vertex 9 130.25 3
      vertex 7 132 3
      vertex 6.73895 132.017 3
    endloop
  endfacet
  facet normal 0 0 1
    outer loop
      vertex 6.23463 132.152 3
      vertex 9 125.75 3
      vertex 6.48236 132.068 3
    endloop
  endfacet
  facet normal 0 0 1
    outer loop
      vertex 9 125 3
      vertex 7.44436 111.556 3
      vertex 7.66072 111.745 3
    endloop
  endfacet
  facet normal 0 0 1
    outer loop
      vertex 5.58579 132.586 3
      vertex 9 125 3
      vertex 5.78248 132.413 3
    endloop
  endfacet
  facet normal 0 0 1
    outer loop
      vertex 9 125 3
      vertex 7.25462 111.339 3
      vertex 7.44436 111.556 3
    endloop
  endfacet
  facet normal 0 0 1
    outer loop
      vertex 5.41329 132.782 3
      vertex 9 125 3
      vertex 5.58579 132.586 3
    endloop
  endfacet
  facet normal 0 0 1
    outer loop
      vertex 25.1 115.284 3
      vertex 25.035 115.227 3
      vertex 25.1 112.4 3
    endloop
  endfacet
  facet normal 0 0 1
    outer loop
      vertex 41.5 112.4 3
      vertex 25.1 112.4 3
      vertex 41.5 106.2 3
    endloop
  endfacet
  facet normal 0 0 1
    outer loop
      vertex 75.5 112.4 3
      vertex 66.5 112.4 3
      vertex 75.5 106.2 3
    endloop
  endfacet
  facet normal 0 0 1
    outer loop
      vertex 128.965 184.773 3
      vertex 128.9 187.6 3
      vertex 128.9 184.716 3
    endloop
  endfacet
  facet normal -0 0 1
    outer loop
      vertex 25.035 178.427 3
      vertex 25.1 164 3
      vertex 25.1 178.484 3
    endloop
  endfacet
  facet normal -0 0 1
    outer loop
      vertex 24.6 178.136 3
      vertex 25.1 164 3
      vertex 25.035 178.427 3
    endloop
  endfacet
  facet normal -0 0 1
    outer loop
      vertex 24.1307 177.904 3
      vertex 25.1 164 3
      vertex 24.6 178.136 3
    endloop
  endfacet
  facet normal -0 0 1
    outer loop
      vertex 23.6353 177.736 3
      vertex 25.1 164 3
      vertex 24.1307 177.904 3
    endloop
  endfacet
  facet normal -0 0 1
    outer loop
      vertex 23.1221 177.634 3
      vertex 25.1 164 3
      vertex 23.6353 177.736 3
    endloop
  endfacet
  facet normal 0 0 1
    outer loop
      vertex 17 171 3
      vertex 23.1221 177.634 3
      vertex 22.6 177.6 3
    endloop
  endfacet
  facet normal 0 0 1
    outer loop
      vertex 17 171 3
      vertex 22.6 177.6 3
      vertex 22.0779 177.634 3
    endloop
  endfacet
  facet normal 0 0 1
    outer loop
      vertex 17 171 3
      vertex 22.0779 177.634 3
      vertex 21.5647 177.736 3
    endloop
  endfacet
  facet normal 0 0 1
    outer loop
      vertex 17 171 3
      vertex 21.5647 177.736 3
      vertex 21.0693 177.904 3
    endloop
  endfacet
  facet normal 0 0 1
    outer loop
      vertex 17 171 3
      vertex 21.0693 177.904 3
      vertex 20.6 178.136 3
    endloop
  endfacet
  facet normal 0 0 1
    outer loop
      vertex 17 171 3
      vertex 20.6 178.136 3
      vertex 20.165 178.427 3
    endloop
  endfacet
  facet normal 0 0 1
    outer loop
      vertex 17 171 3
      vertex 20.165 178.427 3
      vertex 19.7716 178.772 3
    endloop
  endfacet
  facet normal 0 0 1
    outer loop
      vertex 17 171 3
      vertex 19.7716 178.772 3
      vertex 19.4266 179.165 3
    endloop
  endfacet
  facet normal 0 0 1
    outer loop
      vertex 17 171 3
      vertex 19.4266 179.165 3
      vertex 19.1359 179.6 3
    endloop
  endfacet
  facet normal 0 0 1
    outer loop
      vertex 9 171 3
      vertex 19.1359 179.6 3
      vertex 18.9045 180.069 3
    endloop
  endfacet
  facet normal 0 0 1
    outer loop
      vertex 11.2872 186.819 3
      vertex 18.6342 181.078 3
      vertex 18.6 181.6 3
    endloop
  endfacet
  facet normal 0 0 1
    outer loop
      vertex 9 171 3
      vertex 18.7363 180.565 3
      vertex 18.6342 181.078 3
    endloop
  endfacet
  facet normal 0 0 1
    outer loop
      vertex 9 171 3
      vertex 18.9045 180.069 3
      vertex 18.7363 180.565 3
    endloop
  endfacet
  facet normal 0 0 1
    outer loop
      vertex 23.1221 177.634 3
      vertex 17 171 3
      vertex 25.1 164 3
    endloop
  endfacet
  facet normal -0 0 1
    outer loop
      vertex 17 170.25 3
      vertex 25.1 164 3
      vertex 17 171 3
    endloop
  endfacet
  facet normal -0 0 1
    outer loop
      vertex 17 165.75 3
      vertex 25.1 164 3
      vertex 17 170.25 3
    endloop
  endfacet
  facet normal -0 0 1
    outer loop
      vertex 17 165 3
      vertex 25.1 164 3
      vertex 17 165.75 3
    endloop
  endfacet
  facet normal 0 0 1
    outer loop
      vertex 7 164 3
      vertex 17 165 3
      vertex 9 165 3
    endloop
  endfacet
  facet normal 0 0 1
    outer loop
      vertex 9.25462 187.661 3
      vertex 3 192 3
      vertex 9 171 3
    endloop
  endfacet
  facet normal 0 0 1
    outer loop
      vertex 3 192 3
      vertex 8.87496 188.431 3
      vertex 8.81882 188.713 3
    endloop
  endfacet
  facet normal 0 0 1
    outer loop
      vertex 3 192 3
      vertex 8.81882 188.713 3
      vertex 8.8 189 3
    endloop
  endfacet
  facet normal -0 0 1
    outer loop
      vertex 4.17157 194.828 3
      vertex 9.25462 190.339 3
      vertex 4.56495 195.173 3
    endloop
  endfacet
  facet normal 0 0 1
    outer loop
      vertex 17 165 3
      vertex 7 164 3
      vertex 25.1 164 3
    endloop
  endfacet
  facet normal 0 -0 1
    outer loop
      vertex 5.41329 163.218 3
      vertex 9 171 3
      vertex 3 192 3
    endloop
  endfacet
  facet normal 0 -0 1
    outer loop
      vertex 6.73895 163.983 3
      vertex 9 171 3
      vertex 6.48236 163.932 3
    endloop
  endfacet
  facet normal 0 0 1
    outer loop
      vertex 9 165 3
      vertex 6.73895 163.983 3
      vertex 7 164 3
    endloop
  endfacet
  facet normal -0 0 1
    outer loop
      vertex 3.82659 194.435 3
      vertex 9.25462 190.339 3
      vertex 4.17157 194.828 3
    endloop
  endfacet
  facet normal 0 0 1
    outer loop
      vertex 9 171 3
      vertex 6.73895 163.983 3
      vertex 9 165 3
    endloop
  endfacet
  facet normal 0 0 1
    outer loop
      vertex 9 171 3
      vertex 6.23463 163.848 3
      vertex 6.48236 163.932 3
    endloop
  endfacet
  facet normal -0 0 1
    outer loop
      vertex 3.5359 194 3
      vertex 9.25462 190.339 3
      vertex 3.82659 194.435 3
    endloop
  endfacet
  facet normal 0 0 1
    outer loop
      vertex 9 171 3
      vertex 6 163.732 3
      vertex 6.23463 163.848 3
    endloop
  endfacet
  facet normal 0 0 1
    outer loop
      vertex 9 171 3
      vertex 5.78248 163.587 3
      vertex 6 163.732 3
    endloop
  endfacet
  facet normal -0 0 1
    outer loop
      vertex 3.30448 193.531 3
      vertex 9.25462 190.339 3
      vertex 3.5359 194 3
    endloop
  endfacet
  facet normal 0 0 1
    outer loop
      vertex 9 171 3
      vertex 5.58579 163.414 3
      vertex 5.78248 163.587 3
    endloop
  endfacet
  facet normal 0 0 1
    outer loop
      vertex 9 171 3
      vertex 5.41329 163.218 3
      vertex 5.58579 163.414 3
    endloop
  endfacet
  facet normal 0 0 1
    outer loop
      vertex 5.41329 163.218 3
      vertex 3 192 3
      vertex 5.26795 163 3
    endloop
  endfacet
  facet normal 0 0 1
    outer loop
      vertex 5.26795 163 3
      vertex 3 192 3
      vertex 5.15224 162.765 3
    endloop
  endfacet
  facet normal 0 0 1
    outer loop
      vertex 5.15224 162.765 3
      vertex 3 192 3
      vertex 5.06815 162.518 3
    endloop
  endfacet
  facet normal -0 0 1
    outer loop
      vertex 3.1363 193.035 3
      vertex 9.25462 190.339 3
      vertex 3.30448 193.531 3
    endloop
  endfacet
  facet normal 0 0 1
    outer loop
      vertex 5.06815 162.518 3
      vertex 3 192 3
      vertex 5.01711 162.261 3
    endloop
  endfacet
  facet normal 0 0 1
    outer loop
      vertex 5.01711 162.261 3
      vertex 3 192 3
      vertex 5 162 3
    endloop
  endfacet
  facet normal 0 0 1
    outer loop
      vertex 3 108 3
      vertex 5 162 3
      vertex 3 192 3
    endloop
  endfacet
  facet normal 0 0 1
    outer loop
      vertex 9.25462 190.339 3
      vertex 3.1363 193.035 3
      vertex 9.09474 190.1 3
    endloop
  endfacet
  facet normal 0 0 1
    outer loop
      vertex 5 162 3
      vertex 3 108 3
      vertex 5 134 3
    endloop
  endfacet
  facet normal -0 0 1
    outer loop
      vertex 3.03422 192.522 3
      vertex 9.09474 190.1 3
      vertex 3.1363 193.035 3
    endloop
  endfacet
  facet normal 0 0 1
    outer loop
      vertex 5 134 3
      vertex 3 108 3
      vertex 5 104.536 3
    endloop
  endfacet
  facet normal -0 0 1
    outer loop
      vertex 3 192 3
      vertex 9.09474 190.1 3
      vertex 3.03422 192.522 3
    endloop
  endfacet
  facet normal 0 0 1
    outer loop
      vertex 5 104.536 3
      vertex 3 108 3
      vertex 4.56495 104.827 3
    endloop
  endfacet
  facet normal 0 0 1
    outer loop
      vertex 9.09474 190.1 3
      vertex 3 192 3
      vertex 8.96746 189.842 3
    endloop
  endfacet
  facet normal 0 0 1
    outer loop
      vertex 4.56495 104.827 3
      vertex 3 108 3
      vertex 4.17157 105.172 3
    endloop
  endfacet
  facet normal 0 0 1
    outer loop
      vertex 8.96746 189.842 3
      vertex 3 192 3
      vertex 8.87496 189.569 3
    endloop
  endfacet
  facet normal 0 0 1
    outer loop
      vertex 4.17157 105.172 3
      vertex 3 108 3
      vertex 3.82659 105.565 3
    endloop
  endfacet
  facet normal 0 0 1
    outer loop
      vertex 8.87496 189.569 3
      vertex 3 192 3
      vertex 8.81882 189.287 3
    endloop
  endfacet
  facet normal 0 0 1
    outer loop
      vertex 3.82659 105.565 3
      vertex 3 108 3
      vertex 3.5359 106 3
    endloop
  endfacet
  facet normal 0 0 1
    outer loop
      vertex 8.81882 189.287 3
      vertex 3 192 3
      vertex 8.8 189 3
    endloop
  endfacet
  facet normal 0 0 1
    outer loop
      vertex 3.5359 106 3
      vertex 3 108 3
      vertex 3.30448 106.469 3
    endloop
  endfacet
  facet normal 0 0 1
    outer loop
      vertex 3.30448 106.469 3
      vertex 3 108 3
      vertex 3.1363 106.965 3
    endloop
  endfacet
  facet normal 0 0 1
    outer loop
      vertex 3.1363 106.965 3
      vertex 3 108 3
      vertex 3.03422 107.478 3
    endloop
  endfacet
  facet normal -0 0 1
    outer loop
      vertex 9 170.25 3
      vertex 17 165.75 3
      vertex 17 170.25 3
    endloop
  endfacet
  facet normal 0 0 1
    outer loop
      vertex 17 165.75 3
      vertex 9 170.25 3
      vertex 9 165.75 3
    endloop
  endfacet
  facet normal 0 0 1
    outer loop
      vertex 19.1359 183.6 3
      vertex 12.7454 187.661 3
      vertex 18.9045 183.131 3
    endloop
  endfacet
  facet normal -0 0 1
    outer loop
      vertex 12.5556 187.444 3
      vertex 18.9045 183.131 3
      vertex 12.7454 187.661 3
    endloop
  endfacet
  facet normal -0 0 1
    outer loop
      vertex 12.3393 187.255 3
      vertex 18.9045 183.131 3
      vertex 12.5556 187.444 3
    endloop
  endfacet
  facet normal 0 0 1
    outer loop
      vertex 18.9045 183.131 3
      vertex 12.3393 187.255 3
      vertex 18.7363 182.635 3
    endloop
  endfacet
  facet normal -0 0 1
    outer loop
      vertex 12.1 187.095 3
      vertex 18.7363 182.635 3
      vertex 12.3393 187.255 3
    endloop
  endfacet
  facet normal 0 0 1
    outer loop
      vertex 18.7363 182.635 3
      vertex 12.1 187.095 3
      vertex 18.6342 182.122 3
    endloop
  endfacet
  facet normal -0 0 1
    outer loop
      vertex 11.8419 186.967 3
      vertex 18.6342 182.122 3
      vertex 12.1 187.095 3
    endloop
  endfacet
  facet normal 0 0 1
    outer loop
      vertex 18.6342 182.122 3
      vertex 11.8419 186.967 3
      vertex 18.6 181.6 3
    endloop
  endfacet
  facet normal -0 0 1
    outer loop
      vertex 11.5694 186.875 3
      vertex 18.6 181.6 3
      vertex 11.8419 186.967 3
    endloop
  endfacet
  facet normal -0 0 1
    outer loop
      vertex 11.2872 186.819 3
      vertex 18.6 181.6 3
      vertex 11.5694 186.875 3
    endloop
  endfacet
  facet normal 0 0 1
    outer loop
      vertex 18.6342 181.078 3
      vertex 11.2872 186.819 3
      vertex 11 186.8 3
    endloop
  endfacet
  facet normal 0 0 1
    outer loop
      vertex 18.6342 181.078 3
      vertex 11 186.8 3
      vertex 9 171 3
    endloop
  endfacet
  facet normal 0 0 1
    outer loop
      vertex 9 171 3
      vertex 11 186.8 3
      vertex 10.7128 186.819 3
    endloop
  endfacet
  facet normal 0 0 1
    outer loop
      vertex 9 171 3
      vertex 10.7128 186.819 3
      vertex 10.4306 186.875 3
    endloop
  endfacet
  facet normal 0 0 1
    outer loop
      vertex 9 171 3
      vertex 10.4306 186.875 3
      vertex 10.1581 186.967 3
    endloop
  endfacet
  facet normal 0 0 1
    outer loop
      vertex 9 171 3
      vertex 10.1581 186.967 3
      vertex 9.9 187.095 3
    endloop
  endfacet
  facet normal 0 0 1
    outer loop
      vertex 9 171 3
      vertex 9.9 187.095 3
      vertex 9.66072 187.255 3
    endloop
  endfacet
  facet normal 0 0 1
    outer loop
      vertex 9 171 3
      vertex 9.66072 187.255 3
      vertex 9.44436 187.444 3
    endloop
  endfacet
  facet normal 0 0 1
    outer loop
      vertex 9 171 3
      vertex 9.44436 187.444 3
      vertex 9.25462 187.661 3
    endloop
  endfacet
  facet normal 0 0 1
    outer loop
      vertex 3 192 3
      vertex 9.25462 187.661 3
      vertex 9.09474 187.9 3
    endloop
  endfacet
  facet normal 0 0 1
    outer loop
      vertex 19.1359 179.6 3
      vertex 9 171 3
      vertex 17 171 3
    endloop
  endfacet
  facet normal 0 0 0
    outer loop
      vertex 9 171 3
      vertex 9 165.75 3
      vertex 9 170.25 3
    endloop
  endfacet
  facet normal 0 0 0
    outer loop
      vertex 9 171 3
      vertex 9 165 3
      vertex 9 165.75 3
    endloop
  endfacet
  facet normal 0 0 1
    outer loop
      vertex 3 192 3
      vertex 8.96746 188.158 3
      vertex 8.87496 188.431 3
    endloop
  endfacet
  facet normal 0 0 1
    outer loop
      vertex 3 192 3
      vertex 9.09474 187.9 3
      vertex 8.96746 188.158 3
    endloop
  endfacet
  facet normal -0 0 1
    outer loop
      vertex 130 110.25 3
      vertex 138 105.75 3
      vertex 138 110.25 3
    endloop
  endfacet
  facet normal 0 0 1
    outer loop
      vertex 138 105.75 3
      vertex 130 110.25 3
      vertex 130 105.75 3
    endloop
  endfacet
  facet normal 0 0 1
    outer loop
      vertex 151 108 3
      vertex 147.181 110.287 3
      vertex 147.2 110 3
    endloop
  endfacet
  facet normal 0 0 1
    outer loop
      vertex 147.518 132.068 3
      vertex 147.125 110.569 3
      vertex 147.181 110.287 3
    endloop
  endfacet
  facet normal 0 0 1
    outer loop
      vertex 147.518 132.068 3
      vertex 147.033 110.842 3
      vertex 147.125 110.569 3
    endloop
  endfacet
  facet normal 0 0 1
    outer loop
      vertex 145.569 112.125 3
      vertex 147.261 132.017 3
      vertex 147 132 3
    endloop
  endfacet
  facet normal 0 0 1
    outer loop
      vertex 147.518 132.068 3
      vertex 146.905 111.1 3
      vertex 147.033 110.842 3
    endloop
  endfacet
  facet normal 0 0 1
    outer loop
      vertex 147.518 132.068 3
      vertex 146.745 111.339 3
      vertex 146.905 111.1 3
    endloop
  endfacet
  facet normal 0 0 1
    outer loop
      vertex 147.518 132.068 3
      vertex 146.556 111.556 3
      vertex 146.745 111.339 3
    endloop
  endfacet
  facet normal 0 0 1
    outer loop
      vertex 147.518 132.068 3
      vertex 146.339 111.745 3
      vertex 146.556 111.556 3
    endloop
  endfacet
  facet normal 0 0 1
    outer loop
      vertex 147.518 132.068 3
      vertex 146.1 111.905 3
      vertex 146.339 111.745 3
    endloop
  endfacet
  facet normal 0 0 1
    outer loop
      vertex 147.518 132.068 3
      vertex 145.842 112.033 3
      vertex 146.1 111.905 3
    endloop
  endfacet
  facet normal 0 0 1
    outer loop
      vertex 147.261 132.017 3
      vertex 145.569 112.125 3
      vertex 145.842 112.033 3
    endloop
  endfacet
  facet normal 0 0 1
    outer loop
      vertex 147 132 3
      vertex 145.287 112.181 3
      vertex 145.569 112.125 3
    endloop
  endfacet
  facet normal 0 0 1
    outer loop
      vertex 147 132 3
      vertex 145 112.2 3
      vertex 145.287 112.181 3
    endloop
  endfacet
  facet normal -0 0 1
    outer loop
      vertex 135.264 119.435 3
      vertex 145 112.2 3
      vertex 147 132 3
    endloop
  endfacet
  facet normal 0 0 1
    outer loop
      vertex 145 112.2 3
      vertex 135.264 119.435 3
      vertex 144.713 112.181 3
    endloop
  endfacet
  facet normal -0 -0 1
    outer loop
      vertex 135.366 118.922 3
      vertex 144.713 112.181 3
      vertex 135.264 119.435 3
    endloop
  endfacet
  facet normal 0 0 1
    outer loop
      vertex 144.713 112.181 3
      vertex 135.366 118.922 3
      vertex 144.431 112.125 3
    endloop
  endfacet
  facet normal -0 -0 1
    outer loop
      vertex 135.4 118.4 3
      vertex 144.431 112.125 3
      vertex 135.366 118.922 3
    endloop
  endfacet
  facet normal 0 0 1
    outer loop
      vertex 144.431 112.125 3
      vertex 135.4 118.4 3
      vertex 144.158 112.033 3
    endloop
  endfacet
  facet normal -0 0 1
    outer loop
      vertex 135.366 117.878 3
      vertex 144.158 112.033 3
      vertex 135.4 118.4 3
    endloop
  endfacet
  facet normal 0 0 1
    outer loop
      vertex 144.158 112.033 3
      vertex 135.366 117.878 3
      vertex 143.9 111.905 3
    endloop
  endfacet
  facet normal -0 0 1
    outer loop
      vertex 135.264 117.365 3
      vertex 143.9 111.905 3
      vertex 135.366 117.878 3
    endloop
  endfacet
  facet normal 0 -0 1
    outer loop
      vertex 138 111 3
      vertex 143.661 111.745 3
      vertex 135.264 117.365 3
    endloop
  endfacet
  facet normal 0 0 1
    outer loop
      vertex 143.661 111.745 3
      vertex 138 111 3
      vertex 143.444 111.556 3
    endloop
  endfacet
  facet normal 0 0 1
    outer loop
      vertex 138 110.25 3
      vertex 142.819 110.287 3
      vertex 138 111 3
    endloop
  endfacet
  facet normal 0 0 1
    outer loop
      vertex 143.444 111.556 3
      vertex 138 111 3
      vertex 143.255 111.339 3
    endloop
  endfacet
  facet normal 0 0 1
    outer loop
      vertex 143.095 111.1 3
      vertex 138 111 3
      vertex 142.967 110.842 3
    endloop
  endfacet
  facet normal 0 0 1
    outer loop
      vertex 143.255 111.339 3
      vertex 138 111 3
      vertex 143.095 111.1 3
    endloop
  endfacet
  facet normal 0 0 1
    outer loop
      vertex 143.9 111.905 3
      vertex 135.264 117.365 3
      vertex 143.661 111.745 3
    endloop
  endfacet
  facet normal 0 0 1
    outer loop
      vertex 147 132 3
      vertex 135.096 119.931 3
      vertex 135.264 119.435 3
    endloop
  endfacet
  facet normal 0 0 1
    outer loop
      vertex 147 132 3
      vertex 134.864 120.4 3
      vertex 135.096 119.931 3
    endloop
  endfacet
  facet normal 0 0 1
    outer loop
      vertex 147 132 3
      vertex 134.573 120.835 3
      vertex 134.864 120.4 3
    endloop
  endfacet
  facet normal 0 0 1
    outer loop
      vertex 147 132 3
      vertex 134.228 121.228 3
      vertex 134.573 120.835 3
    endloop
  endfacet
  facet normal 0 0 1
    outer loop
      vertex 147 132 3
      vertex 133.835 121.573 3
      vertex 134.228 121.228 3
    endloop
  endfacet
  facet normal 0 0 1
    outer loop
      vertex 147 132 3
      vertex 133.4 121.864 3
      vertex 133.835 121.573 3
    endloop
  endfacet
  facet normal -0 0 1
    outer loop
      vertex 128.9 132 3
      vertex 133.4 121.864 3
      vertex 147 132 3
    endloop
  endfacet
  facet normal 0 0 1
    outer loop
      vertex 133.4 121.864 3
      vertex 128.9 132 3
      vertex 132.931 122.096 3
    endloop
  endfacet
  facet normal 0 0 1
    outer loop
      vertex 132.931 122.096 3
      vertex 128.9 132 3
      vertex 132.435 122.264 3
    endloop
  endfacet
  facet normal 0 0 1
    outer loop
      vertex 132.435 122.264 3
      vertex 128.9 132 3
      vertex 131.922 122.366 3
    endloop
  endfacet
  facet normal 0 0 1
    outer loop
      vertex 131.922 122.366 3
      vertex 128.9 132 3
      vertex 131.4 122.4 3
    endloop
  endfacet
  facet normal 0 0 1
    outer loop
      vertex 131.4 122.4 3
      vertex 128.9 132 3
      vertex 130.878 122.366 3
    endloop
  endfacet
  facet normal 0 0 1
    outer loop
      vertex 130.878 122.366 3
      vertex 128.9 132 3
      vertex 130.365 122.264 3
    endloop
  endfacet
  facet normal 0 0 1
    outer loop
      vertex 130.365 122.264 3
      vertex 128.9 132 3
      vertex 129.869 122.096 3
    endloop
  endfacet
  facet normal 0 0 1
    outer loop
      vertex 129.869 122.096 3
      vertex 128.9 132 3
      vertex 129.4 121.864 3
    endloop
  endfacet
  facet normal 0 0 1
    outer loop
      vertex 128.9 132 3
      vertex 128.965 121.573 3
      vertex 129.4 121.864 3
    endloop
  endfacet
  facet normal 0 0 1
    outer loop
      vertex 128.965 121.573 3
      vertex 128.9 132 3
      vertex 128.9 121.516 3
    endloop
  endfacet
  facet normal 0 0 1
    outer loop
      vertex 151 192 3
      vertex 148.983 162.261 3
      vertex 149 162 3
    endloop
  endfacet
  facet normal 0 0 1
    outer loop
      vertex 151 192 3
      vertex 148.932 162.518 3
      vertex 148.983 162.261 3
    endloop
  endfacet
  facet normal 0 0 1
    outer loop
      vertex 151 192 3
      vertex 148.848 162.765 3
      vertex 148.932 162.518 3
    endloop
  endfacet
  facet normal 0 0 1
    outer loop
      vertex 151 192 3
      vertex 148.732 163 3
      vertex 148.848 162.765 3
    endloop
  endfacet
  facet normal 0 0 1
    outer loop
      vertex 151 192 3
      vertex 148.587 163.218 3
      vertex 148.732 163 3
    endloop
  endfacet
  facet normal 0 0 1
    outer loop
      vertex 144.745 190.339 3
      vertex 149 195.464 3
      vertex 148.531 195.696 3
    endloop
  endfacet
  facet normal 0 0 1
    outer loop
      vertex 151 192 3
      vertex 145.125 188.431 3
      vertex 145.033 188.158 3
    endloop
  endfacet
  facet normal 0 0 1
    outer loop
      vertex 144.905 187.9 3
      vertex 151 192 3
      vertex 145.033 188.158 3
    endloop
  endfacet
  facet normal 0 0 1
    outer loop
      vertex 144.745 190.339 3
      vertex 148.531 195.696 3
      vertex 148.035 195.864 3
    endloop
  endfacet
  facet normal 0 0 1
    outer loop
      vertex 151 192 3
      vertex 148.414 163.414 3
      vertex 148.587 163.218 3
    endloop
  endfacet
  facet normal 0 0 1
    outer loop
      vertex 144.745 187.661 3
      vertex 151 192 3
      vertex 144.905 187.9 3
    endloop
  endfacet
  facet normal 0 0 1
    outer loop
      vertex 144.745 190.339 3
      vertex 148.035 195.864 3
      vertex 147.522 195.966 3
    endloop
  endfacet
  facet normal 0 0 1
    outer loop
      vertex 151 192 3
      vertex 148.218 163.587 3
      vertex 148.414 163.414 3
    endloop
  endfacet
  facet normal 0 -0 1
    outer loop
      vertex 148 163.732 3
      vertex 151 192 3
      vertex 144.745 187.661 3
    endloop
  endfacet
  facet normal 0 0 1
    outer loop
      vertex 144.556 190.556 3
      vertex 147.522 195.966 3
      vertex 147 196 3
    endloop
  endfacet
  facet normal 0 0 1
    outer loop
      vertex 151 192 3
      vertex 145.181 188.713 3
      vertex 145.125 188.431 3
    endloop
  endfacet
  facet normal 0 0 1
    outer loop
      vertex 151 192 3
      vertex 145.2 189 3
      vertex 145.181 188.713 3
    endloop
  endfacet
  facet normal 0 0 1
    outer loop
      vertex 151 192 3
      vertex 145.181 189.287 3
      vertex 145.2 189 3
    endloop
  endfacet
  facet normal 0 0 1
    outer loop
      vertex 151 192 3
      vertex 145.125 189.569 3
      vertex 145.181 189.287 3
    endloop
  endfacet
  facet normal 0 0 1
    outer loop
      vertex 151 192 3
      vertex 145.033 189.842 3
      vertex 145.125 189.569 3
    endloop
  endfacet
  facet normal 0 0 1
    outer loop
      vertex 151 192 3
      vertex 144.905 190.1 3
      vertex 145.033 189.842 3
    endloop
  endfacet
  facet normal 0 0 1
    outer loop
      vertex 150.966 192.522 3
      vertex 144.905 190.1 3
      vertex 151 192 3
    endloop
  endfacet
  facet normal 0 0 1
    outer loop
      vertex 147.522 195.966 3
      vertex 144.556 190.556 3
      vertex 144.745 190.339 3
    endloop
  endfacet
  facet normal 0 0 1
    outer loop
      vertex 147 196 3
      vertex 144.339 190.745 3
      vertex 144.556 190.556 3
    endloop
  endfacet
  facet normal 0 0 1
    outer loop
      vertex 147 196 3
      vertex 144.1 190.905 3
      vertex 144.339 190.745 3
    endloop
  endfacet
  facet normal 0 0 1
    outer loop
      vertex 147 196 3
      vertex 143.842 191.033 3
      vertex 144.1 190.905 3
    endloop
  endfacet
  facet normal 0 0 1
    outer loop
      vertex 147 196 3
      vertex 143.569 191.125 3
      vertex 143.842 191.033 3
    endloop
  endfacet
  facet normal 0 0 1
    outer loop
      vertex 147 196 3
      vertex 143.287 191.181 3
      vertex 143.569 191.125 3
    endloop
  endfacet
  facet normal 0 0 1
    outer loop
      vertex 147 196 3
      vertex 143 191.2 3
      vertex 143.287 191.181 3
    endloop
  endfacet
  facet normal 0 0 1
    outer loop
      vertex 147 196 3
      vertex 142.713 191.181 3
      vertex 143 191.2 3
    endloop
  endfacet
  facet normal 0 0 1
    outer loop
      vertex 147 196 3
      vertex 142.431 191.125 3
      vertex 142.713 191.181 3
    endloop
  endfacet
  facet normal 0 0 1
    outer loop
      vertex 147 196 3
      vertex 142.158 191.033 3
      vertex 142.431 191.125 3
    endloop
  endfacet
  facet normal 0 0 1
    outer loop
      vertex 147 196 3
      vertex 141.9 190.905 3
      vertex 142.158 191.033 3
    endloop
  endfacet
  facet normal 0 0 1
    outer loop
      vertex 147 196 3
      vertex 141.661 190.745 3
      vertex 141.9 190.905 3
    endloop
  endfacet
  facet normal 0 0 1
    outer loop
      vertex 128.9 187.6 3
      vertex 141.661 190.745 3
      vertex 147 196 3
    endloop
  endfacet
  facet normal 0 0 1
    outer loop
      vertex 133.4 185.064 3
      vertex 140.8 189 3
      vertex 140.819 189.287 3
    endloop
  endfacet
  facet normal 0 0 1
    outer loop
      vertex 132.931 185.296 3
      vertex 140.819 189.287 3
      vertex 140.875 189.569 3
    endloop
  endfacet
  facet normal 0 0 1
    outer loop
      vertex 132.435 185.464 3
      vertex 140.875 189.569 3
      vertex 140.967 189.842 3
    endloop
  endfacet
  facet normal 0 0 1
    outer loop
      vertex 128.9 187.6 3
      vertex 140.967 189.842 3
      vertex 141.095 190.1 3
    endloop
  endfacet
  facet normal 0 0 1
    outer loop
      vertex 128.9 187.6 3
      vertex 141.095 190.1 3
      vertex 141.255 190.339 3
    endloop
  endfacet
  facet normal 0 0 1
    outer loop
      vertex 140.8 189 3
      vertex 135.366 182.122 3
      vertex 135.4 181.6 3
    endloop
  endfacet
  facet normal 0 0 1
    outer loop
      vertex 140.8 189 3
      vertex 135.264 182.635 3
      vertex 135.366 182.122 3
    endloop
  endfacet
  facet normal 0 0 1
    outer loop
      vertex 140.8 189 3
      vertex 135.096 183.131 3
      vertex 135.264 182.635 3
    endloop
  endfacet
  facet normal 0 0 1
    outer loop
      vertex 140.8 189 3
      vertex 134.864 183.6 3
      vertex 135.096 183.131 3
    endloop
  endfacet
  facet normal 0 0 1
    outer loop
      vertex 128.9 187.6 3
      vertex 141.255 190.339 3
      vertex 141.444 190.556 3
    endloop
  endfacet
  facet normal 0 0 1
    outer loop
      vertex 140.8 189 3
      vertex 134.573 184.035 3
      vertex 134.864 183.6 3
    endloop
  endfacet
  facet normal 0 0 1
    outer loop
      vertex 141.661 190.745 3
      vertex 128.9 187.6 3
      vertex 141.444 190.556 3
    endloop
  endfacet
  facet normal 0 0 1
    outer loop
      vertex 140.8 189 3
      vertex 134.228 184.428 3
      vertex 134.573 184.035 3
    endloop
  endfacet
  facet normal 0 0 1
    outer loop
      vertex 140.8 189 3
      vertex 133.835 184.773 3
      vertex 134.228 184.428 3
    endloop
  endfacet
  facet normal 0 0 1
    outer loop
      vertex 140.8 189 3
      vertex 133.4 185.064 3
      vertex 133.835 184.773 3
    endloop
  endfacet
  facet normal 0 0 1
    outer loop
      vertex 140.819 189.287 3
      vertex 132.931 185.296 3
      vertex 133.4 185.064 3
    endloop
  endfacet
  facet normal 0 0 1
    outer loop
      vertex 140.875 189.569 3
      vertex 132.435 185.464 3
      vertex 132.931 185.296 3
    endloop
  endfacet
  facet normal 0 0 1
    outer loop
      vertex 140.967 189.842 3
      vertex 128.9 187.6 3
      vertex 132.435 185.464 3
    endloop
  endfacet
  facet normal 0 0 1
    outer loop
      vertex 132.435 185.464 3
      vertex 128.9 187.6 3
      vertex 131.922 185.566 3
    endloop
  endfacet
  facet normal 0 0 1
    outer loop
      vertex 131.922 185.566 3
      vertex 128.9 187.6 3
      vertex 131.4 185.6 3
    endloop
  endfacet
  facet normal 0 0 1
    outer loop
      vertex 131.4 185.6 3
      vertex 128.9 187.6 3
      vertex 130.878 185.566 3
    endloop
  endfacet
  facet normal 0 0 1
    outer loop
      vertex 130.878 185.566 3
      vertex 128.9 187.6 3
      vertex 130.365 185.464 3
    endloop
  endfacet
  facet normal 0 0 1
    outer loop
      vertex 130.365 185.464 3
      vertex 128.9 187.6 3
      vertex 129.869 185.296 3
    endloop
  endfacet
  facet normal 0 0 1
    outer loop
      vertex 129.4 185.064 3
      vertex 128.9 187.6 3
      vertex 128.965 184.773 3
    endloop
  endfacet
  facet normal 0 0 1
    outer loop
      vertex 129.869 185.296 3
      vertex 128.9 187.6 3
      vertex 129.4 185.064 3
    endloop
  endfacet
  facet normal 0 0 1
    outer loop
      vertex 147 196 3
      vertex 25.1 187.6 3
      vertex 128.9 187.6 3
    endloop
  endfacet
  facet normal 0 0 1
    outer loop
      vertex 25.1 187.6 3
      vertex 25.035 184.773 3
      vertex 25.1 184.716 3
    endloop
  endfacet
  facet normal 0 0 1
    outer loop
      vertex 25.1 187.6 3
      vertex 24.6 185.064 3
      vertex 25.035 184.773 3
    endloop
  endfacet
  facet normal 0 0 1
    outer loop
      vertex 25.1 187.6 3
      vertex 24.1307 185.296 3
      vertex 24.6 185.064 3
    endloop
  endfacet
  facet normal 0 0 1
    outer loop
      vertex 25.1 187.6 3
      vertex 23.6353 185.464 3
      vertex 24.1307 185.296 3
    endloop
  endfacet
  facet normal 0 0 1
    outer loop
      vertex 25.1 187.6 3
      vertex 23.1221 185.566 3
      vertex 23.6353 185.464 3
    endloop
  endfacet
  facet normal 0 0 1
    outer loop
      vertex 25.1 187.6 3
      vertex 22.6 185.6 3
      vertex 23.1221 185.566 3
    endloop
  endfacet
  facet normal 0 0 1
    outer loop
      vertex 25.1 187.6 3
      vertex 22.0779 185.566 3
      vertex 22.6 185.6 3
    endloop
  endfacet
  facet normal 0 0 1
    outer loop
      vertex 25.1 187.6 3
      vertex 21.5647 185.464 3
      vertex 22.0779 185.566 3
    endloop
  endfacet
  facet normal 0 0 1
    outer loop
      vertex 13.0325 189.842 3
      vertex 21.5647 185.464 3
      vertex 25.1 187.6 3
    endloop
  endfacet
  facet normal -0 -0 1
    outer loop
      vertex 13.125 189.569 3
      vertex 21.5647 185.464 3
      vertex 13.0325 189.842 3
    endloop
  endfacet
  facet normal 0 0 1
    outer loop
      vertex 19.4266 184.035 3
      vertex 12.9053 187.9 3
      vertex 19.1359 183.6 3
    endloop
  endfacet
  facet normal -0 0 1
    outer loop
      vertex 12.7454 187.661 3
      vertex 19.1359 183.6 3
      vertex 12.9053 187.9 3
    endloop
  endfacet
  facet normal -0 0 1
    outer loop
      vertex 12.9053 187.9 3
      vertex 19.4266 184.035 3
      vertex 13.0325 188.158 3
    endloop
  endfacet
  facet normal 0 0 1
    outer loop
      vertex 19.7716 184.428 3
      vertex 13.0325 188.158 3
      vertex 19.4266 184.035 3
    endloop
  endfacet
  facet normal -0 0 1
    outer loop
      vertex 13.0325 188.158 3
      vertex 19.7716 184.428 3
      vertex 13.125 188.431 3
    endloop
  endfacet
  facet normal -0 0 1
    outer loop
      vertex 13.125 188.431 3
      vertex 19.7716 184.428 3
      vertex 13.1812 188.713 3
    endloop
  endfacet
  facet normal 0 0 1
    outer loop
      vertex 20.165 184.773 3
      vertex 13.1812 188.713 3
      vertex 19.7716 184.428 3
    endloop
  endfacet
  facet normal -0 0 1
    outer loop
      vertex 13.1812 188.713 3
      vertex 20.165 184.773 3
      vertex 13.2 189 3
    endloop
  endfacet
  facet normal 0 0 1
    outer loop
      vertex 20.6 185.064 3
      vertex 13.2 189 3
      vertex 20.165 184.773 3
    endloop
  endfacet
  facet normal -0 -0 1
    outer loop
      vertex 13.1812 189.287 3
      vertex 21.0693 185.296 3
      vertex 13.125 189.569 3
    endloop
  endfacet
  facet normal -0 0 1
    outer loop
      vertex 7 196 3
      vertex 25.1 187.6 3
      vertex 147 196 3
    endloop
  endfacet
  facet normal 0 0 1
    outer loop
      vertex 20.6 185.064 3
      vertex 13.1812 189.287 3
      vertex 13.2 189 3
    endloop
  endfacet
  facet normal 0 0 1
    outer loop
      vertex 21.0693 185.296 3
      vertex 13.1812 189.287 3
      vertex 20.6 185.064 3
    endloop
  endfacet
  facet normal 0 0 1
    outer loop
      vertex 21.5647 185.464 3
      vertex 13.125 189.569 3
      vertex 21.0693 185.296 3
    endloop
  endfacet
  facet normal 0 0 1
    outer loop
      vertex 25.1 187.6 3
      vertex 12.9053 190.1 3
      vertex 13.0325 189.842 3
    endloop
  endfacet
  facet normal 0 0 1
    outer loop
      vertex 25.1 187.6 3
      vertex 12.7454 190.339 3
      vertex 12.9053 190.1 3
    endloop
  endfacet
  facet normal 0 0 1
    outer loop
      vertex 25.1 187.6 3
      vertex 12.5556 190.556 3
      vertex 12.7454 190.339 3
    endloop
  endfacet
  facet normal -0 -0 1
    outer loop
      vertex 12.3393 190.745 3
      vertex 25.1 187.6 3
      vertex 7 196 3
    endloop
  endfacet
  facet normal 0 0 1
    outer loop
      vertex 25.1 187.6 3
      vertex 12.3393 190.745 3
      vertex 12.5556 190.556 3
    endloop
  endfacet
  facet normal 0 0 1
    outer loop
      vertex 12.3393 190.745 3
      vertex 7 196 3
      vertex 12.1 190.905 3
    endloop
  endfacet
  facet normal 0 0 1
    outer loop
      vertex 12.1 190.905 3
      vertex 7 196 3
      vertex 11.8419 191.033 3
    endloop
  endfacet
  facet normal 0 0 1
    outer loop
      vertex 11.8419 191.033 3
      vertex 7 196 3
      vertex 11.5694 191.125 3
    endloop
  endfacet
  facet normal 0 0 1
    outer loop
      vertex 11.5694 191.125 3
      vertex 7 196 3
      vertex 11.2872 191.181 3
    endloop
  endfacet
  facet normal -0 0 1
    outer loop
      vertex 4.56495 195.173 3
      vertex 9.25462 190.339 3
      vertex 5 195.464 3
    endloop
  endfacet
  facet normal -0 0 1
    outer loop
      vertex 5 195.464 3
      vertex 9.25462 190.339 3
      vertex 5.46927 195.696 3
    endloop
  endfacet
  facet normal -0 0 1
    outer loop
      vertex 5.46927 195.696 3
      vertex 9.25462 190.339 3
      vertex 5.96472 195.864 3
    endloop
  endfacet
  facet normal -0 0 1
    outer loop
      vertex 5.96472 195.864 3
      vertex 9.25462 190.339 3
      vertex 6.47789 195.966 3
    endloop
  endfacet
  facet normal 0 0 1
    outer loop
      vertex 9.44436 190.556 3
      vertex 6.47789 195.966 3
      vertex 9.25462 190.339 3
    endloop
  endfacet
  facet normal -0 0 1
    outer loop
      vertex 6.47789 195.966 3
      vertex 9.44436 190.556 3
      vertex 7 196 3
    endloop
  endfacet
  facet normal 0 0 1
    outer loop
      vertex 9.66072 190.745 3
      vertex 7 196 3
      vertex 9.44436 190.556 3
    endloop
  endfacet
  facet normal 0 0 1
    outer loop
      vertex 9.9 190.905 3
      vertex 7 196 3
      vertex 9.66072 190.745 3
    endloop
  endfacet
  facet normal 0 0 1
    outer loop
      vertex 10.1581 191.033 3
      vertex 7 196 3
      vertex 9.9 190.905 3
    endloop
  endfacet
  facet normal 0 0 1
    outer loop
      vertex 10.4306 191.125 3
      vertex 7 196 3
      vertex 10.1581 191.033 3
    endloop
  endfacet
  facet normal 0 0 1
    outer loop
      vertex 10.7128 191.181 3
      vertex 7 196 3
      vertex 10.4306 191.125 3
    endloop
  endfacet
  facet normal 0 0 1
    outer loop
      vertex 11 191.2 3
      vertex 7 196 3
      vertex 10.7128 191.181 3
    endloop
  endfacet
  facet normal 0 0 1
    outer loop
      vertex 11.2872 191.181 3
      vertex 7 196 3
      vertex 11 191.2 3
    endloop
  endfacet
  facet normal 0 0 1
    outer loop
      vertex 150.864 193.035 3
      vertex 144.745 190.339 3
      vertex 150.966 192.522 3
    endloop
  endfacet
  facet normal 0 0 1
    outer loop
      vertex 151 192 3
      vertex 149 162 3
      vertex 151 108 3
    endloop
  endfacet
  facet normal 0 0 1
    outer loop
      vertex 150.696 193.531 3
      vertex 144.745 190.339 3
      vertex 150.864 193.035 3
    endloop
  endfacet
  facet normal -0 0 1
    outer loop
      vertex 149 134 3
      vertex 151 108 3
      vertex 149 162 3
    endloop
  endfacet
  facet normal 0 0 1
    outer loop
      vertex 150.464 194 3
      vertex 144.745 190.339 3
      vertex 150.696 193.531 3
    endloop
  endfacet
  facet normal -0 0 1
    outer loop
      vertex 148.983 133.739 3
      vertex 151 108 3
      vertex 149 134 3
    endloop
  endfacet
  facet normal 0 0 1
    outer loop
      vertex 150.173 194.435 3
      vertex 144.745 190.339 3
      vertex 150.464 194 3
    endloop
  endfacet
  facet normal -0 0 1
    outer loop
      vertex 148.932 133.482 3
      vertex 151 108 3
      vertex 148.983 133.739 3
    endloop
  endfacet
  facet normal 0 0 1
    outer loop
      vertex 149.828 194.828 3
      vertex 144.745 190.339 3
      vertex 150.173 194.435 3
    endloop
  endfacet
  facet normal -0 0 1
    outer loop
      vertex 148.848 133.235 3
      vertex 151 108 3
      vertex 148.932 133.482 3
    endloop
  endfacet
  facet normal 0 0 1
    outer loop
      vertex 149.435 195.173 3
      vertex 144.745 190.339 3
      vertex 149.828 194.828 3
    endloop
  endfacet
  facet normal -0 0 1
    outer loop
      vertex 148.732 133 3
      vertex 151 108 3
      vertex 148.848 133.235 3
    endloop
  endfacet
  facet normal 0 0 1
    outer loop
      vertex 144.745 190.339 3
      vertex 149.435 195.173 3
      vertex 149 195.464 3
    endloop
  endfacet
  facet normal -0 0 1
    outer loop
      vertex 148.587 132.782 3
      vertex 151 108 3
      vertex 148.732 133 3
    endloop
  endfacet
  facet normal 0 -0 1
    outer loop
      vertex 144.905 190.1 3
      vertex 150.966 192.522 3
      vertex 144.745 190.339 3
    endloop
  endfacet
  facet normal -0 0 1
    outer loop
      vertex 148.414 132.586 3
      vertex 151 108 3
      vertex 148.587 132.782 3
    endloop
  endfacet
  facet normal -0 0 1
    outer loop
      vertex 148.218 132.413 3
      vertex 151 108 3
      vertex 148.414 132.586 3
    endloop
  endfacet
  facet normal 0 0 1
    outer loop
      vertex 147.181 110.287 3
      vertex 148.218 132.413 3
      vertex 148 132.268 3
    endloop
  endfacet
  facet normal -0 0 1
    outer loop
      vertex 147.125 109.431 3
      vertex 151 108 3
      vertex 147.181 109.713 3
    endloop
  endfacet
  facet normal 0 0 1
    outer loop
      vertex 151 108 3
      vertex 146.905 108.9 3
      vertex 150.966 107.478 3
    endloop
  endfacet
  facet normal -0 0 1
    outer loop
      vertex 146.745 108.661 3
      vertex 150.864 106.965 3
      vertex 146.905 108.9 3
    endloop
  endfacet
  facet normal 0 0 1
    outer loop
      vertex 150.966 107.478 3
      vertex 146.905 108.9 3
      vertex 150.864 106.965 3
    endloop
  endfacet
  facet normal -0 0 1
    outer loop
      vertex 146.905 108.9 3
      vertex 151 108 3
      vertex 147.033 109.158 3
    endloop
  endfacet
  facet normal 0 0 1
    outer loop
      vertex 150.864 106.965 3
      vertex 146.745 108.661 3
      vertex 150.696 106.469 3
    endloop
  endfacet
  facet normal -0 0 1
    outer loop
      vertex 147.033 109.158 3
      vertex 151 108 3
      vertex 147.125 109.431 3
    endloop
  endfacet
  facet normal -0 0 1
    outer loop
      vertex 147.181 109.713 3
      vertex 151 108 3
      vertex 147.2 110 3
    endloop
  endfacet
  facet normal 0 0 1
    outer loop
      vertex 150.696 106.469 3
      vertex 146.745 108.661 3
      vertex 150.464 106 3
    endloop
  endfacet
  facet normal 0 0 1
    outer loop
      vertex 148.218 132.413 3
      vertex 147.181 110.287 3
      vertex 151 108 3
    endloop
  endfacet
  facet normal 0 0 1
    outer loop
      vertex 147.181 110.287 3
      vertex 148 132.268 3
      vertex 147.765 132.152 3
    endloop
  endfacet
  facet normal 0 0 1
    outer loop
      vertex 150.464 106 3
      vertex 146.745 108.661 3
      vertex 150.173 105.565 3
    endloop
  endfacet
  facet normal 0 0 1
    outer loop
      vertex 147.181 110.287 3
      vertex 147.765 132.152 3
      vertex 147.518 132.068 3
    endloop
  endfacet
  facet normal 0 0 1
    outer loop
      vertex 145.842 112.033 3
      vertex 147.518 132.068 3
      vertex 147.261 132.017 3
    endloop
  endfacet
  facet normal -0 0 1
    outer loop
      vertex 146.556 108.444 3
      vertex 150.173 105.565 3
      vertex 146.745 108.661 3
    endloop
  endfacet
  facet normal 0 0 1
    outer loop
      vertex 150.173 105.565 3
      vertex 146.556 108.444 3
      vertex 149.828 105.172 3
    endloop
  endfacet
  facet normal 0 0 1
    outer loop
      vertex 149.828 105.172 3
      vertex 146.556 108.444 3
      vertex 149.435 104.827 3
    endloop
  endfacet
  facet normal -0 0 1
    outer loop
      vertex 146.339 108.255 3
      vertex 149.435 104.827 3
      vertex 146.556 108.444 3
    endloop
  endfacet
  facet normal 0 0 1
    outer loop
      vertex 149.435 104.827 3
      vertex 146.339 108.255 3
      vertex 149 104.536 3
    endloop
  endfacet
  facet normal 0 0 1
    outer loop
      vertex 149 104.536 3
      vertex 146.339 108.255 3
      vertex 148.531 104.304 3
    endloop
  endfacet
  facet normal 0 0 1
    outer loop
      vertex 148.531 104.304 3
      vertex 146.339 108.255 3
      vertex 148.035 104.136 3
    endloop
  endfacet
  facet normal -0 0 1
    outer loop
      vertex 146.1 108.095 3
      vertex 148.035 104.136 3
      vertex 146.339 108.255 3
    endloop
  endfacet
  facet normal 0 0 1
    outer loop
      vertex 148.035 104.136 3
      vertex 146.1 108.095 3
      vertex 147.522 104.034 3
    endloop
  endfacet
  facet normal 0 0 1
    outer loop
      vertex 147.522 104.034 3
      vertex 146.1 108.095 3
      vertex 147 104 3
    endloop
  endfacet
  facet normal -0 0 1
    outer loop
      vertex 145.842 107.967 3
      vertex 147 104 3
      vertex 146.1 108.095 3
    endloop
  endfacet
  facet normal -0 0 1
    outer loop
      vertex 145.569 107.875 3
      vertex 147 104 3
      vertex 145.842 107.967 3
    endloop
  endfacet
  facet normal -0 0 1
    outer loop
      vertex 145.287 107.819 3
      vertex 147 104 3
      vertex 145.569 107.875 3
    endloop
  endfacet
  facet normal -0 0 1
    outer loop
      vertex 145 107.8 3
      vertex 147 104 3
      vertex 145.287 107.819 3
    endloop
  endfacet
  facet normal 0 0 1
    outer loop
      vertex 144.713 107.819 3
      vertex 147 104 3
      vertex 145 107.8 3
    endloop
  endfacet
  facet normal 0 0 1
    outer loop
      vertex 144.431 107.875 3
      vertex 147 104 3
      vertex 144.713 107.819 3
    endloop
  endfacet
  facet normal 0 0 1
    outer loop
      vertex 144.158 107.967 3
      vertex 147 104 3
      vertex 144.431 107.875 3
    endloop
  endfacet
  facet normal 0 0 1
    outer loop
      vertex 138 105 3
      vertex 144.158 107.967 3
      vertex 143.9 108.095 3
    endloop
  endfacet
  facet normal 0 0 1
    outer loop
      vertex 138 105 3
      vertex 143.9 108.095 3
      vertex 143.661 108.255 3
    endloop
  endfacet
  facet normal 0 0 1
    outer loop
      vertex 138 105.75 3
      vertex 143.661 108.255 3
      vertex 143.444 108.444 3
    endloop
  endfacet
  facet normal 0 0 1
    outer loop
      vertex 138 105.75 3
      vertex 143.444 108.444 3
      vertex 143.255 108.661 3
    endloop
  endfacet
  facet normal 0 0 1
    outer loop
      vertex 142.819 110.287 3
      vertex 138 110.25 3
      vertex 142.8 110 3
    endloop
  endfacet
  facet normal 0 0 1
    outer loop
      vertex 142.8 110 3
      vertex 138 110.25 3
      vertex 142.819 109.713 3
    endloop
  endfacet
  facet normal 0 0 1
    outer loop
      vertex 142.819 109.713 3
      vertex 138 110.25 3
      vertex 142.875 109.431 3
    endloop
  endfacet
  facet normal 0 0 1
    outer loop
      vertex 142.875 109.431 3
      vertex 138 110.25 3
      vertex 142.967 109.158 3
    endloop
  endfacet
  facet normal 0 0 1
    outer loop
      vertex 138 105.75 3
      vertex 142.967 109.158 3
      vertex 138 110.25 3
    endloop
  endfacet
  facet normal 0 0 1
    outer loop
      vertex 142.967 109.158 3
      vertex 138 105.75 3
      vertex 143.095 108.9 3
    endloop
  endfacet
  facet normal 0 0 1
    outer loop
      vertex 143.095 108.9 3
      vertex 138 105.75 3
      vertex 143.255 108.661 3
    endloop
  endfacet
  facet normal 0 0 1
    outer loop
      vertex 143.661 108.255 3
      vertex 138 105.75 3
      vertex 138 105 3
    endloop
  endfacet
  facet normal 0 0 1
    outer loop
      vertex 144.158 107.967 3
      vertex 138 105 3
      vertex 147 104 3
    endloop
  endfacet
  facet normal -0 0 1
    outer loop
      vertex 130 105 3
      vertex 147 104 3
      vertex 138 105 3
    endloop
  endfacet
  facet normal 0 0 1
    outer loop
      vertex 130 110.25 3
      vertex 128.9 112.4 3
      vertex 130 105.75 3
    endloop
  endfacet
  facet normal 0 0 1
    outer loop
      vertex 128.9 112.4 3
      vertex 129.4 114.936 3
      vertex 128.965 115.227 3
    endloop
  endfacet
  facet normal 0 0 1
    outer loop
      vertex 128.9 112.4 3
      vertex 128.965 115.227 3
      vertex 128.9 115.284 3
    endloop
  endfacet
  facet normal -0 0 1
    outer loop
      vertex 104.5 106.2 3
      vertex 130 105.75 3
      vertex 128.9 112.4 3
    endloop
  endfacet
  facet normal 0 0 1
    outer loop
      vertex 104.5 106.2 3
      vertex 128.9 112.4 3
      vertex 104.5 112.4 3
    endloop
  endfacet
  facet normal 0 0 1
    outer loop
      vertex 130 105.75 3
      vertex 104.5 106.2 3
      vertex 130 105 3
    endloop
  endfacet
  facet normal -0 0 1
    outer loop
      vertex 75.5 106.2 3
      vertex 130 105 3
      vertex 104.5 106.2 3
    endloop
  endfacet
  facet normal 0 0 1
    outer loop
      vertex 130 105 3
      vertex 75.5 106.2 3
      vertex 147 104 3
    endloop
  endfacet
  facet normal 0 0 1
    outer loop
      vertex 66.5 106.2 3
      vertex 75.5 106.2 3
      vertex 66.5 112.4 3
    endloop
  endfacet
  facet normal -0 0 1
    outer loop
      vertex 66.5 106.2 3
      vertex 147 104 3
      vertex 75.5 106.2 3
    endloop
  endfacet
  facet normal 0 0 1
    outer loop
      vertex 7 104 3
      vertex 66.5 106.2 3
      vertex 41.5 106.2 3
    endloop
  endfacet
  facet normal -0 0 1
    outer loop
      vertex 24.6 114.936 3
      vertex 25.1 112.4 3
      vertex 25.035 115.227 3
    endloop
  endfacet
  facet normal -0 0 1
    outer loop
      vertex 24.1307 114.704 3
      vertex 25.1 112.4 3
      vertex 24.6 114.936 3
    endloop
  endfacet
  facet normal -0 0 1
    outer loop
      vertex 23.6353 114.536 3
      vertex 25.1 112.4 3
      vertex 24.1307 114.704 3
    endloop
  endfacet
  facet normal -0 0 1
    outer loop
      vertex 23.1221 114.434 3
      vertex 25.1 112.4 3
      vertex 23.6353 114.536 3
    endloop
  endfacet
  facet normal -0 0 1
    outer loop
      vertex 22.6 114.4 3
      vertex 25.1 112.4 3
      vertex 23.1221 114.434 3
    endloop
  endfacet
  facet normal 0 0 1
    outer loop
      vertex 22.0779 114.434 3
      vertex 25.1 112.4 3
      vertex 22.6 114.4 3
    endloop
  endfacet
  facet normal 0 0 1
    outer loop
      vertex 21.5647 114.536 3
      vertex 25.1 112.4 3
      vertex 22.0779 114.434 3
    endloop
  endfacet
  facet normal 0 0 1
    outer loop
      vertex 11.125 109.431 3
      vertex 21.5647 114.536 3
      vertex 21.0693 114.704 3
    endloop
  endfacet
  facet normal 0 0 1
    outer loop
      vertex 11.1812 109.713 3
      vertex 21.0693 114.704 3
      vertex 20.6 114.936 3
    endloop
  endfacet
  facet normal 0 0 1
    outer loop
      vertex 18.9045 119.931 3
      vertex 17 125 3
      vertex 18.7363 119.435 3
    endloop
  endfacet
  facet normal -0 0 1
    outer loop
      vertex 9 125 3
      vertex 18.7363 119.435 3
      vertex 17 125 3
    endloop
  endfacet
  facet normal 0 0 1
    outer loop
      vertex 18.7363 119.435 3
      vertex 9 125 3
      vertex 18.6342 118.922 3
    endloop
  endfacet
  facet normal 0 0 1
    outer loop
      vertex 11.1812 110.287 3
      vertex 18.6 118.4 3
      vertex 18.6342 118.922 3
    endloop
  endfacet
  facet normal 0 0 1
    outer loop
      vertex 11.1812 110.287 3
      vertex 18.6342 117.878 3
      vertex 18.6 118.4 3
    endloop
  endfacet
  facet normal 0 0 1
    outer loop
      vertex 11.1812 110.287 3
      vertex 18.7363 117.365 3
      vertex 18.6342 117.878 3
    endloop
  endfacet
  facet normal 0 0 1
    outer loop
      vertex 11.1812 110.287 3
      vertex 18.9045 116.869 3
      vertex 18.7363 117.365 3
    endloop
  endfacet
  facet normal 0 0 1
    outer loop
      vertex 11.1812 110.287 3
      vertex 19.1359 116.4 3
      vertex 18.9045 116.869 3
    endloop
  endfacet
  facet normal 0 0 1
    outer loop
      vertex 11.1812 110.287 3
      vertex 19.4266 115.965 3
      vertex 19.1359 116.4 3
    endloop
  endfacet
  facet normal 0 0 1
    outer loop
      vertex 11.1812 110.287 3
      vertex 19.7716 115.572 3
      vertex 19.4266 115.965 3
    endloop
  endfacet
  facet normal 0 0 1
    outer loop
      vertex 11.1812 110.287 3
      vertex 20.165 115.227 3
      vertex 19.7716 115.572 3
    endloop
  endfacet
  facet normal 0 0 1
    outer loop
      vertex 11.2 110 3
      vertex 20.6 114.936 3
      vertex 20.165 115.227 3
    endloop
  endfacet
  facet normal 0 0 1
    outer loop
      vertex 11.1812 109.713 3
      vertex 20.6 114.936 3
      vertex 11.2 110 3
    endloop
  endfacet
  facet normal 0 0 1
    outer loop
      vertex 21.0693 114.704 3
      vertex 11.1812 109.713 3
      vertex 11.125 109.431 3
    endloop
  endfacet
  facet normal 0 0 1
    outer loop
      vertex 21.5647 114.536 3
      vertex 11.125 109.431 3
      vertex 11.0325 109.158 3
    endloop
  endfacet
  facet normal 0 0 1
    outer loop
      vertex 21.5647 114.536 3
      vertex 11.0325 109.158 3
      vertex 25.1 112.4 3
    endloop
  endfacet
  facet normal 0 0 1
    outer loop
      vertex 10.9053 108.9 3
      vertex 25.1 112.4 3
      vertex 11.0325 109.158 3
    endloop
  endfacet
  facet normal 0 0 1
    outer loop
      vertex 10.7454 108.661 3
      vertex 25.1 112.4 3
      vertex 10.9053 108.9 3
    endloop
  endfacet
  facet normal 0 0 1
    outer loop
      vertex 10.5556 108.444 3
      vertex 25.1 112.4 3
      vertex 10.7454 108.661 3
    endloop
  endfacet
  facet normal 0 0 1
    outer loop
      vertex 7 104 3
      vertex 25.1 112.4 3
      vertex 10.5556 108.444 3
    endloop
  endfacet
  facet normal 0 0 1
    outer loop
      vertex 7 104 3
      vertex 10.5556 108.444 3
      vertex 10.3393 108.255 3
    endloop
  endfacet
  facet normal 0 0 1
    outer loop
      vertex 7 104 3
      vertex 10.3393 108.255 3
      vertex 10.1 108.095 3
    endloop
  endfacet
  facet normal 0 0 1
    outer loop
      vertex 7 104 3
      vertex 10.1 108.095 3
      vertex 9.8419 107.967 3
    endloop
  endfacet
  facet normal 0 0 1
    outer loop
      vertex 7 104 3
      vertex 9.8419 107.967 3
      vertex 9.5694 107.875 3
    endloop
  endfacet
  facet normal 0 0 1
    outer loop
      vertex 7 104 3
      vertex 9.5694 107.875 3
      vertex 9.28716 107.819 3
    endloop
  endfacet
  facet normal 0 0 1
    outer loop
      vertex 7 104 3
      vertex 9.28716 107.819 3
      vertex 9 107.8 3
    endloop
  endfacet
  facet normal 0 0 1
    outer loop
      vertex 66.5 106.2 3
      vertex 7 104 3
      vertex 147 104 3
    endloop
  endfacet
  facet normal 0 0 1
    outer loop
      vertex 25.1 112.4 3
      vertex 7 104 3
      vertex 41.5 106.2 3
    endloop
  endfacet
  facet normal 0 0 1
    outer loop
      vertex 8.71284 107.819 3
      vertex 7 104 3
      vertex 9 107.8 3
    endloop
  endfacet
  facet normal 0 0 1
    outer loop
      vertex 8.4306 107.875 3
      vertex 7 104 3
      vertex 8.71284 107.819 3
    endloop
  endfacet
  facet normal 0 0 1
    outer loop
      vertex 8.1581 107.967 3
      vertex 7 104 3
      vertex 8.4306 107.875 3
    endloop
  endfacet
  facet normal 0 0 1
    outer loop
      vertex 7.9 108.095 3
      vertex 7 104 3
      vertex 8.1581 107.967 3
    endloop
  endfacet
  facet normal 0 0 1
    outer loop
      vertex 5.96472 104.136 3
      vertex 7.9 108.095 3
      vertex 7.66072 108.255 3
    endloop
  endfacet
  facet normal 0 0 1
    outer loop
      vertex 5 104.536 3
      vertex 7.66072 108.255 3
      vertex 7.44436 108.444 3
    endloop
  endfacet
  facet normal 0 0 1
    outer loop
      vertex 5 104.536 3
      vertex 7.44436 108.444 3
      vertex 7.25462 108.661 3
    endloop
  endfacet
  facet normal 0 0 1
    outer loop
      vertex 5 104.536 3
      vertex 7.25462 108.661 3
      vertex 7.09474 108.9 3
    endloop
  endfacet
  facet normal 0 0 1
    outer loop
      vertex 5 104.536 3
      vertex 7.09474 108.9 3
      vertex 6.96746 109.158 3
    endloop
  endfacet
  facet normal 0 0 1
    outer loop
      vertex 5 104.536 3
      vertex 6.96746 109.158 3
      vertex 6.87496 109.431 3
    endloop
  endfacet
  facet normal 0 0 1
    outer loop
      vertex 5 104.536 3
      vertex 6.87496 109.431 3
      vertex 6.81882 109.713 3
    endloop
  endfacet
  facet normal 0 0 1
    outer loop
      vertex 5 104.536 3
      vertex 6.81882 109.713 3
      vertex 6.8 110 3
    endloop
  endfacet
  facet normal 0 0 1
    outer loop
      vertex 9 125 3
      vertex 7.09474 111.1 3
      vertex 7.25462 111.339 3
    endloop
  endfacet
  facet normal 0 0 1
    outer loop
      vertex 7.9 108.095 3
      vertex 6.47789 104.034 3
      vertex 7 104 3
    endloop
  endfacet
  facet normal 0 0 1
    outer loop
      vertex 9 125 3
      vertex 5.41329 132.782 3
      vertex 7.09474 111.1 3
    endloop
  endfacet
  facet normal 0 0 1
    outer loop
      vertex 7.09474 111.1 3
      vertex 5.41329 132.782 3
      vertex 6.96746 110.842 3
    endloop
  endfacet
  facet normal 0 0 1
    outer loop
      vertex 5.26795 133 3
      vertex 6.96746 110.842 3
      vertex 5.41329 132.782 3
    endloop
  endfacet
  facet normal 0 0 1
    outer loop
      vertex 7.66072 108.255 3
      vertex 5 104.536 3
      vertex 5.46927 104.304 3
    endloop
  endfacet
  facet normal 0 0 1
    outer loop
      vertex 6.96746 110.842 3
      vertex 5.26795 133 3
      vertex 6.87496 110.569 3
    endloop
  endfacet
  facet normal 0 0 1
    outer loop
      vertex 5.15224 133.235 3
      vertex 6.87496 110.569 3
      vertex 5.26795 133 3
    endloop
  endfacet
  facet normal 0 0 1
    outer loop
      vertex 7.9 108.095 3
      vertex 5.96472 104.136 3
      vertex 6.47789 104.034 3
    endloop
  endfacet
  facet normal 0 0 1
    outer loop
      vertex 5 104.536 3
      vertex 6.87496 110.569 3
      vertex 5.15224 133.235 3
    endloop
  endfacet
  facet normal 0 0 1
    outer loop
      vertex 6.87496 110.569 3
      vertex 5 104.536 3
      vertex 6.81882 110.287 3
    endloop
  endfacet
  facet normal 0 0 1
    outer loop
      vertex 6.81882 110.287 3
      vertex 5 104.536 3
      vertex 6.8 110 3
    endloop
  endfacet
  facet normal 0 0 1
    outer loop
      vertex 5 104.536 3
      vertex 5.15224 133.235 3
      vertex 5.06815 133.482 3
    endloop
  endfacet
  facet normal 0 0 1
    outer loop
      vertex 5 104.536 3
      vertex 5.06815 133.482 3
      vertex 5.01711 133.739 3
    endloop
  endfacet
  facet normal 0 0 1
    outer loop
      vertex 5 104.536 3
      vertex 5.01711 133.739 3
      vertex 5 134 3
    endloop
  endfacet
  facet normal 0 0 1
    outer loop
      vertex 7.66072 108.255 3
      vertex 5.46927 104.304 3
      vertex 5.96472 104.136 3
    endloop
  endfacet
  facet normal 0 0 1
    outer loop
      vertex 151 192 3
      vertex 148 163.732 3
      vertex 148.218 163.587 3
    endloop
  endfacet
  facet normal -0 0 1
    outer loop
      vertex 144.556 187.444 3
      vertex 148 163.732 3
      vertex 144.745 187.661 3
    endloop
  endfacet
  facet normal 0 0 1
    outer loop
      vertex 148 163.732 3
      vertex 144.556 187.444 3
      vertex 147.765 163.848 3
    endloop
  endfacet
  facet normal -0 0 1
    outer loop
      vertex 144.339 187.255 3
      vertex 147.765 163.848 3
      vertex 144.556 187.444 3
    endloop
  endfacet
  facet normal 0 0 1
    outer loop
      vertex 147.765 163.848 3
      vertex 144.339 187.255 3
      vertex 147.518 163.932 3
    endloop
  endfacet
  facet normal -0 0 1
    outer loop
      vertex 144.1 187.095 3
      vertex 147.518 163.932 3
      vertex 144.339 187.255 3
    endloop
  endfacet
  facet normal 0 0 1
    outer loop
      vertex 147.518 163.932 3
      vertex 144.1 187.095 3
      vertex 147.261 163.983 3
    endloop
  endfacet
  facet normal -0 0 1
    outer loop
      vertex 143.842 186.967 3
      vertex 147.261 163.983 3
      vertex 144.1 187.095 3
    endloop
  endfacet
  facet normal 0 0 1
    outer loop
      vertex 147.261 163.983 3
      vertex 143.842 186.967 3
      vertex 147 164 3
    endloop
  endfacet
  facet normal -0 0 1
    outer loop
      vertex 143.569 186.875 3
      vertex 147 164 3
      vertex 143.842 186.967 3
    endloop
  endfacet
  facet normal -0 0 1
    outer loop
      vertex 143.287 186.819 3
      vertex 147 164 3
      vertex 143.569 186.875 3
    endloop
  endfacet
  facet normal 0 0 1
    outer loop
      vertex 135.264 180.565 3
      vertex 143.287 186.819 3
      vertex 143 186.8 3
    endloop
  endfacet
  facet normal 0 0 1
    outer loop
      vertex 135.366 181.078 3
      vertex 143 186.8 3
      vertex 142.713 186.819 3
    endloop
  endfacet
  facet normal 0 0 1
    outer loop
      vertex 135.366 181.078 3
      vertex 142.713 186.819 3
      vertex 142.431 186.875 3
    endloop
  endfacet
  facet normal 0 0 1
    outer loop
      vertex 135.4 181.6 3
      vertex 142.431 186.875 3
      vertex 142.158 186.967 3
    endloop
  endfacet
  facet normal 0 0 1
    outer loop
      vertex 135.4 181.6 3
      vertex 142.158 186.967 3
      vertex 141.9 187.095 3
    endloop
  endfacet
  facet normal 0 0 1
    outer loop
      vertex 135.4 181.6 3
      vertex 141.9 187.095 3
      vertex 141.661 187.255 3
    endloop
  endfacet
  facet normal 0 0 1
    outer loop
      vertex 135.4 181.6 3
      vertex 141.661 187.255 3
      vertex 141.444 187.444 3
    endloop
  endfacet
  facet normal 0 0 1
    outer loop
      vertex 135.4 181.6 3
      vertex 141.444 187.444 3
      vertex 141.255 187.661 3
    endloop
  endfacet
  facet normal 0 0 1
    outer loop
      vertex 135.4 181.6 3
      vertex 141.255 187.661 3
      vertex 141.095 187.9 3
    endloop
  endfacet
  facet normal 0 0 1
    outer loop
      vertex 135.4 181.6 3
      vertex 141.095 187.9 3
      vertex 140.967 188.158 3
    endloop
  endfacet
  facet normal 0 0 1
    outer loop
      vertex 135.4 181.6 3
      vertex 140.967 188.158 3
      vertex 140.875 188.431 3
    endloop
  endfacet
  facet normal 0 0 1
    outer loop
      vertex 135.4 181.6 3
      vertex 140.819 188.713 3
      vertex 140.8 189 3
    endloop
  endfacet
  facet normal 0 0 1
    outer loop
      vertex 135.4 181.6 3
      vertex 140.875 188.431 3
      vertex 140.819 188.713 3
    endloop
  endfacet
  facet normal 0 0 1
    outer loop
      vertex 142.431 186.875 3
      vertex 135.4 181.6 3
      vertex 135.366 181.078 3
    endloop
  endfacet
  facet normal 0 0 1
    outer loop
      vertex 143 186.8 3
      vertex 135.366 181.078 3
      vertex 135.264 180.565 3
    endloop
  endfacet
  facet normal 0 0 1
    outer loop
      vertex 143.287 186.819 3
      vertex 135.264 180.565 3
      vertex 135.096 180.069 3
    endloop
  endfacet
  facet normal 0 0 1
    outer loop
      vertex 143.287 186.819 3
      vertex 135.096 180.069 3
      vertex 147 164 3
    endloop
  endfacet
  facet normal -0 0 1
    outer loop
      vertex 134.864 179.6 3
      vertex 147 164 3
      vertex 135.096 180.069 3
    endloop
  endfacet
  facet normal -0 0 1
    outer loop
      vertex 134.573 179.165 3
      vertex 147 164 3
      vertex 134.864 179.6 3
    endloop
  endfacet
  facet normal -0 0 1
    outer loop
      vertex 134.228 178.772 3
      vertex 147 164 3
      vertex 134.573 179.165 3
    endloop
  endfacet
  facet normal -0 0 1
    outer loop
      vertex 133.835 178.427 3
      vertex 147 164 3
      vertex 134.228 178.772 3
    endloop
  endfacet
  facet normal -0 0 1
    outer loop
      vertex 133.4 178.136 3
      vertex 147 164 3
      vertex 133.835 178.427 3
    endloop
  endfacet
  facet normal 0 0 1
    outer loop
      vertex 128.9 164 3
      vertex 133.4 178.136 3
      vertex 132.931 177.904 3
    endloop
  endfacet
  facet normal 0 0 1
    outer loop
      vertex 128.9 164 3
      vertex 132.931 177.904 3
      vertex 132.435 177.736 3
    endloop
  endfacet
  facet normal 0 0 1
    outer loop
      vertex 128.9 164 3
      vertex 132.435 177.736 3
      vertex 131.922 177.634 3
    endloop
  endfacet
  facet normal 0 0 1
    outer loop
      vertex 128.9 164 3
      vertex 131.922 177.634 3
      vertex 131.4 177.6 3
    endloop
  endfacet
  facet normal 0 0 1
    outer loop
      vertex 128.9 164 3
      vertex 131.4 177.6 3
      vertex 130.878 177.634 3
    endloop
  endfacet
  facet normal 0 0 1
    outer loop
      vertex 128.9 164 3
      vertex 130.878 177.634 3
      vertex 130.365 177.736 3
    endloop
  endfacet
  facet normal 0 0 1
    outer loop
      vertex 128.9 164 3
      vertex 130.365 177.736 3
      vertex 129.869 177.904 3
    endloop
  endfacet
  facet normal 0 0 1
    outer loop
      vertex 128.9 164 3
      vertex 129.869 177.904 3
      vertex 129.4 178.136 3
    endloop
  endfacet
  facet normal 0 0 1
    outer loop
      vertex 128.9 164 3
      vertex 129.4 178.136 3
      vertex 128.965 178.427 3
    endloop
  endfacet
  facet normal 0 0 1
    outer loop
      vertex 133.4 178.136 3
      vertex 128.9 164 3
      vertex 147 164 3
    endloop
  endfacet
  facet normal 0 0 1
    outer loop
      vertex 128.9 164 3
      vertex 128.965 178.427 3
      vertex 128.9 178.484 3
    endloop
  endfacet
  facet normal 0 0 1
    outer loop
      vertex 142.967 110.842 3
      vertex 138 111 3
      vertex 142.875 110.569 3
    endloop
  endfacet
  facet normal 0 0 1
    outer loop
      vertex 142.875 110.569 3
      vertex 138 111 3
      vertex 142.819 110.287 3
    endloop
  endfacet
  facet normal -0 0 1
    outer loop
      vertex 135.096 116.869 3
      vertex 138 111 3
      vertex 135.264 117.365 3
    endloop
  endfacet
  facet normal -0 0 1
    outer loop
      vertex 134.864 116.4 3
      vertex 138 111 3
      vertex 135.096 116.869 3
    endloop
  endfacet
  facet normal -0 0 1
    outer loop
      vertex 134.573 115.965 3
      vertex 138 111 3
      vertex 134.864 116.4 3
    endloop
  endfacet
  facet normal -0 0 1
    outer loop
      vertex 134.228 115.572 3
      vertex 138 111 3
      vertex 134.573 115.965 3
    endloop
  endfacet
  facet normal -0 0 1
    outer loop
      vertex 133.835 115.227 3
      vertex 138 111 3
      vertex 134.228 115.572 3
    endloop
  endfacet
  facet normal -0 0 1
    outer loop
      vertex 133.4 114.936 3
      vertex 138 111 3
      vertex 133.835 115.227 3
    endloop
  endfacet
  facet normal -0 0 1
    outer loop
      vertex 132.931 114.704 3
      vertex 138 111 3
      vertex 133.4 114.936 3
    endloop
  endfacet
  facet normal -0 0 1
    outer loop
      vertex 132.435 114.536 3
      vertex 138 111 3
      vertex 132.931 114.704 3
    endloop
  endfacet
  facet normal 0 0 1
    outer loop
      vertex 130 111 3
      vertex 132.435 114.536 3
      vertex 131.922 114.434 3
    endloop
  endfacet
  facet normal 0 0 1
    outer loop
      vertex 130 111 3
      vertex 131.922 114.434 3
      vertex 131.4 114.4 3
    endloop
  endfacet
  facet normal 0 0 1
    outer loop
      vertex 130 111 3
      vertex 131.4 114.4 3
      vertex 130.878 114.434 3
    endloop
  endfacet
  facet normal 0 0 1
    outer loop
      vertex 128.9 112.4 3
      vertex 130.878 114.434 3
      vertex 130.365 114.536 3
    endloop
  endfacet
  facet normal 0 0 1
    outer loop
      vertex 132.435 114.536 3
      vertex 130 111 3
      vertex 138 111 3
    endloop
  endfacet
  facet normal 0 0 1
    outer loop
      vertex 128.9 112.4 3
      vertex 129.869 114.704 3
      vertex 129.4 114.936 3
    endloop
  endfacet
  facet normal 0 0 1
    outer loop
      vertex 130.878 114.434 3
      vertex 128.9 112.4 3
      vertex 130 111 3
    endloop
  endfacet
  facet normal 0 0 1
    outer loop
      vertex 130 111 3
      vertex 128.9 112.4 3
      vertex 130 110.25 3
    endloop
  endfacet
  facet normal 0 0 1
    outer loop
      vertex 128.9 112.4 3
      vertex 130.365 114.536 3
      vertex 129.869 114.704 3
    endloop
  endfacet
  facet normal 0.75151 -0.659722 0
    outer loop
      vertex 149.828 105.172 3
      vertex 150.173 105.565 0
      vertex 150.173 105.565 3
    endloop
  endfacet
  facet normal 0.75151 -0.659722 0
    outer loop
      vertex 150.173 105.565 0
      vertex 149.828 105.172 3
      vertex 149.828 105.172 0
    endloop
  endfacet
  facet normal -0.831441 0.555613 0
    outer loop
      vertex 3.5359 194 0
      vertex 3.82659 194.435 3
      vertex 3.82659 194.435 0
    endloop
  endfacet
  facet normal -0.831441 0.555613 0
    outer loop
      vertex 3.82659 194.435 3
      vertex 3.5359 194 0
      vertex 3.5359 194 3
    endloop
  endfacet
  facet normal 0.831167 -0.556022 0
    outer loop
      vertex 150.173 105.565 3
      vertex 150.464 106 0
      vertex 150.464 106 3
    endloop
  endfacet
  facet normal 0.831167 -0.556022 0
    outer loop
      vertex 150.464 106 0
      vertex 150.173 105.565 3
      vertex 150.173 105.565 0
    endloop
  endfacet
  facet normal -0.321126 -0.947036 0
    outer loop
      vertex 5.46927 104.304 0
      vertex 5.96472 104.136 3
      vertex 5.46927 104.304 3
    endloop
  endfacet
  facet normal -0.321126 -0.947036 -0
    outer loop
      vertex 5.96472 104.136 3
      vertex 5.46927 104.304 0
      vertex 5.96472 104.136 0
    endloop
  endfacet
  facet normal 0.947145 0.320807 0
    outer loop
      vertex 150.864 193.035 3
      vertex 150.696 193.531 0
      vertex 150.696 193.531 3
    endloop
  endfacet
  facet normal 0.947145 0.320807 0
    outer loop
      vertex 150.696 193.531 0
      vertex 150.864 193.035 3
      vertex 150.864 193.035 0
    endloop
  endfacet
  facet normal 0.947145 -0.320807 0
    outer loop
      vertex 150.696 106.469 3
      vertex 150.864 106.965 0
      vertex 150.864 106.965 3
    endloop
  endfacet
  facet normal 0.947145 -0.320807 0
    outer loop
      vertex 150.864 106.965 0
      vertex 150.696 106.469 3
      vertex 150.696 106.469 0
    endloop
  endfacet
  facet normal -0.659362 0.751826 0
    outer loop
      vertex 4.56495 195.173 0
      vertex 4.17157 194.828 3
      vertex 4.56495 195.173 3
    endloop
  endfacet
  facet normal -0.659362 0.751826 0
    outer loop
      vertex 4.17157 194.828 3
      vertex 4.56495 195.173 0
      vertex 4.17157 194.828 0
    endloop
  endfacet
  facet normal 0.89633 -0.443387 0
    outer loop
      vertex 150.464 106 3
      vertex 150.696 106.469 0
      vertex 150.696 106.469 3
    endloop
  endfacet
  facet normal 0.89633 -0.443387 0
    outer loop
      vertex 150.696 106.469 0
      vertex 150.464 106 3
      vertex 150.464 106 0
    endloop
  endfacet
  facet normal -0.194951 -0.980813 0
    outer loop
      vertex 5.96472 104.136 0
      vertex 6.47789 104.034 3
      vertex 5.96472 104.136 3
    endloop
  endfacet
  facet normal -0.194951 -0.980813 -0
    outer loop
      vertex 6.47789 104.034 3
      vertex 5.96472 104.136 0
      vertex 6.47789 104.034 0
    endloop
  endfacet
  facet normal -0.94704 0.321115 0
    outer loop
      vertex 3.1363 193.035 0
      vertex 3.30448 193.531 3
      vertex 3.30448 193.531 0
    endloop
  endfacet
  facet normal -0.94704 0.321115 0
    outer loop
      vertex 3.30448 193.531 3
      vertex 3.1363 193.035 0
      vertex 3.1363 193.035 3
    endloop
  endfacet
  facet normal 0.556022 -0.831167 0
    outer loop
      vertex 149 104.536 0
      vertex 149.435 104.827 3
      vertex 149 104.536 3
    endloop
  endfacet
  facet normal 0.556022 -0.831167 0
    outer loop
      vertex 149.435 104.827 3
      vertex 149 104.536 0
      vertex 149.435 104.827 0
    endloop
  endfacet
  facet normal -0.89677 0.442496 0
    outer loop
      vertex 3.30448 193.531 0
      vertex 3.5359 194 3
      vertex 3.5359 194 0
    endloop
  endfacet
  facet normal -0.89677 0.442496 0
    outer loop
      vertex 3.5359 194 3
      vertex 3.30448 193.531 0
      vertex 3.30448 193.531 3
    endloop
  endfacet
  facet normal -0.997858 0.0654151 0
    outer loop
      vertex 3 192 0
      vertex 3.03422 192.522 3
      vertex 3.03422 192.522 0
    endloop
  endfacet
  facet normal -0.997858 0.0654151 0
    outer loop
      vertex 3.03422 192.522 3
      vertex 3 192 0
      vertex 3 192 3
    endloop
  endfacet
  facet normal -0.751529 -0.659701 0
    outer loop
      vertex 4.17157 105.172 0
      vertex 3.82659 105.565 3
      vertex 3.82659 105.565 0
    endloop
  endfacet
  facet normal -0.751529 -0.659701 0
    outer loop
      vertex 3.82659 105.565 3
      vertex 4.17157 105.172 0
      vertex 4.17157 105.172 3
    endloop
  endfacet
  facet normal 0.997886 -0.0649964 0
    outer loop
      vertex 150.966 107.478 3
      vertex 151 108 0
      vertex 151 108 3
    endloop
  endfacet
  facet normal 0.997886 -0.0649964 0
    outer loop
      vertex 151 108 0
      vertex 150.966 107.478 3
      vertex 150.966 107.478 0
    endloop
  endfacet
  facet normal 1 -0 0
    outer loop
      vertex 128.9 184.716 38.4
      vertex 128.9 187.6 3
      vertex 128.9 187.6 38.4
    endloop
  endfacet
  facet normal 1 0 0
    outer loop
      vertex 128.9 187.6 3
      vertex 128.9 184.716 38.4
      vertex 128.9 184.716 3
    endloop
  endfacet
  facet normal 1 0 0
    outer loop
      vertex 128.9 116.2 26.4
      vertex 128.9 115.284 8
      vertex 128.9 116.2 8
    endloop
  endfacet
  facet normal 1 -0 0
    outer loop
      vertex 128.9 112.4 26.4
      vertex 128.9 115.284 8
      vertex 128.9 116.2 26.4
    endloop
  endfacet
  facet normal 1 0 0
    outer loop
      vertex 128.9 112.4 3
      vertex 128.9 115.284 8
      vertex 128.9 112.4 26.4
    endloop
  endfacet
  facet normal 1 0 0
    outer loop
      vertex 128.9 115.284 8
      vertex 128.9 112.4 3
      vertex 128.9 115.284 3
    endloop
  endfacet
  facet normal 1 -0 0
    outer loop
      vertex 128.9 121.516 5
      vertex 128.9 132 3
      vertex 128.9 132 5
    endloop
  endfacet
  facet normal 1 0 0
    outer loop
      vertex 128.9 132 3
      vertex 128.9 121.516 5
      vertex 128.9 121.516 3
    endloop
  endfacet
  facet normal 1 -0 0
    outer loop
      vertex 128.9 164 5
      vertex 128.9 178.484 3
      vertex 128.9 178.484 5
    endloop
  endfacet
  facet normal 1 0 0
    outer loop
      vertex 128.9 178.484 3
      vertex 128.9 164 5
      vertex 128.9 164 3
    endloop
  endfacet
  facet normal -1 0 0
    outer loop
      vertex 25.1 184.716 3
      vertex 25.1 187.6 38.4
      vertex 25.1 187.6 3
    endloop
  endfacet
  facet normal -1 -0 0
    outer loop
      vertex 25.1 187.6 38.4
      vertex 25.1 184.716 3
      vertex 25.1 184.716 38.4
    endloop
  endfacet
  facet normal -1 0 0
    outer loop
      vertex 25.1 112.4 3
      vertex 25.1 115.284 38.4
      vertex 25.1 115.284 3
    endloop
  endfacet
  facet normal -1 -0 0
    outer loop
      vertex 25.1 115.284 38.4
      vertex 25.1 112.4 3
      vertex 25.1 112.4 38.4
    endloop
  endfacet
  facet normal -1 0 0
    outer loop
      vertex 25.1 121.516 3
      vertex 25.1 132 5
      vertex 25.1 132 3
    endloop
  endfacet
  facet normal -1 0 0
    outer loop
      vertex 25.1 121.516 38.4
      vertex 25.1 130 9
      vertex 25.1 121.516 3
    endloop
  endfacet
  facet normal -1 -0 0
    outer loop
      vertex 25.1 132 5
      vertex 25.1 121.516 3
      vertex 25.1 130 9
    endloop
  endfacet
  facet normal -1 0 0
    outer loop
      vertex 25.1 178.484 3
      vertex 25.1 170 9
      vertex 25.1 178.484 38.4
    endloop
  endfacet
  facet normal -1 0 0
    outer loop
      vertex 25.1 164 3
      vertex 25.1 170 9
      vertex 25.1 178.484 3
    endloop
  endfacet
  facet normal -1 0 0
    outer loop
      vertex 25.1 164 5
      vertex 25.1 170 9
      vertex 25.1 164 3
    endloop
  endfacet
  facet normal -1 0 0
    outer loop
      vertex 25.1 130 9
      vertex 25.1 164 5
      vertex 25.1 132 5
    endloop
  endfacet
  facet normal -1 0 0
    outer loop
      vertex 25.1 164 5
      vertex 25.1 130 9
      vertex 25.1 170 9
    endloop
  endfacet
  facet normal -1 0 0
    outer loop
      vertex 25.1 170 34.4
      vertex 25.1 178.484 38.4
      vertex 25.1 170 9
    endloop
  endfacet
  facet normal -1 0 0
    outer loop
      vertex 25.1 130 34.4
      vertex 25.1 178.484 38.4
      vertex 25.1 170 34.4
    endloop
  endfacet
  facet normal -1 0 0
    outer loop
      vertex 25.1 130 34.4
      vertex 25.1 121.516 38.4
      vertex 25.1 178.484 38.4
    endloop
  endfacet
  facet normal -1 0 0
    outer loop
      vertex 25.1 130 9
      vertex 25.1 121.516 38.4
      vertex 25.1 130 34.4
    endloop
  endfacet
  facet normal 0 1 0
    outer loop
      vertex 114.4 187.6 27.7
      vertex 128.9 187.6 38.4
      vertex 117.4 187.6 27.7
    endloop
  endfacet
  facet normal 0 1 0
    outer loop
      vertex 128.9 187.6 38.4
      vertex 117.4 187.6 15.7
      vertex 117.4 187.6 27.7
    endloop
  endfacet
  facet normal 0 1 0
    outer loop
      vertex 117.4 187.6 15.7
      vertex 128.9 187.6 3
      vertex 114.4 187.6 15.7
    endloop
  endfacet
  facet normal 0 1 -0
    outer loop
      vertex 128.9 187.6 3
      vertex 117.4 187.6 15.7
      vertex 128.9 187.6 38.4
    endloop
  endfacet
  facet normal 0 1 0
    outer loop
      vertex 128.9 187.6 38.4
      vertex 114.4 187.6 27.7
      vertex 25.1 187.6 38.4
    endloop
  endfacet
  facet normal 0 1 -0
    outer loop
      vertex 114.4 187.6 15.7
      vertex 25.1 187.6 38.4
      vertex 114.4 187.6 27.7
    endloop
  endfacet
  facet normal 0 1 0
    outer loop
      vertex 25.1 187.6 3
      vertex 114.4 187.6 15.7
      vertex 128.9 187.6 3
    endloop
  endfacet
  facet normal 0 1 0
    outer loop
      vertex 114.4 187.6 15.7
      vertex 25.1 187.6 3
      vertex 25.1 187.6 38.4
    endloop
  endfacet
  facet normal 0 -1 0
    outer loop
      vertex 29.6 183.8 38.4
      vertex 114.4 183.8 27.7
      vertex 128.07 183.8 38.4
    endloop
  endfacet
  facet normal 0 -1 0
    outer loop
      vertex 29.6 183.8 38.4
      vertex 114.4 183.8 15.7
      vertex 114.4 183.8 27.7
    endloop
  endfacet
  facet normal 0 -1 0
    outer loop
      vertex 128.07 183.8 5
      vertex 114.4 183.8 15.7
      vertex 29.6 183.8 5
    endloop
  endfacet
  facet normal 0 -1 0
    outer loop
      vertex 29.6 183.8 5
      vertex 114.4 183.8 15.7
      vertex 29.6 183.8 38.4
    endloop
  endfacet
  facet normal 0 -1 0
    outer loop
      vertex 117.4 183.8 27.7
      vertex 128.07 183.8 38.4
      vertex 114.4 183.8 27.7
    endloop
  endfacet
  facet normal 0 -1 0
    outer loop
      vertex 117.4 183.8 15.7
      vertex 128.07 183.8 38.4
      vertex 117.4 183.8 27.7
    endloop
  endfacet
  facet normal 0 -1 0
    outer loop
      vertex 117.4 183.8 15.7
      vertex 128.07 183.8 5
      vertex 128.07 183.8 38.4
    endloop
  endfacet
  facet normal 0 -1 0
    outer loop
      vertex 114.4 183.8 15.7
      vertex 128.07 183.8 5
      vertex 117.4 183.8 15.7
    endloop
  endfacet
  facet normal 0 1 -0
    outer loop
      vertex 128.07 116.2 8
      vertex 127.4 116.2 26.4
      vertex 128.9 116.2 26.4
    endloop
  endfacet
  facet normal 0 1 0
    outer loop
      vertex 128.07 116.2 5
      vertex 114.4 116.2 15.7
      vertex 117.4 116.2 15.7
    endloop
  endfacet
  facet normal 0 1 0
    outer loop
      vertex 128.07 116.2 5
      vertex 98.5 116.2 11
      vertex 103.5 116.2 11
    endloop
  endfacet
  facet normal 0 1 0
    outer loop
      vertex 98.5 116.2 11
      vertex 128.07 116.2 5
      vertex 91.5 116.2 11
    endloop
  endfacet
  facet normal 0 1 0
    outer loop
      vertex 91.5 116.2 11
      vertex 128.07 116.2 5
      vertex 86.5 116.2 11
    endloop
  endfacet
  facet normal 0 1 0
    outer loop
      vertex 86.5 116.2 11
      vertex 128.07 116.2 5
      vertex 79.5 116.2 11
    endloop
  endfacet
  facet normal 0 1 0
    outer loop
      vertex 79.5 116.2 11
      vertex 128.07 116.2 5
      vertex 74.5 116.2 11
    endloop
  endfacet
  facet normal 0 1 0
    outer loop
      vertex 29.6 116.2 5
      vertex 74.5 116.2 11
      vertex 128.07 116.2 5
    endloop
  endfacet
  facet normal 0 1 0
    outer loop
      vertex 74.5 116.2 11
      vertex 29.6 116.2 5
      vertex 67.5 116.2 11
    endloop
  endfacet
  facet normal 0 1 0
    outer loop
      vertex 67.5 116.2 11
      vertex 29.6 116.2 5
      vertex 62.5 116.2 11
    endloop
  endfacet
  facet normal 0 1 -0
    outer loop
      vertex 128.07 116.2 5
      vertex 117.4 116.2 15.7
      vertex 128.07 116.2 8
    endloop
  endfacet
  facet normal 0 1 0
    outer loop
      vertex 127.4 116.2 26.4
      vertex 128.07 116.2 8
      vertex 117.4 116.2 15.7
    endloop
  endfacet
  facet normal 0 1 0
    outer loop
      vertex 128.07 116.2 8
      vertex 128.9 116.2 26.4
      vertex 128.9 116.2 8
    endloop
  endfacet
  facet normal 0 1 -0
    outer loop
      vertex 62.5 116.2 11
      vertex 55.5 116.2 32.4
      vertex 62.5 116.2 32.4
    endloop
  endfacet
  facet normal 0 1 0
    outer loop
      vertex 55.5 116.2 32.4
      vertex 62.5 116.2 11
      vertex 55.5 116.2 11
    endloop
  endfacet
  facet normal 0 1 -0
    outer loop
      vertex 74.5 116.2 11
      vertex 67.5 116.2 32.4
      vertex 74.5 116.2 32.4
    endloop
  endfacet
  facet normal 0 1 0
    outer loop
      vertex 67.5 116.2 32.4
      vertex 74.5 116.2 11
      vertex 67.5 116.2 11
    endloop
  endfacet
  facet normal 0 1 -0
    outer loop
      vertex 86.5 116.2 11
      vertex 79.5 116.2 32.4
      vertex 86.5 116.2 32.4
    endloop
  endfacet
  facet normal 0 1 0
    outer loop
      vertex 79.5 116.2 32.4
      vertex 86.5 116.2 11
      vertex 79.5 116.2 11
    endloop
  endfacet
  facet normal 0 1 -0
    outer loop
      vertex 98.5 116.2 11
      vertex 91.5 116.2 32.4
      vertex 98.5 116.2 32.4
    endloop
  endfacet
  facet normal 0 1 0
    outer loop
      vertex 91.5 116.2 32.4
      vertex 98.5 116.2 11
      vertex 91.5 116.2 11
    endloop
  endfacet
  facet normal 0 1 0
    outer loop
      vertex 98.5 116.2 32.4
      vertex 127.4 116.2 38.4
      vertex 103.5 116.2 32.4
    endloop
  endfacet
  facet normal 0 1 0
    outer loop
      vertex 114.4 116.2 27.7
      vertex 127.4 116.2 38.4
      vertex 117.4 116.2 27.7
    endloop
  endfacet
  facet normal 0 1 -0
    outer loop
      vertex 127.4 116.2 26.4
      vertex 117.4 116.2 27.7
      vertex 127.4 116.2 38.4
    endloop
  endfacet
  facet normal 0 1 0
    outer loop
      vertex 117.4 116.2 27.7
      vertex 127.4 116.2 26.4
      vertex 117.4 116.2 15.7
    endloop
  endfacet
  facet normal 0 1 0
    outer loop
      vertex 91.5 116.2 32.4
      vertex 127.4 116.2 38.4
      vertex 98.5 116.2 32.4
    endloop
  endfacet
  facet normal 0 1 0
    outer loop
      vertex 86.5 116.2 32.4
      vertex 127.4 116.2 38.4
      vertex 91.5 116.2 32.4
    endloop
  endfacet
  facet normal 0 1 0
    outer loop
      vertex 79.5 116.2 32.4
      vertex 127.4 116.2 38.4
      vertex 86.5 116.2 32.4
    endloop
  endfacet
  facet normal 0 1 0
    outer loop
      vertex 127.4 116.2 38.4
      vertex 79.5 116.2 32.4
      vertex 29.6 116.2 38.4
    endloop
  endfacet
  facet normal 0 1 -0
    outer loop
      vertex 74.5 116.2 32.4
      vertex 29.6 116.2 38.4
      vertex 79.5 116.2 32.4
    endloop
  endfacet
  facet normal 0 1 -0
    outer loop
      vertex 67.5 116.2 32.4
      vertex 29.6 116.2 38.4
      vertex 74.5 116.2 32.4
    endloop
  endfacet
  facet normal 0 1 -0
    outer loop
      vertex 62.5 116.2 32.4
      vertex 29.6 116.2 38.4
      vertex 67.5 116.2 32.4
    endloop
  endfacet
  facet normal 0 1 -0
    outer loop
      vertex 55.5 116.2 32.4
      vertex 29.6 116.2 38.4
      vertex 62.5 116.2 32.4
    endloop
  endfacet
  facet normal 0 1 -0
    outer loop
      vertex 50.5 116.2 32.4
      vertex 29.6 116.2 38.4
      vertex 55.5 116.2 32.4
    endloop
  endfacet
  facet normal 0 1 -0
    outer loop
      vertex 50.5 116.2 11
      vertex 29.6 116.2 38.4
      vertex 50.5 116.2 32.4
    endloop
  endfacet
  facet normal 0 1 0
    outer loop
      vertex 114.4 116.2 15.7
      vertex 128.07 116.2 5
      vertex 103.5 116.2 11
    endloop
  endfacet
  facet normal 0 1 0
    outer loop
      vertex 62.5 116.2 11
      vertex 29.6 116.2 5
      vertex 55.5 116.2 11
    endloop
  endfacet
  facet normal 0 1 0
    outer loop
      vertex 50.5 116.2 11
      vertex 29.6 116.2 5
      vertex 29.6 116.2 38.4
    endloop
  endfacet
  facet normal 0 1 0
    outer loop
      vertex 55.5 116.2 11
      vertex 29.6 116.2 5
      vertex 50.5 116.2 11
    endloop
  endfacet
  facet normal 0 1 0
    outer loop
      vertex 127.4 116.2 38.4
      vertex 114.4 116.2 27.7
      vertex 103.5 116.2 32.4
    endloop
  endfacet
  facet normal 0 1 -0
    outer loop
      vertex 114.4 116.2 15.7
      vertex 103.5 116.2 32.4
      vertex 114.4 116.2 27.7
    endloop
  endfacet
  facet normal 0 1 0
    outer loop
      vertex 103.5 116.2 32.4
      vertex 114.4 116.2 15.7
      vertex 103.5 116.2 11
    endloop
  endfacet
  facet normal -1 0 0
    outer loop
      vertex 117.4 112.4 15.7
      vertex 117.4 116.2 27.7
      vertex 117.4 116.2 15.7
    endloop
  endfacet
  facet normal -1 -0 0
    outer loop
      vertex 117.4 116.2 27.7
      vertex 117.4 112.4 15.7
      vertex 117.4 112.4 27.7
    endloop
  endfacet
  facet normal 0 0 -1
    outer loop
      vertex 114.4 112.4 27.7
      vertex 117.4 116.2 27.7
      vertex 117.4 112.4 27.7
    endloop
  endfacet
  facet normal -0 0 -1
    outer loop
      vertex 117.4 116.2 27.7
      vertex 114.4 112.4 27.7
      vertex 114.4 116.2 27.7
    endloop
  endfacet
  facet normal -0 0 1
    outer loop
      vertex 114.4 116.2 15.7
      vertex 117.4 112.4 15.7
      vertex 117.4 116.2 15.7
    endloop
  endfacet
  facet normal 0 0 1
    outer loop
      vertex 117.4 112.4 15.7
      vertex 114.4 116.2 15.7
      vertex 114.4 112.4 15.7
    endloop
  endfacet
  facet normal 1 -0 0
    outer loop
      vertex 114.4 112.4 27.7
      vertex 114.4 116.2 15.7
      vertex 114.4 116.2 27.7
    endloop
  endfacet
  facet normal 1 0 0
    outer loop
      vertex 114.4 116.2 15.7
      vertex 114.4 112.4 27.7
      vertex 114.4 112.4 15.7
    endloop
  endfacet
  facet normal -1 0 0
    outer loop
      vertex 117.4 183.8 15.7
      vertex 117.4 187.6 27.7
      vertex 117.4 187.6 15.7
    endloop
  endfacet
  facet normal -1 -0 0
    outer loop
      vertex 117.4 187.6 27.7
      vertex 117.4 183.8 15.7
      vertex 117.4 183.8 27.7
    endloop
  endfacet
  facet normal 0 0 -1
    outer loop
      vertex 114.4 183.8 27.7
      vertex 117.4 187.6 27.7
      vertex 117.4 183.8 27.7
    endloop
  endfacet
  facet normal -0 0 -1
    outer loop
      vertex 117.4 187.6 27.7
      vertex 114.4 183.8 27.7
      vertex 114.4 187.6 27.7
    endloop
  endfacet
  facet normal -0 0 1
    outer loop
      vertex 114.4 187.6 15.7
      vertex 117.4 183.8 15.7
      vertex 117.4 187.6 15.7
    endloop
  endfacet
  facet normal 0 0 1
    outer loop
      vertex 117.4 183.8 15.7
      vertex 114.4 187.6 15.7
      vertex 114.4 183.8 15.7
    endloop
  endfacet
  facet normal 1 -0 0
    outer loop
      vertex 114.4 183.8 27.7
      vertex 114.4 187.6 15.7
      vertex 114.4 187.6 27.7
    endloop
  endfacet
  facet normal 1 0 0
    outer loop
      vertex 114.4 187.6 15.7
      vertex 114.4 183.8 27.7
      vertex 114.4 183.8 15.7
    endloop
  endfacet
  facet normal -1 0 0
    outer loop
      vertex 55.5 112.4 11
      vertex 55.5 116.2 32.4
      vertex 55.5 116.2 11
    endloop
  endfacet
  facet normal -1 -0 0
    outer loop
      vertex 55.5 116.2 32.4
      vertex 55.5 112.4 11
      vertex 55.5 112.4 32.4
    endloop
  endfacet
  facet normal 0 0 -1
    outer loop
      vertex 50.5 112.4 32.4
      vertex 55.5 116.2 32.4
      vertex 55.5 112.4 32.4
    endloop
  endfacet
  facet normal -0 0 -1
    outer loop
      vertex 55.5 116.2 32.4
      vertex 50.5 112.4 32.4
      vertex 50.5 116.2 32.4
    endloop
  endfacet
  facet normal -0 0 1
    outer loop
      vertex 50.5 116.2 11
      vertex 55.5 112.4 11
      vertex 55.5 116.2 11
    endloop
  endfacet
  facet normal 0 0 1
    outer loop
      vertex 55.5 112.4 11
      vertex 50.5 116.2 11
      vertex 50.5 112.4 11
    endloop
  endfacet
  facet normal 1 -0 0
    outer loop
      vertex 50.5 112.4 32.4
      vertex 50.5 116.2 11
      vertex 50.5 116.2 32.4
    endloop
  endfacet
  facet normal 1 0 0
    outer loop
      vertex 50.5 116.2 11
      vertex 50.5 112.4 32.4
      vertex 50.5 112.4 11
    endloop
  endfacet
  facet normal 0 0 -1
    outer loop
      vertex 62.5 112.4 32.4
      vertex 67.5 116.2 32.4
      vertex 67.5 112.4 32.4
    endloop
  endfacet
  facet normal -0 0 -1
    outer loop
      vertex 67.5 116.2 32.4
      vertex 62.5 112.4 32.4
      vertex 62.5 116.2 32.4
    endloop
  endfacet
  facet normal -0 0 1
    outer loop
      vertex 62.5 116.2 11
      vertex 67.5 112.4 11
      vertex 67.5 116.2 11
    endloop
  endfacet
  facet normal 0 0 1
    outer loop
      vertex 67.5 112.4 11
      vertex 62.5 116.2 11
      vertex 62.5 112.4 11
    endloop
  endfacet
  facet normal 1 -0 0
    outer loop
      vertex 62.5 112.4 32.4
      vertex 62.5 116.2 11
      vertex 62.5 116.2 32.4
    endloop
  endfacet
  facet normal 1 0 0
    outer loop
      vertex 62.5 116.2 11
      vertex 62.5 112.4 32.4
      vertex 62.5 112.4 11
    endloop
  endfacet
  facet normal -1 0 0
    outer loop
      vertex 79.5 112.4 11
      vertex 79.5 116.2 32.4
      vertex 79.5 116.2 11
    endloop
  endfacet
  facet normal -1 -0 0
    outer loop
      vertex 79.5 116.2 32.4
      vertex 79.5 112.4 11
      vertex 79.5 112.4 32.4
    endloop
  endfacet
  facet normal 0 0 -1
    outer loop
      vertex 74.5 112.4 32.4
      vertex 79.5 116.2 32.4
      vertex 79.5 112.4 32.4
    endloop
  endfacet
  facet normal -0 0 -1
    outer loop
      vertex 79.5 116.2 32.4
      vertex 74.5 112.4 32.4
      vertex 74.5 116.2 32.4
    endloop
  endfacet
  facet normal -0 0 1
    outer loop
      vertex 74.5 116.2 11
      vertex 79.5 112.4 11
      vertex 79.5 116.2 11
    endloop
  endfacet
  facet normal 0 0 1
    outer loop
      vertex 79.5 112.4 11
      vertex 74.5 116.2 11
      vertex 74.5 112.4 11
    endloop
  endfacet
  facet normal -1 0 0
    outer loop
      vertex 91.5 112.4 11
      vertex 91.5 116.2 32.4
      vertex 91.5 116.2 11
    endloop
  endfacet
  facet normal -1 -0 0
    outer loop
      vertex 91.5 116.2 32.4
      vertex 91.5 112.4 11
      vertex 91.5 112.4 32.4
    endloop
  endfacet
  facet normal 0 0 -1
    outer loop
      vertex 86.5 112.4 32.4
      vertex 91.5 116.2 32.4
      vertex 91.5 112.4 32.4
    endloop
  endfacet
  facet normal -0 0 -1
    outer loop
      vertex 91.5 116.2 32.4
      vertex 86.5 112.4 32.4
      vertex 86.5 116.2 32.4
    endloop
  endfacet
  facet normal -0 0 1
    outer loop
      vertex 86.5 116.2 11
      vertex 91.5 112.4 11
      vertex 91.5 116.2 11
    endloop
  endfacet
  facet normal 0 0 1
    outer loop
      vertex 91.5 112.4 11
      vertex 86.5 116.2 11
      vertex 86.5 112.4 11
    endloop
  endfacet
  facet normal 1 -0 0
    outer loop
      vertex 86.5 112.4 32.4
      vertex 86.5 116.2 11
      vertex 86.5 116.2 32.4
    endloop
  endfacet
  facet normal 1 0 0
    outer loop
      vertex 86.5 116.2 11
      vertex 86.5 112.4 32.4
      vertex 86.5 112.4 11
    endloop
  endfacet
  facet normal -1 0 0
    outer loop
      vertex 103.5 112.4 11
      vertex 103.5 116.2 32.4
      vertex 103.5 116.2 11
    endloop
  endfacet
  facet normal -1 -0 0
    outer loop
      vertex 103.5 116.2 32.4
      vertex 103.5 112.4 11
      vertex 103.5 112.4 32.4
    endloop
  endfacet
  facet normal 0 0 -1
    outer loop
      vertex 98.5 112.4 32.4
      vertex 103.5 116.2 32.4
      vertex 103.5 112.4 32.4
    endloop
  endfacet
  facet normal -0 0 -1
    outer loop
      vertex 103.5 116.2 32.4
      vertex 98.5 112.4 32.4
      vertex 98.5 116.2 32.4
    endloop
  endfacet
  facet normal -0 0 1
    outer loop
      vertex 98.5 116.2 11
      vertex 103.5 112.4 11
      vertex 103.5 116.2 11
    endloop
  endfacet
  facet normal 0 0 1
    outer loop
      vertex 103.5 112.4 11
      vertex 98.5 116.2 11
      vertex 98.5 112.4 11
    endloop
  endfacet
  facet normal 1 -0 0
    outer loop
      vertex 98.5 112.4 32.4
      vertex 98.5 116.2 11
      vertex 98.5 116.2 32.4
    endloop
  endfacet
  facet normal 1 0 0
    outer loop
      vertex 98.5 116.2 11
      vertex 98.5 112.4 32.4
      vertex 98.5 112.4 11
    endloop
  endfacet
  facet normal 0.444296 0.89588 -0
    outer loop
      vertex 10.1581 186.967 0
      vertex 9.9 187.095 3
      vertex 10.1581 186.967 3
    endloop
  endfacet
  facet normal 0.444296 0.89588 0
    outer loop
      vertex 9.9 187.095 3
      vertex 10.1581 186.967 0
      vertex 9.9 187.095 0
    endloop
  endfacet
  facet normal -0.980714 -0.195447 0
    outer loop
      vertex 13.1812 189.287 0
      vertex 13.125 189.569 3
      vertex 13.125 189.569 0
    endloop
  endfacet
  facet normal -0.980714 -0.195447 0
    outer loop
      vertex 13.125 189.569 3
      vertex 13.1812 189.287 0
      vertex 13.1812 189.287 3
    endloop
  endfacet
  facet normal -0.997861 -0.0653651 0
    outer loop
      vertex 13.2 189 0
      vertex 13.1812 189.287 3
      vertex 13.1812 189.287 0
    endloop
  endfacet
  facet normal -0.997861 -0.0653651 0
    outer loop
      vertex 13.1812 189.287 3
      vertex 13.2 189 0
      vertex 13.2 189 3
    endloop
  endfacet
  facet normal -0.444296 -0.89588 0
    outer loop
      vertex 11.8419 191.033 0
      vertex 12.1 190.905 3
      vertex 11.8419 191.033 3
    endloop
  endfacet
  facet normal -0.444296 -0.89588 -0
    outer loop
      vertex 12.1 190.905 3
      vertex 11.8419 191.033 0
      vertex 12.1 190.905 0
    endloop
  endfacet
  facet normal 0.752809 0.658239 0
    outer loop
      vertex 9.44436 187.444 3
      vertex 9.25462 187.661 0
      vertex 9.25462 187.661 3
    endloop
  endfacet
  facet normal 0.752809 0.658239 0
    outer loop
      vertex 9.25462 187.661 0
      vertex 9.44436 187.444 3
      vertex 9.44436 187.444 0
    endloop
  endfacet
  facet normal 0.319876 0.947459 -0
    outer loop
      vertex 10.4306 186.875 0
      vertex 10.1581 186.967 3
      vertex 10.4306 186.875 3
    endloop
  endfacet
  facet normal 0.319876 0.947459 0
    outer loop
      vertex 10.1581 186.967 3
      vertex 10.4306 186.875 0
      vertex 10.1581 186.967 0
    endloop
  endfacet
  facet normal -0.657987 -0.753029 0
    outer loop
      vertex 12.3393 190.745 0
      vertex 12.5556 190.556 3
      vertex 12.3393 190.745 3
    endloop
  endfacet
  facet normal -0.657987 -0.753029 -0
    outer loop
      vertex 12.5556 190.556 3
      vertex 12.3393 190.745 0
      vertex 12.5556 190.556 0
    endloop
  endfacet
  facet normal -0.657987 0.753029 0
    outer loop
      vertex 12.5556 187.444 0
      vertex 12.3393 187.255 3
      vertex 12.5556 187.444 3
    endloop
  endfacet
  facet normal -0.657987 0.753029 0
    outer loop
      vertex 12.3393 187.255 3
      vertex 12.5556 187.444 0
      vertex 12.3393 187.255 0
    endloop
  endfacet
  facet normal -0.0660117 0.997819 0
    outer loop
      vertex 11.2872 186.819 0
      vertex 11 186.8 3
      vertex 11.2872 186.819 3
    endloop
  endfacet
  facet normal -0.0660117 0.997819 0
    outer loop
      vertex 11 186.8 3
      vertex 11.2872 186.819 0
      vertex 11 186.8 0
    endloop
  endfacet
  facet normal -0.947111 0.320907 0
    outer loop
      vertex 13.0325 188.158 0
      vertex 13.125 188.431 3
      vertex 13.125 188.431 0
    endloop
  endfacet
  facet normal -0.947111 0.320907 0
    outer loop
      vertex 13.125 188.431 3
      vertex 13.0325 188.158 0
      vertex 13.0325 188.158 3
    endloop
  endfacet
  facet normal -0.997861 0.0653651 0
    outer loop
      vertex 13.1812 188.713 0
      vertex 13.2 189 3
      vertex 13.2 189 0
    endloop
  endfacet
  facet normal -0.997861 0.0653651 0
    outer loop
      vertex 13.2 189 3
      vertex 13.1812 188.713 0
      vertex 13.1812 188.713 3
    endloop
  endfacet
  facet normal 0.0660117 -0.997819 0
    outer loop
      vertex 10.7128 191.181 0
      vertex 11 191.2 3
      vertex 10.7128 191.181 3
    endloop
  endfacet
  facet normal 0.0660117 -0.997819 0
    outer loop
      vertex 11 191.2 3
      vertex 10.7128 191.181 0
      vertex 11 191.2 0
    endloop
  endfacet
  facet normal 0.831172 -0.556016 0
    outer loop
      vertex 9.09474 190.1 3
      vertex 9.25462 190.339 0
      vertex 9.25462 190.339 3
    endloop
  endfacet
  facet normal 0.831172 -0.556016 0
    outer loop
      vertex 9.25462 190.339 0
      vertex 9.09474 190.1 3
      vertex 9.09474 190.1 0
    endloop
  endfacet
  facet normal 0.194645 0.980874 -0
    outer loop
      vertex 10.7128 186.819 0
      vertex 10.4306 186.875 3
      vertex 10.7128 186.819 3
    endloop
  endfacet
  facet normal 0.194645 0.980874 0
    outer loop
      vertex 10.4306 186.875 3
      vertex 10.7128 186.819 0
      vertex 10.4306 186.875 0
    endloop
  endfacet
  facet normal -0.83114 0.556064 0
    outer loop
      vertex 12.7454 187.661 0
      vertex 12.9053 187.9 3
      vertex 12.9053 187.9 0
    endloop
  endfacet
  facet normal -0.83114 0.556064 0
    outer loop
      vertex 12.9053 187.9 3
      vertex 12.7454 187.661 0
      vertex 12.7454 187.661 3
    endloop
  endfacet
  facet normal -0.896916 -0.442201 0
    outer loop
      vertex 13.0325 189.842 0
      vertex 12.9053 190.1 3
      vertex 12.9053 190.1 0
    endloop
  endfacet
  facet normal -0.896916 -0.442201 0
    outer loop
      vertex 12.9053 190.1 3
      vertex 13.0325 189.842 0
      vertex 13.0325 189.842 3
    endloop
  endfacet
  facet normal -0.896916 0.442201 0
    outer loop
      vertex 12.9053 187.9 0
      vertex 13.0325 188.158 3
      vertex 13.0325 188.158 0
    endloop
  endfacet
  facet normal -0.896916 0.442201 0
    outer loop
      vertex 13.0325 188.158 3
      vertex 12.9053 187.9 0
      vertex 12.9053 187.9 3
    endloop
  endfacet
  facet normal -0.444296 0.89588 0
    outer loop
      vertex 12.1 187.095 0
      vertex 11.8419 186.967 3
      vertex 12.1 187.095 3
    endloop
  endfacet
  facet normal -0.444296 0.89588 0
    outer loop
      vertex 11.8419 186.967 3
      vertex 12.1 187.095 0
      vertex 11.8419 186.967 0
    endloop
  endfacet
  facet normal 0.980754 0.195247 0
    outer loop
      vertex 8.87496 188.431 3
      vertex 8.81882 188.713 0
      vertex 8.81882 188.713 3
    endloop
  endfacet
  facet normal 0.980754 0.195247 0
    outer loop
      vertex 8.81882 188.713 0
      vertex 8.87496 188.431 3
      vertex 8.87496 188.431 0
    endloop
  endfacet
  facet normal -0.947111 -0.320907 0
    outer loop
      vertex 13.125 189.569 0
      vertex 13.0325 189.842 3
      vertex 13.0325 189.842 0
    endloop
  endfacet
  facet normal -0.947111 -0.320907 0
    outer loop
      vertex 13.0325 189.842 3
      vertex 13.125 189.569 0
      vertex 13.125 189.569 3
    endloop
  endfacet
  facet normal -0.194645 0.980874 0
    outer loop
      vertex 11.5694 186.875 0
      vertex 11.2872 186.819 3
      vertex 11.5694 186.875 3
    endloop
  endfacet
  facet normal -0.194645 0.980874 0
    outer loop
      vertex 11.2872 186.819 3
      vertex 11.5694 186.875 0
      vertex 11.2872 186.819 0
    endloop
  endfacet
  facet normal -0.555822 0.831301 0
    outer loop
      vertex 12.3393 187.255 0
      vertex 12.1 187.095 3
      vertex 12.3393 187.255 3
    endloop
  endfacet
  facet normal -0.555822 0.831301 0
    outer loop
      vertex 12.1 187.095 3
      vertex 12.3393 187.255 0
      vertex 12.1 187.095 0
    endloop
  endfacet
  facet normal 0.752809 -0.658239 0
    outer loop
      vertex 9.25462 190.339 3
      vertex 9.44436 190.556 0
      vertex 9.44436 190.556 3
    endloop
  endfacet
  facet normal 0.752809 -0.658239 0
    outer loop
      vertex 9.44436 190.556 0
      vertex 9.25462 190.339 3
      vertex 9.25462 190.339 0
    endloop
  endfacet
  facet normal -0.752706 0.658357 0
    outer loop
      vertex 12.5556 187.444 0
      vertex 12.7454 187.661 3
      vertex 12.7454 187.661 0
    endloop
  endfacet
  facet normal -0.752706 0.658357 0
    outer loop
      vertex 12.7454 187.661 3
      vertex 12.5556 187.444 0
      vertex 12.5556 187.444 3
    endloop
  endfacet
  facet normal -0.83114 -0.556064 0
    outer loop
      vertex 12.9053 190.1 0
      vertex 12.7454 190.339 3
      vertex 12.7454 190.339 0
    endloop
  endfacet
  facet normal -0.83114 -0.556064 0
    outer loop
      vertex 12.7454 190.339 3
      vertex 12.9053 190.1 0
      vertex 12.9053 190.1 3
    endloop
  endfacet
  facet normal -0.555822 -0.831301 0
    outer loop
      vertex 12.1 190.905 0
      vertex 12.3393 190.745 3
      vertex 12.1 190.905 3
    endloop
  endfacet
  facet normal -0.555822 -0.831301 -0
    outer loop
      vertex 12.3393 190.745 3
      vertex 12.1 190.905 0
      vertex 12.3393 190.745 0
    endloop
  endfacet
  facet normal -0.194645 -0.980874 0
    outer loop
      vertex 11.2872 191.181 0
      vertex 11.5694 191.125 3
      vertex 11.2872 191.181 3
    endloop
  endfacet
  facet normal -0.194645 -0.980874 -0
    outer loop
      vertex 11.5694 191.125 3
      vertex 11.2872 191.181 0
      vertex 11.5694 191.125 0
    endloop
  endfacet
  facet normal -0.319876 0.947459 0
    outer loop
      vertex 11.8419 186.967 0
      vertex 11.5694 186.875 3
      vertex 11.8419 186.967 3
    endloop
  endfacet
  facet normal -0.319876 0.947459 0
    outer loop
      vertex 11.5694 186.875 3
      vertex 11.8419 186.967 0
      vertex 11.5694 186.875 0
    endloop
  endfacet
  facet normal 0.194645 -0.980874 0
    outer loop
      vertex 10.4306 191.125 0
      vertex 10.7128 191.181 3
      vertex 10.4306 191.125 3
    endloop
  endfacet
  facet normal 0.194645 -0.980874 0
    outer loop
      vertex 10.7128 191.181 3
      vertex 10.4306 191.125 0
      vertex 10.7128 191.181 0
    endloop
  endfacet
  facet normal 0.896806 0.442424 0
    outer loop
      vertex 9.09474 187.9 3
      vertex 8.96746 188.158 0
      vertex 8.96746 188.158 3
    endloop
  endfacet
  facet normal 0.896806 0.442424 0
    outer loop
      vertex 8.96746 188.158 0
      vertex 9.09474 187.9 3
      vertex 9.09474 187.9 0
    endloop
  endfacet
  facet normal -0.980714 0.195447 0
    outer loop
      vertex 13.125 188.431 0
      vertex 13.1812 188.713 3
      vertex 13.1812 188.713 0
    endloop
  endfacet
  facet normal -0.980714 0.195447 0
    outer loop
      vertex 13.1812 188.713 3
      vertex 13.125 188.431 0
      vertex 13.125 188.431 3
    endloop
  endfacet
  facet normal 0.657883 -0.75312 0
    outer loop
      vertex 9.44436 190.556 0
      vertex 9.66072 190.745 3
      vertex 9.44436 190.556 3
    endloop
  endfacet
  facet normal 0.657883 -0.75312 0
    outer loop
      vertex 9.66072 190.745 3
      vertex 9.44436 190.556 0
      vertex 9.66072 190.745 0
    endloop
  endfacet
  facet normal 0.947111 -0.320907 0
    outer loop
      vertex 8.87496 189.569 3
      vertex 8.96746 189.842 0
      vertex 8.96746 189.842 3
    endloop
  endfacet
  facet normal 0.947111 -0.320907 0
    outer loop
      vertex 8.96746 189.842 0
      vertex 8.87496 189.569 3
      vertex 8.87496 189.569 0
    endloop
  endfacet
  facet normal 0.997857 -0.0654344 0
    outer loop
      vertex 8.8 189 3
      vertex 8.81882 189.287 0
      vertex 8.81882 189.287 3
    endloop
  endfacet
  facet normal 0.997857 -0.0654344 0
    outer loop
      vertex 8.81882 189.287 0
      vertex 8.8 189 3
      vertex 8.8 189 0
    endloop
  endfacet
  facet normal -0.0660117 -0.997819 0
    outer loop
      vertex 11 191.2 0
      vertex 11.2872 191.181 3
      vertex 11 191.2 3
    endloop
  endfacet
  facet normal -0.0660117 -0.997819 -0
    outer loop
      vertex 11.2872 191.181 3
      vertex 11 191.2 0
      vertex 11.2872 191.181 0
    endloop
  endfacet
  facet normal -0.319876 -0.947459 0
    outer loop
      vertex 11.5694 191.125 0
      vertex 11.8419 191.033 3
      vertex 11.5694 191.125 3
    endloop
  endfacet
  facet normal -0.319876 -0.947459 -0
    outer loop
      vertex 11.8419 191.033 3
      vertex 11.5694 191.125 0
      vertex 11.8419 191.033 0
    endloop
  endfacet
  facet normal -0.752706 -0.658357 0
    outer loop
      vertex 12.7454 190.339 0
      vertex 12.5556 190.556 3
      vertex 12.5556 190.556 0
    endloop
  endfacet
  facet normal -0.752706 -0.658357 0
    outer loop
      vertex 12.5556 190.556 3
      vertex 12.7454 190.339 0
      vertex 12.7454 190.339 3
    endloop
  endfacet
  facet normal 0.319876 -0.947459 0
    outer loop
      vertex 10.1581 191.033 0
      vertex 10.4306 191.125 3
      vertex 10.1581 191.033 3
    endloop
  endfacet
  facet normal 0.319876 -0.947459 0
    outer loop
      vertex 10.4306 191.125 3
      vertex 10.1581 191.033 0
      vertex 10.4306 191.125 0
    endloop
  endfacet
  facet normal 0.980754 -0.195247 0
    outer loop
      vertex 8.81882 189.287 3
      vertex 8.87496 189.569 0
      vertex 8.87496 189.569 3
    endloop
  endfacet
  facet normal 0.980754 -0.195247 0
    outer loop
      vertex 8.87496 189.569 0
      vertex 8.81882 189.287 3
      vertex 8.81882 189.287 0
    endloop
  endfacet
  facet normal 0.444296 -0.89588 0
    outer loop
      vertex 9.9 190.905 0
      vertex 10.1581 191.033 3
      vertex 9.9 190.905 3
    endloop
  endfacet
  facet normal 0.444296 -0.89588 0
    outer loop
      vertex 10.1581 191.033 3
      vertex 9.9 190.905 0
      vertex 10.1581 191.033 0
    endloop
  endfacet
  facet normal 0.997857 0.0654344 0
    outer loop
      vertex 8.81882 188.713 3
      vertex 8.8 189 0
      vertex 8.8 189 3
    endloop
  endfacet
  facet normal 0.997857 0.0654344 0
    outer loop
      vertex 8.8 189 0
      vertex 8.81882 188.713 3
      vertex 8.81882 188.713 0
    endloop
  endfacet
  facet normal 0.831172 0.556016 0
    outer loop
      vertex 9.25462 187.661 3
      vertex 9.09474 187.9 0
      vertex 9.09474 187.9 3
    endloop
  endfacet
  facet normal 0.831172 0.556016 0
    outer loop
      vertex 9.09474 187.9 0
      vertex 9.25462 187.661 3
      vertex 9.25462 187.661 0
    endloop
  endfacet
  facet normal 0.947111 0.320907 0
    outer loop
      vertex 8.96746 188.158 3
      vertex 8.87496 188.431 0
      vertex 8.87496 188.431 3
    endloop
  endfacet
  facet normal 0.947111 0.320907 0
    outer loop
      vertex 8.87496 188.431 0
      vertex 8.96746 188.158 3
      vertex 8.96746 188.158 0
    endloop
  endfacet
  facet normal 0.555854 -0.83128 0
    outer loop
      vertex 9.66072 190.745 0
      vertex 9.9 190.905 3
      vertex 9.66072 190.745 3
    endloop
  endfacet
  facet normal 0.555854 -0.83128 0
    outer loop
      vertex 9.9 190.905 3
      vertex 9.66072 190.745 0
      vertex 9.9 190.905 0
    endloop
  endfacet
  facet normal 0.0660117 0.997819 -0
    outer loop
      vertex 11 186.8 0
      vertex 10.7128 186.819 3
      vertex 11 186.8 3
    endloop
  endfacet
  facet normal 0.0660117 0.997819 0
    outer loop
      vertex 10.7128 186.819 3
      vertex 11 186.8 0
      vertex 10.7128 186.819 0
    endloop
  endfacet
  facet normal 0.555854 0.83128 -0
    outer loop
      vertex 9.9 187.095 0
      vertex 9.66072 187.255 3
      vertex 9.9 187.095 3
    endloop
  endfacet
  facet normal 0.555854 0.83128 0
    outer loop
      vertex 9.66072 187.255 3
      vertex 9.9 187.095 0
      vertex 9.66072 187.255 0
    endloop
  endfacet
  facet normal 0.896806 -0.442424 0
    outer loop
      vertex 8.96746 189.842 3
      vertex 9.09474 190.1 0
      vertex 9.09474 190.1 3
    endloop
  endfacet
  facet normal 0.896806 -0.442424 0
    outer loop
      vertex 9.09474 190.1 0
      vertex 8.96746 189.842 3
      vertex 8.96746 189.842 0
    endloop
  endfacet
  facet normal 0.657883 0.75312 -0
    outer loop
      vertex 9.66072 187.255 0
      vertex 9.44436 187.444 3
      vertex 9.66072 187.255 3
    endloop
  endfacet
  facet normal 0.657883 0.75312 0
    outer loop
      vertex 9.44436 187.444 3
      vertex 9.66072 187.255 0
      vertex 9.44436 187.444 0
    endloop
  endfacet
  facet normal 0.656781 -0.754082 0
    outer loop
      vertex 141.444 190.556 0
      vertex 141.661 190.745 3
      vertex 141.444 190.556 3
    endloop
  endfacet
  facet normal 0.656781 -0.754082 0
    outer loop
      vertex 141.661 190.745 3
      vertex 141.444 190.556 0
      vertex 141.661 190.745 0
    endloop
  endfacet
  facet normal -0.656781 -0.754082 0
    outer loop
      vertex 144.339 190.745 0
      vertex 144.556 190.556 3
      vertex 144.339 190.745 3
    endloop
  endfacet
  facet normal -0.656781 -0.754082 -0
    outer loop
      vertex 144.556 190.556 3
      vertex 144.339 190.745 0
      vertex 144.556 190.556 0
    endloop
  endfacet
  facet normal -0.947637 0.31935 0
    outer loop
      vertex 145.033 188.158 0
      vertex 145.125 188.431 3
      vertex 145.125 188.431 0
    endloop
  endfacet
  facet normal -0.947637 0.31935 0
    outer loop
      vertex 145.125 188.431 3
      vertex 145.033 188.158 0
      vertex 145.033 188.158 3
    endloop
  endfacet
  facet normal -0.656781 0.754082 0
    outer loop
      vertex 144.556 187.444 0
      vertex 144.339 187.255 3
      vertex 144.556 187.444 3
    endloop
  endfacet
  facet normal -0.656781 0.754082 0
    outer loop
      vertex 144.339 187.255 3
      vertex 144.556 187.444 0
      vertex 144.339 187.255 0
    endloop
  endfacet
  facet normal 0.895812 0.444434 0
    outer loop
      vertex 141.095 187.9 3
      vertex 140.967 188.158 0
      vertex 140.967 188.158 3
    endloop
  endfacet
  facet normal 0.895812 0.444434 0
    outer loop
      vertex 140.967 188.158 0
      vertex 141.095 187.9 3
      vertex 141.095 187.9 0
    endloop
  endfacet
  facet normal 0.997816 0.0660575 0
    outer loop
      vertex 140.819 188.713 3
      vertex 140.8 189 0
      vertex 140.8 189 3
    endloop
  endfacet
  facet normal 0.997816 0.0660575 0
    outer loop
      vertex 140.8 189 0
      vertex 140.819 188.713 3
      vertex 140.819 188.713 0
    endloop
  endfacet
  facet normal 0.31935 -0.947637 0
    outer loop
      vertex 142.158 191.033 0
      vertex 142.431 191.125 3
      vertex 142.158 191.033 3
    endloop
  endfacet
  facet normal 0.31935 -0.947637 0
    outer loop
      vertex 142.431 191.125 3
      vertex 142.158 191.033 0
      vertex 142.431 191.125 0
    endloop
  endfacet
  facet normal 0.656781 0.754082 -0
    outer loop
      vertex 141.661 187.255 0
      vertex 141.444 187.444 3
      vertex 141.661 187.255 3
    endloop
  endfacet
  facet normal 0.656781 0.754082 0
    outer loop
      vertex 141.444 187.444 3
      vertex 141.661 187.255 0
      vertex 141.444 187.444 0
    endloop
  endfacet
  facet normal 0.947637 -0.31935 0
    outer loop
      vertex 140.875 189.569 3
      vertex 140.967 189.842 0
      vertex 140.967 189.842 3
    endloop
  endfacet
  facet normal 0.947637 -0.31935 0
    outer loop
      vertex 140.967 189.842 0
      vertex 140.875 189.569 3
      vertex 140.875 189.569 0
    endloop
  endfacet
  facet normal -0.997816 -0.0660575 0
    outer loop
      vertex 145.2 189 0
      vertex 145.181 189.287 3
      vertex 145.181 189.287 0
    endloop
  endfacet
  facet normal -0.997816 -0.0660575 0
    outer loop
      vertex 145.181 189.287 3
      vertex 145.2 189 0
      vertex 145.2 189 3
    endloop
  endfacet
  facet normal 0.754082 -0.656781 0
    outer loop
      vertex 141.255 190.339 3
      vertex 141.444 190.556 0
      vertex 141.444 190.556 3
    endloop
  endfacet
  facet normal 0.754082 -0.656781 0
    outer loop
      vertex 141.444 190.556 0
      vertex 141.255 190.339 3
      vertex 141.255 190.339 0
    endloop
  endfacet
  facet normal -0.830979 -0.556304 0
    outer loop
      vertex 144.905 190.1 0
      vertex 144.745 190.339 3
      vertex 144.745 190.339 0
    endloop
  endfacet
  facet normal -0.830979 -0.556304 0
    outer loop
      vertex 144.745 190.339 3
      vertex 144.905 190.1 0
      vertex 144.905 190.1 3
    endloop
  endfacet
  facet normal 0.194778 -0.980847 0
    outer loop
      vertex 142.431 191.125 0
      vertex 142.713 191.181 3
      vertex 142.431 191.125 3
    endloop
  endfacet
  facet normal 0.194778 -0.980847 0
    outer loop
      vertex 142.713 191.181 3
      vertex 142.431 191.125 0
      vertex 142.713 191.181 0
    endloop
  endfacet
  facet normal -0.980847 -0.194778 0
    outer loop
      vertex 145.181 189.287 0
      vertex 145.125 189.569 3
      vertex 145.125 189.569 0
    endloop
  endfacet
  facet normal -0.980847 -0.194778 0
    outer loop
      vertex 145.125 189.569 3
      vertex 145.181 189.287 0
      vertex 145.181 189.287 3
    endloop
  endfacet
  facet normal 0.830979 0.556304 0
    outer loop
      vertex 141.255 187.661 3
      vertex 141.095 187.9 0
      vertex 141.095 187.9 3
    endloop
  endfacet
  facet normal 0.830979 0.556304 0
    outer loop
      vertex 141.095 187.9 0
      vertex 141.255 187.661 3
      vertex 141.255 187.661 0
    endloop
  endfacet
  facet normal 0.444434 -0.895812 0
    outer loop
      vertex 141.9 190.905 0
      vertex 142.158 191.033 3
      vertex 141.9 190.905 3
    endloop
  endfacet
  facet normal 0.444434 -0.895812 0
    outer loop
      vertex 142.158 191.033 3
      vertex 141.9 190.905 0
      vertex 142.158 191.033 0
    endloop
  endfacet
  facet normal -0.556304 -0.830979 0
    outer loop
      vertex 144.1 190.905 0
      vertex 144.339 190.745 3
      vertex 144.1 190.905 3
    endloop
  endfacet
  facet normal -0.556304 -0.830979 -0
    outer loop
      vertex 144.339 190.745 3
      vertex 144.1 190.905 0
      vertex 144.339 190.745 0
    endloop
  endfacet
  facet normal -0.754082 0.656781 0
    outer loop
      vertex 144.556 187.444 0
      vertex 144.745 187.661 3
      vertex 144.745 187.661 0
    endloop
  endfacet
  facet normal -0.754082 0.656781 0
    outer loop
      vertex 144.745 187.661 3
      vertex 144.556 187.444 0
      vertex 144.556 187.444 3
    endloop
  endfacet
  facet normal -0.0660575 -0.997816 0
    outer loop
      vertex 143 191.2 0
      vertex 143.287 191.181 3
      vertex 143 191.2 3
    endloop
  endfacet
  facet normal -0.0660575 -0.997816 -0
    outer loop
      vertex 143.287 191.181 3
      vertex 143 191.2 0
      vertex 143.287 191.181 0
    endloop
  endfacet
  facet normal -0.754082 -0.656781 0
    outer loop
      vertex 144.745 190.339 0
      vertex 144.556 190.556 3
      vertex 144.556 190.556 0
    endloop
  endfacet
  facet normal -0.754082 -0.656781 0
    outer loop
      vertex 144.556 190.556 3
      vertex 144.745 190.339 0
      vertex 144.745 190.339 3
    endloop
  endfacet
  facet normal 0.895812 -0.444434 0
    outer loop
      vertex 140.967 189.842 3
      vertex 141.095 190.1 0
      vertex 141.095 190.1 3
    endloop
  endfacet
  facet normal 0.895812 -0.444434 0
    outer loop
      vertex 141.095 190.1 0
      vertex 140.967 189.842 3
      vertex 140.967 189.842 0
    endloop
  endfacet
  facet normal -0.895812 0.444434 0
    outer loop
      vertex 144.905 187.9 0
      vertex 145.033 188.158 3
      vertex 145.033 188.158 0
    endloop
  endfacet
  facet normal -0.895812 0.444434 0
    outer loop
      vertex 145.033 188.158 3
      vertex 144.905 187.9 0
      vertex 144.905 187.9 3
    endloop
  endfacet
  facet normal -0.830979 0.556304 0
    outer loop
      vertex 144.745 187.661 0
      vertex 144.905 187.9 3
      vertex 144.905 187.9 0
    endloop
  endfacet
  facet normal -0.830979 0.556304 0
    outer loop
      vertex 144.905 187.9 3
      vertex 144.745 187.661 0
      vertex 144.745 187.661 3
    endloop
  endfacet
  facet normal -0.997816 0.0660575 0
    outer loop
      vertex 145.181 188.713 0
      vertex 145.2 189 3
      vertex 145.2 189 0
    endloop
  endfacet
  facet normal -0.997816 0.0660575 0
    outer loop
      vertex 145.2 189 3
      vertex 145.181 188.713 0
      vertex 145.181 188.713 3
    endloop
  endfacet
  facet normal 0.830979 -0.556304 0
    outer loop
      vertex 141.095 190.1 3
      vertex 141.255 190.339 0
      vertex 141.255 190.339 3
    endloop
  endfacet
  facet normal 0.830979 -0.556304 0
    outer loop
      vertex 141.255 190.339 0
      vertex 141.095 190.1 3
      vertex 141.095 190.1 0
    endloop
  endfacet
  facet normal -0.444434 0.895812 0
    outer loop
      vertex 144.1 187.095 0
      vertex 143.842 186.967 3
      vertex 144.1 187.095 3
    endloop
  endfacet
  facet normal -0.444434 0.895812 0
    outer loop
      vertex 143.842 186.967 3
      vertex 144.1 187.095 0
      vertex 143.842 186.967 0
    endloop
  endfacet
  facet normal 0.0660575 -0.997816 0
    outer loop
      vertex 142.713 191.181 0
      vertex 143 191.2 3
      vertex 142.713 191.181 3
    endloop
  endfacet
  facet normal 0.0660575 -0.997816 0
    outer loop
      vertex 143 191.2 3
      vertex 142.713 191.181 0
      vertex 143 191.2 0
    endloop
  endfacet
  facet normal -0.556304 0.830979 0
    outer loop
      vertex 144.339 187.255 0
      vertex 144.1 187.095 3
      vertex 144.339 187.255 3
    endloop
  endfacet
  facet normal -0.556304 0.830979 0
    outer loop
      vertex 144.1 187.095 3
      vertex 144.339 187.255 0
      vertex 144.1 187.095 0
    endloop
  endfacet
  facet normal -0.31935 -0.947637 0
    outer loop
      vertex 143.569 191.125 0
      vertex 143.842 191.033 3
      vertex 143.569 191.125 3
    endloop
  endfacet
  facet normal -0.31935 -0.947637 -0
    outer loop
      vertex 143.842 191.033 3
      vertex 143.569 191.125 0
      vertex 143.842 191.033 0
    endloop
  endfacet
  facet normal -0.444434 -0.895812 0
    outer loop
      vertex 143.842 191.033 0
      vertex 144.1 190.905 3
      vertex 143.842 191.033 3
    endloop
  endfacet
  facet normal -0.444434 -0.895812 -0
    outer loop
      vertex 144.1 190.905 3
      vertex 143.842 191.033 0
      vertex 144.1 190.905 0
    endloop
  endfacet
  facet normal -0.194778 -0.980847 0
    outer loop
      vertex 143.287 191.181 0
      vertex 143.569 191.125 3
      vertex 143.287 191.181 3
    endloop
  endfacet
  facet normal -0.194778 -0.980847 -0
    outer loop
      vertex 143.569 191.125 3
      vertex 143.287 191.181 0
      vertex 143.569 191.125 0
    endloop
  endfacet
  facet normal -0.31935 0.947637 0
    outer loop
      vertex 143.842 186.967 0
      vertex 143.569 186.875 3
      vertex 143.842 186.967 3
    endloop
  endfacet
  facet normal -0.31935 0.947637 0
    outer loop
      vertex 143.569 186.875 3
      vertex 143.842 186.967 0
      vertex 143.569 186.875 0
    endloop
  endfacet
  facet normal 0.556304 -0.830979 0
    outer loop
      vertex 141.661 190.745 0
      vertex 141.9 190.905 3
      vertex 141.661 190.745 3
    endloop
  endfacet
  facet normal 0.556304 -0.830979 0
    outer loop
      vertex 141.9 190.905 3
      vertex 141.661 190.745 0
      vertex 141.9 190.905 0
    endloop
  endfacet
  facet normal -0.194778 0.980847 0
    outer loop
      vertex 143.569 186.875 0
      vertex 143.287 186.819 3
      vertex 143.569 186.875 3
    endloop
  endfacet
  facet normal -0.194778 0.980847 0
    outer loop
      vertex 143.287 186.819 3
      vertex 143.569 186.875 0
      vertex 143.287 186.819 0
    endloop
  endfacet
  facet normal -0.980847 0.194778 0
    outer loop
      vertex 145.125 188.431 0
      vertex 145.181 188.713 3
      vertex 145.181 188.713 0
    endloop
  endfacet
  facet normal -0.980847 0.194778 0
    outer loop
      vertex 145.181 188.713 3
      vertex 145.125 188.431 0
      vertex 145.125 188.431 3
    endloop
  endfacet
  facet normal -0.0660575 0.997816 0
    outer loop
      vertex 143.287 186.819 0
      vertex 143 186.8 3
      vertex 143.287 186.819 3
    endloop
  endfacet
  facet normal -0.0660575 0.997816 0
    outer loop
      vertex 143 186.8 3
      vertex 143.287 186.819 0
      vertex 143 186.8 0
    endloop
  endfacet
  facet normal 0.754082 0.656781 0
    outer loop
      vertex 141.444 187.444 3
      vertex 141.255 187.661 0
      vertex 141.255 187.661 3
    endloop
  endfacet
  facet normal 0.754082 0.656781 0
    outer loop
      vertex 141.255 187.661 0
      vertex 141.444 187.444 3
      vertex 141.444 187.444 0
    endloop
  endfacet
  facet normal -0.947637 -0.31935 0
    outer loop
      vertex 145.125 189.569 0
      vertex 145.033 189.842 3
      vertex 145.033 189.842 0
    endloop
  endfacet
  facet normal -0.947637 -0.31935 0
    outer loop
      vertex 145.033 189.842 3
      vertex 145.125 189.569 0
      vertex 145.125 189.569 3
    endloop
  endfacet
  facet normal -0.895812 -0.444434 0
    outer loop
      vertex 145.033 189.842 0
      vertex 144.905 190.1 3
      vertex 144.905 190.1 0
    endloop
  endfacet
  facet normal -0.895812 -0.444434 0
    outer loop
      vertex 144.905 190.1 3
      vertex 145.033 189.842 0
      vertex 145.033 189.842 3
    endloop
  endfacet
  facet normal 0.947637 0.31935 0
    outer loop
      vertex 140.967 188.158 3
      vertex 140.875 188.431 0
      vertex 140.875 188.431 3
    endloop
  endfacet
  facet normal 0.947637 0.31935 0
    outer loop
      vertex 140.875 188.431 0
      vertex 140.967 188.158 3
      vertex 140.967 188.158 0
    endloop
  endfacet
  facet normal 0.0660575 0.997816 -0
    outer loop
      vertex 143 186.8 0
      vertex 142.713 186.819 3
      vertex 143 186.8 3
    endloop
  endfacet
  facet normal 0.0660575 0.997816 0
    outer loop
      vertex 142.713 186.819 3
      vertex 143 186.8 0
      vertex 142.713 186.819 0
    endloop
  endfacet
  facet normal 0.980847 0.194778 0
    outer loop
      vertex 140.875 188.431 3
      vertex 140.819 188.713 0
      vertex 140.819 188.713 3
    endloop
  endfacet
  facet normal 0.980847 0.194778 0
    outer loop
      vertex 140.819 188.713 0
      vertex 140.875 188.431 3
      vertex 140.875 188.431 0
    endloop
  endfacet
  facet normal 0.980847 -0.194778 0
    outer loop
      vertex 140.819 189.287 3
      vertex 140.875 189.569 0
      vertex 140.875 189.569 3
    endloop
  endfacet
  facet normal 0.980847 -0.194778 0
    outer loop
      vertex 140.875 189.569 0
      vertex 140.819 189.287 3
      vertex 140.819 189.287 0
    endloop
  endfacet
  facet normal 0.997816 -0.0660575 0
    outer loop
      vertex 140.8 189 3
      vertex 140.819 189.287 0
      vertex 140.819 189.287 3
    endloop
  endfacet
  facet normal 0.997816 -0.0660575 0
    outer loop
      vertex 140.819 189.287 0
      vertex 140.8 189 3
      vertex 140.8 189 0
    endloop
  endfacet
  facet normal 0.556304 0.830979 -0
    outer loop
      vertex 141.9 187.095 0
      vertex 141.661 187.255 3
      vertex 141.9 187.095 3
    endloop
  endfacet
  facet normal 0.556304 0.830979 0
    outer loop
      vertex 141.661 187.255 3
      vertex 141.9 187.095 0
      vertex 141.661 187.255 0
    endloop
  endfacet
  facet normal 0.444434 0.895812 -0
    outer loop
      vertex 142.158 186.967 0
      vertex 141.9 187.095 3
      vertex 142.158 186.967 3
    endloop
  endfacet
  facet normal 0.444434 0.895812 0
    outer loop
      vertex 141.9 187.095 3
      vertex 142.158 186.967 0
      vertex 141.9 187.095 0
    endloop
  endfacet
  facet normal 0.31935 0.947637 -0
    outer loop
      vertex 142.431 186.875 0
      vertex 142.158 186.967 3
      vertex 142.431 186.875 3
    endloop
  endfacet
  facet normal 0.31935 0.947637 0
    outer loop
      vertex 142.158 186.967 3
      vertex 142.431 186.875 0
      vertex 142.158 186.967 0
    endloop
  endfacet
  facet normal 0.194778 0.980847 -0
    outer loop
      vertex 142.713 186.819 0
      vertex 142.431 186.875 3
      vertex 142.713 186.819 3
    endloop
  endfacet
  facet normal 0.194778 0.980847 0
    outer loop
      vertex 142.431 186.875 3
      vertex 142.713 186.819 0
      vertex 142.431 186.875 0
    endloop
  endfacet
  facet normal 0.444296 0.89588 -0
    outer loop
      vertex 8.1581 107.967 0
      vertex 7.9 108.095 3
      vertex 8.1581 107.967 3
    endloop
  endfacet
  facet normal 0.444296 0.89588 0
    outer loop
      vertex 7.9 108.095 3
      vertex 8.1581 107.967 0
      vertex 7.9 108.095 0
    endloop
  endfacet
  facet normal -0.980714 -0.195447 0
    outer loop
      vertex 11.1812 110.287 0
      vertex 11.125 110.569 3
      vertex 11.125 110.569 0
    endloop
  endfacet
  facet normal -0.980714 -0.195447 0
    outer loop
      vertex 11.125 110.569 3
      vertex 11.1812 110.287 0
      vertex 11.1812 110.287 3
    endloop
  endfacet
  facet normal -0.997861 -0.0653651 0
    outer loop
      vertex 11.2 110 0
      vertex 11.1812 110.287 3
      vertex 11.1812 110.287 0
    endloop
  endfacet
  facet normal -0.997861 -0.0653651 0
    outer loop
      vertex 11.1812 110.287 3
      vertex 11.2 110 0
      vertex 11.2 110 3
    endloop
  endfacet
  facet normal 0.947111 0.320907 0
    outer loop
      vertex 6.96746 109.158 3
      vertex 6.87496 109.431 0
      vertex 6.87496 109.431 3
    endloop
  endfacet
  facet normal 0.947111 0.320907 0
    outer loop
      vertex 6.87496 109.431 0
      vertex 6.96746 109.158 3
      vertex 6.96746 109.158 0
    endloop
  endfacet
  facet normal -0.444296 -0.89588 0
    outer loop
      vertex 9.8419 112.033 0
      vertex 10.1 111.905 3
      vertex 9.8419 112.033 3
    endloop
  endfacet
  facet normal -0.444296 -0.89588 -0
    outer loop
      vertex 10.1 111.905 3
      vertex 9.8419 112.033 0
      vertex 10.1 111.905 0
    endloop
  endfacet
  facet normal 0.752809 0.658239 0
    outer loop
      vertex 7.44436 108.444 3
      vertex 7.25462 108.661 0
      vertex 7.25462 108.661 3
    endloop
  endfacet
  facet normal 0.752809 0.658239 0
    outer loop
      vertex 7.25462 108.661 0
      vertex 7.44436 108.444 3
      vertex 7.44436 108.444 0
    endloop
  endfacet
  facet normal 0.319876 0.947459 -0
    outer loop
      vertex 8.4306 107.875 0
      vertex 8.1581 107.967 3
      vertex 8.4306 107.875 3
    endloop
  endfacet
  facet normal 0.319876 0.947459 0
    outer loop
      vertex 8.1581 107.967 3
      vertex 8.4306 107.875 0
      vertex 8.1581 107.967 0
    endloop
  endfacet
  facet normal -0.657987 -0.753029 0
    outer loop
      vertex 10.3393 111.745 0
      vertex 10.5556 111.556 3
      vertex 10.3393 111.745 3
    endloop
  endfacet
  facet normal -0.657987 -0.753029 -0
    outer loop
      vertex 10.5556 111.556 3
      vertex 10.3393 111.745 0
      vertex 10.5556 111.556 0
    endloop
  endfacet
  facet normal -0.657987 0.753029 0
    outer loop
      vertex 10.5556 108.444 0
      vertex 10.3393 108.255 3
      vertex 10.5556 108.444 3
    endloop
  endfacet
  facet normal -0.657987 0.753029 0
    outer loop
      vertex 10.3393 108.255 3
      vertex 10.5556 108.444 0
      vertex 10.3393 108.255 0
    endloop
  endfacet
  facet normal -0.0660208 0.997818 0
    outer loop
      vertex 9.28716 107.819 0
      vertex 9 107.8 3
      vertex 9.28716 107.819 3
    endloop
  endfacet
  facet normal -0.0660208 0.997818 0
    outer loop
      vertex 9 107.8 3
      vertex 9.28716 107.819 0
      vertex 9 107.8 0
    endloop
  endfacet
  facet normal -0.947111 0.320907 0
    outer loop
      vertex 11.0325 109.158 0
      vertex 11.125 109.431 3
      vertex 11.125 109.431 0
    endloop
  endfacet
  facet normal -0.947111 0.320907 0
    outer loop
      vertex 11.125 109.431 3
      vertex 11.0325 109.158 0
      vertex 11.0325 109.158 3
    endloop
  endfacet
  facet normal -0.997861 0.0653651 0
    outer loop
      vertex 11.1812 109.713 0
      vertex 11.2 110 3
      vertex 11.2 110 0
    endloop
  endfacet
  facet normal -0.997861 0.0653651 0
    outer loop
      vertex 11.2 110 3
      vertex 11.1812 109.713 0
      vertex 11.1812 109.713 3
    endloop
  endfacet
  facet normal 0.0660208 -0.997818 0
    outer loop
      vertex 8.71284 112.181 0
      vertex 9 112.2 3
      vertex 8.71284 112.181 3
    endloop
  endfacet
  facet normal 0.0660208 -0.997818 0
    outer loop
      vertex 9 112.2 3
      vertex 8.71284 112.181 0
      vertex 9 112.2 0
    endloop
  endfacet
  facet normal 0.831172 -0.556016 0
    outer loop
      vertex 7.09474 111.1 3
      vertex 7.25462 111.339 0
      vertex 7.25462 111.339 3
    endloop
  endfacet
  facet normal 0.831172 -0.556016 0
    outer loop
      vertex 7.25462 111.339 0
      vertex 7.09474 111.1 3
      vertex 7.09474 111.1 0
    endloop
  endfacet
  facet normal 0.194619 0.980879 -0
    outer loop
      vertex 8.71284 107.819 0
      vertex 8.4306 107.875 3
      vertex 8.71284 107.819 3
    endloop
  endfacet
  facet normal 0.194619 0.980879 0
    outer loop
      vertex 8.4306 107.875 3
      vertex 8.71284 107.819 0
      vertex 8.4306 107.875 0
    endloop
  endfacet
  facet normal -0.83114 0.556064 0
    outer loop
      vertex 10.7454 108.661 0
      vertex 10.9053 108.9 3
      vertex 10.9053 108.9 0
    endloop
  endfacet
  facet normal -0.83114 0.556064 0
    outer loop
      vertex 10.9053 108.9 3
      vertex 10.7454 108.661 0
      vertex 10.7454 108.661 3
    endloop
  endfacet
  facet normal -0.896916 -0.442201 0
    outer loop
      vertex 11.0325 110.842 0
      vertex 10.9053 111.1 3
      vertex 10.9053 111.1 0
    endloop
  endfacet
  facet normal -0.896916 -0.442201 0
    outer loop
      vertex 10.9053 111.1 3
      vertex 11.0325 110.842 0
      vertex 11.0325 110.842 3
    endloop
  endfacet
  facet normal -0.896916 0.442201 0
    outer loop
      vertex 10.9053 108.9 0
      vertex 11.0325 109.158 3
      vertex 11.0325 109.158 0
    endloop
  endfacet
  facet normal -0.896916 0.442201 0
    outer loop
      vertex 11.0325 109.158 3
      vertex 10.9053 108.9 0
      vertex 10.9053 108.9 3
    endloop
  endfacet
  facet normal -0.444296 0.89588 0
    outer loop
      vertex 10.1 108.095 0
      vertex 9.8419 107.967 3
      vertex 10.1 108.095 3
    endloop
  endfacet
  facet normal -0.444296 0.89588 0
    outer loop
      vertex 9.8419 107.967 3
      vertex 10.1 108.095 0
      vertex 9.8419 107.967 0
    endloop
  endfacet
  facet normal 0.980754 0.195247 0
    outer loop
      vertex 6.87496 109.431 3
      vertex 6.81882 109.713 0
      vertex 6.81882 109.713 3
    endloop
  endfacet
  facet normal 0.980754 0.195247 0
    outer loop
      vertex 6.81882 109.713 0
      vertex 6.87496 109.431 3
      vertex 6.87496 109.431 0
    endloop
  endfacet
  facet normal -0.947111 -0.320907 0
    outer loop
      vertex 11.125 110.569 0
      vertex 11.0325 110.842 3
      vertex 11.0325 110.842 0
    endloop
  endfacet
  facet normal -0.947111 -0.320907 0
    outer loop
      vertex 11.0325 110.842 3
      vertex 11.125 110.569 0
      vertex 11.125 110.569 3
    endloop
  endfacet
  facet normal -0.194619 0.980879 0
    outer loop
      vertex 9.5694 107.875 0
      vertex 9.28716 107.819 3
      vertex 9.5694 107.875 3
    endloop
  endfacet
  facet normal -0.194619 0.980879 0
    outer loop
      vertex 9.28716 107.819 3
      vertex 9.5694 107.875 0
      vertex 9.28716 107.819 0
    endloop
  endfacet
  facet normal -0.555822 0.831301 0
    outer loop
      vertex 10.3393 108.255 0
      vertex 10.1 108.095 3
      vertex 10.3393 108.255 3
    endloop
  endfacet
  facet normal -0.555822 0.831301 0
    outer loop
      vertex 10.1 108.095 3
      vertex 10.3393 108.255 0
      vertex 10.1 108.095 0
    endloop
  endfacet
  facet normal 0.752809 -0.658239 0
    outer loop
      vertex 7.25462 111.339 3
      vertex 7.44436 111.556 0
      vertex 7.44436 111.556 3
    endloop
  endfacet
  facet normal 0.752809 -0.658239 0
    outer loop
      vertex 7.44436 111.556 0
      vertex 7.25462 111.339 3
      vertex 7.25462 111.339 0
    endloop
  endfacet
  facet normal -0.752706 0.658357 0
    outer loop
      vertex 10.5556 108.444 0
      vertex 10.7454 108.661 3
      vertex 10.7454 108.661 0
    endloop
  endfacet
  facet normal -0.752706 0.658357 0
    outer loop
      vertex 10.7454 108.661 3
      vertex 10.5556 108.444 0
      vertex 10.5556 108.444 3
    endloop
  endfacet
  facet normal -0.83114 -0.556064 0
    outer loop
      vertex 10.9053 111.1 0
      vertex 10.7454 111.339 3
      vertex 10.7454 111.339 0
    endloop
  endfacet
  facet normal -0.83114 -0.556064 0
    outer loop
      vertex 10.7454 111.339 3
      vertex 10.9053 111.1 0
      vertex 10.9053 111.1 3
    endloop
  endfacet
  facet normal -0.555822 -0.831301 0
    outer loop
      vertex 10.1 111.905 0
      vertex 10.3393 111.745 3
      vertex 10.1 111.905 3
    endloop
  endfacet
  facet normal -0.555822 -0.831301 -0
    outer loop
      vertex 10.3393 111.745 3
      vertex 10.1 111.905 0
      vertex 10.3393 111.745 0
    endloop
  endfacet
  facet normal -0.194619 -0.980879 0
    outer loop
      vertex 9.28716 112.181 0
      vertex 9.5694 112.125 3
      vertex 9.28716 112.181 3
    endloop
  endfacet
  facet normal -0.194619 -0.980879 -0
    outer loop
      vertex 9.5694 112.125 3
      vertex 9.28716 112.181 0
      vertex 9.5694 112.125 0
    endloop
  endfacet
  facet normal -0.319876 0.947459 0
    outer loop
      vertex 9.8419 107.967 0
      vertex 9.5694 107.875 3
      vertex 9.8419 107.967 3
    endloop
  endfacet
  facet normal -0.319876 0.947459 0
    outer loop
      vertex 9.5694 107.875 3
      vertex 9.8419 107.967 0
      vertex 9.5694 107.875 0
    endloop
  endfacet
  facet normal 0.194619 -0.980879 0
    outer loop
      vertex 8.4306 112.125 0
      vertex 8.71284 112.181 3
      vertex 8.4306 112.125 3
    endloop
  endfacet
  facet normal 0.194619 -0.980879 0
    outer loop
      vertex 8.71284 112.181 3
      vertex 8.4306 112.125 0
      vertex 8.71284 112.181 0
    endloop
  endfacet
  facet normal 0.896806 0.442424 0
    outer loop
      vertex 7.09474 108.9 3
      vertex 6.96746 109.158 0
      vertex 6.96746 109.158 3
    endloop
  endfacet
  facet normal 0.896806 0.442424 0
    outer loop
      vertex 6.96746 109.158 0
      vertex 7.09474 108.9 3
      vertex 7.09474 108.9 0
    endloop
  endfacet
  facet normal -0.980714 0.195447 0
    outer loop
      vertex 11.125 109.431 0
      vertex 11.1812 109.713 3
      vertex 11.1812 109.713 0
    endloop
  endfacet
  facet normal -0.980714 0.195447 0
    outer loop
      vertex 11.1812 109.713 3
      vertex 11.125 109.431 0
      vertex 11.125 109.431 3
    endloop
  endfacet
  facet normal 0.657883 -0.75312 0
    outer loop
      vertex 7.44436 111.556 0
      vertex 7.66072 111.745 3
      vertex 7.44436 111.556 3
    endloop
  endfacet
  facet normal 0.657883 -0.75312 0
    outer loop
      vertex 7.66072 111.745 3
      vertex 7.44436 111.556 0
      vertex 7.66072 111.745 0
    endloop
  endfacet
  facet normal 0.947111 -0.320907 0
    outer loop
      vertex 6.87496 110.569 3
      vertex 6.96746 110.842 0
      vertex 6.96746 110.842 3
    endloop
  endfacet
  facet normal 0.947111 -0.320907 0
    outer loop
      vertex 6.96746 110.842 0
      vertex 6.87496 110.569 3
      vertex 6.87496 110.569 0
    endloop
  endfacet
  facet normal 0.997857 -0.0654344 0
    outer loop
      vertex 6.8 110 3
      vertex 6.81882 110.287 0
      vertex 6.81882 110.287 3
    endloop
  endfacet
  facet normal 0.997857 -0.0654344 0
    outer loop
      vertex 6.81882 110.287 0
      vertex 6.8 110 3
      vertex 6.8 110 0
    endloop
  endfacet
  facet normal -0.0660208 -0.997818 0
    outer loop
      vertex 9 112.2 0
      vertex 9.28716 112.181 3
      vertex 9 112.2 3
    endloop
  endfacet
  facet normal -0.0660208 -0.997818 -0
    outer loop
      vertex 9.28716 112.181 3
      vertex 9 112.2 0
      vertex 9.28716 112.181 0
    endloop
  endfacet
  facet normal -0.319876 -0.947459 0
    outer loop
      vertex 9.5694 112.125 0
      vertex 9.8419 112.033 3
      vertex 9.5694 112.125 3
    endloop
  endfacet
  facet normal -0.319876 -0.947459 -0
    outer loop
      vertex 9.8419 112.033 3
      vertex 9.5694 112.125 0
      vertex 9.8419 112.033 0
    endloop
  endfacet
  facet normal -0.752706 -0.658357 0
    outer loop
      vertex 10.7454 111.339 0
      vertex 10.5556 111.556 3
      vertex 10.5556 111.556 0
    endloop
  endfacet
  facet normal -0.752706 -0.658357 0
    outer loop
      vertex 10.5556 111.556 3
      vertex 10.7454 111.339 0
      vertex 10.7454 111.339 3
    endloop
  endfacet
  facet normal 0.319876 -0.947459 0
    outer loop
      vertex 8.1581 112.033 0
      vertex 8.4306 112.125 3
      vertex 8.1581 112.033 3
    endloop
  endfacet
  facet normal 0.319876 -0.947459 0
    outer loop
      vertex 8.4306 112.125 3
      vertex 8.1581 112.033 0
      vertex 8.4306 112.125 0
    endloop
  endfacet
  facet normal 0.980754 -0.195247 0
    outer loop
      vertex 6.81882 110.287 3
      vertex 6.87496 110.569 0
      vertex 6.87496 110.569 3
    endloop
  endfacet
  facet normal 0.980754 -0.195247 0
    outer loop
      vertex 6.87496 110.569 0
      vertex 6.81882 110.287 3
      vertex 6.81882 110.287 0
    endloop
  endfacet
  facet normal 0.444296 -0.89588 0
    outer loop
      vertex 7.9 111.905 0
      vertex 8.1581 112.033 3
      vertex 7.9 111.905 3
    endloop
  endfacet
  facet normal 0.444296 -0.89588 0
    outer loop
      vertex 8.1581 112.033 3
      vertex 7.9 111.905 0
      vertex 8.1581 112.033 0
    endloop
  endfacet
  facet normal 0.997857 0.0654344 0
    outer loop
      vertex 6.81882 109.713 3
      vertex 6.8 110 0
      vertex 6.8 110 3
    endloop
  endfacet
  facet normal 0.997857 0.0654344 0
    outer loop
      vertex 6.8 110 0
      vertex 6.81882 109.713 3
      vertex 6.81882 109.713 0
    endloop
  endfacet
  facet normal 0.831172 0.556016 0
    outer loop
      vertex 7.25462 108.661 3
      vertex 7.09474 108.9 0
      vertex 7.09474 108.9 3
    endloop
  endfacet
  facet normal 0.831172 0.556016 0
    outer loop
      vertex 7.09474 108.9 0
      vertex 7.25462 108.661 3
      vertex 7.25462 108.661 0
    endloop
  endfacet
  facet normal 0.555854 -0.83128 0
    outer loop
      vertex 7.66072 111.745 0
      vertex 7.9 111.905 3
      vertex 7.66072 111.745 3
    endloop
  endfacet
  facet normal 0.555854 -0.83128 0
    outer loop
      vertex 7.9 111.905 3
      vertex 7.66072 111.745 0
      vertex 7.9 111.905 0
    endloop
  endfacet
  facet normal 0.0660208 0.997818 -0
    outer loop
      vertex 9 107.8 0
      vertex 8.71284 107.819 3
      vertex 9 107.8 3
    endloop
  endfacet
  facet normal 0.0660208 0.997818 0
    outer loop
      vertex 8.71284 107.819 3
      vertex 9 107.8 0
      vertex 8.71284 107.819 0
    endloop
  endfacet
  facet normal 0.555854 0.83128 -0
    outer loop
      vertex 7.9 108.095 0
      vertex 7.66072 108.255 3
      vertex 7.9 108.095 3
    endloop
  endfacet
  facet normal 0.555854 0.83128 0
    outer loop
      vertex 7.66072 108.255 3
      vertex 7.9 108.095 0
      vertex 7.66072 108.255 0
    endloop
  endfacet
  facet normal 0.896806 -0.442424 0
    outer loop
      vertex 6.96746 110.842 3
      vertex 7.09474 111.1 0
      vertex 7.09474 111.1 3
    endloop
  endfacet
  facet normal 0.896806 -0.442424 0
    outer loop
      vertex 7.09474 111.1 0
      vertex 6.96746 110.842 3
      vertex 6.96746 110.842 0
    endloop
  endfacet
  facet normal 0.657883 0.75312 -0
    outer loop
      vertex 7.66072 108.255 0
      vertex 7.44436 108.444 3
      vertex 7.66072 108.255 3
    endloop
  endfacet
  facet normal 0.657883 0.75312 0
    outer loop
      vertex 7.44436 108.444 3
      vertex 7.66072 108.255 0
      vertex 7.44436 108.444 0
    endloop
  endfacet
  facet normal -0.980847 -0.194778 0
    outer loop
      vertex 147.181 110.287 0
      vertex 147.125 110.569 3
      vertex 147.125 110.569 0
    endloop
  endfacet
  facet normal -0.980847 -0.194778 0
    outer loop
      vertex 147.125 110.569 3
      vertex 147.181 110.287 0
      vertex 147.181 110.287 3
    endloop
  endfacet
  facet normal -0.997816 -0.0660575 0
    outer loop
      vertex 147.2 110 0
      vertex 147.181 110.287 3
      vertex 147.181 110.287 0
    endloop
  endfacet
  facet normal -0.997816 -0.0660575 0
    outer loop
      vertex 147.181 110.287 3
      vertex 147.2 110 0
      vertex 147.2 110 3
    endloop
  endfacet
  facet normal 0.754082 0.656781 0
    outer loop
      vertex 143.444 108.444 3
      vertex 143.255 108.661 0
      vertex 143.255 108.661 3
    endloop
  endfacet
  facet normal 0.754082 0.656781 0
    outer loop
      vertex 143.255 108.661 0
      vertex 143.444 108.444 3
      vertex 143.444 108.444 0
    endloop
  endfacet
  facet normal 0.31935 -0.947637 0
    outer loop
      vertex 144.158 112.033 0
      vertex 144.431 112.125 3
      vertex 144.158 112.033 3
    endloop
  endfacet
  facet normal 0.31935 -0.947637 0
    outer loop
      vertex 144.431 112.125 3
      vertex 144.158 112.033 0
      vertex 144.431 112.125 0
    endloop
  endfacet
  facet normal 0.31935 0.947637 -0
    outer loop
      vertex 144.431 107.875 0
      vertex 144.158 107.967 3
      vertex 144.431 107.875 3
    endloop
  endfacet
  facet normal 0.31935 0.947637 0
    outer loop
      vertex 144.158 107.967 3
      vertex 144.431 107.875 0
      vertex 144.158 107.967 0
    endloop
  endfacet
  facet normal -0.0660575 0.997816 0
    outer loop
      vertex 145.287 107.819 0
      vertex 145 107.8 3
      vertex 145.287 107.819 3
    endloop
  endfacet
  facet normal -0.0660575 0.997816 0
    outer loop
      vertex 145 107.8 3
      vertex 145.287 107.819 0
      vertex 145 107.8 0
    endloop
  endfacet
  facet normal 0.895812 0.444434 0
    outer loop
      vertex 143.095 108.9 3
      vertex 142.967 109.158 0
      vertex 142.967 109.158 3
    endloop
  endfacet
  facet normal 0.895812 0.444434 0
    outer loop
      vertex 142.967 109.158 0
      vertex 143.095 108.9 3
      vertex 143.095 108.9 0
    endloop
  endfacet
  facet normal -0.444434 0.895812 0
    outer loop
      vertex 146.1 108.095 0
      vertex 145.842 107.967 3
      vertex 146.1 108.095 3
    endloop
  endfacet
  facet normal -0.444434 0.895812 0
    outer loop
      vertex 145.842 107.967 3
      vertex 146.1 108.095 0
      vertex 145.842 107.967 0
    endloop
  endfacet
  facet normal -0.444434 -0.895812 0
    outer loop
      vertex 145.842 112.033 0
      vertex 146.1 111.905 3
      vertex 145.842 112.033 3
    endloop
  endfacet
  facet normal -0.444434 -0.895812 -0
    outer loop
      vertex 146.1 111.905 3
      vertex 145.842 112.033 0
      vertex 146.1 111.905 0
    endloop
  endfacet
  facet normal 0.895812 -0.444434 0
    outer loop
      vertex 142.967 110.842 3
      vertex 143.095 111.1 0
      vertex 143.095 111.1 3
    endloop
  endfacet
  facet normal 0.895812 -0.444434 0
    outer loop
      vertex 143.095 111.1 0
      vertex 142.967 110.842 3
      vertex 142.967 110.842 0
    endloop
  endfacet
  facet normal -0.656781 -0.754082 0
    outer loop
      vertex 146.339 111.745 0
      vertex 146.556 111.556 3
      vertex 146.339 111.745 3
    endloop
  endfacet
  facet normal -0.656781 -0.754082 -0
    outer loop
      vertex 146.556 111.556 3
      vertex 146.339 111.745 0
      vertex 146.556 111.556 0
    endloop
  endfacet
  facet normal 0.444434 -0.895812 0
    outer loop
      vertex 143.9 111.905 0
      vertex 144.158 112.033 3
      vertex 143.9 111.905 3
    endloop
  endfacet
  facet normal 0.444434 -0.895812 0
    outer loop
      vertex 144.158 112.033 3
      vertex 143.9 111.905 0
      vertex 144.158 112.033 0
    endloop
  endfacet
  facet normal 0.556304 0.830979 -0
    outer loop
      vertex 143.9 108.095 0
      vertex 143.661 108.255 3
      vertex 143.9 108.095 3
    endloop
  endfacet
  facet normal 0.556304 0.830979 0
    outer loop
      vertex 143.661 108.255 3
      vertex 143.9 108.095 0
      vertex 143.661 108.255 0
    endloop
  endfacet
  facet normal -0.194778 0.980847 0
    outer loop
      vertex 145.569 107.875 0
      vertex 145.287 107.819 3
      vertex 145.569 107.875 3
    endloop
  endfacet
  facet normal -0.194778 0.980847 0
    outer loop
      vertex 145.287 107.819 3
      vertex 145.569 107.875 0
      vertex 145.287 107.819 0
    endloop
  endfacet
  facet normal 0.194778 0.980847 -0
    outer loop
      vertex 144.713 107.819 0
      vertex 144.431 107.875 3
      vertex 144.713 107.819 3
    endloop
  endfacet
  facet normal 0.194778 0.980847 0
    outer loop
      vertex 144.431 107.875 3
      vertex 144.713 107.819 0
      vertex 144.431 107.875 0
    endloop
  endfacet
  facet normal -0.830979 -0.556304 0
    outer loop
      vertex 146.905 111.1 0
      vertex 146.745 111.339 3
      vertex 146.745 111.339 0
    endloop
  endfacet
  facet normal -0.830979 -0.556304 0
    outer loop
      vertex 146.745 111.339 3
      vertex 146.905 111.1 0
      vertex 146.905 111.1 3
    endloop
  endfacet
  facet normal -0.656781 0.754082 0
    outer loop
      vertex 146.556 108.444 0
      vertex 146.339 108.255 3
      vertex 146.556 108.444 3
    endloop
  endfacet
  facet normal -0.656781 0.754082 0
    outer loop
      vertex 146.339 108.255 3
      vertex 146.556 108.444 0
      vertex 146.339 108.255 0
    endloop
  endfacet
  facet normal -0.31935 0.947637 0
    outer loop
      vertex 145.842 107.967 0
      vertex 145.569 107.875 3
      vertex 145.842 107.967 3
    endloop
  endfacet
  facet normal -0.31935 0.947637 0
    outer loop
      vertex 145.569 107.875 3
      vertex 145.842 107.967 0
      vertex 145.569 107.875 0
    endloop
  endfacet
  facet normal 0.980847 0.194778 0
    outer loop
      vertex 142.875 109.431 3
      vertex 142.819 109.713 0
      vertex 142.819 109.713 3
    endloop
  endfacet
  facet normal 0.980847 0.194778 0
    outer loop
      vertex 142.819 109.713 0
      vertex 142.875 109.431 3
      vertex 142.875 109.431 0
    endloop
  endfacet
  facet normal 0.997816 0.0660575 0
    outer loop
      vertex 142.819 109.713 3
      vertex 142.8 110 0
      vertex 142.8 110 3
    endloop
  endfacet
  facet normal 0.997816 0.0660575 0
    outer loop
      vertex 142.8 110 0
      vertex 142.819 109.713 3
      vertex 142.819 109.713 0
    endloop
  endfacet
  facet normal -0.754082 -0.656781 0
    outer loop
      vertex 146.745 111.339 0
      vertex 146.556 111.556 3
      vertex 146.556 111.556 0
    endloop
  endfacet
  facet normal -0.754082 -0.656781 0
    outer loop
      vertex 146.556 111.556 3
      vertex 146.745 111.339 0
      vertex 146.745 111.339 3
    endloop
  endfacet
  facet normal -0.754082 0.656781 0
    outer loop
      vertex 146.556 108.444 0
      vertex 146.745 108.661 3
      vertex 146.745 108.661 0
    endloop
  endfacet
  facet normal -0.754082 0.656781 0
    outer loop
      vertex 146.745 108.661 3
      vertex 146.556 108.444 0
      vertex 146.556 108.444 3
    endloop
  endfacet
  facet normal 0.194778 -0.980847 0
    outer loop
      vertex 144.431 112.125 0
      vertex 144.713 112.181 3
      vertex 144.431 112.125 3
    endloop
  endfacet
  facet normal 0.194778 -0.980847 0
    outer loop
      vertex 144.713 112.181 3
      vertex 144.431 112.125 0
      vertex 144.713 112.181 0
    endloop
  endfacet
  facet normal 0.997816 -0.0660575 0
    outer loop
      vertex 142.8 110 3
      vertex 142.819 110.287 0
      vertex 142.819 110.287 3
    endloop
  endfacet
  facet normal 0.997816 -0.0660575 0
    outer loop
      vertex 142.819 110.287 0
      vertex 142.8 110 3
      vertex 142.8 110 0
    endloop
  endfacet
  facet normal -0.556304 -0.830979 0
    outer loop
      vertex 146.1 111.905 0
      vertex 146.339 111.745 3
      vertex 146.1 111.905 3
    endloop
  endfacet
  facet normal -0.556304 -0.830979 -0
    outer loop
      vertex 146.339 111.745 3
      vertex 146.1 111.905 0
      vertex 146.339 111.745 0
    endloop
  endfacet
  facet normal 0.754082 -0.656781 0
    outer loop
      vertex 143.255 111.339 3
      vertex 143.444 111.556 0
      vertex 143.444 111.556 3
    endloop
  endfacet
  facet normal 0.754082 -0.656781 0
    outer loop
      vertex 143.444 111.556 0
      vertex 143.255 111.339 3
      vertex 143.255 111.339 0
    endloop
  endfacet
  facet normal -0.895812 0.444434 0
    outer loop
      vertex 146.905 108.9 0
      vertex 147.033 109.158 3
      vertex 147.033 109.158 0
    endloop
  endfacet
  facet normal -0.895812 0.444434 0
    outer loop
      vertex 147.033 109.158 3
      vertex 146.905 108.9 0
      vertex 146.905 108.9 3
    endloop
  endfacet
  facet normal -0.947637 -0.31935 0
    outer loop
      vertex 147.125 110.569 0
      vertex 147.033 110.842 3
      vertex 147.033 110.842 0
    endloop
  endfacet
  facet normal -0.947637 -0.31935 0
    outer loop
      vertex 147.033 110.842 3
      vertex 147.125 110.569 0
      vertex 147.125 110.569 3
    endloop
  endfacet
  facet normal -0.980847 0.194778 0
    outer loop
      vertex 147.125 109.431 0
      vertex 147.181 109.713 3
      vertex 147.181 109.713 0
    endloop
  endfacet
  facet normal -0.980847 0.194778 0
    outer loop
      vertex 147.181 109.713 3
      vertex 147.125 109.431 0
      vertex 147.125 109.431 3
    endloop
  endfacet
  facet normal -0.997816 0.0660575 0
    outer loop
      vertex 147.181 109.713 0
      vertex 147.2 110 3
      vertex 147.2 110 0
    endloop
  endfacet
  facet normal -0.997816 0.0660575 0
    outer loop
      vertex 147.2 110 3
      vertex 147.181 109.713 0
      vertex 147.181 109.713 3
    endloop
  endfacet
  facet normal -0.947637 0.31935 0
    outer loop
      vertex 147.033 109.158 0
      vertex 147.125 109.431 3
      vertex 147.125 109.431 0
    endloop
  endfacet
  facet normal -0.947637 0.31935 0
    outer loop
      vertex 147.125 109.431 3
      vertex 147.033 109.158 0
      vertex 147.033 109.158 3
    endloop
  endfacet
  facet normal 0.980847 -0.194778 0
    outer loop
      vertex 142.819 110.287 3
      vertex 142.875 110.569 0
      vertex 142.875 110.569 3
    endloop
  endfacet
  facet normal 0.980847 -0.194778 0
    outer loop
      vertex 142.875 110.569 0
      vertex 142.819 110.287 3
      vertex 142.819 110.287 0
    endloop
  endfacet
  facet normal -0.194778 -0.980847 0
    outer loop
      vertex 145.287 112.181 0
      vertex 145.569 112.125 3
      vertex 145.287 112.181 3
    endloop
  endfacet
  facet normal -0.194778 -0.980847 -0
    outer loop
      vertex 145.569 112.125 3
      vertex 145.287 112.181 0
      vertex 145.569 112.125 0
    endloop
  endfacet
  facet normal -0.31935 -0.947637 0
    outer loop
      vertex 145.569 112.125 0
      vertex 145.842 112.033 3
      vertex 145.569 112.125 3
    endloop
  endfacet
  facet normal -0.31935 -0.947637 -0
    outer loop
      vertex 145.842 112.033 3
      vertex 145.569 112.125 0
      vertex 145.842 112.033 0
    endloop
  endfacet
  facet normal 0.830979 -0.556304 0
    outer loop
      vertex 143.095 111.1 3
      vertex 143.255 111.339 0
      vertex 143.255 111.339 3
    endloop
  endfacet
  facet normal 0.830979 -0.556304 0
    outer loop
      vertex 143.255 111.339 0
      vertex 143.095 111.1 3
      vertex 143.095 111.1 0
    endloop
  endfacet
  facet normal 0.0660575 -0.997816 0
    outer loop
      vertex 144.713 112.181 0
      vertex 145 112.2 3
      vertex 144.713 112.181 3
    endloop
  endfacet
  facet normal 0.0660575 -0.997816 0
    outer loop
      vertex 145 112.2 3
      vertex 144.713 112.181 0
      vertex 145 112.2 0
    endloop
  endfacet
  facet normal -0.830979 0.556304 0
    outer loop
      vertex 146.745 108.661 0
      vertex 146.905 108.9 3
      vertex 146.905 108.9 0
    endloop
  endfacet
  facet normal -0.830979 0.556304 0
    outer loop
      vertex 146.905 108.9 3
      vertex 146.745 108.661 0
      vertex 146.745 108.661 3
    endloop
  endfacet
  facet normal -0.895812 -0.444434 0
    outer loop
      vertex 147.033 110.842 0
      vertex 146.905 111.1 3
      vertex 146.905 111.1 0
    endloop
  endfacet
  facet normal -0.895812 -0.444434 0
    outer loop
      vertex 146.905 111.1 3
      vertex 147.033 110.842 0
      vertex 147.033 110.842 3
    endloop
  endfacet
  facet normal -0.0660575 -0.997816 0
    outer loop
      vertex 145 112.2 0
      vertex 145.287 112.181 3
      vertex 145 112.2 3
    endloop
  endfacet
  facet normal -0.0660575 -0.997816 -0
    outer loop
      vertex 145.287 112.181 3
      vertex 145 112.2 0
      vertex 145.287 112.181 0
    endloop
  endfacet
  facet normal 0.947637 0.31935 0
    outer loop
      vertex 142.967 109.158 3
      vertex 142.875 109.431 0
      vertex 142.875 109.431 3
    endloop
  endfacet
  facet normal 0.947637 0.31935 0
    outer loop
      vertex 142.875 109.431 0
      vertex 142.967 109.158 3
      vertex 142.967 109.158 0
    endloop
  endfacet
  facet normal 0.656781 0.754082 -0
    outer loop
      vertex 143.661 108.255 0
      vertex 143.444 108.444 3
      vertex 143.661 108.255 3
    endloop
  endfacet
  facet normal 0.656781 0.754082 0
    outer loop
      vertex 143.444 108.444 3
      vertex 143.661 108.255 0
      vertex 143.444 108.444 0
    endloop
  endfacet
  facet normal -0.556304 0.830979 0
    outer loop
      vertex 146.339 108.255 0
      vertex 146.1 108.095 3
      vertex 146.339 108.255 3
    endloop
  endfacet
  facet normal -0.556304 0.830979 0
    outer loop
      vertex 146.1 108.095 3
      vertex 146.339 108.255 0
      vertex 146.1 108.095 0
    endloop
  endfacet
  facet normal 0.556304 -0.830979 0
    outer loop
      vertex 143.661 111.745 0
      vertex 143.9 111.905 3
      vertex 143.661 111.745 3
    endloop
  endfacet
  facet normal 0.556304 -0.830979 0
    outer loop
      vertex 143.9 111.905 3
      vertex 143.661 111.745 0
      vertex 143.9 111.905 0
    endloop
  endfacet
  facet normal 0.656781 -0.754082 0
    outer loop
      vertex 143.444 111.556 0
      vertex 143.661 111.745 3
      vertex 143.444 111.556 3
    endloop
  endfacet
  facet normal 0.656781 -0.754082 0
    outer loop
      vertex 143.661 111.745 3
      vertex 143.444 111.556 0
      vertex 143.661 111.745 0
    endloop
  endfacet
  facet normal 0.0660575 0.997816 -0
    outer loop
      vertex 145 107.8 0
      vertex 144.713 107.819 3
      vertex 145 107.8 3
    endloop
  endfacet
  facet normal 0.0660575 0.997816 0
    outer loop
      vertex 144.713 107.819 3
      vertex 145 107.8 0
      vertex 144.713 107.819 0
    endloop
  endfacet
  facet normal 0.444434 0.895812 -0
    outer loop
      vertex 144.158 107.967 0
      vertex 143.9 108.095 3
      vertex 144.158 107.967 3
    endloop
  endfacet
  facet normal 0.444434 0.895812 0
    outer loop
      vertex 143.9 108.095 3
      vertex 144.158 107.967 0
      vertex 143.9 108.095 0
    endloop
  endfacet
  facet normal 0.947637 -0.31935 0
    outer loop
      vertex 142.875 110.569 3
      vertex 142.967 110.842 0
      vertex 142.967 110.842 3
    endloop
  endfacet
  facet normal 0.947637 -0.31935 0
    outer loop
      vertex 142.967 110.842 0
      vertex 142.875 110.569 3
      vertex 142.875 110.569 0
    endloop
  endfacet
  facet normal 0.830979 0.556304 0
    outer loop
      vertex 143.255 108.661 3
      vertex 143.095 108.9 0
      vertex 143.095 108.9 3
    endloop
  endfacet
  facet normal 0.830979 0.556304 0
    outer loop
      vertex 143.095 108.9 0
      vertex 143.255 108.661 3
      vertex 143.255 108.661 0
    endloop
  endfacet
  facet normal -0.980931 0.194358 0
    outer loop
      vertex 23.8074 118.076 26.4
      vertex 23.8393 118.237 37.8
      vertex 23.8393 118.237 26.4
    endloop
  endfacet
  facet normal -0.980931 0.194358 0
    outer loop
      vertex 23.8393 118.237 37.8
      vertex 23.8074 118.076 26.4
      vertex 23.8074 118.076 37.8
    endloop
  endfacet
  facet normal -0.980931 -0.194358 0
    outer loop
      vertex 23.8393 118.563 26.4
      vertex 23.8074 118.724 37.8
      vertex 23.8074 118.724 26.4
    endloop
  endfacet
  facet normal -0.980931 -0.194358 0
    outer loop
      vertex 23.8074 118.724 37.8
      vertex 23.8393 118.563 26.4
      vertex 23.8393 118.563 37.8
    endloop
  endfacet
  facet normal -0.997852 -0.0655032 0
    outer loop
      vertex 23.85 118.4 26.4
      vertex 23.8393 118.563 37.8
      vertex 23.8393 118.563 26.4
    endloop
  endfacet
  facet normal -0.997852 -0.0655032 0
    outer loop
      vertex 23.8393 118.563 37.8
      vertex 23.85 118.4 26.4
      vertex 23.85 118.4 37.8
    endloop
  endfacet
  facet normal -0.946322 -0.323224 0
    outer loop
      vertex 23.8074 118.724 26.4
      vertex 23.7548 118.878 37.8
      vertex 23.7548 118.878 26.4
    endloop
  endfacet
  facet normal -0.946322 -0.323224 0
    outer loop
      vertex 23.7548 118.878 37.8
      vertex 23.8074 118.724 26.4
      vertex 23.8074 118.724 37.8
    endloop
  endfacet
  facet normal -0.440835 0.897588 0
    outer loop
      vertex 23.225 117.317 26.4
      vertex 23.0784 117.245 37.8
      vertex 23.225 117.317 37.8
    endloop
  endfacet
  facet normal -0.440835 0.897588 0
    outer loop
      vertex 23.0784 117.245 37.8
      vertex 23.225 117.317 26.4
      vertex 23.0784 117.245 26.4
    endloop
  endfacet
  facet normal -0.195763 -0.980651 0
    outer loop
      vertex 22.7632 119.639 26.4
      vertex 22.9235 119.607 37.8
      vertex 22.7632 119.639 37.8
    endloop
  endfacet
  facet normal -0.195763 -0.980651 -0
    outer loop
      vertex 22.9235 119.607 37.8
      vertex 22.7632 119.639 26.4
      vertex 22.9235 119.607 26.4
    endloop
  endfacet
  facet normal -0.195763 0.980651 0
    outer loop
      vertex 22.9235 117.193 26.4
      vertex 22.7632 117.161 37.8
      vertex 22.9235 117.193 37.8
    endloop
  endfacet
  facet normal -0.195763 0.980651 0
    outer loop
      vertex 22.7632 117.161 37.8
      vertex 22.9235 117.193 26.4
      vertex 22.7632 117.161 26.4
    endloop
  endfacet
  facet normal -0.0672494 0.997736 0
    outer loop
      vertex 22.7632 117.161 26.4
      vertex 22.6 117.15 37.8
      vertex 22.7632 117.161 37.8
    endloop
  endfacet
  facet normal -0.0672494 0.997736 0
    outer loop
      vertex 22.6 117.15 37.8
      vertex 22.7632 117.161 26.4
      vertex 22.6 117.15 26.4
    endloop
  endfacet
  facet normal 0.660104 -0.751174 0
    outer loop
      vertex 21.7161 119.284 26.4
      vertex 21.839 119.392 37.8
      vertex 21.7161 119.284 37.8
    endloop
  endfacet
  facet normal 0.660104 -0.751174 0
    outer loop
      vertex 21.839 119.392 37.8
      vertex 21.7161 119.284 26.4
      vertex 21.839 119.392 26.4
    endloop
  endfacet
  facet normal 0.831674 -0.555265 0
    outer loop
      vertex 21.5175 119.025 37.8
      vertex 21.6083 119.161 26.4
      vertex 21.6083 119.161 37.8
    endloop
  endfacet
  facet normal 0.831674 -0.555265 0
    outer loop
      vertex 21.6083 119.161 26.4
      vertex 21.5175 119.025 37.8
      vertex 21.5175 119.025 26.4
    endloop
  endfacet
  facet normal -0.318247 -0.948008 0
    outer loop
      vertex 22.9235 119.607 26.4
      vertex 23.0784 119.555 37.8
      vertex 22.9235 119.607 37.8
    endloop
  endfacet
  facet normal -0.318247 -0.948008 -0
    outer loop
      vertex 23.0784 119.555 37.8
      vertex 22.9235 119.607 26.4
      vertex 23.0784 119.555 26.4
    endloop
  endfacet
  facet normal -0.660104 0.751174 0
    outer loop
      vertex 23.4839 117.516 26.4
      vertex 23.361 117.408 37.8
      vertex 23.4839 117.516 37.8
    endloop
  endfacet
  facet normal -0.660104 0.751174 0
    outer loop
      vertex 23.361 117.408 37.8
      vertex 23.4839 117.516 26.4
      vertex 23.361 117.408 26.4
    endloop
  endfacet
  facet normal 0.440835 -0.897588 0
    outer loop
      vertex 21.975 119.483 26.4
      vertex 22.1216 119.555 37.8
      vertex 21.975 119.483 37.8
    endloop
  endfacet
  facet normal 0.440835 -0.897588 0
    outer loop
      vertex 22.1216 119.555 37.8
      vertex 21.975 119.483 26.4
      vertex 22.1216 119.555 26.4
    endloop
  endfacet
  facet normal 0.0672494 0.997736 -0
    outer loop
      vertex 22.6 117.15 26.4
      vertex 22.4368 117.161 37.8
      vertex 22.6 117.15 37.8
    endloop
  endfacet
  facet normal 0.0672494 0.997736 0
    outer loop
      vertex 22.4368 117.161 37.8
      vertex 22.6 117.15 26.4
      vertex 22.4368 117.161 26.4
    endloop
  endfacet
  facet normal -0.752046 0.65911 0
    outer loop
      vertex 23.4839 117.516 26.4
      vertex 23.5917 117.639 37.8
      vertex 23.5917 117.639 26.4
    endloop
  endfacet
  facet normal -0.752046 0.65911 0
    outer loop
      vertex 23.5917 117.639 37.8
      vertex 23.4839 117.516 26.4
      vertex 23.4839 117.516 37.8
    endloop
  endfacet
  facet normal 0.946322 0.323224 0
    outer loop
      vertex 21.4452 117.922 37.8
      vertex 21.3926 118.076 26.4
      vertex 21.3926 118.076 37.8
    endloop
  endfacet
  facet normal 0.946322 0.323224 0
    outer loop
      vertex 21.3926 118.076 26.4
      vertex 21.4452 117.922 37.8
      vertex 21.4452 117.922 26.4
    endloop
  endfacet
  facet normal -0.318247 0.948008 0
    outer loop
      vertex 23.0784 117.245 26.4
      vertex 22.9235 117.193 37.8
      vertex 23.0784 117.245 37.8
    endloop
  endfacet
  facet normal -0.318247 0.948008 0
    outer loop
      vertex 22.9235 117.193 37.8
      vertex 23.0784 117.245 26.4
      vertex 22.9235 117.193 26.4
    endloop
  endfacet
  facet normal 0.318247 -0.948008 0
    outer loop
      vertex 22.1216 119.555 26.4
      vertex 22.2765 119.607 37.8
      vertex 22.1216 119.555 37.8
    endloop
  endfacet
  facet normal 0.318247 -0.948008 0
    outer loop
      vertex 22.2765 119.607 37.8
      vertex 22.1216 119.555 26.4
      vertex 22.2765 119.607 26.4
    endloop
  endfacet
  facet normal 0.55611 -0.831109 0
    outer loop
      vertex 21.839 119.392 26.4
      vertex 21.975 119.483 37.8
      vertex 21.839 119.392 37.8
    endloop
  endfacet
  facet normal 0.55611 -0.831109 0
    outer loop
      vertex 21.975 119.483 37.8
      vertex 21.839 119.392 26.4
      vertex 21.975 119.483 26.4
    endloop
  endfacet
  facet normal 0.946322 -0.323224 0
    outer loop
      vertex 21.3926 118.724 37.8
      vertex 21.4452 118.878 26.4
      vertex 21.4452 118.878 37.8
    endloop
  endfacet
  facet normal 0.946322 -0.323224 0
    outer loop
      vertex 21.4452 118.878 26.4
      vertex 21.3926 118.724 37.8
      vertex 21.3926 118.724 26.4
    endloop
  endfacet
  facet normal -0.897338 -0.441344 0
    outer loop
      vertex 23.7548 118.878 26.4
      vertex 23.6825 119.025 37.8
      vertex 23.6825 119.025 26.4
    endloop
  endfacet
  facet normal -0.897338 -0.441344 0
    outer loop
      vertex 23.6825 119.025 37.8
      vertex 23.7548 118.878 26.4
      vertex 23.7548 118.878 37.8
    endloop
  endfacet
  facet normal 0.195763 -0.980651 0
    outer loop
      vertex 22.2765 119.607 26.4
      vertex 22.4368 119.639 37.8
      vertex 22.2765 119.607 37.8
    endloop
  endfacet
  facet normal 0.195763 -0.980651 0
    outer loop
      vertex 22.4368 119.639 37.8
      vertex 22.2765 119.607 26.4
      vertex 22.4368 119.639 26.4
    endloop
  endfacet
  facet normal -0.660104 -0.751174 0
    outer loop
      vertex 23.361 119.392 26.4
      vertex 23.4839 119.284 37.8
      vertex 23.361 119.392 37.8
    endloop
  endfacet
  facet normal -0.660104 -0.751174 -0
    outer loop
      vertex 23.4839 119.284 37.8
      vertex 23.361 119.392 26.4
      vertex 23.4839 119.284 26.4
    endloop
  endfacet
  facet normal -0.997852 0.0655032 0
    outer loop
      vertex 23.8393 118.237 26.4
      vertex 23.85 118.4 37.8
      vertex 23.85 118.4 26.4
    endloop
  endfacet
  facet normal -0.997852 0.0655032 0
    outer loop
      vertex 23.85 118.4 37.8
      vertex 23.8393 118.237 26.4
      vertex 23.8393 118.237 37.8
    endloop
  endfacet
  facet normal -0.440835 -0.897588 0
    outer loop
      vertex 23.0784 119.555 26.4
      vertex 23.225 119.483 37.8
      vertex 23.0784 119.555 37.8
    endloop
  endfacet
  facet normal -0.440835 -0.897588 -0
    outer loop
      vertex 23.225 119.483 37.8
      vertex 23.0784 119.555 26.4
      vertex 23.225 119.483 26.4
    endloop
  endfacet
  facet normal 0.318247 0.948008 -0
    outer loop
      vertex 22.2765 117.193 26.4
      vertex 22.1216 117.245 37.8
      vertex 22.2765 117.193 37.8
    endloop
  endfacet
  facet normal 0.318247 0.948008 0
    outer loop
      vertex 22.1216 117.245 37.8
      vertex 22.2765 117.193 26.4
      vertex 22.1216 117.245 26.4
    endloop
  endfacet
  facet normal 0.980931 -0.194358 0
    outer loop
      vertex 21.3607 118.563 37.8
      vertex 21.3926 118.724 26.4
      vertex 21.3926 118.724 37.8
    endloop
  endfacet
  facet normal 0.980931 -0.194358 0
    outer loop
      vertex 21.3926 118.724 26.4
      vertex 21.3607 118.563 37.8
      vertex 21.3607 118.563 26.4
    endloop
  endfacet
  facet normal 0.0672494 -0.997736 0
    outer loop
      vertex 22.4368 119.639 26.4
      vertex 22.6 119.65 37.8
      vertex 22.4368 119.639 37.8
    endloop
  endfacet
  facet normal 0.0672494 -0.997736 0
    outer loop
      vertex 22.6 119.65 37.8
      vertex 22.4368 119.639 26.4
      vertex 22.6 119.65 26.4
    endloop
  endfacet
  facet normal -0.946322 0.323224 0
    outer loop
      vertex 23.7548 117.922 26.4
      vertex 23.8074 118.076 37.8
      vertex 23.8074 118.076 26.4
    endloop
  endfacet
  facet normal -0.946322 0.323224 0
    outer loop
      vertex 23.8074 118.076 37.8
      vertex 23.7548 117.922 26.4
      vertex 23.7548 117.922 37.8
    endloop
  endfacet
  facet normal -0.831674 -0.555265 0
    outer loop
      vertex 23.6825 119.025 26.4
      vertex 23.5917 119.161 37.8
      vertex 23.5917 119.161 26.4
    endloop
  endfacet
  facet normal -0.831674 -0.555265 0
    outer loop
      vertex 23.5917 119.161 37.8
      vertex 23.6825 119.025 26.4
      vertex 23.6825 119.025 37.8
    endloop
  endfacet
  facet normal -0.752046 -0.65911 0
    outer loop
      vertex 23.5917 119.161 26.4
      vertex 23.4839 119.284 37.8
      vertex 23.4839 119.284 26.4
    endloop
  endfacet
  facet normal -0.752046 -0.65911 0
    outer loop
      vertex 23.4839 119.284 37.8
      vertex 23.5917 119.161 26.4
      vertex 23.5917 119.161 37.8
    endloop
  endfacet
  facet normal 0.897338 0.441344 0
    outer loop
      vertex 21.5175 117.775 37.8
      vertex 21.4452 117.922 26.4
      vertex 21.4452 117.922 37.8
    endloop
  endfacet
  facet normal 0.897338 0.441344 0
    outer loop
      vertex 21.4452 117.922 26.4
      vertex 21.5175 117.775 37.8
      vertex 21.5175 117.775 26.4
    endloop
  endfacet
  facet normal -0.897338 0.441344 0
    outer loop
      vertex 23.6825 117.775 26.4
      vertex 23.7548 117.922 37.8
      vertex 23.7548 117.922 26.4
    endloop
  endfacet
  facet normal -0.897338 0.441344 0
    outer loop
      vertex 23.7548 117.922 37.8
      vertex 23.6825 117.775 26.4
      vertex 23.6825 117.775 37.8
    endloop
  endfacet
  facet normal 0.752046 0.65911 0
    outer loop
      vertex 21.7161 117.516 37.8
      vertex 21.6083 117.639 26.4
      vertex 21.6083 117.639 37.8
    endloop
  endfacet
  facet normal 0.752046 0.65911 0
    outer loop
      vertex 21.6083 117.639 26.4
      vertex 21.7161 117.516 37.8
      vertex 21.7161 117.516 26.4
    endloop
  endfacet
  facet normal -0.831674 0.555265 0
    outer loop
      vertex 23.5917 117.639 26.4
      vertex 23.6825 117.775 37.8
      vertex 23.6825 117.775 26.4
    endloop
  endfacet
  facet normal -0.831674 0.555265 0
    outer loop
      vertex 23.6825 117.775 37.8
      vertex 23.5917 117.639 26.4
      vertex 23.5917 117.639 37.8
    endloop
  endfacet
  facet normal 0 0 1
    outer loop
      vertex 23.8393 118.563 26.4
      vertex 23.8393 118.237 26.4
      vertex 23.85 118.4 26.4
    endloop
  endfacet
  facet normal 0 0 1
    outer loop
      vertex 23.8074 118.724 26.4
      vertex 23.8393 118.237 26.4
      vertex 23.8393 118.563 26.4
    endloop
  endfacet
  facet normal 0 0 1
    outer loop
      vertex 23.8074 118.724 26.4
      vertex 23.8074 118.076 26.4
      vertex 23.8393 118.237 26.4
    endloop
  endfacet
  facet normal 0 0 1
    outer loop
      vertex 23.7548 118.878 26.4
      vertex 23.8074 118.076 26.4
      vertex 23.8074 118.724 26.4
    endloop
  endfacet
  facet normal 0 0 1
    outer loop
      vertex 23.7548 118.878 26.4
      vertex 23.7548 117.922 26.4
      vertex 23.8074 118.076 26.4
    endloop
  endfacet
  facet normal 0 0 1
    outer loop
      vertex 23.6825 119.025 26.4
      vertex 23.7548 117.922 26.4
      vertex 23.7548 118.878 26.4
    endloop
  endfacet
  facet normal 0 0 1
    outer loop
      vertex 23.6825 119.025 26.4
      vertex 23.6825 117.775 26.4
      vertex 23.7548 117.922 26.4
    endloop
  endfacet
  facet normal 0 0 1
    outer loop
      vertex 23.5917 119.161 26.4
      vertex 23.6825 117.775 26.4
      vertex 23.6825 119.025 26.4
    endloop
  endfacet
  facet normal 0 0 1
    outer loop
      vertex 23.5917 119.161 26.4
      vertex 23.5917 117.639 26.4
      vertex 23.6825 117.775 26.4
    endloop
  endfacet
  facet normal 0 0 1
    outer loop
      vertex 23.4839 119.284 26.4
      vertex 23.5917 117.639 26.4
      vertex 23.5917 119.161 26.4
    endloop
  endfacet
  facet normal 0 0 1
    outer loop
      vertex 23.4839 119.284 26.4
      vertex 23.4839 117.516 26.4
      vertex 23.5917 117.639 26.4
    endloop
  endfacet
  facet normal 0 0 1
    outer loop
      vertex 23.361 119.392 26.4
      vertex 23.4839 117.516 26.4
      vertex 23.4839 119.284 26.4
    endloop
  endfacet
  facet normal 0 0 1
    outer loop
      vertex 23.361 119.392 26.4
      vertex 23.361 117.408 26.4
      vertex 23.4839 117.516 26.4
    endloop
  endfacet
  facet normal 0 0 1
    outer loop
      vertex 23.225 119.483 26.4
      vertex 23.361 117.408 26.4
      vertex 23.361 119.392 26.4
    endloop
  endfacet
  facet normal 0 0 1
    outer loop
      vertex 23.225 119.483 26.4
      vertex 23.225 117.317 26.4
      vertex 23.361 117.408 26.4
    endloop
  endfacet
  facet normal 0 0 1
    outer loop
      vertex 23.0784 119.555 26.4
      vertex 23.225 117.317 26.4
      vertex 23.225 119.483 26.4
    endloop
  endfacet
  facet normal 0 0 1
    outer loop
      vertex 23.0784 119.555 26.4
      vertex 23.0784 117.245 26.4
      vertex 23.225 117.317 26.4
    endloop
  endfacet
  facet normal 0 0 1
    outer loop
      vertex 22.9235 119.607 26.4
      vertex 23.0784 117.245 26.4
      vertex 23.0784 119.555 26.4
    endloop
  endfacet
  facet normal 0 0 1
    outer loop
      vertex 22.9235 119.607 26.4
      vertex 22.9235 117.193 26.4
      vertex 23.0784 117.245 26.4
    endloop
  endfacet
  facet normal 0 0 1
    outer loop
      vertex 22.7632 119.639 26.4
      vertex 22.9235 117.193 26.4
      vertex 22.9235 119.607 26.4
    endloop
  endfacet
  facet normal 0 0 1
    outer loop
      vertex 22.7632 119.639 26.4
      vertex 22.7632 117.161 26.4
      vertex 22.9235 117.193 26.4
    endloop
  endfacet
  facet normal 0 0 1
    outer loop
      vertex 22.6 119.65 26.4
      vertex 22.7632 117.161 26.4
      vertex 22.7632 119.639 26.4
    endloop
  endfacet
  facet normal 0 0 1
    outer loop
      vertex 22.6 119.65 26.4
      vertex 22.6 117.15 26.4
      vertex 22.7632 117.161 26.4
    endloop
  endfacet
  facet normal -0 0 1
    outer loop
      vertex 22.4368 119.639 26.4
      vertex 22.6 117.15 26.4
      vertex 22.6 119.65 26.4
    endloop
  endfacet
  facet normal 0 0 1
    outer loop
      vertex 22.4368 119.639 26.4
      vertex 22.4368 117.161 26.4
      vertex 22.6 117.15 26.4
    endloop
  endfacet
  facet normal -0 0 1
    outer loop
      vertex 22.2765 119.607 26.4
      vertex 22.4368 117.161 26.4
      vertex 22.4368 119.639 26.4
    endloop
  endfacet
  facet normal 0 0 1
    outer loop
      vertex 22.2765 119.607 26.4
      vertex 22.2765 117.193 26.4
      vertex 22.4368 117.161 26.4
    endloop
  endfacet
  facet normal -0 0 1
    outer loop
      vertex 22.1216 119.555 26.4
      vertex 22.2765 117.193 26.4
      vertex 22.2765 119.607 26.4
    endloop
  endfacet
  facet normal 0 0 1
    outer loop
      vertex 22.1216 119.555 26.4
      vertex 22.1216 117.245 26.4
      vertex 22.2765 117.193 26.4
    endloop
  endfacet
  facet normal -0 0 1
    outer loop
      vertex 21.975 119.483 26.4
      vertex 22.1216 117.245 26.4
      vertex 22.1216 119.555 26.4
    endloop
  endfacet
  facet normal 0 0 1
    outer loop
      vertex 21.975 119.483 26.4
      vertex 21.975 117.317 26.4
      vertex 22.1216 117.245 26.4
    endloop
  endfacet
  facet normal -0 0 1
    outer loop
      vertex 21.839 119.392 26.4
      vertex 21.975 117.317 26.4
      vertex 21.975 119.483 26.4
    endloop
  endfacet
  facet normal 0 0 1
    outer loop
      vertex 21.839 119.392 26.4
      vertex 21.839 117.408 26.4
      vertex 21.975 117.317 26.4
    endloop
  endfacet
  facet normal -0 0 1
    outer loop
      vertex 21.7161 119.284 26.4
      vertex 21.839 117.408 26.4
      vertex 21.839 119.392 26.4
    endloop
  endfacet
  facet normal 0 0 1
    outer loop
      vertex 21.7161 119.284 26.4
      vertex 21.7161 117.516 26.4
      vertex 21.839 117.408 26.4
    endloop
  endfacet
  facet normal -0 0 1
    outer loop
      vertex 21.6083 119.161 26.4
      vertex 21.7161 117.516 26.4
      vertex 21.7161 119.284 26.4
    endloop
  endfacet
  facet normal 0 0 1
    outer loop
      vertex 21.6083 119.161 26.4
      vertex 21.6083 117.639 26.4
      vertex 21.7161 117.516 26.4
    endloop
  endfacet
  facet normal -0 0 1
    outer loop
      vertex 21.5175 119.025 26.4
      vertex 21.6083 117.639 26.4
      vertex 21.6083 119.161 26.4
    endloop
  endfacet
  facet normal 0 0 1
    outer loop
      vertex 21.5175 119.025 26.4
      vertex 21.5175 117.775 26.4
      vertex 21.6083 117.639 26.4
    endloop
  endfacet
  facet normal -0 0 1
    outer loop
      vertex 21.4452 118.878 26.4
      vertex 21.5175 117.775 26.4
      vertex 21.5175 119.025 26.4
    endloop
  endfacet
  facet normal 0 0 1
    outer loop
      vertex 21.4452 118.878 26.4
      vertex 21.4452 117.922 26.4
      vertex 21.5175 117.775 26.4
    endloop
  endfacet
  facet normal -0 0 1
    outer loop
      vertex 21.3926 118.724 26.4
      vertex 21.4452 117.922 26.4
      vertex 21.4452 118.878 26.4
    endloop
  endfacet
  facet normal 0 0 1
    outer loop
      vertex 21.3926 118.724 26.4
      vertex 21.3926 118.076 26.4
      vertex 21.4452 117.922 26.4
    endloop
  endfacet
  facet normal -0 0 1
    outer loop
      vertex 21.3607 118.563 26.4
      vertex 21.3926 118.076 26.4
      vertex 21.3926 118.724 26.4
    endloop
  endfacet
  facet normal 0 0 1
    outer loop
      vertex 21.3607 118.563 26.4
      vertex 21.3607 118.237 26.4
      vertex 21.3926 118.076 26.4
    endloop
  endfacet
  facet normal 0 -0 1
    outer loop
      vertex 21.3607 118.237 26.4
      vertex 21.3607 118.563 26.4
      vertex 21.35 118.4 26.4
    endloop
  endfacet
  facet normal 0.752046 -0.65911 0
    outer loop
      vertex 21.6083 119.161 37.8
      vertex 21.7161 119.284 26.4
      vertex 21.7161 119.284 37.8
    endloop
  endfacet
  facet normal 0.752046 -0.65911 0
    outer loop
      vertex 21.7161 119.284 26.4
      vertex 21.6083 119.161 37.8
      vertex 21.6083 119.161 26.4
    endloop
  endfacet
  facet normal -0.0672494 -0.997736 0
    outer loop
      vertex 22.6 119.65 26.4
      vertex 22.7632 119.639 37.8
      vertex 22.6 119.65 37.8
    endloop
  endfacet
  facet normal -0.0672494 -0.997736 -0
    outer loop
      vertex 22.7632 119.639 37.8
      vertex 22.6 119.65 26.4
      vertex 22.7632 119.639 26.4
    endloop
  endfacet
  facet normal -0.55611 -0.831109 0
    outer loop
      vertex 23.225 119.483 26.4
      vertex 23.361 119.392 37.8
      vertex 23.225 119.483 37.8
    endloop
  endfacet
  facet normal -0.55611 -0.831109 -0
    outer loop
      vertex 23.361 119.392 37.8
      vertex 23.225 119.483 26.4
      vertex 23.361 119.392 26.4
    endloop
  endfacet
  facet normal 0.440835 0.897588 -0
    outer loop
      vertex 22.1216 117.245 26.4
      vertex 21.975 117.317 37.8
      vertex 22.1216 117.245 37.8
    endloop
  endfacet
  facet normal 0.440835 0.897588 0
    outer loop
      vertex 21.975 117.317 37.8
      vertex 22.1216 117.245 26.4
      vertex 21.975 117.317 26.4
    endloop
  endfacet
  facet normal 0.831674 0.555265 0
    outer loop
      vertex 21.6083 117.639 37.8
      vertex 21.5175 117.775 26.4
      vertex 21.5175 117.775 37.8
    endloop
  endfacet
  facet normal 0.831674 0.555265 0
    outer loop
      vertex 21.5175 117.775 26.4
      vertex 21.6083 117.639 37.8
      vertex 21.6083 117.639 26.4
    endloop
  endfacet
  facet normal 0.980931 0.194358 0
    outer loop
      vertex 21.3926 118.076 37.8
      vertex 21.3607 118.237 26.4
      vertex 21.3607 118.237 37.8
    endloop
  endfacet
  facet normal 0.980931 0.194358 0
    outer loop
      vertex 21.3607 118.237 26.4
      vertex 21.3926 118.076 37.8
      vertex 21.3926 118.076 26.4
    endloop
  endfacet
  facet normal 0.195763 0.980651 -0
    outer loop
      vertex 22.4368 117.161 26.4
      vertex 22.2765 117.193 37.8
      vertex 22.4368 117.161 37.8
    endloop
  endfacet
  facet normal 0.195763 0.980651 0
    outer loop
      vertex 22.2765 117.193 37.8
      vertex 22.4368 117.161 26.4
      vertex 22.2765 117.193 26.4
    endloop
  endfacet
  facet normal 0.660104 0.751174 -0
    outer loop
      vertex 21.839 117.408 26.4
      vertex 21.7161 117.516 37.8
      vertex 21.839 117.408 37.8
    endloop
  endfacet
  facet normal 0.660104 0.751174 0
    outer loop
      vertex 21.7161 117.516 37.8
      vertex 21.839 117.408 26.4
      vertex 21.7161 117.516 26.4
    endloop
  endfacet
  facet normal 0.897338 -0.441344 0
    outer loop
      vertex 21.4452 118.878 37.8
      vertex 21.5175 119.025 26.4
      vertex 21.5175 119.025 37.8
    endloop
  endfacet
  facet normal 0.897338 -0.441344 0
    outer loop
      vertex 21.5175 119.025 26.4
      vertex 21.4452 118.878 37.8
      vertex 21.4452 118.878 26.4
    endloop
  endfacet
  facet normal 0.997852 0.0655032 0
    outer loop
      vertex 21.3607 118.237 37.8
      vertex 21.35 118.4 26.4
      vertex 21.35 118.4 37.8
    endloop
  endfacet
  facet normal 0.997852 0.0655032 0
    outer loop
      vertex 21.35 118.4 26.4
      vertex 21.3607 118.237 37.8
      vertex 21.3607 118.237 26.4
    endloop
  endfacet
  facet normal -0.55611 0.831109 0
    outer loop
      vertex 23.361 117.408 26.4
      vertex 23.225 117.317 37.8
      vertex 23.361 117.408 37.8
    endloop
  endfacet
  facet normal -0.55611 0.831109 0
    outer loop
      vertex 23.225 117.317 37.8
      vertex 23.361 117.408 26.4
      vertex 23.225 117.317 26.4
    endloop
  endfacet
  facet normal 0.997852 -0.0655032 0
    outer loop
      vertex 21.35 118.4 37.8
      vertex 21.3607 118.563 26.4
      vertex 21.3607 118.563 37.8
    endloop
  endfacet
  facet normal 0.997852 -0.0655032 0
    outer loop
      vertex 21.3607 118.563 26.4
      vertex 21.35 118.4 37.8
      vertex 21.35 118.4 26.4
    endloop
  endfacet
  facet normal 0.55611 0.831109 -0
    outer loop
      vertex 21.975 117.317 26.4
      vertex 21.839 117.408 37.8
      vertex 21.975 117.317 37.8
    endloop
  endfacet
  facet normal 0.55611 0.831109 0
    outer loop
      vertex 21.839 117.408 37.8
      vertex 21.975 117.317 26.4
      vertex 21.839 117.408 26.4
    endloop
  endfacet
  facet normal 0.650214 -0.292597 0.701148
    outer loop
      vertex 20.899 119.102 38.4
      vertex 21.4452 118.878 37.8
      vertex 20.8999 119.104 38.4
    endloop
  endfacet
  facet normal 0.675153 -0.230604 0.700707
    outer loop
      vertex 21.4452 118.878 37.8
      vertex 20.899 119.102 38.4
      vertex 21.3926 118.724 37.8
    endloop
  endfacet
  facet normal 0.228015 -0.676245 0.700501
    outer loop
      vertex 22.2765 119.607 37.8
      vertex 22.1237 120.177 38.4
      vertex 21.8983 120.101 38.4
    endloop
  endfacet
  facet normal 0.139661 -0.699615 0.700738
    outer loop
      vertex 22.1264 120.178 38.4
      vertex 22.2765 119.607 37.8
      vertex 22.4368 119.639 37.8
    endloop
  endfacet
  facet normal 0.248142 -0.669983 0.699677
    outer loop
      vertex 22.2765 119.607 37.8
      vertex 22.1264 120.178 38.4
      vertex 22.1237 120.177 38.4
    endloop
  endfacet
  facet normal 0.691767 -0.172942 0.701106
    outer loop
      vertex 20.822 118.874 38.4
      vertex 21.3926 118.724 37.8
      vertex 20.8225 118.876 38.4
    endloop
  endfacet
  facet normal 0.700084 -0.138712 0.700458
    outer loop
      vertex 21.3926 118.724 37.8
      vertex 20.822 118.874 38.4
      vertex 21.3607 118.563 37.8
    endloop
  endfacet
  facet normal -0.712128 -0.0466773 0.700496
    outer loop
      vertex 24.4402 118.4 38.4
      vertex 24.4246 118.638 38.4
      vertex 23.85 118.4 37.8
    endloop
  endfacet
  facet normal -0.709569 -0.0709569 0.701054
    outer loop
      vertex 23.8393 118.563 37.8
      vertex 24.4246 118.638 38.4
      vertex 24.4244 118.64 38.4
    endloop
  endfacet
  facet normal -0.712112 -0.046746 0.700508
    outer loop
      vertex 24.4246 118.638 38.4
      vertex 23.8393 118.563 37.8
      vertex 23.85 118.4 37.8
    endloop
  endfacet
  facet normal -0.228015 -0.676245 0.700501
    outer loop
      vertex 23.3017 120.101 38.4
      vertex 23.0763 120.177 38.4
      vertex 22.9235 119.607 37.8
    endloop
  endfacet
  facet normal -0.593553 0.396302 0.700457
    outer loop
      vertex 24.0614 117.282 38.4
      vertex 24.1936 117.48 38.4
      vertex 23.6825 117.775 37.8
    endloop
  endfacet
  facet normal -0.536786 0.470513 0.700341
    outer loop
      vertex 23.9012 117.099 38.4
      vertex 24.0581 117.278 38.4
      vertex 23.4839 117.516 37.8
    endloop
  endfacet
  facet normal -0.712112 0.046746 0.700508
    outer loop
      vertex 23.8393 118.237 37.8
      vertex 24.4246 118.162 38.4
      vertex 23.85 118.4 37.8
    endloop
  endfacet
  facet normal -0.709569 0.0709569 0.701054
    outer loop
      vertex 24.4246 118.162 38.4
      vertex 23.8393 118.237 37.8
      vertex 24.4244 118.16 38.4
    endloop
  endfacet
  facet normal 0.593553 0.396302 0.700457
    outer loop
      vertex 21.1386 117.282 38.4
      vertex 21.5175 117.775 37.8
      vertex 21.0064 117.48 38.4
    endloop
  endfacet
  facet normal -0.228015 0.676245 0.700501
    outer loop
      vertex 23.0763 116.623 38.4
      vertex 23.3017 116.699 38.4
      vertex 22.9235 117.193 37.8
    endloop
  endfacet
  facet normal -0.530796 0.477716 0.700031
    outer loop
      vertex 23.5917 117.639 37.8
      vertex 24.0581 117.278 38.4
      vertex 24.0599 117.28 38.4
    endloop
  endfacet
  facet normal -0.536811 0.470473 0.700349
    outer loop
      vertex 24.0581 117.278 38.4
      vertex 23.5917 117.639 37.8
      vertex 23.4839 117.516 37.8
    endloop
  endfacet
  facet normal -0.471268 0.536285 0.700218
    outer loop
      vertex 23.361 117.408 37.8
      vertex 23.7222 116.942 38.4
      vertex 23.4839 117.516 37.8
    endloop
  endfacet
  facet normal -0.506323 0.506323 0.69805
    outer loop
      vertex 23.7222 116.942 38.4
      vertex 23.361 117.408 37.8
      vertex 23.7202 116.94 38.4
    endloop
  endfacet
  facet normal 0.536786 0.470513 0.700341
    outer loop
      vertex 21.2988 117.099 38.4
      vertex 21.7161 117.516 37.8
      vertex 21.1419 117.278 38.4
    endloop
  endfacet
  facet normal -0.470688 0.536645 0.700332
    outer loop
      vertex 23.7222 116.942 38.4
      vertex 23.9012 117.099 38.4
      vertex 23.4839 117.516 37.8
    endloop
  endfacet
  facet normal -0.593563 0.396291 0.700454
    outer loop
      vertex 23.5917 117.639 37.8
      vertex 24.0614 117.282 38.4
      vertex 23.6825 117.775 37.8
    endloop
  endfacet
  facet normal -0.570438 0.427828 0.701116
    outer loop
      vertex 24.0614 117.282 38.4
      vertex 23.5917 117.639 37.8
      vertex 24.0599 117.28 38.4
    endloop
  endfacet
  facet normal -0.700046 0.138813 0.700476
    outer loop
      vertex 24.378 117.926 38.4
      vertex 24.4244 118.16 38.4
      vertex 23.8393 118.237 37.8
    endloop
  endfacet
  facet normal 0.675153 0.230604 0.700707
    outer loop
      vertex 20.899 117.698 38.4
      vertex 21.4452 117.922 37.8
      vertex 21.3926 118.076 37.8
    endloop
  endfacet
  facet normal 0.650214 0.292597 0.701148
    outer loop
      vertex 21.4452 117.922 37.8
      vertex 20.899 117.698 38.4
      vertex 20.8999 117.696 38.4
    endloop
  endfacet
  facet normal -0.248142 0.669983 0.699677
    outer loop
      vertex 22.9235 117.193 37.8
      vertex 23.0736 116.622 38.4
      vertex 23.0763 116.623 38.4
    endloop
  endfacet
  facet normal -0.139661 0.699615 0.700738
    outer loop
      vertex 23.0736 116.622 38.4
      vertex 22.9235 117.193 37.8
      vertex 22.7632 117.161 37.8
    endloop
  endfacet
  facet normal -0.0479636 -0.711605 0.700941
    outer loop
      vertex 22.7632 119.639 37.8
      vertex 22.8375 120.225 38.4
      vertex 22.6 119.65 37.8
    endloop
  endfacet
  facet normal -0.250689 -0.67686 0.69211
    outer loop
      vertex 22.8375 120.225 38.4
      vertex 22.7632 119.639 37.8
      vertex 22.8402 120.224 38.4
    endloop
  endfacet
  facet normal -0.298838 0.657444 0.691711
    outer loop
      vertex 23.361 117.408 37.8
      vertex 23.718 116.939 38.4
      vertex 23.7202 116.94 38.4
    endloop
  endfacet
  facet normal -0.397074 0.59343 0.700124
    outer loop
      vertex 23.718 116.939 38.4
      vertex 23.361 117.408 37.8
      vertex 23.225 117.317 37.8
    endloop
  endfacet
  facet normal 0.712128 -0.0466773 0.700496
    outer loop
      vertex 21.35 118.4 37.8
      vertex 20.7754 118.638 38.4
      vertex 20.7598 118.4 38.4
    endloop
  endfacet
  facet normal -0.675153 0.230604 0.700707
    outer loop
      vertex 23.7548 117.922 37.8
      vertex 24.301 117.698 38.4
      vertex 23.8074 118.076 37.8
    endloop
  endfacet
  facet normal -0.650214 0.292597 0.701148
    outer loop
      vertex 24.301 117.698 38.4
      vertex 23.7548 117.922 37.8
      vertex 24.3001 117.696 38.4
    endloop
  endfacet
  facet normal -0.248142 -0.669983 0.699677
    outer loop
      vertex 23.0736 120.178 38.4
      vertex 22.9235 119.607 37.8
      vertex 23.0763 120.177 38.4
    endloop
  endfacet
  facet normal -0.139661 -0.699615 0.700738
    outer loop
      vertex 22.9235 119.607 37.8
      vertex 23.0736 120.178 38.4
      vertex 22.7632 119.639 37.8
    endloop
  endfacet
  facet normal -0.593553 -0.396302 0.700457
    outer loop
      vertex 24.1936 119.32 38.4
      vertex 24.0614 119.518 38.4
      vertex 23.6825 119.025 37.8
    endloop
  endfacet
  facet normal 0.0449875 0.712302 0.70043
    outer loop
      vertex 22.6 116.56 38.4
      vertex 22.6 117.15 37.8
      vertex 22.3625 116.575 38.4
    endloop
  endfacet
  facet normal 0.138008 0.700238 0.700443
    outer loop
      vertex 22.3598 116.576 38.4
      vertex 22.4368 117.161 37.8
      vertex 22.1264 116.622 38.4
    endloop
  endfacet
  facet normal -0.661898 0.264759 0.70128
    outer loop
      vertex 23.7548 117.922 37.8
      vertex 24.2989 117.693 38.4
      vertex 24.3001 117.696 38.4
    endloop
  endfacet
  facet normal -0.640192 0.31487 0.700722
    outer loop
      vertex 24.2989 117.693 38.4
      vertex 23.7548 117.922 37.8
      vertex 23.6825 117.775 37.8
    endloop
  endfacet
  facet normal 0.0479636 0.711605 0.700941
    outer loop
      vertex 22.4368 117.161 37.8
      vertex 22.3625 116.575 38.4
      vertex 22.6 117.15 37.8
    endloop
  endfacet
  facet normal 0.250689 0.67686 0.69211
    outer loop
      vertex 22.3625 116.575 38.4
      vertex 22.4368 117.161 37.8
      vertex 22.3598 116.576 38.4
    endloop
  endfacet
  facet normal -0.0449875 0.712302 0.70043
    outer loop
      vertex 22.8375 116.575 38.4
      vertex 22.6 117.15 37.8
      vertex 22.6 116.56 38.4
    endloop
  endfacet
  facet normal 0.536811 -0.470473 0.700349
    outer loop
      vertex 21.1419 119.522 38.4
      vertex 21.6083 119.161 37.8
      vertex 21.7161 119.284 37.8
    endloop
  endfacet
  facet normal 0.530796 -0.477716 0.700031
    outer loop
      vertex 21.6083 119.161 37.8
      vertex 21.1419 119.522 38.4
      vertex 21.1401 119.52 38.4
    endloop
  endfacet
  facet normal 0.676091 -0.228854 0.700376
    outer loop
      vertex 21.3926 118.724 37.8
      vertex 20.899 119.102 38.4
      vertex 20.8225 118.876 38.4
    endloop
  endfacet
  facet normal -0.676091 0.228854 0.700376
    outer loop
      vertex 24.301 117.698 38.4
      vertex 24.3775 117.924 38.4
      vertex 23.8074 118.076 37.8
    endloop
  endfacet
  facet normal -0.712128 0.0466773 0.700496
    outer loop
      vertex 24.4246 118.162 38.4
      vertex 24.4402 118.4 38.4
      vertex 23.85 118.4 37.8
    endloop
  endfacet
  facet normal -0.470688 -0.536645 0.700332
    outer loop
      vertex 23.9012 119.701 38.4
      vertex 23.7222 119.858 38.4
      vertex 23.4839 119.284 37.8
    endloop
  endfacet
  facet normal -0.264837 0.662092 0.701067
    outer loop
      vertex 23.0784 117.245 37.8
      vertex 23.3017 116.699 38.4
      vertex 23.3042 116.7 38.4
    endloop
  endfacet
  facet normal -0.227168 0.676698 0.700339
    outer loop
      vertex 23.3017 116.699 38.4
      vertex 23.0784 117.245 37.8
      vertex 22.9235 117.193 37.8
    endloop
  endfacet
  facet normal 0.593563 0.396291 0.700454
    outer loop
      vertex 21.1386 117.282 38.4
      vertex 21.6083 117.639 37.8
      vertex 21.5175 117.775 37.8
    endloop
  endfacet
  facet normal 0.570438 0.427828 0.701116
    outer loop
      vertex 21.6083 117.639 37.8
      vertex 21.1386 117.282 38.4
      vertex 21.1401 117.28 38.4
    endloop
  endfacet
  facet normal -0.314617 0.640596 0.700466
    outer loop
      vertex 23.0784 117.245 37.8
      vertex 23.3066 116.701 38.4
      vertex 23.225 117.317 37.8
    endloop
  endfacet
  facet normal -0.274257 0.658218 0.701093
    outer loop
      vertex 23.3066 116.701 38.4
      vertex 23.0784 117.245 37.8
      vertex 23.3042 116.7 38.4
    endloop
  endfacet
  facet normal 0.700046 0.138813 0.700476
    outer loop
      vertex 20.822 117.926 38.4
      vertex 21.3607 118.237 37.8
      vertex 20.7756 118.16 38.4
    endloop
  endfacet
  facet normal -0.314992 0.640483 0.700401
    outer loop
      vertex 23.3066 116.701 38.4
      vertex 23.5201 116.806 38.4
      vertex 23.225 117.317 37.8
    endloop
  endfacet
  facet normal -0.398143 0.592425 0.700368
    outer loop
      vertex 23.5201 116.806 38.4
      vertex 23.718 116.939 38.4
      vertex 23.225 117.317 37.8
    endloop
  endfacet
  facet normal 0.570438 -0.427828 0.701116
    outer loop
      vertex 21.1386 119.518 38.4
      vertex 21.6083 119.161 37.8
      vertex 21.1401 119.52 38.4
    endloop
  endfacet
  facet normal 0.593563 -0.396291 0.700454
    outer loop
      vertex 21.6083 119.161 37.8
      vertex 21.1386 119.518 38.4
      vertex 21.5175 119.025 37.8
    endloop
  endfacet
  facet normal -0.298838 -0.657444 0.691711
    outer loop
      vertex 23.718 119.861 38.4
      vertex 23.361 119.392 37.8
      vertex 23.7202 119.86 38.4
    endloop
  endfacet
  facet normal -0.397074 -0.59343 0.700124
    outer loop
      vertex 23.361 119.392 37.8
      vertex 23.718 119.861 38.4
      vertex 23.225 119.483 37.8
    endloop
  endfacet
  facet normal -0.700084 0.138712 0.700458
    outer loop
      vertex 23.8074 118.076 37.8
      vertex 24.378 117.926 38.4
      vertex 23.8393 118.237 37.8
    endloop
  endfacet
  facet normal -0.691767 0.172942 0.701106
    outer loop
      vertex 24.378 117.926 38.4
      vertex 23.8074 118.076 37.8
      vertex 24.3775 117.924 38.4
    endloop
  endfacet
  facet normal 0.536786 -0.470513 0.700341
    outer loop
      vertex 21.7161 119.284 37.8
      vertex 21.2988 119.701 38.4
      vertex 21.1419 119.522 38.4
    endloop
  endfacet
  facet normal 0.536811 0.470473 0.700349
    outer loop
      vertex 21.6083 117.639 37.8
      vertex 21.1419 117.278 38.4
      vertex 21.7161 117.516 37.8
    endloop
  endfacet
  facet normal 0.530796 0.477716 0.700031
    outer loop
      vertex 21.1419 117.278 38.4
      vertex 21.6083 117.639 37.8
      vertex 21.1401 117.28 38.4
    endloop
  endfacet
  facet normal 0.314992 -0.640483 0.700401
    outer loop
      vertex 21.975 119.483 37.8
      vertex 21.8934 120.099 38.4
      vertex 21.6799 119.994 38.4
    endloop
  endfacet
  facet normal -0.570438 -0.427828 0.701116
    outer loop
      vertex 23.5917 119.161 37.8
      vertex 24.0614 119.518 38.4
      vertex 24.0599 119.52 38.4
    endloop
  endfacet
  facet normal -0.593563 -0.396291 0.700454
    outer loop
      vertex 24.0614 119.518 38.4
      vertex 23.5917 119.161 37.8
      vertex 23.6825 119.025 37.8
    endloop
  endfacet
  facet normal -0.274257 -0.658218 0.701093
    outer loop
      vertex 23.0784 119.555 37.8
      vertex 23.3066 120.099 38.4
      vertex 23.3042 120.1 38.4
    endloop
  endfacet
  facet normal -0.314617 -0.640596 0.700466
    outer loop
      vertex 23.3066 120.099 38.4
      vertex 23.0784 119.555 37.8
      vertex 23.225 119.483 37.8
    endloop
  endfacet
  facet normal -0.639765 0.316278 0.700477
    outer loop
      vertex 24.1936 117.48 38.4
      vertex 24.2989 117.693 38.4
      vertex 23.6825 117.775 37.8
    endloop
  endfacet
  facet normal 0.639765 -0.316278 0.700477
    outer loop
      vertex 21.5175 119.025 37.8
      vertex 21.0064 119.32 38.4
      vertex 20.9011 119.107 38.4
    endloop
  endfacet
  facet normal 0.676091 0.228854 0.700376
    outer loop
      vertex 20.899 117.698 38.4
      vertex 21.3926 118.076 37.8
      vertex 20.8225 117.924 38.4
    endloop
  endfacet
  facet normal 0.700084 0.138712 0.700458
    outer loop
      vertex 20.822 117.926 38.4
      vertex 21.3926 118.076 37.8
      vertex 21.3607 118.237 37.8
    endloop
  endfacet
  facet normal 0.691767 0.172942 0.701106
    outer loop
      vertex 21.3926 118.076 37.8
      vertex 20.822 117.926 38.4
      vertex 20.8225 117.924 38.4
    endloop
  endfacet
  facet normal -0.138008 0.700238 0.700443
    outer loop
      vertex 22.8402 116.576 38.4
      vertex 23.0736 116.622 38.4
      vertex 22.7632 117.161 37.8
    endloop
  endfacet
  facet normal -0.250689 0.67686 0.69211
    outer loop
      vertex 22.7632 117.161 37.8
      vertex 22.8375 116.575 38.4
      vertex 22.8402 116.576 38.4
    endloop
  endfacet
  facet normal -0.0479636 0.711605 0.700941
    outer loop
      vertex 22.8375 116.575 38.4
      vertex 22.7632 117.161 37.8
      vertex 22.6 117.15 37.8
    endloop
  endfacet
  facet normal 0.471268 0.536285 0.700218
    outer loop
      vertex 21.4778 116.942 38.4
      vertex 21.839 117.408 37.8
      vertex 21.7161 117.516 37.8
    endloop
  endfacet
  facet normal 0.506323 0.506323 0.69805
    outer loop
      vertex 21.839 117.408 37.8
      vertex 21.4778 116.942 38.4
      vertex 21.4798 116.94 38.4
    endloop
  endfacet
  facet normal 0.470688 0.536645 0.700332
    outer loop
      vertex 21.4778 116.942 38.4
      vertex 21.7161 117.516 37.8
      vertex 21.2988 117.099 38.4
    endloop
  endfacet
  facet normal 0.397074 -0.59343 0.700124
    outer loop
      vertex 21.482 119.861 38.4
      vertex 21.839 119.392 37.8
      vertex 21.975 119.483 37.8
    endloop
  endfacet
  facet normal 0.298838 -0.657444 0.691711
    outer loop
      vertex 21.839 119.392 37.8
      vertex 21.482 119.861 38.4
      vertex 21.4798 119.86 38.4
    endloop
  endfacet
  facet normal 0.709569 -0.0709569 0.701054
    outer loop
      vertex 20.7754 118.638 38.4
      vertex 21.3607 118.563 37.8
      vertex 20.7756 118.64 38.4
    endloop
  endfacet
  facet normal 0.712112 -0.046746 0.700508
    outer loop
      vertex 21.3607 118.563 37.8
      vertex 20.7754 118.638 38.4
      vertex 21.35 118.4 37.8
    endloop
  endfacet
  facet normal -0.530796 -0.477716 0.700031
    outer loop
      vertex 24.0581 119.522 38.4
      vertex 23.5917 119.161 37.8
      vertex 24.0599 119.52 38.4
    endloop
  endfacet
  facet normal -0.536811 -0.470473 0.700349
    outer loop
      vertex 23.5917 119.161 37.8
      vertex 24.0581 119.522 38.4
      vertex 23.4839 119.284 37.8
    endloop
  endfacet
  facet normal 0.700046 -0.138813 0.700476
    outer loop
      vertex 21.3607 118.563 37.8
      vertex 20.822 118.874 38.4
      vertex 20.7756 118.64 38.4
    endloop
  endfacet
  facet normal 0.138008 -0.700238 0.700443
    outer loop
      vertex 22.4368 119.639 37.8
      vertex 22.3598 120.224 38.4
      vertex 22.1264 120.178 38.4
    endloop
  endfacet
  facet normal 0.712112 0.046746 0.700508
    outer loop
      vertex 20.7754 118.162 38.4
      vertex 21.3607 118.237 37.8
      vertex 21.35 118.4 37.8
    endloop
  endfacet
  facet normal 0.709569 0.0709569 0.701054
    outer loop
      vertex 21.3607 118.237 37.8
      vertex 20.7754 118.162 38.4
      vertex 20.7756 118.16 38.4
    endloop
  endfacet
  facet normal -0.639765 -0.316278 0.700477
    outer loop
      vertex 24.2989 119.107 38.4
      vertex 24.1936 119.32 38.4
      vertex 23.6825 119.025 37.8
    endloop
  endfacet
  facet normal -0.398143 -0.592425 0.700368
    outer loop
      vertex 23.718 119.861 38.4
      vertex 23.5201 119.994 38.4
      vertex 23.225 119.483 37.8
    endloop
  endfacet
  facet normal -0.661898 -0.264759 0.70128
    outer loop
      vertex 24.2989 119.107 38.4
      vertex 23.7548 118.878 37.8
      vertex 24.3001 119.104 38.4
    endloop
  endfacet
  facet normal -0.640192 -0.31487 0.700722
    outer loop
      vertex 23.7548 118.878 37.8
      vertex 24.2989 119.107 38.4
      vertex 23.6825 119.025 37.8
    endloop
  endfacet
  facet normal 0.227168 0.676698 0.700339
    outer loop
      vertex 22.1216 117.245 37.8
      vertex 21.8983 116.699 38.4
      vertex 22.2765 117.193 37.8
    endloop
  endfacet
  facet normal 0.264837 0.662092 0.701067
    outer loop
      vertex 21.8983 116.699 38.4
      vertex 22.1216 117.245 37.8
      vertex 21.8958 116.7 38.4
    endloop
  endfacet
  facet normal 0.640192 0.31487 0.700722
    outer loop
      vertex 21.4452 117.922 37.8
      vertex 20.9011 117.693 38.4
      vertex 21.5175 117.775 37.8
    endloop
  endfacet
  facet normal 0.661898 0.264759 0.70128
    outer loop
      vertex 20.9011 117.693 38.4
      vertex 21.4452 117.922 37.8
      vertex 20.8999 117.696 38.4
    endloop
  endfacet
  facet normal 0.639765 0.316278 0.700477
    outer loop
      vertex 21.0064 117.48 38.4
      vertex 21.5175 117.775 37.8
      vertex 20.9011 117.693 38.4
    endloop
  endfacet
  facet normal -0.536786 -0.470513 0.700341
    outer loop
      vertex 24.0581 119.522 38.4
      vertex 23.9012 119.701 38.4
      vertex 23.4839 119.284 37.8
    endloop
  endfacet
  facet normal -0.314992 -0.640483 0.700401
    outer loop
      vertex 23.5201 119.994 38.4
      vertex 23.3066 120.099 38.4
      vertex 23.225 119.483 37.8
    endloop
  endfacet
  facet normal -0.506323 -0.506323 0.69805
    outer loop
      vertex 23.361 119.392 37.8
      vertex 23.7222 119.858 38.4
      vertex 23.7202 119.86 38.4
    endloop
  endfacet
  facet normal -0.471268 -0.536285 0.700218
    outer loop
      vertex 23.7222 119.858 38.4
      vertex 23.361 119.392 37.8
      vertex 23.4839 119.284 37.8
    endloop
  endfacet
  facet normal 0.139661 0.699615 0.700738
    outer loop
      vertex 22.2765 117.193 37.8
      vertex 22.1264 116.622 38.4
      vertex 22.4368 117.161 37.8
    endloop
  endfacet
  facet normal 0.248142 0.669983 0.699677
    outer loop
      vertex 22.1264 116.622 38.4
      vertex 22.2765 117.193 37.8
      vertex 22.1237 116.623 38.4
    endloop
  endfacet
  facet normal 0.398143 -0.592425 0.700368
    outer loop
      vertex 21.975 119.483 37.8
      vertex 21.6799 119.994 38.4
      vertex 21.482 119.861 38.4
    endloop
  endfacet
  facet normal 0.712128 0.0466773 0.700496
    outer loop
      vertex 20.7754 118.162 38.4
      vertex 21.35 118.4 37.8
      vertex 20.7598 118.4 38.4
    endloop
  endfacet
  facet normal 0.593553 -0.396302 0.700457
    outer loop
      vertex 21.5175 119.025 37.8
      vertex 21.1386 119.518 38.4
      vertex 21.0064 119.32 38.4
    endloop
  endfacet
  facet normal 0.314617 0.640596 0.700466
    outer loop
      vertex 21.8934 116.701 38.4
      vertex 22.1216 117.245 37.8
      vertex 21.975 117.317 37.8
    endloop
  endfacet
  facet normal 0.274257 0.658218 0.701093
    outer loop
      vertex 22.1216 117.245 37.8
      vertex 21.8934 116.701 38.4
      vertex 21.8958 116.7 38.4
    endloop
  endfacet
  facet normal 0.228015 0.676245 0.700501
    outer loop
      vertex 22.1237 116.623 38.4
      vertex 22.2765 117.193 37.8
      vertex 21.8983 116.699 38.4
    endloop
  endfacet
  facet normal 0.0449875 -0.712302 0.70043
    outer loop
      vertex 22.6 119.65 37.8
      vertex 22.6 120.24 38.4
      vertex 22.3625 120.225 38.4
    endloop
  endfacet
  facet normal 0.470688 -0.536645 0.700332
    outer loop
      vertex 21.7161 119.284 37.8
      vertex 21.4778 119.858 38.4
      vertex 21.2988 119.701 38.4
    endloop
  endfacet
  facet normal -0.0449875 -0.712302 0.70043
    outer loop
      vertex 22.8375 120.225 38.4
      vertex 22.6 120.24 38.4
      vertex 22.6 119.65 37.8
    endloop
  endfacet
  facet normal 0.314992 0.640483 0.700401
    outer loop
      vertex 21.8934 116.701 38.4
      vertex 21.975 117.317 37.8
      vertex 21.6799 116.806 38.4
    endloop
  endfacet
  facet normal 0.398143 0.592425 0.700368
    outer loop
      vertex 21.6799 116.806 38.4
      vertex 21.975 117.317 37.8
      vertex 21.482 116.939 38.4
    endloop
  endfacet
  facet normal 0.397074 0.59343 0.700124
    outer loop
      vertex 21.839 117.408 37.8
      vertex 21.482 116.939 38.4
      vertex 21.975 117.317 37.8
    endloop
  endfacet
  facet normal 0.298838 0.657444 0.691711
    outer loop
      vertex 21.482 116.939 38.4
      vertex 21.839 117.408 37.8
      vertex 21.4798 116.94 38.4
    endloop
  endfacet
  facet normal 0.506323 -0.506323 0.69805
    outer loop
      vertex 21.4778 119.858 38.4
      vertex 21.839 119.392 37.8
      vertex 21.4798 119.86 38.4
    endloop
  endfacet
  facet normal 0.471268 -0.536285 0.700218
    outer loop
      vertex 21.839 119.392 37.8
      vertex 21.4778 119.858 38.4
      vertex 21.7161 119.284 37.8
    endloop
  endfacet
  facet normal -0.264837 -0.662092 0.701067
    outer loop
      vertex 23.3017 120.101 38.4
      vertex 23.0784 119.555 37.8
      vertex 23.3042 120.1 38.4
    endloop
  endfacet
  facet normal -0.227168 -0.676698 0.700339
    outer loop
      vertex 23.0784 119.555 37.8
      vertex 23.3017 120.101 38.4
      vertex 22.9235 119.607 37.8
    endloop
  endfacet
  facet normal 0.640192 -0.31487 0.700722
    outer loop
      vertex 20.9011 119.107 38.4
      vertex 21.4452 118.878 37.8
      vertex 21.5175 119.025 37.8
    endloop
  endfacet
  facet normal 0.661898 -0.264759 0.70128
    outer loop
      vertex 21.4452 118.878 37.8
      vertex 20.9011 119.107 38.4
      vertex 20.8999 119.104 38.4
    endloop
  endfacet
  facet normal 0.227168 -0.676698 0.700339
    outer loop
      vertex 21.8983 120.101 38.4
      vertex 22.1216 119.555 37.8
      vertex 22.2765 119.607 37.8
    endloop
  endfacet
  facet normal 0.264837 -0.662092 0.701067
    outer loop
      vertex 22.1216 119.555 37.8
      vertex 21.8983 120.101 38.4
      vertex 21.8958 120.1 38.4
    endloop
  endfacet
  facet normal 0.274257 -0.658218 0.701093
    outer loop
      vertex 21.8934 120.099 38.4
      vertex 22.1216 119.555 37.8
      vertex 21.8958 120.1 38.4
    endloop
  endfacet
  facet normal 0.314617 -0.640596 0.700466
    outer loop
      vertex 22.1216 119.555 37.8
      vertex 21.8934 120.099 38.4
      vertex 21.975 119.483 37.8
    endloop
  endfacet
  facet normal -0.691767 -0.172942 0.701106
    outer loop
      vertex 23.8074 118.724 37.8
      vertex 24.378 118.874 38.4
      vertex 24.3775 118.876 38.4
    endloop
  endfacet
  facet normal -0.700084 -0.138712 0.700458
    outer loop
      vertex 24.378 118.874 38.4
      vertex 23.8074 118.724 37.8
      vertex 23.8393 118.563 37.8
    endloop
  endfacet
  facet normal -0.676091 -0.228854 0.700376
    outer loop
      vertex 24.3775 118.876 38.4
      vertex 24.301 119.102 38.4
      vertex 23.8074 118.724 37.8
    endloop
  endfacet
  facet normal -0.138008 -0.700238 0.700443
    outer loop
      vertex 23.0736 120.178 38.4
      vertex 22.8402 120.224 38.4
      vertex 22.7632 119.639 37.8
    endloop
  endfacet
  facet normal 0.250689 -0.67686 0.69211
    outer loop
      vertex 22.4368 119.639 37.8
      vertex 22.3625 120.225 38.4
      vertex 22.3598 120.224 38.4
    endloop
  endfacet
  facet normal 0.0479636 -0.711605 0.700941
    outer loop
      vertex 22.3625 120.225 38.4
      vertex 22.4368 119.639 37.8
      vertex 22.6 119.65 37.8
    endloop
  endfacet
  facet normal -0.650214 -0.292597 0.701148
    outer loop
      vertex 23.7548 118.878 37.8
      vertex 24.301 119.102 38.4
      vertex 24.3001 119.104 38.4
    endloop
  endfacet
  facet normal -0.675153 -0.230604 0.700707
    outer loop
      vertex 24.301 119.102 38.4
      vertex 23.7548 118.878 37.8
      vertex 23.8074 118.724 37.8
    endloop
  endfacet
  facet normal -0.700046 -0.138813 0.700476
    outer loop
      vertex 24.4244 118.64 38.4
      vertex 24.378 118.874 38.4
      vertex 23.8393 118.563 37.8
    endloop
  endfacet
  facet normal -0.979847 0.199519 -0.00959224
    outer loop
      vertex 132.607 118.076 30.4764
      vertex 132.639 118.237 30.5564
      vertex 132.609 118.086 30.4801
    endloop
  endfacet
  facet normal -0.980814 0.194944 0
    outer loop
      vertex 132.639 118.237 30.5564
      vertex 132.607 118.076 30.4764
      vertex 132.607 118.076 37.8
    endloop
  endfacet
  facet normal -0.980814 0.194944 0
    outer loop
      vertex 132.639 118.237 30.5564
      vertex 132.607 118.076 37.8
      vertex 132.639 118.237 37.8
    endloop
  endfacet
  facet normal -0.980814 -0.194944 -0
    outer loop
      vertex 132.639 118.563 37.8
      vertex 132.607 118.724 30.7138
      vertex 132.639 118.563 30.6727
    endloop
  endfacet
  facet normal -0.980814 -0.194944 0
    outer loop
      vertex 132.607 118.724 30.7138
      vertex 132.639 118.563 37.8
      vertex 132.607 118.724 37.8
    endloop
  endfacet
  facet normal -0.995096 -0.0843593 0.0516486
    outer loop
      vertex 132.65 118.4 30.6184
      vertex 132.639 118.563 30.6727
      vertex 132.646 118.456 30.6328
    endloop
  endfacet
  facet normal -0.997731 -0.0673315 0
    outer loop
      vertex 132.639 118.563 30.6727
      vertex 132.65 118.4 30.6184
      vertex 132.65 118.4 37.8
    endloop
  endfacet
  facet normal -0.997731 -0.0673315 0
    outer loop
      vertex 132.639 118.563 30.6727
      vertex 132.65 118.4 37.8
      vertex 132.639 118.563 37.8
    endloop
  endfacet
  facet normal -0.940637 -0.332049 0.070328
    outer loop
      vertex 132.607 118.724 30.7138
      vertex 132.555 118.878 30.7454
      vertex 132.583 118.794 30.7233
    endloop
  endfacet
  facet normal -0.947446 -0.319917 0
    outer loop
      vertex 132.555 118.878 30.7454
      vertex 132.607 118.724 30.7138
      vertex 132.607 118.724 37.8
    endloop
  endfacet
  facet normal -0.947446 -0.319917 0
    outer loop
      vertex 132.555 118.878 30.7454
      vertex 132.607 118.724 37.8
      vertex 132.555 118.878 37.8
    endloop
  endfacet
  facet normal -0.439867 0.898063 0
    outer loop
      vertex 132.025 117.317 29.7695
      vertex 131.878 117.245 37.8
      vertex 132.025 117.317 37.8
    endloop
  endfacet
  facet normal -0.439867 0.898063 0
    outer loop
      vertex 131.878 117.245 37.8
      vertex 132.025 117.317 29.7695
      vertex 131.878 117.245 29.61
    endloop
  endfacet
  facet normal -0.194944 -0.980814 0
    outer loop
      vertex 131.563 119.639 37.8
      vertex 131.724 119.607 30.6739
      vertex 131.724 119.607 37.8
    endloop
  endfacet
  facet normal -0.194944 -0.980814 0
    outer loop
      vertex 131.563 119.639 30.6201
      vertex 131.724 119.607 30.6739
      vertex 131.563 119.639 37.8
    endloop
  endfacet
  facet normal -0.20031 -0.979589 0.0167858
    outer loop
      vertex 131.724 119.607 30.6739
      vertex 131.563 119.639 30.6201
      vertex 131.623 119.627 30.6358
    endloop
  endfacet
  facet normal -0.194944 0.980814 0
    outer loop
      vertex 131.724 117.193 29.4433
      vertex 131.563 117.161 37.8
      vertex 131.724 117.193 37.8
    endloop
  endfacet
  facet normal -0.194944 0.980814 0
    outer loop
      vertex 131.563 117.161 37.8
      vertex 131.724 117.193 29.4433
      vertex 131.563 117.161 29.2721
    endloop
  endfacet
  facet normal -0.0673315 0.997731 0
    outer loop
      vertex 131.563 117.161 29.2721
      vertex 131.4 117.15 37.8
      vertex 131.563 117.161 37.8
    endloop
  endfacet
  facet normal -0.0673315 0.997731 0
    outer loop
      vertex 131.4 117.15 37.8
      vertex 131.563 117.161 29.2721
      vertex 131.4 117.15 29.0995
    endloop
  endfacet
  facet normal 0.659801 -0.75144 0
    outer loop
      vertex 130.516 119.284 37.8
      vertex 130.639 119.392 30.0595
      vertex 130.639 119.392 37.8
    endloop
  endfacet
  facet normal 0.659801 -0.75144 0
    outer loop
      vertex 130.639 119.392 30.0595
      vertex 130.516 119.284 37.8
      vertex 130.516 119.284 29.9226
    endloop
  endfacet
  facet normal 0.831109 -0.55611 0
    outer loop
      vertex 130.317 119.025 37.8
      vertex 130.408 119.161 29.7733
      vertex 130.408 119.161 37.8
    endloop
  endfacet
  facet normal 0.831109 -0.55611 0
    outer loop
      vertex 130.408 119.161 29.7733
      vertex 130.317 119.025 37.8
      vertex 130.317 119.025 29.614
    endloop
  endfacet
  facet normal -0.319917 -0.947446 0
    outer loop
      vertex 131.724 119.607 37.8
      vertex 131.878 119.555 30.7149
      vertex 131.878 119.555 37.8
    endloop
  endfacet
  facet normal -0.319917 -0.947446 0
    outer loop
      vertex 131.878 119.555 30.7149
      vertex 131.724 119.607 37.8
      vertex 131.724 119.607 30.6739
    endloop
  endfacet
  facet normal -0.659801 0.75144 0
    outer loop
      vertex 132.284 117.516 30.056
      vertex 132.161 117.408 37.8
      vertex 132.284 117.516 37.8
    endloop
  endfacet
  facet normal -0.659801 0.75144 0
    outer loop
      vertex 132.161 117.408 37.8
      vertex 132.284 117.516 30.056
      vertex 132.161 117.408 29.919
    endloop
  endfacet
  facet normal 0.439867 -0.898063 0
    outer loop
      vertex 130.775 119.483 37.8
      vertex 130.922 119.555 30.2944
      vertex 130.922 119.555 37.8
    endloop
  endfacet
  facet normal 0.439867 -0.898063 0
    outer loop
      vertex 130.775 119.483 30.1814
      vertex 130.922 119.555 30.2944
      vertex 130.775 119.483 37.8
    endloop
  endfacet
  facet normal 0.327656 -0.930038 0.166348
    outer loop
      vertex 130.922 119.555 30.2944
      vertex 130.775 119.483 30.1814
      vertex 130.829 119.509 30.2204
    endloop
  endfacet
  facet normal 0.0673315 0.997731 -0
    outer loop
      vertex 131.4 117.15 29.0995
      vertex 131.237 117.161 37.8
      vertex 131.4 117.15 37.8
    endloop
  endfacet
  facet normal 0.0673315 0.997731 0
    outer loop
      vertex 131.237 117.161 37.8
      vertex 131.4 117.15 29.0995
      vertex 131.237 117.161 28.9283
    endloop
  endfacet
  facet normal -0.75144 0.659801 0
    outer loop
      vertex 132.284 117.516 37.8
      vertex 132.392 117.639 30.178
      vertex 132.284 117.516 30.056
    endloop
  endfacet
  facet normal -0.75144 0.659801 0
    outer loop
      vertex 132.392 117.639 30.178
      vertex 132.284 117.516 37.8
      vertex 132.392 117.639 37.8
    endloop
  endfacet
  facet normal 0.947446 0.319917 0
    outer loop
      vertex 130.245 117.922 37.8
      vertex 130.193 118.076 28.6322
      vertex 130.193 118.076 37.8
    endloop
  endfacet
  facet normal 0.947446 0.319917 0
    outer loop
      vertex 130.193 118.076 28.6322
      vertex 130.245 117.922 37.8
      vertex 130.245 117.922 28.5178
    endloop
  endfacet
  facet normal -0.319917 0.947446 0
    outer loop
      vertex 131.878 117.245 29.61
      vertex 131.724 117.193 37.8
      vertex 131.878 117.245 37.8
    endloop
  endfacet
  facet normal -0.319917 0.947446 0
    outer loop
      vertex 131.724 117.193 37.8
      vertex 131.878 117.245 29.61
      vertex 131.724 117.193 29.4433
    endloop
  endfacet
  facet normal 0.319917 -0.947446 0
    outer loop
      vertex 130.922 119.555 37.8
      vertex 131.076 119.607 30.3957
      vertex 131.076 119.607 37.8
    endloop
  endfacet
  facet normal 0.319917 -0.947446 0
    outer loop
      vertex 131.076 119.607 30.3957
      vertex 130.922 119.555 37.8
      vertex 130.922 119.555 30.2944
    endloop
  endfacet
  facet normal 0.55611 -0.831109 0
    outer loop
      vertex 130.639 119.392 37.8
      vertex 130.775 119.483 30.1814
      vertex 130.775 119.483 37.8
    endloop
  endfacet
  facet normal 0.55611 -0.831109 0
    outer loop
      vertex 130.775 119.483 30.1814
      vertex 130.639 119.392 37.8
      vertex 130.639 119.392 30.0595
    endloop
  endfacet
  facet normal 0.947446 -0.319917 0
    outer loop
      vertex 130.193 118.724 37.8
      vertex 130.245 118.878 29.4474
      vertex 130.245 118.878 37.8
    endloop
  endfacet
  facet normal 0.947446 -0.319917 0
    outer loop
      vertex 130.245 118.878 29.4474
      vertex 130.193 118.724 37.8
      vertex 130.193 118.724 29.2764
    endloop
  endfacet
  facet normal -0.898063 -0.439867 -0
    outer loop
      vertex 132.555 118.878 37.8
      vertex 132.483 119.025 30.7659
      vertex 132.555 118.878 30.7454
    endloop
  endfacet
  facet normal -0.898063 -0.439867 0
    outer loop
      vertex 132.483 119.025 30.7659
      vertex 132.555 118.878 37.8
      vertex 132.483 119.025 37.8
    endloop
  endfacet
  facet normal 0.194944 -0.980814 0
    outer loop
      vertex 131.076 119.607 37.8
      vertex 131.237 119.639 30.4789
      vertex 131.237 119.639 37.8
    endloop
  endfacet
  facet normal 0.194944 -0.980814 0
    outer loop
      vertex 131.237 119.639 30.4789
      vertex 131.076 119.607 37.8
      vertex 131.076 119.607 30.3957
    endloop
  endfacet
  facet normal -0.659801 -0.75144 0
    outer loop
      vertex 132.161 119.392 37.8
      vertex 132.284 119.284 30.7764
      vertex 132.284 119.284 37.8
    endloop
  endfacet
  facet normal -0.659801 -0.75144 0
    outer loop
      vertex 132.161 119.392 30.7664
      vertex 132.284 119.284 30.7764
      vertex 132.161 119.392 37.8
    endloop
  endfacet
  facet normal -0.656944 -0.752499 -0.0465833
    outer loop
      vertex 132.284 119.284 30.7764
      vertex 132.161 119.392 30.7664
      vertex 132.224 119.337 30.7664
    endloop
  endfacet
  facet normal -0.997731 0.0673315 0
    outer loop
      vertex 132.639 118.237 37.8
      vertex 132.65 118.4 30.6184
      vertex 132.639 118.237 30.5564
    endloop
  endfacet
  facet normal -0.997731 0.0673315 0
    outer loop
      vertex 132.65 118.4 30.6184
      vertex 132.639 118.237 37.8
      vertex 132.65 118.4 37.8
    endloop
  endfacet
  facet normal -0.439867 -0.898063 0
    outer loop
      vertex 131.878 119.555 37.8
      vertex 132.025 119.483 30.746
      vertex 132.025 119.483 37.8
    endloop
  endfacet
  facet normal -0.439867 -0.898063 0
    outer loop
      vertex 131.878 119.555 30.7149
      vertex 132.025 119.483 30.746
      vertex 131.878 119.555 37.8
    endloop
  endfacet
  facet normal -0.446323 -0.893979 0.0399692
    outer loop
      vertex 132.025 119.483 30.746
      vertex 131.878 119.555 30.7149
      vertex 131.949 119.52 30.7249
    endloop
  endfacet
  facet normal 0.319917 0.947446 -0
    outer loop
      vertex 131.076 117.193 28.7715
      vertex 130.922 117.245 37.8
      vertex 131.076 117.193 37.8
    endloop
  endfacet
  facet normal 0.437182 0.886923 -0.149129
    outer loop
      vertex 130.922 117.245 28.6293
      vertex 131.076 117.193 28.7715
      vertex 130.942 117.238 28.6463
    endloop
  endfacet
  facet normal 0.319917 0.947446 0
    outer loop
      vertex 131.076 117.193 28.7715
      vertex 130.922 117.245 28.6293
      vertex 130.922 117.245 37.8
    endloop
  endfacet
  facet normal 0.980814 -0.194944 0
    outer loop
      vertex 130.161 118.563 37.8
      vertex 130.193 118.724 29.2764
      vertex 130.193 118.724 37.8
    endloop
  endfacet
  facet normal 0.980814 -0.194944 0
    outer loop
      vertex 130.193 118.724 29.2764
      vertex 130.161 118.563 37.8
      vertex 130.161 118.563 29.104
    endloop
  endfacet
  facet normal 0.0673315 -0.997731 0
    outer loop
      vertex 131.237 119.639 37.8
      vertex 131.4 119.65 30.5582
      vertex 131.4 119.65 37.8
    endloop
  endfacet
  facet normal 0.0673315 -0.997731 0
    outer loop
      vertex 131.237 119.639 30.4789
      vertex 131.4 119.65 30.5582
      vertex 131.237 119.639 37.8
    endloop
  endfacet
  facet normal 0.063085 -0.99797 0.00876181
    outer loop
      vertex 131.4 119.65 30.5582
      vertex 131.237 119.639 30.4789
      vertex 131.252 119.64 30.4848
    endloop
  endfacet
  facet normal -0.947446 0.319917 0
    outer loop
      vertex 132.555 117.922 37.8
      vertex 132.607 118.076 30.4764
      vertex 132.555 117.922 30.3932
    endloop
  endfacet
  facet normal -0.947446 0.319917 0
    outer loop
      vertex 132.607 118.076 30.4764
      vertex 132.555 117.922 37.8
      vertex 132.607 118.076 37.8
    endloop
  endfacet
  facet normal -0.83176 -0.554507 -0.0264051
    outer loop
      vertex 132.483 119.025 30.7659
      vertex 132.392 119.161 30.7764
      vertex 132.439 119.091 30.7659
    endloop
  endfacet
  facet normal -0.831109 -0.55611 -0
    outer loop
      vertex 132.483 119.025 37.8
      vertex 132.392 119.161 30.7764
      vertex 132.483 119.025 30.7659
    endloop
  endfacet
  facet normal -0.831109 -0.55611 0
    outer loop
      vertex 132.392 119.161 30.7764
      vertex 132.483 119.025 37.8
      vertex 132.392 119.161 37.8
    endloop
  endfacet
  facet normal -0.75144 -0.659801 0
    outer loop
      vertex 132.392 119.161 30.7764
      vertex 132.284 119.284 37.8
      vertex 132.284 119.284 30.7764
    endloop
  endfacet
  facet normal -0.75144 -0.659801 0
    outer loop
      vertex 132.284 119.284 37.8
      vertex 132.392 119.161 30.7764
      vertex 132.392 119.161 37.8
    endloop
  endfacet
  facet normal 0.898063 0.439867 0
    outer loop
      vertex 130.317 117.775 37.8
      vertex 130.245 117.922 28.5178
      vertex 130.245 117.922 37.8
    endloop
  endfacet
  facet normal 0.898063 0.439867 -0
    outer loop
      vertex 130.317 117.775 28.4361
      vertex 130.245 117.922 28.5178
      vertex 130.317 117.775 37.8
    endloop
  endfacet
  facet normal 0.913667 0.395576 0.0934432
    outer loop
      vertex 130.245 117.922 28.5178
      vertex 130.317 117.775 28.4361
      vertex 130.254 117.904 28.506
    endloop
  endfacet
  facet normal -0.898063 0.439867 0
    outer loop
      vertex 132.483 117.775 37.8
      vertex 132.555 117.922 30.3932
      vertex 132.483 117.775 30.2918
    endloop
  endfacet
  facet normal -0.898063 0.439867 0
    outer loop
      vertex 132.555 117.922 30.3932
      vertex 132.483 117.775 37.8
      vertex 132.555 117.922 37.8
    endloop
  endfacet
  facet normal 0.75144 0.659801 0
    outer loop
      vertex 130.516 117.516 28.3918
      vertex 130.408 117.639 28.3928
      vertex 130.408 117.639 37.8
    endloop
  endfacet
  facet normal 0.750657 0.658696 0.0513269
    outer loop
      vertex 130.408 117.639 28.3928
      vertex 130.516 117.516 28.3918
      vertex 130.416 117.63 28.3913
    endloop
  endfacet
  facet normal 0.75144 0.659801 -0
    outer loop
      vertex 130.516 117.516 28.3918
      vertex 130.408 117.639 37.8
      vertex 130.516 117.516 37.8
    endloop
  endfacet
  facet normal 0.537412 0.474472 0.697183
    outer loop
      vertex 130.416 117.63 28.3913
      vertex 130.516 117.516 28.3918
      vertex 130.514 117.519 28.3913
    endloop
  endfacet
  facet normal -0.888673 0.380477 0.255926
    outer loop
      vertex 132.392 117.639 30.178
      vertex 132.483 117.775 30.2918
      vertex 132.42 117.682 30.2113
    endloop
  endfacet
  facet normal -0.831109 0.55611 0
    outer loop
      vertex 132.483 117.775 30.2918
      vertex 132.392 117.639 30.178
      vertex 132.392 117.639 37.8
    endloop
  endfacet
  facet normal -0.831109 0.55611 0
    outer loop
      vertex 132.483 117.775 30.2918
      vertex 132.392 117.639 37.8
      vertex 132.483 117.775 37.8
    endloop
  endfacet
  facet normal 0.75144 -0.659801 0
    outer loop
      vertex 130.408 119.161 37.8
      vertex 130.516 119.284 29.9226
      vertex 130.516 119.284 37.8
    endloop
  endfacet
  facet normal 0.75144 -0.659801 0
    outer loop
      vertex 130.516 119.284 29.9226
      vertex 130.408 119.161 37.8
      vertex 130.408 119.161 29.7733
    endloop
  endfacet
  facet normal -0.0673315 -0.997731 0
    outer loop
      vertex 131.4 119.65 37.8
      vertex 131.563 119.639 30.6201
      vertex 131.563 119.639 37.8
    endloop
  endfacet
  facet normal -0.0673315 -0.997731 0
    outer loop
      vertex 131.563 119.639 30.6201
      vertex 131.4 119.65 37.8
      vertex 131.4 119.65 30.5582
    endloop
  endfacet
  facet normal -0.55611 -0.831109 0
    outer loop
      vertex 132.025 119.483 37.8
      vertex 132.161 119.392 30.7664
      vertex 132.161 119.392 37.8
    endloop
  endfacet
  facet normal -0.55611 -0.831109 0
    outer loop
      vertex 132.161 119.392 30.7664
      vertex 132.025 119.483 37.8
      vertex 132.025 119.483 30.746
    endloop
  endfacet
  facet normal 0.439867 0.898063 -0
    outer loop
      vertex 130.922 117.245 28.6293
      vertex 130.775 117.317 37.8
      vertex 130.922 117.245 37.8
    endloop
  endfacet
  facet normal 0.439867 0.898063 0
    outer loop
      vertex 130.775 117.317 37.8
      vertex 130.922 117.245 28.6293
      vertex 130.775 117.317 28.5148
    endloop
  endfacet
  facet normal 0.831109 0.55611 0
    outer loop
      vertex 130.408 117.639 37.8
      vertex 130.317 117.775 28.4361
      vertex 130.317 117.775 37.8
    endloop
  endfacet
  facet normal 0.831109 0.55611 -0
    outer loop
      vertex 130.408 117.639 28.3928
      vertex 130.317 117.775 28.4361
      vertex 130.408 117.639 37.8
    endloop
  endfacet
  facet normal 0.831075 0.453651 0.321738
    outer loop
      vertex 130.317 117.775 28.4361
      vertex 130.408 117.639 28.3928
      vertex 130.33 117.757 28.4279
    endloop
  endfacet
  facet normal 0.980814 0.194944 0
    outer loop
      vertex 130.193 118.076 37.8
      vertex 130.161 118.237 28.7753
      vertex 130.161 118.237 37.8
    endloop
  endfacet
  facet normal 0.980814 0.194944 -0
    outer loop
      vertex 130.193 118.076 28.6322
      vertex 130.161 118.237 28.7753
      vertex 130.193 118.076 37.8
    endloop
  endfacet
  facet normal 0.62315 0.585119 -0.518961
    outer loop
      vertex 130.161 118.237 28.7753
      vertex 130.193 118.076 28.6322
      vertex 130.19 118.087 28.641
    endloop
  endfacet
  facet normal 0.194944 0.980814 -0
    outer loop
      vertex 131.237 117.161 28.9283
      vertex 131.076 117.193 37.8
      vertex 131.237 117.161 37.8
    endloop
  endfacet
  facet normal 0.305494 0.944484 -0.120925
    outer loop
      vertex 131.076 117.193 28.7715
      vertex 131.237 117.161 28.9283
      vertex 131.2 117.168 28.8895
    endloop
  endfacet
  facet normal 0.194944 0.980814 0
    outer loop
      vertex 131.237 117.161 28.9283
      vertex 131.076 117.193 28.7715
      vertex 131.076 117.193 37.8
    endloop
  endfacet
  facet normal 0.659801 0.75144 -0
    outer loop
      vertex 130.639 117.408 28.4341
      vertex 130.516 117.516 37.8
      vertex 130.639 117.408 37.8
    endloop
  endfacet
  facet normal 0.636577 0.764566 0.101044
    outer loop
      vertex 130.516 117.516 28.3918
      vertex 130.639 117.408 28.4341
      vertex 130.629 117.417 28.429
    endloop
  endfacet
  facet normal 0.659801 0.75144 0
    outer loop
      vertex 130.639 117.408 28.4341
      vertex 130.516 117.516 28.3918
      vertex 130.516 117.516 37.8
    endloop
  endfacet
  facet normal 0.898063 -0.439867 0
    outer loop
      vertex 130.245 118.878 37.8
      vertex 130.317 119.025 29.614
      vertex 130.317 119.025 37.8
    endloop
  endfacet
  facet normal 0.898063 -0.439867 0
    outer loop
      vertex 130.317 119.025 29.614
      vertex 130.245 118.878 37.8
      vertex 130.245 118.878 29.4474
    endloop
  endfacet
  facet normal 0.997731 0.0673315 0
    outer loop
      vertex 130.161 118.237 37.8
      vertex 130.15 118.4 28.933
      vertex 130.15 118.4 37.8
    endloop
  endfacet
  facet normal 0.997731 0.0673315 -0
    outer loop
      vertex 130.161 118.237 28.7753
      vertex 130.15 118.4 28.933
      vertex 130.161 118.237 37.8
    endloop
  endfacet
  facet normal 0.975751 0.182607 -0.120683
    outer loop
      vertex 130.15 118.4 28.933
      vertex 130.161 118.237 28.7753
      vertex 130.153 118.35 28.8816
    endloop
  endfacet
  facet normal -0.55611 0.831109 0
    outer loop
      vertex 132.161 117.408 29.919
      vertex 132.025 117.317 37.8
      vertex 132.161 117.408 37.8
    endloop
  endfacet
  facet normal -0.55611 0.831109 0
    outer loop
      vertex 132.025 117.317 37.8
      vertex 132.161 117.408 29.919
      vertex 132.025 117.317 29.7695
    endloop
  endfacet
  facet normal 0.997731 -0.0673315 0
    outer loop
      vertex 130.15 118.4 37.8
      vertex 130.161 118.563 29.104
      vertex 130.161 118.563 37.8
    endloop
  endfacet
  facet normal 0.997731 -0.0673315 0
    outer loop
      vertex 130.161 118.563 29.104
      vertex 130.15 118.4 37.8
      vertex 130.15 118.4 28.933
    endloop
  endfacet
  facet normal 0.55611 0.831109 -0
    outer loop
      vertex 130.775 117.317 28.5148
      vertex 130.639 117.408 37.8
      vertex 130.775 117.317 37.8
    endloop
  endfacet
  facet normal 0.162429 0.779384 0.605126
    outer loop
      vertex 130.639 117.408 28.4341
      vertex 130.775 117.317 28.5148
      vertex 130.766 117.324 28.5082
    endloop
  endfacet
  facet normal 0.55611 0.831109 0
    outer loop
      vertex 130.775 117.317 28.5148
      vertex 130.639 117.408 28.4341
      vertex 130.639 117.408 37.8
    endloop
  endfacet
  facet normal 0.638528 -0.319264 0.700252
    outer loop
      vertex 129.699 119.102 38.4
      vertex 130.245 118.878 37.8
      vertex 129.7 119.104 38.4
    endloop
  endfacet
  facet normal 0.676133 -0.228305 0.700515
    outer loop
      vertex 130.245 118.878 37.8
      vertex 129.699 119.102 38.4
      vertex 130.193 118.724 37.8
    endloop
  endfacet
  facet normal 0.227514 -0.676555 0.700364
    outer loop
      vertex 131.076 119.607 37.8
      vertex 130.924 120.177 38.4
      vertex 130.698 120.101 38.4
    endloop
  endfacet
  facet normal 0.139083 -0.69976 0.700709
    outer loop
      vertex 130.926 120.178 38.4
      vertex 131.076 119.607 37.8
      vertex 131.237 119.639 37.8
    endloop
  endfacet
  facet normal 0.322131 -0.644262 0.693656
    outer loop
      vertex 131.076 119.607 37.8
      vertex 130.926 120.178 38.4
      vertex 130.924 120.177 38.4
    endloop
  endfacet
  facet normal 0.644262 -0.322131 0.693656
    outer loop
      vertex 129.622 118.874 38.4
      vertex 130.193 118.724 37.8
      vertex 129.623 118.876 38.4
    endloop
  endfacet
  facet normal 0.69976 -0.139083 0.700709
    outer loop
      vertex 130.193 118.724 37.8
      vertex 129.622 118.874 38.4
      vertex 130.161 118.563 37.8
    endloop
  endfacet
  facet normal -0.712305 -0.0448932 0.700433
    outer loop
      vertex 133.24 118.4 38.4
      vertex 133.225 118.638 38.4
      vertex 132.65 118.4 37.8
    endloop
  endfacet
  facet normal -0.65514 -0.32757 0.6808
    outer loop
      vertex 132.639 118.563 37.8
      vertex 133.225 118.638 38.4
      vertex 133.224 118.64 38.4
    endloop
  endfacet
  facet normal -0.711572 -0.0480202 0.700971
    outer loop
      vertex 133.225 118.638 38.4
      vertex 132.639 118.563 37.8
      vertex 132.65 118.4 37.8
    endloop
  endfacet
  facet normal -0.227514 -0.676555 0.700364
    outer loop
      vertex 132.102 120.101 38.4
      vertex 131.876 120.177 38.4
      vertex 131.724 119.607 37.8
    endloop
  endfacet
  facet normal -0.592541 0.39802 0.70034
    outer loop
      vertex 132.861 117.282 38.4
      vertex 132.994 117.48 38.4
      vertex 132.483 117.775 37.8
    endloop
  endfacet
  facet normal -0.536733 0.470766 0.700212
    outer loop
      vertex 132.701 117.099 38.4
      vertex 132.858 117.278 38.4
      vertex 132.284 117.516 37.8
    endloop
  endfacet
  facet normal -0.711572 0.0480202 0.700971
    outer loop
      vertex 132.639 118.237 37.8
      vertex 133.225 118.162 38.4
      vertex 132.65 118.4 37.8
    endloop
  endfacet
  facet normal -0.65514 0.32757 0.6808
    outer loop
      vertex 133.225 118.162 38.4
      vertex 132.639 118.237 37.8
      vertex 133.224 118.16 38.4
    endloop
  endfacet
  facet normal 0.592541 0.39802 0.70034
    outer loop
      vertex 129.939 117.282 38.4
      vertex 130.317 117.775 37.8
      vertex 129.806 117.48 38.4
    endloop
  endfacet
  facet normal -0.227514 0.676555 0.700364
    outer loop
      vertex 131.876 116.623 38.4
      vertex 132.102 116.699 38.4
      vertex 131.724 117.193 37.8
    endloop
  endfacet
  facet normal -0.506382 0.506382 0.697964
    outer loop
      vertex 132.392 117.639 37.8
      vertex 132.858 117.278 38.4
      vertex 132.86 117.28 38.4
    endloop
  endfacet
  facet normal -0.536528 0.471097 0.700147
    outer loop
      vertex 132.858 117.278 38.4
      vertex 132.392 117.639 37.8
      vertex 132.284 117.516 37.8
    endloop
  endfacet
  facet normal -0.471097 0.536528 0.700147
    outer loop
      vertex 132.161 117.408 37.8
      vertex 132.522 116.942 38.4
      vertex 132.284 117.516 37.8
    endloop
  endfacet
  facet normal -0.506382 0.506382 0.697964
    outer loop
      vertex 132.522 116.942 38.4
      vertex 132.161 117.408 37.8
      vertex 132.52 116.94 38.4
    endloop
  endfacet
  facet normal 0.536733 0.470766 0.700212
    outer loop
      vertex 130.099 117.099 38.4
      vertex 130.516 117.516 37.8
      vertex 129.942 117.278 38.4
    endloop
  endfacet
  facet normal -0.470766 0.536733 0.700212
    outer loop
      vertex 132.522 116.942 38.4
      vertex 132.701 117.099 38.4
      vertex 132.284 117.516 37.8
    endloop
  endfacet
  facet normal -0.59343 0.397074 0.700124
    outer loop
      vertex 132.392 117.639 37.8
      vertex 132.861 117.282 38.4
      vertex 132.483 117.775 37.8
    endloop
  endfacet
  facet normal -0.643543 0.321771 0.69449
    outer loop
      vertex 132.861 117.282 38.4
      vertex 132.392 117.639 37.8
      vertex 132.86 117.28 38.4
    endloop
  endfacet
  facet normal -0.700295 0.137665 0.700454
    outer loop
      vertex 133.178 117.926 38.4
      vertex 133.224 118.16 38.4
      vertex 132.639 118.237 37.8
    endloop
  endfacet
  facet normal 0.676133 0.228305 0.700515
    outer loop
      vertex 129.699 117.698 38.4
      vertex 130.245 117.922 37.8
      vertex 130.193 118.076 37.8
    endloop
  endfacet
  facet normal 0.638528 0.319264 0.700252
    outer loop
      vertex 130.245 117.922 37.8
      vertex 129.699 117.698 38.4
      vertex 129.7 117.696 38.4
    endloop
  endfacet
  facet normal -0.322131 0.644262 0.693656
    outer loop
      vertex 131.724 117.193 37.8
      vertex 131.874 116.622 38.4
      vertex 131.876 116.623 38.4
    endloop
  endfacet
  facet normal -0.139083 0.69976 0.700709
    outer loop
      vertex 131.874 116.622 38.4
      vertex 131.724 117.193 37.8
      vertex 131.563 117.161 37.8
    endloop
  endfacet
  facet normal -0.0480202 -0.711572 0.700971
    outer loop
      vertex 131.563 119.639 37.8
      vertex 131.638 120.225 38.4
      vertex 131.4 119.65 37.8
    endloop
  endfacet
  facet normal -0.32757 -0.65514 0.6808
    outer loop
      vertex 131.638 120.225 38.4
      vertex 131.563 119.639 37.8
      vertex 131.64 120.224 38.4
    endloop
  endfacet
  facet normal -0.321771 0.643543 0.69449
    outer loop
      vertex 132.161 117.408 37.8
      vertex 132.518 116.939 38.4
      vertex 132.52 116.94 38.4
    endloop
  endfacet
  facet normal -0.397074 0.59343 0.700124
    outer loop
      vertex 132.518 116.939 38.4
      vertex 132.161 117.408 37.8
      vertex 132.025 117.317 37.8
    endloop
  endfacet
  facet normal 0.712305 -0.0448932 0.700433
    outer loop
      vertex 130.15 118.4 37.8
      vertex 129.575 118.638 38.4
      vertex 129.56 118.4 38.4
    endloop
  endfacet
  facet normal -0.676133 0.228305 0.700515
    outer loop
      vertex 132.555 117.922 37.8
      vertex 133.101 117.698 38.4
      vertex 132.607 118.076 37.8
    endloop
  endfacet
  facet normal -0.638528 0.319264 0.700252
    outer loop
      vertex 133.101 117.698 38.4
      vertex 132.555 117.922 37.8
      vertex 133.1 117.696 38.4
    endloop
  endfacet
  facet normal -0.322131 -0.644262 0.693656
    outer loop
      vertex 131.874 120.178 38.4
      vertex 131.724 119.607 37.8
      vertex 131.876 120.177 38.4
    endloop
  endfacet
  facet normal -0.139083 -0.69976 0.700709
    outer loop
      vertex 131.724 119.607 37.8
      vertex 131.874 120.178 38.4
      vertex 131.563 119.639 37.8
    endloop
  endfacet
  facet normal -0.592541 -0.39802 0.70034
    outer loop
      vertex 132.994 119.32 38.4
      vertex 132.861 119.518 38.4
      vertex 132.483 119.025 37.8
    endloop
  endfacet
  facet normal 0.0448932 0.712305 0.700433
    outer loop
      vertex 131.4 116.56 38.4
      vertex 131.4 117.15 37.8
      vertex 131.162 116.575 38.4
    endloop
  endfacet
  facet normal 0.137665 0.700295 0.700454
    outer loop
      vertex 131.16 116.576 38.4
      vertex 131.237 117.161 37.8
      vertex 130.926 116.622 38.4
    endloop
  endfacet
  facet normal -0.67728 0.22576 0.700232
    outer loop
      vertex 132.555 117.922 37.8
      vertex 133.099 117.693 38.4
      vertex 133.1 117.696 38.4
    endloop
  endfacet
  facet normal -0.640727 0.313825 0.700702
    outer loop
      vertex 133.099 117.693 38.4
      vertex 132.555 117.922 37.8
      vertex 132.483 117.775 37.8
    endloop
  endfacet
  facet normal 0.0480202 0.711572 0.700971
    outer loop
      vertex 131.237 117.161 37.8
      vertex 131.162 116.575 38.4
      vertex 131.4 117.15 37.8
    endloop
  endfacet
  facet normal 0.32757 0.65514 0.6808
    outer loop
      vertex 131.162 116.575 38.4
      vertex 131.237 117.161 37.8
      vertex 131.16 116.576 38.4
    endloop
  endfacet
  facet normal -0.0448932 0.712305 0.700433
    outer loop
      vertex 131.638 116.575 38.4
      vertex 131.4 117.15 37.8
      vertex 131.4 116.56 38.4
    endloop
  endfacet
  facet normal 0.536528 -0.471097 0.700147
    outer loop
      vertex 129.942 119.522 38.4
      vertex 130.408 119.161 37.8
      vertex 130.516 119.284 37.8
    endloop
  endfacet
  facet normal 0.506382 -0.506382 0.697964
    outer loop
      vertex 130.408 119.161 37.8
      vertex 129.942 119.522 38.4
      vertex 129.94 119.52 38.4
    endloop
  endfacet
  facet normal 0.676555 -0.227514 0.700364
    outer loop
      vertex 130.193 118.724 37.8
      vertex 129.699 119.102 38.4
      vertex 129.623 118.876 38.4
    endloop
  endfacet
  facet normal -0.676555 0.227514 0.700364
    outer loop
      vertex 133.101 117.698 38.4
      vertex 133.177 117.924 38.4
      vertex 132.607 118.076 37.8
    endloop
  endfacet
  facet normal -0.712305 0.0448932 0.700433
    outer loop
      vertex 133.225 118.162 38.4
      vertex 133.24 118.4 38.4
      vertex 132.65 118.4 37.8
    endloop
  endfacet
  facet normal -0.470766 -0.536733 0.700212
    outer loop
      vertex 132.701 119.701 38.4
      vertex 132.522 119.858 38.4
      vertex 132.284 119.284 37.8
    endloop
  endfacet
  facet normal -0.319264 0.638528 0.700252
    outer loop
      vertex 131.878 117.245 37.8
      vertex 132.102 116.699 38.4
      vertex 132.104 116.7 38.4
    endloop
  endfacet
  facet normal -0.228305 0.676133 0.700515
    outer loop
      vertex 132.102 116.699 38.4
      vertex 131.878 117.245 37.8
      vertex 131.724 117.193 37.8
    endloop
  endfacet
  facet normal 0.59343 0.397074 0.700124
    outer loop
      vertex 129.939 117.282 38.4
      vertex 130.408 117.639 37.8
      vertex 130.317 117.775 37.8
    endloop
  endfacet
  facet normal 0.643543 0.321771 0.69449
    outer loop
      vertex 130.408 117.639 37.8
      vertex 129.939 117.282 38.4
      vertex 129.94 117.28 38.4
    endloop
  endfacet
  facet normal -0.313825 0.640727 0.700702
    outer loop
      vertex 131.878 117.245 37.8
      vertex 132.107 116.701 38.4
      vertex 132.025 117.317 37.8
    endloop
  endfacet
  facet normal -0.22576 0.67728 0.700232
    outer loop
      vertex 132.107 116.701 38.4
      vertex 131.878 117.245 37.8
      vertex 132.104 116.7 38.4
    endloop
  endfacet
  facet normal 0.700295 0.137665 0.700454
    outer loop
      vertex 129.622 117.926 38.4
      vertex 130.161 118.237 37.8
      vertex 129.576 118.16 38.4
    endloop
  endfacet
  facet normal -0.315589 0.640194 0.700396
    outer loop
      vertex 132.107 116.701 38.4
      vertex 132.32 116.806 38.4
      vertex 132.025 117.317 37.8
    endloop
  endfacet
  facet normal -0.39802 0.592541 0.70034
    outer loop
      vertex 132.32 116.806 38.4
      vertex 132.518 116.939 38.4
      vertex 132.025 117.317 37.8
    endloop
  endfacet
  facet normal 0.643543 -0.321771 0.69449
    outer loop
      vertex 129.939 119.518 38.4
      vertex 130.408 119.161 37.8
      vertex 129.94 119.52 38.4
    endloop
  endfacet
  facet normal 0.59343 -0.397074 0.700124
    outer loop
      vertex 130.408 119.161 37.8
      vertex 129.939 119.518 38.4
      vertex 130.317 119.025 37.8
    endloop
  endfacet
  facet normal -0.321771 -0.643543 0.69449
    outer loop
      vertex 132.518 119.861 38.4
      vertex 132.161 119.392 37.8
      vertex 132.52 119.86 38.4
    endloop
  endfacet
  facet normal -0.397074 -0.59343 0.700124
    outer loop
      vertex 132.161 119.392 37.8
      vertex 132.518 119.861 38.4
      vertex 132.025 119.483 37.8
    endloop
  endfacet
  facet normal -0.69976 0.139083 0.700709
    outer loop
      vertex 132.607 118.076 37.8
      vertex 133.178 117.926 38.4
      vertex 132.639 118.237 37.8
    endloop
  endfacet
  facet normal -0.644262 0.322131 0.693656
    outer loop
      vertex 133.178 117.926 38.4
      vertex 132.607 118.076 37.8
      vertex 133.177 117.924 38.4
    endloop
  endfacet
  facet normal 0.536733 -0.470766 0.700212
    outer loop
      vertex 130.516 119.284 37.8
      vertex 130.099 119.701 38.4
      vertex 129.942 119.522 38.4
    endloop
  endfacet
  facet normal 0.536528 0.471097 0.700147
    outer loop
      vertex 130.408 117.639 37.8
      vertex 129.942 117.278 38.4
      vertex 130.516 117.516 37.8
    endloop
  endfacet
  facet normal 0.506382 0.506382 0.697964
    outer loop
      vertex 129.942 117.278 38.4
      vertex 130.408 117.639 37.8
      vertex 129.94 117.28 38.4
    endloop
  endfacet
  facet normal 0.315589 -0.640194 0.700396
    outer loop
      vertex 130.775 119.483 37.8
      vertex 130.693 120.099 38.4
      vertex 130.48 119.994 38.4
    endloop
  endfacet
  facet normal -0.643543 -0.321771 0.69449
    outer loop
      vertex 132.392 119.161 37.8
      vertex 132.861 119.518 38.4
      vertex 132.86 119.52 38.4
    endloop
  endfacet
  facet normal -0.59343 -0.397074 0.700124
    outer loop
      vertex 132.861 119.518 38.4
      vertex 132.392 119.161 37.8
      vertex 132.483 119.025 37.8
    endloop
  endfacet
  facet normal -0.22576 -0.67728 0.700232
    outer loop
      vertex 131.878 119.555 37.8
      vertex 132.107 120.099 38.4
      vertex 132.104 120.1 38.4
    endloop
  endfacet
  facet normal -0.313825 -0.640727 0.700702
    outer loop
      vertex 132.107 120.099 38.4
      vertex 131.878 119.555 37.8
      vertex 132.025 119.483 37.8
    endloop
  endfacet
  facet normal -0.640194 0.315589 0.700396
    outer loop
      vertex 132.994 117.48 38.4
      vertex 133.099 117.693 38.4
      vertex 132.483 117.775 37.8
    endloop
  endfacet
  facet normal 0.640194 -0.315589 0.700396
    outer loop
      vertex 130.317 119.025 37.8
      vertex 129.806 119.32 38.4
      vertex 129.701 119.107 38.4
    endloop
  endfacet
  facet normal 0.676555 0.227514 0.700364
    outer loop
      vertex 129.699 117.698 38.4
      vertex 130.193 118.076 37.8
      vertex 129.623 117.924 38.4
    endloop
  endfacet
  facet normal 0.69976 0.139083 0.700709
    outer loop
      vertex 129.622 117.926 38.4
      vertex 130.193 118.076 37.8
      vertex 130.161 118.237 37.8
    endloop
  endfacet
  facet normal 0.644262 0.322131 0.693656
    outer loop
      vertex 130.193 118.076 37.8
      vertex 129.622 117.926 38.4
      vertex 129.623 117.924 38.4
    endloop
  endfacet
  facet normal -0.137665 0.700295 0.700454
    outer loop
      vertex 131.64 116.576 38.4
      vertex 131.874 116.622 38.4
      vertex 131.563 117.161 37.8
    endloop
  endfacet
  facet normal -0.32757 0.65514 0.6808
    outer loop
      vertex 131.563 117.161 37.8
      vertex 131.638 116.575 38.4
      vertex 131.64 116.576 38.4
    endloop
  endfacet
  facet normal -0.0480202 0.711572 0.700971
    outer loop
      vertex 131.638 116.575 38.4
      vertex 131.563 117.161 37.8
      vertex 131.4 117.15 37.8
    endloop
  endfacet
  facet normal 0.471097 0.536528 0.700147
    outer loop
      vertex 130.278 116.942 38.4
      vertex 130.639 117.408 37.8
      vertex 130.516 117.516 37.8
    endloop
  endfacet
  facet normal 0.506382 0.506382 0.697964
    outer loop
      vertex 130.639 117.408 37.8
      vertex 130.278 116.942 38.4
      vertex 130.28 116.94 38.4
    endloop
  endfacet
  facet normal 0.470766 0.536733 0.700212
    outer loop
      vertex 130.278 116.942 38.4
      vertex 130.516 117.516 37.8
      vertex 130.099 117.099 38.4
    endloop
  endfacet
  facet normal 0.397074 -0.59343 0.700124
    outer loop
      vertex 130.282 119.861 38.4
      vertex 130.639 119.392 37.8
      vertex 130.775 119.483 37.8
    endloop
  endfacet
  facet normal 0.321771 -0.643543 0.69449
    outer loop
      vertex 130.639 119.392 37.8
      vertex 130.282 119.861 38.4
      vertex 130.28 119.86 38.4
    endloop
  endfacet
  facet normal 0.65514 -0.32757 0.6808
    outer loop
      vertex 129.575 118.638 38.4
      vertex 130.161 118.563 37.8
      vertex 129.576 118.64 38.4
    endloop
  endfacet
  facet normal 0.711572 -0.0480202 0.700971
    outer loop
      vertex 130.161 118.563 37.8
      vertex 129.575 118.638 38.4
      vertex 130.15 118.4 37.8
    endloop
  endfacet
  facet normal -0.506382 -0.506382 0.697964
    outer loop
      vertex 132.858 119.522 38.4
      vertex 132.392 119.161 37.8
      vertex 132.86 119.52 38.4
    endloop
  endfacet
  facet normal -0.536528 -0.471097 0.700147
    outer loop
      vertex 132.392 119.161 37.8
      vertex 132.858 119.522 38.4
      vertex 132.284 119.284 37.8
    endloop
  endfacet
  facet normal 0.700295 -0.137665 0.700454
    outer loop
      vertex 130.161 118.563 37.8
      vertex 129.622 118.874 38.4
      vertex 129.576 118.64 38.4
    endloop
  endfacet
  facet normal 0.137665 -0.700295 0.700454
    outer loop
      vertex 131.237 119.639 37.8
      vertex 131.16 120.224 38.4
      vertex 130.926 120.178 38.4
    endloop
  endfacet
  facet normal 0.711572 0.0480202 0.700971
    outer loop
      vertex 129.575 118.162 38.4
      vertex 130.161 118.237 37.8
      vertex 130.15 118.4 37.8
    endloop
  endfacet
  facet normal 0.65514 0.32757 0.6808
    outer loop
      vertex 130.161 118.237 37.8
      vertex 129.575 118.162 38.4
      vertex 129.576 118.16 38.4
    endloop
  endfacet
  facet normal -0.640194 -0.315589 0.700396
    outer loop
      vertex 133.099 119.107 38.4
      vertex 132.994 119.32 38.4
      vertex 132.483 119.025 37.8
    endloop
  endfacet
  facet normal -0.39802 -0.592541 0.70034
    outer loop
      vertex 132.518 119.861 38.4
      vertex 132.32 119.994 38.4
      vertex 132.025 119.483 37.8
    endloop
  endfacet
  facet normal -0.67728 -0.22576 0.700232
    outer loop
      vertex 133.099 119.107 38.4
      vertex 132.555 118.878 37.8
      vertex 133.1 119.104 38.4
    endloop
  endfacet
  facet normal -0.640727 -0.313825 0.700702
    outer loop
      vertex 132.555 118.878 37.8
      vertex 133.099 119.107 38.4
      vertex 132.483 119.025 37.8
    endloop
  endfacet
  facet normal 0.228305 0.676133 0.700515
    outer loop
      vertex 130.922 117.245 37.8
      vertex 130.698 116.699 38.4
      vertex 131.076 117.193 37.8
    endloop
  endfacet
  facet normal 0.319264 0.638528 0.700252
    outer loop
      vertex 130.698 116.699 38.4
      vertex 130.922 117.245 37.8
      vertex 130.696 116.7 38.4
    endloop
  endfacet
  facet normal 0.640727 0.313825 0.700702
    outer loop
      vertex 130.245 117.922 37.8
      vertex 129.701 117.693 38.4
      vertex 130.317 117.775 37.8
    endloop
  endfacet
  facet normal 0.67728 0.22576 0.700232
    outer loop
      vertex 129.701 117.693 38.4
      vertex 130.245 117.922 37.8
      vertex 129.7 117.696 38.4
    endloop
  endfacet
  facet normal 0.640194 0.315589 0.700396
    outer loop
      vertex 129.806 117.48 38.4
      vertex 130.317 117.775 37.8
      vertex 129.701 117.693 38.4
    endloop
  endfacet
  facet normal -0.536733 -0.470766 0.700212
    outer loop
      vertex 132.858 119.522 38.4
      vertex 132.701 119.701 38.4
      vertex 132.284 119.284 37.8
    endloop
  endfacet
  facet normal -0.315589 -0.640194 0.700396
    outer loop
      vertex 132.32 119.994 38.4
      vertex 132.107 120.099 38.4
      vertex 132.025 119.483 37.8
    endloop
  endfacet
  facet normal -0.506382 -0.506382 0.697964
    outer loop
      vertex 132.161 119.392 37.8
      vertex 132.522 119.858 38.4
      vertex 132.52 119.86 38.4
    endloop
  endfacet
  facet normal -0.471097 -0.536528 0.700147
    outer loop
      vertex 132.522 119.858 38.4
      vertex 132.161 119.392 37.8
      vertex 132.284 119.284 37.8
    endloop
  endfacet
  facet normal 0.139083 0.69976 0.700709
    outer loop
      vertex 131.076 117.193 37.8
      vertex 130.926 116.622 38.4
      vertex 131.237 117.161 37.8
    endloop
  endfacet
  facet normal 0.322131 0.644262 0.693656
    outer loop
      vertex 130.926 116.622 38.4
      vertex 131.076 117.193 37.8
      vertex 130.924 116.623 38.4
    endloop
  endfacet
  facet normal 0.39802 -0.592541 0.70034
    outer loop
      vertex 130.775 119.483 37.8
      vertex 130.48 119.994 38.4
      vertex 130.282 119.861 38.4
    endloop
  endfacet
  facet normal 0.712305 0.0448932 0.700433
    outer loop
      vertex 129.575 118.162 38.4
      vertex 130.15 118.4 37.8
      vertex 129.56 118.4 38.4
    endloop
  endfacet
  facet normal 0.592541 -0.39802 0.70034
    outer loop
      vertex 130.317 119.025 37.8
      vertex 129.939 119.518 38.4
      vertex 129.806 119.32 38.4
    endloop
  endfacet
  facet normal 0.313825 0.640727 0.700702
    outer loop
      vertex 130.693 116.701 38.4
      vertex 130.922 117.245 37.8
      vertex 130.775 117.317 37.8
    endloop
  endfacet
  facet normal 0.22576 0.67728 0.700232
    outer loop
      vertex 130.922 117.245 37.8
      vertex 130.693 116.701 38.4
      vertex 130.696 116.7 38.4
    endloop
  endfacet
  facet normal 0.227514 0.676555 0.700364
    outer loop
      vertex 130.924 116.623 38.4
      vertex 131.076 117.193 37.8
      vertex 130.698 116.699 38.4
    endloop
  endfacet
  facet normal 0.0448932 -0.712305 0.700433
    outer loop
      vertex 131.4 119.65 37.8
      vertex 131.4 120.24 38.4
      vertex 131.162 120.225 38.4
    endloop
  endfacet
  facet normal 0.470766 -0.536733 0.700212
    outer loop
      vertex 130.516 119.284 37.8
      vertex 130.278 119.858 38.4
      vertex 130.099 119.701 38.4
    endloop
  endfacet
  facet normal -0.0448932 -0.712305 0.700433
    outer loop
      vertex 131.638 120.225 38.4
      vertex 131.4 120.24 38.4
      vertex 131.4 119.65 37.8
    endloop
  endfacet
  facet normal 0.315589 0.640194 0.700396
    outer loop
      vertex 130.693 116.701 38.4
      vertex 130.775 117.317 37.8
      vertex 130.48 116.806 38.4
    endloop
  endfacet
  facet normal 0.39802 0.592541 0.70034
    outer loop
      vertex 130.48 116.806 38.4
      vertex 130.775 117.317 37.8
      vertex 130.282 116.939 38.4
    endloop
  endfacet
  facet normal 0.397074 0.59343 0.700124
    outer loop
      vertex 130.639 117.408 37.8
      vertex 130.282 116.939 38.4
      vertex 130.775 117.317 37.8
    endloop
  endfacet
  facet normal 0.321771 0.643543 0.69449
    outer loop
      vertex 130.282 116.939 38.4
      vertex 130.639 117.408 37.8
      vertex 130.28 116.94 38.4
    endloop
  endfacet
  facet normal 0.506382 -0.506382 0.697964
    outer loop
      vertex 130.278 119.858 38.4
      vertex 130.639 119.392 37.8
      vertex 130.28 119.86 38.4
    endloop
  endfacet
  facet normal 0.471097 -0.536528 0.700147
    outer loop
      vertex 130.639 119.392 37.8
      vertex 130.278 119.858 38.4
      vertex 130.516 119.284 37.8
    endloop
  endfacet
  facet normal -0.319264 -0.638528 0.700252
    outer loop
      vertex 132.102 120.101 38.4
      vertex 131.878 119.555 37.8
      vertex 132.104 120.1 38.4
    endloop
  endfacet
  facet normal -0.228305 -0.676133 0.700515
    outer loop
      vertex 131.878 119.555 37.8
      vertex 132.102 120.101 38.4
      vertex 131.724 119.607 37.8
    endloop
  endfacet
  facet normal 0.640727 -0.313825 0.700702
    outer loop
      vertex 129.701 119.107 38.4
      vertex 130.245 118.878 37.8
      vertex 130.317 119.025 37.8
    endloop
  endfacet
  facet normal 0.67728 -0.22576 0.700232
    outer loop
      vertex 130.245 118.878 37.8
      vertex 129.701 119.107 38.4
      vertex 129.7 119.104 38.4
    endloop
  endfacet
  facet normal 0.228305 -0.676133 0.700515
    outer loop
      vertex 130.698 120.101 38.4
      vertex 130.922 119.555 37.8
      vertex 131.076 119.607 37.8
    endloop
  endfacet
  facet normal 0.319264 -0.638528 0.700252
    outer loop
      vertex 130.922 119.555 37.8
      vertex 130.698 120.101 38.4
      vertex 130.696 120.1 38.4
    endloop
  endfacet
  facet normal 0.22576 -0.67728 0.700232
    outer loop
      vertex 130.693 120.099 38.4
      vertex 130.922 119.555 37.8
      vertex 130.696 120.1 38.4
    endloop
  endfacet
  facet normal 0.313825 -0.640727 0.700702
    outer loop
      vertex 130.922 119.555 37.8
      vertex 130.693 120.099 38.4
      vertex 130.775 119.483 37.8
    endloop
  endfacet
  facet normal -0.644262 -0.322131 0.693656
    outer loop
      vertex 132.607 118.724 37.8
      vertex 133.178 118.874 38.4
      vertex 133.177 118.876 38.4
    endloop
  endfacet
  facet normal -0.69976 -0.139083 0.700709
    outer loop
      vertex 133.178 118.874 38.4
      vertex 132.607 118.724 37.8
      vertex 132.639 118.563 37.8
    endloop
  endfacet
  facet normal -0.676555 -0.227514 0.700364
    outer loop
      vertex 133.177 118.876 38.4
      vertex 133.101 119.102 38.4
      vertex 132.607 118.724 37.8
    endloop
  endfacet
  facet normal -0.137665 -0.700295 0.700454
    outer loop
      vertex 131.874 120.178 38.4
      vertex 131.64 120.224 38.4
      vertex 131.563 119.639 37.8
    endloop
  endfacet
  facet normal 0.32757 -0.65514 0.6808
    outer loop
      vertex 131.237 119.639 37.8
      vertex 131.162 120.225 38.4
      vertex 131.16 120.224 38.4
    endloop
  endfacet
  facet normal 0.0480202 -0.711572 0.700971
    outer loop
      vertex 131.162 120.225 38.4
      vertex 131.237 119.639 37.8
      vertex 131.4 119.65 37.8
    endloop
  endfacet
  facet normal -0.638528 -0.319264 0.700252
    outer loop
      vertex 132.555 118.878 37.8
      vertex 133.101 119.102 38.4
      vertex 133.1 119.104 38.4
    endloop
  endfacet
  facet normal -0.676133 -0.228305 0.700515
    outer loop
      vertex 133.101 119.102 38.4
      vertex 132.555 118.878 37.8
      vertex 132.607 118.724 37.8
    endloop
  endfacet
  facet normal -0.700295 -0.137665 0.700454
    outer loop
      vertex 133.224 118.64 38.4
      vertex 133.178 118.874 38.4
      vertex 132.639 118.563 37.8
    endloop
  endfacet
  facet normal -0.980931 0.194358 0
    outer loop
      vertex 23.8074 181.276 26.4
      vertex 23.8393 181.437 37.8
      vertex 23.8393 181.437 26.4
    endloop
  endfacet
  facet normal -0.980931 0.194358 0
    outer loop
      vertex 23.8393 181.437 37.8
      vertex 23.8074 181.276 26.4
      vertex 23.8074 181.276 37.8
    endloop
  endfacet
  facet normal -0.980931 -0.194358 0
    outer loop
      vertex 23.8393 181.763 26.4
      vertex 23.8074 181.924 37.8
      vertex 23.8074 181.924 26.4
    endloop
  endfacet
  facet normal -0.980931 -0.194358 0
    outer loop
      vertex 23.8074 181.924 37.8
      vertex 23.8393 181.763 26.4
      vertex 23.8393 181.763 37.8
    endloop
  endfacet
  facet normal -0.997852 -0.0655032 0
    outer loop
      vertex 23.85 181.6 26.4
      vertex 23.8393 181.763 37.8
      vertex 23.8393 181.763 26.4
    endloop
  endfacet
  facet normal -0.997852 -0.0655032 0
    outer loop
      vertex 23.8393 181.763 37.8
      vertex 23.85 181.6 26.4
      vertex 23.85 181.6 37.8
    endloop
  endfacet
  facet normal -0.946322 -0.323224 0
    outer loop
      vertex 23.8074 181.924 26.4
      vertex 23.7548 182.078 37.8
      vertex 23.7548 182.078 26.4
    endloop
  endfacet
  facet normal -0.946322 -0.323224 0
    outer loop
      vertex 23.7548 182.078 37.8
      vertex 23.8074 181.924 26.4
      vertex 23.8074 181.924 37.8
    endloop
  endfacet
  facet normal -0.440835 0.897588 0
    outer loop
      vertex 23.225 180.517 26.4
      vertex 23.0784 180.445 37.8
      vertex 23.225 180.517 37.8
    endloop
  endfacet
  facet normal -0.440835 0.897588 0
    outer loop
      vertex 23.0784 180.445 37.8
      vertex 23.225 180.517 26.4
      vertex 23.0784 180.445 26.4
    endloop
  endfacet
  facet normal -0.195763 -0.980651 0
    outer loop
      vertex 22.7632 182.839 26.4
      vertex 22.9235 182.807 37.8
      vertex 22.7632 182.839 37.8
    endloop
  endfacet
  facet normal -0.195763 -0.980651 -0
    outer loop
      vertex 22.9235 182.807 37.8
      vertex 22.7632 182.839 26.4
      vertex 22.9235 182.807 26.4
    endloop
  endfacet
  facet normal -0.195763 0.980651 0
    outer loop
      vertex 22.9235 180.393 26.4
      vertex 22.7632 180.361 37.8
      vertex 22.9235 180.393 37.8
    endloop
  endfacet
  facet normal -0.195763 0.980651 0
    outer loop
      vertex 22.7632 180.361 37.8
      vertex 22.9235 180.393 26.4
      vertex 22.7632 180.361 26.4
    endloop
  endfacet
  facet normal -0.0672494 0.997736 0
    outer loop
      vertex 22.7632 180.361 26.4
      vertex 22.6 180.35 37.8
      vertex 22.7632 180.361 37.8
    endloop
  endfacet
  facet normal -0.0672494 0.997736 0
    outer loop
      vertex 22.6 180.35 37.8
      vertex 22.7632 180.361 26.4
      vertex 22.6 180.35 26.4
    endloop
  endfacet
  facet normal 0.660104 -0.751174 0
    outer loop
      vertex 21.7161 182.484 26.4
      vertex 21.839 182.592 37.8
      vertex 21.7161 182.484 37.8
    endloop
  endfacet
  facet normal 0.660104 -0.751174 0
    outer loop
      vertex 21.839 182.592 37.8
      vertex 21.7161 182.484 26.4
      vertex 21.839 182.592 26.4
    endloop
  endfacet
  facet normal 0.831674 -0.555265 0
    outer loop
      vertex 21.5175 182.225 37.8
      vertex 21.6083 182.361 26.4
      vertex 21.6083 182.361 37.8
    endloop
  endfacet
  facet normal 0.831674 -0.555265 0
    outer loop
      vertex 21.6083 182.361 26.4
      vertex 21.5175 182.225 37.8
      vertex 21.5175 182.225 26.4
    endloop
  endfacet
  facet normal -0.318247 -0.948008 0
    outer loop
      vertex 22.9235 182.807 26.4
      vertex 23.0784 182.755 37.8
      vertex 22.9235 182.807 37.8
    endloop
  endfacet
  facet normal -0.318247 -0.948008 -0
    outer loop
      vertex 23.0784 182.755 37.8
      vertex 22.9235 182.807 26.4
      vertex 23.0784 182.755 26.4
    endloop
  endfacet
  facet normal -0.660104 0.751174 0
    outer loop
      vertex 23.4839 180.716 26.4
      vertex 23.361 180.608 37.8
      vertex 23.4839 180.716 37.8
    endloop
  endfacet
  facet normal -0.660104 0.751174 0
    outer loop
      vertex 23.361 180.608 37.8
      vertex 23.4839 180.716 26.4
      vertex 23.361 180.608 26.4
    endloop
  endfacet
  facet normal 0.440835 -0.897588 0
    outer loop
      vertex 21.975 182.683 26.4
      vertex 22.1216 182.755 37.8
      vertex 21.975 182.683 37.8
    endloop
  endfacet
  facet normal 0.440835 -0.897588 0
    outer loop
      vertex 22.1216 182.755 37.8
      vertex 21.975 182.683 26.4
      vertex 22.1216 182.755 26.4
    endloop
  endfacet
  facet normal 0.0672494 0.997736 -0
    outer loop
      vertex 22.6 180.35 26.4
      vertex 22.4368 180.361 37.8
      vertex 22.6 180.35 37.8
    endloop
  endfacet
  facet normal 0.0672494 0.997736 0
    outer loop
      vertex 22.4368 180.361 37.8
      vertex 22.6 180.35 26.4
      vertex 22.4368 180.361 26.4
    endloop
  endfacet
  facet normal -0.752046 0.65911 0
    outer loop
      vertex 23.4839 180.716 26.4
      vertex 23.5917 180.839 37.8
      vertex 23.5917 180.839 26.4
    endloop
  endfacet
  facet normal -0.752046 0.65911 0
    outer loop
      vertex 23.5917 180.839 37.8
      vertex 23.4839 180.716 26.4
      vertex 23.4839 180.716 37.8
    endloop
  endfacet
  facet normal 0.946322 0.323224 0
    outer loop
      vertex 21.4452 181.122 37.8
      vertex 21.3926 181.276 26.4
      vertex 21.3926 181.276 37.8
    endloop
  endfacet
  facet normal 0.946322 0.323224 0
    outer loop
      vertex 21.3926 181.276 26.4
      vertex 21.4452 181.122 37.8
      vertex 21.4452 181.122 26.4
    endloop
  endfacet
  facet normal -0.318247 0.948008 0
    outer loop
      vertex 23.0784 180.445 26.4
      vertex 22.9235 180.393 37.8
      vertex 23.0784 180.445 37.8
    endloop
  endfacet
  facet normal -0.318247 0.948008 0
    outer loop
      vertex 22.9235 180.393 37.8
      vertex 23.0784 180.445 26.4
      vertex 22.9235 180.393 26.4
    endloop
  endfacet
  facet normal 0.318247 -0.948008 0
    outer loop
      vertex 22.1216 182.755 26.4
      vertex 22.2765 182.807 37.8
      vertex 22.1216 182.755 37.8
    endloop
  endfacet
  facet normal 0.318247 -0.948008 0
    outer loop
      vertex 22.2765 182.807 37.8
      vertex 22.1216 182.755 26.4
      vertex 22.2765 182.807 26.4
    endloop
  endfacet
  facet normal 0.55611 -0.831109 0
    outer loop
      vertex 21.839 182.592 26.4
      vertex 21.975 182.683 37.8
      vertex 21.839 182.592 37.8
    endloop
  endfacet
  facet normal 0.55611 -0.831109 0
    outer loop
      vertex 21.975 182.683 37.8
      vertex 21.839 182.592 26.4
      vertex 21.975 182.683 26.4
    endloop
  endfacet
  facet normal 0.946322 -0.323224 0
    outer loop
      vertex 21.3926 181.924 37.8
      vertex 21.4452 182.078 26.4
      vertex 21.4452 182.078 37.8
    endloop
  endfacet
  facet normal 0.946322 -0.323224 0
    outer loop
      vertex 21.4452 182.078 26.4
      vertex 21.3926 181.924 37.8
      vertex 21.3926 181.924 26.4
    endloop
  endfacet
  facet normal -0.897338 -0.441344 0
    outer loop
      vertex 23.7548 182.078 26.4
      vertex 23.6825 182.225 37.8
      vertex 23.6825 182.225 26.4
    endloop
  endfacet
  facet normal -0.897338 -0.441344 0
    outer loop
      vertex 23.6825 182.225 37.8
      vertex 23.7548 182.078 26.4
      vertex 23.7548 182.078 37.8
    endloop
  endfacet
  facet normal 0.195763 -0.980651 0
    outer loop
      vertex 22.2765 182.807 26.4
      vertex 22.4368 182.839 37.8
      vertex 22.2765 182.807 37.8
    endloop
  endfacet
  facet normal 0.195763 -0.980651 0
    outer loop
      vertex 22.4368 182.839 37.8
      vertex 22.2765 182.807 26.4
      vertex 22.4368 182.839 26.4
    endloop
  endfacet
  facet normal -0.660104 -0.751174 0
    outer loop
      vertex 23.361 182.592 26.4
      vertex 23.4839 182.484 37.8
      vertex 23.361 182.592 37.8
    endloop
  endfacet
  facet normal -0.660104 -0.751174 -0
    outer loop
      vertex 23.4839 182.484 37.8
      vertex 23.361 182.592 26.4
      vertex 23.4839 182.484 26.4
    endloop
  endfacet
  facet normal -0.997852 0.0655032 0
    outer loop
      vertex 23.8393 181.437 26.4
      vertex 23.85 181.6 37.8
      vertex 23.85 181.6 26.4
    endloop
  endfacet
  facet normal -0.997852 0.0655032 0
    outer loop
      vertex 23.85 181.6 37.8
      vertex 23.8393 181.437 26.4
      vertex 23.8393 181.437 37.8
    endloop
  endfacet
  facet normal -0.440835 -0.897588 0
    outer loop
      vertex 23.0784 182.755 26.4
      vertex 23.225 182.683 37.8
      vertex 23.0784 182.755 37.8
    endloop
  endfacet
  facet normal -0.440835 -0.897588 -0
    outer loop
      vertex 23.225 182.683 37.8
      vertex 23.0784 182.755 26.4
      vertex 23.225 182.683 26.4
    endloop
  endfacet
  facet normal 0.318247 0.948008 -0
    outer loop
      vertex 22.2765 180.393 26.4
      vertex 22.1216 180.445 37.8
      vertex 22.2765 180.393 37.8
    endloop
  endfacet
  facet normal 0.318247 0.948008 0
    outer loop
      vertex 22.1216 180.445 37.8
      vertex 22.2765 180.393 26.4
      vertex 22.1216 180.445 26.4
    endloop
  endfacet
  facet normal 0.980931 -0.194358 0
    outer loop
      vertex 21.3607 181.763 37.8
      vertex 21.3926 181.924 26.4
      vertex 21.3926 181.924 37.8
    endloop
  endfacet
  facet normal 0.980931 -0.194358 0
    outer loop
      vertex 21.3926 181.924 26.4
      vertex 21.3607 181.763 37.8
      vertex 21.3607 181.763 26.4
    endloop
  endfacet
  facet normal 0.0672494 -0.997736 0
    outer loop
      vertex 22.4368 182.839 26.4
      vertex 22.6 182.85 37.8
      vertex 22.4368 182.839 37.8
    endloop
  endfacet
  facet normal 0.0672494 -0.997736 0
    outer loop
      vertex 22.6 182.85 37.8
      vertex 22.4368 182.839 26.4
      vertex 22.6 182.85 26.4
    endloop
  endfacet
  facet normal -0.946322 0.323224 0
    outer loop
      vertex 23.7548 181.122 26.4
      vertex 23.8074 181.276 37.8
      vertex 23.8074 181.276 26.4
    endloop
  endfacet
  facet normal -0.946322 0.323224 0
    outer loop
      vertex 23.8074 181.276 37.8
      vertex 23.7548 181.122 26.4
      vertex 23.7548 181.122 37.8
    endloop
  endfacet
  facet normal -0.831674 -0.555265 0
    outer loop
      vertex 23.6825 182.225 26.4
      vertex 23.5917 182.361 37.8
      vertex 23.5917 182.361 26.4
    endloop
  endfacet
  facet normal -0.831674 -0.555265 0
    outer loop
      vertex 23.5917 182.361 37.8
      vertex 23.6825 182.225 26.4
      vertex 23.6825 182.225 37.8
    endloop
  endfacet
  facet normal -0.752046 -0.65911 0
    outer loop
      vertex 23.5917 182.361 26.4
      vertex 23.4839 182.484 37.8
      vertex 23.4839 182.484 26.4
    endloop
  endfacet
  facet normal -0.752046 -0.65911 0
    outer loop
      vertex 23.4839 182.484 37.8
      vertex 23.5917 182.361 26.4
      vertex 23.5917 182.361 37.8
    endloop
  endfacet
  facet normal 0.897338 0.441344 0
    outer loop
      vertex 21.5175 180.975 37.8
      vertex 21.4452 181.122 26.4
      vertex 21.4452 181.122 37.8
    endloop
  endfacet
  facet normal 0.897338 0.441344 0
    outer loop
      vertex 21.4452 181.122 26.4
      vertex 21.5175 180.975 37.8
      vertex 21.5175 180.975 26.4
    endloop
  endfacet
  facet normal -0.897338 0.441344 0
    outer loop
      vertex 23.6825 180.975 26.4
      vertex 23.7548 181.122 37.8
      vertex 23.7548 181.122 26.4
    endloop
  endfacet
  facet normal -0.897338 0.441344 0
    outer loop
      vertex 23.7548 181.122 37.8
      vertex 23.6825 180.975 26.4
      vertex 23.6825 180.975 37.8
    endloop
  endfacet
  facet normal 0.752046 0.65911 0
    outer loop
      vertex 21.7161 180.716 37.8
      vertex 21.6083 180.839 26.4
      vertex 21.6083 180.839 37.8
    endloop
  endfacet
  facet normal 0.752046 0.65911 0
    outer loop
      vertex 21.6083 180.839 26.4
      vertex 21.7161 180.716 37.8
      vertex 21.7161 180.716 26.4
    endloop
  endfacet
  facet normal -0.831674 0.555265 0
    outer loop
      vertex 23.5917 180.839 26.4
      vertex 23.6825 180.975 37.8
      vertex 23.6825 180.975 26.4
    endloop
  endfacet
  facet normal -0.831674 0.555265 0
    outer loop
      vertex 23.6825 180.975 37.8
      vertex 23.5917 180.839 26.4
      vertex 23.5917 180.839 37.8
    endloop
  endfacet
  facet normal 0 0 1
    outer loop
      vertex 23.8393 181.763 26.4
      vertex 23.8393 181.437 26.4
      vertex 23.85 181.6 26.4
    endloop
  endfacet
  facet normal 0 0 1
    outer loop
      vertex 23.8074 181.924 26.4
      vertex 23.8393 181.437 26.4
      vertex 23.8393 181.763 26.4
    endloop
  endfacet
  facet normal 0 0 1
    outer loop
      vertex 23.8074 181.924 26.4
      vertex 23.8074 181.276 26.4
      vertex 23.8393 181.437 26.4
    endloop
  endfacet
  facet normal 0 0 1
    outer loop
      vertex 23.7548 182.078 26.4
      vertex 23.8074 181.276 26.4
      vertex 23.8074 181.924 26.4
    endloop
  endfacet
  facet normal 0 0 1
    outer loop
      vertex 23.7548 182.078 26.4
      vertex 23.7548 181.122 26.4
      vertex 23.8074 181.276 26.4
    endloop
  endfacet
  facet normal 0 0 1
    outer loop
      vertex 23.6825 182.225 26.4
      vertex 23.7548 181.122 26.4
      vertex 23.7548 182.078 26.4
    endloop
  endfacet
  facet normal 0 0 1
    outer loop
      vertex 23.6825 182.225 26.4
      vertex 23.6825 180.975 26.4
      vertex 23.7548 181.122 26.4
    endloop
  endfacet
  facet normal 0 0 1
    outer loop
      vertex 23.5917 182.361 26.4
      vertex 23.6825 180.975 26.4
      vertex 23.6825 182.225 26.4
    endloop
  endfacet
  facet normal 0 0 1
    outer loop
      vertex 23.5917 182.361 26.4
      vertex 23.5917 180.839 26.4
      vertex 23.6825 180.975 26.4
    endloop
  endfacet
  facet normal 0 0 1
    outer loop
      vertex 23.4839 182.484 26.4
      vertex 23.5917 180.839 26.4
      vertex 23.5917 182.361 26.4
    endloop
  endfacet
  facet normal 0 0 1
    outer loop
      vertex 23.4839 182.484 26.4
      vertex 23.4839 180.716 26.4
      vertex 23.5917 180.839 26.4
    endloop
  endfacet
  facet normal 0 0 1
    outer loop
      vertex 23.361 182.592 26.4
      vertex 23.4839 180.716 26.4
      vertex 23.4839 182.484 26.4
    endloop
  endfacet
  facet normal 0 0 1
    outer loop
      vertex 23.361 182.592 26.4
      vertex 23.361 180.608 26.4
      vertex 23.4839 180.716 26.4
    endloop
  endfacet
  facet normal 0 0 1
    outer loop
      vertex 23.225 182.683 26.4
      vertex 23.361 180.608 26.4
      vertex 23.361 182.592 26.4
    endloop
  endfacet
  facet normal 0 0 1
    outer loop
      vertex 23.225 182.683 26.4
      vertex 23.225 180.517 26.4
      vertex 23.361 180.608 26.4
    endloop
  endfacet
  facet normal 0 0 1
    outer loop
      vertex 23.0784 182.755 26.4
      vertex 23.225 180.517 26.4
      vertex 23.225 182.683 26.4
    endloop
  endfacet
  facet normal 0 0 1
    outer loop
      vertex 23.0784 182.755 26.4
      vertex 23.0784 180.445 26.4
      vertex 23.225 180.517 26.4
    endloop
  endfacet
  facet normal 0 0 1
    outer loop
      vertex 22.9235 182.807 26.4
      vertex 23.0784 180.445 26.4
      vertex 23.0784 182.755 26.4
    endloop
  endfacet
  facet normal 0 0 1
    outer loop
      vertex 22.9235 182.807 26.4
      vertex 22.9235 180.393 26.4
      vertex 23.0784 180.445 26.4
    endloop
  endfacet
  facet normal 0 0 1
    outer loop
      vertex 22.7632 182.839 26.4
      vertex 22.9235 180.393 26.4
      vertex 22.9235 182.807 26.4
    endloop
  endfacet
  facet normal 0 0 1
    outer loop
      vertex 22.7632 182.839 26.4
      vertex 22.7632 180.361 26.4
      vertex 22.9235 180.393 26.4
    endloop
  endfacet
  facet normal 0 0 1
    outer loop
      vertex 22.6 182.85 26.4
      vertex 22.7632 180.361 26.4
      vertex 22.7632 182.839 26.4
    endloop
  endfacet
  facet normal 0 0 1
    outer loop
      vertex 22.6 182.85 26.4
      vertex 22.6 180.35 26.4
      vertex 22.7632 180.361 26.4
    endloop
  endfacet
  facet normal -0 0 1
    outer loop
      vertex 22.4368 182.839 26.4
      vertex 22.6 180.35 26.4
      vertex 22.6 182.85 26.4
    endloop
  endfacet
  facet normal 0 0 1
    outer loop
      vertex 22.4368 182.839 26.4
      vertex 22.4368 180.361 26.4
      vertex 22.6 180.35 26.4
    endloop
  endfacet
  facet normal -0 0 1
    outer loop
      vertex 22.2765 182.807 26.4
      vertex 22.4368 180.361 26.4
      vertex 22.4368 182.839 26.4
    endloop
  endfacet
  facet normal 0 0 1
    outer loop
      vertex 22.2765 182.807 26.4
      vertex 22.2765 180.393 26.4
      vertex 22.4368 180.361 26.4
    endloop
  endfacet
  facet normal -0 0 1
    outer loop
      vertex 22.1216 182.755 26.4
      vertex 22.2765 180.393 26.4
      vertex 22.2765 182.807 26.4
    endloop
  endfacet
  facet normal 0 0 1
    outer loop
      vertex 22.1216 182.755 26.4
      vertex 22.1216 180.445 26.4
      vertex 22.2765 180.393 26.4
    endloop
  endfacet
  facet normal -0 0 1
    outer loop
      vertex 21.975 182.683 26.4
      vertex 22.1216 180.445 26.4
      vertex 22.1216 182.755 26.4
    endloop
  endfacet
  facet normal 0 0 1
    outer loop
      vertex 21.975 182.683 26.4
      vertex 21.975 180.517 26.4
      vertex 22.1216 180.445 26.4
    endloop
  endfacet
  facet normal -0 0 1
    outer loop
      vertex 21.839 182.592 26.4
      vertex 21.975 180.517 26.4
      vertex 21.975 182.683 26.4
    endloop
  endfacet
  facet normal 0 0 1
    outer loop
      vertex 21.839 182.592 26.4
      vertex 21.839 180.608 26.4
      vertex 21.975 180.517 26.4
    endloop
  endfacet
  facet normal -0 0 1
    outer loop
      vertex 21.7161 182.484 26.4
      vertex 21.839 180.608 26.4
      vertex 21.839 182.592 26.4
    endloop
  endfacet
  facet normal 0 0 1
    outer loop
      vertex 21.7161 182.484 26.4
      vertex 21.7161 180.716 26.4
      vertex 21.839 180.608 26.4
    endloop
  endfacet
  facet normal -0 0 1
    outer loop
      vertex 21.6083 182.361 26.4
      vertex 21.7161 180.716 26.4
      vertex 21.7161 182.484 26.4
    endloop
  endfacet
  facet normal 0 0 1
    outer loop
      vertex 21.6083 182.361 26.4
      vertex 21.6083 180.839 26.4
      vertex 21.7161 180.716 26.4
    endloop
  endfacet
  facet normal -0 0 1
    outer loop
      vertex 21.5175 182.225 26.4
      vertex 21.6083 180.839 26.4
      vertex 21.6083 182.361 26.4
    endloop
  endfacet
  facet normal 0 0 1
    outer loop
      vertex 21.5175 182.225 26.4
      vertex 21.5175 180.975 26.4
      vertex 21.6083 180.839 26.4
    endloop
  endfacet
  facet normal -0 0 1
    outer loop
      vertex 21.4452 182.078 26.4
      vertex 21.5175 180.975 26.4
      vertex 21.5175 182.225 26.4
    endloop
  endfacet
  facet normal 0 0 1
    outer loop
      vertex 21.4452 182.078 26.4
      vertex 21.4452 181.122 26.4
      vertex 21.5175 180.975 26.4
    endloop
  endfacet
  facet normal -0 0 1
    outer loop
      vertex 21.3926 181.924 26.4
      vertex 21.4452 181.122 26.4
      vertex 21.4452 182.078 26.4
    endloop
  endfacet
  facet normal 0 0 1
    outer loop
      vertex 21.3926 181.924 26.4
      vertex 21.3926 181.276 26.4
      vertex 21.4452 181.122 26.4
    endloop
  endfacet
  facet normal -0 0 1
    outer loop
      vertex 21.3607 181.763 26.4
      vertex 21.3926 181.276 26.4
      vertex 21.3926 181.924 26.4
    endloop
  endfacet
  facet normal 0 0 1
    outer loop
      vertex 21.3607 181.763 26.4
      vertex 21.3607 181.437 26.4
      vertex 21.3926 181.276 26.4
    endloop
  endfacet
  facet normal 0 -0 1
    outer loop
      vertex 21.3607 181.437 26.4
      vertex 21.3607 181.763 26.4
      vertex 21.35 181.6 26.4
    endloop
  endfacet
  facet normal 0.752046 -0.65911 0
    outer loop
      vertex 21.6083 182.361 37.8
      vertex 21.7161 182.484 26.4
      vertex 21.7161 182.484 37.8
    endloop
  endfacet
  facet normal 0.752046 -0.65911 0
    outer loop
      vertex 21.7161 182.484 26.4
      vertex 21.6083 182.361 37.8
      vertex 21.6083 182.361 26.4
    endloop
  endfacet
  facet normal -0.0672494 -0.997736 0
    outer loop
      vertex 22.6 182.85 26.4
      vertex 22.7632 182.839 37.8
      vertex 22.6 182.85 37.8
    endloop
  endfacet
  facet normal -0.0672494 -0.997736 -0
    outer loop
      vertex 22.7632 182.839 37.8
      vertex 22.6 182.85 26.4
      vertex 22.7632 182.839 26.4
    endloop
  endfacet
  facet normal -0.55611 -0.831109 0
    outer loop
      vertex 23.225 182.683 26.4
      vertex 23.361 182.592 37.8
      vertex 23.225 182.683 37.8
    endloop
  endfacet
  facet normal -0.55611 -0.831109 -0
    outer loop
      vertex 23.361 182.592 37.8
      vertex 23.225 182.683 26.4
      vertex 23.361 182.592 26.4
    endloop
  endfacet
  facet normal 0.440835 0.897588 -0
    outer loop
      vertex 22.1216 180.445 26.4
      vertex 21.975 180.517 37.8
      vertex 22.1216 180.445 37.8
    endloop
  endfacet
  facet normal 0.440835 0.897588 0
    outer loop
      vertex 21.975 180.517 37.8
      vertex 22.1216 180.445 26.4
      vertex 21.975 180.517 26.4
    endloop
  endfacet
  facet normal 0.831674 0.555265 0
    outer loop
      vertex 21.6083 180.839 37.8
      vertex 21.5175 180.975 26.4
      vertex 21.5175 180.975 37.8
    endloop
  endfacet
  facet normal 0.831674 0.555265 0
    outer loop
      vertex 21.5175 180.975 26.4
      vertex 21.6083 180.839 37.8
      vertex 21.6083 180.839 26.4
    endloop
  endfacet
  facet normal 0.980931 0.194358 0
    outer loop
      vertex 21.3926 181.276 37.8
      vertex 21.3607 181.437 26.4
      vertex 21.3607 181.437 37.8
    endloop
  endfacet
  facet normal 0.980931 0.194358 0
    outer loop
      vertex 21.3607 181.437 26.4
      vertex 21.3926 181.276 37.8
      vertex 21.3926 181.276 26.4
    endloop
  endfacet
  facet normal 0.195763 0.980651 -0
    outer loop
      vertex 22.4368 180.361 26.4
      vertex 22.2765 180.393 37.8
      vertex 22.4368 180.361 37.8
    endloop
  endfacet
  facet normal 0.195763 0.980651 0
    outer loop
      vertex 22.2765 180.393 37.8
      vertex 22.4368 180.361 26.4
      vertex 22.2765 180.393 26.4
    endloop
  endfacet
  facet normal 0.660104 0.751174 -0
    outer loop
      vertex 21.839 180.608 26.4
      vertex 21.7161 180.716 37.8
      vertex 21.839 180.608 37.8
    endloop
  endfacet
  facet normal 0.660104 0.751174 0
    outer loop
      vertex 21.7161 180.716 37.8
      vertex 21.839 180.608 26.4
      vertex 21.7161 180.716 26.4
    endloop
  endfacet
  facet normal 0.897338 -0.441344 0
    outer loop
      vertex 21.4452 182.078 37.8
      vertex 21.5175 182.225 26.4
      vertex 21.5175 182.225 37.8
    endloop
  endfacet
  facet normal 0.897338 -0.441344 0
    outer loop
      vertex 21.5175 182.225 26.4
      vertex 21.4452 182.078 37.8
      vertex 21.4452 182.078 26.4
    endloop
  endfacet
  facet normal 0.997852 0.0655032 0
    outer loop
      vertex 21.3607 181.437 37.8
      vertex 21.35 181.6 26.4
      vertex 21.35 181.6 37.8
    endloop
  endfacet
  facet normal 0.997852 0.0655032 0
    outer loop
      vertex 21.35 181.6 26.4
      vertex 21.3607 181.437 37.8
      vertex 21.3607 181.437 26.4
    endloop
  endfacet
  facet normal -0.55611 0.831109 0
    outer loop
      vertex 23.361 180.608 26.4
      vertex 23.225 180.517 37.8
      vertex 23.361 180.608 37.8
    endloop
  endfacet
  facet normal -0.55611 0.831109 0
    outer loop
      vertex 23.225 180.517 37.8
      vertex 23.361 180.608 26.4
      vertex 23.225 180.517 26.4
    endloop
  endfacet
  facet normal 0.997852 -0.0655032 0
    outer loop
      vertex 21.35 181.6 37.8
      vertex 21.3607 181.763 26.4
      vertex 21.3607 181.763 37.8
    endloop
  endfacet
  facet normal 0.997852 -0.0655032 0
    outer loop
      vertex 21.3607 181.763 26.4
      vertex 21.35 181.6 37.8
      vertex 21.35 181.6 26.4
    endloop
  endfacet
  facet normal 0.55611 0.831109 -0
    outer loop
      vertex 21.975 180.517 26.4
      vertex 21.839 180.608 37.8
      vertex 21.975 180.517 37.8
    endloop
  endfacet
  facet normal 0.55611 0.831109 0
    outer loop
      vertex 21.839 180.608 37.8
      vertex 21.975 180.517 26.4
      vertex 21.839 180.608 26.4
    endloop
  endfacet
  facet normal 0.650214 -0.292597 0.701148
    outer loop
      vertex 20.899 182.302 38.4
      vertex 21.4452 182.078 37.8
      vertex 20.8999 182.304 38.4
    endloop
  endfacet
  facet normal 0.675153 -0.230604 0.700707
    outer loop
      vertex 21.4452 182.078 37.8
      vertex 20.899 182.302 38.4
      vertex 21.3926 181.924 37.8
    endloop
  endfacet
  facet normal 0.228015 -0.676245 0.700501
    outer loop
      vertex 22.2765 182.807 37.8
      vertex 22.1237 183.377 38.4
      vertex 21.8983 183.301 38.4
    endloop
  endfacet
  facet normal 0.139661 -0.699615 0.700738
    outer loop
      vertex 22.1264 183.378 38.4
      vertex 22.2765 182.807 37.8
      vertex 22.4368 182.839 37.8
    endloop
  endfacet
  facet normal 0.248142 -0.669983 0.699677
    outer loop
      vertex 22.2765 182.807 37.8
      vertex 22.1264 183.378 38.4
      vertex 22.1237 183.377 38.4
    endloop
  endfacet
  facet normal 0.691767 -0.172942 0.701106
    outer loop
      vertex 20.822 182.074 38.4
      vertex 21.3926 181.924 37.8
      vertex 20.8225 182.076 38.4
    endloop
  endfacet
  facet normal 0.700084 -0.138712 0.700458
    outer loop
      vertex 21.3926 181.924 37.8
      vertex 20.822 182.074 38.4
      vertex 21.3607 181.763 37.8
    endloop
  endfacet
  facet normal -0.712128 -0.0466773 0.700496
    outer loop
      vertex 24.4402 181.6 38.4
      vertex 24.4246 181.838 38.4
      vertex 23.85 181.6 37.8
    endloop
  endfacet
  facet normal -0.709569 -0.0709569 0.701054
    outer loop
      vertex 23.8393 181.763 37.8
      vertex 24.4246 181.838 38.4
      vertex 24.4244 181.84 38.4
    endloop
  endfacet
  facet normal -0.712112 -0.046746 0.700508
    outer loop
      vertex 24.4246 181.838 38.4
      vertex 23.8393 181.763 37.8
      vertex 23.85 181.6 37.8
    endloop
  endfacet
  facet normal -0.228015 -0.676245 0.700501
    outer loop
      vertex 23.3017 183.301 38.4
      vertex 23.0763 183.377 38.4
      vertex 22.9235 182.807 37.8
    endloop
  endfacet
  facet normal -0.593553 0.396302 0.700457
    outer loop
      vertex 24.0614 180.482 38.4
      vertex 24.1936 180.68 38.4
      vertex 23.6825 180.975 37.8
    endloop
  endfacet
  facet normal -0.536786 0.470513 0.700341
    outer loop
      vertex 23.9012 180.299 38.4
      vertex 24.0581 180.478 38.4
      vertex 23.4839 180.716 37.8
    endloop
  endfacet
  facet normal -0.712112 0.046746 0.700508
    outer loop
      vertex 23.8393 181.437 37.8
      vertex 24.4246 181.362 38.4
      vertex 23.85 181.6 37.8
    endloop
  endfacet
  facet normal -0.709569 0.0709569 0.701054
    outer loop
      vertex 24.4246 181.362 38.4
      vertex 23.8393 181.437 37.8
      vertex 24.4244 181.36 38.4
    endloop
  endfacet
  facet normal 0.593553 0.396302 0.700457
    outer loop
      vertex 21.1386 180.482 38.4
      vertex 21.5175 180.975 37.8
      vertex 21.0064 180.68 38.4
    endloop
  endfacet
  facet normal -0.228015 0.676245 0.700501
    outer loop
      vertex 23.0763 179.823 38.4
      vertex 23.3017 179.899 38.4
      vertex 22.9235 180.393 37.8
    endloop
  endfacet
  facet normal -0.530796 0.477716 0.700031
    outer loop
      vertex 23.5917 180.839 37.8
      vertex 24.0581 180.478 38.4
      vertex 24.0599 180.48 38.4
    endloop
  endfacet
  facet normal -0.536811 0.470473 0.700349
    outer loop
      vertex 24.0581 180.478 38.4
      vertex 23.5917 180.839 37.8
      vertex 23.4839 180.716 37.8
    endloop
  endfacet
  facet normal -0.471268 0.536285 0.700218
    outer loop
      vertex 23.361 180.608 37.8
      vertex 23.7222 180.142 38.4
      vertex 23.4839 180.716 37.8
    endloop
  endfacet
  facet normal -0.506323 0.506323 0.69805
    outer loop
      vertex 23.7222 180.142 38.4
      vertex 23.361 180.608 37.8
      vertex 23.7202 180.14 38.4
    endloop
  endfacet
  facet normal 0.536786 0.470513 0.700341
    outer loop
      vertex 21.2988 180.299 38.4
      vertex 21.7161 180.716 37.8
      vertex 21.1419 180.478 38.4
    endloop
  endfacet
  facet normal -0.470688 0.536645 0.700332
    outer loop
      vertex 23.7222 180.142 38.4
      vertex 23.9012 180.299 38.4
      vertex 23.4839 180.716 37.8
    endloop
  endfacet
  facet normal -0.593563 0.396291 0.700454
    outer loop
      vertex 23.5917 180.839 37.8
      vertex 24.0614 180.482 38.4
      vertex 23.6825 180.975 37.8
    endloop
  endfacet
  facet normal -0.570438 0.427828 0.701116
    outer loop
      vertex 24.0614 180.482 38.4
      vertex 23.5917 180.839 37.8
      vertex 24.0599 180.48 38.4
    endloop
  endfacet
  facet normal -0.700046 0.138813 0.700476
    outer loop
      vertex 24.378 181.126 38.4
      vertex 24.4244 181.36 38.4
      vertex 23.8393 181.437 37.8
    endloop
  endfacet
  facet normal 0.675153 0.230604 0.700707
    outer loop
      vertex 20.899 180.898 38.4
      vertex 21.4452 181.122 37.8
      vertex 21.3926 181.276 37.8
    endloop
  endfacet
  facet normal 0.650214 0.292597 0.701148
    outer loop
      vertex 21.4452 181.122 37.8
      vertex 20.899 180.898 38.4
      vertex 20.8999 180.896 38.4
    endloop
  endfacet
  facet normal -0.248142 0.669983 0.699677
    outer loop
      vertex 22.9235 180.393 37.8
      vertex 23.0736 179.822 38.4
      vertex 23.0763 179.823 38.4
    endloop
  endfacet
  facet normal -0.139661 0.699615 0.700738
    outer loop
      vertex 23.0736 179.822 38.4
      vertex 22.9235 180.393 37.8
      vertex 22.7632 180.361 37.8
    endloop
  endfacet
  facet normal -0.0479636 -0.711605 0.700941
    outer loop
      vertex 22.7632 182.839 37.8
      vertex 22.8375 183.425 38.4
      vertex 22.6 182.85 37.8
    endloop
  endfacet
  facet normal -0.250689 -0.67686 0.69211
    outer loop
      vertex 22.8375 183.425 38.4
      vertex 22.7632 182.839 37.8
      vertex 22.8402 183.424 38.4
    endloop
  endfacet
  facet normal -0.298838 0.657444 0.691711
    outer loop
      vertex 23.361 180.608 37.8
      vertex 23.718 180.139 38.4
      vertex 23.7202 180.14 38.4
    endloop
  endfacet
  facet normal -0.397074 0.59343 0.700124
    outer loop
      vertex 23.718 180.139 38.4
      vertex 23.361 180.608 37.8
      vertex 23.225 180.517 37.8
    endloop
  endfacet
  facet normal 0.712128 -0.0466773 0.700496
    outer loop
      vertex 21.35 181.6 37.8
      vertex 20.7754 181.838 38.4
      vertex 20.7598 181.6 38.4
    endloop
  endfacet
  facet normal -0.675153 0.230604 0.700707
    outer loop
      vertex 23.7548 181.122 37.8
      vertex 24.301 180.898 38.4
      vertex 23.8074 181.276 37.8
    endloop
  endfacet
  facet normal -0.650214 0.292597 0.701148
    outer loop
      vertex 24.301 180.898 38.4
      vertex 23.7548 181.122 37.8
      vertex 24.3001 180.896 38.4
    endloop
  endfacet
  facet normal -0.248142 -0.669983 0.699677
    outer loop
      vertex 23.0736 183.378 38.4
      vertex 22.9235 182.807 37.8
      vertex 23.0763 183.377 38.4
    endloop
  endfacet
  facet normal -0.139661 -0.699615 0.700738
    outer loop
      vertex 22.9235 182.807 37.8
      vertex 23.0736 183.378 38.4
      vertex 22.7632 182.839 37.8
    endloop
  endfacet
  facet normal -0.593553 -0.396302 0.700457
    outer loop
      vertex 24.1936 182.52 38.4
      vertex 24.0614 182.718 38.4
      vertex 23.6825 182.225 37.8
    endloop
  endfacet
  facet normal 0.0449875 0.712302 0.70043
    outer loop
      vertex 22.6 179.76 38.4
      vertex 22.6 180.35 37.8
      vertex 22.3625 179.775 38.4
    endloop
  endfacet
  facet normal 0.138008 0.700238 0.700443
    outer loop
      vertex 22.3598 179.776 38.4
      vertex 22.4368 180.361 37.8
      vertex 22.1264 179.822 38.4
    endloop
  endfacet
  facet normal -0.661898 0.264759 0.70128
    outer loop
      vertex 23.7548 181.122 37.8
      vertex 24.2989 180.893 38.4
      vertex 24.3001 180.896 38.4
    endloop
  endfacet
  facet normal -0.640192 0.31487 0.700722
    outer loop
      vertex 24.2989 180.893 38.4
      vertex 23.7548 181.122 37.8
      vertex 23.6825 180.975 37.8
    endloop
  endfacet
  facet normal 0.0479636 0.711605 0.700941
    outer loop
      vertex 22.4368 180.361 37.8
      vertex 22.3625 179.775 38.4
      vertex 22.6 180.35 37.8
    endloop
  endfacet
  facet normal 0.250689 0.67686 0.69211
    outer loop
      vertex 22.3625 179.775 38.4
      vertex 22.4368 180.361 37.8
      vertex 22.3598 179.776 38.4
    endloop
  endfacet
  facet normal -0.0449875 0.712302 0.70043
    outer loop
      vertex 22.8375 179.775 38.4
      vertex 22.6 180.35 37.8
      vertex 22.6 179.76 38.4
    endloop
  endfacet
  facet normal 0.536811 -0.470473 0.700349
    outer loop
      vertex 21.1419 182.722 38.4
      vertex 21.6083 182.361 37.8
      vertex 21.7161 182.484 37.8
    endloop
  endfacet
  facet normal 0.530796 -0.477716 0.700031
    outer loop
      vertex 21.6083 182.361 37.8
      vertex 21.1419 182.722 38.4
      vertex 21.1401 182.72 38.4
    endloop
  endfacet
  facet normal 0.676091 -0.228854 0.700376
    outer loop
      vertex 21.3926 181.924 37.8
      vertex 20.899 182.302 38.4
      vertex 20.8225 182.076 38.4
    endloop
  endfacet
  facet normal -0.676091 0.228854 0.700376
    outer loop
      vertex 24.301 180.898 38.4
      vertex 24.3775 181.124 38.4
      vertex 23.8074 181.276 37.8
    endloop
  endfacet
  facet normal -0.712128 0.0466773 0.700496
    outer loop
      vertex 24.4246 181.362 38.4
      vertex 24.4402 181.6 38.4
      vertex 23.85 181.6 37.8
    endloop
  endfacet
  facet normal -0.470688 -0.536645 0.700332
    outer loop
      vertex 23.9012 182.901 38.4
      vertex 23.7222 183.058 38.4
      vertex 23.4839 182.484 37.8
    endloop
  endfacet
  facet normal -0.264837 0.662092 0.701067
    outer loop
      vertex 23.0784 180.445 37.8
      vertex 23.3017 179.899 38.4
      vertex 23.3042 179.9 38.4
    endloop
  endfacet
  facet normal -0.227168 0.676698 0.700339
    outer loop
      vertex 23.3017 179.899 38.4
      vertex 23.0784 180.445 37.8
      vertex 22.9235 180.393 37.8
    endloop
  endfacet
  facet normal 0.593563 0.396291 0.700454
    outer loop
      vertex 21.1386 180.482 38.4
      vertex 21.6083 180.839 37.8
      vertex 21.5175 180.975 37.8
    endloop
  endfacet
  facet normal 0.570438 0.427828 0.701116
    outer loop
      vertex 21.6083 180.839 37.8
      vertex 21.1386 180.482 38.4
      vertex 21.1401 180.48 38.4
    endloop
  endfacet
  facet normal -0.314617 0.640596 0.700466
    outer loop
      vertex 23.0784 180.445 37.8
      vertex 23.3066 179.901 38.4
      vertex 23.225 180.517 37.8
    endloop
  endfacet
  facet normal -0.274257 0.658218 0.701093
    outer loop
      vertex 23.3066 179.901 38.4
      vertex 23.0784 180.445 37.8
      vertex 23.3042 179.9 38.4
    endloop
  endfacet
  facet normal 0.700046 0.138813 0.700476
    outer loop
      vertex 20.822 181.126 38.4
      vertex 21.3607 181.437 37.8
      vertex 20.7756 181.36 38.4
    endloop
  endfacet
  facet normal -0.314992 0.640483 0.700401
    outer loop
      vertex 23.3066 179.901 38.4
      vertex 23.5201 180.006 38.4
      vertex 23.225 180.517 37.8
    endloop
  endfacet
  facet normal -0.398143 0.592425 0.700368
    outer loop
      vertex 23.5201 180.006 38.4
      vertex 23.718 180.139 38.4
      vertex 23.225 180.517 37.8
    endloop
  endfacet
  facet normal 0.570438 -0.427828 0.701116
    outer loop
      vertex 21.1386 182.718 38.4
      vertex 21.6083 182.361 37.8
      vertex 21.1401 182.72 38.4
    endloop
  endfacet
  facet normal 0.593563 -0.396291 0.700454
    outer loop
      vertex 21.6083 182.361 37.8
      vertex 21.1386 182.718 38.4
      vertex 21.5175 182.225 37.8
    endloop
  endfacet
  facet normal -0.298838 -0.657444 0.691711
    outer loop
      vertex 23.718 183.061 38.4
      vertex 23.361 182.592 37.8
      vertex 23.7202 183.06 38.4
    endloop
  endfacet
  facet normal -0.397074 -0.59343 0.700124
    outer loop
      vertex 23.361 182.592 37.8
      vertex 23.718 183.061 38.4
      vertex 23.225 182.683 37.8
    endloop
  endfacet
  facet normal -0.700084 0.138712 0.700458
    outer loop
      vertex 23.8074 181.276 37.8
      vertex 24.378 181.126 38.4
      vertex 23.8393 181.437 37.8
    endloop
  endfacet
  facet normal -0.691767 0.172942 0.701106
    outer loop
      vertex 24.378 181.126 38.4
      vertex 23.8074 181.276 37.8
      vertex 24.3775 181.124 38.4
    endloop
  endfacet
  facet normal 0.536786 -0.470513 0.700341
    outer loop
      vertex 21.7161 182.484 37.8
      vertex 21.2988 182.901 38.4
      vertex 21.1419 182.722 38.4
    endloop
  endfacet
  facet normal 0.536811 0.470473 0.700349
    outer loop
      vertex 21.6083 180.839 37.8
      vertex 21.1419 180.478 38.4
      vertex 21.7161 180.716 37.8
    endloop
  endfacet
  facet normal 0.530796 0.477716 0.700031
    outer loop
      vertex 21.1419 180.478 38.4
      vertex 21.6083 180.839 37.8
      vertex 21.1401 180.48 38.4
    endloop
  endfacet
  facet normal 0.314992 -0.640483 0.700401
    outer loop
      vertex 21.975 182.683 37.8
      vertex 21.8934 183.299 38.4
      vertex 21.6799 183.194 38.4
    endloop
  endfacet
  facet normal -0.570438 -0.427828 0.701116
    outer loop
      vertex 23.5917 182.361 37.8
      vertex 24.0614 182.718 38.4
      vertex 24.0599 182.72 38.4
    endloop
  endfacet
  facet normal -0.593563 -0.396291 0.700454
    outer loop
      vertex 24.0614 182.718 38.4
      vertex 23.5917 182.361 37.8
      vertex 23.6825 182.225 37.8
    endloop
  endfacet
  facet normal -0.274257 -0.658218 0.701093
    outer loop
      vertex 23.0784 182.755 37.8
      vertex 23.3066 183.299 38.4
      vertex 23.3042 183.3 38.4
    endloop
  endfacet
  facet normal -0.314617 -0.640596 0.700466
    outer loop
      vertex 23.3066 183.299 38.4
      vertex 23.0784 182.755 37.8
      vertex 23.225 182.683 37.8
    endloop
  endfacet
  facet normal -0.639765 0.316278 0.700477
    outer loop
      vertex 24.1936 180.68 38.4
      vertex 24.2989 180.893 38.4
      vertex 23.6825 180.975 37.8
    endloop
  endfacet
  facet normal 0.639765 -0.316278 0.700477
    outer loop
      vertex 21.5175 182.225 37.8
      vertex 21.0064 182.52 38.4
      vertex 20.9011 182.307 38.4
    endloop
  endfacet
  facet normal 0.676091 0.228854 0.700376
    outer loop
      vertex 20.899 180.898 38.4
      vertex 21.3926 181.276 37.8
      vertex 20.8225 181.124 38.4
    endloop
  endfacet
  facet normal 0.700084 0.138712 0.700458
    outer loop
      vertex 20.822 181.126 38.4
      vertex 21.3926 181.276 37.8
      vertex 21.3607 181.437 37.8
    endloop
  endfacet
  facet normal 0.691767 0.172942 0.701106
    outer loop
      vertex 21.3926 181.276 37.8
      vertex 20.822 181.126 38.4
      vertex 20.8225 181.124 38.4
    endloop
  endfacet
  facet normal -0.138008 0.700238 0.700443
    outer loop
      vertex 22.8402 179.776 38.4
      vertex 23.0736 179.822 38.4
      vertex 22.7632 180.361 37.8
    endloop
  endfacet
  facet normal -0.250689 0.67686 0.69211
    outer loop
      vertex 22.7632 180.361 37.8
      vertex 22.8375 179.775 38.4
      vertex 22.8402 179.776 38.4
    endloop
  endfacet
  facet normal -0.0479636 0.711605 0.700941
    outer loop
      vertex 22.8375 179.775 38.4
      vertex 22.7632 180.361 37.8
      vertex 22.6 180.35 37.8
    endloop
  endfacet
  facet normal 0.471268 0.536285 0.700218
    outer loop
      vertex 21.4778 180.142 38.4
      vertex 21.839 180.608 37.8
      vertex 21.7161 180.716 37.8
    endloop
  endfacet
  facet normal 0.506323 0.506323 0.69805
    outer loop
      vertex 21.839 180.608 37.8
      vertex 21.4778 180.142 38.4
      vertex 21.4798 180.14 38.4
    endloop
  endfacet
  facet normal 0.470688 0.536645 0.700332
    outer loop
      vertex 21.4778 180.142 38.4
      vertex 21.7161 180.716 37.8
      vertex 21.2988 180.299 38.4
    endloop
  endfacet
  facet normal 0.397074 -0.59343 0.700124
    outer loop
      vertex 21.482 183.061 38.4
      vertex 21.839 182.592 37.8
      vertex 21.975 182.683 37.8
    endloop
  endfacet
  facet normal 0.298838 -0.657444 0.691711
    outer loop
      vertex 21.839 182.592 37.8
      vertex 21.482 183.061 38.4
      vertex 21.4798 183.06 38.4
    endloop
  endfacet
  facet normal 0.709569 -0.0709569 0.701054
    outer loop
      vertex 20.7754 181.838 38.4
      vertex 21.3607 181.763 37.8
      vertex 20.7756 181.84 38.4
    endloop
  endfacet
  facet normal 0.712112 -0.046746 0.700508
    outer loop
      vertex 21.3607 181.763 37.8
      vertex 20.7754 181.838 38.4
      vertex 21.35 181.6 37.8
    endloop
  endfacet
  facet normal -0.530796 -0.477716 0.700031
    outer loop
      vertex 24.0581 182.722 38.4
      vertex 23.5917 182.361 37.8
      vertex 24.0599 182.72 38.4
    endloop
  endfacet
  facet normal -0.536811 -0.470473 0.700349
    outer loop
      vertex 23.5917 182.361 37.8
      vertex 24.0581 182.722 38.4
      vertex 23.4839 182.484 37.8
    endloop
  endfacet
  facet normal 0.700046 -0.138813 0.700476
    outer loop
      vertex 21.3607 181.763 37.8
      vertex 20.822 182.074 38.4
      vertex 20.7756 181.84 38.4
    endloop
  endfacet
  facet normal 0.138008 -0.700238 0.700443
    outer loop
      vertex 22.4368 182.839 37.8
      vertex 22.3598 183.424 38.4
      vertex 22.1264 183.378 38.4
    endloop
  endfacet
  facet normal 0.712112 0.046746 0.700508
    outer loop
      vertex 20.7754 181.362 38.4
      vertex 21.3607 181.437 37.8
      vertex 21.35 181.6 37.8
    endloop
  endfacet
  facet normal 0.709569 0.0709569 0.701054
    outer loop
      vertex 21.3607 181.437 37.8
      vertex 20.7754 181.362 38.4
      vertex 20.7756 181.36 38.4
    endloop
  endfacet
  facet normal -0.639765 -0.316278 0.700477
    outer loop
      vertex 24.2989 182.307 38.4
      vertex 24.1936 182.52 38.4
      vertex 23.6825 182.225 37.8
    endloop
  endfacet
  facet normal -0.398143 -0.592425 0.700368
    outer loop
      vertex 23.718 183.061 38.4
      vertex 23.5201 183.194 38.4
      vertex 23.225 182.683 37.8
    endloop
  endfacet
  facet normal -0.661898 -0.264759 0.70128
    outer loop
      vertex 24.2989 182.307 38.4
      vertex 23.7548 182.078 37.8
      vertex 24.3001 182.304 38.4
    endloop
  endfacet
  facet normal -0.640192 -0.31487 0.700722
    outer loop
      vertex 23.7548 182.078 37.8
      vertex 24.2989 182.307 38.4
      vertex 23.6825 182.225 37.8
    endloop
  endfacet
  facet normal 0.227168 0.676698 0.700339
    outer loop
      vertex 22.1216 180.445 37.8
      vertex 21.8983 179.899 38.4
      vertex 22.2765 180.393 37.8
    endloop
  endfacet
  facet normal 0.264837 0.662092 0.701067
    outer loop
      vertex 21.8983 179.899 38.4
      vertex 22.1216 180.445 37.8
      vertex 21.8958 179.9 38.4
    endloop
  endfacet
  facet normal 0.640192 0.31487 0.700722
    outer loop
      vertex 21.4452 181.122 37.8
      vertex 20.9011 180.893 38.4
      vertex 21.5175 180.975 37.8
    endloop
  endfacet
  facet normal 0.661898 0.264759 0.70128
    outer loop
      vertex 20.9011 180.893 38.4
      vertex 21.4452 181.122 37.8
      vertex 20.8999 180.896 38.4
    endloop
  endfacet
  facet normal 0.639765 0.316278 0.700477
    outer loop
      vertex 21.0064 180.68 38.4
      vertex 21.5175 180.975 37.8
      vertex 20.9011 180.893 38.4
    endloop
  endfacet
  facet normal -0.536786 -0.470513 0.700341
    outer loop
      vertex 24.0581 182.722 38.4
      vertex 23.9012 182.901 38.4
      vertex 23.4839 182.484 37.8
    endloop
  endfacet
  facet normal -0.314992 -0.640483 0.700401
    outer loop
      vertex 23.5201 183.194 38.4
      vertex 23.3066 183.299 38.4
      vertex 23.225 182.683 37.8
    endloop
  endfacet
  facet normal -0.506323 -0.506323 0.69805
    outer loop
      vertex 23.361 182.592 37.8
      vertex 23.7222 183.058 38.4
      vertex 23.7202 183.06 38.4
    endloop
  endfacet
  facet normal -0.471268 -0.536285 0.700218
    outer loop
      vertex 23.7222 183.058 38.4
      vertex 23.361 182.592 37.8
      vertex 23.4839 182.484 37.8
    endloop
  endfacet
  facet normal 0.139661 0.699615 0.700738
    outer loop
      vertex 22.2765 180.393 37.8
      vertex 22.1264 179.822 38.4
      vertex 22.4368 180.361 37.8
    endloop
  endfacet
  facet normal 0.248142 0.669983 0.699677
    outer loop
      vertex 22.1264 179.822 38.4
      vertex 22.2765 180.393 37.8
      vertex 22.1237 179.823 38.4
    endloop
  endfacet
  facet normal 0.398143 -0.592425 0.700368
    outer loop
      vertex 21.975 182.683 37.8
      vertex 21.6799 183.194 38.4
      vertex 21.482 183.061 38.4
    endloop
  endfacet
  facet normal 0.712128 0.0466773 0.700496
    outer loop
      vertex 20.7754 181.362 38.4
      vertex 21.35 181.6 37.8
      vertex 20.7598 181.6 38.4
    endloop
  endfacet
  facet normal 0.593553 -0.396302 0.700457
    outer loop
      vertex 21.5175 182.225 37.8
      vertex 21.1386 182.718 38.4
      vertex 21.0064 182.52 38.4
    endloop
  endfacet
  facet normal 0.314617 0.640596 0.700466
    outer loop
      vertex 21.8934 179.901 38.4
      vertex 22.1216 180.445 37.8
      vertex 21.975 180.517 37.8
    endloop
  endfacet
  facet normal 0.274257 0.658218 0.701093
    outer loop
      vertex 22.1216 180.445 37.8
      vertex 21.8934 179.901 38.4
      vertex 21.8958 179.9 38.4
    endloop
  endfacet
  facet normal 0.228015 0.676245 0.700501
    outer loop
      vertex 22.1237 179.823 38.4
      vertex 22.2765 180.393 37.8
      vertex 21.8983 179.899 38.4
    endloop
  endfacet
  facet normal 0.0449875 -0.712302 0.70043
    outer loop
      vertex 22.6 182.85 37.8
      vertex 22.6 183.44 38.4
      vertex 22.3625 183.425 38.4
    endloop
  endfacet
  facet normal 0.470688 -0.536645 0.700332
    outer loop
      vertex 21.7161 182.484 37.8
      vertex 21.4778 183.058 38.4
      vertex 21.2988 182.901 38.4
    endloop
  endfacet
  facet normal -0.0449875 -0.712302 0.70043
    outer loop
      vertex 22.8375 183.425 38.4
      vertex 22.6 183.44 38.4
      vertex 22.6 182.85 37.8
    endloop
  endfacet
  facet normal 0.314992 0.640483 0.700401
    outer loop
      vertex 21.8934 179.901 38.4
      vertex 21.975 180.517 37.8
      vertex 21.6799 180.006 38.4
    endloop
  endfacet
  facet normal 0.398143 0.592425 0.700368
    outer loop
      vertex 21.6799 180.006 38.4
      vertex 21.975 180.517 37.8
      vertex 21.482 180.139 38.4
    endloop
  endfacet
  facet normal 0.397074 0.59343 0.700124
    outer loop
      vertex 21.839 180.608 37.8
      vertex 21.482 180.139 38.4
      vertex 21.975 180.517 37.8
    endloop
  endfacet
  facet normal 0.298838 0.657444 0.691711
    outer loop
      vertex 21.482 180.139 38.4
      vertex 21.839 180.608 37.8
      vertex 21.4798 180.14 38.4
    endloop
  endfacet
  facet normal 0.506323 -0.506323 0.69805
    outer loop
      vertex 21.4778 183.058 38.4
      vertex 21.839 182.592 37.8
      vertex 21.4798 183.06 38.4
    endloop
  endfacet
  facet normal 0.471268 -0.536285 0.700218
    outer loop
      vertex 21.839 182.592 37.8
      vertex 21.4778 183.058 38.4
      vertex 21.7161 182.484 37.8
    endloop
  endfacet
  facet normal -0.264837 -0.662092 0.701067
    outer loop
      vertex 23.3017 183.301 38.4
      vertex 23.0784 182.755 37.8
      vertex 23.3042 183.3 38.4
    endloop
  endfacet
  facet normal -0.227168 -0.676698 0.700339
    outer loop
      vertex 23.0784 182.755 37.8
      vertex 23.3017 183.301 38.4
      vertex 22.9235 182.807 37.8
    endloop
  endfacet
  facet normal 0.640192 -0.31487 0.700722
    outer loop
      vertex 20.9011 182.307 38.4
      vertex 21.4452 182.078 37.8
      vertex 21.5175 182.225 37.8
    endloop
  endfacet
  facet normal 0.661898 -0.264759 0.70128
    outer loop
      vertex 21.4452 182.078 37.8
      vertex 20.9011 182.307 38.4
      vertex 20.8999 182.304 38.4
    endloop
  endfacet
  facet normal 0.227168 -0.676698 0.700339
    outer loop
      vertex 21.8983 183.301 38.4
      vertex 22.1216 182.755 37.8
      vertex 22.2765 182.807 37.8
    endloop
  endfacet
  facet normal 0.264837 -0.662092 0.701067
    outer loop
      vertex 22.1216 182.755 37.8
      vertex 21.8983 183.301 38.4
      vertex 21.8958 183.3 38.4
    endloop
  endfacet
  facet normal 0.274257 -0.658218 0.701093
    outer loop
      vertex 21.8934 183.299 38.4
      vertex 22.1216 182.755 37.8
      vertex 21.8958 183.3 38.4
    endloop
  endfacet
  facet normal 0.314617 -0.640596 0.700466
    outer loop
      vertex 22.1216 182.755 37.8
      vertex 21.8934 183.299 38.4
      vertex 21.975 182.683 37.8
    endloop
  endfacet
  facet normal -0.691767 -0.172942 0.701106
    outer loop
      vertex 23.8074 181.924 37.8
      vertex 24.378 182.074 38.4
      vertex 24.3775 182.076 38.4
    endloop
  endfacet
  facet normal -0.700084 -0.138712 0.700458
    outer loop
      vertex 24.378 182.074 38.4
      vertex 23.8074 181.924 37.8
      vertex 23.8393 181.763 37.8
    endloop
  endfacet
  facet normal -0.676091 -0.228854 0.700376
    outer loop
      vertex 24.3775 182.076 38.4
      vertex 24.301 182.302 38.4
      vertex 23.8074 181.924 37.8
    endloop
  endfacet
  facet normal -0.138008 -0.700238 0.700443
    outer loop
      vertex 23.0736 183.378 38.4
      vertex 22.8402 183.424 38.4
      vertex 22.7632 182.839 37.8
    endloop
  endfacet
  facet normal 0.250689 -0.67686 0.69211
    outer loop
      vertex 22.4368 182.839 37.8
      vertex 22.3625 183.425 38.4
      vertex 22.3598 183.424 38.4
    endloop
  endfacet
  facet normal 0.0479636 -0.711605 0.700941
    outer loop
      vertex 22.3625 183.425 38.4
      vertex 22.4368 182.839 37.8
      vertex 22.6 182.85 37.8
    endloop
  endfacet
  facet normal -0.650214 -0.292597 0.701148
    outer loop
      vertex 23.7548 182.078 37.8
      vertex 24.301 182.302 38.4
      vertex 24.3001 182.304 38.4
    endloop
  endfacet
  facet normal -0.675153 -0.230604 0.700707
    outer loop
      vertex 24.301 182.302 38.4
      vertex 23.7548 182.078 37.8
      vertex 23.8074 181.924 37.8
    endloop
  endfacet
  facet normal -0.700046 -0.138813 0.700476
    outer loop
      vertex 24.4244 181.84 38.4
      vertex 24.378 182.074 38.4
      vertex 23.8393 181.763 37.8
    endloop
  endfacet
  facet normal -0.980814 0.194944 0
    outer loop
      vertex 132.607 181.276 26.4
      vertex 132.639 181.437 37.8
      vertex 132.639 181.437 26.4
    endloop
  endfacet
  facet normal -0.980814 0.194944 0
    outer loop
      vertex 132.639 181.437 37.8
      vertex 132.607 181.276 26.4
      vertex 132.607 181.276 37.8
    endloop
  endfacet
  facet normal -0.980814 -0.194944 0
    outer loop
      vertex 132.639 181.763 26.4
      vertex 132.607 181.924 37.8
      vertex 132.607 181.924 26.4
    endloop
  endfacet
  facet normal -0.980814 -0.194944 0
    outer loop
      vertex 132.607 181.924 37.8
      vertex 132.639 181.763 26.4
      vertex 132.639 181.763 37.8
    endloop
  endfacet
  facet normal -0.997731 -0.0673315 0
    outer loop
      vertex 132.65 181.6 26.4
      vertex 132.639 181.763 37.8
      vertex 132.639 181.763 26.4
    endloop
  endfacet
  facet normal -0.997731 -0.0673315 0
    outer loop
      vertex 132.639 181.763 37.8
      vertex 132.65 181.6 26.4
      vertex 132.65 181.6 37.8
    endloop
  endfacet
  facet normal -0.947446 -0.319917 0
    outer loop
      vertex 132.607 181.924 26.4
      vertex 132.555 182.078 37.8
      vertex 132.555 182.078 26.4
    endloop
  endfacet
  facet normal -0.947446 -0.319917 0
    outer loop
      vertex 132.555 182.078 37.8
      vertex 132.607 181.924 26.4
      vertex 132.607 181.924 37.8
    endloop
  endfacet
  facet normal -0.439867 0.898063 0
    outer loop
      vertex 132.025 180.517 26.4
      vertex 131.878 180.445 37.8
      vertex 132.025 180.517 37.8
    endloop
  endfacet
  facet normal -0.439867 0.898063 0
    outer loop
      vertex 131.878 180.445 37.8
      vertex 132.025 180.517 26.4
      vertex 131.878 180.445 26.4
    endloop
  endfacet
  facet normal -0.194944 -0.980814 0
    outer loop
      vertex 131.563 182.839 26.4
      vertex 131.724 182.807 37.8
      vertex 131.563 182.839 37.8
    endloop
  endfacet
  facet normal -0.194944 -0.980814 -0
    outer loop
      vertex 131.724 182.807 37.8
      vertex 131.563 182.839 26.4
      vertex 131.724 182.807 26.4
    endloop
  endfacet
  facet normal -0.194944 0.980814 0
    outer loop
      vertex 131.724 180.393 26.4
      vertex 131.563 180.361 37.8
      vertex 131.724 180.393 37.8
    endloop
  endfacet
  facet normal -0.194944 0.980814 0
    outer loop
      vertex 131.563 180.361 37.8
      vertex 131.724 180.393 26.4
      vertex 131.563 180.361 26.4
    endloop
  endfacet
  facet normal -0.0673315 0.997731 0
    outer loop
      vertex 131.563 180.361 26.4
      vertex 131.4 180.35 37.8
      vertex 131.563 180.361 37.8
    endloop
  endfacet
  facet normal -0.0673315 0.997731 0
    outer loop
      vertex 131.4 180.35 37.8
      vertex 131.563 180.361 26.4
      vertex 131.4 180.35 26.4
    endloop
  endfacet
  facet normal 0.659801 -0.75144 0
    outer loop
      vertex 130.516 182.484 26.4
      vertex 130.639 182.592 37.8
      vertex 130.516 182.484 37.8
    endloop
  endfacet
  facet normal 0.659801 -0.75144 0
    outer loop
      vertex 130.639 182.592 37.8
      vertex 130.516 182.484 26.4
      vertex 130.639 182.592 26.4
    endloop
  endfacet
  facet normal 0.831109 -0.55611 0
    outer loop
      vertex 130.317 182.225 37.8
      vertex 130.408 182.361 26.4
      vertex 130.408 182.361 37.8
    endloop
  endfacet
  facet normal 0.831109 -0.55611 0
    outer loop
      vertex 130.408 182.361 26.4
      vertex 130.317 182.225 37.8
      vertex 130.317 182.225 26.4
    endloop
  endfacet
  facet normal -0.319917 -0.947446 0
    outer loop
      vertex 131.724 182.807 26.4
      vertex 131.878 182.755 37.8
      vertex 131.724 182.807 37.8
    endloop
  endfacet
  facet normal -0.319917 -0.947446 -0
    outer loop
      vertex 131.878 182.755 37.8
      vertex 131.724 182.807 26.4
      vertex 131.878 182.755 26.4
    endloop
  endfacet
  facet normal -0.659801 0.75144 0
    outer loop
      vertex 132.284 180.716 26.4
      vertex 132.161 180.608 37.8
      vertex 132.284 180.716 37.8
    endloop
  endfacet
  facet normal -0.659801 0.75144 0
    outer loop
      vertex 132.161 180.608 37.8
      vertex 132.284 180.716 26.4
      vertex 132.161 180.608 26.4
    endloop
  endfacet
  facet normal 0.439867 -0.898063 0
    outer loop
      vertex 130.775 182.683 26.4
      vertex 130.922 182.755 37.8
      vertex 130.775 182.683 37.8
    endloop
  endfacet
  facet normal 0.439867 -0.898063 0
    outer loop
      vertex 130.922 182.755 37.8
      vertex 130.775 182.683 26.4
      vertex 130.922 182.755 26.4
    endloop
  endfacet
  facet normal 0.0673315 0.997731 -0
    outer loop
      vertex 131.4 180.35 26.4
      vertex 131.237 180.361 37.8
      vertex 131.4 180.35 37.8
    endloop
  endfacet
  facet normal 0.0673315 0.997731 0
    outer loop
      vertex 131.237 180.361 37.8
      vertex 131.4 180.35 26.4
      vertex 131.237 180.361 26.4
    endloop
  endfacet
  facet normal -0.75144 0.659801 0
    outer loop
      vertex 132.284 180.716 26.4
      vertex 132.392 180.839 37.8
      vertex 132.392 180.839 26.4
    endloop
  endfacet
  facet normal -0.75144 0.659801 0
    outer loop
      vertex 132.392 180.839 37.8
      vertex 132.284 180.716 26.4
      vertex 132.284 180.716 37.8
    endloop
  endfacet
  facet normal 0.947446 0.319917 0
    outer loop
      vertex 130.245 181.122 37.8
      vertex 130.193 181.276 26.4
      vertex 130.193 181.276 37.8
    endloop
  endfacet
  facet normal 0.947446 0.319917 0
    outer loop
      vertex 130.193 181.276 26.4
      vertex 130.245 181.122 37.8
      vertex 130.245 181.122 26.4
    endloop
  endfacet
  facet normal -0.319917 0.947446 0
    outer loop
      vertex 131.878 180.445 26.4
      vertex 131.724 180.393 37.8
      vertex 131.878 180.445 37.8
    endloop
  endfacet
  facet normal -0.319917 0.947446 0
    outer loop
      vertex 131.724 180.393 37.8
      vertex 131.878 180.445 26.4
      vertex 131.724 180.393 26.4
    endloop
  endfacet
  facet normal 0.319917 -0.947446 0
    outer loop
      vertex 130.922 182.755 26.4
      vertex 131.076 182.807 37.8
      vertex 130.922 182.755 37.8
    endloop
  endfacet
  facet normal 0.319917 -0.947446 0
    outer loop
      vertex 131.076 182.807 37.8
      vertex 130.922 182.755 26.4
      vertex 131.076 182.807 26.4
    endloop
  endfacet
  facet normal 0.55611 -0.831109 0
    outer loop
      vertex 130.639 182.592 26.4
      vertex 130.775 182.683 37.8
      vertex 130.639 182.592 37.8
    endloop
  endfacet
  facet normal 0.55611 -0.831109 0
    outer loop
      vertex 130.775 182.683 37.8
      vertex 130.639 182.592 26.4
      vertex 130.775 182.683 26.4
    endloop
  endfacet
  facet normal 0.947446 -0.319917 0
    outer loop
      vertex 130.193 181.924 37.8
      vertex 130.245 182.078 26.4
      vertex 130.245 182.078 37.8
    endloop
  endfacet
  facet normal 0.947446 -0.319917 0
    outer loop
      vertex 130.245 182.078 26.4
      vertex 130.193 181.924 37.8
      vertex 130.193 181.924 26.4
    endloop
  endfacet
  facet normal -0.898063 -0.439867 0
    outer loop
      vertex 132.555 182.078 26.4
      vertex 132.483 182.225 37.8
      vertex 132.483 182.225 26.4
    endloop
  endfacet
  facet normal -0.898063 -0.439867 0
    outer loop
      vertex 132.483 182.225 37.8
      vertex 132.555 182.078 26.4
      vertex 132.555 182.078 37.8
    endloop
  endfacet
  facet normal 0.194944 -0.980814 0
    outer loop
      vertex 131.076 182.807 26.4
      vertex 131.237 182.839 37.8
      vertex 131.076 182.807 37.8
    endloop
  endfacet
  facet normal 0.194944 -0.980814 0
    outer loop
      vertex 131.237 182.839 37.8
      vertex 131.076 182.807 26.4
      vertex 131.237 182.839 26.4
    endloop
  endfacet
  facet normal -0.659801 -0.75144 0
    outer loop
      vertex 132.161 182.592 26.4
      vertex 132.284 182.484 37.8
      vertex 132.161 182.592 37.8
    endloop
  endfacet
  facet normal -0.659801 -0.75144 -0
    outer loop
      vertex 132.284 182.484 37.8
      vertex 132.161 182.592 26.4
      vertex 132.284 182.484 26.4
    endloop
  endfacet
  facet normal -0.997731 0.0673315 0
    outer loop
      vertex 132.639 181.437 26.4
      vertex 132.65 181.6 37.8
      vertex 132.65 181.6 26.4
    endloop
  endfacet
  facet normal -0.997731 0.0673315 0
    outer loop
      vertex 132.65 181.6 37.8
      vertex 132.639 181.437 26.4
      vertex 132.639 181.437 37.8
    endloop
  endfacet
  facet normal -0.439867 -0.898063 0
    outer loop
      vertex 131.878 182.755 26.4
      vertex 132.025 182.683 37.8
      vertex 131.878 182.755 37.8
    endloop
  endfacet
  facet normal -0.439867 -0.898063 -0
    outer loop
      vertex 132.025 182.683 37.8
      vertex 131.878 182.755 26.4
      vertex 132.025 182.683 26.4
    endloop
  endfacet
  facet normal 0.319917 0.947446 -0
    outer loop
      vertex 131.076 180.393 26.4
      vertex 130.922 180.445 37.8
      vertex 131.076 180.393 37.8
    endloop
  endfacet
  facet normal 0.319917 0.947446 0
    outer loop
      vertex 130.922 180.445 37.8
      vertex 131.076 180.393 26.4
      vertex 130.922 180.445 26.4
    endloop
  endfacet
  facet normal 0.980814 -0.194944 0
    outer loop
      vertex 130.161 181.763 37.8
      vertex 130.193 181.924 26.4
      vertex 130.193 181.924 37.8
    endloop
  endfacet
  facet normal 0.980814 -0.194944 0
    outer loop
      vertex 130.193 181.924 26.4
      vertex 130.161 181.763 37.8
      vertex 130.161 181.763 26.4
    endloop
  endfacet
  facet normal 0.0673315 -0.997731 0
    outer loop
      vertex 131.237 182.839 26.4
      vertex 131.4 182.85 37.8
      vertex 131.237 182.839 37.8
    endloop
  endfacet
  facet normal 0.0673315 -0.997731 0
    outer loop
      vertex 131.4 182.85 37.8
      vertex 131.237 182.839 26.4
      vertex 131.4 182.85 26.4
    endloop
  endfacet
  facet normal -0.947446 0.319917 0
    outer loop
      vertex 132.555 181.122 26.4
      vertex 132.607 181.276 37.8
      vertex 132.607 181.276 26.4
    endloop
  endfacet
  facet normal -0.947446 0.319917 0
    outer loop
      vertex 132.607 181.276 37.8
      vertex 132.555 181.122 26.4
      vertex 132.555 181.122 37.8
    endloop
  endfacet
  facet normal -0.831109 -0.55611 0
    outer loop
      vertex 132.483 182.225 26.4
      vertex 132.392 182.361 37.8
      vertex 132.392 182.361 26.4
    endloop
  endfacet
  facet normal -0.831109 -0.55611 0
    outer loop
      vertex 132.392 182.361 37.8
      vertex 132.483 182.225 26.4
      vertex 132.483 182.225 37.8
    endloop
  endfacet
  facet normal -0.75144 -0.659801 0
    outer loop
      vertex 132.392 182.361 26.4
      vertex 132.284 182.484 37.8
      vertex 132.284 182.484 26.4
    endloop
  endfacet
  facet normal -0.75144 -0.659801 0
    outer loop
      vertex 132.284 182.484 37.8
      vertex 132.392 182.361 26.4
      vertex 132.392 182.361 37.8
    endloop
  endfacet
  facet normal 0.898063 0.439867 0
    outer loop
      vertex 130.317 180.975 37.8
      vertex 130.245 181.122 26.4
      vertex 130.245 181.122 37.8
    endloop
  endfacet
  facet normal 0.898063 0.439867 0
    outer loop
      vertex 130.245 181.122 26.4
      vertex 130.317 180.975 37.8
      vertex 130.317 180.975 26.4
    endloop
  endfacet
  facet normal -0.898063 0.439867 0
    outer loop
      vertex 132.483 180.975 26.4
      vertex 132.555 181.122 37.8
      vertex 132.555 181.122 26.4
    endloop
  endfacet
  facet normal -0.898063 0.439867 0
    outer loop
      vertex 132.555 181.122 37.8
      vertex 132.483 180.975 26.4
      vertex 132.483 180.975 37.8
    endloop
  endfacet
  facet normal 0.75144 0.659801 0
    outer loop
      vertex 130.516 180.716 37.8
      vertex 130.408 180.839 26.4
      vertex 130.408 180.839 37.8
    endloop
  endfacet
  facet normal 0.75144 0.659801 0
    outer loop
      vertex 130.408 180.839 26.4
      vertex 130.516 180.716 37.8
      vertex 130.516 180.716 26.4
    endloop
  endfacet
  facet normal -0.831109 0.55611 0
    outer loop
      vertex 132.392 180.839 26.4
      vertex 132.483 180.975 37.8
      vertex 132.483 180.975 26.4
    endloop
  endfacet
  facet normal -0.831109 0.55611 0
    outer loop
      vertex 132.483 180.975 37.8
      vertex 132.392 180.839 26.4
      vertex 132.392 180.839 37.8
    endloop
  endfacet
  facet normal 0 0 1
    outer loop
      vertex 132.639 181.763 26.4
      vertex 132.639 181.437 26.4
      vertex 132.65 181.6 26.4
    endloop
  endfacet
  facet normal 0 0 1
    outer loop
      vertex 132.607 181.924 26.4
      vertex 132.639 181.437 26.4
      vertex 132.639 181.763 26.4
    endloop
  endfacet
  facet normal 0 0 1
    outer loop
      vertex 132.607 181.924 26.4
      vertex 132.607 181.276 26.4
      vertex 132.639 181.437 26.4
    endloop
  endfacet
  facet normal 0 0 1
    outer loop
      vertex 132.555 182.078 26.4
      vertex 132.607 181.276 26.4
      vertex 132.607 181.924 26.4
    endloop
  endfacet
  facet normal 0 0 1
    outer loop
      vertex 132.555 182.078 26.4
      vertex 132.555 181.122 26.4
      vertex 132.607 181.276 26.4
    endloop
  endfacet
  facet normal 0 0 1
    outer loop
      vertex 132.483 182.225 26.4
      vertex 132.555 181.122 26.4
      vertex 132.555 182.078 26.4
    endloop
  endfacet
  facet normal 0 0 1
    outer loop
      vertex 132.483 182.225 26.4
      vertex 132.483 180.975 26.4
      vertex 132.555 181.122 26.4
    endloop
  endfacet
  facet normal 0 0 1
    outer loop
      vertex 132.392 182.361 26.4
      vertex 132.483 180.975 26.4
      vertex 132.483 182.225 26.4
    endloop
  endfacet
  facet normal 0 0 1
    outer loop
      vertex 132.392 182.361 26.4
      vertex 132.392 180.839 26.4
      vertex 132.483 180.975 26.4
    endloop
  endfacet
  facet normal 0 0 1
    outer loop
      vertex 132.284 182.484 26.4
      vertex 132.392 180.839 26.4
      vertex 132.392 182.361 26.4
    endloop
  endfacet
  facet normal 0 0 1
    outer loop
      vertex 132.284 182.484 26.4
      vertex 132.284 180.716 26.4
      vertex 132.392 180.839 26.4
    endloop
  endfacet
  facet normal 0 0 1
    outer loop
      vertex 132.161 182.592 26.4
      vertex 132.284 180.716 26.4
      vertex 132.284 182.484 26.4
    endloop
  endfacet
  facet normal 0 0 1
    outer loop
      vertex 132.161 182.592 26.4
      vertex 132.161 180.608 26.4
      vertex 132.284 180.716 26.4
    endloop
  endfacet
  facet normal 0 0 1
    outer loop
      vertex 132.025 182.683 26.4
      vertex 132.161 180.608 26.4
      vertex 132.161 182.592 26.4
    endloop
  endfacet
  facet normal 0 0 1
    outer loop
      vertex 132.025 182.683 26.4
      vertex 132.025 180.517 26.4
      vertex 132.161 180.608 26.4
    endloop
  endfacet
  facet normal 0 0 1
    outer loop
      vertex 131.878 182.755 26.4
      vertex 132.025 180.517 26.4
      vertex 132.025 182.683 26.4
    endloop
  endfacet
  facet normal 0 0 1
    outer loop
      vertex 131.878 182.755 26.4
      vertex 131.878 180.445 26.4
      vertex 132.025 180.517 26.4
    endloop
  endfacet
  facet normal 0 0 1
    outer loop
      vertex 131.724 182.807 26.4
      vertex 131.878 180.445 26.4
      vertex 131.878 182.755 26.4
    endloop
  endfacet
  facet normal 0 0 1
    outer loop
      vertex 131.724 182.807 26.4
      vertex 131.724 180.393 26.4
      vertex 131.878 180.445 26.4
    endloop
  endfacet
  facet normal 0 0 1
    outer loop
      vertex 131.563 182.839 26.4
      vertex 131.724 180.393 26.4
      vertex 131.724 182.807 26.4
    endloop
  endfacet
  facet normal 0 0 1
    outer loop
      vertex 131.563 182.839 26.4
      vertex 131.563 180.361 26.4
      vertex 131.724 180.393 26.4
    endloop
  endfacet
  facet normal 0 0 1
    outer loop
      vertex 131.4 182.85 26.4
      vertex 131.563 180.361 26.4
      vertex 131.563 182.839 26.4
    endloop
  endfacet
  facet normal 0 0 1
    outer loop
      vertex 131.4 182.85 26.4
      vertex 131.4 180.35 26.4
      vertex 131.563 180.361 26.4
    endloop
  endfacet
  facet normal -0 0 1
    outer loop
      vertex 131.237 182.839 26.4
      vertex 131.4 180.35 26.4
      vertex 131.4 182.85 26.4
    endloop
  endfacet
  facet normal 0 0 1
    outer loop
      vertex 131.237 182.839 26.4
      vertex 131.237 180.361 26.4
      vertex 131.4 180.35 26.4
    endloop
  endfacet
  facet normal -0 0 1
    outer loop
      vertex 131.076 182.807 26.4
      vertex 131.237 180.361 26.4
      vertex 131.237 182.839 26.4
    endloop
  endfacet
  facet normal 0 0 1
    outer loop
      vertex 131.076 182.807 26.4
      vertex 131.076 180.393 26.4
      vertex 131.237 180.361 26.4
    endloop
  endfacet
  facet normal -0 0 1
    outer loop
      vertex 130.922 182.755 26.4
      vertex 131.076 180.393 26.4
      vertex 131.076 182.807 26.4
    endloop
  endfacet
  facet normal 0 0 1
    outer loop
      vertex 130.922 182.755 26.4
      vertex 130.922 180.445 26.4
      vertex 131.076 180.393 26.4
    endloop
  endfacet
  facet normal -0 0 1
    outer loop
      vertex 130.775 182.683 26.4
      vertex 130.922 180.445 26.4
      vertex 130.922 182.755 26.4
    endloop
  endfacet
  facet normal 0 0 1
    outer loop
      vertex 130.775 182.683 26.4
      vertex 130.775 180.517 26.4
      vertex 130.922 180.445 26.4
    endloop
  endfacet
  facet normal -0 0 1
    outer loop
      vertex 130.639 182.592 26.4
      vertex 130.775 180.517 26.4
      vertex 130.775 182.683 26.4
    endloop
  endfacet
  facet normal 0 0 1
    outer loop
      vertex 130.639 182.592 26.4
      vertex 130.639 180.608 26.4
      vertex 130.775 180.517 26.4
    endloop
  endfacet
  facet normal -0 0 1
    outer loop
      vertex 130.516 182.484 26.4
      vertex 130.639 180.608 26.4
      vertex 130.639 182.592 26.4
    endloop
  endfacet
  facet normal 0 0 1
    outer loop
      vertex 130.516 182.484 26.4
      vertex 130.516 180.716 26.4
      vertex 130.639 180.608 26.4
    endloop
  endfacet
  facet normal -0 0 1
    outer loop
      vertex 130.408 182.361 26.4
      vertex 130.516 180.716 26.4
      vertex 130.516 182.484 26.4
    endloop
  endfacet
  facet normal 0 0 1
    outer loop
      vertex 130.408 182.361 26.4
      vertex 130.408 180.839 26.4
      vertex 130.516 180.716 26.4
    endloop
  endfacet
  facet normal -0 0 1
    outer loop
      vertex 130.317 182.225 26.4
      vertex 130.408 180.839 26.4
      vertex 130.408 182.361 26.4
    endloop
  endfacet
  facet normal 0 0 1
    outer loop
      vertex 130.317 182.225 26.4
      vertex 130.317 180.975 26.4
      vertex 130.408 180.839 26.4
    endloop
  endfacet
  facet normal -0 0 1
    outer loop
      vertex 130.245 182.078 26.4
      vertex 130.317 180.975 26.4
      vertex 130.317 182.225 26.4
    endloop
  endfacet
  facet normal 0 0 1
    outer loop
      vertex 130.245 182.078 26.4
      vertex 130.245 181.122 26.4
      vertex 130.317 180.975 26.4
    endloop
  endfacet
  facet normal -0 0 1
    outer loop
      vertex 130.193 181.924 26.4
      vertex 130.245 181.122 26.4
      vertex 130.245 182.078 26.4
    endloop
  endfacet
  facet normal 0 0 1
    outer loop
      vertex 130.193 181.924 26.4
      vertex 130.193 181.276 26.4
      vertex 130.245 181.122 26.4
    endloop
  endfacet
  facet normal -0 0 1
    outer loop
      vertex 130.161 181.763 26.4
      vertex 130.193 181.276 26.4
      vertex 130.193 181.924 26.4
    endloop
  endfacet
  facet normal 0 0 1
    outer loop
      vertex 130.161 181.763 26.4
      vertex 130.161 181.437 26.4
      vertex 130.193 181.276 26.4
    endloop
  endfacet
  facet normal 0 -0 1
    outer loop
      vertex 130.161 181.437 26.4
      vertex 130.161 181.763 26.4
      vertex 130.15 181.6 26.4
    endloop
  endfacet
  facet normal 0.75144 -0.659801 0
    outer loop
      vertex 130.408 182.361 37.8
      vertex 130.516 182.484 26.4
      vertex 130.516 182.484 37.8
    endloop
  endfacet
  facet normal 0.75144 -0.659801 0
    outer loop
      vertex 130.516 182.484 26.4
      vertex 130.408 182.361 37.8
      vertex 130.408 182.361 26.4
    endloop
  endfacet
  facet normal -0.0673315 -0.997731 0
    outer loop
      vertex 131.4 182.85 26.4
      vertex 131.563 182.839 37.8
      vertex 131.4 182.85 37.8
    endloop
  endfacet
  facet normal -0.0673315 -0.997731 -0
    outer loop
      vertex 131.563 182.839 37.8
      vertex 131.4 182.85 26.4
      vertex 131.563 182.839 26.4
    endloop
  endfacet
  facet normal -0.55611 -0.831109 0
    outer loop
      vertex 132.025 182.683 26.4
      vertex 132.161 182.592 37.8
      vertex 132.025 182.683 37.8
    endloop
  endfacet
  facet normal -0.55611 -0.831109 -0
    outer loop
      vertex 132.161 182.592 37.8
      vertex 132.025 182.683 26.4
      vertex 132.161 182.592 26.4
    endloop
  endfacet
  facet normal 0.439867 0.898063 -0
    outer loop
      vertex 130.922 180.445 26.4
      vertex 130.775 180.517 37.8
      vertex 130.922 180.445 37.8
    endloop
  endfacet
  facet normal 0.439867 0.898063 0
    outer loop
      vertex 130.775 180.517 37.8
      vertex 130.922 180.445 26.4
      vertex 130.775 180.517 26.4
    endloop
  endfacet
  facet normal 0.831109 0.55611 0
    outer loop
      vertex 130.408 180.839 37.8
      vertex 130.317 180.975 26.4
      vertex 130.317 180.975 37.8
    endloop
  endfacet
  facet normal 0.831109 0.55611 0
    outer loop
      vertex 130.317 180.975 26.4
      vertex 130.408 180.839 37.8
      vertex 130.408 180.839 26.4
    endloop
  endfacet
  facet normal 0.980814 0.194944 0
    outer loop
      vertex 130.193 181.276 37.8
      vertex 130.161 181.437 26.4
      vertex 130.161 181.437 37.8
    endloop
  endfacet
  facet normal 0.980814 0.194944 0
    outer loop
      vertex 130.161 181.437 26.4
      vertex 130.193 181.276 37.8
      vertex 130.193 181.276 26.4
    endloop
  endfacet
  facet normal 0.194944 0.980814 -0
    outer loop
      vertex 131.237 180.361 26.4
      vertex 131.076 180.393 37.8
      vertex 131.237 180.361 37.8
    endloop
  endfacet
  facet normal 0.194944 0.980814 0
    outer loop
      vertex 131.076 180.393 37.8
      vertex 131.237 180.361 26.4
      vertex 131.076 180.393 26.4
    endloop
  endfacet
  facet normal 0.659801 0.75144 -0
    outer loop
      vertex 130.639 180.608 26.4
      vertex 130.516 180.716 37.8
      vertex 130.639 180.608 37.8
    endloop
  endfacet
  facet normal 0.659801 0.75144 0
    outer loop
      vertex 130.516 180.716 37.8
      vertex 130.639 180.608 26.4
      vertex 130.516 180.716 26.4
    endloop
  endfacet
  facet normal 0.898063 -0.439867 0
    outer loop
      vertex 130.245 182.078 37.8
      vertex 130.317 182.225 26.4
      vertex 130.317 182.225 37.8
    endloop
  endfacet
  facet normal 0.898063 -0.439867 0
    outer loop
      vertex 130.317 182.225 26.4
      vertex 130.245 182.078 37.8
      vertex 130.245 182.078 26.4
    endloop
  endfacet
  facet normal 0.997731 0.0673315 0
    outer loop
      vertex 130.161 181.437 37.8
      vertex 130.15 181.6 26.4
      vertex 130.15 181.6 37.8
    endloop
  endfacet
  facet normal 0.997731 0.0673315 0
    outer loop
      vertex 130.15 181.6 26.4
      vertex 130.161 181.437 37.8
      vertex 130.161 181.437 26.4
    endloop
  endfacet
  facet normal -0.55611 0.831109 0
    outer loop
      vertex 132.161 180.608 26.4
      vertex 132.025 180.517 37.8
      vertex 132.161 180.608 37.8
    endloop
  endfacet
  facet normal -0.55611 0.831109 0
    outer loop
      vertex 132.025 180.517 37.8
      vertex 132.161 180.608 26.4
      vertex 132.025 180.517 26.4
    endloop
  endfacet
  facet normal 0.997731 -0.0673315 0
    outer loop
      vertex 130.15 181.6 37.8
      vertex 130.161 181.763 26.4
      vertex 130.161 181.763 37.8
    endloop
  endfacet
  facet normal 0.997731 -0.0673315 0
    outer loop
      vertex 130.161 181.763 26.4
      vertex 130.15 181.6 37.8
      vertex 130.15 181.6 26.4
    endloop
  endfacet
  facet normal 0.55611 0.831109 -0
    outer loop
      vertex 130.775 180.517 26.4
      vertex 130.639 180.608 37.8
      vertex 130.775 180.517 37.8
    endloop
  endfacet
  facet normal 0.55611 0.831109 0
    outer loop
      vertex 130.639 180.608 37.8
      vertex 130.775 180.517 26.4
      vertex 130.639 180.608 26.4
    endloop
  endfacet
  facet normal 0.638528 -0.319264 0.700252
    outer loop
      vertex 129.699 182.302 38.4
      vertex 130.245 182.078 37.8
      vertex 129.7 182.304 38.4
    endloop
  endfacet
  facet normal 0.676133 -0.228305 0.700515
    outer loop
      vertex 130.245 182.078 37.8
      vertex 129.699 182.302 38.4
      vertex 130.193 181.924 37.8
    endloop
  endfacet
  facet normal 0.227514 -0.676555 0.700364
    outer loop
      vertex 131.076 182.807 37.8
      vertex 130.924 183.377 38.4
      vertex 130.698 183.301 38.4
    endloop
  endfacet
  facet normal 0.139083 -0.69976 0.700709
    outer loop
      vertex 130.926 183.378 38.4
      vertex 131.076 182.807 37.8
      vertex 131.237 182.839 37.8
    endloop
  endfacet
  facet normal 0.322131 -0.644262 0.693656
    outer loop
      vertex 131.076 182.807 37.8
      vertex 130.926 183.378 38.4
      vertex 130.924 183.377 38.4
    endloop
  endfacet
  facet normal 0.644262 -0.322131 0.693656
    outer loop
      vertex 129.622 182.074 38.4
      vertex 130.193 181.924 37.8
      vertex 129.623 182.076 38.4
    endloop
  endfacet
  facet normal 0.69976 -0.139083 0.700709
    outer loop
      vertex 130.193 181.924 37.8
      vertex 129.622 182.074 38.4
      vertex 130.161 181.763 37.8
    endloop
  endfacet
  facet normal -0.712305 -0.0448932 0.700433
    outer loop
      vertex 133.24 181.6 38.4
      vertex 133.225 181.838 38.4
      vertex 132.65 181.6 37.8
    endloop
  endfacet
  facet normal -0.65514 -0.32757 0.6808
    outer loop
      vertex 132.639 181.763 37.8
      vertex 133.225 181.838 38.4
      vertex 133.224 181.84 38.4
    endloop
  endfacet
  facet normal -0.711572 -0.0480202 0.700971
    outer loop
      vertex 133.225 181.838 38.4
      vertex 132.639 181.763 37.8
      vertex 132.65 181.6 37.8
    endloop
  endfacet
  facet normal -0.227514 -0.676555 0.700364
    outer loop
      vertex 132.102 183.301 38.4
      vertex 131.876 183.377 38.4
      vertex 131.724 182.807 37.8
    endloop
  endfacet
  facet normal -0.592541 0.39802 0.70034
    outer loop
      vertex 132.861 180.482 38.4
      vertex 132.994 180.68 38.4
      vertex 132.483 180.975 37.8
    endloop
  endfacet
  facet normal -0.536733 0.470766 0.700212
    outer loop
      vertex 132.701 180.299 38.4
      vertex 132.858 180.478 38.4
      vertex 132.284 180.716 37.8
    endloop
  endfacet
  facet normal -0.711572 0.0480202 0.700971
    outer loop
      vertex 132.639 181.437 37.8
      vertex 133.225 181.362 38.4
      vertex 132.65 181.6 37.8
    endloop
  endfacet
  facet normal -0.65514 0.32757 0.6808
    outer loop
      vertex 133.225 181.362 38.4
      vertex 132.639 181.437 37.8
      vertex 133.224 181.36 38.4
    endloop
  endfacet
  facet normal 0.592541 0.39802 0.70034
    outer loop
      vertex 129.939 180.482 38.4
      vertex 130.317 180.975 37.8
      vertex 129.806 180.68 38.4
    endloop
  endfacet
  facet normal -0.227514 0.676555 0.700364
    outer loop
      vertex 131.876 179.823 38.4
      vertex 132.102 179.899 38.4
      vertex 131.724 180.393 37.8
    endloop
  endfacet
  facet normal -0.506382 0.506382 0.697964
    outer loop
      vertex 132.392 180.839 37.8
      vertex 132.858 180.478 38.4
      vertex 132.86 180.48 38.4
    endloop
  endfacet
  facet normal -0.536528 0.471097 0.700147
    outer loop
      vertex 132.858 180.478 38.4
      vertex 132.392 180.839 37.8
      vertex 132.284 180.716 37.8
    endloop
  endfacet
  facet normal -0.471097 0.536528 0.700147
    outer loop
      vertex 132.161 180.608 37.8
      vertex 132.522 180.142 38.4
      vertex 132.284 180.716 37.8
    endloop
  endfacet
  facet normal -0.506382 0.506382 0.697964
    outer loop
      vertex 132.522 180.142 38.4
      vertex 132.161 180.608 37.8
      vertex 132.52 180.14 38.4
    endloop
  endfacet
  facet normal 0.536733 0.470766 0.700212
    outer loop
      vertex 130.099 180.299 38.4
      vertex 130.516 180.716 37.8
      vertex 129.942 180.478 38.4
    endloop
  endfacet
  facet normal -0.470766 0.536733 0.700212
    outer loop
      vertex 132.522 180.142 38.4
      vertex 132.701 180.299 38.4
      vertex 132.284 180.716 37.8
    endloop
  endfacet
  facet normal -0.59343 0.397074 0.700124
    outer loop
      vertex 132.392 180.839 37.8
      vertex 132.861 180.482 38.4
      vertex 132.483 180.975 37.8
    endloop
  endfacet
  facet normal -0.643543 0.321771 0.69449
    outer loop
      vertex 132.861 180.482 38.4
      vertex 132.392 180.839 37.8
      vertex 132.86 180.48 38.4
    endloop
  endfacet
  facet normal -0.700295 0.137665 0.700454
    outer loop
      vertex 133.178 181.126 38.4
      vertex 133.224 181.36 38.4
      vertex 132.639 181.437 37.8
    endloop
  endfacet
  facet normal 0.676133 0.228305 0.700515
    outer loop
      vertex 129.699 180.898 38.4
      vertex 130.245 181.122 37.8
      vertex 130.193 181.276 37.8
    endloop
  endfacet
  facet normal 0.638528 0.319264 0.700252
    outer loop
      vertex 130.245 181.122 37.8
      vertex 129.699 180.898 38.4
      vertex 129.7 180.896 38.4
    endloop
  endfacet
  facet normal -0.322131 0.644262 0.693656
    outer loop
      vertex 131.724 180.393 37.8
      vertex 131.874 179.822 38.4
      vertex 131.876 179.823 38.4
    endloop
  endfacet
  facet normal -0.139083 0.69976 0.700709
    outer loop
      vertex 131.874 179.822 38.4
      vertex 131.724 180.393 37.8
      vertex 131.563 180.361 37.8
    endloop
  endfacet
  facet normal -0.0480202 -0.711572 0.700971
    outer loop
      vertex 131.563 182.839 37.8
      vertex 131.638 183.425 38.4
      vertex 131.4 182.85 37.8
    endloop
  endfacet
  facet normal -0.32757 -0.65514 0.6808
    outer loop
      vertex 131.638 183.425 38.4
      vertex 131.563 182.839 37.8
      vertex 131.64 183.424 38.4
    endloop
  endfacet
  facet normal -0.321771 0.643543 0.69449
    outer loop
      vertex 132.161 180.608 37.8
      vertex 132.518 180.139 38.4
      vertex 132.52 180.14 38.4
    endloop
  endfacet
  facet normal -0.397074 0.59343 0.700124
    outer loop
      vertex 132.518 180.139 38.4
      vertex 132.161 180.608 37.8
      vertex 132.025 180.517 37.8
    endloop
  endfacet
  facet normal 0.712305 -0.0448932 0.700433
    outer loop
      vertex 130.15 181.6 37.8
      vertex 129.575 181.838 38.4
      vertex 129.56 181.6 38.4
    endloop
  endfacet
  facet normal -0.676133 0.228305 0.700515
    outer loop
      vertex 132.555 181.122 37.8
      vertex 133.101 180.898 38.4
      vertex 132.607 181.276 37.8
    endloop
  endfacet
  facet normal -0.638528 0.319264 0.700252
    outer loop
      vertex 133.101 180.898 38.4
      vertex 132.555 181.122 37.8
      vertex 133.1 180.896 38.4
    endloop
  endfacet
  facet normal -0.322131 -0.644262 0.693656
    outer loop
      vertex 131.874 183.378 38.4
      vertex 131.724 182.807 37.8
      vertex 131.876 183.377 38.4
    endloop
  endfacet
  facet normal -0.139083 -0.69976 0.700709
    outer loop
      vertex 131.724 182.807 37.8
      vertex 131.874 183.378 38.4
      vertex 131.563 182.839 37.8
    endloop
  endfacet
  facet normal -0.592541 -0.39802 0.70034
    outer loop
      vertex 132.994 182.52 38.4
      vertex 132.861 182.718 38.4
      vertex 132.483 182.225 37.8
    endloop
  endfacet
  facet normal 0.0448932 0.712305 0.700433
    outer loop
      vertex 131.4 179.76 38.4
      vertex 131.4 180.35 37.8
      vertex 131.162 179.775 38.4
    endloop
  endfacet
  facet normal 0.137665 0.700295 0.700454
    outer loop
      vertex 131.16 179.776 38.4
      vertex 131.237 180.361 37.8
      vertex 130.926 179.822 38.4
    endloop
  endfacet
  facet normal -0.67728 0.22576 0.700232
    outer loop
      vertex 132.555 181.122 37.8
      vertex 133.099 180.893 38.4
      vertex 133.1 180.896 38.4
    endloop
  endfacet
  facet normal -0.640727 0.313825 0.700702
    outer loop
      vertex 133.099 180.893 38.4
      vertex 132.555 181.122 37.8
      vertex 132.483 180.975 37.8
    endloop
  endfacet
  facet normal 0.0480202 0.711572 0.700971
    outer loop
      vertex 131.237 180.361 37.8
      vertex 131.162 179.775 38.4
      vertex 131.4 180.35 37.8
    endloop
  endfacet
  facet normal 0.32757 0.65514 0.6808
    outer loop
      vertex 131.162 179.775 38.4
      vertex 131.237 180.361 37.8
      vertex 131.16 179.776 38.4
    endloop
  endfacet
  facet normal -0.0448932 0.712305 0.700433
    outer loop
      vertex 131.638 179.775 38.4
      vertex 131.4 180.35 37.8
      vertex 131.4 179.76 38.4
    endloop
  endfacet
  facet normal 0.536528 -0.471097 0.700147
    outer loop
      vertex 129.942 182.722 38.4
      vertex 130.408 182.361 37.8
      vertex 130.516 182.484 37.8
    endloop
  endfacet
  facet normal 0.506382 -0.506382 0.697964
    outer loop
      vertex 130.408 182.361 37.8
      vertex 129.942 182.722 38.4
      vertex 129.94 182.72 38.4
    endloop
  endfacet
  facet normal 0.676555 -0.227514 0.700364
    outer loop
      vertex 130.193 181.924 37.8
      vertex 129.699 182.302 38.4
      vertex 129.623 182.076 38.4
    endloop
  endfacet
  facet normal -0.676555 0.227514 0.700364
    outer loop
      vertex 133.101 180.898 38.4
      vertex 133.177 181.124 38.4
      vertex 132.607 181.276 37.8
    endloop
  endfacet
  facet normal -0.712305 0.0448932 0.700433
    outer loop
      vertex 133.225 181.362 38.4
      vertex 133.24 181.6 38.4
      vertex 132.65 181.6 37.8
    endloop
  endfacet
  facet normal -0.470766 -0.536733 0.700212
    outer loop
      vertex 132.701 182.901 38.4
      vertex 132.522 183.058 38.4
      vertex 132.284 182.484 37.8
    endloop
  endfacet
  facet normal -0.319264 0.638528 0.700252
    outer loop
      vertex 131.878 180.445 37.8
      vertex 132.102 179.899 38.4
      vertex 132.104 179.9 38.4
    endloop
  endfacet
  facet normal -0.228305 0.676133 0.700515
    outer loop
      vertex 132.102 179.899 38.4
      vertex 131.878 180.445 37.8
      vertex 131.724 180.393 37.8
    endloop
  endfacet
  facet normal 0.59343 0.397074 0.700124
    outer loop
      vertex 129.939 180.482 38.4
      vertex 130.408 180.839 37.8
      vertex 130.317 180.975 37.8
    endloop
  endfacet
  facet normal 0.643543 0.321771 0.69449
    outer loop
      vertex 130.408 180.839 37.8
      vertex 129.939 180.482 38.4
      vertex 129.94 180.48 38.4
    endloop
  endfacet
  facet normal -0.313825 0.640727 0.700702
    outer loop
      vertex 131.878 180.445 37.8
      vertex 132.107 179.901 38.4
      vertex 132.025 180.517 37.8
    endloop
  endfacet
  facet normal -0.22576 0.67728 0.700232
    outer loop
      vertex 132.107 179.901 38.4
      vertex 131.878 180.445 37.8
      vertex 132.104 179.9 38.4
    endloop
  endfacet
  facet normal 0.700295 0.137665 0.700454
    outer loop
      vertex 129.622 181.126 38.4
      vertex 130.161 181.437 37.8
      vertex 129.576 181.36 38.4
    endloop
  endfacet
  facet normal -0.315589 0.640194 0.700396
    outer loop
      vertex 132.107 179.901 38.4
      vertex 132.32 180.006 38.4
      vertex 132.025 180.517 37.8
    endloop
  endfacet
  facet normal -0.39802 0.592541 0.70034
    outer loop
      vertex 132.32 180.006 38.4
      vertex 132.518 180.139 38.4
      vertex 132.025 180.517 37.8
    endloop
  endfacet
  facet normal 0.643543 -0.321771 0.69449
    outer loop
      vertex 129.939 182.718 38.4
      vertex 130.408 182.361 37.8
      vertex 129.94 182.72 38.4
    endloop
  endfacet
  facet normal 0.59343 -0.397074 0.700124
    outer loop
      vertex 130.408 182.361 37.8
      vertex 129.939 182.718 38.4
      vertex 130.317 182.225 37.8
    endloop
  endfacet
  facet normal -0.321771 -0.643543 0.69449
    outer loop
      vertex 132.518 183.061 38.4
      vertex 132.161 182.592 37.8
      vertex 132.52 183.06 38.4
    endloop
  endfacet
  facet normal -0.397074 -0.59343 0.700124
    outer loop
      vertex 132.161 182.592 37.8
      vertex 132.518 183.061 38.4
      vertex 132.025 182.683 37.8
    endloop
  endfacet
  facet normal -0.69976 0.139083 0.700709
    outer loop
      vertex 132.607 181.276 37.8
      vertex 133.178 181.126 38.4
      vertex 132.639 181.437 37.8
    endloop
  endfacet
  facet normal -0.644262 0.322131 0.693656
    outer loop
      vertex 133.178 181.126 38.4
      vertex 132.607 181.276 37.8
      vertex 133.177 181.124 38.4
    endloop
  endfacet
  facet normal 0.536733 -0.470766 0.700212
    outer loop
      vertex 130.516 182.484 37.8
      vertex 130.099 182.901 38.4
      vertex 129.942 182.722 38.4
    endloop
  endfacet
  facet normal 0.536528 0.471097 0.700147
    outer loop
      vertex 130.408 180.839 37.8
      vertex 129.942 180.478 38.4
      vertex 130.516 180.716 37.8
    endloop
  endfacet
  facet normal 0.506382 0.506382 0.697964
    outer loop
      vertex 129.942 180.478 38.4
      vertex 130.408 180.839 37.8
      vertex 129.94 180.48 38.4
    endloop
  endfacet
  facet normal 0.315589 -0.640194 0.700396
    outer loop
      vertex 130.775 182.683 37.8
      vertex 130.693 183.299 38.4
      vertex 130.48 183.194 38.4
    endloop
  endfacet
  facet normal -0.643543 -0.321771 0.69449
    outer loop
      vertex 132.392 182.361 37.8
      vertex 132.861 182.718 38.4
      vertex 132.86 182.72 38.4
    endloop
  endfacet
  facet normal -0.59343 -0.397074 0.700124
    outer loop
      vertex 132.861 182.718 38.4
      vertex 132.392 182.361 37.8
      vertex 132.483 182.225 37.8
    endloop
  endfacet
  facet normal -0.22576 -0.67728 0.700232
    outer loop
      vertex 131.878 182.755 37.8
      vertex 132.107 183.299 38.4
      vertex 132.104 183.3 38.4
    endloop
  endfacet
  facet normal -0.313825 -0.640727 0.700702
    outer loop
      vertex 132.107 183.299 38.4
      vertex 131.878 182.755 37.8
      vertex 132.025 182.683 37.8
    endloop
  endfacet
  facet normal -0.640194 0.315589 0.700396
    outer loop
      vertex 132.994 180.68 38.4
      vertex 133.099 180.893 38.4
      vertex 132.483 180.975 37.8
    endloop
  endfacet
  facet normal 0.640194 -0.315589 0.700396
    outer loop
      vertex 130.317 182.225 37.8
      vertex 129.806 182.52 38.4
      vertex 129.701 182.307 38.4
    endloop
  endfacet
  facet normal 0.676555 0.227514 0.700364
    outer loop
      vertex 129.699 180.898 38.4
      vertex 130.193 181.276 37.8
      vertex 129.623 181.124 38.4
    endloop
  endfacet
  facet normal 0.69976 0.139083 0.700709
    outer loop
      vertex 129.622 181.126 38.4
      vertex 130.193 181.276 37.8
      vertex 130.161 181.437 37.8
    endloop
  endfacet
  facet normal 0.644262 0.322131 0.693656
    outer loop
      vertex 130.193 181.276 37.8
      vertex 129.622 181.126 38.4
      vertex 129.623 181.124 38.4
    endloop
  endfacet
  facet normal -0.137665 0.700295 0.700454
    outer loop
      vertex 131.64 179.776 38.4
      vertex 131.874 179.822 38.4
      vertex 131.563 180.361 37.8
    endloop
  endfacet
  facet normal -0.32757 0.65514 0.6808
    outer loop
      vertex 131.563 180.361 37.8
      vertex 131.638 179.775 38.4
      vertex 131.64 179.776 38.4
    endloop
  endfacet
  facet normal -0.0480202 0.711572 0.700971
    outer loop
      vertex 131.638 179.775 38.4
      vertex 131.563 180.361 37.8
      vertex 131.4 180.35 37.8
    endloop
  endfacet
  facet normal 0.471097 0.536528 0.700147
    outer loop
      vertex 130.278 180.142 38.4
      vertex 130.639 180.608 37.8
      vertex 130.516 180.716 37.8
    endloop
  endfacet
  facet normal 0.506382 0.506382 0.697964
    outer loop
      vertex 130.639 180.608 37.8
      vertex 130.278 180.142 38.4
      vertex 130.28 180.14 38.4
    endloop
  endfacet
  facet normal 0.470766 0.536733 0.700212
    outer loop
      vertex 130.278 180.142 38.4
      vertex 130.516 180.716 37.8
      vertex 130.099 180.299 38.4
    endloop
  endfacet
  facet normal 0.397074 -0.59343 0.700124
    outer loop
      vertex 130.282 183.061 38.4
      vertex 130.639 182.592 37.8
      vertex 130.775 182.683 37.8
    endloop
  endfacet
  facet normal 0.321771 -0.643543 0.69449
    outer loop
      vertex 130.639 182.592 37.8
      vertex 130.282 183.061 38.4
      vertex 130.28 183.06 38.4
    endloop
  endfacet
  facet normal 0.65514 -0.32757 0.6808
    outer loop
      vertex 129.575 181.838 38.4
      vertex 130.161 181.763 37.8
      vertex 129.576 181.84 38.4
    endloop
  endfacet
  facet normal 0.711572 -0.0480202 0.700971
    outer loop
      vertex 130.161 181.763 37.8
      vertex 129.575 181.838 38.4
      vertex 130.15 181.6 37.8
    endloop
  endfacet
  facet normal -0.506382 -0.506382 0.697964
    outer loop
      vertex 132.858 182.722 38.4
      vertex 132.392 182.361 37.8
      vertex 132.86 182.72 38.4
    endloop
  endfacet
  facet normal -0.536528 -0.471097 0.700147
    outer loop
      vertex 132.392 182.361 37.8
      vertex 132.858 182.722 38.4
      vertex 132.284 182.484 37.8
    endloop
  endfacet
  facet normal 0.700295 -0.137665 0.700454
    outer loop
      vertex 130.161 181.763 37.8
      vertex 129.622 182.074 38.4
      vertex 129.576 181.84 38.4
    endloop
  endfacet
  facet normal 0.137665 -0.700295 0.700454
    outer loop
      vertex 131.237 182.839 37.8
      vertex 131.16 183.424 38.4
      vertex 130.926 183.378 38.4
    endloop
  endfacet
  facet normal 0.711572 0.0480202 0.700971
    outer loop
      vertex 129.575 181.362 38.4
      vertex 130.161 181.437 37.8
      vertex 130.15 181.6 37.8
    endloop
  endfacet
  facet normal 0.65514 0.32757 0.6808
    outer loop
      vertex 130.161 181.437 37.8
      vertex 129.575 181.362 38.4
      vertex 129.576 181.36 38.4
    endloop
  endfacet
  facet normal -0.640194 -0.315589 0.700396
    outer loop
      vertex 133.099 182.307 38.4
      vertex 132.994 182.52 38.4
      vertex 132.483 182.225 37.8
    endloop
  endfacet
  facet normal -0.39802 -0.592541 0.70034
    outer loop
      vertex 132.518 183.061 38.4
      vertex 132.32 183.194 38.4
      vertex 132.025 182.683 37.8
    endloop
  endfacet
  facet normal -0.67728 -0.22576 0.700232
    outer loop
      vertex 133.099 182.307 38.4
      vertex 132.555 182.078 37.8
      vertex 133.1 182.304 38.4
    endloop
  endfacet
  facet normal -0.640727 -0.313825 0.700702
    outer loop
      vertex 132.555 182.078 37.8
      vertex 133.099 182.307 38.4
      vertex 132.483 182.225 37.8
    endloop
  endfacet
  facet normal 0.228305 0.676133 0.700515
    outer loop
      vertex 130.922 180.445 37.8
      vertex 130.698 179.899 38.4
      vertex 131.076 180.393 37.8
    endloop
  endfacet
  facet normal 0.319264 0.638528 0.700252
    outer loop
      vertex 130.698 179.899 38.4
      vertex 130.922 180.445 37.8
      vertex 130.696 179.9 38.4
    endloop
  endfacet
  facet normal 0.640727 0.313825 0.700702
    outer loop
      vertex 130.245 181.122 37.8
      vertex 129.701 180.893 38.4
      vertex 130.317 180.975 37.8
    endloop
  endfacet
  facet normal 0.67728 0.22576 0.700232
    outer loop
      vertex 129.701 180.893 38.4
      vertex 130.245 181.122 37.8
      vertex 129.7 180.896 38.4
    endloop
  endfacet
  facet normal 0.640194 0.315589 0.700396
    outer loop
      vertex 129.806 180.68 38.4
      vertex 130.317 180.975 37.8
      vertex 129.701 180.893 38.4
    endloop
  endfacet
  facet normal -0.536733 -0.470766 0.700212
    outer loop
      vertex 132.858 182.722 38.4
      vertex 132.701 182.901 38.4
      vertex 132.284 182.484 37.8
    endloop
  endfacet
  facet normal -0.315589 -0.640194 0.700396
    outer loop
      vertex 132.32 183.194 38.4
      vertex 132.107 183.299 38.4
      vertex 132.025 182.683 37.8
    endloop
  endfacet
  facet normal -0.506382 -0.506382 0.697964
    outer loop
      vertex 132.161 182.592 37.8
      vertex 132.522 183.058 38.4
      vertex 132.52 183.06 38.4
    endloop
  endfacet
  facet normal -0.471097 -0.536528 0.700147
    outer loop
      vertex 132.522 183.058 38.4
      vertex 132.161 182.592 37.8
      vertex 132.284 182.484 37.8
    endloop
  endfacet
  facet normal 0.139083 0.69976 0.700709
    outer loop
      vertex 131.076 180.393 37.8
      vertex 130.926 179.822 38.4
      vertex 131.237 180.361 37.8
    endloop
  endfacet
  facet normal 0.322131 0.644262 0.693656
    outer loop
      vertex 130.926 179.822 38.4
      vertex 131.076 180.393 37.8
      vertex 130.924 179.823 38.4
    endloop
  endfacet
  facet normal 0.39802 -0.592541 0.70034
    outer loop
      vertex 130.775 182.683 37.8
      vertex 130.48 183.194 38.4
      vertex 130.282 183.061 38.4
    endloop
  endfacet
  facet normal 0.712305 0.0448932 0.700433
    outer loop
      vertex 129.575 181.362 38.4
      vertex 130.15 181.6 37.8
      vertex 129.56 181.6 38.4
    endloop
  endfacet
  facet normal 0.592541 -0.39802 0.70034
    outer loop
      vertex 130.317 182.225 37.8
      vertex 129.939 182.718 38.4
      vertex 129.806 182.52 38.4
    endloop
  endfacet
  facet normal 0.313825 0.640727 0.700702
    outer loop
      vertex 130.693 179.901 38.4
      vertex 130.922 180.445 37.8
      vertex 130.775 180.517 37.8
    endloop
  endfacet
  facet normal 0.22576 0.67728 0.700232
    outer loop
      vertex 130.922 180.445 37.8
      vertex 130.693 179.901 38.4
      vertex 130.696 179.9 38.4
    endloop
  endfacet
  facet normal 0.227514 0.676555 0.700364
    outer loop
      vertex 130.924 179.823 38.4
      vertex 131.076 180.393 37.8
      vertex 130.698 179.899 38.4
    endloop
  endfacet
  facet normal 0.0448932 -0.712305 0.700433
    outer loop
      vertex 131.4 182.85 37.8
      vertex 131.4 183.44 38.4
      vertex 131.162 183.425 38.4
    endloop
  endfacet
  facet normal 0.470766 -0.536733 0.700212
    outer loop
      vertex 130.516 182.484 37.8
      vertex 130.278 183.058 38.4
      vertex 130.099 182.901 38.4
    endloop
  endfacet
  facet normal -0.0448932 -0.712305 0.700433
    outer loop
      vertex 131.638 183.425 38.4
      vertex 131.4 183.44 38.4
      vertex 131.4 182.85 37.8
    endloop
  endfacet
  facet normal 0.315589 0.640194 0.700396
    outer loop
      vertex 130.693 179.901 38.4
      vertex 130.775 180.517 37.8
      vertex 130.48 180.006 38.4
    endloop
  endfacet
  facet normal 0.39802 0.592541 0.70034
    outer loop
      vertex 130.48 180.006 38.4
      vertex 130.775 180.517 37.8
      vertex 130.282 180.139 38.4
    endloop
  endfacet
  facet normal 0.397074 0.59343 0.700124
    outer loop
      vertex 130.639 180.608 37.8
      vertex 130.282 180.139 38.4
      vertex 130.775 180.517 37.8
    endloop
  endfacet
  facet normal 0.321771 0.643543 0.69449
    outer loop
      vertex 130.282 180.139 38.4
      vertex 130.639 180.608 37.8
      vertex 130.28 180.14 38.4
    endloop
  endfacet
  facet normal 0.506382 -0.506382 0.697964
    outer loop
      vertex 130.278 183.058 38.4
      vertex 130.639 182.592 37.8
      vertex 130.28 183.06 38.4
    endloop
  endfacet
  facet normal 0.471097 -0.536528 0.700147
    outer loop
      vertex 130.639 182.592 37.8
      vertex 130.278 183.058 38.4
      vertex 130.516 182.484 37.8
    endloop
  endfacet
  facet normal -0.319264 -0.638528 0.700252
    outer loop
      vertex 132.102 183.301 38.4
      vertex 131.878 182.755 37.8
      vertex 132.104 183.3 38.4
    endloop
  endfacet
  facet normal -0.228305 -0.676133 0.700515
    outer loop
      vertex 131.878 182.755 37.8
      vertex 132.102 183.301 38.4
      vertex 131.724 182.807 37.8
    endloop
  endfacet
  facet normal 0.640727 -0.313825 0.700702
    outer loop
      vertex 129.701 182.307 38.4
      vertex 130.245 182.078 37.8
      vertex 130.317 182.225 37.8
    endloop
  endfacet
  facet normal 0.67728 -0.22576 0.700232
    outer loop
      vertex 130.245 182.078 37.8
      vertex 129.701 182.307 38.4
      vertex 129.7 182.304 38.4
    endloop
  endfacet
  facet normal 0.228305 -0.676133 0.700515
    outer loop
      vertex 130.698 183.301 38.4
      vertex 130.922 182.755 37.8
      vertex 131.076 182.807 37.8
    endloop
  endfacet
  facet normal 0.319264 -0.638528 0.700252
    outer loop
      vertex 130.922 182.755 37.8
      vertex 130.698 183.301 38.4
      vertex 130.696 183.3 38.4
    endloop
  endfacet
  facet normal 0.22576 -0.67728 0.700232
    outer loop
      vertex 130.693 183.299 38.4
      vertex 130.922 182.755 37.8
      vertex 130.696 183.3 38.4
    endloop
  endfacet
  facet normal 0.313825 -0.640727 0.700702
    outer loop
      vertex 130.922 182.755 37.8
      vertex 130.693 183.299 38.4
      vertex 130.775 182.683 37.8
    endloop
  endfacet
  facet normal -0.644262 -0.322131 0.693656
    outer loop
      vertex 132.607 181.924 37.8
      vertex 133.178 182.074 38.4
      vertex 133.177 182.076 38.4
    endloop
  endfacet
  facet normal -0.69976 -0.139083 0.700709
    outer loop
      vertex 133.178 182.074 38.4
      vertex 132.607 181.924 37.8
      vertex 132.639 181.763 37.8
    endloop
  endfacet
  facet normal -0.676555 -0.227514 0.700364
    outer loop
      vertex 133.177 182.076 38.4
      vertex 133.101 182.302 38.4
      vertex 132.607 181.924 37.8
    endloop
  endfacet
  facet normal -0.137665 -0.700295 0.700454
    outer loop
      vertex 131.874 183.378 38.4
      vertex 131.64 183.424 38.4
      vertex 131.563 182.839 37.8
    endloop
  endfacet
  facet normal 0.32757 -0.65514 0.6808
    outer loop
      vertex 131.237 182.839 37.8
      vertex 131.162 183.425 38.4
      vertex 131.16 183.424 38.4
    endloop
  endfacet
  facet normal 0.0480202 -0.711572 0.700971
    outer loop
      vertex 131.162 183.425 38.4
      vertex 131.237 182.839 37.8
      vertex 131.4 182.85 37.8
    endloop
  endfacet
  facet normal -0.638528 -0.319264 0.700252
    outer loop
      vertex 132.555 182.078 37.8
      vertex 133.101 182.302 38.4
      vertex 133.1 182.304 38.4
    endloop
  endfacet
  facet normal -0.676133 -0.228305 0.700515
    outer loop
      vertex 133.101 182.302 38.4
      vertex 132.555 182.078 37.8
      vertex 132.607 181.924 37.8
    endloop
  endfacet
  facet normal -0.700295 -0.137665 0.700454
    outer loop
      vertex 133.224 181.84 38.4
      vertex 133.178 182.074 38.4
      vertex 132.639 181.763 37.8
    endloop
  endfacet
  facet normal -1 0 0
    outer loop
      vertex 35.5 133.5 0
      vertex 35.5 162.5 3.5
      vertex 35.5 162.5 0
    endloop
  endfacet
  facet normal -1 -0 0
    outer loop
      vertex 35.5 162.5 3.5
      vertex 35.5 133.5 0
      vertex 35.5 133.5 3.5
    endloop
  endfacet
  facet normal 0 0 -1
    outer loop
      vertex 6.5 133.5 3.5
      vertex 35.5 162.5 3.5
      vertex 35.5 133.5 3.5
    endloop
  endfacet
  facet normal -0 0 -1
    outer loop
      vertex 35.5 162.5 3.5
      vertex 6.5 133.5 3.5
      vertex 6.5 162.5 3.5
    endloop
  endfacet
  facet normal 1 -0 0
    outer loop
      vertex 6.5 133.5 3.5
      vertex 6.5 162.5 0
      vertex 6.5 162.5 3.5
    endloop
  endfacet
  facet normal 1 0 0
    outer loop
      vertex 6.5 162.5 0
      vertex 6.5 133.5 3.5
      vertex 6.5 133.5 0
    endloop
  endfacet
  facet normal 0 -1 0
    outer loop
      vertex 6.5 162.5 0
      vertex 35.5 162.5 3.5
      vertex 6.5 162.5 3.5
    endloop
  endfacet
  facet normal 0 -1 -0
    outer loop
      vertex 35.5 162.5 3.5
      vertex 6.5 162.5 0
      vertex 35.5 162.5 0
    endloop
  endfacet
  facet normal 0 1 -0
    outer loop
      vertex 35.5 133.5 0
      vertex 6.5 133.5 3.5
      vertex 35.5 133.5 3.5
    endloop
  endfacet
  facet normal 0 1 0
    outer loop
      vertex 6.5 133.5 3.5
      vertex 35.5 133.5 0
      vertex 6.5 133.5 0
    endloop
  endfacet
  facet normal -1 0 0
    outer loop
      vertex 147.5 133.5 0
      vertex 147.5 162.5 3.5
      vertex 147.5 162.5 0
    endloop
  endfacet
  facet normal -1 -0 0
    outer loop
      vertex 147.5 162.5 3.5
      vertex 147.5 133.5 0
      vertex 147.5 133.5 3.5
    endloop
  endfacet
  facet normal 0 0 -1
    outer loop
      vertex 118.5 133.5 3.5
      vertex 147.5 162.5 3.5
      vertex 147.5 133.5 3.5
    endloop
  endfacet
  facet normal -0 0 -1
    outer loop
      vertex 147.5 162.5 3.5
      vertex 118.5 133.5 3.5
      vertex 118.5 162.5 3.5
    endloop
  endfacet
  facet normal 1 -0 0
    outer loop
      vertex 118.5 133.5 3.5
      vertex 118.5 162.5 0
      vertex 118.5 162.5 3.5
    endloop
  endfacet
  facet normal 1 0 0
    outer loop
      vertex 118.5 162.5 0
      vertex 118.5 133.5 3.5
      vertex 118.5 133.5 0
    endloop
  endfacet
  facet normal 0 -1 0
    outer loop
      vertex 118.5 162.5 0
      vertex 147.5 162.5 3.5
      vertex 118.5 162.5 3.5
    endloop
  endfacet
  facet normal 0 -1 -0
    outer loop
      vertex 147.5 162.5 3.5
      vertex 118.5 162.5 0
      vertex 147.5 162.5 0
    endloop
  endfacet
  facet normal 0 1 -0
    outer loop
      vertex 147.5 133.5 0
      vertex 118.5 133.5 3.5
      vertex 147.5 133.5 3.5
    endloop
  endfacet
  facet normal 0 1 0
    outer loop
      vertex 118.5 133.5 3.5
      vertex 147.5 133.5 0
      vertex 118.5 133.5 0
    endloop
  endfacet
  facet normal 1 0 0
    outer loop
      vertex 29.6 183.8 38.4
      vertex 29.6 170 34.4
      vertex 29.6 183.8 5
    endloop
  endfacet
  facet normal 1 0 0
    outer loop
      vertex 29.6 183.8 38.4
      vertex 29.6 130 34.4
      vertex 29.6 170 34.4
    endloop
  endfacet
  facet normal 1 0 0
    outer loop
      vertex 29.6 130 34.4
      vertex 29.6 116.2 38.4
      vertex 29.6 130 9
    endloop
  endfacet
  facet normal 1 -0 0
    outer loop
      vertex 29.6 116.2 38.4
      vertex 29.6 130 34.4
      vertex 29.6 183.8 38.4
    endloop
  endfacet
  facet normal 1 -0 0
    outer loop
      vertex 29.6 170 9
      vertex 29.6 183.8 5
      vertex 29.6 170 34.4
    endloop
  endfacet
  facet normal 1 -0 0
    outer loop
      vertex 29.6 130 9
      vertex 29.6 183.8 5
      vertex 29.6 170 9
    endloop
  endfacet
  facet normal 1 0 0
    outer loop
      vertex 29.6 130 9
      vertex 29.6 116.2 5
      vertex 29.6 183.8 5
    endloop
  endfacet
  facet normal 1 0 0
    outer loop
      vertex 29.6 116.2 5
      vertex 29.6 130 9
      vertex 29.6 116.2 38.4
    endloop
  endfacet
  facet normal 0 0 -1
    outer loop
      vertex 25.1 130 34.4
      vertex 29.6 170 34.4
      vertex 29.6 130 34.4
    endloop
  endfacet
  facet normal -0 0 -1
    outer loop
      vertex 29.6 170 34.4
      vertex 25.1 130 34.4
      vertex 25.1 170 34.4
    endloop
  endfacet
  facet normal -0 0 1
    outer loop
      vertex 25.1 170 9
      vertex 29.6 130 9
      vertex 29.6 170 9
    endloop
  endfacet
  facet normal 0 0 1
    outer loop
      vertex 29.6 130 9
      vertex 25.1 170 9
      vertex 25.1 130 9
    endloop
  endfacet
  facet normal 0 -1 0
    outer loop
      vertex 25.1 170 9
      vertex 29.6 170 34.4
      vertex 25.1 170 34.4
    endloop
  endfacet
  facet normal 0 -1 -0
    outer loop
      vertex 29.6 170 34.4
      vertex 25.1 170 9
      vertex 29.6 170 9
    endloop
  endfacet
  facet normal 0 1 -0
    outer loop
      vertex 29.6 130 9
      vertex 25.1 130 34.4
      vertex 29.6 130 34.4
    endloop
  endfacet
  facet normal 0 1 0
    outer loop
      vertex 25.1 130 34.4
      vertex 29.6 130 9
      vertex 25.1 130 9
    endloop
  endfacet
  facet normal -1 0 0
    outer loop
      vertex 114.4 126.2 0
      vertex 114.4 173.8 5
      vertex 114.4 173.8 0
    endloop
  endfacet
  facet normal -1 -0 0
    outer loop
      vertex 114.4 173.8 5
      vertex 114.4 126.2 0
      vertex 114.4 126.2 5
    endloop
  endfacet
  facet normal 1 -0 0
    outer loop
      vertex 39.6 126.2 5
      vertex 39.6 173.8 0
      vertex 39.6 173.8 5
    endloop
  endfacet
  facet normal 1 0 0
    outer loop
      vertex 39.6 173.8 0
      vertex 39.6 126.2 5
      vertex 39.6 126.2 0
    endloop
  endfacet
  facet normal 0 -1 0
    outer loop
      vertex 39.6 173.8 0
      vertex 114.4 173.8 5
      vertex 39.6 173.8 5
    endloop
  endfacet
  facet normal 0 -1 -0
    outer loop
      vertex 114.4 173.8 5
      vertex 39.6 173.8 0
      vertex 114.4 173.8 0
    endloop
  endfacet
  facet normal 0 1 -0
    outer loop
      vertex 114.4 126.2 0
      vertex 39.6 126.2 5
      vertex 114.4 126.2 5
    endloop
  endfacet
  facet normal 0 1 0
    outer loop
      vertex 39.6 126.2 5
      vertex 114.4 126.2 0
      vertex 39.6 126.2 0
    endloop
  endfacet
endsolid OpenSCAD_Model
