solid OpenSCAD_Model
  facet normal 0 0 1
    outer loop
      vertex 61.7 216 4
      vertex 17.2277 200 4
      vertex 61.7 201.29 4
    endloop
  endfacet
  facet normal 0 0 1
    outer loop
      vertex 18 186 4
      vertex 16.8263 183.62 4
      vertex 17.1213 183.879 4
    endloop
  endfacet
  facet normal 0 -0 1
    outer loop
      vertex 13.1812 189.287 4
      vertex 18 198 4
      vertex 13.125 189.569 4
    endloop
  endfacet
  facet normal -0 -0 1
    outer loop
      vertex 13.2 189 4
      vertex 16.8263 183.62 4
      vertex 13.1812 189.287 4
    endloop
  endfacet
  facet normal -0 0 1
    outer loop
      vertex 13.1812 188.713 4
      vertex 16.8263 183.62 4
      vertex 13.2 189 4
    endloop
  endfacet
  facet normal -0 0 1
    outer loop
      vertex 13.125 188.431 4
      vertex 16.8263 183.62 4
      vertex 13.1812 188.713 4
    endloop
  endfacet
  facet normal -0 0 1
    outer loop
      vertex 13.0325 188.158 4
      vertex 16.8263 183.62 4
      vertex 13.125 188.431 4
    endloop
  endfacet
  facet normal -0 0 1
    outer loop
      vertex 12.7454 187.661 4
      vertex 16.8263 183.62 4
      vertex 12.9053 187.9 4
    endloop
  endfacet
  facet normal -0 0 1
    outer loop
      vertex 12.9053 187.9 4
      vertex 16.8263 183.62 4
      vertex 13.0325 188.158 4
    endloop
  endfacet
  facet normal 0 0 1
    outer loop
      vertex 18 198 4
      vertex 13.1812 189.287 4
      vertex 16.8263 183.62 4
    endloop
  endfacet
  facet normal 0 0 1
    outer loop
      vertex 18 198 4
      vertex 13.0325 189.842 4
      vertex 13.125 189.569 4
    endloop
  endfacet
  facet normal 0 0 1
    outer loop
      vertex 18 198 4
      vertex 12.9053 190.1 4
      vertex 13.0325 189.842 4
    endloop
  endfacet
  facet normal 0 0 1
    outer loop
      vertex 18 198 4
      vertex 12.7454 190.339 4
      vertex 12.9053 190.1 4
    endloop
  endfacet
  facet normal 0 0 1
    outer loop
      vertex 18 198 4
      vertex 12.5556 190.556 4
      vertex 12.7454 190.339 4
    endloop
  endfacet
  facet normal 0 0 1
    outer loop
      vertex 18 198 4
      vertex 12.3393 190.745 4
      vertex 12.5556 190.556 4
    endloop
  endfacet
  facet normal 0 0 1
    outer loop
      vertex 18 198 4
      vertex 12.1 190.905 4
      vertex 12.3393 190.745 4
    endloop
  endfacet
  facet normal 0 0 1
    outer loop
      vertex 18 198 4
      vertex 11.8419 191.033 4
      vertex 12.1 190.905 4
    endloop
  endfacet
  facet normal 0 0 1
    outer loop
      vertex 18 198 4
      vertex 11.5694 191.125 4
      vertex 11.8419 191.033 4
    endloop
  endfacet
  facet normal 0 0 1
    outer loop
      vertex 18 198 4
      vertex 11.2872 191.181 4
      vertex 11.5694 191.125 4
    endloop
  endfacet
  facet normal 0 0 1
    outer loop
      vertex 17.2277 200 4
      vertex 11 191.2 4
      vertex 11.2872 191.181 4
    endloop
  endfacet
  facet normal 0 0 1
    outer loop
      vertex 4.10563 200.32 4
      vertex 11 191.2 4
      vertex 17.2277 200 4
    endloop
  endfacet
  facet normal 0 0 1
    outer loop
      vertex 11 191.2 4
      vertex 4.10563 200.32 4
      vertex 10.7128 191.181 4
    endloop
  endfacet
  facet normal 0 0 1
    outer loop
      vertex 10.7128 191.181 4
      vertex 4.10563 200.32 4
      vertex 10.4306 191.125 4
    endloop
  endfacet
  facet normal -0 0 1
    outer loop
      vertex 3 198 4
      vertex 10.4306 191.125 4
      vertex 4.10563 200.32 4
    endloop
  endfacet
  facet normal 0 0 1
    outer loop
      vertex 10.4306 191.125 4
      vertex 3 198 4
      vertex 10.1581 191.033 4
    endloop
  endfacet
  facet normal 0 0 1
    outer loop
      vertex 10.1581 191.033 4
      vertex 3 198 4
      vertex 9.9 190.905 4
    endloop
  endfacet
  facet normal 0 0 1
    outer loop
      vertex 9.9 190.905 4
      vertex 3 198 4
      vertex 9.66072 190.745 4
    endloop
  endfacet
  facet normal 0 0 1
    outer loop
      vertex 3 186 4
      vertex 8.8 189 4
      vertex 8.81882 189.287 4
    endloop
  endfacet
  facet normal 0 0 1
    outer loop
      vertex 3 186 4
      vertex 8.81882 189.287 4
      vertex 8.87496 189.569 4
    endloop
  endfacet
  facet normal 0 0 1
    outer loop
      vertex 3 186 4
      vertex 8.87496 189.569 4
      vertex 8.96746 189.842 4
    endloop
  endfacet
  facet normal 0 0 1
    outer loop
      vertex 8.8 189 4
      vertex 3 186 4
      vertex 6 183 4
    endloop
  endfacet
  facet normal 0 0 1
    outer loop
      vertex 6 183 4
      vertex 3 186 4
      vertex 5.60842 183.026 4
    endloop
  endfacet
  facet normal 0 0 1
    outer loop
      vertex 3 198 4
      vertex 8.96746 189.842 4
      vertex 9.09474 190.1 4
    endloop
  endfacet
  facet normal 0 0 1
    outer loop
      vertex 5.60842 183.026 4
      vertex 3 186 4
      vertex 5.22354 183.102 4
    endloop
  endfacet
  facet normal 0 0 1
    outer loop
      vertex 5.22354 183.102 4
      vertex 3 186 4
      vertex 4.85195 183.228 4
    endloop
  endfacet
  facet normal 0 0 1
    outer loop
      vertex 3 198 4
      vertex 9.09474 190.1 4
      vertex 9.25462 190.339 4
    endloop
  endfacet
  facet normal 0 0 1
    outer loop
      vertex 4.85195 183.228 4
      vertex 3 186 4
      vertex 4.5 183.402 4
    endloop
  endfacet
  facet normal 0 0 1
    outer loop
      vertex 9.44436 190.556 4
      vertex 3 198 4
      vertex 9.25462 190.339 4
    endloop
  endfacet
  facet normal 0 0 1
    outer loop
      vertex 9.66072 190.745 4
      vertex 3 198 4
      vertex 9.44436 190.556 4
    endloop
  endfacet
  facet normal -0 0 1
    outer loop
      vertex 1 216 4
      vertex 17.2277 200 4
      vertex 61.7 216 4
    endloop
  endfacet
  facet normal -0 0 1
    outer loop
      vertex 0 213 4
      vertex 17.2277 200 4
      vertex 1 216 4
    endloop
  endfacet
  facet normal 0 0 1
    outer loop
      vertex 17.2277 200 4
      vertex 0 213 4
      vertex 4.10563 200.32 4
    endloop
  endfacet
  facet normal -0 0 1
    outer loop
      vertex 0 206 4
      vertex 4.10563 200.32 4
      vertex 0 213 4
    endloop
  endfacet
  facet normal -0 -0 1
    outer loop
      vertex 3 200.804 4
      vertex 4.10563 200.32 4
      vertex 0 206 4
    endloop
  endfacet
  facet normal 0 0 1
    outer loop
      vertex 4.10563 200.32 4
      vertex 3 200.804 4
      vertex 3.7039 200.457 4
    endloop
  endfacet
  facet normal 0 0 1
    outer loop
      vertex 3 200.804 4
      vertex 0 206 4
      vertex 2.34743 201.24 4
    endloop
  endfacet
  facet normal 0 0 1
    outer loop
      vertex 0.456722 215.296 4
      vertex 1 216 4
      vertex 0.869473 216.009 4
    endloop
  endfacet
  facet normal 0 0 1
    outer loop
      vertex 0.803847 216 4
      vertex 0.869473 216.009 4
      vertex 0.816592 216.019 4
    endloop
  endfacet
  facet normal 0 0 1
    outer loop
      vertex 0.869473 216.009 4
      vertex 0.803847 216 4
      vertex 0.456722 215.296 4
    endloop
  endfacet
  facet normal 0 0 1
    outer loop
      vertex 2.34743 201.24 4
      vertex 0 206 4
      vertex 1.75736 201.757 4
    endloop
  endfacet
  facet normal 0 0 1
    outer loop
      vertex 1 216 4
      vertex 0.456722 215.296 4
      vertex 0.204445 214.553 4
    endloop
  endfacet
  facet normal 0 0 1
    outer loop
      vertex 1.75736 201.757 4
      vertex 0 206 4
      vertex 1.23988 202.347 4
    endloop
  endfacet
  facet normal 0 0 1
    outer loop
      vertex 1 216 4
      vertex 0.204445 214.553 4
      vertex 0.0513306 213.783 4
    endloop
  endfacet
  facet normal 0 0 1
    outer loop
      vertex 1.23988 202.347 4
      vertex 0 206 4
      vertex 0.803847 203 4
    endloop
  endfacet
  facet normal 0 0 1
    outer loop
      vertex 1 216 4
      vertex 0.0513306 213.783 4
      vertex 0 213 4
    endloop
  endfacet
  facet normal 0 0 1
    outer loop
      vertex 0.803847 203 4
      vertex 0 206 4
      vertex 0.456722 203.704 4
    endloop
  endfacet
  facet normal 0 0 1
    outer loop
      vertex 0.456722 203.704 4
      vertex 0 206 4
      vertex 0.204445 204.447 4
    endloop
  endfacet
  facet normal 0 0 1
    outer loop
      vertex 0.204445 204.447 4
      vertex 0 206 4
      vertex 0.0513306 205.217 4
    endloop
  endfacet
  facet normal -0 0 1
    outer loop
      vertex 61.7 201.29 4
      vertex 64.2 200 4
      vertex 64.2 201.29 4
    endloop
  endfacet
  facet normal 0 0 1
    outer loop
      vertex 64.2 200 4
      vertex 61.7 201.29 4
      vertex 17.2277 200 4
    endloop
  endfacet
  facet normal 0 0 1
    outer loop
      vertex 17.2277 200 4
      vertex 18 198 4
      vertex 17.9743 198.392 4
    endloop
  endfacet
  facet normal 0 0 1
    outer loop
      vertex 11.2872 191.181 4
      vertex 18 198 4
      vertex 17.2277 200 4
    endloop
  endfacet
  facet normal 0 0 1
    outer loop
      vertex 17.2277 200 4
      vertex 17.9743 198.392 4
      vertex 17.8978 198.776 4
    endloop
  endfacet
  facet normal 0 0 1
    outer loop
      vertex 16.8263 183.62 4
      vertex 18 186 4
      vertex 18 198 4
    endloop
  endfacet
  facet normal 0 0 1
    outer loop
      vertex 17.2277 200 4
      vertex 17.8978 198.776 4
      vertex 17.7716 199.148 4
    endloop
  endfacet
  facet normal 0 0 1
    outer loop
      vertex 18 186 4
      vertex 17.1213 183.879 4
      vertex 17.9743 185.608 4
    endloop
  endfacet
  facet normal 0 0 1
    outer loop
      vertex 17.2277 200 4
      vertex 17.7716 199.148 4
      vertex 17.5981 199.5 4
    endloop
  endfacet
  facet normal 0 0 1
    outer loop
      vertex 17.9743 185.608 4
      vertex 17.1213 183.879 4
      vertex 17.8978 185.224 4
    endloop
  endfacet
  facet normal 0 0 1
    outer loop
      vertex 17.2277 200 4
      vertex 17.5981 199.5 4
      vertex 17.3801 199.826 4
    endloop
  endfacet
  facet normal 0 0 1
    outer loop
      vertex 17.8978 185.224 4
      vertex 17.1213 183.879 4
      vertex 17.7716 184.852 4
    endloop
  endfacet
  facet normal 0 0 1
    outer loop
      vertex 17.7716 184.852 4
      vertex 17.1213 183.879 4
      vertex 17.5981 184.5 4
    endloop
  endfacet
  facet normal 0 0 1
    outer loop
      vertex 17.5981 184.5 4
      vertex 17.1213 183.879 4
      vertex 17.3801 184.174 4
    endloop
  endfacet
  facet normal 0 0 1
    outer loop
      vertex 16.8263 183.62 4
      vertex 12.7454 187.661 4
      vertex 16.5 183.402 4
    endloop
  endfacet
  facet normal 0 0 1
    outer loop
      vertex 16.5 183.402 4
      vertex 12.7454 187.661 4
      vertex 16.148 183.228 4
    endloop
  endfacet
  facet normal 0 0 1
    outer loop
      vertex 16.148 183.228 4
      vertex 12.7454 187.661 4
      vertex 15.7765 183.102 4
    endloop
  endfacet
  facet normal 0 0 1
    outer loop
      vertex 15.7765 183.102 4
      vertex 12.7454 187.661 4
      vertex 15.3916 183.026 4
    endloop
  endfacet
  facet normal 0 0 1
    outer loop
      vertex 15.3916 183.026 4
      vertex 12.7454 187.661 4
      vertex 15 183 4
    endloop
  endfacet
  facet normal -0 0 1
    outer loop
      vertex 12.5556 187.444 4
      vertex 15 183 4
      vertex 12.7454 187.661 4
    endloop
  endfacet
  facet normal -0 0 1
    outer loop
      vertex 12.3393 187.255 4
      vertex 15 183 4
      vertex 12.5556 187.444 4
    endloop
  endfacet
  facet normal -0 0 1
    outer loop
      vertex 12.1 187.095 4
      vertex 15 183 4
      vertex 12.3393 187.255 4
    endloop
  endfacet
  facet normal -0 0 1
    outer loop
      vertex 11.8419 186.967 4
      vertex 15 183 4
      vertex 12.1 187.095 4
    endloop
  endfacet
  facet normal -0 0 1
    outer loop
      vertex 11.5694 186.875 4
      vertex 15 183 4
      vertex 11.8419 186.967 4
    endloop
  endfacet
  facet normal -0 0 1
    outer loop
      vertex 11.2872 186.819 4
      vertex 15 183 4
      vertex 11.5694 186.875 4
    endloop
  endfacet
  facet normal -0 0 1
    outer loop
      vertex 11 186.8 4
      vertex 15 183 4
      vertex 11.2872 186.819 4
    endloop
  endfacet
  facet normal 0 0 1
    outer loop
      vertex 10.7128 186.819 4
      vertex 15 183 4
      vertex 11 186.8 4
    endloop
  endfacet
  facet normal 0 0 1
    outer loop
      vertex 6 183 4
      vertex 10.7128 186.819 4
      vertex 10.4306 186.875 4
    endloop
  endfacet
  facet normal 0 0 1
    outer loop
      vertex 6 183 4
      vertex 10.4306 186.875 4
      vertex 10.1581 186.967 4
    endloop
  endfacet
  facet normal 0 0 1
    outer loop
      vertex 6 183 4
      vertex 10.1581 186.967 4
      vertex 9.9 187.095 4
    endloop
  endfacet
  facet normal 0 0 1
    outer loop
      vertex 6 183 4
      vertex 9.9 187.095 4
      vertex 9.66072 187.255 4
    endloop
  endfacet
  facet normal 0 0 1
    outer loop
      vertex 10.7128 186.819 4
      vertex 6 183 4
      vertex 15 183 4
    endloop
  endfacet
  facet normal 0 0 1
    outer loop
      vertex 9.44436 187.444 4
      vertex 6 183 4
      vertex 9.66072 187.255 4
    endloop
  endfacet
  facet normal 0 0 1
    outer loop
      vertex 9.25462 187.661 4
      vertex 6 183 4
      vertex 9.44436 187.444 4
    endloop
  endfacet
  facet normal 0 0 1
    outer loop
      vertex 9.09474 187.9 4
      vertex 6 183 4
      vertex 9.25462 187.661 4
    endloop
  endfacet
  facet normal 0 0 1
    outer loop
      vertex 8.96746 188.158 4
      vertex 6 183 4
      vertex 9.09474 187.9 4
    endloop
  endfacet
  facet normal 0 0 1
    outer loop
      vertex 8.87496 188.431 4
      vertex 6 183 4
      vertex 8.96746 188.158 4
    endloop
  endfacet
  facet normal 0 0 1
    outer loop
      vertex 8.81882 188.713 4
      vertex 6 183 4
      vertex 8.87496 188.431 4
    endloop
  endfacet
  facet normal 0 0 1
    outer loop
      vertex 6 183 4
      vertex 8.81882 188.713 4
      vertex 8.8 189 4
    endloop
  endfacet
  facet normal 0 0 1
    outer loop
      vertex 3.61994 199.826 4
      vertex 4.10563 200.32 4
      vertex 3.87868 200.121 4
    endloop
  endfacet
  facet normal 0 0 1
    outer loop
      vertex 8.96746 189.842 4
      vertex 3 198 4
      vertex 3 186 4
    endloop
  endfacet
  facet normal 0 0 1
    outer loop
      vertex 4.10563 200.32 4
      vertex 3.61994 199.826 4
      vertex 3 198 4
    endloop
  endfacet
  facet normal 0 0 1
    outer loop
      vertex 4.5 183.402 4
      vertex 3 186 4
      vertex 4.17372 183.62 4
    endloop
  endfacet
  facet normal 0 0 1
    outer loop
      vertex 3 198 4
      vertex 3.61994 199.826 4
      vertex 3.40192 199.5 4
    endloop
  endfacet
  facet normal 0 0 1
    outer loop
      vertex 4.17372 183.62 4
      vertex 3 186 4
      vertex 3.87868 183.879 4
    endloop
  endfacet
  facet normal 0 0 1
    outer loop
      vertex 3 198 4
      vertex 3.40192 199.5 4
      vertex 3.22836 199.148 4
    endloop
  endfacet
  facet normal 0 0 1
    outer loop
      vertex 3.87868 183.879 4
      vertex 3 186 4
      vertex 3.61994 184.174 4
    endloop
  endfacet
  facet normal 0 0 1
    outer loop
      vertex 3 198 4
      vertex 3.22836 199.148 4
      vertex 3.10222 198.776 4
    endloop
  endfacet
  facet normal 0 0 1
    outer loop
      vertex 3.61994 184.174 4
      vertex 3 186 4
      vertex 3.40192 184.5 4
    endloop
  endfacet
  facet normal 0 0 1
    outer loop
      vertex 3 198 4
      vertex 3.10222 198.776 4
      vertex 3.02567 198.392 4
    endloop
  endfacet
  facet normal 0 0 1
    outer loop
      vertex 3.40192 184.5 4
      vertex 3 186 4
      vertex 3.22836 184.852 4
    endloop
  endfacet
  facet normal 0 0 1
    outer loop
      vertex 3.22836 184.852 4
      vertex 3 186 4
      vertex 3.10222 185.224 4
    endloop
  endfacet
  facet normal 0 0 1
    outer loop
      vertex 3.10222 185.224 4
      vertex 3 186 4
      vertex 3.02567 185.608 4
    endloop
  endfacet
  facet normal 0 0 1
    outer loop
      vertex 153 216 4
      vertex 154 213 4
      vertex 153.949 213.783 4
    endloop
  endfacet
  facet normal 0 0 1
    outer loop
      vertex 154 213 4
      vertex 136.772 200 4
      vertex 154 206 4
    endloop
  endfacet
  facet normal 0 0 1
    outer loop
      vertex 153 216 4
      vertex 153.949 213.783 4
      vertex 153.796 214.553 4
    endloop
  endfacet
  facet normal 0 0 1
    outer loop
      vertex 154 206 4
      vertex 149.894 200.32 4
      vertex 153.949 205.217 4
    endloop
  endfacet
  facet normal 0 0 1
    outer loop
      vertex 153 216 4
      vertex 153.796 214.553 4
      vertex 153.543 215.296 4
    endloop
  endfacet
  facet normal 0 0 1
    outer loop
      vertex 154 213 4
      vertex 153 216 4
      vertex 136.772 200 4
    endloop
  endfacet
  facet normal -0 0 1
    outer loop
      vertex 153 216 4
      vertex 153.543 215.296 4
      vertex 153.196 216 4
    endloop
  endfacet
  facet normal 0 0 1
    outer loop
      vertex 153.949 205.217 4
      vertex 149.894 200.32 4
      vertex 153.796 204.447 4
    endloop
  endfacet
  facet normal -0 0 1
    outer loop
      vertex 153.131 216.009 4
      vertex 153.196 216 4
      vertex 153.183 216.019 4
    endloop
  endfacet
  facet normal 0 0 1
    outer loop
      vertex 153 216 4
      vertex 153.196 216 4
      vertex 153.131 216.009 4
    endloop
  endfacet
  facet normal 0 0 1
    outer loop
      vertex 153.796 204.447 4
      vertex 149.894 200.32 4
      vertex 153.543 203.704 4
    endloop
  endfacet
  facet normal 0 0 1
    outer loop
      vertex 153.543 203.704 4
      vertex 149.894 200.32 4
      vertex 153.196 203 4
    endloop
  endfacet
  facet normal 0 0 1
    outer loop
      vertex 153.196 203 4
      vertex 149.894 200.32 4
      vertex 152.76 202.347 4
    endloop
  endfacet
  facet normal 0 0 1
    outer loop
      vertex 152.76 202.347 4
      vertex 149.894 200.32 4
      vertex 152.243 201.757 4
    endloop
  endfacet
  facet normal 0 0 1
    outer loop
      vertex 152.243 201.757 4
      vertex 149.894 200.32 4
      vertex 151.653 201.24 4
    endloop
  endfacet
  facet normal 0 0 1
    outer loop
      vertex 151.653 201.24 4
      vertex 149.894 200.32 4
      vertex 151 200.804 4
    endloop
  endfacet
  facet normal 0 0 1
    outer loop
      vertex 151 200.804 4
      vertex 149.894 200.32 4
      vertex 150.296 200.457 4
    endloop
  endfacet
  facet normal 0 0 1
    outer loop
      vertex 151 186 4
      vertex 149.5 183.402 4
      vertex 149.826 183.62 4
    endloop
  endfacet
  facet normal 0 -0 1
    outer loop
      vertex 145.181 189.287 4
      vertex 151 198 4
      vertex 145.125 189.569 4
    endloop
  endfacet
  facet normal -0 -0 1
    outer loop
      vertex 145.2 189 4
      vertex 149.5 183.402 4
      vertex 145.181 189.287 4
    endloop
  endfacet
  facet normal -0 0 1
    outer loop
      vertex 145.181 188.713 4
      vertex 149.5 183.402 4
      vertex 145.2 189 4
    endloop
  endfacet
  facet normal -0 0 1
    outer loop
      vertex 145.125 188.431 4
      vertex 149.5 183.402 4
      vertex 145.181 188.713 4
    endloop
  endfacet
  facet normal -0 0 1
    outer loop
      vertex 145.033 188.158 4
      vertex 149.5 183.402 4
      vertex 145.125 188.431 4
    endloop
  endfacet
  facet normal 0 0 1
    outer loop
      vertex 154 206 4
      vertex 136.772 200 4
      vertex 149.894 200.32 4
    endloop
  endfacet
  facet normal -0 0 1
    outer loop
      vertex 144.905 187.9 4
      vertex 149.5 183.402 4
      vertex 145.033 188.158 4
    endloop
  endfacet
  facet normal 0 0 1
    outer loop
      vertex 151 198 4
      vertex 145.181 189.287 4
      vertex 149.5 183.402 4
    endloop
  endfacet
  facet normal 0 0 1
    outer loop
      vertex 151 198 4
      vertex 145.033 189.842 4
      vertex 145.125 189.569 4
    endloop
  endfacet
  facet normal 0 0 1
    outer loop
      vertex 151 198 4
      vertex 144.905 190.1 4
      vertex 145.033 189.842 4
    endloop
  endfacet
  facet normal 0 0 1
    outer loop
      vertex 151 198 4
      vertex 144.745 190.339 4
      vertex 144.905 190.1 4
    endloop
  endfacet
  facet normal 0 0 1
    outer loop
      vertex 151 198 4
      vertex 144.556 190.556 4
      vertex 144.745 190.339 4
    endloop
  endfacet
  facet normal 0 0 1
    outer loop
      vertex 151 198 4
      vertex 144.339 190.745 4
      vertex 144.556 190.556 4
    endloop
  endfacet
  facet normal 0 0 1
    outer loop
      vertex 151 198 4
      vertex 144.1 190.905 4
      vertex 144.339 190.745 4
    endloop
  endfacet
  facet normal 0 0 1
    outer loop
      vertex 151 198 4
      vertex 143.842 191.033 4
      vertex 144.1 190.905 4
    endloop
  endfacet
  facet normal 0 -0 1
    outer loop
      vertex 143 191.2 4
      vertex 149.894 200.32 4
      vertex 136.772 200 4
    endloop
  endfacet
  facet normal 0 0 1
    outer loop
      vertex 151 198 4
      vertex 143.569 191.125 4
      vertex 143.842 191.033 4
    endloop
  endfacet
  facet normal 0 0 1
    outer loop
      vertex 149.894 200.32 4
      vertex 143.287 191.181 4
      vertex 143.569 191.125 4
    endloop
  endfacet
  facet normal 0 0 1
    outer loop
      vertex 149.894 200.32 4
      vertex 143 191.2 4
      vertex 143.287 191.181 4
    endloop
  endfacet
  facet normal 0 0 1
    outer loop
      vertex 143 191.2 4
      vertex 136.772 200 4
      vertex 142.713 191.181 4
    endloop
  endfacet
  facet normal -0 0 1
    outer loop
      vertex 136 198 4
      vertex 142.713 191.181 4
      vertex 136.772 200 4
    endloop
  endfacet
  facet normal 0 0 1
    outer loop
      vertex 142.713 191.181 4
      vertex 136 198 4
      vertex 142.431 191.125 4
    endloop
  endfacet
  facet normal 0 0 1
    outer loop
      vertex 142.431 191.125 4
      vertex 136 198 4
      vertex 142.158 191.033 4
    endloop
  endfacet
  facet normal 0 0 1
    outer loop
      vertex 142.158 191.033 4
      vertex 136 198 4
      vertex 141.9 190.905 4
    endloop
  endfacet
  facet normal 0 0 1
    outer loop
      vertex 141.9 190.905 4
      vertex 136 198 4
      vertex 141.661 190.745 4
    endloop
  endfacet
  facet normal 0 0 1
    outer loop
      vertex 141.661 190.745 4
      vertex 136 198 4
      vertex 141.444 190.556 4
    endloop
  endfacet
  facet normal 0 0 1
    outer loop
      vertex 141.444 190.556 4
      vertex 136 198 4
      vertex 141.255 190.339 4
    endloop
  endfacet
  facet normal 0 0 1
    outer loop
      vertex 136 186 4
      vertex 140.8 189 4
      vertex 140.819 189.287 4
    endloop
  endfacet
  facet normal 0 0 1
    outer loop
      vertex 136 186 4
      vertex 140.819 189.287 4
      vertex 140.875 189.569 4
    endloop
  endfacet
  facet normal 0 0 1
    outer loop
      vertex 140.8 189 4
      vertex 136 186 4
      vertex 139 183 4
    endloop
  endfacet
  facet normal 0 0 1
    outer loop
      vertex 136 186 4
      vertex 140.875 189.569 4
      vertex 140.967 189.842 4
    endloop
  endfacet
  facet normal 0 0 1
    outer loop
      vertex 139 183 4
      vertex 136 186 4
      vertex 138.608 183.026 4
    endloop
  endfacet
  facet normal 0 0 1
    outer loop
      vertex 138.608 183.026 4
      vertex 136 186 4
      vertex 138.224 183.102 4
    endloop
  endfacet
  facet normal 0 0 1
    outer loop
      vertex 141.255 190.339 4
      vertex 136 198 4
      vertex 141.095 190.1 4
    endloop
  endfacet
  facet normal 0 0 1
    outer loop
      vertex 141.095 190.1 4
      vertex 136 198 4
      vertex 140.967 189.842 4
    endloop
  endfacet
  facet normal 0 0 1
    outer loop
      vertex 136 186 4
      vertex 140.967 189.842 4
      vertex 136 198 4
    endloop
  endfacet
  facet normal 0 0 1
    outer loop
      vertex 138.224 183.102 4
      vertex 136 186 4
      vertex 137.852 183.228 4
    endloop
  endfacet
  facet normal 0 0 1
    outer loop
      vertex 137.852 183.228 4
      vertex 136 186 4
      vertex 137.5 183.402 4
    endloop
  endfacet
  facet normal -0 0 1
    outer loop
      vertex 92.3 216 4
      vertex 136.772 200 4
      vertex 153 216 4
    endloop
  endfacet
  facet normal -0 0 1
    outer loop
      vertex 92.3 201.29 4
      vertex 136.772 200 4
      vertex 92.3 216 4
    endloop
  endfacet
  facet normal 0 0 1
    outer loop
      vertex 89.8 200 4
      vertex 92.3 201.29 4
      vertex 89.8 201.29 4
    endloop
  endfacet
  facet normal 0 0 1
    outer loop
      vertex 92.3 201.29 4
      vertex 89.8 200 4
      vertex 136.772 200 4
    endloop
  endfacet
  facet normal 0 0 1
    outer loop
      vertex 149.894 200.32 4
      vertex 151 198 4
      vertex 150.974 198.392 4
    endloop
  endfacet
  facet normal 0 0 1
    outer loop
      vertex 143.569 191.125 4
      vertex 151 198 4
      vertex 149.894 200.32 4
    endloop
  endfacet
  facet normal 0 0 1
    outer loop
      vertex 149.894 200.32 4
      vertex 150.974 198.392 4
      vertex 150.898 198.776 4
    endloop
  endfacet
  facet normal 0 0 1
    outer loop
      vertex 151 198 4
      vertex 149.5 183.402 4
      vertex 151 186 4
    endloop
  endfacet
  facet normal 0 0 1
    outer loop
      vertex 149.894 200.32 4
      vertex 150.898 198.776 4
      vertex 150.772 199.148 4
    endloop
  endfacet
  facet normal 0 0 1
    outer loop
      vertex 151 186 4
      vertex 149.826 183.62 4
      vertex 150.974 185.608 4
    endloop
  endfacet
  facet normal 0 0 1
    outer loop
      vertex 149.894 200.32 4
      vertex 150.772 199.148 4
      vertex 150.598 199.5 4
    endloop
  endfacet
  facet normal 0 0 1
    outer loop
      vertex 150.974 185.608 4
      vertex 149.826 183.62 4
      vertex 150.898 185.224 4
    endloop
  endfacet
  facet normal 0 0 1
    outer loop
      vertex 149.894 200.32 4
      vertex 150.598 199.5 4
      vertex 150.38 199.826 4
    endloop
  endfacet
  facet normal 0 0 1
    outer loop
      vertex 150.898 185.224 4
      vertex 149.826 183.62 4
      vertex 150.772 184.852 4
    endloop
  endfacet
  facet normal 0 0 1
    outer loop
      vertex 149.894 200.32 4
      vertex 150.38 199.826 4
      vertex 150.121 200.121 4
    endloop
  endfacet
  facet normal 0 0 1
    outer loop
      vertex 150.772 184.852 4
      vertex 149.826 183.62 4
      vertex 150.598 184.5 4
    endloop
  endfacet
  facet normal 0 0 1
    outer loop
      vertex 150.598 184.5 4
      vertex 149.826 183.62 4
      vertex 150.38 184.174 4
    endloop
  endfacet
  facet normal 0 0 1
    outer loop
      vertex 150.38 184.174 4
      vertex 149.826 183.62 4
      vertex 150.121 183.879 4
    endloop
  endfacet
  facet normal 0 -0 1
    outer loop
      vertex 148 183 4
      vertex 149.5 183.402 4
      vertex 144.905 187.9 4
    endloop
  endfacet
  facet normal 0 0 1
    outer loop
      vertex 149.5 183.402 4
      vertex 148 183 4
      vertex 149.148 183.228 4
    endloop
  endfacet
  facet normal 0 0 1
    outer loop
      vertex 149.148 183.228 4
      vertex 148 183 4
      vertex 148.776 183.102 4
    endloop
  endfacet
  facet normal 0 0 1
    outer loop
      vertex 148.776 183.102 4
      vertex 148 183 4
      vertex 148.392 183.026 4
    endloop
  endfacet
  facet normal -0 0 1
    outer loop
      vertex 144.745 187.661 4
      vertex 148 183 4
      vertex 144.905 187.9 4
    endloop
  endfacet
  facet normal -0 0 1
    outer loop
      vertex 144.556 187.444 4
      vertex 148 183 4
      vertex 144.745 187.661 4
    endloop
  endfacet
  facet normal -0 0 1
    outer loop
      vertex 144.339 187.255 4
      vertex 148 183 4
      vertex 144.556 187.444 4
    endloop
  endfacet
  facet normal -0 0 1
    outer loop
      vertex 144.1 187.095 4
      vertex 148 183 4
      vertex 144.339 187.255 4
    endloop
  endfacet
  facet normal -0 0 1
    outer loop
      vertex 143.842 186.967 4
      vertex 148 183 4
      vertex 144.1 187.095 4
    endloop
  endfacet
  facet normal -0 0 1
    outer loop
      vertex 143.569 186.875 4
      vertex 148 183 4
      vertex 143.842 186.967 4
    endloop
  endfacet
  facet normal -0 0 1
    outer loop
      vertex 143.287 186.819 4
      vertex 148 183 4
      vertex 143.569 186.875 4
    endloop
  endfacet
  facet normal 0 0 1
    outer loop
      vertex 139 183 4
      vertex 143.287 186.819 4
      vertex 143 186.8 4
    endloop
  endfacet
  facet normal 0 0 1
    outer loop
      vertex 139 183 4
      vertex 143 186.8 4
      vertex 142.713 186.819 4
    endloop
  endfacet
  facet normal 0 0 1
    outer loop
      vertex 139 183 4
      vertex 142.713 186.819 4
      vertex 142.431 186.875 4
    endloop
  endfacet
  facet normal 0 0 1
    outer loop
      vertex 139 183 4
      vertex 142.431 186.875 4
      vertex 142.158 186.967 4
    endloop
  endfacet
  facet normal 0 0 1
    outer loop
      vertex 139 183 4
      vertex 142.158 186.967 4
      vertex 141.9 187.095 4
    endloop
  endfacet
  facet normal 0 0 1
    outer loop
      vertex 139 183 4
      vertex 141.9 187.095 4
      vertex 141.661 187.255 4
    endloop
  endfacet
  facet normal 0 0 1
    outer loop
      vertex 143.287 186.819 4
      vertex 139 183 4
      vertex 148 183 4
    endloop
  endfacet
  facet normal 0 0 1
    outer loop
      vertex 141.444 187.444 4
      vertex 139 183 4
      vertex 141.661 187.255 4
    endloop
  endfacet
  facet normal 0 0 1
    outer loop
      vertex 141.255 187.661 4
      vertex 139 183 4
      vertex 141.444 187.444 4
    endloop
  endfacet
  facet normal 0 0 1
    outer loop
      vertex 141.095 187.9 4
      vertex 139 183 4
      vertex 141.255 187.661 4
    endloop
  endfacet
  facet normal 0 0 1
    outer loop
      vertex 140.967 188.158 4
      vertex 139 183 4
      vertex 141.095 187.9 4
    endloop
  endfacet
  facet normal 0 0 1
    outer loop
      vertex 140.875 188.431 4
      vertex 139 183 4
      vertex 140.967 188.158 4
    endloop
  endfacet
  facet normal 0 0 1
    outer loop
      vertex 140.819 188.713 4
      vertex 139 183 4
      vertex 140.875 188.431 4
    endloop
  endfacet
  facet normal 0 0 1
    outer loop
      vertex 139 183 4
      vertex 140.819 188.713 4
      vertex 140.8 189 4
    endloop
  endfacet
  facet normal 0 0 1
    outer loop
      vertex 136.402 199.5 4
      vertex 136.772 200 4
      vertex 136.62 199.826 4
    endloop
  endfacet
  facet normal 0 0 1
    outer loop
      vertex 137.5 183.402 4
      vertex 136 186 4
      vertex 137.174 183.62 4
    endloop
  endfacet
  facet normal 0 0 1
    outer loop
      vertex 136.772 200 4
      vertex 136.402 199.5 4
      vertex 136 198 4
    endloop
  endfacet
  facet normal 0 0 1
    outer loop
      vertex 137.174 183.62 4
      vertex 136 186 4
      vertex 136.879 183.879 4
    endloop
  endfacet
  facet normal 0 0 1
    outer loop
      vertex 136 198 4
      vertex 136.402 199.5 4
      vertex 136.228 199.148 4
    endloop
  endfacet
  facet normal 0 0 1
    outer loop
      vertex 136.879 183.879 4
      vertex 136 186 4
      vertex 136.62 184.174 4
    endloop
  endfacet
  facet normal 0 0 1
    outer loop
      vertex 136 198 4
      vertex 136.228 199.148 4
      vertex 136.102 198.776 4
    endloop
  endfacet
  facet normal 0 0 1
    outer loop
      vertex 136.62 184.174 4
      vertex 136 186 4
      vertex 136.402 184.5 4
    endloop
  endfacet
  facet normal 0 0 1
    outer loop
      vertex 136 198 4
      vertex 136.102 198.776 4
      vertex 136.026 198.392 4
    endloop
  endfacet
  facet normal 0 0 1
    outer loop
      vertex 136.402 184.5 4
      vertex 136 186 4
      vertex 136.228 184.852 4
    endloop
  endfacet
  facet normal 0 0 1
    outer loop
      vertex 136.228 184.852 4
      vertex 136 186 4
      vertex 136.102 185.224 4
    endloop
  endfacet
  facet normal 0 0 1
    outer loop
      vertex 136.102 185.224 4
      vertex 136 186 4
      vertex 136.026 185.608 4
    endloop
  endfacet
  facet normal -0.193723 -0.981056 0
    outer loop
      vertex 5.22354 183.102 0
      vertex 5.60842 183.026 4
      vertex 5.22354 183.102 4
    endloop
  endfacet
  facet normal -0.193723 -0.981056 -0
    outer loop
      vertex 5.60842 183.026 4
      vertex 5.22354 183.102 0
      vertex 5.60842 183.026 0
    endloop
  endfacet
  facet normal 0.980728 -0.195379 0
    outer loop
      vertex 17.8978 185.224 4
      vertex 17.9743 185.608 0
      vertex 17.9743 185.608 4
    endloop
  endfacet
  facet normal 0.980728 -0.195379 0
    outer loop
      vertex 17.9743 185.608 0
      vertex 17.8978 185.224 4
      vertex 17.8978 185.224 0
    endloop
  endfacet
  facet normal 0.0662484 -0.997803 0
    outer loop
      vertex 15 183 0
      vertex 15.3916 183.026 4
      vertex 15 183 4
    endloop
  endfacet
  facet normal 0.0662484 -0.997803 0
    outer loop
      vertex 15.3916 183.026 4
      vertex 15 183 0
      vertex 15.3916 183.026 0
    endloop
  endfacet
  facet normal -0.947036 0.321127 0
    outer loop
      vertex 3.10222 198.776 0
      vertex 3.22836 199.148 4
      vertex 3.22836 199.148 0
    endloop
  endfacet
  facet normal -0.947036 0.321127 0
    outer loop
      vertex 3.22836 199.148 4
      vertex 3.10222 198.776 0
      vertex 3.10222 198.776 4
    endloop
  endfacet
  facet normal 0.980728 0.195379 0
    outer loop
      vertex 17.9743 198.392 4
      vertex 17.8978 198.776 0
      vertex 17.8978 198.776 4
    endloop
  endfacet
  facet normal 0.980728 0.195379 0
    outer loop
      vertex 17.8978 198.776 0
      vertex 17.9743 198.392 4
      vertex 17.9743 198.392 0
    endloop
  endfacet
  facet normal -1 0 0
    outer loop
      vertex 3 186 0
      vertex 3 198 4
      vertex 3 198 0
    endloop
  endfacet
  facet normal -1 -0 0
    outer loop
      vertex 3 198 4
      vertex 3 186 0
      vertex 3 186 4
    endloop
  endfacet
  facet normal 0 -1 0
    outer loop
      vertex 6 183 0
      vertex 15 183 4
      vertex 6 183 4
    endloop
  endfacet
  facet normal 0 -1 -0
    outer loop
      vertex 15 183 4
      vertex 6 183 0
      vertex 15 183 0
    endloop
  endfacet
  facet normal -0.65929 0.751889 0
    outer loop
      vertex 4.10563 200.32 0
      vertex 3.87868 200.121 4
      vertex 4.10563 200.32 4
    endloop
  endfacet
  facet normal -0.65929 0.751889 0
    outer loop
      vertex 3.87868 200.121 4
      vertex 4.10563 200.32 0
      vertex 3.87868 200.121 0
    endloop
  endfacet
  facet normal -0.8969 0.442233 0
    outer loop
      vertex 3.22836 199.148 0
      vertex 3.40192 199.5 4
      vertex 3.40192 199.5 0
    endloop
  endfacet
  facet normal -0.8969 0.442233 0
    outer loop
      vertex 3.40192 199.5 4
      vertex 3.22836 199.148 0
      vertex 3.22836 199.148 4
    endloop
  endfacet
  facet normal 0.751724 -0.659478 0
    outer loop
      vertex 17.1213 183.879 4
      vertex 17.3801 184.174 0
      vertex 17.3801 184.174 4
    endloop
  endfacet
  facet normal 0.751724 -0.659478 0
    outer loop
      vertex 17.3801 184.174 0
      vertex 17.1213 183.879 4
      vertex 17.1213 183.879 0
    endloop
  endfacet
  facet normal 0.831265 0.555877 0
    outer loop
      vertex 17.5981 199.5 4
      vertex 17.3801 199.826 0
      vertex 17.3801 199.826 4
    endloop
  endfacet
  facet normal 0.831265 0.555877 0
    outer loop
      vertex 17.3801 199.826 0
      vertex 17.5981 199.5 4
      vertex 17.5981 199.5 0
    endloop
  endfacet
  facet normal 0.831265 -0.555877 0
    outer loop
      vertex 17.3801 184.174 4
      vertex 17.5981 184.5 0
      vertex 17.5981 184.5 4
    endloop
  endfacet
  facet normal 0.831265 -0.555877 0
    outer loop
      vertex 17.5981 184.5 0
      vertex 17.3801 184.174 4
      vertex 17.3801 184.174 0
    endloop
  endfacet
  facet normal -0.0662518 -0.997803 0
    outer loop
      vertex 5.60842 183.026 0
      vertex 6 183 4
      vertex 5.60842 183.026 4
    endloop
  endfacet
  facet normal -0.0662518 -0.997803 -0
    outer loop
      vertex 6 183 4
      vertex 5.60842 183.026 0
      vertex 6 183 0
    endloop
  endfacet
  facet normal -0.997863 -0.0653447 0
    outer loop
      vertex 3.02567 185.608 0
      vertex 3 186 4
      vertex 3 186 0
    endloop
  endfacet
  facet normal -0.997863 -0.0653447 0
    outer loop
      vertex 3 186 4
      vertex 3.02567 185.608 0
      vertex 3.02567 185.608 4
    endloop
  endfacet
  facet normal 0.321194 -0.947013 0
    outer loop
      vertex 15.7765 183.102 0
      vertex 16.148 183.228 4
      vertex 15.7765 183.102 4
    endloop
  endfacet
  facet normal 0.321194 -0.947013 0
    outer loop
      vertex 16.148 183.228 4
      vertex 15.7765 183.102 0
      vertex 16.148 183.228 0
    endloop
  endfacet
  facet normal 0.193714 -0.981058 0
    outer loop
      vertex 15.3916 183.026 0
      vertex 15.7765 183.102 4
      vertex 15.3916 183.026 4
    endloop
  endfacet
  facet normal 0.193714 -0.981058 0
    outer loop
      vertex 15.7765 183.102 4
      vertex 15.3916 183.026 0
      vertex 15.7765 183.102 0
    endloop
  endfacet
  facet normal 0.555523 -0.831501 0
    outer loop
      vertex 16.5 183.402 0
      vertex 16.8263 183.62 4
      vertex 16.5 183.402 4
    endloop
  endfacet
  facet normal 0.555523 -0.831501 0
    outer loop
      vertex 16.8263 183.62 4
      vertex 16.5 183.402 0
      vertex 16.8263 183.62 0
    endloop
  endfacet
  facet normal 0.443134 -0.896455 0
    outer loop
      vertex 16.148 183.228 0
      vertex 16.5 183.402 4
      vertex 16.148 183.228 4
    endloop
  endfacet
  facet normal 0.443134 -0.896455 0
    outer loop
      vertex 16.5 183.402 4
      vertex 16.148 183.228 0
      vertex 16.5 183.402 0
    endloop
  endfacet
  facet normal -0.555547 -0.831485 0
    outer loop
      vertex 4.17372 183.62 0
      vertex 4.5 183.402 4
      vertex 4.17372 183.62 4
    endloop
  endfacet
  facet normal -0.555547 -0.831485 -0
    outer loop
      vertex 4.5 183.402 4
      vertex 4.17372 183.62 0
      vertex 4.5 183.402 0
    endloop
  endfacet
  facet normal -0.947036 -0.321127 0
    outer loop
      vertex 3.22836 184.852 0
      vertex 3.10222 185.224 4
      vertex 3.10222 185.224 0
    endloop
  endfacet
  facet normal -0.947036 -0.321127 0
    outer loop
      vertex 3.10222 185.224 4
      vertex 3.22836 184.852 0
      vertex 3.22836 184.852 4
    endloop
  endfacet
  facet normal -0.980703 -0.195502 0
    outer loop
      vertex 3.10222 185.224 0
      vertex 3.02567 185.608 4
      vertex 3.02567 185.608 0
    endloop
  endfacet
  facet normal -0.980703 -0.195502 0
    outer loop
      vertex 3.02567 185.608 4
      vertex 3.10222 185.224 0
      vertex 3.10222 185.224 4
    endloop
  endfacet
  facet normal 1 -0 0
    outer loop
      vertex 18 186 4
      vertex 18 198 0
      vertex 18 198 4
    endloop
  endfacet
  facet normal 1 0 0
    outer loop
      vertex 18 198 0
      vertex 18 186 4
      vertex 18 186 0
    endloop
  endfacet
  facet normal -0.831241 0.555912 0
    outer loop
      vertex 3.40192 199.5 0
      vertex 3.61994 199.826 4
      vertex 3.61994 199.826 0
    endloop
  endfacet
  facet normal -0.831241 0.555912 0
    outer loop
      vertex 3.61994 199.826 4
      vertex 3.40192 199.5 0
      vertex 3.40192 199.5 4
    endloop
  endfacet
  facet normal 0.997858 0.0654208 0
    outer loop
      vertex 18 198 4
      vertex 17.9743 198.392 0
      vertex 17.9743 198.392 4
    endloop
  endfacet
  facet normal 0.997858 0.0654208 0
    outer loop
      vertex 17.9743 198.392 0
      vertex 18 198 4
      vertex 18 198 0
    endloop
  endfacet
  facet normal -0.8969 -0.442233 0
    outer loop
      vertex 3.40192 184.5 0
      vertex 3.22836 184.852 4
      vertex 3.22836 184.852 0
    endloop
  endfacet
  facet normal -0.8969 -0.442233 0
    outer loop
      vertex 3.22836 184.852 4
      vertex 3.40192 184.5 0
      vertex 3.40192 184.5 4
    endloop
  endfacet
  facet normal -0.443185 -0.89643 0
    outer loop
      vertex 4.5 183.402 0
      vertex 4.85195 183.228 4
      vertex 4.5 183.402 4
    endloop
  endfacet
  facet normal -0.443185 -0.89643 -0
    outer loop
      vertex 4.85195 183.228 4
      vertex 4.5 183.402 0
      vertex 4.85195 183.228 0
    endloop
  endfacet
  facet normal -0.831241 -0.555912 0
    outer loop
      vertex 3.61994 184.174 0
      vertex 3.40192 184.5 4
      vertex 3.40192 184.5 0
    endloop
  endfacet
  facet normal -0.831241 -0.555912 0
    outer loop
      vertex 3.40192 184.5 4
      vertex 3.61994 184.174 0
      vertex 3.61994 184.174 4
    endloop
  endfacet
  facet normal 0.659766 -0.751471 0
    outer loop
      vertex 16.8263 183.62 0
      vertex 17.1213 183.879 4
      vertex 16.8263 183.62 4
    endloop
  endfacet
  facet normal 0.659766 -0.751471 0
    outer loop
      vertex 17.1213 183.879 4
      vertex 16.8263 183.62 0
      vertex 17.1213 183.879 0
    endloop
  endfacet
  facet normal -0.997863 0.0653447 0
    outer loop
      vertex 3 198 0
      vertex 3.02567 198.392 4
      vertex 3.02567 198.392 0
    endloop
  endfacet
  facet normal -0.997863 0.0653447 0
    outer loop
      vertex 3.02567 198.392 4
      vertex 3 198 0
      vertex 3 198 4
    endloop
  endfacet
  facet normal -0.980703 0.195502 0
    outer loop
      vertex 3.02567 198.392 0
      vertex 3.10222 198.776 4
      vertex 3.10222 198.776 0
    endloop
  endfacet
  facet normal -0.980703 0.195502 0
    outer loop
      vertex 3.10222 198.776 4
      vertex 3.02567 198.392 0
      vertex 3.02567 198.392 4
    endloop
  endfacet
  facet normal -0.321125 -0.947037 0
    outer loop
      vertex 4.85195 183.228 0
      vertex 5.22354 183.102 4
      vertex 4.85195 183.228 4
    endloop
  endfacet
  facet normal -0.321125 -0.947037 -0
    outer loop
      vertex 5.22354 183.102 4
      vertex 4.85195 183.228 0
      vertex 5.22354 183.102 0
    endloop
  endfacet
  facet normal 0.94699 0.321264 0
    outer loop
      vertex 17.8978 198.776 4
      vertex 17.7716 199.148 0
      vertex 17.7716 199.148 4
    endloop
  endfacet
  facet normal 0.94699 0.321264 0
    outer loop
      vertex 17.7716 199.148 0
      vertex 17.8978 198.776 4
      vertex 17.8978 198.776 0
    endloop
  endfacet
  facet normal 0.997858 -0.0654208 0
    outer loop
      vertex 17.9743 185.608 4
      vertex 18 186 0
      vertex 18 186 4
    endloop
  endfacet
  facet normal 0.997858 -0.0654208 0
    outer loop
      vertex 18 186 0
      vertex 17.9743 185.608 4
      vertex 17.9743 185.608 0
    endloop
  endfacet
  facet normal -0.751799 -0.659392 0
    outer loop
      vertex 3.87868 183.879 0
      vertex 3.61994 184.174 4
      vertex 3.61994 184.174 0
    endloop
  endfacet
  facet normal -0.751799 -0.659392 0
    outer loop
      vertex 3.61994 184.174 4
      vertex 3.87868 183.879 0
      vertex 3.87868 183.879 4
    endloop
  endfacet
  facet normal -0.659716 -0.751515 0
    outer loop
      vertex 3.87868 183.879 0
      vertex 4.17372 183.62 4
      vertex 3.87868 183.879 4
    endloop
  endfacet
  facet normal -0.659716 -0.751515 -0
    outer loop
      vertex 4.17372 183.62 4
      vertex 3.87868 183.879 0
      vertex 4.17372 183.62 0
    endloop
  endfacet
  facet normal 0.896961 -0.44211 0
    outer loop
      vertex 17.5981 184.5 4
      vertex 17.7716 184.852 0
      vertex 17.7716 184.852 4
    endloop
  endfacet
  facet normal 0.896961 -0.44211 0
    outer loop
      vertex 17.7716 184.852 0
      vertex 17.5981 184.5 4
      vertex 17.5981 184.5 0
    endloop
  endfacet
  facet normal 0 0 -1
    outer loop
      vertex 12.7454 187.661 0
      vertex 18 186 0
      vertex 17.9743 185.608 0
    endloop
  endfacet
  facet normal 0 0 -1
    outer loop
      vertex 18 186 0
      vertex 13.0325 189.842 0
      vertex 18 198 0
    endloop
  endfacet
  facet normal 0 0 -1
    outer loop
      vertex 12.7454 187.661 0
      vertex 17.9743 185.608 0
      vertex 17.8978 185.224 0
    endloop
  endfacet
  facet normal 0 0 -1
    outer loop
      vertex 18 186 0
      vertex 13.125 189.569 0
      vertex 13.0325 189.842 0
    endloop
  endfacet
  facet normal 0 0 -1
    outer loop
      vertex 12.7454 187.661 0
      vertex 17.8978 185.224 0
      vertex 17.7716 184.852 0
    endloop
  endfacet
  facet normal 0 0 -1
    outer loop
      vertex 12.9053 190.1 0
      vertex 18 198 0
      vertex 13.0325 189.842 0
    endloop
  endfacet
  facet normal 0 0 -1
    outer loop
      vertex 12.7454 187.661 0
      vertex 17.7716 184.852 0
      vertex 17.5981 184.5 0
    endloop
  endfacet
  facet normal 0 0 -1
    outer loop
      vertex 12.7454 190.339 0
      vertex 18 198 0
      vertex 12.9053 190.1 0
    endloop
  endfacet
  facet normal 0 0 -1
    outer loop
      vertex 12.7454 187.661 0
      vertex 17.5981 184.5 0
      vertex 17.3801 184.174 0
    endloop
  endfacet
  facet normal 0 0 -1
    outer loop
      vertex 12.5556 190.556 0
      vertex 18 198 0
      vertex 12.7454 190.339 0
    endloop
  endfacet
  facet normal 0 0 -1
    outer loop
      vertex 12.3393 190.745 0
      vertex 18 198 0
      vertex 12.5556 190.556 0
    endloop
  endfacet
  facet normal 0 0 -1
    outer loop
      vertex 12.7454 187.661 0
      vertex 17.3801 184.174 0
      vertex 17.1213 183.879 0
    endloop
  endfacet
  facet normal -0 0 -1
    outer loop
      vertex 140.819 189.287 0
      vertex 136 186 0
      vertex 140.875 189.569 0
    endloop
  endfacet
  facet normal 0 0 -1
    outer loop
      vertex 136 198 0
      vertex 140.875 189.569 0
      vertex 136 186 0
    endloop
  endfacet
  facet normal 0 0 -1
    outer loop
      vertex 136 186 0
      vertex 136.62 184.174 0
      vertex 136.402 184.5 0
    endloop
  endfacet
  facet normal 0 0 -1
    outer loop
      vertex 140.875 189.569 0
      vertex 136 198 0
      vertex 136.772 200 0
    endloop
  endfacet
  facet normal 0 0 -1
    outer loop
      vertex 136 186 0
      vertex 136.402 184.5 0
      vertex 136.228 184.852 0
    endloop
  endfacet
  facet normal 0 -0 -1
    outer loop
      vertex 136.402 199.5 0
      vertex 136.772 200 0
      vertex 136 198 0
    endloop
  endfacet
  facet normal 0 0 -1
    outer loop
      vertex 136 186 0
      vertex 136.228 184.852 0
      vertex 136.102 185.224 0
    endloop
  endfacet
  facet normal 0 0 -1
    outer loop
      vertex 136.772 200 0
      vertex 136.402 199.5 0
      vertex 136.62 199.826 0
    endloop
  endfacet
  facet normal 0 0 -1
    outer loop
      vertex 136 186 0
      vertex 136.102 185.224 0
      vertex 136.026 185.608 0
    endloop
  endfacet
  facet normal 0 0 -1
    outer loop
      vertex 136.402 199.5 0
      vertex 136 198 0
      vertex 136.228 199.148 0
    endloop
  endfacet
  facet normal 0 0 -1
    outer loop
      vertex 136.228 199.148 0
      vertex 136 198 0
      vertex 136.102 198.776 0
    endloop
  endfacet
  facet normal 0 0 -1
    outer loop
      vertex 136.102 198.776 0
      vertex 136 198 0
      vertex 136.026 198.392 0
    endloop
  endfacet
  facet normal 0 0 -1
    outer loop
      vertex 137.595 220.522 0
      vertex 137.595 220.678 0
      vertex 137.6 220.6 0
    endloop
  endfacet
  facet normal 0 0 -1
    outer loop
      vertex 137.58 220.445 0
      vertex 137.595 220.678 0
      vertex 137.595 220.522 0
    endloop
  endfacet
  facet normal 0 0 -1
    outer loop
      vertex 137.58 220.445 0
      vertex 137.58 220.755 0
      vertex 137.595 220.678 0
    endloop
  endfacet
  facet normal 0 0 -1
    outer loop
      vertex 137.554 220.37 0
      vertex 137.58 220.755 0
      vertex 137.58 220.445 0
    endloop
  endfacet
  facet normal 0 0 -1
    outer loop
      vertex 137.554 220.37 0
      vertex 137.554 220.83 0
      vertex 137.58 220.755 0
    endloop
  endfacet
  facet normal 0 0 -1
    outer loop
      vertex 137.52 220.3 0
      vertex 137.554 220.83 0
      vertex 137.554 220.37 0
    endloop
  endfacet
  facet normal 0 0 -1
    outer loop
      vertex 137.52 220.3 0
      vertex 137.52 220.9 0
      vertex 137.554 220.83 0
    endloop
  endfacet
  facet normal 0 0 -1
    outer loop
      vertex 137.476 220.235 0
      vertex 137.52 220.9 0
      vertex 137.52 220.3 0
    endloop
  endfacet
  facet normal 0 0 -1
    outer loop
      vertex 137.476 220.235 0
      vertex 137.476 220.965 0
      vertex 137.52 220.9 0
    endloop
  endfacet
  facet normal 0 0 -1
    outer loop
      vertex 137.424 220.176 0
      vertex 137.476 220.965 0
      vertex 137.476 220.235 0
    endloop
  endfacet
  facet normal 0 0 -1
    outer loop
      vertex 137.424 220.176 0
      vertex 137.424 221.024 0
      vertex 137.476 220.965 0
    endloop
  endfacet
  facet normal 0 0 -1
    outer loop
      vertex 137.365 220.124 0
      vertex 137.424 221.024 0
      vertex 137.424 220.176 0
    endloop
  endfacet
  facet normal 0 0 -1
    outer loop
      vertex 137.365 220.124 0
      vertex 137.365 221.076 0
      vertex 137.424 221.024 0
    endloop
  endfacet
  facet normal 0 0 -1
    outer loop
      vertex 137.3 220.08 0
      vertex 137.365 221.076 0
      vertex 137.365 220.124 0
    endloop
  endfacet
  facet normal 0 0 -1
    outer loop
      vertex 137.3 220.08 0
      vertex 137.3 221.12 0
      vertex 137.365 221.076 0
    endloop
  endfacet
  facet normal 0 0 -1
    outer loop
      vertex 137.23 220.046 0
      vertex 137.3 221.12 0
      vertex 137.3 220.08 0
    endloop
  endfacet
  facet normal 0 0 -1
    outer loop
      vertex 137.23 220.046 0
      vertex 137.23 221.154 0
      vertex 137.3 221.12 0
    endloop
  endfacet
  facet normal 0 0 -1
    outer loop
      vertex 137.23 220.046 0
      vertex 137.155 221.18 0
      vertex 137.23 221.154 0
    endloop
  endfacet
  facet normal 0 0 -1
    outer loop
      vertex 137.23 220.046 0
      vertex 137.078 221.195 0
      vertex 137.155 221.18 0
    endloop
  endfacet
  facet normal 0 0 -1
    outer loop
      vertex 137.23 220.046 0
      vertex 134.805 220.407 0
      vertex 137.078 221.195 0
    endloop
  endfacet
  facet normal 0 0 -1
    outer loop
      vertex 134.478 219 0
      vertex 134.805 220.407 0
      vertex 137.23 220.046 0
    endloop
  endfacet
  facet normal 0 0 -1
    outer loop
      vertex 134.805 220.407 0
      vertex 134.478 219 0
      vertex 131.77 219.254 0
    endloop
  endfacet
  facet normal 0 0 -1
    outer loop
      vertex 134.805 220.407 0
      vertex 130.209 222.5 0
      vertex 137.078 221.195 0
    endloop
  endfacet
  facet normal 0 -0 -1
    outer loop
      vertex 130.209 222.5 0
      vertex 134.805 220.407 0
      vertex 126.922 221.905 0
    endloop
  endfacet
  facet normal 0 0 -1
    outer loop
      vertex 130.209 222.5 0
      vertex 134.805 224.593 0
      vertex 137.078 223.805 0
    endloop
  endfacet
  facet normal 0 0 -1
    outer loop
      vertex 126.922 223.095 0
      vertex 130.209 222.5 0
      vertex 126.922 221.905 0
    endloop
  endfacet
  facet normal 0 0 -1
    outer loop
      vertex 130.209 222.5 0
      vertex 126.922 223.095 0
      vertex 134.805 224.593 0
    endloop
  endfacet
  facet normal 0 0 -1
    outer loop
      vertex 126.845 221.92 0
      vertex 126.922 223.095 0
      vertex 126.922 221.905 0
    endloop
  endfacet
  facet normal 0 0 -1
    outer loop
      vertex 126.845 221.92 0
      vertex 126.845 223.08 0
      vertex 126.922 223.095 0
    endloop
  endfacet
  facet normal 0 0 -1
    outer loop
      vertex 126.77 221.946 0
      vertex 126.845 223.08 0
      vertex 126.845 221.92 0
    endloop
  endfacet
  facet normal 0 0 -1
    outer loop
      vertex 126.77 221.946 0
      vertex 126.77 223.054 0
      vertex 126.845 223.08 0
    endloop
  endfacet
  facet normal 0 0 -1
    outer loop
      vertex 126.7 221.98 0
      vertex 126.77 223.054 0
      vertex 126.77 221.946 0
    endloop
  endfacet
  facet normal 0 0 -1
    outer loop
      vertex 126.7 221.98 0
      vertex 126.7 223.02 0
      vertex 126.77 223.054 0
    endloop
  endfacet
  facet normal 0 0 -1
    outer loop
      vertex 126.635 222.024 0
      vertex 126.7 223.02 0
      vertex 126.7 221.98 0
    endloop
  endfacet
  facet normal 0 0 -1
    outer loop
      vertex 126.635 222.024 0
      vertex 126.635 222.976 0
      vertex 126.7 223.02 0
    endloop
  endfacet
  facet normal 0 0 -1
    outer loop
      vertex 126.576 222.076 0
      vertex 126.635 222.976 0
      vertex 126.635 222.024 0
    endloop
  endfacet
  facet normal 0 0 -1
    outer loop
      vertex 126.576 222.076 0
      vertex 126.576 222.924 0
      vertex 126.635 222.976 0
    endloop
  endfacet
  facet normal 0 0 -1
    outer loop
      vertex 126.524 222.135 0
      vertex 126.576 222.924 0
      vertex 126.576 222.076 0
    endloop
  endfacet
  facet normal 0 0 -1
    outer loop
      vertex 126.524 222.135 0
      vertex 126.524 222.865 0
      vertex 126.576 222.924 0
    endloop
  endfacet
  facet normal 0 0 -1
    outer loop
      vertex 126.48 222.2 0
      vertex 126.524 222.865 0
      vertex 126.524 222.135 0
    endloop
  endfacet
  facet normal 0 0 -1
    outer loop
      vertex 126.48 222.2 0
      vertex 126.48 222.8 0
      vertex 126.524 222.865 0
    endloop
  endfacet
  facet normal 0 0 -1
    outer loop
      vertex 126.446 222.27 0
      vertex 126.48 222.8 0
      vertex 126.48 222.2 0
    endloop
  endfacet
  facet normal 0 0 -1
    outer loop
      vertex 126.446 222.27 0
      vertex 126.446 222.73 0
      vertex 126.48 222.8 0
    endloop
  endfacet
  facet normal 0 0 -1
    outer loop
      vertex 126.42 222.345 0
      vertex 126.446 222.73 0
      vertex 126.446 222.27 0
    endloop
  endfacet
  facet normal 0 0 -1
    outer loop
      vertex 126.42 222.345 0
      vertex 126.42 222.655 0
      vertex 126.446 222.73 0
    endloop
  endfacet
  facet normal 0 0 -1
    outer loop
      vertex 126.405 222.422 0
      vertex 126.42 222.655 0
      vertex 126.42 222.345 0
    endloop
  endfacet
  facet normal 0 0 -1
    outer loop
      vertex 126.405 222.422 0
      vertex 126.405 222.578 0
      vertex 126.42 222.655 0
    endloop
  endfacet
  facet normal 0 -0 -1
    outer loop
      vertex 126.405 222.578 0
      vertex 126.405 222.422 0
      vertex 126.4 222.5 0
    endloop
  endfacet
  facet normal 0 0 -1
    outer loop
      vertex 137.595 224.322 0
      vertex 137.595 224.478 0
      vertex 137.6 224.4 0
    endloop
  endfacet
  facet normal 0 0 -1
    outer loop
      vertex 137.58 224.245 0
      vertex 137.595 224.478 0
      vertex 137.595 224.322 0
    endloop
  endfacet
  facet normal 0 0 -1
    outer loop
      vertex 137.58 224.245 0
      vertex 137.58 224.555 0
      vertex 137.595 224.478 0
    endloop
  endfacet
  facet normal 0 0 -1
    outer loop
      vertex 137.554 224.17 0
      vertex 137.58 224.555 0
      vertex 137.58 224.245 0
    endloop
  endfacet
  facet normal 0 0 -1
    outer loop
      vertex 137.554 224.17 0
      vertex 137.554 224.63 0
      vertex 137.58 224.555 0
    endloop
  endfacet
  facet normal 0 0 -1
    outer loop
      vertex 137.52 224.1 0
      vertex 137.554 224.63 0
      vertex 137.554 224.17 0
    endloop
  endfacet
  facet normal 0 0 -1
    outer loop
      vertex 137.52 224.1 0
      vertex 137.52 224.7 0
      vertex 137.554 224.63 0
    endloop
  endfacet
  facet normal 0 0 -1
    outer loop
      vertex 137.476 224.035 0
      vertex 137.52 224.7 0
      vertex 137.52 224.1 0
    endloop
  endfacet
  facet normal 0 0 -1
    outer loop
      vertex 137.476 224.035 0
      vertex 137.476 224.765 0
      vertex 137.52 224.7 0
    endloop
  endfacet
  facet normal 0 0 -1
    outer loop
      vertex 137.424 223.976 0
      vertex 137.476 224.765 0
      vertex 137.476 224.035 0
    endloop
  endfacet
  facet normal 0 0 -1
    outer loop
      vertex 137.424 223.976 0
      vertex 137.424 224.824 0
      vertex 137.476 224.765 0
    endloop
  endfacet
  facet normal 0 0 -1
    outer loop
      vertex 137.365 223.924 0
      vertex 137.424 224.824 0
      vertex 137.424 223.976 0
    endloop
  endfacet
  facet normal 0 0 -1
    outer loop
      vertex 137.365 223.924 0
      vertex 137.365 224.876 0
      vertex 137.424 224.824 0
    endloop
  endfacet
  facet normal 0 0 -1
    outer loop
      vertex 137.3 223.88 0
      vertex 137.365 224.876 0
      vertex 137.365 223.924 0
    endloop
  endfacet
  facet normal 0 0 -1
    outer loop
      vertex 137.3 223.88 0
      vertex 137.3 224.92 0
      vertex 137.365 224.876 0
    endloop
  endfacet
  facet normal 0 0 -1
    outer loop
      vertex 137.23 223.846 0
      vertex 137.3 224.92 0
      vertex 137.3 223.88 0
    endloop
  endfacet
  facet normal 0 0 -1
    outer loop
      vertex 137.23 223.846 0
      vertex 137.23 224.954 0
      vertex 137.3 224.92 0
    endloop
  endfacet
  facet normal 0 0 -1
    outer loop
      vertex 137.155 223.82 0
      vertex 137.23 224.954 0
      vertex 137.23 223.846 0
    endloop
  endfacet
  facet normal 0 0 -1
    outer loop
      vertex 137.078 223.805 0
      vertex 137.23 224.954 0
      vertex 137.155 223.82 0
    endloop
  endfacet
  facet normal 0 0 -1
    outer loop
      vertex 134.805 224.593 0
      vertex 137.23 224.954 0
      vertex 137.078 223.805 0
    endloop
  endfacet
  facet normal 0 0 -1
    outer loop
      vertex 134.805 224.593 0
      vertex 134.478 226 0
      vertex 137.23 224.954 0
    endloop
  endfacet
  facet normal 0 -0 -1
    outer loop
      vertex 134.478 226 0
      vertex 134.805 224.593 0
      vertex 131.77 225.746 0
    endloop
  endfacet
  facet normal 0 0 -1
    outer loop
      vertex 148 183 0
      vertex 151 186 0
      vertex 150.974 185.608 0
    endloop
  endfacet
  facet normal 0 0 -1
    outer loop
      vertex 151 186 0
      vertex 145.033 189.842 0
      vertex 151 198 0
    endloop
  endfacet
  facet normal 0 0 -1
    outer loop
      vertex 148 183 0
      vertex 150.974 185.608 0
      vertex 150.898 185.224 0
    endloop
  endfacet
  facet normal 0 0 -1
    outer loop
      vertex 144.905 190.1 0
      vertex 151 198 0
      vertex 145.033 189.842 0
    endloop
  endfacet
  facet normal 0 0 -1
    outer loop
      vertex 148 183 0
      vertex 150.898 185.224 0
      vertex 150.772 184.852 0
    endloop
  endfacet
  facet normal 0 0 -1
    outer loop
      vertex 151 186 0
      vertex 145.125 189.569 0
      vertex 145.033 189.842 0
    endloop
  endfacet
  facet normal 0 0 -1
    outer loop
      vertex 148 183 0
      vertex 150.772 184.852 0
      vertex 150.598 184.5 0
    endloop
  endfacet
  facet normal 0 0 -1
    outer loop
      vertex 144.745 190.339 0
      vertex 151 198 0
      vertex 144.905 190.1 0
    endloop
  endfacet
  facet normal 0 0 -1
    outer loop
      vertex 148 183 0
      vertex 150.598 184.5 0
      vertex 150.38 184.174 0
    endloop
  endfacet
  facet normal 0 0 -1
    outer loop
      vertex 144.556 190.556 0
      vertex 151 198 0
      vertex 144.745 190.339 0
    endloop
  endfacet
  facet normal 0 0 -1
    outer loop
      vertex 148 183 0
      vertex 150.38 184.174 0
      vertex 150.121 183.879 0
    endloop
  endfacet
  facet normal 0 0 -1
    outer loop
      vertex 144.339 190.745 0
      vertex 151 198 0
      vertex 144.556 190.556 0
    endloop
  endfacet
  facet normal 0 0 -1
    outer loop
      vertex 144.1 190.905 0
      vertex 151 198 0
      vertex 144.339 190.745 0
    endloop
  endfacet
  facet normal 0 0 -1
    outer loop
      vertex 148 183 0
      vertex 150.121 183.879 0
      vertex 149.826 183.62 0
    endloop
  endfacet
  facet normal 0 0 -1
    outer loop
      vertex 149.894 200.32 0
      vertex 154 206 0
      vertex 153.949 205.217 0
    endloop
  endfacet
  facet normal 0 0 -1
    outer loop
      vertex 154 206 0
      vertex 144 219 0
      vertex 154 213 0
    endloop
  endfacet
  facet normal 0 0 -1
    outer loop
      vertex 149.894 200.32 0
      vertex 153.949 205.217 0
      vertex 153.796 204.447 0
    endloop
  endfacet
  facet normal -0 -0 -1
    outer loop
      vertex 148 219 0
      vertex 154 213 0
      vertex 144 219 0
    endloop
  endfacet
  facet normal 0 0 -1
    outer loop
      vertex 149.894 200.32 0
      vertex 153.796 204.447 0
      vertex 153.543 203.704 0
    endloop
  endfacet
  facet normal 0 0 -1
    outer loop
      vertex 154 213 0
      vertex 148 219 0
      vertex 153.949 213.783 0
    endloop
  endfacet
  facet normal 0 0 -1
    outer loop
      vertex 149.894 200.32 0
      vertex 153.543 203.704 0
      vertex 153.196 203 0
    endloop
  endfacet
  facet normal 0 0 -1
    outer loop
      vertex 153.949 213.783 0
      vertex 148 219 0
      vertex 153.796 214.553 0
    endloop
  endfacet
  facet normal -0 -0 -1
    outer loop
      vertex 153.183 216.019 0
      vertex 153.543 215.296 0
      vertex 148 219 0
    endloop
  endfacet
  facet normal 0 0 -1
    outer loop
      vertex 153.543 215.296 0
      vertex 153.183 216.019 0
      vertex 153.196 216 0
    endloop
  endfacet
  facet normal 0 0 -1
    outer loop
      vertex 153.183 216.019 0
      vertex 153 219 0
      vertex 153.131 218.991 0
    endloop
  endfacet
  facet normal 0 0 -1
    outer loop
      vertex 149.894 200.32 0
      vertex 153.196 203 0
      vertex 152.76 202.347 0
    endloop
  endfacet
  facet normal 0 0 -1
    outer loop
      vertex 149.894 200.32 0
      vertex 152.76 202.347 0
      vertex 152.243 201.757 0
    endloop
  endfacet
  facet normal 0 0 -1
    outer loop
      vertex 149.894 200.32 0
      vertex 152.243 201.757 0
      vertex 151.653 201.24 0
    endloop
  endfacet
  facet normal 0 0 -1
    outer loop
      vertex 149.894 200.32 0
      vertex 151.653 201.24 0
      vertex 151 200.804 0
    endloop
  endfacet
  facet normal 0 0 -1
    outer loop
      vertex 149.894 200.32 0
      vertex 151 200.804 0
      vertex 150.296 200.457 0
    endloop
  endfacet
  facet normal -0 0 -1
    outer loop
      vertex 154 206 0
      vertex 149.894 200.32 0
      vertex 144 219 0
    endloop
  endfacet
  facet normal 0 0 -1
    outer loop
      vertex 148 183 0
      vertex 149.826 183.62 0
      vertex 149.5 183.402 0
    endloop
  endfacet
  facet normal 0 0 -1
    outer loop
      vertex 148 183 0
      vertex 149.5 183.402 0
      vertex 149.148 183.228 0
    endloop
  endfacet
  facet normal 0 0 -1
    outer loop
      vertex 148 183 0
      vertex 149.148 183.228 0
      vertex 148.776 183.102 0
    endloop
  endfacet
  facet normal 0 0 -1
    outer loop
      vertex 148 183 0
      vertex 148.776 183.102 0
      vertex 148.392 183.026 0
    endloop
  endfacet
  facet normal -0 0 -1
    outer loop
      vertex 151 186 0
      vertex 148 183 0
      vertex 144.905 187.9 0
    endloop
  endfacet
  facet normal 0 0 -1
    outer loop
      vertex 153.183 216.019 0
      vertex 148 219 0
      vertex 153 219 0
    endloop
  endfacet
  facet normal 0 0 -1
    outer loop
      vertex 151 186 0
      vertex 145.181 189.287 0
      vertex 145.125 189.569 0
    endloop
  endfacet
  facet normal 0 0 -1
    outer loop
      vertex 143.569 191.125 0
      vertex 151 198 0
      vertex 143.842 191.033 0
    endloop
  endfacet
  facet normal 0 0 -1
    outer loop
      vertex 151 186 0
      vertex 145.2 189 0
      vertex 145.181 189.287 0
    endloop
  endfacet
  facet normal 0 0 -1
    outer loop
      vertex 151 186 0
      vertex 145.181 188.713 0
      vertex 145.2 189 0
    endloop
  endfacet
  facet normal 0 0 -1
    outer loop
      vertex 151 186 0
      vertex 145.125 188.431 0
      vertex 145.181 188.713 0
    endloop
  endfacet
  facet normal 0 0 -1
    outer loop
      vertex 151 186 0
      vertex 145.033 188.158 0
      vertex 145.125 188.431 0
    endloop
  endfacet
  facet normal 0 0 -1
    outer loop
      vertex 151 186 0
      vertex 144.905 187.9 0
      vertex 145.033 188.158 0
    endloop
  endfacet
  facet normal 0 0 -1
    outer loop
      vertex 148 183 0
      vertex 144.745 187.661 0
      vertex 144.905 187.9 0
    endloop
  endfacet
  facet normal 0 0 -1
    outer loop
      vertex 148 183 0
      vertex 144.556 187.444 0
      vertex 144.745 187.661 0
    endloop
  endfacet
  facet normal 0 0 -1
    outer loop
      vertex 148 183 0
      vertex 144.339 187.255 0
      vertex 144.556 187.444 0
    endloop
  endfacet
  facet normal 0 0 -1
    outer loop
      vertex 148 183 0
      vertex 144.1 187.095 0
      vertex 144.339 187.255 0
    endloop
  endfacet
  facet normal 0 0 -1
    outer loop
      vertex 148 183 0
      vertex 143.842 186.967 0
      vertex 144.1 187.095 0
    endloop
  endfacet
  facet normal 0 0 -1
    outer loop
      vertex 148 183 0
      vertex 143.569 186.875 0
      vertex 143.842 186.967 0
    endloop
  endfacet
  facet normal 0 0 -1
    outer loop
      vertex 148 183 0
      vertex 143.287 186.819 0
      vertex 143.569 186.875 0
    endloop
  endfacet
  facet normal 0 0 -1
    outer loop
      vertex 139 183 0
      vertex 143.287 186.819 0
      vertex 148 183 0
    endloop
  endfacet
  facet normal 0 0 -1
    outer loop
      vertex 143.287 186.819 0
      vertex 139 183 0
      vertex 143 186.8 0
    endloop
  endfacet
  facet normal -0 0 -1
    outer loop
      vertex 143 186.8 0
      vertex 139 183 0
      vertex 142.713 186.819 0
    endloop
  endfacet
  facet normal -0 0 -1
    outer loop
      vertex 142.713 186.819 0
      vertex 139 183 0
      vertex 142.431 186.875 0
    endloop
  endfacet
  facet normal -0 0 -1
    outer loop
      vertex 142.431 186.875 0
      vertex 139 183 0
      vertex 142.158 186.967 0
    endloop
  endfacet
  facet normal -0 0 -1
    outer loop
      vertex 142.158 186.967 0
      vertex 139 183 0
      vertex 141.9 187.095 0
    endloop
  endfacet
  facet normal -0 0 -1
    outer loop
      vertex 141.095 187.9 0
      vertex 136 186 0
      vertex 140.967 188.158 0
    endloop
  endfacet
  facet normal -0 0 -1
    outer loop
      vertex 141.255 187.661 0
      vertex 136 186 0
      vertex 141.095 187.9 0
    endloop
  endfacet
  facet normal 0 0 -1
    outer loop
      vertex 136 186 0
      vertex 141.255 187.661 0
      vertex 136.62 184.174 0
    endloop
  endfacet
  facet normal 0 0 -1
    outer loop
      vertex 136.62 184.174 0
      vertex 141.255 187.661 0
      vertex 136.879 183.879 0
    endloop
  endfacet
  facet normal 0 0 -1
    outer loop
      vertex 136.879 183.879 0
      vertex 141.255 187.661 0
      vertex 139 183 0
    endloop
  endfacet
  facet normal -0 0 -1
    outer loop
      vertex 141.444 187.444 0
      vertex 139 183 0
      vertex 141.255 187.661 0
    endloop
  endfacet
  facet normal -0 0 -1
    outer loop
      vertex 141.661 187.255 0
      vertex 139 183 0
      vertex 141.444 187.444 0
    endloop
  endfacet
  facet normal -0 0 -1
    outer loop
      vertex 141.9 187.095 0
      vertex 139 183 0
      vertex 141.661 187.255 0
    endloop
  endfacet
  facet normal 0 0 -1
    outer loop
      vertex 153.183 216.019 0
      vertex 154 217 0
      vertex 153.991 216.869 0
    endloop
  endfacet
  facet normal -0 0 -1
    outer loop
      vertex 154 217 0
      vertex 153.183 216.019 0
      vertex 154 218 0
    endloop
  endfacet
  facet normal 0 0 -1
    outer loop
      vertex 153.183 216.019 0
      vertex 153.991 216.869 0
      vertex 153.966 216.741 0
    endloop
  endfacet
  facet normal 0 0 -1
    outer loop
      vertex 153.131 218.991 0
      vertex 154 218 0
      vertex 153.183 216.019 0
    endloop
  endfacet
  facet normal 0 0 -1
    outer loop
      vertex 153.183 216.019 0
      vertex 153.966 216.741 0
      vertex 153.924 216.617 0
    endloop
  endfacet
  facet normal 0 0 -1
    outer loop
      vertex 154 218 0
      vertex 153.131 218.991 0
      vertex 153.991 218.131 0
    endloop
  endfacet
  facet normal 0 0 -1
    outer loop
      vertex 153.183 216.019 0
      vertex 153.924 216.617 0
      vertex 153.866 216.5 0
    endloop
  endfacet
  facet normal 0 0 -1
    outer loop
      vertex 153.991 218.131 0
      vertex 153.131 218.991 0
      vertex 153.966 218.259 0
    endloop
  endfacet
  facet normal 0 0 -1
    outer loop
      vertex 153.183 216.019 0
      vertex 153.866 216.5 0
      vertex 153.793 216.391 0
    endloop
  endfacet
  facet normal 0 0 -1
    outer loop
      vertex 153.966 218.259 0
      vertex 153.131 218.991 0
      vertex 153.924 218.383 0
    endloop
  endfacet
  facet normal 0 0 -1
    outer loop
      vertex 153.183 216.019 0
      vertex 153.793 216.391 0
      vertex 153.707 216.293 0
    endloop
  endfacet
  facet normal 0 0 -1
    outer loop
      vertex 153.924 218.383 0
      vertex 153.131 218.991 0
      vertex 153.866 218.5 0
    endloop
  endfacet
  facet normal 0 0 -1
    outer loop
      vertex 153.183 216.019 0
      vertex 153.707 216.293 0
      vertex 153.609 216.207 0
    endloop
  endfacet
  facet normal 0 0 -1
    outer loop
      vertex 153.866 218.5 0
      vertex 153.131 218.991 0
      vertex 153.793 218.609 0
    endloop
  endfacet
  facet normal 0 0 -1
    outer loop
      vertex 153.183 216.019 0
      vertex 153.609 216.207 0
      vertex 153.5 216.134 0
    endloop
  endfacet
  facet normal 0 0 -1
    outer loop
      vertex 153.793 218.609 0
      vertex 153.131 218.991 0
      vertex 153.707 218.707 0
    endloop
  endfacet
  facet normal 0 0 -1
    outer loop
      vertex 153.183 216.019 0
      vertex 153.5 216.134 0
      vertex 153.383 216.076 0
    endloop
  endfacet
  facet normal 0 0 -1
    outer loop
      vertex 153.707 218.707 0
      vertex 153.131 218.991 0
      vertex 153.609 218.793 0
    endloop
  endfacet
  facet normal 0 0 -1
    outer loop
      vertex 153.183 216.019 0
      vertex 153.383 216.076 0
      vertex 153.259 216.034 0
    endloop
  endfacet
  facet normal 0 0 -1
    outer loop
      vertex 153.609 218.793 0
      vertex 153.131 218.991 0
      vertex 153.5 218.866 0
    endloop
  endfacet
  facet normal 0 0 -1
    outer loop
      vertex 153.5 218.866 0
      vertex 153.131 218.991 0
      vertex 153.383 218.924 0
    endloop
  endfacet
  facet normal 0 0 -1
    outer loop
      vertex 153.383 218.924 0
      vertex 153.131 218.991 0
      vertex 153.259 218.966 0
    endloop
  endfacet
  facet normal 0 0 -1
    outer loop
      vertex 153 226 0
      vertex 154 227 0
      vertex 153.991 226.869 0
    endloop
  endfacet
  facet normal -0 0 -1
    outer loop
      vertex 154 227 0
      vertex 153 226 0
      vertex 154 228 0
    endloop
  endfacet
  facet normal 0 0 -1
    outer loop
      vertex 153 226 0
      vertex 153.991 226.869 0
      vertex 153.966 226.741 0
    endloop
  endfacet
  facet normal 0 0 -1
    outer loop
      vertex 153 229 0
      vertex 154 228 0
      vertex 153 226 0
    endloop
  endfacet
  facet normal 0 0 -1
    outer loop
      vertex 153 226 0
      vertex 153.966 226.741 0
      vertex 153.924 226.617 0
    endloop
  endfacet
  facet normal 0 0 -1
    outer loop
      vertex 154 228 0
      vertex 153 229 0
      vertex 153.991 228.131 0
    endloop
  endfacet
  facet normal 0 0 -1
    outer loop
      vertex 153 226 0
      vertex 153.924 226.617 0
      vertex 153.866 226.5 0
    endloop
  endfacet
  facet normal 0 0 -1
    outer loop
      vertex 153.991 228.131 0
      vertex 153 229 0
      vertex 153.966 228.259 0
    endloop
  endfacet
  facet normal 0 0 -1
    outer loop
      vertex 153 226 0
      vertex 153.866 226.5 0
      vertex 153.793 226.391 0
    endloop
  endfacet
  facet normal 0 0 -1
    outer loop
      vertex 153.966 228.259 0
      vertex 153 229 0
      vertex 153.924 228.383 0
    endloop
  endfacet
  facet normal 0 0 -1
    outer loop
      vertex 153 226 0
      vertex 153.793 226.391 0
      vertex 153.707 226.293 0
    endloop
  endfacet
  facet normal 0 0 -1
    outer loop
      vertex 153.924 228.383 0
      vertex 153 229 0
      vertex 153.866 228.5 0
    endloop
  endfacet
  facet normal 0 0 -1
    outer loop
      vertex 153 226 0
      vertex 153.707 226.293 0
      vertex 153.609 226.207 0
    endloop
  endfacet
  facet normal 0 0 -1
    outer loop
      vertex 153.866 228.5 0
      vertex 153 229 0
      vertex 153.793 228.609 0
    endloop
  endfacet
  facet normal 0 0 -1
    outer loop
      vertex 153 226 0
      vertex 153.609 226.207 0
      vertex 153.5 226.134 0
    endloop
  endfacet
  facet normal 0 0 -1
    outer loop
      vertex 153.793 228.609 0
      vertex 153 229 0
      vertex 153.707 228.707 0
    endloop
  endfacet
  facet normal 0 0 -1
    outer loop
      vertex 153 226 0
      vertex 153.5 226.134 0
      vertex 153.383 226.076 0
    endloop
  endfacet
  facet normal 0 0 -1
    outer loop
      vertex 153.707 228.707 0
      vertex 153 229 0
      vertex 153.609 228.793 0
    endloop
  endfacet
  facet normal 0 0 -1
    outer loop
      vertex 153 226 0
      vertex 153.383 226.076 0
      vertex 153.259 226.034 0
    endloop
  endfacet
  facet normal 0 0 -1
    outer loop
      vertex 153.609 228.793 0
      vertex 153 229 0
      vertex 153.5 228.866 0
    endloop
  endfacet
  facet normal 0 0 -1
    outer loop
      vertex 153 226 0
      vertex 153.259 226.034 0
      vertex 153.131 226.009 0
    endloop
  endfacet
  facet normal 0 0 -1
    outer loop
      vertex 153.5 228.866 0
      vertex 153 229 0
      vertex 153.383 228.924 0
    endloop
  endfacet
  facet normal 0 0 -1
    outer loop
      vertex 153.383 228.924 0
      vertex 153 229 0
      vertex 153.259 228.966 0
    endloop
  endfacet
  facet normal 0 0 -1
    outer loop
      vertex 153.259 228.966 0
      vertex 153 229 0
      vertex 153.131 228.991 0
    endloop
  endfacet
  facet normal 0 0 -1
    outer loop
      vertex 134.478 226 0
      vertex 153 229 0
      vertex 153 226 0
    endloop
  endfacet
  facet normal 0 0 -1
    outer loop
      vertex 131.48 226 0
      vertex 134.478 226 0
      vertex 131.77 225.746 0
    endloop
  endfacet
  facet normal 0 0 -1
    outer loop
      vertex 131.48 226 0
      vertex 131.77 225.746 0
      vertex 131.7 225.78 0
    endloop
  endfacet
  facet normal 0 0 -1
    outer loop
      vertex 131.48 226 0
      vertex 131.7 225.78 0
      vertex 131.635 225.824 0
    endloop
  endfacet
  facet normal 0 0 -1
    outer loop
      vertex 131.48 226 0
      vertex 131.635 225.824 0
      vertex 131.576 225.876 0
    endloop
  endfacet
  facet normal 0 0 -1
    outer loop
      vertex 131.48 226 0
      vertex 131.576 225.876 0
      vertex 131.524 225.935 0
    endloop
  endfacet
  facet normal 0 0 -1
    outer loop
      vertex 134.478 226 0
      vertex 131.48 226 0
      vertex 153 229 0
    endloop
  endfacet
  facet normal 0 0 -1
    outer loop
      vertex 100.478 226 0
      vertex 153 229 0
      vertex 131.48 226 0
    endloop
  endfacet
  facet normal 0 0 -1
    outer loop
      vertex 97.4804 226 0
      vertex 97.7704 225.746 0
      vertex 97.7 225.78 0
    endloop
  endfacet
  facet normal 0 0 -1
    outer loop
      vertex 97.4804 226 0
      vertex 97.7 225.78 0
      vertex 97.6347 225.824 0
    endloop
  endfacet
  facet normal 0 0 -1
    outer loop
      vertex 97.4804 226 0
      vertex 97.6347 225.824 0
      vertex 97.5757 225.876 0
    endloop
  endfacet
  facet normal 0 0 -1
    outer loop
      vertex 97.7704 225.746 0
      vertex 97.4804 226 0
      vertex 100.478 226 0
    endloop
  endfacet
  facet normal 0 0 -1
    outer loop
      vertex 97.4804 226 0
      vertex 97.5757 225.876 0
      vertex 97.524 225.935 0
    endloop
  endfacet
  facet normal 0 0 -1
    outer loop
      vertex 100.478 226 0
      vertex 97.4804 226 0
      vertex 153 229 0
    endloop
  endfacet
  facet normal 0 0 -1
    outer loop
      vertex 58.4778 226 0
      vertex 153 229 0
      vertex 97.4804 226 0
    endloop
  endfacet
  facet normal 0 0 -1
    outer loop
      vertex 55.4804 226 0
      vertex 55.7704 225.746 0
      vertex 55.7 225.78 0
    endloop
  endfacet
  facet normal 0 0 -1
    outer loop
      vertex 55.4804 226 0
      vertex 55.7 225.78 0
      vertex 55.6347 225.824 0
    endloop
  endfacet
  facet normal 0 0 -1
    outer loop
      vertex 55.4804 226 0
      vertex 55.6347 225.824 0
      vertex 55.5757 225.876 0
    endloop
  endfacet
  facet normal 0 0 -1
    outer loop
      vertex 55.4804 226 0
      vertex 55.5757 225.876 0
      vertex 55.524 225.935 0
    endloop
  endfacet
  facet normal 0 0 -1
    outer loop
      vertex 55.7704 225.746 0
      vertex 55.4804 226 0
      vertex 58.4778 226 0
    endloop
  endfacet
  facet normal 0 0 -1
    outer loop
      vertex 1 229 0
      vertex 58.4778 226 0
      vertex 55.4804 226 0
    endloop
  endfacet
  facet normal 0 0 -1
    outer loop
      vertex 1 229 0
      vertex 55.4804 226 0
      vertex 24.4778 226 0
    endloop
  endfacet
  facet normal 0 0 -1
    outer loop
      vertex 21.4804 226 0
      vertex 21.7704 225.746 0
      vertex 21.7 225.78 0
    endloop
  endfacet
  facet normal 0 0 -1
    outer loop
      vertex 21.4804 226 0
      vertex 21.7 225.78 0
      vertex 21.6347 225.824 0
    endloop
  endfacet
  facet normal 0 0 -1
    outer loop
      vertex 21.4804 226 0
      vertex 21.6347 225.824 0
      vertex 21.5757 225.876 0
    endloop
  endfacet
  facet normal 0 0 -1
    outer loop
      vertex 21.4804 226 0
      vertex 21.5757 225.876 0
      vertex 21.524 225.935 0
    endloop
  endfacet
  facet normal 0 0 -1
    outer loop
      vertex 21.7704 225.746 0
      vertex 21.4804 226 0
      vertex 24.4778 226 0
    endloop
  endfacet
  facet normal 0 0 -1
    outer loop
      vertex 1 229 0
      vertex 24.4778 226 0
      vertex 21.4804 226 0
    endloop
  endfacet
  facet normal 0 0 -1
    outer loop
      vertex 1 229 0
      vertex 21.4804 226 0
      vertex 1 226 0
    endloop
  endfacet
  facet normal 0 0 -1
    outer loop
      vertex 58.4778 226 0
      vertex 1 229 0
      vertex 153 229 0
    endloop
  endfacet
  facet normal 0 0 -1
    outer loop
      vertex 0 227 0
      vertex 1 226 0
      vertex 0.869473 226.009 0
    endloop
  endfacet
  facet normal 0 0 -1
    outer loop
      vertex 1 226 0
      vertex 0 227 0
      vertex 1 229 0
    endloop
  endfacet
  facet normal 0 0 -1
    outer loop
      vertex 0 227 0
      vertex 0.869473 226.009 0
      vertex 0.74118 226.034 0
    endloop
  endfacet
  facet normal 0 0 -1
    outer loop
      vertex 0 228 0
      vertex 1 229 0
      vertex 0 227 0
    endloop
  endfacet
  facet normal 0 0 -1
    outer loop
      vertex 0 227 0
      vertex 0.74118 226.034 0
      vertex 0.617316 226.076 0
    endloop
  endfacet
  facet normal 0 0 -1
    outer loop
      vertex 1 229 0
      vertex 0 228 0
      vertex 0.869473 228.991 0
    endloop
  endfacet
  facet normal 0 0 -1
    outer loop
      vertex 0 227 0
      vertex 0.617316 226.076 0
      vertex 0.5 226.134 0
    endloop
  endfacet
  facet normal 0 0 -1
    outer loop
      vertex 0.869473 228.991 0
      vertex 0 228 0
      vertex 0.74118 228.966 0
    endloop
  endfacet
  facet normal 0 0 -1
    outer loop
      vertex 0 227 0
      vertex 0.5 226.134 0
      vertex 0.391238 226.207 0
    endloop
  endfacet
  facet normal 0 0 -1
    outer loop
      vertex 0.74118 228.966 0
      vertex 0 228 0
      vertex 0.617316 228.924 0
    endloop
  endfacet
  facet normal 0 0 -1
    outer loop
      vertex 0 227 0
      vertex 0.391238 226.207 0
      vertex 0.292892 226.293 0
    endloop
  endfacet
  facet normal 0 0 -1
    outer loop
      vertex 0.617316 228.924 0
      vertex 0 228 0
      vertex 0.5 228.866 0
    endloop
  endfacet
  facet normal 0 0 -1
    outer loop
      vertex 0 227 0
      vertex 0.292892 226.293 0
      vertex 0.206646 226.391 0
    endloop
  endfacet
  facet normal 0 0 -1
    outer loop
      vertex 0.5 228.866 0
      vertex 0 228 0
      vertex 0.391238 228.793 0
    endloop
  endfacet
  facet normal 0 0 -1
    outer loop
      vertex 0 227 0
      vertex 0.206646 226.391 0
      vertex 0.133974 226.5 0
    endloop
  endfacet
  facet normal 0 0 -1
    outer loop
      vertex 0.391238 228.793 0
      vertex 0 228 0
      vertex 0.292892 228.707 0
    endloop
  endfacet
  facet normal 0 0 -1
    outer loop
      vertex 0 227 0
      vertex 0.133974 226.5 0
      vertex 0.0761204 226.617 0
    endloop
  endfacet
  facet normal 0 0 -1
    outer loop
      vertex 0.292892 228.707 0
      vertex 0 228 0
      vertex 0.206646 228.609 0
    endloop
  endfacet
  facet normal 0 0 -1
    outer loop
      vertex 0 227 0
      vertex 0.0761204 226.617 0
      vertex 0.0340738 226.741 0
    endloop
  endfacet
  facet normal 0 0 -1
    outer loop
      vertex 0.206646 228.609 0
      vertex 0 228 0
      vertex 0.133974 228.5 0
    endloop
  endfacet
  facet normal 0 0 -1
    outer loop
      vertex 0 227 0
      vertex 0.0340738 226.741 0
      vertex 0.00855446 226.869 0
    endloop
  endfacet
  facet normal 0 0 -1
    outer loop
      vertex 0.133974 228.5 0
      vertex 0 228 0
      vertex 0.0761204 228.383 0
    endloop
  endfacet
  facet normal 0 0 -1
    outer loop
      vertex 0.0761204 228.383 0
      vertex 0 228 0
      vertex 0.0340738 228.259 0
    endloop
  endfacet
  facet normal 0 0 -1
    outer loop
      vertex 0.0340738 228.259 0
      vertex 0 228 0
      vertex 0.00855446 228.131 0
    endloop
  endfacet
  facet normal -0 0 -1
    outer loop
      vertex 8.81882 189.287 0
      vertex 3 186 0
      vertex 8.87496 189.569 0
    endloop
  endfacet
  facet normal 0 0 -1
    outer loop
      vertex 3 198 0
      vertex 8.87496 189.569 0
      vertex 3 186 0
    endloop
  endfacet
  facet normal 0 0 -1
    outer loop
      vertex 3 186 0
      vertex 3.87868 183.879 0
      vertex 3.61994 184.174 0
    endloop
  endfacet
  facet normal 0 0 -1
    outer loop
      vertex 8.87496 189.569 0
      vertex 3 198 0
      vertex 4.10563 200.32 0
    endloop
  endfacet
  facet normal 0 0 -1
    outer loop
      vertex 3 186 0
      vertex 3.61994 184.174 0
      vertex 3.40192 184.5 0
    endloop
  endfacet
  facet normal 0 -0 -1
    outer loop
      vertex 3.61994 199.826 0
      vertex 4.10563 200.32 0
      vertex 3 198 0
    endloop
  endfacet
  facet normal 0 0 -1
    outer loop
      vertex 3 186 0
      vertex 3.40192 184.5 0
      vertex 3.22836 184.852 0
    endloop
  endfacet
  facet normal 0 0 -1
    outer loop
      vertex 4.10563 200.32 0
      vertex 3.61994 199.826 0
      vertex 3.87868 200.121 0
    endloop
  endfacet
  facet normal 0 0 -1
    outer loop
      vertex 3 186 0
      vertex 3.22836 184.852 0
      vertex 3.10222 185.224 0
    endloop
  endfacet
  facet normal 0 0 -1
    outer loop
      vertex 3.61994 199.826 0
      vertex 3 198 0
      vertex 3.40192 199.5 0
    endloop
  endfacet
  facet normal 0 0 -1
    outer loop
      vertex 3 186 0
      vertex 3.10222 185.224 0
      vertex 3.02567 185.608 0
    endloop
  endfacet
  facet normal 0 0 -1
    outer loop
      vertex 3.40192 199.5 0
      vertex 3 198 0
      vertex 3.22836 199.148 0
    endloop
  endfacet
  facet normal 0 0 -1
    outer loop
      vertex 3.22836 199.148 0
      vertex 3 198 0
      vertex 3.10222 198.776 0
    endloop
  endfacet
  facet normal 0 0 -1
    outer loop
      vertex 3.10222 198.776 0
      vertex 3 198 0
      vertex 3.02567 198.392 0
    endloop
  endfacet
  facet normal -0 0 -1
    outer loop
      vertex 8.8 189 0
      vertex 3 186 0
      vertex 8.81882 189.287 0
    endloop
  endfacet
  facet normal 0 0 -1
    outer loop
      vertex 4.17372 183.62 0
      vertex 5.60842 183.026 0
      vertex 5.22354 183.102 0
    endloop
  endfacet
  facet normal 0 0 -1
    outer loop
      vertex 4.17372 183.62 0
      vertex 5.22354 183.102 0
      vertex 4.85195 183.228 0
    endloop
  endfacet
  facet normal 0 0 -1
    outer loop
      vertex 4.17372 183.62 0
      vertex 4.85195 183.228 0
      vertex 4.5 183.402 0
    endloop
  endfacet
  facet normal 0 0 -1
    outer loop
      vertex 8.87496 189.569 0
      vertex 4.10563 200.32 0
      vertex 8.96746 189.842 0
    endloop
  endfacet
  facet normal 0 0 -1
    outer loop
      vertex 8.96746 189.842 0
      vertex 4.10563 200.32 0
      vertex 6 219 0
    endloop
  endfacet
  facet normal 0 0 -1
    outer loop
      vertex 3 200.804 0
      vertex 4.10563 200.32 0
      vertex 3.7039 200.457 0
    endloop
  endfacet
  facet normal 0 0 -1
    outer loop
      vertex 4.10563 200.32 0
      vertex 3 200.804 0
      vertex 0 206 0
    endloop
  endfacet
  facet normal 0 0 -1
    outer loop
      vertex 0 206 0
      vertex 3 200.804 0
      vertex 2.34743 201.24 0
    endloop
  endfacet
  facet normal 0 0 -1
    outer loop
      vertex 0 206 0
      vertex 2.34743 201.24 0
      vertex 1.75736 201.757 0
    endloop
  endfacet
  facet normal 0 0 -1
    outer loop
      vertex 0 206 0
      vertex 1.75736 201.757 0
      vertex 1.23988 202.347 0
    endloop
  endfacet
  facet normal 0 0 -1
    outer loop
      vertex 4.10563 200.32 0
      vertex 0 206 0
      vertex 6 219 0
    endloop
  endfacet
  facet normal -0 0 -1
    outer loop
      vertex 6 219 0
      vertex 0.816592 216.019 0
      vertex 1 219 0
    endloop
  endfacet
  facet normal 0 0 -1
    outer loop
      vertex 0 217 0
      vertex 1 219 0
      vertex 0.816592 216.019 0
    endloop
  endfacet
  facet normal 0 0 -1
    outer loop
      vertex 0 206 0
      vertex 1.23988 202.347 0
      vertex 0.803847 203 0
    endloop
  endfacet
  facet normal 0 0 -1
    outer loop
      vertex 6 219 0
      vertex 0 206 0
      vertex 0 213 0
    endloop
  endfacet
  facet normal 0 0 -1
    outer loop
      vertex 0 206 0
      vertex 0.803847 203 0
      vertex 0.456722 203.704 0
    endloop
  endfacet
  facet normal 0 0 -1
    outer loop
      vertex 6 219 0
      vertex 0 213 0
      vertex 0.816592 216.019 0
    endloop
  endfacet
  facet normal 0 0 -1
    outer loop
      vertex 0 206 0
      vertex 0.456722 203.704 0
      vertex 0.204445 204.447 0
    endloop
  endfacet
  facet normal 0 -0 -1
    outer loop
      vertex 0.456722 215.296 0
      vertex 0.816592 216.019 0
      vertex 0 213 0
    endloop
  endfacet
  facet normal 0 0 -1
    outer loop
      vertex 0 206 0
      vertex 0.204445 204.447 0
      vertex 0.0513306 205.217 0
    endloop
  endfacet
  facet normal 0 0 -1
    outer loop
      vertex 0.816592 216.019 0
      vertex 0.456722 215.296 0
      vertex 0.803847 216 0
    endloop
  endfacet
  facet normal 0 0 -1
    outer loop
      vertex 0.456722 215.296 0
      vertex 0 213 0
      vertex 0.204445 214.553 0
    endloop
  endfacet
  facet normal 0 0 -1
    outer loop
      vertex 0.204445 214.553 0
      vertex 0 213 0
      vertex 0.0513306 213.783 0
    endloop
  endfacet
  facet normal 0 0 -1
    outer loop
      vertex 0.617316 216.076 0
      vertex 0.816592 216.019 0
      vertex 0.74118 216.034 0
    endloop
  endfacet
  facet normal 0 0 -1
    outer loop
      vertex 0 218 0
      vertex 1 219 0
      vertex 0 217 0
    endloop
  endfacet
  facet normal 0 0 -1
    outer loop
      vertex 0.816592 216.019 0
      vertex 0.617316 216.076 0
      vertex 0 217 0
    endloop
  endfacet
  facet normal 0 0 -1
    outer loop
      vertex 1 219 0
      vertex 0 218 0
      vertex 0.869473 218.991 0
    endloop
  endfacet
  facet normal 0 0 -1
    outer loop
      vertex 0 217 0
      vertex 0.617316 216.076 0
      vertex 0.5 216.134 0
    endloop
  endfacet
  facet normal 0 0 -1
    outer loop
      vertex 0.869473 218.991 0
      vertex 0 218 0
      vertex 0.74118 218.966 0
    endloop
  endfacet
  facet normal 0 0 -1
    outer loop
      vertex 0 217 0
      vertex 0.5 216.134 0
      vertex 0.391238 216.207 0
    endloop
  endfacet
  facet normal 0 0 -1
    outer loop
      vertex 0.74118 218.966 0
      vertex 0 218 0
      vertex 0.617316 218.924 0
    endloop
  endfacet
  facet normal 0 0 -1
    outer loop
      vertex 0 217 0
      vertex 0.391238 216.207 0
      vertex 0.292892 216.293 0
    endloop
  endfacet
  facet normal 0 0 -1
    outer loop
      vertex 0.617316 218.924 0
      vertex 0 218 0
      vertex 0.5 218.866 0
    endloop
  endfacet
  facet normal 0 0 -1
    outer loop
      vertex 0 217 0
      vertex 0.292892 216.293 0
      vertex 0.206646 216.391 0
    endloop
  endfacet
  facet normal 0 0 -1
    outer loop
      vertex 0.5 218.866 0
      vertex 0 218 0
      vertex 0.391238 218.793 0
    endloop
  endfacet
  facet normal 0 0 -1
    outer loop
      vertex 0 217 0
      vertex 0.206646 216.391 0
      vertex 0.133974 216.5 0
    endloop
  endfacet
  facet normal 0 0 -1
    outer loop
      vertex 0.391238 218.793 0
      vertex 0 218 0
      vertex 0.292892 218.707 0
    endloop
  endfacet
  facet normal 0 0 -1
    outer loop
      vertex 0 217 0
      vertex 0.133974 216.5 0
      vertex 0.0761204 216.617 0
    endloop
  endfacet
  facet normal 0 0 -1
    outer loop
      vertex 0.292892 218.707 0
      vertex 0 218 0
      vertex 0.206646 218.609 0
    endloop
  endfacet
  facet normal 0 0 -1
    outer loop
      vertex 0 217 0
      vertex 0.0761204 216.617 0
      vertex 0.0340738 216.741 0
    endloop
  endfacet
  facet normal 0 0 -1
    outer loop
      vertex 0.206646 218.609 0
      vertex 0 218 0
      vertex 0.133974 218.5 0
    endloop
  endfacet
  facet normal 0 0 -1
    outer loop
      vertex 0 217 0
      vertex 0.0340738 216.741 0
      vertex 0.00855446 216.869 0
    endloop
  endfacet
  facet normal 0 0 -1
    outer loop
      vertex 0.133974 218.5 0
      vertex 0 218 0
      vertex 0.0761204 218.383 0
    endloop
  endfacet
  facet normal 0 0 -1
    outer loop
      vertex 0.0761204 218.383 0
      vertex 0 218 0
      vertex 0.0340738 218.259 0
    endloop
  endfacet
  facet normal 0 0 -1
    outer loop
      vertex 0.0340738 218.259 0
      vertex 0 218 0
      vertex 0.00855446 218.131 0
    endloop
  endfacet
  facet normal 0 0 -1
    outer loop
      vertex 18 186 0
      vertex 13.1812 188.713 0
      vertex 13.2 189 0
    endloop
  endfacet
  facet normal 0 0 -1
    outer loop
      vertex 18 186 0
      vertex 13.125 188.431 0
      vertex 13.1812 188.713 0
    endloop
  endfacet
  facet normal 0 0 -1
    outer loop
      vertex 18 186 0
      vertex 13.0325 188.158 0
      vertex 13.125 188.431 0
    endloop
  endfacet
  facet normal 0 0 -1
    outer loop
      vertex 18 186 0
      vertex 12.9053 187.9 0
      vertex 13.0325 188.158 0
    endloop
  endfacet
  facet normal 0 0 -1
    outer loop
      vertex 18 186 0
      vertex 12.7454 187.661 0
      vertex 12.9053 187.9 0
    endloop
  endfacet
  facet normal 0 0 -1
    outer loop
      vertex 15 183 0
      vertex 12.5556 187.444 0
      vertex 12.7454 187.661 0
    endloop
  endfacet
  facet normal 0 0 -1
    outer loop
      vertex 15 183 0
      vertex 12.3393 187.255 0
      vertex 12.5556 187.444 0
    endloop
  endfacet
  facet normal 0 0 -1
    outer loop
      vertex 15 183 0
      vertex 12.1 187.095 0
      vertex 12.3393 187.255 0
    endloop
  endfacet
  facet normal 0 0 -1
    outer loop
      vertex 15 183 0
      vertex 11.8419 186.967 0
      vertex 12.1 187.095 0
    endloop
  endfacet
  facet normal 0 0 -1
    outer loop
      vertex 15 183 0
      vertex 11.5694 186.875 0
      vertex 11.8419 186.967 0
    endloop
  endfacet
  facet normal 0 0 -1
    outer loop
      vertex 15 183 0
      vertex 11.2872 186.819 0
      vertex 11.5694 186.875 0
    endloop
  endfacet
  facet normal 0 0 -1
    outer loop
      vertex 15 183 0
      vertex 11 186.8 0
      vertex 11.2872 186.819 0
    endloop
  endfacet
  facet normal 0 0 -1
    outer loop
      vertex 15 183 0
      vertex 10.7128 186.819 0
      vertex 11 186.8 0
    endloop
  endfacet
  facet normal 0 0 -1
    outer loop
      vertex 6 183 0
      vertex 10.7128 186.819 0
      vertex 15 183 0
    endloop
  endfacet
  facet normal -0 0 -1
    outer loop
      vertex 10.7128 186.819 0
      vertex 6 183 0
      vertex 10.4306 186.875 0
    endloop
  endfacet
  facet normal -0 0 -1
    outer loop
      vertex 10.4306 186.875 0
      vertex 6 183 0
      vertex 10.1581 186.967 0
    endloop
  endfacet
  facet normal -0 0 -1
    outer loop
      vertex 10.1581 186.967 0
      vertex 6 183 0
      vertex 9.9 187.095 0
    endloop
  endfacet
  facet normal 0 0 -1
    outer loop
      vertex 6 183 0
      vertex 3 186 0
      vertex 9.09474 187.9 0
    endloop
  endfacet
  facet normal 0 0 -1
    outer loop
      vertex 3 186 0
      vertex 6 183 0
      vertex 3.87868 183.879 0
    endloop
  endfacet
  facet normal 0 0 -1
    outer loop
      vertex 3.87868 183.879 0
      vertex 6 183 0
      vertex 4.17372 183.62 0
    endloop
  endfacet
  facet normal 0 0 -1
    outer loop
      vertex 4.17372 183.62 0
      vertex 6 183 0
      vertex 5.60842 183.026 0
    endloop
  endfacet
  facet normal -0 0 -1
    outer loop
      vertex 9.25462 187.661 0
      vertex 6 183 0
      vertex 9.09474 187.9 0
    endloop
  endfacet
  facet normal -0 0 -1
    outer loop
      vertex 9.44436 187.444 0
      vertex 6 183 0
      vertex 9.25462 187.661 0
    endloop
  endfacet
  facet normal -0 0 -1
    outer loop
      vertex 9.66072 187.255 0
      vertex 6 183 0
      vertex 9.44436 187.444 0
    endloop
  endfacet
  facet normal -0 0 -1
    outer loop
      vertex 9.9 187.095 0
      vertex 6 183 0
      vertex 9.66072 187.255 0
    endloop
  endfacet
  facet normal 0 0 -1
    outer loop
      vertex 20.2092 222.5 0
      vertex 24.8047 224.593 0
      vertex 27.0783 223.805 0
    endloop
  endfacet
  facet normal 0 0 -1
    outer loop
      vertex 16.9217 223.095 0
      vertex 20.2092 222.5 0
      vertex 16.9217 221.905 0
    endloop
  endfacet
  facet normal 0 0 -1
    outer loop
      vertex 20.2092 222.5 0
      vertex 16.9217 223.095 0
      vertex 24.8047 224.593 0
    endloop
  endfacet
  facet normal 0 0 -1
    outer loop
      vertex 16.8447 221.92 0
      vertex 16.9217 223.095 0
      vertex 16.9217 221.905 0
    endloop
  endfacet
  facet normal 0 0 -1
    outer loop
      vertex 16.8447 221.92 0
      vertex 16.8447 223.08 0
      vertex 16.9217 223.095 0
    endloop
  endfacet
  facet normal 0 0 -1
    outer loop
      vertex 16.7704 221.946 0
      vertex 16.8447 223.08 0
      vertex 16.8447 221.92 0
    endloop
  endfacet
  facet normal 0 0 -1
    outer loop
      vertex 16.7704 221.946 0
      vertex 16.7704 223.054 0
      vertex 16.8447 223.08 0
    endloop
  endfacet
  facet normal 0 0 -1
    outer loop
      vertex 16.7 221.98 0
      vertex 16.7704 223.054 0
      vertex 16.7704 221.946 0
    endloop
  endfacet
  facet normal 0 0 -1
    outer loop
      vertex 16.7 221.98 0
      vertex 16.7 223.02 0
      vertex 16.7704 223.054 0
    endloop
  endfacet
  facet normal 0 0 -1
    outer loop
      vertex 16.6347 222.024 0
      vertex 16.7 223.02 0
      vertex 16.7 221.98 0
    endloop
  endfacet
  facet normal 0 0 -1
    outer loop
      vertex 16.6347 222.024 0
      vertex 16.6347 222.976 0
      vertex 16.7 223.02 0
    endloop
  endfacet
  facet normal 0 0 -1
    outer loop
      vertex 16.5757 222.076 0
      vertex 16.6347 222.976 0
      vertex 16.6347 222.024 0
    endloop
  endfacet
  facet normal 0 0 -1
    outer loop
      vertex 16.5757 222.076 0
      vertex 16.5757 222.924 0
      vertex 16.6347 222.976 0
    endloop
  endfacet
  facet normal 0 0 -1
    outer loop
      vertex 16.524 222.135 0
      vertex 16.5757 222.924 0
      vertex 16.5757 222.076 0
    endloop
  endfacet
  facet normal 0 0 -1
    outer loop
      vertex 16.524 222.135 0
      vertex 16.524 222.865 0
      vertex 16.5757 222.924 0
    endloop
  endfacet
  facet normal 0 0 -1
    outer loop
      vertex 16.4804 222.2 0
      vertex 16.524 222.865 0
      vertex 16.524 222.135 0
    endloop
  endfacet
  facet normal 0 0 -1
    outer loop
      vertex 16.4804 222.2 0
      vertex 16.4804 222.8 0
      vertex 16.524 222.865 0
    endloop
  endfacet
  facet normal 0 0 -1
    outer loop
      vertex 16.4457 222.27 0
      vertex 16.4804 222.8 0
      vertex 16.4804 222.2 0
    endloop
  endfacet
  facet normal 0 0 -1
    outer loop
      vertex 16.4457 222.27 0
      vertex 16.4457 222.73 0
      vertex 16.4804 222.8 0
    endloop
  endfacet
  facet normal 0 0 -1
    outer loop
      vertex 16.4204 222.345 0
      vertex 16.4457 222.73 0
      vertex 16.4457 222.27 0
    endloop
  endfacet
  facet normal 0 0 -1
    outer loop
      vertex 16.4204 222.345 0
      vertex 16.4204 222.655 0
      vertex 16.4457 222.73 0
    endloop
  endfacet
  facet normal 0 0 -1
    outer loop
      vertex 16.4051 222.422 0
      vertex 16.4204 222.655 0
      vertex 16.4204 222.345 0
    endloop
  endfacet
  facet normal 0 0 -1
    outer loop
      vertex 16.4051 222.422 0
      vertex 16.4051 222.578 0
      vertex 16.4204 222.655 0
    endloop
  endfacet
  facet normal 0 -0 -1
    outer loop
      vertex 16.4051 222.578 0
      vertex 16.4051 222.422 0
      vertex 16.4 222.5 0
    endloop
  endfacet
  facet normal 0 0 -1
    outer loop
      vertex 27.5949 224.322 0
      vertex 27.5949 224.478 0
      vertex 27.6 224.4 0
    endloop
  endfacet
  facet normal 0 0 -1
    outer loop
      vertex 27.5795 224.245 0
      vertex 27.5949 224.478 0
      vertex 27.5949 224.322 0
    endloop
  endfacet
  facet normal 0 0 -1
    outer loop
      vertex 27.5795 224.245 0
      vertex 27.5795 224.555 0
      vertex 27.5949 224.478 0
    endloop
  endfacet
  facet normal 0 0 -1
    outer loop
      vertex 27.5543 224.17 0
      vertex 27.5795 224.555 0
      vertex 27.5795 224.245 0
    endloop
  endfacet
  facet normal 0 0 -1
    outer loop
      vertex 27.5543 224.17 0
      vertex 27.5543 224.63 0
      vertex 27.5795 224.555 0
    endloop
  endfacet
  facet normal 0 0 -1
    outer loop
      vertex 27.5196 224.1 0
      vertex 27.5543 224.63 0
      vertex 27.5543 224.17 0
    endloop
  endfacet
  facet normal 0 0 -1
    outer loop
      vertex 27.5196 224.1 0
      vertex 27.5196 224.7 0
      vertex 27.5543 224.63 0
    endloop
  endfacet
  facet normal 0 0 -1
    outer loop
      vertex 27.476 224.035 0
      vertex 27.5196 224.7 0
      vertex 27.5196 224.1 0
    endloop
  endfacet
  facet normal 0 0 -1
    outer loop
      vertex 27.476 224.035 0
      vertex 27.476 224.765 0
      vertex 27.5196 224.7 0
    endloop
  endfacet
  facet normal 0 0 -1
    outer loop
      vertex 27.4243 223.976 0
      vertex 27.476 224.765 0
      vertex 27.476 224.035 0
    endloop
  endfacet
  facet normal 0 0 -1
    outer loop
      vertex 27.4243 223.976 0
      vertex 27.4243 224.824 0
      vertex 27.476 224.765 0
    endloop
  endfacet
  facet normal 0 0 -1
    outer loop
      vertex 27.3652 223.924 0
      vertex 27.4243 224.824 0
      vertex 27.4243 223.976 0
    endloop
  endfacet
  facet normal 0 0 -1
    outer loop
      vertex 27.3652 223.924 0
      vertex 27.3652 224.876 0
      vertex 27.4243 224.824 0
    endloop
  endfacet
  facet normal 0 0 -1
    outer loop
      vertex 27.3 223.88 0
      vertex 27.3652 224.876 0
      vertex 27.3652 223.924 0
    endloop
  endfacet
  facet normal 0 0 -1
    outer loop
      vertex 27.3 223.88 0
      vertex 27.3 224.92 0
      vertex 27.3652 224.876 0
    endloop
  endfacet
  facet normal 0 0 -1
    outer loop
      vertex 27.2296 223.846 0
      vertex 27.3 224.92 0
      vertex 27.3 223.88 0
    endloop
  endfacet
  facet normal 0 0 -1
    outer loop
      vertex 27.2296 223.846 0
      vertex 27.2296 224.954 0
      vertex 27.3 224.92 0
    endloop
  endfacet
  facet normal 0 0 -1
    outer loop
      vertex 27.1553 223.82 0
      vertex 27.2296 224.954 0
      vertex 27.2296 223.846 0
    endloop
  endfacet
  facet normal 0 0 -1
    outer loop
      vertex 27.0783 223.805 0
      vertex 27.2296 224.954 0
      vertex 27.1553 223.82 0
    endloop
  endfacet
  facet normal 0 0 -1
    outer loop
      vertex 24.8047 224.593 0
      vertex 27.2296 224.954 0
      vertex 27.0783 223.805 0
    endloop
  endfacet
  facet normal 0 0 -1
    outer loop
      vertex 24.8047 224.593 0
      vertex 24.4778 226 0
      vertex 27.2296 224.954 0
    endloop
  endfacet
  facet normal 0 -0 -1
    outer loop
      vertex 24.4778 226 0
      vertex 24.8047 224.593 0
      vertex 21.7704 225.746 0
    endloop
  endfacet
  facet normal -0 0 -1
    outer loop
      vertex 41 221.99 0
      vertex 37 219 0
      vertex 37 221.99 0
    endloop
  endfacet
  facet normal 0 0 -1
    outer loop
      vertex 27.5949 220.522 0
      vertex 27.5949 220.678 0
      vertex 27.6 220.6 0
    endloop
  endfacet
  facet normal 0 0 -1
    outer loop
      vertex 27.5795 220.445 0
      vertex 27.5949 220.678 0
      vertex 27.5949 220.522 0
    endloop
  endfacet
  facet normal 0 0 -1
    outer loop
      vertex 27.5795 220.445 0
      vertex 27.5795 220.755 0
      vertex 27.5949 220.678 0
    endloop
  endfacet
  facet normal 0 0 -1
    outer loop
      vertex 27.5543 220.37 0
      vertex 27.5795 220.755 0
      vertex 27.5795 220.445 0
    endloop
  endfacet
  facet normal 0 0 -1
    outer loop
      vertex 27.5543 220.37 0
      vertex 27.5543 220.83 0
      vertex 27.5795 220.755 0
    endloop
  endfacet
  facet normal 0 0 -1
    outer loop
      vertex 27.5196 220.3 0
      vertex 27.5543 220.83 0
      vertex 27.5543 220.37 0
    endloop
  endfacet
  facet normal 0 0 -1
    outer loop
      vertex 27.5196 220.3 0
      vertex 27.5196 220.9 0
      vertex 27.5543 220.83 0
    endloop
  endfacet
  facet normal 0 0 -1
    outer loop
      vertex 27.476 220.235 0
      vertex 27.5196 220.9 0
      vertex 27.5196 220.3 0
    endloop
  endfacet
  facet normal 0 0 -1
    outer loop
      vertex 27.476 220.235 0
      vertex 27.476 220.965 0
      vertex 27.5196 220.9 0
    endloop
  endfacet
  facet normal 0 0 -1
    outer loop
      vertex 27.4243 220.176 0
      vertex 27.476 220.965 0
      vertex 27.476 220.235 0
    endloop
  endfacet
  facet normal 0 0 -1
    outer loop
      vertex 27.4243 220.176 0
      vertex 27.4243 221.024 0
      vertex 27.476 220.965 0
    endloop
  endfacet
  facet normal 0 0 -1
    outer loop
      vertex 27.3652 220.124 0
      vertex 27.4243 221.024 0
      vertex 27.4243 220.176 0
    endloop
  endfacet
  facet normal 0 0 -1
    outer loop
      vertex 27.3652 220.124 0
      vertex 27.3652 221.076 0
      vertex 27.4243 221.024 0
    endloop
  endfacet
  facet normal 0 0 -1
    outer loop
      vertex 27.3 220.08 0
      vertex 27.3652 221.076 0
      vertex 27.3652 220.124 0
    endloop
  endfacet
  facet normal 0 0 -1
    outer loop
      vertex 27.3 220.08 0
      vertex 27.3 221.12 0
      vertex 27.3652 221.076 0
    endloop
  endfacet
  facet normal 0 0 -1
    outer loop
      vertex 27.2296 220.046 0
      vertex 27.3 221.12 0
      vertex 27.3 220.08 0
    endloop
  endfacet
  facet normal 0 0 -1
    outer loop
      vertex 27.2296 220.046 0
      vertex 27.2296 221.154 0
      vertex 27.3 221.12 0
    endloop
  endfacet
  facet normal 0 0 -1
    outer loop
      vertex 27.2296 220.046 0
      vertex 27.1553 221.18 0
      vertex 27.2296 221.154 0
    endloop
  endfacet
  facet normal 0 0 -1
    outer loop
      vertex 27.2296 220.046 0
      vertex 27.0783 221.195 0
      vertex 27.1553 221.18 0
    endloop
  endfacet
  facet normal 0 0 -1
    outer loop
      vertex 27.2296 220.046 0
      vertex 24.8047 220.407 0
      vertex 27.0783 221.195 0
    endloop
  endfacet
  facet normal 0 0 -1
    outer loop
      vertex 24.4778 219 0
      vertex 24.8047 220.407 0
      vertex 27.2296 220.046 0
    endloop
  endfacet
  facet normal 0 0 -1
    outer loop
      vertex 24.8047 220.407 0
      vertex 24.4778 219 0
      vertex 21.7704 219.254 0
    endloop
  endfacet
  facet normal 0 0 -1
    outer loop
      vertex 24.8047 220.407 0
      vertex 20.2092 222.5 0
      vertex 27.0783 221.195 0
    endloop
  endfacet
  facet normal 0 -0 -1
    outer loop
      vertex 20.2092 222.5 0
      vertex 24.8047 220.407 0
      vertex 16.9217 221.905 0
    endloop
  endfacet
  facet normal 0 0 -1
    outer loop
      vertex 54.2092 222.5 0
      vertex 58.8047 224.593 0
      vertex 61.0783 223.805 0
    endloop
  endfacet
  facet normal 0 0 -1
    outer loop
      vertex 50.9217 223.095 0
      vertex 54.2092 222.5 0
      vertex 50.9217 221.905 0
    endloop
  endfacet
  facet normal 0 0 -1
    outer loop
      vertex 54.2092 222.5 0
      vertex 50.9217 223.095 0
      vertex 58.8047 224.593 0
    endloop
  endfacet
  facet normal 0 0 -1
    outer loop
      vertex 50.8447 221.92 0
      vertex 50.9217 223.095 0
      vertex 50.9217 221.905 0
    endloop
  endfacet
  facet normal 0 0 -1
    outer loop
      vertex 50.8447 221.92 0
      vertex 50.8447 223.08 0
      vertex 50.9217 223.095 0
    endloop
  endfacet
  facet normal 0 0 -1
    outer loop
      vertex 50.7704 221.946 0
      vertex 50.8447 223.08 0
      vertex 50.8447 221.92 0
    endloop
  endfacet
  facet normal 0 0 -1
    outer loop
      vertex 50.7704 221.946 0
      vertex 50.7704 223.054 0
      vertex 50.8447 223.08 0
    endloop
  endfacet
  facet normal 0 0 -1
    outer loop
      vertex 50.7 221.98 0
      vertex 50.7704 223.054 0
      vertex 50.7704 221.946 0
    endloop
  endfacet
  facet normal 0 0 -1
    outer loop
      vertex 50.7 221.98 0
      vertex 50.7 223.02 0
      vertex 50.7704 223.054 0
    endloop
  endfacet
  facet normal 0 0 -1
    outer loop
      vertex 50.6347 222.024 0
      vertex 50.7 223.02 0
      vertex 50.7 221.98 0
    endloop
  endfacet
  facet normal 0 0 -1
    outer loop
      vertex 50.6347 222.024 0
      vertex 50.6347 222.976 0
      vertex 50.7 223.02 0
    endloop
  endfacet
  facet normal 0 0 -1
    outer loop
      vertex 50.5757 222.076 0
      vertex 50.6347 222.976 0
      vertex 50.6347 222.024 0
    endloop
  endfacet
  facet normal 0 0 -1
    outer loop
      vertex 50.5757 222.076 0
      vertex 50.5757 222.924 0
      vertex 50.6347 222.976 0
    endloop
  endfacet
  facet normal 0 0 -1
    outer loop
      vertex 50.524 222.135 0
      vertex 50.5757 222.924 0
      vertex 50.5757 222.076 0
    endloop
  endfacet
  facet normal 0 0 -1
    outer loop
      vertex 50.524 222.135 0
      vertex 50.524 222.865 0
      vertex 50.5757 222.924 0
    endloop
  endfacet
  facet normal 0 0 -1
    outer loop
      vertex 50.4804 222.2 0
      vertex 50.524 222.865 0
      vertex 50.524 222.135 0
    endloop
  endfacet
  facet normal 0 0 -1
    outer loop
      vertex 50.4804 222.2 0
      vertex 50.4804 222.8 0
      vertex 50.524 222.865 0
    endloop
  endfacet
  facet normal 0 0 -1
    outer loop
      vertex 50.4457 222.27 0
      vertex 50.4804 222.8 0
      vertex 50.4804 222.2 0
    endloop
  endfacet
  facet normal 0 0 -1
    outer loop
      vertex 50.4457 222.27 0
      vertex 50.4457 222.73 0
      vertex 50.4804 222.8 0
    endloop
  endfacet
  facet normal 0 0 -1
    outer loop
      vertex 50.4204 222.345 0
      vertex 50.4457 222.73 0
      vertex 50.4457 222.27 0
    endloop
  endfacet
  facet normal 0 0 -1
    outer loop
      vertex 50.4204 222.345 0
      vertex 50.4204 222.655 0
      vertex 50.4457 222.73 0
    endloop
  endfacet
  facet normal 0 0 -1
    outer loop
      vertex 50.4051 222.422 0
      vertex 50.4204 222.655 0
      vertex 50.4204 222.345 0
    endloop
  endfacet
  facet normal 0 0 -1
    outer loop
      vertex 50.4051 222.422 0
      vertex 50.4051 222.578 0
      vertex 50.4204 222.655 0
    endloop
  endfacet
  facet normal 0 -0 -1
    outer loop
      vertex 50.4051 222.578 0
      vertex 50.4051 222.422 0
      vertex 50.4 222.5 0
    endloop
  endfacet
  facet normal 0 0 -1
    outer loop
      vertex 61.5949 224.322 0
      vertex 61.5949 224.478 0
      vertex 61.6 224.4 0
    endloop
  endfacet
  facet normal 0 0 -1
    outer loop
      vertex 61.5795 224.245 0
      vertex 61.5949 224.478 0
      vertex 61.5949 224.322 0
    endloop
  endfacet
  facet normal 0 0 -1
    outer loop
      vertex 61.5795 224.245 0
      vertex 61.5795 224.555 0
      vertex 61.5949 224.478 0
    endloop
  endfacet
  facet normal 0 0 -1
    outer loop
      vertex 61.5543 224.17 0
      vertex 61.5795 224.555 0
      vertex 61.5795 224.245 0
    endloop
  endfacet
  facet normal 0 0 -1
    outer loop
      vertex 61.5543 224.17 0
      vertex 61.5543 224.63 0
      vertex 61.5795 224.555 0
    endloop
  endfacet
  facet normal 0 0 -1
    outer loop
      vertex 61.5196 224.1 0
      vertex 61.5543 224.63 0
      vertex 61.5543 224.17 0
    endloop
  endfacet
  facet normal 0 0 -1
    outer loop
      vertex 61.5196 224.1 0
      vertex 61.5196 224.7 0
      vertex 61.5543 224.63 0
    endloop
  endfacet
  facet normal 0 0 -1
    outer loop
      vertex 61.476 224.035 0
      vertex 61.5196 224.7 0
      vertex 61.5196 224.1 0
    endloop
  endfacet
  facet normal 0 0 -1
    outer loop
      vertex 61.476 224.035 0
      vertex 61.476 224.765 0
      vertex 61.5196 224.7 0
    endloop
  endfacet
  facet normal 0 0 -1
    outer loop
      vertex 61.4243 223.976 0
      vertex 61.476 224.765 0
      vertex 61.476 224.035 0
    endloop
  endfacet
  facet normal 0 0 -1
    outer loop
      vertex 61.4243 223.976 0
      vertex 61.4243 224.824 0
      vertex 61.476 224.765 0
    endloop
  endfacet
  facet normal 0 0 -1
    outer loop
      vertex 61.3652 223.924 0
      vertex 61.4243 224.824 0
      vertex 61.4243 223.976 0
    endloop
  endfacet
  facet normal 0 0 -1
    outer loop
      vertex 61.3652 223.924 0
      vertex 61.3652 224.876 0
      vertex 61.4243 224.824 0
    endloop
  endfacet
  facet normal 0 0 -1
    outer loop
      vertex 61.3 223.88 0
      vertex 61.3652 224.876 0
      vertex 61.3652 223.924 0
    endloop
  endfacet
  facet normal 0 0 -1
    outer loop
      vertex 61.3 223.88 0
      vertex 61.3 224.92 0
      vertex 61.3652 224.876 0
    endloop
  endfacet
  facet normal 0 0 -1
    outer loop
      vertex 61.2296 223.846 0
      vertex 61.3 224.92 0
      vertex 61.3 223.88 0
    endloop
  endfacet
  facet normal 0 0 -1
    outer loop
      vertex 61.2296 223.846 0
      vertex 61.2296 224.954 0
      vertex 61.3 224.92 0
    endloop
  endfacet
  facet normal 0 0 -1
    outer loop
      vertex 61.1553 223.82 0
      vertex 61.2296 224.954 0
      vertex 61.2296 223.846 0
    endloop
  endfacet
  facet normal 0 0 -1
    outer loop
      vertex 61.0783 223.805 0
      vertex 61.2296 224.954 0
      vertex 61.1553 223.82 0
    endloop
  endfacet
  facet normal 0 0 -1
    outer loop
      vertex 58.8047 224.593 0
      vertex 61.2296 224.954 0
      vertex 61.0783 223.805 0
    endloop
  endfacet
  facet normal 0 0 -1
    outer loop
      vertex 58.8047 224.593 0
      vertex 58.4778 226 0
      vertex 61.2296 224.954 0
    endloop
  endfacet
  facet normal 0 -0 -1
    outer loop
      vertex 58.4778 226 0
      vertex 58.8047 224.593 0
      vertex 55.7704 225.746 0
    endloop
  endfacet
  facet normal 0 0 -1
    outer loop
      vertex 55.4804 219 0
      vertex 64.2 209.096 0
      vertex 64.2 200 0
    endloop
  endfacet
  facet normal 0 0 -1
    outer loop
      vertex 64.2 209.096 0
      vertex 55.4804 219 0
      vertex 58.4779 219 0
    endloop
  endfacet
  facet normal 0 0 -1
    outer loop
      vertex 58.4779 219 0
      vertex 55.4804 219 0
      vertex 55.7704 219.254 0
    endloop
  endfacet
  facet normal 0 0 -1
    outer loop
      vertex 55.7704 219.254 0
      vertex 55.4804 219 0
      vertex 55.7 219.22 0
    endloop
  endfacet
  facet normal 0 0 -1
    outer loop
      vertex 55.7 219.22 0
      vertex 55.4804 219 0
      vertex 55.6347 219.176 0
    endloop
  endfacet
  facet normal 0 0 -1
    outer loop
      vertex 55.6347 219.176 0
      vertex 55.4804 219 0
      vertex 55.5757 219.124 0
    endloop
  endfacet
  facet normal 0 0 -1
    outer loop
      vertex 55.5757 219.124 0
      vertex 55.4804 219 0
      vertex 55.524 219.065 0
    endloop
  endfacet
  facet normal 0 0 -1
    outer loop
      vertex 64.2 200 0
      vertex 41 219 0
      vertex 55.4804 219 0
    endloop
  endfacet
  facet normal 0 0 -1
    outer loop
      vertex 41 219 0
      vertex 37 219 0
      vertex 41 221.99 0
    endloop
  endfacet
  facet normal 0 0 -1
    outer loop
      vertex 17.2277 200 0
      vertex 41 219 0
      vertex 64.2 200 0
    endloop
  endfacet
  facet normal -0 0 -1
    outer loop
      vertex 41 219 0
      vertex 17.2277 200 0
      vertex 37 219 0
    endloop
  endfacet
  facet normal -0 0 -1
    outer loop
      vertex 37 219 0
      vertex 17.2277 200 0
      vertex 24.4778 219 0
    endloop
  endfacet
  facet normal 0 -0 -1
    outer loop
      vertex 21.4804 219 0
      vertex 24.4778 219 0
      vertex 17.2277 200 0
    endloop
  endfacet
  facet normal 0 0 -1
    outer loop
      vertex 24.4778 219 0
      vertex 21.4804 219 0
      vertex 21.7704 219.254 0
    endloop
  endfacet
  facet normal 0 0 -1
    outer loop
      vertex 21.7704 219.254 0
      vertex 21.4804 219 0
      vertex 21.7 219.22 0
    endloop
  endfacet
  facet normal 0 0 -1
    outer loop
      vertex 21.7 219.22 0
      vertex 21.4804 219 0
      vertex 21.6347 219.176 0
    endloop
  endfacet
  facet normal 0 0 -1
    outer loop
      vertex 21.5757 219.124 0
      vertex 21.4804 219 0
      vertex 21.524 219.065 0
    endloop
  endfacet
  facet normal 0 0 -1
    outer loop
      vertex 21.6347 219.176 0
      vertex 21.4804 219 0
      vertex 21.5757 219.124 0
    endloop
  endfacet
  facet normal 0 0 -1
    outer loop
      vertex 16.5 183.402 0
      vertex 12.7454 187.661 0
      vertex 16.8263 183.62 0
    endloop
  endfacet
  facet normal 0 0 -1
    outer loop
      vertex 16.148 183.228 0
      vertex 12.7454 187.661 0
      vertex 16.5 183.402 0
    endloop
  endfacet
  facet normal 0 0 -1
    outer loop
      vertex 12.7454 187.661 0
      vertex 16.148 183.228 0
      vertex 15 183 0
    endloop
  endfacet
  facet normal 0 0 -1
    outer loop
      vertex 15 183 0
      vertex 16.148 183.228 0
      vertex 15.7765 183.102 0
    endloop
  endfacet
  facet normal 0 0 -1
    outer loop
      vertex 15 183 0
      vertex 15.7765 183.102 0
      vertex 15.3916 183.026 0
    endloop
  endfacet
  facet normal 0 0 -1
    outer loop
      vertex 16.8263 183.62 0
      vertex 12.7454 187.661 0
      vertex 17.1213 183.879 0
    endloop
  endfacet
  facet normal 0 0 -1
    outer loop
      vertex 18 186 0
      vertex 13.2 189 0
      vertex 13.1812 189.287 0
    endloop
  endfacet
  facet normal 0 0 -1
    outer loop
      vertex 18 186 0
      vertex 13.1812 189.287 0
      vertex 13.125 189.569 0
    endloop
  endfacet
  facet normal 0 0 -1
    outer loop
      vertex 12.1 190.905 0
      vertex 18 198 0
      vertex 12.3393 190.745 0
    endloop
  endfacet
  facet normal 0 0 -1
    outer loop
      vertex 11.8419 191.033 0
      vertex 18 198 0
      vertex 12.1 190.905 0
    endloop
  endfacet
  facet normal 0 0 -1
    outer loop
      vertex 11.5694 191.125 0
      vertex 18 198 0
      vertex 11.8419 191.033 0
    endloop
  endfacet
  facet normal 0 0 -1
    outer loop
      vertex 11.2872 191.181 0
      vertex 18 198 0
      vertex 11.5694 191.125 0
    endloop
  endfacet
  facet normal 0 -0 -1
    outer loop
      vertex 17.2277 200 0
      vertex 18 198 0
      vertex 11.2872 191.181 0
    endloop
  endfacet
  facet normal 0 0 -1
    outer loop
      vertex 17.9743 198.392 0
      vertex 17.2277 200 0
      vertex 17.8978 198.776 0
    endloop
  endfacet
  facet normal 0 0 -1
    outer loop
      vertex 17.8978 198.776 0
      vertex 17.2277 200 0
      vertex 17.7716 199.148 0
    endloop
  endfacet
  facet normal 0 0 -1
    outer loop
      vertex 17.7716 199.148 0
      vertex 17.2277 200 0
      vertex 17.5981 199.5 0
    endloop
  endfacet
  facet normal 0 0 -1
    outer loop
      vertex 17.5981 199.5 0
      vertex 17.2277 200 0
      vertex 17.3801 199.826 0
    endloop
  endfacet
  facet normal 0 0 -1
    outer loop
      vertex 18 198 0
      vertex 17.2277 200 0
      vertex 17.9743 198.392 0
    endloop
  endfacet
  facet normal 0 0 -1
    outer loop
      vertex 11 191.2 0
      vertex 17.2277 200 0
      vertex 11.2872 191.181 0
    endloop
  endfacet
  facet normal 0 0 -1
    outer loop
      vertex 10.7128 191.181 0
      vertex 17.2277 200 0
      vertex 11 191.2 0
    endloop
  endfacet
  facet normal 0 0 -1
    outer loop
      vertex 10.4306 191.125 0
      vertex 17.2277 200 0
      vertex 10.7128 191.181 0
    endloop
  endfacet
  facet normal 0 0 -1
    outer loop
      vertex 10.1581 191.033 0
      vertex 17.2277 200 0
      vertex 10.4306 191.125 0
    endloop
  endfacet
  facet normal 0 0 -1
    outer loop
      vertex 9.9 190.905 0
      vertex 17.2277 200 0
      vertex 10.1581 191.033 0
    endloop
  endfacet
  facet normal 0 0 -1
    outer loop
      vertex 17.2277 200 0
      vertex 10 219 0
      vertex 21.4804 219 0
    endloop
  endfacet
  facet normal -0 0 -1
    outer loop
      vertex 17.2277 200 0
      vertex 9.9 190.905 0
      vertex 6 219 0
    endloop
  endfacet
  facet normal 0 0 -1
    outer loop
      vertex 17.2277 200 0
      vertex 6 219 0
      vertex 10 219 0
    endloop
  endfacet
  facet normal 0 0 -1
    outer loop
      vertex 6 219 0
      vertex 9.9 190.905 0
      vertex 9.66072 190.745 0
    endloop
  endfacet
  facet normal 0 0 -1
    outer loop
      vertex 6 219 0
      vertex 9.66072 190.745 0
      vertex 9.44436 190.556 0
    endloop
  endfacet
  facet normal 0 0 -1
    outer loop
      vertex 6 219 0
      vertex 9.44436 190.556 0
      vertex 9.25462 190.339 0
    endloop
  endfacet
  facet normal 0 0 -1
    outer loop
      vertex 6 219 0
      vertex 9.25462 190.339 0
      vertex 9.09474 190.1 0
    endloop
  endfacet
  facet normal 0 0 -1
    outer loop
      vertex 6 219 0
      vertex 9.09474 190.1 0
      vertex 8.96746 189.842 0
    endloop
  endfacet
  facet normal -0 0 -1
    outer loop
      vertex 8.81882 188.713 0
      vertex 3 186 0
      vertex 8.8 189 0
    endloop
  endfacet
  facet normal -0 0 -1
    outer loop
      vertex 8.96746 188.158 0
      vertex 3 186 0
      vertex 8.87496 188.431 0
    endloop
  endfacet
  facet normal -0 0 -1
    outer loop
      vertex 9.09474 187.9 0
      vertex 3 186 0
      vertex 8.96746 188.158 0
    endloop
  endfacet
  facet normal -0 0 -1
    outer loop
      vertex 8.87496 188.431 0
      vertex 3 186 0
      vertex 8.81882 188.713 0
    endloop
  endfacet
  facet normal 0 0 -1
    outer loop
      vertex 10 219 0
      vertex 6 219 0
      vertex 10 221.99 0
    endloop
  endfacet
  facet normal -0 0 -1
    outer loop
      vertex 10 221.99 0
      vertex 6 219 0
      vertex 6 221.99 0
    endloop
  endfacet
  facet normal 0 0 -1
    outer loop
      vertex 61.5949 220.522 0
      vertex 61.5949 220.678 0
      vertex 61.6 220.6 0
    endloop
  endfacet
  facet normal 0 0 -1
    outer loop
      vertex 61.5795 220.445 0
      vertex 61.5949 220.678 0
      vertex 61.5949 220.522 0
    endloop
  endfacet
  facet normal 0 0 -1
    outer loop
      vertex 61.5795 220.445 0
      vertex 61.5795 220.755 0
      vertex 61.5949 220.678 0
    endloop
  endfacet
  facet normal 0 0 -1
    outer loop
      vertex 61.5543 220.37 0
      vertex 61.5795 220.755 0
      vertex 61.5795 220.445 0
    endloop
  endfacet
  facet normal 0 0 -1
    outer loop
      vertex 61.5543 220.37 0
      vertex 61.5543 220.83 0
      vertex 61.5795 220.755 0
    endloop
  endfacet
  facet normal 0 0 -1
    outer loop
      vertex 61.5196 220.3 0
      vertex 61.5543 220.83 0
      vertex 61.5543 220.37 0
    endloop
  endfacet
  facet normal 0 0 -1
    outer loop
      vertex 61.5196 220.3 0
      vertex 61.5196 220.9 0
      vertex 61.5543 220.83 0
    endloop
  endfacet
  facet normal 0 0 -1
    outer loop
      vertex 61.476 220.235 0
      vertex 61.5196 220.9 0
      vertex 61.5196 220.3 0
    endloop
  endfacet
  facet normal 0 0 -1
    outer loop
      vertex 61.476 220.235 0
      vertex 61.476 220.965 0
      vertex 61.5196 220.9 0
    endloop
  endfacet
  facet normal 0 0 -1
    outer loop
      vertex 61.4243 220.176 0
      vertex 61.476 220.965 0
      vertex 61.476 220.235 0
    endloop
  endfacet
  facet normal 0 0 -1
    outer loop
      vertex 61.4243 220.176 0
      vertex 61.4243 221.024 0
      vertex 61.476 220.965 0
    endloop
  endfacet
  facet normal 0 0 -1
    outer loop
      vertex 61.3652 220.124 0
      vertex 61.4243 221.024 0
      vertex 61.4243 220.176 0
    endloop
  endfacet
  facet normal 0 0 -1
    outer loop
      vertex 61.3652 220.124 0
      vertex 61.3652 221.076 0
      vertex 61.4243 221.024 0
    endloop
  endfacet
  facet normal 0 0 -1
    outer loop
      vertex 61.3 220.08 0
      vertex 61.3652 221.076 0
      vertex 61.3652 220.124 0
    endloop
  endfacet
  facet normal 0 0 -1
    outer loop
      vertex 61.3 220.08 0
      vertex 61.3 221.12 0
      vertex 61.3652 221.076 0
    endloop
  endfacet
  facet normal 0 0 -1
    outer loop
      vertex 61.2296 220.046 0
      vertex 61.3 221.12 0
      vertex 61.3 220.08 0
    endloop
  endfacet
  facet normal 0 0 -1
    outer loop
      vertex 61.2296 220.046 0
      vertex 61.2296 221.154 0
      vertex 61.3 221.12 0
    endloop
  endfacet
  facet normal 0 0 -1
    outer loop
      vertex 61.2296 220.046 0
      vertex 61.1553 221.18 0
      vertex 61.2296 221.154 0
    endloop
  endfacet
  facet normal 0 0 -1
    outer loop
      vertex 61.2296 220.046 0
      vertex 61.0783 221.195 0
      vertex 61.1553 221.18 0
    endloop
  endfacet
  facet normal 0 0 -1
    outer loop
      vertex 61.2296 220.046 0
      vertex 58.8047 220.407 0
      vertex 61.0783 221.195 0
    endloop
  endfacet
  facet normal 0 0 -1
    outer loop
      vertex 58.4779 219 0
      vertex 58.8047 220.407 0
      vertex 61.2296 220.046 0
    endloop
  endfacet
  facet normal 0 0 -1
    outer loop
      vertex 58.8047 220.407 0
      vertex 58.4779 219 0
      vertex 55.7704 219.254 0
    endloop
  endfacet
  facet normal 0 0 -1
    outer loop
      vertex 58.8047 220.407 0
      vertex 54.2092 222.5 0
      vertex 61.0783 221.195 0
    endloop
  endfacet
  facet normal 0 -0 -1
    outer loop
      vertex 54.2092 222.5 0
      vertex 58.8047 220.407 0
      vertex 50.9217 221.905 0
    endloop
  endfacet
  facet normal 0 0 -1
    outer loop
      vertex 96.2092 222.5 0
      vertex 100.805 224.593 0
      vertex 103.078 223.805 0
    endloop
  endfacet
  facet normal 0 0 -1
    outer loop
      vertex 92.9217 223.095 0
      vertex 96.2092 222.5 0
      vertex 92.9217 221.905 0
    endloop
  endfacet
  facet normal 0 0 -1
    outer loop
      vertex 96.2092 222.5 0
      vertex 92.9217 223.095 0
      vertex 100.805 224.593 0
    endloop
  endfacet
  facet normal 0 0 -1
    outer loop
      vertex 92.8447 221.92 0
      vertex 92.9217 223.095 0
      vertex 92.9217 221.905 0
    endloop
  endfacet
  facet normal 0 0 -1
    outer loop
      vertex 92.8447 221.92 0
      vertex 92.8447 223.08 0
      vertex 92.9217 223.095 0
    endloop
  endfacet
  facet normal 0 0 -1
    outer loop
      vertex 92.7704 221.946 0
      vertex 92.8447 223.08 0
      vertex 92.8447 221.92 0
    endloop
  endfacet
  facet normal 0 0 -1
    outer loop
      vertex 92.7704 221.946 0
      vertex 92.7704 223.054 0
      vertex 92.8447 223.08 0
    endloop
  endfacet
  facet normal 0 0 -1
    outer loop
      vertex 92.7 221.98 0
      vertex 92.7704 223.054 0
      vertex 92.7704 221.946 0
    endloop
  endfacet
  facet normal 0 0 -1
    outer loop
      vertex 92.7 221.98 0
      vertex 92.7 223.02 0
      vertex 92.7704 223.054 0
    endloop
  endfacet
  facet normal 0 0 -1
    outer loop
      vertex 92.6347 222.024 0
      vertex 92.7 223.02 0
      vertex 92.7 221.98 0
    endloop
  endfacet
  facet normal 0 0 -1
    outer loop
      vertex 92.6347 222.024 0
      vertex 92.6347 222.976 0
      vertex 92.7 223.02 0
    endloop
  endfacet
  facet normal 0 0 -1
    outer loop
      vertex 92.5757 222.076 0
      vertex 92.6347 222.976 0
      vertex 92.6347 222.024 0
    endloop
  endfacet
  facet normal 0 0 -1
    outer loop
      vertex 92.5757 222.076 0
      vertex 92.5757 222.924 0
      vertex 92.6347 222.976 0
    endloop
  endfacet
  facet normal 0 0 -1
    outer loop
      vertex 92.524 222.135 0
      vertex 92.5757 222.924 0
      vertex 92.5757 222.076 0
    endloop
  endfacet
  facet normal 0 0 -1
    outer loop
      vertex 92.524 222.135 0
      vertex 92.524 222.865 0
      vertex 92.5757 222.924 0
    endloop
  endfacet
  facet normal 0 0 -1
    outer loop
      vertex 92.4804 222.2 0
      vertex 92.524 222.865 0
      vertex 92.524 222.135 0
    endloop
  endfacet
  facet normal 0 0 -1
    outer loop
      vertex 92.4804 222.2 0
      vertex 92.4804 222.8 0
      vertex 92.524 222.865 0
    endloop
  endfacet
  facet normal 0 0 -1
    outer loop
      vertex 92.4457 222.27 0
      vertex 92.4804 222.8 0
      vertex 92.4804 222.2 0
    endloop
  endfacet
  facet normal 0 0 -1
    outer loop
      vertex 92.4457 222.27 0
      vertex 92.4457 222.73 0
      vertex 92.4804 222.8 0
    endloop
  endfacet
  facet normal 0 0 -1
    outer loop
      vertex 92.4204 222.345 0
      vertex 92.4457 222.73 0
      vertex 92.4457 222.27 0
    endloop
  endfacet
  facet normal 0 0 -1
    outer loop
      vertex 92.4204 222.345 0
      vertex 92.4204 222.655 0
      vertex 92.4457 222.73 0
    endloop
  endfacet
  facet normal 0 0 -1
    outer loop
      vertex 92.4051 222.422 0
      vertex 92.4204 222.655 0
      vertex 92.4204 222.345 0
    endloop
  endfacet
  facet normal 0 0 -1
    outer loop
      vertex 92.4051 222.422 0
      vertex 92.4051 222.578 0
      vertex 92.4204 222.655 0
    endloop
  endfacet
  facet normal 0 -0 -1
    outer loop
      vertex 92.4051 222.578 0
      vertex 92.4051 222.422 0
      vertex 92.4 222.5 0
    endloop
  endfacet
  facet normal 0 0 -1
    outer loop
      vertex 103.595 224.322 0
      vertex 103.595 224.478 0
      vertex 103.6 224.4 0
    endloop
  endfacet
  facet normal 0 0 -1
    outer loop
      vertex 103.58 224.245 0
      vertex 103.595 224.478 0
      vertex 103.595 224.322 0
    endloop
  endfacet
  facet normal 0 0 -1
    outer loop
      vertex 103.58 224.245 0
      vertex 103.58 224.555 0
      vertex 103.595 224.478 0
    endloop
  endfacet
  facet normal 0 0 -1
    outer loop
      vertex 103.554 224.17 0
      vertex 103.58 224.555 0
      vertex 103.58 224.245 0
    endloop
  endfacet
  facet normal 0 0 -1
    outer loop
      vertex 103.554 224.17 0
      vertex 103.554 224.63 0
      vertex 103.58 224.555 0
    endloop
  endfacet
  facet normal 0 0 -1
    outer loop
      vertex 103.52 224.1 0
      vertex 103.554 224.63 0
      vertex 103.554 224.17 0
    endloop
  endfacet
  facet normal 0 0 -1
    outer loop
      vertex 103.52 224.1 0
      vertex 103.52 224.7 0
      vertex 103.554 224.63 0
    endloop
  endfacet
  facet normal 0 0 -1
    outer loop
      vertex 103.476 224.035 0
      vertex 103.52 224.7 0
      vertex 103.52 224.1 0
    endloop
  endfacet
  facet normal 0 0 -1
    outer loop
      vertex 103.476 224.035 0
      vertex 103.476 224.765 0
      vertex 103.52 224.7 0
    endloop
  endfacet
  facet normal 0 0 -1
    outer loop
      vertex 103.424 223.976 0
      vertex 103.476 224.765 0
      vertex 103.476 224.035 0
    endloop
  endfacet
  facet normal 0 0 -1
    outer loop
      vertex 103.424 223.976 0
      vertex 103.424 224.824 0
      vertex 103.476 224.765 0
    endloop
  endfacet
  facet normal 0 0 -1
    outer loop
      vertex 103.365 223.924 0
      vertex 103.424 224.824 0
      vertex 103.424 223.976 0
    endloop
  endfacet
  facet normal 0 0 -1
    outer loop
      vertex 103.365 223.924 0
      vertex 103.365 224.876 0
      vertex 103.424 224.824 0
    endloop
  endfacet
  facet normal 0 0 -1
    outer loop
      vertex 103.3 223.88 0
      vertex 103.365 224.876 0
      vertex 103.365 223.924 0
    endloop
  endfacet
  facet normal 0 0 -1
    outer loop
      vertex 103.3 223.88 0
      vertex 103.3 224.92 0
      vertex 103.365 224.876 0
    endloop
  endfacet
  facet normal 0 0 -1
    outer loop
      vertex 103.23 223.846 0
      vertex 103.3 224.92 0
      vertex 103.3 223.88 0
    endloop
  endfacet
  facet normal 0 0 -1
    outer loop
      vertex 103.23 223.846 0
      vertex 103.23 224.954 0
      vertex 103.3 224.92 0
    endloop
  endfacet
  facet normal 0 0 -1
    outer loop
      vertex 103.155 223.82 0
      vertex 103.23 224.954 0
      vertex 103.23 223.846 0
    endloop
  endfacet
  facet normal 0 0 -1
    outer loop
      vertex 103.078 223.805 0
      vertex 103.23 224.954 0
      vertex 103.155 223.82 0
    endloop
  endfacet
  facet normal 0 0 -1
    outer loop
      vertex 100.805 224.593 0
      vertex 103.23 224.954 0
      vertex 103.078 223.805 0
    endloop
  endfacet
  facet normal 0 0 -1
    outer loop
      vertex 100.805 224.593 0
      vertex 100.478 226 0
      vertex 103.23 224.954 0
    endloop
  endfacet
  facet normal 0 -0 -1
    outer loop
      vertex 100.478 226 0
      vertex 100.805 224.593 0
      vertex 97.7704 225.746 0
    endloop
  endfacet
  facet normal -0 0 -1
    outer loop
      vertex 117 221.99 0
      vertex 113 219 0
      vertex 113 221.99 0
    endloop
  endfacet
  facet normal 0 0 -1
    outer loop
      vertex 103.595 220.522 0
      vertex 103.595 220.678 0
      vertex 103.6 220.6 0
    endloop
  endfacet
  facet normal 0 0 -1
    outer loop
      vertex 103.58 220.445 0
      vertex 103.595 220.678 0
      vertex 103.595 220.522 0
    endloop
  endfacet
  facet normal 0 0 -1
    outer loop
      vertex 103.58 220.445 0
      vertex 103.58 220.755 0
      vertex 103.595 220.678 0
    endloop
  endfacet
  facet normal 0 0 -1
    outer loop
      vertex 103.554 220.37 0
      vertex 103.58 220.755 0
      vertex 103.58 220.445 0
    endloop
  endfacet
  facet normal 0 0 -1
    outer loop
      vertex 103.554 220.37 0
      vertex 103.554 220.83 0
      vertex 103.58 220.755 0
    endloop
  endfacet
  facet normal 0 0 -1
    outer loop
      vertex 103.52 220.3 0
      vertex 103.554 220.83 0
      vertex 103.554 220.37 0
    endloop
  endfacet
  facet normal 0 0 -1
    outer loop
      vertex 103.52 220.3 0
      vertex 103.52 220.9 0
      vertex 103.554 220.83 0
    endloop
  endfacet
  facet normal 0 0 -1
    outer loop
      vertex 103.476 220.235 0
      vertex 103.52 220.9 0
      vertex 103.52 220.3 0
    endloop
  endfacet
  facet normal 0 0 -1
    outer loop
      vertex 103.476 220.235 0
      vertex 103.476 220.965 0
      vertex 103.52 220.9 0
    endloop
  endfacet
  facet normal 0 0 -1
    outer loop
      vertex 103.424 220.176 0
      vertex 103.476 220.965 0
      vertex 103.476 220.235 0
    endloop
  endfacet
  facet normal 0 0 -1
    outer loop
      vertex 103.424 220.176 0
      vertex 103.424 221.024 0
      vertex 103.476 220.965 0
    endloop
  endfacet
  facet normal 0 0 -1
    outer loop
      vertex 103.365 220.124 0
      vertex 103.424 221.024 0
      vertex 103.424 220.176 0
    endloop
  endfacet
  facet normal 0 0 -1
    outer loop
      vertex 103.365 220.124 0
      vertex 103.365 221.076 0
      vertex 103.424 221.024 0
    endloop
  endfacet
  facet normal 0 0 -1
    outer loop
      vertex 103.3 220.08 0
      vertex 103.365 221.076 0
      vertex 103.365 220.124 0
    endloop
  endfacet
  facet normal 0 0 -1
    outer loop
      vertex 103.3 220.08 0
      vertex 103.3 221.12 0
      vertex 103.365 221.076 0
    endloop
  endfacet
  facet normal 0 0 -1
    outer loop
      vertex 103.23 220.046 0
      vertex 103.3 221.12 0
      vertex 103.3 220.08 0
    endloop
  endfacet
  facet normal 0 0 -1
    outer loop
      vertex 103.23 220.046 0
      vertex 103.23 221.154 0
      vertex 103.3 221.12 0
    endloop
  endfacet
  facet normal 0 0 -1
    outer loop
      vertex 103.23 220.046 0
      vertex 103.155 221.18 0
      vertex 103.23 221.154 0
    endloop
  endfacet
  facet normal 0 0 -1
    outer loop
      vertex 103.23 220.046 0
      vertex 103.078 221.195 0
      vertex 103.155 221.18 0
    endloop
  endfacet
  facet normal 0 0 -1
    outer loop
      vertex 103.23 220.046 0
      vertex 100.805 220.407 0
      vertex 103.078 221.195 0
    endloop
  endfacet
  facet normal 0 0 -1
    outer loop
      vertex 100.478 219 0
      vertex 100.805 220.407 0
      vertex 103.23 220.046 0
    endloop
  endfacet
  facet normal 0 0 -1
    outer loop
      vertex 100.805 220.407 0
      vertex 100.478 219 0
      vertex 97.7704 219.254 0
    endloop
  endfacet
  facet normal 0 0 -1
    outer loop
      vertex 100.805 220.407 0
      vertex 96.2092 222.5 0
      vertex 103.078 221.195 0
    endloop
  endfacet
  facet normal 0 -0 -1
    outer loop
      vertex 96.2092 222.5 0
      vertex 100.805 220.407 0
      vertex 92.9217 221.905 0
    endloop
  endfacet
  facet normal 0 0 -1
    outer loop
      vertex 151 198 0
      vertex 149.894 200.32 0
      vertex 150.974 198.392 0
    endloop
  endfacet
  facet normal 0 0 -1
    outer loop
      vertex 143.287 191.181 0
      vertex 149.894 200.32 0
      vertex 143.569 191.125 0
    endloop
  endfacet
  facet normal 0 0 -1
    outer loop
      vertex 143 191.2 0
      vertex 149.894 200.32 0
      vertex 143.287 191.181 0
    endloop
  endfacet
  facet normal 0 0 -1
    outer loop
      vertex 149.894 200.32 0
      vertex 143 191.2 0
      vertex 136.772 200 0
    endloop
  endfacet
  facet normal 0 0 -1
    outer loop
      vertex 136.772 200 0
      vertex 143 191.2 0
      vertex 142.713 191.181 0
    endloop
  endfacet
  facet normal 0 0 -1
    outer loop
      vertex 136.772 200 0
      vertex 142.713 191.181 0
      vertex 142.431 191.125 0
    endloop
  endfacet
  facet normal 0 0 -1
    outer loop
      vertex 136.772 200 0
      vertex 142.431 191.125 0
      vertex 142.158 191.033 0
    endloop
  endfacet
  facet normal 0 0 -1
    outer loop
      vertex 136.772 200 0
      vertex 142.158 191.033 0
      vertex 141.9 190.905 0
    endloop
  endfacet
  facet normal 0 0 -1
    outer loop
      vertex 136.772 200 0
      vertex 141.9 190.905 0
      vertex 141.661 190.745 0
    endloop
  endfacet
  facet normal 0 0 -1
    outer loop
      vertex 136.772 200 0
      vertex 141.661 190.745 0
      vertex 141.444 190.556 0
    endloop
  endfacet
  facet normal 0 0 -1
    outer loop
      vertex 136.772 200 0
      vertex 141.444 190.556 0
      vertex 141.255 190.339 0
    endloop
  endfacet
  facet normal 0 0 -1
    outer loop
      vertex 136.772 200 0
      vertex 141.255 190.339 0
      vertex 141.095 190.1 0
    endloop
  endfacet
  facet normal 0 0 -1
    outer loop
      vertex 136.772 200 0
      vertex 141.095 190.1 0
      vertex 140.967 189.842 0
    endloop
  endfacet
  facet normal 0 0 -1
    outer loop
      vertex 136.772 200 0
      vertex 140.967 189.842 0
      vertex 140.875 189.569 0
    endloop
  endfacet
  facet normal -0 0 -1
    outer loop
      vertex 140.819 188.713 0
      vertex 136 186 0
      vertex 140.8 189 0
    endloop
  endfacet
  facet normal -0 0 -1
    outer loop
      vertex 140.967 188.158 0
      vertex 136 186 0
      vertex 140.875 188.431 0
    endloop
  endfacet
  facet normal -0 0 -1
    outer loop
      vertex 140.875 188.431 0
      vertex 136 186 0
      vertex 140.819 188.713 0
    endloop
  endfacet
  facet normal 0 0 -1
    outer loop
      vertex 136.879 183.879 0
      vertex 139 183 0
      vertex 138.608 183.026 0
    endloop
  endfacet
  facet normal 0 0 -1
    outer loop
      vertex 136.879 183.879 0
      vertex 138.608 183.026 0
      vertex 138.224 183.102 0
    endloop
  endfacet
  facet normal 0 0 -1
    outer loop
      vertex 136.879 183.879 0
      vertex 138.224 183.102 0
      vertex 137.852 183.228 0
    endloop
  endfacet
  facet normal 0 0 -1
    outer loop
      vertex 136.879 183.879 0
      vertex 137.852 183.228 0
      vertex 137.5 183.402 0
    endloop
  endfacet
  facet normal 0 0 -1
    outer loop
      vertex 136.879 183.879 0
      vertex 137.5 183.402 0
      vertex 137.174 183.62 0
    endloop
  endfacet
  facet normal -0 0 -1
    outer loop
      vertex 140.8 189 0
      vertex 136 186 0
      vertex 140.819 189.287 0
    endloop
  endfacet
  facet normal 0 0 -1
    outer loop
      vertex 153.796 214.553 0
      vertex 148 219 0
      vertex 153.543 215.296 0
    endloop
  endfacet
  facet normal 0 0 -1
    outer loop
      vertex 136.772 200 0
      vertex 134.478 219 0
      vertex 144 219 0
    endloop
  endfacet
  facet normal 0 0 -1
    outer loop
      vertex 131.48 219 0
      vertex 134.478 219 0
      vertex 136.772 200 0
    endloop
  endfacet
  facet normal 0 0 -1
    outer loop
      vertex 134.478 219 0
      vertex 131.48 219 0
      vertex 131.77 219.254 0
    endloop
  endfacet
  facet normal 0 0 -1
    outer loop
      vertex 131.77 219.254 0
      vertex 131.48 219 0
      vertex 131.7 219.22 0
    endloop
  endfacet
  facet normal 0 0 -1
    outer loop
      vertex 131.7 219.22 0
      vertex 131.48 219 0
      vertex 131.635 219.176 0
    endloop
  endfacet
  facet normal 0 0 -1
    outer loop
      vertex 131.635 219.176 0
      vertex 131.48 219 0
      vertex 131.576 219.124 0
    endloop
  endfacet
  facet normal 0 0 -1
    outer loop
      vertex 131.576 219.124 0
      vertex 131.48 219 0
      vertex 131.524 219.065 0
    endloop
  endfacet
  facet normal 0 0 -1
    outer loop
      vertex 136.772 200 0
      vertex 117 219 0
      vertex 131.48 219 0
    endloop
  endfacet
  facet normal 0 0 -1
    outer loop
      vertex 117 219 0
      vertex 113 219 0
      vertex 117 221.99 0
    endloop
  endfacet
  facet normal 0 0 -1
    outer loop
      vertex 136.772 200 0
      vertex 113 219 0
      vertex 117 219 0
    endloop
  endfacet
  facet normal 0 0 -1
    outer loop
      vertex 89.8 200 0
      vertex 113 219 0
      vertex 136.772 200 0
    endloop
  endfacet
  facet normal -0 0 -1
    outer loop
      vertex 113 219 0
      vertex 89.8 200 0
      vertex 100.478 219 0
    endloop
  endfacet
  facet normal 0 0 -1
    outer loop
      vertex 100.478 219 0
      vertex 97.4804 219 0
      vertex 97.7704 219.254 0
    endloop
  endfacet
  facet normal 0 0 -1
    outer loop
      vertex 97.7704 219.254 0
      vertex 97.4804 219 0
      vertex 97.7 219.22 0
    endloop
  endfacet
  facet normal 0 0 -1
    outer loop
      vertex 97.7 219.22 0
      vertex 97.4804 219 0
      vertex 97.6347 219.176 0
    endloop
  endfacet
  facet normal 0 0 -1
    outer loop
      vertex 97.6347 219.176 0
      vertex 97.4804 219 0
      vertex 97.5757 219.124 0
    endloop
  endfacet
  facet normal 0 0 -1
    outer loop
      vertex 97.5757 219.124 0
      vertex 97.4804 219 0
      vertex 97.524 219.065 0
    endloop
  endfacet
  facet normal 0 0 -1
    outer loop
      vertex 89.8 209.096 0
      vertex 100.478 219 0
      vertex 89.8 200 0
    endloop
  endfacet
  facet normal -0 0 -1
    outer loop
      vertex 100.478 219 0
      vertex 89.8 209.096 0
      vertex 97.4804 219 0
    endloop
  endfacet
  facet normal 0 0 -1
    outer loop
      vertex 58.4779 219 0
      vertex 89.8 209.096 0
      vertex 64.2 209.096 0
    endloop
  endfacet
  facet normal 0 0 -1
    outer loop
      vertex 89.8 209.096 0
      vertex 58.4779 219 0
      vertex 97.4804 219 0
    endloop
  endfacet
  facet normal 0 0 -1
    outer loop
      vertex 143.842 191.033 0
      vertex 151 198 0
      vertex 144.1 190.905 0
    endloop
  endfacet
  facet normal 0 -0 -1
    outer loop
      vertex 149.894 200.32 0
      vertex 151 198 0
      vertex 143.569 191.125 0
    endloop
  endfacet
  facet normal 0 0 -1
    outer loop
      vertex 150.974 198.392 0
      vertex 149.894 200.32 0
      vertex 150.898 198.776 0
    endloop
  endfacet
  facet normal 0 0 -1
    outer loop
      vertex 150.898 198.776 0
      vertex 149.894 200.32 0
      vertex 150.772 199.148 0
    endloop
  endfacet
  facet normal 0 0 -1
    outer loop
      vertex 150.772 199.148 0
      vertex 149.894 200.32 0
      vertex 150.598 199.5 0
    endloop
  endfacet
  facet normal 0 0 -1
    outer loop
      vertex 150.598 199.5 0
      vertex 149.894 200.32 0
      vertex 150.38 199.826 0
    endloop
  endfacet
  facet normal 0 0 -1
    outer loop
      vertex 150.38 199.826 0
      vertex 149.894 200.32 0
      vertex 150.121 200.121 0
    endloop
  endfacet
  facet normal 0 -0 -1
    outer loop
      vertex 144 219 0
      vertex 149.894 200.32 0
      vertex 136.772 200 0
    endloop
  endfacet
  facet normal 0 0 -1
    outer loop
      vertex 148 219 0
      vertex 144 219 0
      vertex 148 221.99 0
    endloop
  endfacet
  facet normal -0 0 -1
    outer loop
      vertex 148 221.99 0
      vertex 144 219 0
      vertex 144 221.99 0
    endloop
  endfacet
  facet normal -0.751799 0.659392 0
    outer loop
      vertex 3.61994 199.826 0
      vertex 3.87868 200.121 4
      vertex 3.87868 200.121 0
    endloop
  endfacet
  facet normal -0.751799 0.659392 0
    outer loop
      vertex 3.87868 200.121 4
      vertex 3.61994 199.826 0
      vertex 3.61994 199.826 4
    endloop
  endfacet
  facet normal 0.896961 0.44211 0
    outer loop
      vertex 17.7716 199.148 4
      vertex 17.5981 199.5 0
      vertex 17.5981 199.5 4
    endloop
  endfacet
  facet normal 0.896961 0.44211 0
    outer loop
      vertex 17.5981 199.5 0
      vertex 17.7716 199.148 4
      vertex 17.7716 199.148 0
    endloop
  endfacet
  facet normal 0.752255 0.658872 0
    outer loop
      vertex 17.3801 199.826 4
      vertex 17.2277 200 0
      vertex 17.2277 200 4
    endloop
  endfacet
  facet normal 0.752255 0.658872 0
    outer loop
      vertex 17.2277 200 0
      vertex 17.3801 199.826 4
      vertex 17.3801 199.826 0
    endloop
  endfacet
  facet normal 0.94699 -0.321264 0
    outer loop
      vertex 17.7716 184.852 4
      vertex 17.8978 185.224 0
      vertex 17.8978 185.224 4
    endloop
  endfacet
  facet normal 0.94699 -0.321264 0
    outer loop
      vertex 17.8978 185.224 0
      vertex 17.7716 184.852 4
      vertex 17.7716 184.852 0
    endloop
  endfacet
  facet normal -0.194151 -0.980972 0
    outer loop
      vertex 138.224 183.102 0
      vertex 138.608 183.026 4
      vertex 138.224 183.102 4
    endloop
  endfacet
  facet normal -0.194151 -0.980972 -0
    outer loop
      vertex 138.608 183.026 4
      vertex 138.224 183.102 0
      vertex 138.608 183.026 0
    endloop
  endfacet
  facet normal 0.980972 -0.194151 0
    outer loop
      vertex 150.898 185.224 4
      vertex 150.974 185.608 0
      vertex 150.974 185.608 4
    endloop
  endfacet
  facet normal 0.980972 -0.194151 0
    outer loop
      vertex 150.974 185.608 0
      vertex 150.898 185.224 4
      vertex 150.898 185.224 0
    endloop
  endfacet
  facet normal 0.0661811 -0.997808 0
    outer loop
      vertex 148 183 0
      vertex 148.392 183.026 4
      vertex 148 183 4
    endloop
  endfacet
  facet normal 0.0661811 -0.997808 0
    outer loop
      vertex 148.392 183.026 4
      vertex 148 183 0
      vertex 148.392 183.026 0
    endloop
  endfacet
  facet normal -0.947145 0.320807 0
    outer loop
      vertex 136.102 198.776 0
      vertex 136.228 199.148 4
      vertex 136.228 199.148 0
    endloop
  endfacet
  facet normal -0.947145 0.320807 0
    outer loop
      vertex 136.228 199.148 4
      vertex 136.102 198.776 0
      vertex 136.102 198.776 4
    endloop
  endfacet
  facet normal 0.980972 0.194151 0
    outer loop
      vertex 150.974 198.392 4
      vertex 150.898 198.776 0
      vertex 150.898 198.776 4
    endloop
  endfacet
  facet normal 0.980972 0.194151 0
    outer loop
      vertex 150.898 198.776 0
      vertex 150.974 198.392 4
      vertex 150.974 198.392 0
    endloop
  endfacet
  facet normal -1 0 0
    outer loop
      vertex 136 186 0
      vertex 136 198 4
      vertex 136 198 0
    endloop
  endfacet
  facet normal -1 -0 0
    outer loop
      vertex 136 198 4
      vertex 136 186 0
      vertex 136 186 4
    endloop
  endfacet
  facet normal 0 -1 0
    outer loop
      vertex 139 183 0
      vertex 148 183 4
      vertex 139 183 4
    endloop
  endfacet
  facet normal 0 -1 -0
    outer loop
      vertex 148 183 4
      vertex 139 183 0
      vertex 148 183 0
    endloop
  endfacet
  facet normal -0.896455 0.443134 0
    outer loop
      vertex 136.228 199.148 0
      vertex 136.402 199.5 4
      vertex 136.402 199.5 0
    endloop
  endfacet
  facet normal -0.896455 0.443134 0
    outer loop
      vertex 136.402 199.5 4
      vertex 136.228 199.148 0
      vertex 136.228 199.148 4
    endloop
  endfacet
  facet normal 0.751471 -0.659766 0
    outer loop
      vertex 150.121 183.879 4
      vertex 150.38 184.174 0
      vertex 150.38 184.174 4
    endloop
  endfacet
  facet normal 0.751471 -0.659766 0
    outer loop
      vertex 150.38 184.174 0
      vertex 150.121 183.879 4
      vertex 150.121 183.879 0
    endloop
  endfacet
  facet normal -0.659766 -0.751471 0
    outer loop
      vertex 136.879 183.879 0
      vertex 137.174 183.62 4
      vertex 136.879 183.879 4
    endloop
  endfacet
  facet normal -0.659766 -0.751471 -0
    outer loop
      vertex 137.174 183.62 4
      vertex 136.879 183.879 0
      vertex 137.174 183.62 0
    endloop
  endfacet
  facet normal 0.831265 0.555877 0
    outer loop
      vertex 150.598 199.5 4
      vertex 150.38 199.826 0
      vertex 150.38 199.826 4
    endloop
  endfacet
  facet normal 0.831265 0.555877 0
    outer loop
      vertex 150.38 199.826 0
      vertex 150.598 199.5 4
      vertex 150.598 199.5 0
    endloop
  endfacet
  facet normal 0.831265 -0.555877 0
    outer loop
      vertex 150.38 184.174 4
      vertex 150.598 184.5 0
      vertex 150.598 184.5 4
    endloop
  endfacet
  facet normal 0.831265 -0.555877 0
    outer loop
      vertex 150.598 184.5 0
      vertex 150.38 184.174 4
      vertex 150.38 184.174 0
    endloop
  endfacet
  facet normal -0.0661811 -0.997808 0
    outer loop
      vertex 138.608 183.026 0
      vertex 139 183 4
      vertex 138.608 183.026 4
    endloop
  endfacet
  facet normal -0.0661811 -0.997808 -0
    outer loop
      vertex 139 183 4
      vertex 138.608 183.026 0
      vertex 139 183 0
    endloop
  endfacet
  facet normal -0.997808 -0.0661811 0
    outer loop
      vertex 136.026 185.608 0
      vertex 136 186 4
      vertex 136 186 0
    endloop
  endfacet
  facet normal -0.997808 -0.0661811 0
    outer loop
      vertex 136 186 4
      vertex 136.026 185.608 0
      vertex 136.026 185.608 4
    endloop
  endfacet
  facet normal 0.320807 -0.947145 0
    outer loop
      vertex 148.776 183.102 0
      vertex 149.148 183.228 4
      vertex 148.776 183.102 4
    endloop
  endfacet
  facet normal 0.320807 -0.947145 0
    outer loop
      vertex 149.148 183.228 4
      vertex 148.776 183.102 0
      vertex 149.148 183.228 0
    endloop
  endfacet
  facet normal 0.194151 -0.980972 0
    outer loop
      vertex 148.392 183.026 0
      vertex 148.776 183.102 4
      vertex 148.392 183.026 4
    endloop
  endfacet
  facet normal 0.194151 -0.980972 0
    outer loop
      vertex 148.776 183.102 4
      vertex 148.392 183.026 0
      vertex 148.776 183.102 0
    endloop
  endfacet
  facet normal -0.980972 0.194151 0
    outer loop
      vertex 136.026 198.392 0
      vertex 136.102 198.776 4
      vertex 136.102 198.776 0
    endloop
  endfacet
  facet normal -0.980972 0.194151 0
    outer loop
      vertex 136.102 198.776 4
      vertex 136.026 198.392 0
      vertex 136.026 198.392 4
    endloop
  endfacet
  facet normal 0.555877 -0.831265 0
    outer loop
      vertex 149.5 183.402 0
      vertex 149.826 183.62 4
      vertex 149.5 183.402 4
    endloop
  endfacet
  facet normal 0.555877 -0.831265 0
    outer loop
      vertex 149.826 183.62 4
      vertex 149.5 183.402 0
      vertex 149.826 183.62 0
    endloop
  endfacet
  facet normal 0.443134 -0.896455 0
    outer loop
      vertex 149.148 183.228 0
      vertex 149.5 183.402 4
      vertex 149.148 183.228 4
    endloop
  endfacet
  facet normal 0.443134 -0.896455 0
    outer loop
      vertex 149.5 183.402 4
      vertex 149.148 183.228 0
      vertex 149.5 183.402 0
    endloop
  endfacet
  facet normal -0.555877 -0.831265 0
    outer loop
      vertex 137.174 183.62 0
      vertex 137.5 183.402 4
      vertex 137.174 183.62 4
    endloop
  endfacet
  facet normal -0.555877 -0.831265 -0
    outer loop
      vertex 137.5 183.402 4
      vertex 137.174 183.62 0
      vertex 137.5 183.402 0
    endloop
  endfacet
  facet normal -0.947145 -0.320807 0
    outer loop
      vertex 136.228 184.852 0
      vertex 136.102 185.224 4
      vertex 136.102 185.224 0
    endloop
  endfacet
  facet normal -0.947145 -0.320807 0
    outer loop
      vertex 136.102 185.224 4
      vertex 136.228 184.852 0
      vertex 136.228 184.852 4
    endloop
  endfacet
  facet normal -0.980972 -0.194151 0
    outer loop
      vertex 136.102 185.224 0
      vertex 136.026 185.608 4
      vertex 136.026 185.608 0
    endloop
  endfacet
  facet normal -0.980972 -0.194151 0
    outer loop
      vertex 136.026 185.608 4
      vertex 136.102 185.224 0
      vertex 136.102 185.224 4
    endloop
  endfacet
  facet normal 1 -0 0
    outer loop
      vertex 151 186 4
      vertex 151 198 0
      vertex 151 198 4
    endloop
  endfacet
  facet normal 1 0 0
    outer loop
      vertex 151 198 0
      vertex 151 186 4
      vertex 151 186 0
    endloop
  endfacet
  facet normal -0.831265 0.555877 0
    outer loop
      vertex 136.402 199.5 0
      vertex 136.62 199.826 4
      vertex 136.62 199.826 0
    endloop
  endfacet
  facet normal -0.831265 0.555877 0
    outer loop
      vertex 136.62 199.826 4
      vertex 136.402 199.5 0
      vertex 136.402 199.5 4
    endloop
  endfacet
  facet normal 0.997808 0.0661811 0
    outer loop
      vertex 151 198 4
      vertex 150.974 198.392 0
      vertex 150.974 198.392 4
    endloop
  endfacet
  facet normal 0.997808 0.0661811 0
    outer loop
      vertex 150.974 198.392 0
      vertex 151 198 4
      vertex 151 198 0
    endloop
  endfacet
  facet normal -0.896455 -0.443134 0
    outer loop
      vertex 136.402 184.5 0
      vertex 136.228 184.852 4
      vertex 136.228 184.852 0
    endloop
  endfacet
  facet normal -0.896455 -0.443134 0
    outer loop
      vertex 136.228 184.852 4
      vertex 136.402 184.5 0
      vertex 136.402 184.5 4
    endloop
  endfacet
  facet normal -0.443134 -0.896455 0
    outer loop
      vertex 137.5 183.402 0
      vertex 137.852 183.228 4
      vertex 137.5 183.402 4
    endloop
  endfacet
  facet normal -0.443134 -0.896455 -0
    outer loop
      vertex 137.852 183.228 4
      vertex 137.5 183.402 0
      vertex 137.852 183.228 0
    endloop
  endfacet
  facet normal -0.831265 -0.555877 0
    outer loop
      vertex 136.62 184.174 0
      vertex 136.402 184.5 4
      vertex 136.402 184.5 0
    endloop
  endfacet
  facet normal -0.831265 -0.555877 0
    outer loop
      vertex 136.402 184.5 4
      vertex 136.62 184.174 0
      vertex 136.62 184.174 4
    endloop
  endfacet
  facet normal 0.659766 -0.751471 0
    outer loop
      vertex 149.826 183.62 0
      vertex 150.121 183.879 4
      vertex 149.826 183.62 4
    endloop
  endfacet
  facet normal 0.659766 -0.751471 0
    outer loop
      vertex 150.121 183.879 4
      vertex 149.826 183.62 0
      vertex 150.121 183.879 0
    endloop
  endfacet
  facet normal -0.997808 0.0661811 0
    outer loop
      vertex 136 198 0
      vertex 136.026 198.392 4
      vertex 136.026 198.392 0
    endloop
  endfacet
  facet normal -0.997808 0.0661811 0
    outer loop
      vertex 136.026 198.392 4
      vertex 136 198 0
      vertex 136 198 4
    endloop
  endfacet
  facet normal -0.320807 -0.947145 0
    outer loop
      vertex 137.852 183.228 0
      vertex 138.224 183.102 4
      vertex 137.852 183.228 4
    endloop
  endfacet
  facet normal -0.320807 -0.947145 -0
    outer loop
      vertex 138.224 183.102 4
      vertex 137.852 183.228 0
      vertex 138.224 183.102 0
    endloop
  endfacet
  facet normal 0.947145 0.320807 0
    outer loop
      vertex 150.898 198.776 4
      vertex 150.772 199.148 0
      vertex 150.772 199.148 4
    endloop
  endfacet
  facet normal 0.947145 0.320807 0
    outer loop
      vertex 150.772 199.148 0
      vertex 150.898 198.776 4
      vertex 150.898 198.776 0
    endloop
  endfacet
  facet normal 0.997808 -0.0661811 0
    outer loop
      vertex 150.974 185.608 4
      vertex 151 186 0
      vertex 151 186 4
    endloop
  endfacet
  facet normal 0.997808 -0.0661811 0
    outer loop
      vertex 151 186 0
      vertex 150.974 185.608 4
      vertex 150.974 185.608 0
    endloop
  endfacet
  facet normal -0.751471 -0.659766 0
    outer loop
      vertex 136.879 183.879 0
      vertex 136.62 184.174 4
      vertex 136.62 184.174 0
    endloop
  endfacet
  facet normal -0.751471 -0.659766 0
    outer loop
      vertex 136.62 184.174 4
      vertex 136.879 183.879 0
      vertex 136.879 183.879 4
    endloop
  endfacet
  facet normal 0.896455 -0.443134 0
    outer loop
      vertex 150.598 184.5 4
      vertex 150.772 184.852 0
      vertex 150.772 184.852 4
    endloop
  endfacet
  facet normal 0.896455 -0.443134 0
    outer loop
      vertex 150.772 184.852 0
      vertex 150.598 184.5 4
      vertex 150.598 184.5 0
    endloop
  endfacet
  facet normal 0.659208 0.751961 -0
    outer loop
      vertex 150.121 200.121 0
      vertex 149.894 200.32 4
      vertex 150.121 200.121 4
    endloop
  endfacet
  facet normal 0.659208 0.751961 0
    outer loop
      vertex 149.894 200.32 4
      vertex 150.121 200.121 0
      vertex 149.894 200.32 0
    endloop
  endfacet
  facet normal -0.753113 0.657892 0
    outer loop
      vertex 136.62 199.826 0
      vertex 136.772 200 4
      vertex 136.772 200 0
    endloop
  endfacet
  facet normal -0.753113 0.657892 0
    outer loop
      vertex 136.772 200 4
      vertex 136.62 199.826 0
      vertex 136.62 199.826 4
    endloop
  endfacet
  facet normal 0.896455 0.443134 0
    outer loop
      vertex 150.772 199.148 4
      vertex 150.598 199.5 0
      vertex 150.598 199.5 4
    endloop
  endfacet
  facet normal 0.896455 0.443134 0
    outer loop
      vertex 150.598 199.5 0
      vertex 150.772 199.148 4
      vertex 150.772 199.148 0
    endloop
  endfacet
  facet normal 0.751471 0.659766 0
    outer loop
      vertex 150.38 199.826 4
      vertex 150.121 200.121 0
      vertex 150.121 200.121 4
    endloop
  endfacet
  facet normal 0.751471 0.659766 0
    outer loop
      vertex 150.121 200.121 0
      vertex 150.38 199.826 4
      vertex 150.38 199.826 0
    endloop
  endfacet
  facet normal 0.947145 -0.320807 0
    outer loop
      vertex 150.772 184.852 4
      vertex 150.898 185.224 0
      vertex 150.898 185.224 4
    endloop
  endfacet
  facet normal 0.947145 -0.320807 0
    outer loop
      vertex 150.898 185.224 0
      vertex 150.772 184.852 4
      vertex 150.772 184.852 0
    endloop
  endfacet
  facet normal 1 -0 0
    outer loop
      vertex 10 219 8
      vertex 10 221.99 0
      vertex 10 221.99 8
    endloop
  endfacet
  facet normal 1 0 0
    outer loop
      vertex 10 221.99 0
      vertex 10 219 8
      vertex 10 219 0
    endloop
  endfacet
  facet normal 0 0 1
    outer loop
      vertex 10 221.99 8
      vertex 6 221.99 8
      vertex 10 219 8
    endloop
  endfacet
  facet normal 0 0 1
    outer loop
      vertex 27.5949 224.478 8
      vertex 27.5949 224.322 8
      vertex 27.6 224.4 8
    endloop
  endfacet
  facet normal 0 0 1
    outer loop
      vertex 27.5795 224.555 8
      vertex 27.5949 224.322 8
      vertex 27.5949 224.478 8
    endloop
  endfacet
  facet normal 0 0 1
    outer loop
      vertex 27.5795 224.555 8
      vertex 27.5795 224.245 8
      vertex 27.5949 224.322 8
    endloop
  endfacet
  facet normal 0 0 1
    outer loop
      vertex 27.5543 224.63 8
      vertex 27.5795 224.245 8
      vertex 27.5795 224.555 8
    endloop
  endfacet
  facet normal 0 0 1
    outer loop
      vertex 27.5543 224.63 8
      vertex 27.5543 224.17 8
      vertex 27.5795 224.245 8
    endloop
  endfacet
  facet normal 0 0 1
    outer loop
      vertex 27.5196 224.7 8
      vertex 27.5543 224.17 8
      vertex 27.5543 224.63 8
    endloop
  endfacet
  facet normal 0 0 1
    outer loop
      vertex 27.5196 224.7 8
      vertex 27.5196 224.1 8
      vertex 27.5543 224.17 8
    endloop
  endfacet
  facet normal 0 0 1
    outer loop
      vertex 27.476 224.765 8
      vertex 27.5196 224.1 8
      vertex 27.5196 224.7 8
    endloop
  endfacet
  facet normal 0 0 1
    outer loop
      vertex 27.476 224.765 8
      vertex 27.476 224.035 8
      vertex 27.5196 224.1 8
    endloop
  endfacet
  facet normal 0 0 1
    outer loop
      vertex 27.4243 224.824 8
      vertex 27.476 224.035 8
      vertex 27.476 224.765 8
    endloop
  endfacet
  facet normal 0 0 1
    outer loop
      vertex 27.4243 224.824 8
      vertex 27.4243 223.976 8
      vertex 27.476 224.035 8
    endloop
  endfacet
  facet normal 0 0 1
    outer loop
      vertex 27.3652 224.876 8
      vertex 27.4243 223.976 8
      vertex 27.4243 224.824 8
    endloop
  endfacet
  facet normal 0 0 1
    outer loop
      vertex 27.3652 224.876 8
      vertex 27.3652 223.924 8
      vertex 27.4243 223.976 8
    endloop
  endfacet
  facet normal 0 0 1
    outer loop
      vertex 27.3 224.92 8
      vertex 27.3652 223.924 8
      vertex 27.3652 224.876 8
    endloop
  endfacet
  facet normal 0 0 1
    outer loop
      vertex 27.3 224.92 8
      vertex 27.3 223.88 8
      vertex 27.3652 223.924 8
    endloop
  endfacet
  facet normal 0 0 1
    outer loop
      vertex 27.2296 224.954 8
      vertex 27.3 223.88 8
      vertex 27.3 224.92 8
    endloop
  endfacet
  facet normal 0 0 1
    outer loop
      vertex 27.2296 224.954 8
      vertex 27.2296 223.846 8
      vertex 27.3 223.88 8
    endloop
  endfacet
  facet normal 0 0 1
    outer loop
      vertex 27.2296 224.954 8
      vertex 27.1553 223.82 8
      vertex 27.2296 223.846 8
    endloop
  endfacet
  facet normal 0 0 1
    outer loop
      vertex 27.2296 224.954 8
      vertex 27.0783 223.805 8
      vertex 27.1553 223.82 8
    endloop
  endfacet
  facet normal 0 0 1
    outer loop
      vertex 27.2296 224.954 8
      vertex 24.8047 224.593 8
      vertex 27.0783 223.805 8
    endloop
  endfacet
  facet normal 0 0 1
    outer loop
      vertex 24.4778 226 8
      vertex 24.8047 224.593 8
      vertex 27.2296 224.954 8
    endloop
  endfacet
  facet normal 0 0 1
    outer loop
      vertex 24.4778 226 8
      vertex 21.7704 225.746 8
      vertex 24.8047 224.593 8
    endloop
  endfacet
  facet normal -0 0 1
    outer loop
      vertex 21.4804 226 8
      vertex 21.7704 225.746 8
      vertex 24.4778 226 8
    endloop
  endfacet
  facet normal 0 0 1
    outer loop
      vertex 21.7704 225.746 8
      vertex 21.4804 226 8
      vertex 21.7 225.78 8
    endloop
  endfacet
  facet normal 0 0 1
    outer loop
      vertex 21.7 225.78 8
      vertex 21.4804 226 8
      vertex 21.6347 225.824 8
    endloop
  endfacet
  facet normal 0 0 1
    outer loop
      vertex 21.6347 225.824 8
      vertex 21.4804 226 8
      vertex 21.5757 225.876 8
    endloop
  endfacet
  facet normal 0 0 1
    outer loop
      vertex 21.5757 225.876 8
      vertex 21.4804 226 8
      vertex 21.524 225.935 8
    endloop
  endfacet
  facet normal 0 0 1
    outer loop
      vertex 24.8047 224.593 8
      vertex 20.2092 222.5 8
      vertex 27.0783 223.805 8
    endloop
  endfacet
  facet normal 0 -0 1
    outer loop
      vertex 20.2092 222.5 8
      vertex 24.8047 224.593 8
      vertex 16.9217 223.095 8
    endloop
  endfacet
  facet normal 0 0 1
    outer loop
      vertex 20.2092 222.5 8
      vertex 24.8047 220.407 8
      vertex 27.0783 221.195 8
    endloop
  endfacet
  facet normal 0 0 1
    outer loop
      vertex 16.9217 221.905 8
      vertex 20.2092 222.5 8
      vertex 16.9217 223.095 8
    endloop
  endfacet
  facet normal 0 0 1
    outer loop
      vertex 20.2092 222.5 8
      vertex 16.9217 221.905 8
      vertex 24.8047 220.407 8
    endloop
  endfacet
  facet normal -0 0 1
    outer loop
      vertex 16.8447 223.08 8
      vertex 16.9217 221.905 8
      vertex 16.9217 223.095 8
    endloop
  endfacet
  facet normal 0 0 1
    outer loop
      vertex 16.8447 223.08 8
      vertex 16.8447 221.92 8
      vertex 16.9217 221.905 8
    endloop
  endfacet
  facet normal -0 0 1
    outer loop
      vertex 16.7704 223.054 8
      vertex 16.8447 221.92 8
      vertex 16.8447 223.08 8
    endloop
  endfacet
  facet normal 0 0 1
    outer loop
      vertex 16.7704 223.054 8
      vertex 16.7704 221.946 8
      vertex 16.8447 221.92 8
    endloop
  endfacet
  facet normal -0 0 1
    outer loop
      vertex 16.7 223.02 8
      vertex 16.7704 221.946 8
      vertex 16.7704 223.054 8
    endloop
  endfacet
  facet normal 0 0 1
    outer loop
      vertex 16.7 223.02 8
      vertex 16.7 221.98 8
      vertex 16.7704 221.946 8
    endloop
  endfacet
  facet normal -0 0 1
    outer loop
      vertex 16.6347 222.976 8
      vertex 16.7 221.98 8
      vertex 16.7 223.02 8
    endloop
  endfacet
  facet normal 0 0 1
    outer loop
      vertex 16.6347 222.976 8
      vertex 16.6347 222.024 8
      vertex 16.7 221.98 8
    endloop
  endfacet
  facet normal -0 0 1
    outer loop
      vertex 16.5757 222.924 8
      vertex 16.6347 222.024 8
      vertex 16.6347 222.976 8
    endloop
  endfacet
  facet normal 0 0 1
    outer loop
      vertex 16.5757 222.924 8
      vertex 16.5757 222.076 8
      vertex 16.6347 222.024 8
    endloop
  endfacet
  facet normal -0 0 1
    outer loop
      vertex 16.524 222.865 8
      vertex 16.5757 222.076 8
      vertex 16.5757 222.924 8
    endloop
  endfacet
  facet normal 0 0 1
    outer loop
      vertex 16.524 222.865 8
      vertex 16.524 222.135 8
      vertex 16.5757 222.076 8
    endloop
  endfacet
  facet normal -0 0 1
    outer loop
      vertex 16.4804 222.8 8
      vertex 16.524 222.135 8
      vertex 16.524 222.865 8
    endloop
  endfacet
  facet normal 0 0 1
    outer loop
      vertex 16.4804 222.8 8
      vertex 16.4804 222.2 8
      vertex 16.524 222.135 8
    endloop
  endfacet
  facet normal -0 0 1
    outer loop
      vertex 16.4457 222.73 8
      vertex 16.4804 222.2 8
      vertex 16.4804 222.8 8
    endloop
  endfacet
  facet normal 0 0 1
    outer loop
      vertex 16.4457 222.73 8
      vertex 16.4457 222.27 8
      vertex 16.4804 222.2 8
    endloop
  endfacet
  facet normal -0 0 1
    outer loop
      vertex 16.4204 222.655 8
      vertex 16.4457 222.27 8
      vertex 16.4457 222.73 8
    endloop
  endfacet
  facet normal 0 0 1
    outer loop
      vertex 16.4204 222.655 8
      vertex 16.4204 222.345 8
      vertex 16.4457 222.27 8
    endloop
  endfacet
  facet normal -0 0 1
    outer loop
      vertex 16.4051 222.578 8
      vertex 16.4204 222.345 8
      vertex 16.4204 222.655 8
    endloop
  endfacet
  facet normal 0 0 1
    outer loop
      vertex 16.4051 222.578 8
      vertex 16.4051 222.422 8
      vertex 16.4204 222.345 8
    endloop
  endfacet
  facet normal 0 -0 1
    outer loop
      vertex 16.4051 222.422 8
      vertex 16.4051 222.578 8
      vertex 16.4 222.5 8
    endloop
  endfacet
  facet normal 0 0 1
    outer loop
      vertex 27.5949 220.678 8
      vertex 27.5949 220.522 8
      vertex 27.6 220.6 8
    endloop
  endfacet
  facet normal 0 0 1
    outer loop
      vertex 27.5795 220.755 8
      vertex 27.5949 220.522 8
      vertex 27.5949 220.678 8
    endloop
  endfacet
  facet normal 0 0 1
    outer loop
      vertex 27.5795 220.755 8
      vertex 27.5795 220.445 8
      vertex 27.5949 220.522 8
    endloop
  endfacet
  facet normal 0 0 1
    outer loop
      vertex 27.5543 220.83 8
      vertex 27.5795 220.445 8
      vertex 27.5795 220.755 8
    endloop
  endfacet
  facet normal 0 0 1
    outer loop
      vertex 27.5543 220.83 8
      vertex 27.5543 220.37 8
      vertex 27.5795 220.445 8
    endloop
  endfacet
  facet normal 0 0 1
    outer loop
      vertex 27.5196 220.9 8
      vertex 27.5543 220.37 8
      vertex 27.5543 220.83 8
    endloop
  endfacet
  facet normal 0 0 1
    outer loop
      vertex 27.5196 220.9 8
      vertex 27.5196 220.3 8
      vertex 27.5543 220.37 8
    endloop
  endfacet
  facet normal 0 0 1
    outer loop
      vertex 27.476 220.965 8
      vertex 27.5196 220.3 8
      vertex 27.5196 220.9 8
    endloop
  endfacet
  facet normal 0 0 1
    outer loop
      vertex 27.476 220.965 8
      vertex 27.476 220.235 8
      vertex 27.5196 220.3 8
    endloop
  endfacet
  facet normal 0 0 1
    outer loop
      vertex 27.4243 221.024 8
      vertex 27.476 220.235 8
      vertex 27.476 220.965 8
    endloop
  endfacet
  facet normal 0 0 1
    outer loop
      vertex 27.4243 221.024 8
      vertex 27.4243 220.176 8
      vertex 27.476 220.235 8
    endloop
  endfacet
  facet normal 0 0 1
    outer loop
      vertex 27.3652 221.076 8
      vertex 27.4243 220.176 8
      vertex 27.4243 221.024 8
    endloop
  endfacet
  facet normal 0 0 1
    outer loop
      vertex 27.3652 221.076 8
      vertex 27.3652 220.124 8
      vertex 27.4243 220.176 8
    endloop
  endfacet
  facet normal 0 0 1
    outer loop
      vertex 27.3 221.12 8
      vertex 27.3652 220.124 8
      vertex 27.3652 221.076 8
    endloop
  endfacet
  facet normal 0 0 1
    outer loop
      vertex 27.3 221.12 8
      vertex 27.3 220.08 8
      vertex 27.3652 220.124 8
    endloop
  endfacet
  facet normal 0 0 1
    outer loop
      vertex 27.2296 221.154 8
      vertex 27.3 220.08 8
      vertex 27.3 221.12 8
    endloop
  endfacet
  facet normal 0 0 1
    outer loop
      vertex 27.2296 221.154 8
      vertex 27.2296 220.046 8
      vertex 27.3 220.08 8
    endloop
  endfacet
  facet normal 0 0 1
    outer loop
      vertex 27.1553 221.18 8
      vertex 27.2296 220.046 8
      vertex 27.2296 221.154 8
    endloop
  endfacet
  facet normal 0 0 1
    outer loop
      vertex 27.0783 221.195 8
      vertex 27.2296 220.046 8
      vertex 27.1553 221.18 8
    endloop
  endfacet
  facet normal -0 0 1
    outer loop
      vertex 24.8047 220.407 8
      vertex 27.2296 220.046 8
      vertex 27.0783 221.195 8
    endloop
  endfacet
  facet normal 0 0 1
    outer loop
      vertex 24.8047 220.407 8
      vertex 24.4778 219 8
      vertex 27.2296 220.046 8
    endloop
  endfacet
  facet normal 0 -0 1
    outer loop
      vertex 24.4778 219 8
      vertex 24.8047 220.407 8
      vertex 21.7704 219.254 8
    endloop
  endfacet
  facet normal 0 0 1
    outer loop
      vertex 41 221.99 8
      vertex 37 221.99 8
      vertex 41 219 8
    endloop
  endfacet
  facet normal 0 0 1
    outer loop
      vertex 61.5949 224.478 8
      vertex 61.5949 224.322 8
      vertex 61.6 224.4 8
    endloop
  endfacet
  facet normal 0 0 1
    outer loop
      vertex 61.5795 224.555 8
      vertex 61.5949 224.322 8
      vertex 61.5949 224.478 8
    endloop
  endfacet
  facet normal 0 0 1
    outer loop
      vertex 61.5795 224.555 8
      vertex 61.5795 224.245 8
      vertex 61.5949 224.322 8
    endloop
  endfacet
  facet normal 0 0 1
    outer loop
      vertex 61.5543 224.63 8
      vertex 61.5795 224.245 8
      vertex 61.5795 224.555 8
    endloop
  endfacet
  facet normal 0 0 1
    outer loop
      vertex 61.5543 224.63 8
      vertex 61.5543 224.17 8
      vertex 61.5795 224.245 8
    endloop
  endfacet
  facet normal 0 0 1
    outer loop
      vertex 61.5196 224.7 8
      vertex 61.5543 224.17 8
      vertex 61.5543 224.63 8
    endloop
  endfacet
  facet normal 0 0 1
    outer loop
      vertex 61.5196 224.7 8
      vertex 61.5196 224.1 8
      vertex 61.5543 224.17 8
    endloop
  endfacet
  facet normal 0 0 1
    outer loop
      vertex 61.476 224.765 8
      vertex 61.5196 224.1 8
      vertex 61.5196 224.7 8
    endloop
  endfacet
  facet normal 0 0 1
    outer loop
      vertex 61.476 224.765 8
      vertex 61.476 224.035 8
      vertex 61.5196 224.1 8
    endloop
  endfacet
  facet normal 0 0 1
    outer loop
      vertex 61.4243 224.824 8
      vertex 61.476 224.035 8
      vertex 61.476 224.765 8
    endloop
  endfacet
  facet normal 0 0 1
    outer loop
      vertex 61.4243 224.824 8
      vertex 61.4243 223.976 8
      vertex 61.476 224.035 8
    endloop
  endfacet
  facet normal 0 0 1
    outer loop
      vertex 61.3652 224.876 8
      vertex 61.4243 223.976 8
      vertex 61.4243 224.824 8
    endloop
  endfacet
  facet normal 0 0 1
    outer loop
      vertex 61.3652 224.876 8
      vertex 61.3652 223.924 8
      vertex 61.4243 223.976 8
    endloop
  endfacet
  facet normal 0 0 1
    outer loop
      vertex 61.3 224.92 8
      vertex 61.3652 223.924 8
      vertex 61.3652 224.876 8
    endloop
  endfacet
  facet normal 0 0 1
    outer loop
      vertex 61.3 224.92 8
      vertex 61.3 223.88 8
      vertex 61.3652 223.924 8
    endloop
  endfacet
  facet normal 0 0 1
    outer loop
      vertex 61.2296 224.954 8
      vertex 61.3 223.88 8
      vertex 61.3 224.92 8
    endloop
  endfacet
  facet normal 0 0 1
    outer loop
      vertex 61.2296 224.954 8
      vertex 61.2296 223.846 8
      vertex 61.3 223.88 8
    endloop
  endfacet
  facet normal 0 0 1
    outer loop
      vertex 61.2296 224.954 8
      vertex 61.1553 223.82 8
      vertex 61.2296 223.846 8
    endloop
  endfacet
  facet normal 0 0 1
    outer loop
      vertex 61.2296 224.954 8
      vertex 61.0783 223.805 8
      vertex 61.1553 223.82 8
    endloop
  endfacet
  facet normal 0 0 1
    outer loop
      vertex 61.2296 224.954 8
      vertex 58.8047 224.593 8
      vertex 61.0783 223.805 8
    endloop
  endfacet
  facet normal 0 0 1
    outer loop
      vertex 58.4778 226 8
      vertex 58.8047 224.593 8
      vertex 61.2296 224.954 8
    endloop
  endfacet
  facet normal 0 0 1
    outer loop
      vertex 58.4778 226 8
      vertex 55.7704 225.746 8
      vertex 58.8047 224.593 8
    endloop
  endfacet
  facet normal -0 0 1
    outer loop
      vertex 55.4804 226 8
      vertex 55.7704 225.746 8
      vertex 58.4778 226 8
    endloop
  endfacet
  facet normal 0 0 1
    outer loop
      vertex 55.7704 225.746 8
      vertex 55.4804 226 8
      vertex 55.7 225.78 8
    endloop
  endfacet
  facet normal 0 0 1
    outer loop
      vertex 55.7 225.78 8
      vertex 55.4804 226 8
      vertex 55.6347 225.824 8
    endloop
  endfacet
  facet normal 0 0 1
    outer loop
      vertex 55.6347 225.824 8
      vertex 55.4804 226 8
      vertex 55.5757 225.876 8
    endloop
  endfacet
  facet normal 0 0 1
    outer loop
      vertex 55.5757 225.876 8
      vertex 55.4804 226 8
      vertex 55.524 225.935 8
    endloop
  endfacet
  facet normal 0 0 1
    outer loop
      vertex 58.8047 224.593 8
      vertex 54.2092 222.5 8
      vertex 61.0783 223.805 8
    endloop
  endfacet
  facet normal 0 -0 1
    outer loop
      vertex 54.2092 222.5 8
      vertex 58.8047 224.593 8
      vertex 50.9217 223.095 8
    endloop
  endfacet
  facet normal 0 0 1
    outer loop
      vertex 54.2092 222.5 8
      vertex 58.8047 220.407 8
      vertex 61.0783 221.195 8
    endloop
  endfacet
  facet normal 0 0 1
    outer loop
      vertex 50.9217 221.905 8
      vertex 54.2092 222.5 8
      vertex 50.9217 223.095 8
    endloop
  endfacet
  facet normal 0 0 1
    outer loop
      vertex 54.2092 222.5 8
      vertex 50.9217 221.905 8
      vertex 58.8047 220.407 8
    endloop
  endfacet
  facet normal -0 0 1
    outer loop
      vertex 50.8447 223.08 8
      vertex 50.9217 221.905 8
      vertex 50.9217 223.095 8
    endloop
  endfacet
  facet normal 0 0 1
    outer loop
      vertex 50.8447 223.08 8
      vertex 50.8447 221.92 8
      vertex 50.9217 221.905 8
    endloop
  endfacet
  facet normal -0 0 1
    outer loop
      vertex 50.7704 223.054 8
      vertex 50.8447 221.92 8
      vertex 50.8447 223.08 8
    endloop
  endfacet
  facet normal 0 0 1
    outer loop
      vertex 50.7704 223.054 8
      vertex 50.7704 221.946 8
      vertex 50.8447 221.92 8
    endloop
  endfacet
  facet normal -0 0 1
    outer loop
      vertex 50.7 223.02 8
      vertex 50.7704 221.946 8
      vertex 50.7704 223.054 8
    endloop
  endfacet
  facet normal 0 0 1
    outer loop
      vertex 50.7 223.02 8
      vertex 50.7 221.98 8
      vertex 50.7704 221.946 8
    endloop
  endfacet
  facet normal -0 0 1
    outer loop
      vertex 50.6347 222.976 8
      vertex 50.7 221.98 8
      vertex 50.7 223.02 8
    endloop
  endfacet
  facet normal 0 0 1
    outer loop
      vertex 50.6347 222.976 8
      vertex 50.6347 222.024 8
      vertex 50.7 221.98 8
    endloop
  endfacet
  facet normal -0 0 1
    outer loop
      vertex 50.5757 222.924 8
      vertex 50.6347 222.024 8
      vertex 50.6347 222.976 8
    endloop
  endfacet
  facet normal 0 0 1
    outer loop
      vertex 50.5757 222.924 8
      vertex 50.5757 222.076 8
      vertex 50.6347 222.024 8
    endloop
  endfacet
  facet normal -0 0 1
    outer loop
      vertex 50.524 222.865 8
      vertex 50.5757 222.076 8
      vertex 50.5757 222.924 8
    endloop
  endfacet
  facet normal 0 0 1
    outer loop
      vertex 50.524 222.865 8
      vertex 50.524 222.135 8
      vertex 50.5757 222.076 8
    endloop
  endfacet
  facet normal -0 0 1
    outer loop
      vertex 50.4804 222.8 8
      vertex 50.524 222.135 8
      vertex 50.524 222.865 8
    endloop
  endfacet
  facet normal 0 0 1
    outer loop
      vertex 50.4804 222.8 8
      vertex 50.4804 222.2 8
      vertex 50.524 222.135 8
    endloop
  endfacet
  facet normal -0 0 1
    outer loop
      vertex 50.4457 222.73 8
      vertex 50.4804 222.2 8
      vertex 50.4804 222.8 8
    endloop
  endfacet
  facet normal 0 0 1
    outer loop
      vertex 50.4457 222.73 8
      vertex 50.4457 222.27 8
      vertex 50.4804 222.2 8
    endloop
  endfacet
  facet normal -0 0 1
    outer loop
      vertex 50.4204 222.655 8
      vertex 50.4457 222.27 8
      vertex 50.4457 222.73 8
    endloop
  endfacet
  facet normal 0 0 1
    outer loop
      vertex 50.4204 222.655 8
      vertex 50.4204 222.345 8
      vertex 50.4457 222.27 8
    endloop
  endfacet
  facet normal -0 0 1
    outer loop
      vertex 50.4051 222.578 8
      vertex 50.4204 222.345 8
      vertex 50.4204 222.655 8
    endloop
  endfacet
  facet normal 0 0 1
    outer loop
      vertex 50.4051 222.578 8
      vertex 50.4051 222.422 8
      vertex 50.4204 222.345 8
    endloop
  endfacet
  facet normal 0 -0 1
    outer loop
      vertex 50.4051 222.422 8
      vertex 50.4051 222.578 8
      vertex 50.4 222.5 8
    endloop
  endfacet
  facet normal 0 0 1
    outer loop
      vertex 61.5949 220.678 8
      vertex 61.5949 220.522 8
      vertex 61.6 220.6 8
    endloop
  endfacet
  facet normal 0 0 1
    outer loop
      vertex 61.5795 220.755 8
      vertex 61.5949 220.522 8
      vertex 61.5949 220.678 8
    endloop
  endfacet
  facet normal 0 0 1
    outer loop
      vertex 61.5795 220.755 8
      vertex 61.5795 220.445 8
      vertex 61.5949 220.522 8
    endloop
  endfacet
  facet normal 0 0 1
    outer loop
      vertex 61.5543 220.83 8
      vertex 61.5795 220.445 8
      vertex 61.5795 220.755 8
    endloop
  endfacet
  facet normal 0 0 1
    outer loop
      vertex 61.5543 220.83 8
      vertex 61.5543 220.37 8
      vertex 61.5795 220.445 8
    endloop
  endfacet
  facet normal 0 0 1
    outer loop
      vertex 61.5196 220.9 8
      vertex 61.5543 220.37 8
      vertex 61.5543 220.83 8
    endloop
  endfacet
  facet normal 0 0 1
    outer loop
      vertex 61.5196 220.9 8
      vertex 61.5196 220.3 8
      vertex 61.5543 220.37 8
    endloop
  endfacet
  facet normal 0 0 1
    outer loop
      vertex 61.476 220.965 8
      vertex 61.5196 220.3 8
      vertex 61.5196 220.9 8
    endloop
  endfacet
  facet normal 0 0 1
    outer loop
      vertex 61.476 220.965 8
      vertex 61.476 220.235 8
      vertex 61.5196 220.3 8
    endloop
  endfacet
  facet normal 0 0 1
    outer loop
      vertex 61.4243 221.024 8
      vertex 61.476 220.235 8
      vertex 61.476 220.965 8
    endloop
  endfacet
  facet normal 0 0 1
    outer loop
      vertex 61.4243 221.024 8
      vertex 61.4243 220.176 8
      vertex 61.476 220.235 8
    endloop
  endfacet
  facet normal 0 0 1
    outer loop
      vertex 61.3652 221.076 8
      vertex 61.4243 220.176 8
      vertex 61.4243 221.024 8
    endloop
  endfacet
  facet normal 0 0 1
    outer loop
      vertex 61.3652 221.076 8
      vertex 61.3652 220.124 8
      vertex 61.4243 220.176 8
    endloop
  endfacet
  facet normal 0 0 1
    outer loop
      vertex 61.3 221.12 8
      vertex 61.3652 220.124 8
      vertex 61.3652 221.076 8
    endloop
  endfacet
  facet normal 0 0 1
    outer loop
      vertex 61.3 221.12 8
      vertex 61.3 220.08 8
      vertex 61.3652 220.124 8
    endloop
  endfacet
  facet normal 0 0 1
    outer loop
      vertex 61.2296 221.154 8
      vertex 61.3 220.08 8
      vertex 61.3 221.12 8
    endloop
  endfacet
  facet normal 0 0 1
    outer loop
      vertex 61.2296 221.154 8
      vertex 61.2296 220.046 8
      vertex 61.3 220.08 8
    endloop
  endfacet
  facet normal 0 0 1
    outer loop
      vertex 61.1553 221.18 8
      vertex 61.2296 220.046 8
      vertex 61.2296 221.154 8
    endloop
  endfacet
  facet normal 0 0 1
    outer loop
      vertex 61.0783 221.195 8
      vertex 61.2296 220.046 8
      vertex 61.1553 221.18 8
    endloop
  endfacet
  facet normal -0 0 1
    outer loop
      vertex 58.8047 220.407 8
      vertex 61.2296 220.046 8
      vertex 61.0783 221.195 8
    endloop
  endfacet
  facet normal 0 0 1
    outer loop
      vertex 58.8047 220.407 8
      vertex 58.4779 219 8
      vertex 61.2296 220.046 8
    endloop
  endfacet
  facet normal 0 -0 1
    outer loop
      vertex 58.4779 219 8
      vertex 58.8047 220.407 8
      vertex 55.7704 219.254 8
    endloop
  endfacet
  facet normal 0 0 1
    outer loop
      vertex 103.595 224.478 8
      vertex 103.595 224.322 8
      vertex 103.6 224.4 8
    endloop
  endfacet
  facet normal 0 0 1
    outer loop
      vertex 103.58 224.555 8
      vertex 103.595 224.322 8
      vertex 103.595 224.478 8
    endloop
  endfacet
  facet normal 0 0 1
    outer loop
      vertex 103.58 224.555 8
      vertex 103.58 224.245 8
      vertex 103.595 224.322 8
    endloop
  endfacet
  facet normal 0 0 1
    outer loop
      vertex 103.554 224.63 8
      vertex 103.58 224.245 8
      vertex 103.58 224.555 8
    endloop
  endfacet
  facet normal 0 0 1
    outer loop
      vertex 103.554 224.63 8
      vertex 103.554 224.17 8
      vertex 103.58 224.245 8
    endloop
  endfacet
  facet normal 0 0 1
    outer loop
      vertex 103.52 224.7 8
      vertex 103.554 224.17 8
      vertex 103.554 224.63 8
    endloop
  endfacet
  facet normal 0 0 1
    outer loop
      vertex 103.52 224.7 8
      vertex 103.52 224.1 8
      vertex 103.554 224.17 8
    endloop
  endfacet
  facet normal 0 0 1
    outer loop
      vertex 103.476 224.765 8
      vertex 103.52 224.1 8
      vertex 103.52 224.7 8
    endloop
  endfacet
  facet normal 0 0 1
    outer loop
      vertex 103.476 224.765 8
      vertex 103.476 224.035 8
      vertex 103.52 224.1 8
    endloop
  endfacet
  facet normal 0 0 1
    outer loop
      vertex 103.424 224.824 8
      vertex 103.476 224.035 8
      vertex 103.476 224.765 8
    endloop
  endfacet
  facet normal 0 0 1
    outer loop
      vertex 103.424 224.824 8
      vertex 103.424 223.976 8
      vertex 103.476 224.035 8
    endloop
  endfacet
  facet normal 0 0 1
    outer loop
      vertex 103.365 224.876 8
      vertex 103.424 223.976 8
      vertex 103.424 224.824 8
    endloop
  endfacet
  facet normal 0 0 1
    outer loop
      vertex 103.365 224.876 8
      vertex 103.365 223.924 8
      vertex 103.424 223.976 8
    endloop
  endfacet
  facet normal 0 0 1
    outer loop
      vertex 103.3 224.92 8
      vertex 103.365 223.924 8
      vertex 103.365 224.876 8
    endloop
  endfacet
  facet normal 0 0 1
    outer loop
      vertex 103.3 224.92 8
      vertex 103.3 223.88 8
      vertex 103.365 223.924 8
    endloop
  endfacet
  facet normal 0 0 1
    outer loop
      vertex 103.23 224.954 8
      vertex 103.3 223.88 8
      vertex 103.3 224.92 8
    endloop
  endfacet
  facet normal 0 0 1
    outer loop
      vertex 103.23 224.954 8
      vertex 103.23 223.846 8
      vertex 103.3 223.88 8
    endloop
  endfacet
  facet normal 0 0 1
    outer loop
      vertex 103.23 224.954 8
      vertex 103.155 223.82 8
      vertex 103.23 223.846 8
    endloop
  endfacet
  facet normal 0 0 1
    outer loop
      vertex 103.23 224.954 8
      vertex 103.078 223.805 8
      vertex 103.155 223.82 8
    endloop
  endfacet
  facet normal 0 0 1
    outer loop
      vertex 103.23 224.954 8
      vertex 100.805 224.593 8
      vertex 103.078 223.805 8
    endloop
  endfacet
  facet normal 0 0 1
    outer loop
      vertex 100.478 226 8
      vertex 100.805 224.593 8
      vertex 103.23 224.954 8
    endloop
  endfacet
  facet normal 0 0 1
    outer loop
      vertex 100.478 226 8
      vertex 97.7704 225.746 8
      vertex 100.805 224.593 8
    endloop
  endfacet
  facet normal -0 0 1
    outer loop
      vertex 97.4804 226 8
      vertex 97.7704 225.746 8
      vertex 100.478 226 8
    endloop
  endfacet
  facet normal 0 0 1
    outer loop
      vertex 97.7704 225.746 8
      vertex 97.4804 226 8
      vertex 97.7 225.78 8
    endloop
  endfacet
  facet normal 0 0 1
    outer loop
      vertex 97.7 225.78 8
      vertex 97.4804 226 8
      vertex 97.6347 225.824 8
    endloop
  endfacet
  facet normal 0 0 1
    outer loop
      vertex 97.6347 225.824 8
      vertex 97.4804 226 8
      vertex 97.5757 225.876 8
    endloop
  endfacet
  facet normal 0 0 1
    outer loop
      vertex 97.5757 225.876 8
      vertex 97.4804 226 8
      vertex 97.524 225.935 8
    endloop
  endfacet
  facet normal 0 0 1
    outer loop
      vertex 100.805 224.593 8
      vertex 96.2092 222.5 8
      vertex 103.078 223.805 8
    endloop
  endfacet
  facet normal 0 -0 1
    outer loop
      vertex 96.2092 222.5 8
      vertex 100.805 224.593 8
      vertex 92.9217 223.095 8
    endloop
  endfacet
  facet normal 0 0 1
    outer loop
      vertex 96.2092 222.5 8
      vertex 100.805 220.407 8
      vertex 103.078 221.195 8
    endloop
  endfacet
  facet normal 0 0 1
    outer loop
      vertex 92.9217 221.905 8
      vertex 96.2092 222.5 8
      vertex 92.9217 223.095 8
    endloop
  endfacet
  facet normal 0 0 1
    outer loop
      vertex 96.2092 222.5 8
      vertex 92.9217 221.905 8
      vertex 100.805 220.407 8
    endloop
  endfacet
  facet normal -0 0 1
    outer loop
      vertex 92.8447 223.08 8
      vertex 92.9217 221.905 8
      vertex 92.9217 223.095 8
    endloop
  endfacet
  facet normal 0 0 1
    outer loop
      vertex 92.8447 223.08 8
      vertex 92.8447 221.92 8
      vertex 92.9217 221.905 8
    endloop
  endfacet
  facet normal -0 0 1
    outer loop
      vertex 92.7704 223.054 8
      vertex 92.8447 221.92 8
      vertex 92.8447 223.08 8
    endloop
  endfacet
  facet normal 0 0 1
    outer loop
      vertex 92.7704 223.054 8
      vertex 92.7704 221.946 8
      vertex 92.8447 221.92 8
    endloop
  endfacet
  facet normal -0 0 1
    outer loop
      vertex 92.7 223.02 8
      vertex 92.7704 221.946 8
      vertex 92.7704 223.054 8
    endloop
  endfacet
  facet normal 0 0 1
    outer loop
      vertex 92.7 223.02 8
      vertex 92.7 221.98 8
      vertex 92.7704 221.946 8
    endloop
  endfacet
  facet normal -0 0 1
    outer loop
      vertex 92.6347 222.976 8
      vertex 92.7 221.98 8
      vertex 92.7 223.02 8
    endloop
  endfacet
  facet normal 0 0 1
    outer loop
      vertex 92.6347 222.976 8
      vertex 92.6347 222.024 8
      vertex 92.7 221.98 8
    endloop
  endfacet
  facet normal -0 0 1
    outer loop
      vertex 92.5757 222.924 8
      vertex 92.6347 222.024 8
      vertex 92.6347 222.976 8
    endloop
  endfacet
  facet normal 0 0 1
    outer loop
      vertex 92.5757 222.924 8
      vertex 92.5757 222.076 8
      vertex 92.6347 222.024 8
    endloop
  endfacet
  facet normal -0 0 1
    outer loop
      vertex 92.524 222.865 8
      vertex 92.5757 222.076 8
      vertex 92.5757 222.924 8
    endloop
  endfacet
  facet normal 0 0 1
    outer loop
      vertex 92.524 222.865 8
      vertex 92.524 222.135 8
      vertex 92.5757 222.076 8
    endloop
  endfacet
  facet normal -0 0 1
    outer loop
      vertex 92.4804 222.8 8
      vertex 92.524 222.135 8
      vertex 92.524 222.865 8
    endloop
  endfacet
  facet normal 0 0 1
    outer loop
      vertex 92.4804 222.8 8
      vertex 92.4804 222.2 8
      vertex 92.524 222.135 8
    endloop
  endfacet
  facet normal -0 0 1
    outer loop
      vertex 92.4457 222.73 8
      vertex 92.4804 222.2 8
      vertex 92.4804 222.8 8
    endloop
  endfacet
  facet normal 0 0 1
    outer loop
      vertex 92.4457 222.73 8
      vertex 92.4457 222.27 8
      vertex 92.4804 222.2 8
    endloop
  endfacet
  facet normal -0 0 1
    outer loop
      vertex 92.4204 222.655 8
      vertex 92.4457 222.27 8
      vertex 92.4457 222.73 8
    endloop
  endfacet
  facet normal 0 0 1
    outer loop
      vertex 92.4204 222.655 8
      vertex 92.4204 222.345 8
      vertex 92.4457 222.27 8
    endloop
  endfacet
  facet normal -0 0 1
    outer loop
      vertex 92.4051 222.578 8
      vertex 92.4204 222.345 8
      vertex 92.4204 222.655 8
    endloop
  endfacet
  facet normal 0 0 1
    outer loop
      vertex 92.4051 222.578 8
      vertex 92.4051 222.422 8
      vertex 92.4204 222.345 8
    endloop
  endfacet
  facet normal 0 -0 1
    outer loop
      vertex 92.4051 222.422 8
      vertex 92.4051 222.578 8
      vertex 92.4 222.5 8
    endloop
  endfacet
  facet normal 0 0 1
    outer loop
      vertex 103.595 220.678 8
      vertex 103.595 220.522 8
      vertex 103.6 220.6 8
    endloop
  endfacet
  facet normal 0 0 1
    outer loop
      vertex 103.58 220.755 8
      vertex 103.595 220.522 8
      vertex 103.595 220.678 8
    endloop
  endfacet
  facet normal 0 0 1
    outer loop
      vertex 103.58 220.755 8
      vertex 103.58 220.445 8
      vertex 103.595 220.522 8
    endloop
  endfacet
  facet normal 0 0 1
    outer loop
      vertex 103.554 220.83 8
      vertex 103.58 220.445 8
      vertex 103.58 220.755 8
    endloop
  endfacet
  facet normal 0 0 1
    outer loop
      vertex 103.554 220.83 8
      vertex 103.554 220.37 8
      vertex 103.58 220.445 8
    endloop
  endfacet
  facet normal 0 0 1
    outer loop
      vertex 103.52 220.9 8
      vertex 103.554 220.37 8
      vertex 103.554 220.83 8
    endloop
  endfacet
  facet normal 0 0 1
    outer loop
      vertex 103.52 220.9 8
      vertex 103.52 220.3 8
      vertex 103.554 220.37 8
    endloop
  endfacet
  facet normal 0 0 1
    outer loop
      vertex 103.476 220.965 8
      vertex 103.52 220.3 8
      vertex 103.52 220.9 8
    endloop
  endfacet
  facet normal 0 0 1
    outer loop
      vertex 103.476 220.965 8
      vertex 103.476 220.235 8
      vertex 103.52 220.3 8
    endloop
  endfacet
  facet normal 0 0 1
    outer loop
      vertex 103.424 221.024 8
      vertex 103.476 220.235 8
      vertex 103.476 220.965 8
    endloop
  endfacet
  facet normal 0 0 1
    outer loop
      vertex 103.424 221.024 8
      vertex 103.424 220.176 8
      vertex 103.476 220.235 8
    endloop
  endfacet
  facet normal 0 0 1
    outer loop
      vertex 103.365 221.076 8
      vertex 103.424 220.176 8
      vertex 103.424 221.024 8
    endloop
  endfacet
  facet normal 0 0 1
    outer loop
      vertex 103.365 221.076 8
      vertex 103.365 220.124 8
      vertex 103.424 220.176 8
    endloop
  endfacet
  facet normal 0 0 1
    outer loop
      vertex 103.3 221.12 8
      vertex 103.365 220.124 8
      vertex 103.365 221.076 8
    endloop
  endfacet
  facet normal 0 0 1
    outer loop
      vertex 103.3 221.12 8
      vertex 103.3 220.08 8
      vertex 103.365 220.124 8
    endloop
  endfacet
  facet normal 0 0 1
    outer loop
      vertex 103.23 221.154 8
      vertex 103.3 220.08 8
      vertex 103.3 221.12 8
    endloop
  endfacet
  facet normal 0 0 1
    outer loop
      vertex 103.23 221.154 8
      vertex 103.23 220.046 8
      vertex 103.3 220.08 8
    endloop
  endfacet
  facet normal 0 0 1
    outer loop
      vertex 103.155 221.18 8
      vertex 103.23 220.046 8
      vertex 103.23 221.154 8
    endloop
  endfacet
  facet normal 0 0 1
    outer loop
      vertex 103.078 221.195 8
      vertex 103.23 220.046 8
      vertex 103.155 221.18 8
    endloop
  endfacet
  facet normal -0 0 1
    outer loop
      vertex 100.805 220.407 8
      vertex 103.23 220.046 8
      vertex 103.078 221.195 8
    endloop
  endfacet
  facet normal 0 0 1
    outer loop
      vertex 100.805 220.407 8
      vertex 100.478 219 8
      vertex 103.23 220.046 8
    endloop
  endfacet
  facet normal 0 -0 1
    outer loop
      vertex 100.478 219 8
      vertex 100.805 220.407 8
      vertex 97.7704 219.254 8
    endloop
  endfacet
  facet normal 0 0 1
    outer loop
      vertex 117 221.99 8
      vertex 113 221.99 8
      vertex 117 219 8
    endloop
  endfacet
  facet normal 0 0 1
    outer loop
      vertex 137.595 224.478 8
      vertex 137.595 224.322 8
      vertex 137.6 224.4 8
    endloop
  endfacet
  facet normal 0 0 1
    outer loop
      vertex 137.58 224.555 8
      vertex 137.595 224.322 8
      vertex 137.595 224.478 8
    endloop
  endfacet
  facet normal 0 0 1
    outer loop
      vertex 137.58 224.555 8
      vertex 137.58 224.245 8
      vertex 137.595 224.322 8
    endloop
  endfacet
  facet normal 0 0 1
    outer loop
      vertex 137.554 224.63 8
      vertex 137.58 224.245 8
      vertex 137.58 224.555 8
    endloop
  endfacet
  facet normal 0 0 1
    outer loop
      vertex 137.554 224.63 8
      vertex 137.554 224.17 8
      vertex 137.58 224.245 8
    endloop
  endfacet
  facet normal 0 0 1
    outer loop
      vertex 137.52 224.7 8
      vertex 137.554 224.17 8
      vertex 137.554 224.63 8
    endloop
  endfacet
  facet normal 0 0 1
    outer loop
      vertex 137.52 224.7 8
      vertex 137.52 224.1 8
      vertex 137.554 224.17 8
    endloop
  endfacet
  facet normal 0 0 1
    outer loop
      vertex 137.476 224.765 8
      vertex 137.52 224.1 8
      vertex 137.52 224.7 8
    endloop
  endfacet
  facet normal 0 0 1
    outer loop
      vertex 137.476 224.765 8
      vertex 137.476 224.035 8
      vertex 137.52 224.1 8
    endloop
  endfacet
  facet normal 0 0 1
    outer loop
      vertex 137.424 224.824 8
      vertex 137.476 224.035 8
      vertex 137.476 224.765 8
    endloop
  endfacet
  facet normal 0 0 1
    outer loop
      vertex 137.424 224.824 8
      vertex 137.424 223.976 8
      vertex 137.476 224.035 8
    endloop
  endfacet
  facet normal 0 0 1
    outer loop
      vertex 137.365 224.876 8
      vertex 137.424 223.976 8
      vertex 137.424 224.824 8
    endloop
  endfacet
  facet normal 0 0 1
    outer loop
      vertex 137.365 224.876 8
      vertex 137.365 223.924 8
      vertex 137.424 223.976 8
    endloop
  endfacet
  facet normal 0 0 1
    outer loop
      vertex 137.3 224.92 8
      vertex 137.365 223.924 8
      vertex 137.365 224.876 8
    endloop
  endfacet
  facet normal 0 0 1
    outer loop
      vertex 137.3 224.92 8
      vertex 137.3 223.88 8
      vertex 137.365 223.924 8
    endloop
  endfacet
  facet normal 0 0 1
    outer loop
      vertex 137.23 224.954 8
      vertex 137.3 223.88 8
      vertex 137.3 224.92 8
    endloop
  endfacet
  facet normal 0 0 1
    outer loop
      vertex 137.23 224.954 8
      vertex 137.23 223.846 8
      vertex 137.3 223.88 8
    endloop
  endfacet
  facet normal 0 0 1
    outer loop
      vertex 137.23 224.954 8
      vertex 137.155 223.82 8
      vertex 137.23 223.846 8
    endloop
  endfacet
  facet normal 0 0 1
    outer loop
      vertex 137.23 224.954 8
      vertex 137.078 223.805 8
      vertex 137.155 223.82 8
    endloop
  endfacet
  facet normal 0 0 1
    outer loop
      vertex 137.23 224.954 8
      vertex 134.805 224.593 8
      vertex 137.078 223.805 8
    endloop
  endfacet
  facet normal 0 0 1
    outer loop
      vertex 134.478 226 8
      vertex 134.805 224.593 8
      vertex 137.23 224.954 8
    endloop
  endfacet
  facet normal 0 0 1
    outer loop
      vertex 134.478 226 8
      vertex 131.77 225.746 8
      vertex 134.805 224.593 8
    endloop
  endfacet
  facet normal -0 0 1
    outer loop
      vertex 131.48 226 8
      vertex 131.77 225.746 8
      vertex 134.478 226 8
    endloop
  endfacet
  facet normal 0 0 1
    outer loop
      vertex 131.77 225.746 8
      vertex 131.48 226 8
      vertex 131.7 225.78 8
    endloop
  endfacet
  facet normal 0 0 1
    outer loop
      vertex 131.7 225.78 8
      vertex 131.48 226 8
      vertex 131.635 225.824 8
    endloop
  endfacet
  facet normal 0 0 1
    outer loop
      vertex 131.635 225.824 8
      vertex 131.48 226 8
      vertex 131.576 225.876 8
    endloop
  endfacet
  facet normal 0 0 1
    outer loop
      vertex 131.576 225.876 8
      vertex 131.48 226 8
      vertex 131.524 225.935 8
    endloop
  endfacet
  facet normal 0 0 1
    outer loop
      vertex 134.805 224.593 8
      vertex 130.209 222.5 8
      vertex 137.078 223.805 8
    endloop
  endfacet
  facet normal 0 -0 1
    outer loop
      vertex 130.209 222.5 8
      vertex 134.805 224.593 8
      vertex 126.922 223.095 8
    endloop
  endfacet
  facet normal 0 0 1
    outer loop
      vertex 130.209 222.5 8
      vertex 134.805 220.407 8
      vertex 137.078 221.195 8
    endloop
  endfacet
  facet normal 0 0 1
    outer loop
      vertex 126.922 221.905 8
      vertex 130.209 222.5 8
      vertex 126.922 223.095 8
    endloop
  endfacet
  facet normal 0 0 1
    outer loop
      vertex 130.209 222.5 8
      vertex 126.922 221.905 8
      vertex 134.805 220.407 8
    endloop
  endfacet
  facet normal -0 0 1
    outer loop
      vertex 126.845 223.08 8
      vertex 126.922 221.905 8
      vertex 126.922 223.095 8
    endloop
  endfacet
  facet normal 0 0 1
    outer loop
      vertex 126.845 223.08 8
      vertex 126.845 221.92 8
      vertex 126.922 221.905 8
    endloop
  endfacet
  facet normal -0 0 1
    outer loop
      vertex 126.77 223.054 8
      vertex 126.845 221.92 8
      vertex 126.845 223.08 8
    endloop
  endfacet
  facet normal 0 0 1
    outer loop
      vertex 126.77 223.054 8
      vertex 126.77 221.946 8
      vertex 126.845 221.92 8
    endloop
  endfacet
  facet normal -0 0 1
    outer loop
      vertex 126.7 223.02 8
      vertex 126.77 221.946 8
      vertex 126.77 223.054 8
    endloop
  endfacet
  facet normal 0 0 1
    outer loop
      vertex 126.7 223.02 8
      vertex 126.7 221.98 8
      vertex 126.77 221.946 8
    endloop
  endfacet
  facet normal -0 0 1
    outer loop
      vertex 126.635 222.976 8
      vertex 126.7 221.98 8
      vertex 126.7 223.02 8
    endloop
  endfacet
  facet normal 0 0 1
    outer loop
      vertex 126.635 222.976 8
      vertex 126.635 222.024 8
      vertex 126.7 221.98 8
    endloop
  endfacet
  facet normal -0 0 1
    outer loop
      vertex 126.576 222.924 8
      vertex 126.635 222.024 8
      vertex 126.635 222.976 8
    endloop
  endfacet
  facet normal 0 0 1
    outer loop
      vertex 126.576 222.924 8
      vertex 126.576 222.076 8
      vertex 126.635 222.024 8
    endloop
  endfacet
  facet normal -0 0 1
    outer loop
      vertex 126.524 222.865 8
      vertex 126.576 222.076 8
      vertex 126.576 222.924 8
    endloop
  endfacet
  facet normal 0 0 1
    outer loop
      vertex 126.524 222.865 8
      vertex 126.524 222.135 8
      vertex 126.576 222.076 8
    endloop
  endfacet
  facet normal -0 0 1
    outer loop
      vertex 126.48 222.8 8
      vertex 126.524 222.135 8
      vertex 126.524 222.865 8
    endloop
  endfacet
  facet normal 0 0 1
    outer loop
      vertex 126.48 222.8 8
      vertex 126.48 222.2 8
      vertex 126.524 222.135 8
    endloop
  endfacet
  facet normal -0 0 1
    outer loop
      vertex 126.446 222.73 8
      vertex 126.48 222.2 8
      vertex 126.48 222.8 8
    endloop
  endfacet
  facet normal 0 0 1
    outer loop
      vertex 126.446 222.73 8
      vertex 126.446 222.27 8
      vertex 126.48 222.2 8
    endloop
  endfacet
  facet normal -0 0 1
    outer loop
      vertex 126.42 222.655 8
      vertex 126.446 222.27 8
      vertex 126.446 222.73 8
    endloop
  endfacet
  facet normal 0 0 1
    outer loop
      vertex 126.42 222.655 8
      vertex 126.42 222.345 8
      vertex 126.446 222.27 8
    endloop
  endfacet
  facet normal -0 0 1
    outer loop
      vertex 126.405 222.578 8
      vertex 126.42 222.345 8
      vertex 126.42 222.655 8
    endloop
  endfacet
  facet normal 0 0 1
    outer loop
      vertex 126.405 222.578 8
      vertex 126.405 222.422 8
      vertex 126.42 222.345 8
    endloop
  endfacet
  facet normal 0 -0 1
    outer loop
      vertex 126.405 222.422 8
      vertex 126.405 222.578 8
      vertex 126.4 222.5 8
    endloop
  endfacet
  facet normal 0 0 1
    outer loop
      vertex 137.595 220.678 8
      vertex 137.595 220.522 8
      vertex 137.6 220.6 8
    endloop
  endfacet
  facet normal 0 0 1
    outer loop
      vertex 137.58 220.755 8
      vertex 137.595 220.522 8
      vertex 137.595 220.678 8
    endloop
  endfacet
  facet normal 0 0 1
    outer loop
      vertex 137.58 220.755 8
      vertex 137.58 220.445 8
      vertex 137.595 220.522 8
    endloop
  endfacet
  facet normal 0 0 1
    outer loop
      vertex 137.554 220.83 8
      vertex 137.58 220.445 8
      vertex 137.58 220.755 8
    endloop
  endfacet
  facet normal 0 0 1
    outer loop
      vertex 137.554 220.83 8
      vertex 137.554 220.37 8
      vertex 137.58 220.445 8
    endloop
  endfacet
  facet normal 0 0 1
    outer loop
      vertex 137.52 220.9 8
      vertex 137.554 220.37 8
      vertex 137.554 220.83 8
    endloop
  endfacet
  facet normal 0 0 1
    outer loop
      vertex 137.52 220.9 8
      vertex 137.52 220.3 8
      vertex 137.554 220.37 8
    endloop
  endfacet
  facet normal 0 0 1
    outer loop
      vertex 137.476 220.965 8
      vertex 137.52 220.3 8
      vertex 137.52 220.9 8
    endloop
  endfacet
  facet normal 0 0 1
    outer loop
      vertex 137.476 220.965 8
      vertex 137.476 220.235 8
      vertex 137.52 220.3 8
    endloop
  endfacet
  facet normal 0 0 1
    outer loop
      vertex 137.424 221.024 8
      vertex 137.476 220.235 8
      vertex 137.476 220.965 8
    endloop
  endfacet
  facet normal 0 0 1
    outer loop
      vertex 137.424 221.024 8
      vertex 137.424 220.176 8
      vertex 137.476 220.235 8
    endloop
  endfacet
  facet normal 0 0 1
    outer loop
      vertex 137.365 221.076 8
      vertex 137.424 220.176 8
      vertex 137.424 221.024 8
    endloop
  endfacet
  facet normal 0 0 1
    outer loop
      vertex 137.365 221.076 8
      vertex 137.365 220.124 8
      vertex 137.424 220.176 8
    endloop
  endfacet
  facet normal 0 0 1
    outer loop
      vertex 137.3 221.12 8
      vertex 137.365 220.124 8
      vertex 137.365 221.076 8
    endloop
  endfacet
  facet normal 0 0 1
    outer loop
      vertex 137.3 221.12 8
      vertex 137.3 220.08 8
      vertex 137.365 220.124 8
    endloop
  endfacet
  facet normal 0 0 1
    outer loop
      vertex 137.23 221.154 8
      vertex 137.3 220.08 8
      vertex 137.3 221.12 8
    endloop
  endfacet
  facet normal 0 0 1
    outer loop
      vertex 137.23 221.154 8
      vertex 137.23 220.046 8
      vertex 137.3 220.08 8
    endloop
  endfacet
  facet normal 0 0 1
    outer loop
      vertex 137.155 221.18 8
      vertex 137.23 220.046 8
      vertex 137.23 221.154 8
    endloop
  endfacet
  facet normal 0 0 1
    outer loop
      vertex 137.078 221.195 8
      vertex 137.23 220.046 8
      vertex 137.155 221.18 8
    endloop
  endfacet
  facet normal -0 0 1
    outer loop
      vertex 134.805 220.407 8
      vertex 137.23 220.046 8
      vertex 137.078 221.195 8
    endloop
  endfacet
  facet normal 0 0 1
    outer loop
      vertex 134.805 220.407 8
      vertex 134.478 219 8
      vertex 137.23 220.046 8
    endloop
  endfacet
  facet normal 0 -0 1
    outer loop
      vertex 134.478 219 8
      vertex 134.805 220.407 8
      vertex 131.77 219.254 8
    endloop
  endfacet
  facet normal 0 0 1
    outer loop
      vertex 148 221.99 8
      vertex 144 221.99 8
      vertex 148 219 8
    endloop
  endfacet
  facet normal 0 0 1
    outer loop
      vertex 153 219 8
      vertex 154 218 8
      vertex 153.991 218.131 8
    endloop
  endfacet
  facet normal 0 0 1
    outer loop
      vertex 154 218 8
      vertex 153 219 8
      vertex 154 217 8
    endloop
  endfacet
  facet normal 0 0 1
    outer loop
      vertex 153 219 8
      vertex 153.991 218.131 8
      vertex 153.966 218.259 8
    endloop
  endfacet
  facet normal 0 0 1
    outer loop
      vertex 153 216 8
      vertex 154 217 8
      vertex 153 219 8
    endloop
  endfacet
  facet normal 0 0 1
    outer loop
      vertex 153 219 8
      vertex 153.966 218.259 8
      vertex 153.924 218.383 8
    endloop
  endfacet
  facet normal 0 0 1
    outer loop
      vertex 154 217 8
      vertex 153 216 8
      vertex 153.991 216.869 8
    endloop
  endfacet
  facet normal 0 0 1
    outer loop
      vertex 153 219 8
      vertex 153.924 218.383 8
      vertex 153.866 218.5 8
    endloop
  endfacet
  facet normal 0 0 1
    outer loop
      vertex 153.991 216.869 8
      vertex 153 216 8
      vertex 153.966 216.741 8
    endloop
  endfacet
  facet normal 0 0 1
    outer loop
      vertex 153 219 8
      vertex 153.866 218.5 8
      vertex 153.793 218.609 8
    endloop
  endfacet
  facet normal 0 0 1
    outer loop
      vertex 153.966 216.741 8
      vertex 153 216 8
      vertex 153.924 216.617 8
    endloop
  endfacet
  facet normal 0 0 1
    outer loop
      vertex 153 219 8
      vertex 153.793 218.609 8
      vertex 153.707 218.707 8
    endloop
  endfacet
  facet normal 0 0 1
    outer loop
      vertex 153.924 216.617 8
      vertex 153 216 8
      vertex 153.866 216.5 8
    endloop
  endfacet
  facet normal 0 0 1
    outer loop
      vertex 153 219 8
      vertex 153.707 218.707 8
      vertex 153.609 218.793 8
    endloop
  endfacet
  facet normal 0 0 1
    outer loop
      vertex 153.866 216.5 8
      vertex 153 216 8
      vertex 153.793 216.391 8
    endloop
  endfacet
  facet normal 0 0 1
    outer loop
      vertex 153 219 8
      vertex 153.609 218.793 8
      vertex 153.5 218.866 8
    endloop
  endfacet
  facet normal 0 0 1
    outer loop
      vertex 153.793 216.391 8
      vertex 153 216 8
      vertex 153.707 216.293 8
    endloop
  endfacet
  facet normal 0 0 1
    outer loop
      vertex 153 219 8
      vertex 153.5 218.866 8
      vertex 153.383 218.924 8
    endloop
  endfacet
  facet normal 0 0 1
    outer loop
      vertex 153.707 216.293 8
      vertex 153 216 8
      vertex 153.609 216.207 8
    endloop
  endfacet
  facet normal 0 0 1
    outer loop
      vertex 153 219 8
      vertex 153.383 218.924 8
      vertex 153.259 218.966 8
    endloop
  endfacet
  facet normal 0 0 1
    outer loop
      vertex 153.609 216.207 8
      vertex 153 216 8
      vertex 153.5 216.134 8
    endloop
  endfacet
  facet normal 0 0 1
    outer loop
      vertex 153 219 8
      vertex 153.259 218.966 8
      vertex 153.131 218.991 8
    endloop
  endfacet
  facet normal 0 0 1
    outer loop
      vertex 153.5 216.134 8
      vertex 153 216 8
      vertex 153.383 216.076 8
    endloop
  endfacet
  facet normal 0 0 1
    outer loop
      vertex 153.383 216.076 8
      vertex 153 216 8
      vertex 153.259 216.034 8
    endloop
  endfacet
  facet normal 0 0 1
    outer loop
      vertex 153.259 216.034 8
      vertex 153 216 8
      vertex 153.131 216.009 8
    endloop
  endfacet
  facet normal -0 0 1
    outer loop
      vertex 148 219 8
      vertex 153 216 8
      vertex 153 219 8
    endloop
  endfacet
  facet normal 0 0 1
    outer loop
      vertex 144 219 8
      vertex 148 219 8
      vertex 144 221.99 8
    endloop
  endfacet
  facet normal -0 0 1
    outer loop
      vertex 144 219 8
      vertex 153 216 8
      vertex 148 219 8
    endloop
  endfacet
  facet normal -0 0 1
    outer loop
      vertex 134.478 219 8
      vertex 153 216 8
      vertex 144 219 8
    endloop
  endfacet
  facet normal 0 0 1
    outer loop
      vertex 131.48 219 8
      vertex 134.478 219 8
      vertex 131.77 219.254 8
    endloop
  endfacet
  facet normal 0 0 1
    outer loop
      vertex 131.48 219 8
      vertex 131.77 219.254 8
      vertex 131.7 219.22 8
    endloop
  endfacet
  facet normal 0 0 1
    outer loop
      vertex 131.48 219 8
      vertex 131.7 219.22 8
      vertex 131.635 219.176 8
    endloop
  endfacet
  facet normal 0 0 1
    outer loop
      vertex 131.48 219 8
      vertex 131.635 219.176 8
      vertex 131.576 219.124 8
    endloop
  endfacet
  facet normal 0 0 1
    outer loop
      vertex 131.48 219 8
      vertex 131.576 219.124 8
      vertex 131.524 219.065 8
    endloop
  endfacet
  facet normal 0 0 1
    outer loop
      vertex 134.478 219 8
      vertex 131.48 219 8
      vertex 153 216 8
    endloop
  endfacet
  facet normal -0 0 1
    outer loop
      vertex 117 219 8
      vertex 153 216 8
      vertex 131.48 219 8
    endloop
  endfacet
  facet normal 0 0 1
    outer loop
      vertex 113 219 8
      vertex 117 219 8
      vertex 113 221.99 8
    endloop
  endfacet
  facet normal 0 0 1
    outer loop
      vertex 92.3 216 8
      vertex 117 219 8
      vertex 113 219 8
    endloop
  endfacet
  facet normal 0 0 1
    outer loop
      vertex 92.3 216 8
      vertex 113 219 8
      vertex 100.478 219 8
    endloop
  endfacet
  facet normal 0 0 1
    outer loop
      vertex 97.4804 219 8
      vertex 97.7704 219.254 8
      vertex 97.7 219.22 8
    endloop
  endfacet
  facet normal 0 0 1
    outer loop
      vertex 97.4804 219 8
      vertex 97.7 219.22 8
      vertex 97.6347 219.176 8
    endloop
  endfacet
  facet normal 0 0 1
    outer loop
      vertex 97.4804 219 8
      vertex 97.6347 219.176 8
      vertex 97.5757 219.124 8
    endloop
  endfacet
  facet normal 0 0 1
    outer loop
      vertex 97.7704 219.254 8
      vertex 97.4804 219 8
      vertex 100.478 219 8
    endloop
  endfacet
  facet normal 0 0 1
    outer loop
      vertex 97.4804 219 8
      vertex 97.5757 219.124 8
      vertex 97.524 219.065 8
    endloop
  endfacet
  facet normal 0 0 1
    outer loop
      vertex 92.3 216 8
      vertex 100.478 219 8
      vertex 97.4804 219 8
    endloop
  endfacet
  facet normal 0 0 1
    outer loop
      vertex 92.3 216 8
      vertex 97.4804 219 8
      vertex 92.3 217.585 8
    endloop
  endfacet
  facet normal 0 0 1
    outer loop
      vertex 117 219 8
      vertex 92.3 216 8
      vertex 153 216 8
    endloop
  endfacet
  facet normal -0 0 1
    outer loop
      vertex 58.4779 219 8
      vertex 92.3 217.585 8
      vertex 97.4804 219 8
    endloop
  endfacet
  facet normal 0 0 1
    outer loop
      vertex 92.3 217.585 8
      vertex 58.4779 219 8
      vertex 61.7 217.585 8
    endloop
  endfacet
  facet normal 0 0 1
    outer loop
      vertex 58.4779 219 8
      vertex 61.7 216 8
      vertex 61.7 217.585 8
    endloop
  endfacet
  facet normal 0 0 1
    outer loop
      vertex 55.4804 219 8
      vertex 58.4779 219 8
      vertex 55.7704 219.254 8
    endloop
  endfacet
  facet normal 0 0 1
    outer loop
      vertex 55.4804 219 8
      vertex 55.7704 219.254 8
      vertex 55.7 219.22 8
    endloop
  endfacet
  facet normal 0 0 1
    outer loop
      vertex 55.4804 219 8
      vertex 55.7 219.22 8
      vertex 55.6347 219.176 8
    endloop
  endfacet
  facet normal 0 0 1
    outer loop
      vertex 55.4804 219 8
      vertex 55.6347 219.176 8
      vertex 55.5757 219.124 8
    endloop
  endfacet
  facet normal 0 0 1
    outer loop
      vertex 55.4804 219 8
      vertex 55.5757 219.124 8
      vertex 55.524 219.065 8
    endloop
  endfacet
  facet normal 0 0 1
    outer loop
      vertex 58.4779 219 8
      vertex 55.4804 219 8
      vertex 61.7 216 8
    endloop
  endfacet
  facet normal -0 0 1
    outer loop
      vertex 41 219 8
      vertex 61.7 216 8
      vertex 55.4804 219 8
    endloop
  endfacet
  facet normal 0 0 1
    outer loop
      vertex 37 219 8
      vertex 41 219 8
      vertex 37 221.99 8
    endloop
  endfacet
  facet normal -0 0 1
    outer loop
      vertex 37 219 8
      vertex 61.7 216 8
      vertex 41 219 8
    endloop
  endfacet
  facet normal -0 0 1
    outer loop
      vertex 24.4778 219 8
      vertex 61.7 216 8
      vertex 37 219 8
    endloop
  endfacet
  facet normal 0 0 1
    outer loop
      vertex 21.4804 219 8
      vertex 21.7704 219.254 8
      vertex 21.7 219.22 8
    endloop
  endfacet
  facet normal 0 0 1
    outer loop
      vertex 21.7704 219.254 8
      vertex 21.4804 219 8
      vertex 24.4778 219 8
    endloop
  endfacet
  facet normal 0 0 1
    outer loop
      vertex 21.4804 219 8
      vertex 21.7 219.22 8
      vertex 21.6347 219.176 8
    endloop
  endfacet
  facet normal 0 0 1
    outer loop
      vertex 21.4804 219 8
      vertex 21.6347 219.176 8
      vertex 21.5757 219.124 8
    endloop
  endfacet
  facet normal 0 0 1
    outer loop
      vertex 21.4804 219 8
      vertex 21.5757 219.124 8
      vertex 21.524 219.065 8
    endloop
  endfacet
  facet normal 0 0 1
    outer loop
      vertex 1 216 8
      vertex 24.4778 219 8
      vertex 21.4804 219 8
    endloop
  endfacet
  facet normal 0 0 1
    outer loop
      vertex 1 216 8
      vertex 21.4804 219 8
      vertex 10 219 8
    endloop
  endfacet
  facet normal 0 0 1
    outer loop
      vertex 6 219 8
      vertex 10 219 8
      vertex 6 221.99 8
    endloop
  endfacet
  facet normal 0 0 1
    outer loop
      vertex 1 216 8
      vertex 10 219 8
      vertex 6 219 8
    endloop
  endfacet
  facet normal 0 0 1
    outer loop
      vertex 1 216 8
      vertex 6 219 8
      vertex 1 219 8
    endloop
  endfacet
  facet normal 0 0 1
    outer loop
      vertex 24.4778 219 8
      vertex 1 216 8
      vertex 61.7 216 8
    endloop
  endfacet
  facet normal 0 0 1
    outer loop
      vertex 0 218 8
      vertex 1 219 8
      vertex 0.869473 218.991 8
    endloop
  endfacet
  facet normal 0 0 1
    outer loop
      vertex 1 219 8
      vertex 0 218 8
      vertex 1 216 8
    endloop
  endfacet
  facet normal 0 0 1
    outer loop
      vertex 0 218 8
      vertex 0.869473 218.991 8
      vertex 0.74118 218.966 8
    endloop
  endfacet
  facet normal -0 0 1
    outer loop
      vertex 0 217 8
      vertex 1 216 8
      vertex 0 218 8
    endloop
  endfacet
  facet normal 0 0 1
    outer loop
      vertex 0 218 8
      vertex 0.74118 218.966 8
      vertex 0.617316 218.924 8
    endloop
  endfacet
  facet normal 0 0 1
    outer loop
      vertex 1 216 8
      vertex 0 217 8
      vertex 0.869473 216.009 8
    endloop
  endfacet
  facet normal 0 0 1
    outer loop
      vertex 0 218 8
      vertex 0.617316 218.924 8
      vertex 0.5 218.866 8
    endloop
  endfacet
  facet normal 0 0 1
    outer loop
      vertex 0.869473 216.009 8
      vertex 0 217 8
      vertex 0.74118 216.034 8
    endloop
  endfacet
  facet normal 0 0 1
    outer loop
      vertex 0 218 8
      vertex 0.5 218.866 8
      vertex 0.391238 218.793 8
    endloop
  endfacet
  facet normal 0 0 1
    outer loop
      vertex 0.74118 216.034 8
      vertex 0 217 8
      vertex 0.617316 216.076 8
    endloop
  endfacet
  facet normal 0 0 1
    outer loop
      vertex 0 218 8
      vertex 0.391238 218.793 8
      vertex 0.292892 218.707 8
    endloop
  endfacet
  facet normal 0 0 1
    outer loop
      vertex 0.617316 216.076 8
      vertex 0 217 8
      vertex 0.5 216.134 8
    endloop
  endfacet
  facet normal 0 0 1
    outer loop
      vertex 0 218 8
      vertex 0.292892 218.707 8
      vertex 0.206646 218.609 8
    endloop
  endfacet
  facet normal 0 0 1
    outer loop
      vertex 0.5 216.134 8
      vertex 0 217 8
      vertex 0.391238 216.207 8
    endloop
  endfacet
  facet normal 0 0 1
    outer loop
      vertex 0 218 8
      vertex 0.206646 218.609 8
      vertex 0.133974 218.5 8
    endloop
  endfacet
  facet normal 0 0 1
    outer loop
      vertex 0.391238 216.207 8
      vertex 0 217 8
      vertex 0.292892 216.293 8
    endloop
  endfacet
  facet normal 0 0 1
    outer loop
      vertex 0 218 8
      vertex 0.133974 218.5 8
      vertex 0.0761204 218.383 8
    endloop
  endfacet
  facet normal 0 0 1
    outer loop
      vertex 0.292892 216.293 8
      vertex 0 217 8
      vertex 0.206646 216.391 8
    endloop
  endfacet
  facet normal 0 0 1
    outer loop
      vertex 0 218 8
      vertex 0.0761204 218.383 8
      vertex 0.0340738 218.259 8
    endloop
  endfacet
  facet normal 0 0 1
    outer loop
      vertex 0.206646 216.391 8
      vertex 0 217 8
      vertex 0.133974 216.5 8
    endloop
  endfacet
  facet normal 0 0 1
    outer loop
      vertex 0 218 8
      vertex 0.0340738 218.259 8
      vertex 0.00855446 218.131 8
    endloop
  endfacet
  facet normal 0 0 1
    outer loop
      vertex 0.133974 216.5 8
      vertex 0 217 8
      vertex 0.0761204 216.617 8
    endloop
  endfacet
  facet normal 0 0 1
    outer loop
      vertex 0.0761204 216.617 8
      vertex 0 217 8
      vertex 0.0340738 216.741 8
    endloop
  endfacet
  facet normal 0 0 1
    outer loop
      vertex 0.0340738 216.741 8
      vertex 0 217 8
      vertex 0.00855446 216.869 8
    endloop
  endfacet
  facet normal -1 0 0
    outer loop
      vertex 6 219 0
      vertex 6 221.99 8
      vertex 6 221.99 0
    endloop
  endfacet
  facet normal -1 -0 0
    outer loop
      vertex 6 221.99 8
      vertex 6 219 0
      vertex 6 219 8
    endloop
  endfacet
  facet normal 0 1 -0
    outer loop
      vertex 10 221.99 0
      vertex 6 221.99 8
      vertex 10 221.99 8
    endloop
  endfacet
  facet normal 0 1 0
    outer loop
      vertex 6 221.99 8
      vertex 10 221.99 0
      vertex 6 221.99 0
    endloop
  endfacet
  facet normal 1 -0 0
    outer loop
      vertex 41 219 8
      vertex 41 221.99 0
      vertex 41 221.99 8
    endloop
  endfacet
  facet normal 1 0 0
    outer loop
      vertex 41 221.99 0
      vertex 41 219 8
      vertex 41 219 0
    endloop
  endfacet
  facet normal -1 0 0
    outer loop
      vertex 37 219 0
      vertex 37 221.99 8
      vertex 37 221.99 0
    endloop
  endfacet
  facet normal -1 -0 0
    outer loop
      vertex 37 221.99 8
      vertex 37 219 0
      vertex 37 219 8
    endloop
  endfacet
  facet normal 0 1 -0
    outer loop
      vertex 41 221.99 0
      vertex 37 221.99 8
      vertex 41 221.99 8
    endloop
  endfacet
  facet normal 0 1 0
    outer loop
      vertex 37 221.99 8
      vertex 41 221.99 0
      vertex 37 221.99 0
    endloop
  endfacet
  facet normal 1 -0 0
    outer loop
      vertex 117 219 8
      vertex 117 221.99 0
      vertex 117 221.99 8
    endloop
  endfacet
  facet normal 1 0 0
    outer loop
      vertex 117 221.99 0
      vertex 117 219 8
      vertex 117 219 0
    endloop
  endfacet
  facet normal -1 0 0
    outer loop
      vertex 113 219 0
      vertex 113 221.99 8
      vertex 113 221.99 0
    endloop
  endfacet
  facet normal -1 -0 0
    outer loop
      vertex 113 221.99 8
      vertex 113 219 0
      vertex 113 219 8
    endloop
  endfacet
  facet normal 0 1 -0
    outer loop
      vertex 117 221.99 0
      vertex 113 221.99 8
      vertex 117 221.99 8
    endloop
  endfacet
  facet normal 0 1 0
    outer loop
      vertex 113 221.99 8
      vertex 117 221.99 0
      vertex 113 221.99 0
    endloop
  endfacet
  facet normal 1 -0 0
    outer loop
      vertex 148 219 8
      vertex 148 221.99 0
      vertex 148 221.99 8
    endloop
  endfacet
  facet normal 1 0 0
    outer loop
      vertex 148 221.99 0
      vertex 148 219 8
      vertex 148 219 0
    endloop
  endfacet
  facet normal -1 0 0
    outer loop
      vertex 144 219 0
      vertex 144 221.99 8
      vertex 144 221.99 0
    endloop
  endfacet
  facet normal -1 -0 0
    outer loop
      vertex 144 221.99 8
      vertex 144 219 0
      vertex 144 219 8
    endloop
  endfacet
  facet normal 0 1 -0
    outer loop
      vertex 148 221.99 0
      vertex 144 221.99 8
      vertex 148 221.99 8
    endloop
  endfacet
  facet normal 0 1 0
    outer loop
      vertex 144 221.99 8
      vertex 148 221.99 0
      vertex 144 221.99 0
    endloop
  endfacet
  facet normal 0.355312 -0.934748 0
    outer loop
      vertex 24.4778 219 0
      vertex 27.2296 220.046 8
      vertex 24.4778 219 8
    endloop
  endfacet
  facet normal 0.355312 -0.934748 0
    outer loop
      vertex 27.2296 220.046 8
      vertex 24.4778 219 0
      vertex 27.2296 220.046 0
    endloop
  endfacet
  facet normal 0.434892 -0.900483 0
    outer loop
      vertex 27.2296 220.046 0
      vertex 27.3 220.08 8
      vertex 27.2296 220.046 8
    endloop
  endfacet
  facet normal 0.434892 -0.900483 0
    outer loop
      vertex 27.3 220.08 8
      vertex 27.2296 220.046 0
      vertex 27.3 220.08 0
    endloop
  endfacet
  facet normal 0.559386 -0.828908 0
    outer loop
      vertex 27.3 220.08 0
      vertex 27.3652 220.124 8
      vertex 27.3 220.08 8
    endloop
  endfacet
  facet normal 0.559386 -0.828908 0
    outer loop
      vertex 27.3652 220.124 8
      vertex 27.3 220.08 0
      vertex 27.3652 220.124 0
    endloop
  endfacet
  facet normal 0.660571 -0.750764 0
    outer loop
      vertex 27.3652 220.124 0
      vertex 27.4243 220.176 8
      vertex 27.3652 220.124 8
    endloop
  endfacet
  facet normal 0.660571 -0.750764 0
    outer loop
      vertex 27.4243 220.176 8
      vertex 27.3652 220.124 0
      vertex 27.4243 220.176 0
    endloop
  endfacet
  facet normal 0.752103 -0.659046 0
    outer loop
      vertex 27.4243 220.176 8
      vertex 27.476 220.235 0
      vertex 27.476 220.235 8
    endloop
  endfacet
  facet normal 0.752103 -0.659046 0
    outer loop
      vertex 27.476 220.235 0
      vertex 27.4243 220.176 8
      vertex 27.4243 220.176 0
    endloop
  endfacet
  facet normal 0.830474 -0.557057 0
    outer loop
      vertex 27.476 220.235 8
      vertex 27.5196 220.3 0
      vertex 27.5196 220.3 8
    endloop
  endfacet
  facet normal 0.830474 -0.557057 0
    outer loop
      vertex 27.5196 220.3 0
      vertex 27.476 220.235 8
      vertex 27.476 220.235 0
    endloop
  endfacet
  facet normal 0.895958 -0.444139 0
    outer loop
      vertex 27.5196 220.3 8
      vertex 27.5543 220.37 0
      vertex 27.5543 220.37 8
    endloop
  endfacet
  facet normal 0.895958 -0.444139 0
    outer loop
      vertex 27.5543 220.37 0
      vertex 27.5196 220.3 8
      vertex 27.5196 220.3 0
    endloop
  endfacet
  facet normal 0.947922 -0.318502 0
    outer loop
      vertex 27.5543 220.37 8
      vertex 27.5795 220.445 0
      vertex 27.5795 220.445 8
    endloop
  endfacet
  facet normal 0.947922 -0.318502 0
    outer loop
      vertex 27.5795 220.445 0
      vertex 27.5543 220.37 8
      vertex 27.5543 220.37 0
    endloop
  endfacet
  facet normal 0.980581 -0.196116 0
    outer loop
      vertex 27.5795 220.445 8
      vertex 27.5949 220.522 0
      vertex 27.5949 220.522 8
    endloop
  endfacet
  facet normal 0.980581 -0.196116 0
    outer loop
      vertex 27.5949 220.522 0
      vertex 27.5795 220.445 8
      vertex 27.5795 220.445 0
    endloop
  endfacet
  facet normal 0.997869 -0.0652453 0
    outer loop
      vertex 27.5949 220.522 8
      vertex 27.6 220.6 0
      vertex 27.6 220.6 8
    endloop
  endfacet
  facet normal 0.997869 -0.0652453 0
    outer loop
      vertex 27.6 220.6 0
      vertex 27.5949 220.522 8
      vertex 27.5949 220.522 0
    endloop
  endfacet
  facet normal 0.997869 0.0652453 0
    outer loop
      vertex 27.6 220.6 8
      vertex 27.5949 220.678 0
      vertex 27.5949 220.678 8
    endloop
  endfacet
  facet normal 0.997869 0.0652453 0
    outer loop
      vertex 27.5949 220.678 0
      vertex 27.6 220.6 8
      vertex 27.6 220.6 0
    endloop
  endfacet
  facet normal 0.980581 0.196116 0
    outer loop
      vertex 27.5949 220.678 8
      vertex 27.5795 220.755 0
      vertex 27.5795 220.755 8
    endloop
  endfacet
  facet normal 0.980581 0.196116 0
    outer loop
      vertex 27.5795 220.755 0
      vertex 27.5949 220.678 8
      vertex 27.5949 220.678 0
    endloop
  endfacet
  facet normal 0.947922 0.318502 0
    outer loop
      vertex 27.5795 220.755 8
      vertex 27.5543 220.83 0
      vertex 27.5543 220.83 8
    endloop
  endfacet
  facet normal 0.947922 0.318502 0
    outer loop
      vertex 27.5543 220.83 0
      vertex 27.5795 220.755 8
      vertex 27.5795 220.755 0
    endloop
  endfacet
  facet normal 0.895958 0.444139 0
    outer loop
      vertex 27.5543 220.83 8
      vertex 27.5196 220.9 0
      vertex 27.5196 220.9 8
    endloop
  endfacet
  facet normal 0.895958 0.444139 0
    outer loop
      vertex 27.5196 220.9 0
      vertex 27.5543 220.83 8
      vertex 27.5543 220.83 0
    endloop
  endfacet
  facet normal 0.830474 0.557057 0
    outer loop
      vertex 27.5196 220.9 8
      vertex 27.476 220.965 0
      vertex 27.476 220.965 8
    endloop
  endfacet
  facet normal 0.830474 0.557057 0
    outer loop
      vertex 27.476 220.965 0
      vertex 27.5196 220.9 8
      vertex 27.5196 220.9 0
    endloop
  endfacet
  facet normal 0.752103 0.659046 0
    outer loop
      vertex 27.476 220.965 8
      vertex 27.4243 221.024 0
      vertex 27.4243 221.024 8
    endloop
  endfacet
  facet normal 0.752103 0.659046 0
    outer loop
      vertex 27.4243 221.024 0
      vertex 27.476 220.965 8
      vertex 27.476 220.965 0
    endloop
  endfacet
  facet normal 0.660571 0.750764 -0
    outer loop
      vertex 27.4243 221.024 0
      vertex 27.3652 221.076 8
      vertex 27.4243 221.024 8
    endloop
  endfacet
  facet normal 0.660571 0.750764 0
    outer loop
      vertex 27.3652 221.076 8
      vertex 27.4243 221.024 0
      vertex 27.3652 221.076 0
    endloop
  endfacet
  facet normal 0.559386 0.828908 -0
    outer loop
      vertex 27.3652 221.076 0
      vertex 27.3 221.12 8
      vertex 27.3652 221.076 8
    endloop
  endfacet
  facet normal 0.559386 0.828908 0
    outer loop
      vertex 27.3 221.12 8
      vertex 27.3652 221.076 0
      vertex 27.3 221.12 0
    endloop
  endfacet
  facet normal 0.434892 0.900483 -0
    outer loop
      vertex 27.3 221.12 0
      vertex 27.2296 221.154 8
      vertex 27.3 221.12 8
    endloop
  endfacet
  facet normal 0.434892 0.900483 0
    outer loop
      vertex 27.2296 221.154 8
      vertex 27.3 221.12 0
      vertex 27.2296 221.154 0
    endloop
  endfacet
  facet normal 0.330294 0.943878 -0
    outer loop
      vertex 27.2296 221.154 0
      vertex 27.1553 221.18 8
      vertex 27.2296 221.154 8
    endloop
  endfacet
  facet normal 0.330294 0.943878 0
    outer loop
      vertex 27.1553 221.18 8
      vertex 27.2296 221.154 0
      vertex 27.1553 221.18 0
    endloop
  endfacet
  facet normal 0.191211 0.981549 -0
    outer loop
      vertex 27.1553 221.18 0
      vertex 27.0783 221.195 8
      vertex 27.1553 221.18 8
    endloop
  endfacet
  facet normal 0.191211 0.981549 0
    outer loop
      vertex 27.0783 221.195 8
      vertex 27.1553 221.18 0
      vertex 27.0783 221.195 0
    endloop
  endfacet
  facet normal 0.186643 0.982428 -0
    outer loop
      vertex 27.0783 221.195 0
      vertex 20.2092 222.5 8
      vertex 27.0783 221.195 8
    endloop
  endfacet
  facet normal 0.186643 0.982428 0
    outer loop
      vertex 20.2092 222.5 8
      vertex 27.0783 221.195 0
      vertex 20.2092 222.5 0
    endloop
  endfacet
  facet normal 0.186643 -0.982428 0
    outer loop
      vertex 20.2092 222.5 0
      vertex 27.0783 223.805 8
      vertex 20.2092 222.5 8
    endloop
  endfacet
  facet normal 0.186643 -0.982428 0
    outer loop
      vertex 27.0783 223.805 8
      vertex 20.2092 222.5 0
      vertex 27.0783 223.805 0
    endloop
  endfacet
  facet normal 0.191211 -0.981549 0
    outer loop
      vertex 27.0783 223.805 0
      vertex 27.1553 223.82 8
      vertex 27.0783 223.805 8
    endloop
  endfacet
  facet normal 0.191211 -0.981549 0
    outer loop
      vertex 27.1553 223.82 8
      vertex 27.0783 223.805 0
      vertex 27.1553 223.82 0
    endloop
  endfacet
  facet normal 0.330294 -0.943878 0
    outer loop
      vertex 27.1553 223.82 0
      vertex 27.2296 223.846 8
      vertex 27.1553 223.82 8
    endloop
  endfacet
  facet normal 0.330294 -0.943878 0
    outer loop
      vertex 27.2296 223.846 8
      vertex 27.1553 223.82 0
      vertex 27.2296 223.846 0
    endloop
  endfacet
  facet normal 0.434892 -0.900483 0
    outer loop
      vertex 27.2296 223.846 0
      vertex 27.3 223.88 8
      vertex 27.2296 223.846 8
    endloop
  endfacet
  facet normal 0.434892 -0.900483 0
    outer loop
      vertex 27.3 223.88 8
      vertex 27.2296 223.846 0
      vertex 27.3 223.88 0
    endloop
  endfacet
  facet normal 0.559386 -0.828908 0
    outer loop
      vertex 27.3 223.88 0
      vertex 27.3652 223.924 8
      vertex 27.3 223.88 8
    endloop
  endfacet
  facet normal 0.559386 -0.828908 0
    outer loop
      vertex 27.3652 223.924 8
      vertex 27.3 223.88 0
      vertex 27.3652 223.924 0
    endloop
  endfacet
  facet normal 0.660571 -0.750764 0
    outer loop
      vertex 27.3652 223.924 0
      vertex 27.4243 223.976 8
      vertex 27.3652 223.924 8
    endloop
  endfacet
  facet normal 0.660571 -0.750764 0
    outer loop
      vertex 27.4243 223.976 8
      vertex 27.3652 223.924 0
      vertex 27.4243 223.976 0
    endloop
  endfacet
  facet normal 0.752103 -0.659046 0
    outer loop
      vertex 27.4243 223.976 8
      vertex 27.476 224.035 0
      vertex 27.476 224.035 8
    endloop
  endfacet
  facet normal 0.752103 -0.659046 0
    outer loop
      vertex 27.476 224.035 0
      vertex 27.4243 223.976 8
      vertex 27.4243 223.976 0
    endloop
  endfacet
  facet normal 0.830474 -0.557057 0
    outer loop
      vertex 27.476 224.035 8
      vertex 27.5196 224.1 0
      vertex 27.5196 224.1 8
    endloop
  endfacet
  facet normal 0.830474 -0.557057 0
    outer loop
      vertex 27.5196 224.1 0
      vertex 27.476 224.035 8
      vertex 27.476 224.035 0
    endloop
  endfacet
  facet normal 0.895958 -0.444139 0
    outer loop
      vertex 27.5196 224.1 8
      vertex 27.5543 224.17 0
      vertex 27.5543 224.17 8
    endloop
  endfacet
  facet normal 0.895958 -0.444139 0
    outer loop
      vertex 27.5543 224.17 0
      vertex 27.5196 224.1 8
      vertex 27.5196 224.1 0
    endloop
  endfacet
  facet normal 0.947922 -0.318502 0
    outer loop
      vertex 27.5543 224.17 8
      vertex 27.5795 224.245 0
      vertex 27.5795 224.245 8
    endloop
  endfacet
  facet normal 0.947922 -0.318502 0
    outer loop
      vertex 27.5795 224.245 0
      vertex 27.5543 224.17 8
      vertex 27.5543 224.17 0
    endloop
  endfacet
  facet normal 0.980581 -0.196116 0
    outer loop
      vertex 27.5795 224.245 8
      vertex 27.5949 224.322 0
      vertex 27.5949 224.322 8
    endloop
  endfacet
  facet normal 0.980581 -0.196116 0
    outer loop
      vertex 27.5949 224.322 0
      vertex 27.5795 224.245 8
      vertex 27.5795 224.245 0
    endloop
  endfacet
  facet normal 0.997869 -0.0652453 0
    outer loop
      vertex 27.5949 224.322 8
      vertex 27.6 224.4 0
      vertex 27.6 224.4 8
    endloop
  endfacet
  facet normal 0.997869 -0.0652453 0
    outer loop
      vertex 27.6 224.4 0
      vertex 27.5949 224.322 8
      vertex 27.5949 224.322 0
    endloop
  endfacet
  facet normal 0.997869 0.0652453 0
    outer loop
      vertex 27.6 224.4 8
      vertex 27.5949 224.478 0
      vertex 27.5949 224.478 8
    endloop
  endfacet
  facet normal 0.997869 0.0652453 0
    outer loop
      vertex 27.5949 224.478 0
      vertex 27.6 224.4 8
      vertex 27.6 224.4 0
    endloop
  endfacet
  facet normal 0.980581 0.196116 0
    outer loop
      vertex 27.5949 224.478 8
      vertex 27.5795 224.555 0
      vertex 27.5795 224.555 8
    endloop
  endfacet
  facet normal 0.980581 0.196116 0
    outer loop
      vertex 27.5795 224.555 0
      vertex 27.5949 224.478 8
      vertex 27.5949 224.478 0
    endloop
  endfacet
  facet normal 0.947922 0.318502 0
    outer loop
      vertex 27.5795 224.555 8
      vertex 27.5543 224.63 0
      vertex 27.5543 224.63 8
    endloop
  endfacet
  facet normal 0.947922 0.318502 0
    outer loop
      vertex 27.5543 224.63 0
      vertex 27.5795 224.555 8
      vertex 27.5795 224.555 0
    endloop
  endfacet
  facet normal 0.895958 0.444139 0
    outer loop
      vertex 27.5543 224.63 8
      vertex 27.5196 224.7 0
      vertex 27.5196 224.7 8
    endloop
  endfacet
  facet normal 0.895958 0.444139 0
    outer loop
      vertex 27.5196 224.7 0
      vertex 27.5543 224.63 8
      vertex 27.5543 224.63 0
    endloop
  endfacet
  facet normal 0.830474 0.557057 0
    outer loop
      vertex 27.5196 224.7 8
      vertex 27.476 224.765 0
      vertex 27.476 224.765 8
    endloop
  endfacet
  facet normal 0.830474 0.557057 0
    outer loop
      vertex 27.476 224.765 0
      vertex 27.5196 224.7 8
      vertex 27.5196 224.7 0
    endloop
  endfacet
  facet normal 0.752103 0.659046 0
    outer loop
      vertex 27.476 224.765 8
      vertex 27.4243 224.824 0
      vertex 27.4243 224.824 8
    endloop
  endfacet
  facet normal 0.752103 0.659046 0
    outer loop
      vertex 27.4243 224.824 0
      vertex 27.476 224.765 8
      vertex 27.476 224.765 0
    endloop
  endfacet
  facet normal 0.660571 0.750764 -0
    outer loop
      vertex 27.4243 224.824 0
      vertex 27.3652 224.876 8
      vertex 27.4243 224.824 8
    endloop
  endfacet
  facet normal 0.660571 0.750764 0
    outer loop
      vertex 27.3652 224.876 8
      vertex 27.4243 224.824 0
      vertex 27.3652 224.876 0
    endloop
  endfacet
  facet normal 0.559386 0.828908 -0
    outer loop
      vertex 27.3652 224.876 0
      vertex 27.3 224.92 8
      vertex 27.3652 224.876 8
    endloop
  endfacet
  facet normal 0.559386 0.828908 0
    outer loop
      vertex 27.3 224.92 8
      vertex 27.3652 224.876 0
      vertex 27.3 224.92 0
    endloop
  endfacet
  facet normal 0.434892 0.900483 -0
    outer loop
      vertex 27.3 224.92 0
      vertex 27.2296 224.954 8
      vertex 27.3 224.92 8
    endloop
  endfacet
  facet normal 0.434892 0.900483 0
    outer loop
      vertex 27.2296 224.954 8
      vertex 27.3 224.92 0
      vertex 27.2296 224.954 0
    endloop
  endfacet
  facet normal 0.355312 0.934748 -0
    outer loop
      vertex 27.2296 224.954 0
      vertex 24.4778 226 8
      vertex 27.2296 224.954 8
    endloop
  endfacet
  facet normal 0.355312 0.934748 0
    outer loop
      vertex 24.4778 226 8
      vertex 27.2296 224.954 0
      vertex 24.4778 226 0
    endloop
  endfacet
  facet normal -0.830474 -0.557057 0
    outer loop
      vertex 21.524 225.935 0
      vertex 21.4804 226 8
      vertex 21.4804 226 0
    endloop
  endfacet
  facet normal -0.830474 -0.557057 0
    outer loop
      vertex 21.4804 226 8
      vertex 21.524 225.935 0
      vertex 21.524 225.935 8
    endloop
  endfacet
  facet normal -0.752103 -0.659046 0
    outer loop
      vertex 21.5757 225.876 0
      vertex 21.524 225.935 8
      vertex 21.524 225.935 0
    endloop
  endfacet
  facet normal -0.752103 -0.659046 0
    outer loop
      vertex 21.524 225.935 8
      vertex 21.5757 225.876 0
      vertex 21.5757 225.876 8
    endloop
  endfacet
  facet normal -0.661201 -0.750209 0
    outer loop
      vertex 21.5757 225.876 0
      vertex 21.6347 225.824 8
      vertex 21.5757 225.876 8
    endloop
  endfacet
  facet normal -0.661201 -0.750209 -0
    outer loop
      vertex 21.6347 225.824 8
      vertex 21.5757 225.876 0
      vertex 21.6347 225.824 0
    endloop
  endfacet
  facet normal -0.558797 -0.829305 0
    outer loop
      vertex 21.6347 225.824 0
      vertex 21.7 225.78 8
      vertex 21.6347 225.824 8
    endloop
  endfacet
  facet normal -0.558797 -0.829305 -0
    outer loop
      vertex 21.7 225.78 8
      vertex 21.6347 225.824 0
      vertex 21.7 225.78 0
    endloop
  endfacet
  facet normal -0.434892 -0.900483 0
    outer loop
      vertex 21.7 225.78 0
      vertex 21.7704 225.746 8
      vertex 21.7 225.78 8
    endloop
  endfacet
  facet normal -0.434892 -0.900483 -0
    outer loop
      vertex 21.7704 225.746 8
      vertex 21.7 225.78 0
      vertex 21.7704 225.746 0
    endloop
  endfacet
  facet normal -0.355209 -0.934787 0
    outer loop
      vertex 21.7704 225.746 0
      vertex 24.8047 224.593 8
      vertex 21.7704 225.746 8
    endloop
  endfacet
  facet normal -0.355209 -0.934787 -0
    outer loop
      vertex 24.8047 224.593 8
      vertex 21.7704 225.746 0
      vertex 24.8047 224.593 0
    endloop
  endfacet
  facet normal -0.186688 0.982419 0
    outer loop
      vertex 24.8047 224.593 0
      vertex 16.9217 223.095 8
      vertex 24.8047 224.593 8
    endloop
  endfacet
  facet normal -0.186688 0.982419 0
    outer loop
      vertex 16.9217 223.095 8
      vertex 24.8047 224.593 0
      vertex 16.9217 223.095 0
    endloop
  endfacet
  facet normal -0.191211 0.981549 0
    outer loop
      vertex 16.9217 223.095 0
      vertex 16.8447 223.08 8
      vertex 16.9217 223.095 8
    endloop
  endfacet
  facet normal -0.191211 0.981549 0
    outer loop
      vertex 16.8447 223.08 8
      vertex 16.9217 223.095 0
      vertex 16.8447 223.08 0
    endloop
  endfacet
  facet normal -0.330294 0.943878 0
    outer loop
      vertex 16.8447 223.08 0
      vertex 16.7704 223.054 8
      vertex 16.8447 223.08 8
    endloop
  endfacet
  facet normal -0.330294 0.943878 0
    outer loop
      vertex 16.7704 223.054 8
      vertex 16.8447 223.08 0
      vertex 16.7704 223.054 0
    endloop
  endfacet
  facet normal -0.434892 0.900483 0
    outer loop
      vertex 16.7704 223.054 0
      vertex 16.7 223.02 8
      vertex 16.7704 223.054 8
    endloop
  endfacet
  facet normal -0.434892 0.900483 0
    outer loop
      vertex 16.7 223.02 8
      vertex 16.7704 223.054 0
      vertex 16.7 223.02 0
    endloop
  endfacet
  facet normal -0.558797 0.829305 0
    outer loop
      vertex 16.7 223.02 0
      vertex 16.6347 222.976 8
      vertex 16.7 223.02 8
    endloop
  endfacet
  facet normal -0.558797 0.829305 0
    outer loop
      vertex 16.6347 222.976 8
      vertex 16.7 223.02 0
      vertex 16.6347 222.976 0
    endloop
  endfacet
  facet normal -0.661201 0.750209 0
    outer loop
      vertex 16.6347 222.976 0
      vertex 16.5757 222.924 8
      vertex 16.6347 222.976 8
    endloop
  endfacet
  facet normal -0.661201 0.750209 0
    outer loop
      vertex 16.5757 222.924 8
      vertex 16.6347 222.976 0
      vertex 16.5757 222.924 0
    endloop
  endfacet
  facet normal -0.752103 0.659046 0
    outer loop
      vertex 16.524 222.865 0
      vertex 16.5757 222.924 8
      vertex 16.5757 222.924 0
    endloop
  endfacet
  facet normal -0.752103 0.659046 0
    outer loop
      vertex 16.5757 222.924 8
      vertex 16.524 222.865 0
      vertex 16.524 222.865 8
    endloop
  endfacet
  facet normal -0.830474 0.557057 0
    outer loop
      vertex 16.4804 222.8 0
      vertex 16.524 222.865 8
      vertex 16.524 222.865 0
    endloop
  endfacet
  facet normal -0.830474 0.557057 0
    outer loop
      vertex 16.524 222.865 8
      vertex 16.4804 222.8 0
      vertex 16.4804 222.8 8
    endloop
  endfacet
  facet normal -0.895958 0.444139 0
    outer loop
      vertex 16.4457 222.73 0
      vertex 16.4804 222.8 8
      vertex 16.4804 222.8 0
    endloop
  endfacet
  facet normal -0.895958 0.444139 0
    outer loop
      vertex 16.4804 222.8 8
      vertex 16.4457 222.73 0
      vertex 16.4457 222.73 8
    endloop
  endfacet
  facet normal -0.94754 0.319637 0
    outer loop
      vertex 16.4204 222.655 0
      vertex 16.4457 222.73 8
      vertex 16.4457 222.73 0
    endloop
  endfacet
  facet normal -0.94754 0.319637 0
    outer loop
      vertex 16.4457 222.73 8
      vertex 16.4204 222.655 0
      vertex 16.4204 222.655 8
    endloop
  endfacet
  facet normal -0.980825 0.194891 0
    outer loop
      vertex 16.4051 222.578 0
      vertex 16.4204 222.655 8
      vertex 16.4204 222.655 0
    endloop
  endfacet
  facet normal -0.980825 0.194891 0
    outer loop
      vertex 16.4204 222.655 8
      vertex 16.4051 222.578 0
      vertex 16.4051 222.578 8
    endloop
  endfacet
  facet normal -0.997869 0.0652453 0
    outer loop
      vertex 16.4 222.5 0
      vertex 16.4051 222.578 8
      vertex 16.4051 222.578 0
    endloop
  endfacet
  facet normal -0.997869 0.0652453 0
    outer loop
      vertex 16.4051 222.578 8
      vertex 16.4 222.5 0
      vertex 16.4 222.5 8
    endloop
  endfacet
  facet normal -0.997869 -0.0652453 0
    outer loop
      vertex 16.4051 222.422 0
      vertex 16.4 222.5 8
      vertex 16.4 222.5 0
    endloop
  endfacet
  facet normal -0.997869 -0.0652453 0
    outer loop
      vertex 16.4 222.5 8
      vertex 16.4051 222.422 0
      vertex 16.4051 222.422 8
    endloop
  endfacet
  facet normal -0.980825 -0.194891 0
    outer loop
      vertex 16.4204 222.345 0
      vertex 16.4051 222.422 8
      vertex 16.4051 222.422 0
    endloop
  endfacet
  facet normal -0.980825 -0.194891 0
    outer loop
      vertex 16.4051 222.422 8
      vertex 16.4204 222.345 0
      vertex 16.4204 222.345 8
    endloop
  endfacet
  facet normal -0.94754 -0.319637 0
    outer loop
      vertex 16.4457 222.27 0
      vertex 16.4204 222.345 8
      vertex 16.4204 222.345 0
    endloop
  endfacet
  facet normal -0.94754 -0.319637 0
    outer loop
      vertex 16.4204 222.345 8
      vertex 16.4457 222.27 0
      vertex 16.4457 222.27 8
    endloop
  endfacet
  facet normal -0.895958 -0.444139 0
    outer loop
      vertex 16.4804 222.2 0
      vertex 16.4457 222.27 8
      vertex 16.4457 222.27 0
    endloop
  endfacet
  facet normal -0.895958 -0.444139 0
    outer loop
      vertex 16.4457 222.27 8
      vertex 16.4804 222.2 0
      vertex 16.4804 222.2 8
    endloop
  endfacet
  facet normal -0.830474 -0.557057 0
    outer loop
      vertex 16.524 222.135 0
      vertex 16.4804 222.2 8
      vertex 16.4804 222.2 0
    endloop
  endfacet
  facet normal -0.830474 -0.557057 0
    outer loop
      vertex 16.4804 222.2 8
      vertex 16.524 222.135 0
      vertex 16.524 222.135 8
    endloop
  endfacet
  facet normal -0.752103 -0.659046 0
    outer loop
      vertex 16.5757 222.076 0
      vertex 16.524 222.135 8
      vertex 16.524 222.135 0
    endloop
  endfacet
  facet normal -0.752103 -0.659046 0
    outer loop
      vertex 16.524 222.135 8
      vertex 16.5757 222.076 0
      vertex 16.5757 222.076 8
    endloop
  endfacet
  facet normal -0.661201 -0.750209 0
    outer loop
      vertex 16.5757 222.076 0
      vertex 16.6347 222.024 8
      vertex 16.5757 222.076 8
    endloop
  endfacet
  facet normal -0.661201 -0.750209 -0
    outer loop
      vertex 16.6347 222.024 8
      vertex 16.5757 222.076 0
      vertex 16.6347 222.024 0
    endloop
  endfacet
  facet normal -0.558797 -0.829305 0
    outer loop
      vertex 16.6347 222.024 0
      vertex 16.7 221.98 8
      vertex 16.6347 222.024 8
    endloop
  endfacet
  facet normal -0.558797 -0.829305 -0
    outer loop
      vertex 16.7 221.98 8
      vertex 16.6347 222.024 0
      vertex 16.7 221.98 0
    endloop
  endfacet
  facet normal -0.434892 -0.900483 0
    outer loop
      vertex 16.7 221.98 0
      vertex 16.7704 221.946 8
      vertex 16.7 221.98 8
    endloop
  endfacet
  facet normal -0.434892 -0.900483 -0
    outer loop
      vertex 16.7704 221.946 8
      vertex 16.7 221.98 0
      vertex 16.7704 221.946 0
    endloop
  endfacet
  facet normal -0.330294 -0.943878 0
    outer loop
      vertex 16.7704 221.946 0
      vertex 16.8447 221.92 8
      vertex 16.7704 221.946 8
    endloop
  endfacet
  facet normal -0.330294 -0.943878 -0
    outer loop
      vertex 16.8447 221.92 8
      vertex 16.7704 221.946 0
      vertex 16.8447 221.92 0
    endloop
  endfacet
  facet normal -0.191211 -0.981549 0
    outer loop
      vertex 16.8447 221.92 0
      vertex 16.9217 221.905 8
      vertex 16.8447 221.92 8
    endloop
  endfacet
  facet normal -0.191211 -0.981549 -0
    outer loop
      vertex 16.9217 221.905 8
      vertex 16.8447 221.92 0
      vertex 16.9217 221.905 0
    endloop
  endfacet
  facet normal -0.186688 -0.982419 0
    outer loop
      vertex 16.9217 221.905 0
      vertex 24.8047 220.407 8
      vertex 16.9217 221.905 8
    endloop
  endfacet
  facet normal -0.186688 -0.982419 -0
    outer loop
      vertex 24.8047 220.407 8
      vertex 16.9217 221.905 0
      vertex 24.8047 220.407 0
    endloop
  endfacet
  facet normal -0.355209 0.934787 0
    outer loop
      vertex 24.8047 220.407 0
      vertex 21.7704 219.254 8
      vertex 24.8047 220.407 8
    endloop
  endfacet
  facet normal -0.355209 0.934787 0
    outer loop
      vertex 21.7704 219.254 8
      vertex 24.8047 220.407 0
      vertex 21.7704 219.254 0
    endloop
  endfacet
  facet normal -0.434892 0.900483 0
    outer loop
      vertex 21.7704 219.254 0
      vertex 21.7 219.22 8
      vertex 21.7704 219.254 8
    endloop
  endfacet
  facet normal -0.434892 0.900483 0
    outer loop
      vertex 21.7 219.22 8
      vertex 21.7704 219.254 0
      vertex 21.7 219.22 0
    endloop
  endfacet
  facet normal -0.558797 0.829305 0
    outer loop
      vertex 21.7 219.22 0
      vertex 21.6347 219.176 8
      vertex 21.7 219.22 8
    endloop
  endfacet
  facet normal -0.558797 0.829305 0
    outer loop
      vertex 21.6347 219.176 8
      vertex 21.7 219.22 0
      vertex 21.6347 219.176 0
    endloop
  endfacet
  facet normal -0.661201 0.750209 0
    outer loop
      vertex 21.6347 219.176 0
      vertex 21.5757 219.124 8
      vertex 21.6347 219.176 8
    endloop
  endfacet
  facet normal -0.661201 0.750209 0
    outer loop
      vertex 21.5757 219.124 8
      vertex 21.6347 219.176 0
      vertex 21.5757 219.124 0
    endloop
  endfacet
  facet normal -0.752103 0.659046 0
    outer loop
      vertex 21.524 219.065 0
      vertex 21.5757 219.124 8
      vertex 21.5757 219.124 0
    endloop
  endfacet
  facet normal -0.752103 0.659046 0
    outer loop
      vertex 21.5757 219.124 8
      vertex 21.524 219.065 0
      vertex 21.524 219.065 8
    endloop
  endfacet
  facet normal -0.830474 0.557057 0
    outer loop
      vertex 21.4804 219 0
      vertex 21.524 219.065 8
      vertex 21.524 219.065 0
    endloop
  endfacet
  facet normal -0.830474 0.557057 0
    outer loop
      vertex 21.524 219.065 8
      vertex 21.4804 219 0
      vertex 21.4804 219 8
    endloop
  endfacet
  facet normal 0.355323 -0.934744 0
    outer loop
      vertex 58.4779 219 0
      vertex 61.2296 220.046 8
      vertex 58.4779 219 8
    endloop
  endfacet
  facet normal 0.355323 -0.934744 0
    outer loop
      vertex 61.2296 220.046 8
      vertex 58.4779 219 0
      vertex 61.2296 220.046 0
    endloop
  endfacet
  facet normal 0.434892 -0.900483 0
    outer loop
      vertex 61.2296 220.046 0
      vertex 61.3 220.08 8
      vertex 61.2296 220.046 8
    endloop
  endfacet
  facet normal 0.434892 -0.900483 0
    outer loop
      vertex 61.3 220.08 8
      vertex 61.2296 220.046 0
      vertex 61.3 220.08 0
    endloop
  endfacet
  facet normal 0.559386 -0.828908 0
    outer loop
      vertex 61.3 220.08 0
      vertex 61.3652 220.124 8
      vertex 61.3 220.08 8
    endloop
  endfacet
  facet normal 0.559386 -0.828908 0
    outer loop
      vertex 61.3652 220.124 8
      vertex 61.3 220.08 0
      vertex 61.3652 220.124 0
    endloop
  endfacet
  facet normal 0.660571 -0.750764 0
    outer loop
      vertex 61.3652 220.124 0
      vertex 61.4243 220.176 8
      vertex 61.3652 220.124 8
    endloop
  endfacet
  facet normal 0.660571 -0.750764 0
    outer loop
      vertex 61.4243 220.176 8
      vertex 61.3652 220.124 0
      vertex 61.4243 220.176 0
    endloop
  endfacet
  facet normal 0.752103 -0.659046 0
    outer loop
      vertex 61.4243 220.176 8
      vertex 61.476 220.235 0
      vertex 61.476 220.235 8
    endloop
  endfacet
  facet normal 0.752103 -0.659046 0
    outer loop
      vertex 61.476 220.235 0
      vertex 61.4243 220.176 8
      vertex 61.4243 220.176 0
    endloop
  endfacet
  facet normal 0.830474 -0.557057 0
    outer loop
      vertex 61.476 220.235 8
      vertex 61.5196 220.3 0
      vertex 61.5196 220.3 8
    endloop
  endfacet
  facet normal 0.830474 -0.557057 0
    outer loop
      vertex 61.5196 220.3 0
      vertex 61.476 220.235 8
      vertex 61.476 220.235 0
    endloop
  endfacet
  facet normal 0.895958 -0.444139 0
    outer loop
      vertex 61.5196 220.3 8
      vertex 61.5543 220.37 0
      vertex 61.5543 220.37 8
    endloop
  endfacet
  facet normal 0.895958 -0.444139 0
    outer loop
      vertex 61.5543 220.37 0
      vertex 61.5196 220.3 8
      vertex 61.5196 220.3 0
    endloop
  endfacet
  facet normal 0.947922 -0.318502 0
    outer loop
      vertex 61.5543 220.37 8
      vertex 61.5795 220.445 0
      vertex 61.5795 220.445 8
    endloop
  endfacet
  facet normal 0.947922 -0.318502 0
    outer loop
      vertex 61.5795 220.445 0
      vertex 61.5543 220.37 8
      vertex 61.5543 220.37 0
    endloop
  endfacet
  facet normal 0.980581 -0.196116 0
    outer loop
      vertex 61.5795 220.445 8
      vertex 61.5949 220.522 0
      vertex 61.5949 220.522 8
    endloop
  endfacet
  facet normal 0.980581 -0.196116 0
    outer loop
      vertex 61.5949 220.522 0
      vertex 61.5795 220.445 8
      vertex 61.5795 220.445 0
    endloop
  endfacet
  facet normal 0.997869 -0.0652453 0
    outer loop
      vertex 61.5949 220.522 8
      vertex 61.6 220.6 0
      vertex 61.6 220.6 8
    endloop
  endfacet
  facet normal 0.997869 -0.0652453 0
    outer loop
      vertex 61.6 220.6 0
      vertex 61.5949 220.522 8
      vertex 61.5949 220.522 0
    endloop
  endfacet
  facet normal 0.997869 0.0652453 0
    outer loop
      vertex 61.6 220.6 8
      vertex 61.5949 220.678 0
      vertex 61.5949 220.678 8
    endloop
  endfacet
  facet normal 0.997869 0.0652453 0
    outer loop
      vertex 61.5949 220.678 0
      vertex 61.6 220.6 8
      vertex 61.6 220.6 0
    endloop
  endfacet
  facet normal 0.980581 0.196116 0
    outer loop
      vertex 61.5949 220.678 8
      vertex 61.5795 220.755 0
      vertex 61.5795 220.755 8
    endloop
  endfacet
  facet normal 0.980581 0.196116 0
    outer loop
      vertex 61.5795 220.755 0
      vertex 61.5949 220.678 8
      vertex 61.5949 220.678 0
    endloop
  endfacet
  facet normal 0.947922 0.318502 0
    outer loop
      vertex 61.5795 220.755 8
      vertex 61.5543 220.83 0
      vertex 61.5543 220.83 8
    endloop
  endfacet
  facet normal 0.947922 0.318502 0
    outer loop
      vertex 61.5543 220.83 0
      vertex 61.5795 220.755 8
      vertex 61.5795 220.755 0
    endloop
  endfacet
  facet normal 0.895958 0.444139 0
    outer loop
      vertex 61.5543 220.83 8
      vertex 61.5196 220.9 0
      vertex 61.5196 220.9 8
    endloop
  endfacet
  facet normal 0.895958 0.444139 0
    outer loop
      vertex 61.5196 220.9 0
      vertex 61.5543 220.83 8
      vertex 61.5543 220.83 0
    endloop
  endfacet
  facet normal 0.830474 0.557057 0
    outer loop
      vertex 61.5196 220.9 8
      vertex 61.476 220.965 0
      vertex 61.476 220.965 8
    endloop
  endfacet
  facet normal 0.830474 0.557057 0
    outer loop
      vertex 61.476 220.965 0
      vertex 61.5196 220.9 8
      vertex 61.5196 220.9 0
    endloop
  endfacet
  facet normal 0.752103 0.659046 0
    outer loop
      vertex 61.476 220.965 8
      vertex 61.4243 221.024 0
      vertex 61.4243 221.024 8
    endloop
  endfacet
  facet normal 0.752103 0.659046 0
    outer loop
      vertex 61.4243 221.024 0
      vertex 61.476 220.965 8
      vertex 61.476 220.965 0
    endloop
  endfacet
  facet normal 0.660571 0.750764 -0
    outer loop
      vertex 61.4243 221.024 0
      vertex 61.3652 221.076 8
      vertex 61.4243 221.024 8
    endloop
  endfacet
  facet normal 0.660571 0.750764 0
    outer loop
      vertex 61.3652 221.076 8
      vertex 61.4243 221.024 0
      vertex 61.3652 221.076 0
    endloop
  endfacet
  facet normal 0.559386 0.828908 -0
    outer loop
      vertex 61.3652 221.076 0
      vertex 61.3 221.12 8
      vertex 61.3652 221.076 8
    endloop
  endfacet
  facet normal 0.559386 0.828908 0
    outer loop
      vertex 61.3 221.12 8
      vertex 61.3652 221.076 0
      vertex 61.3 221.12 0
    endloop
  endfacet
  facet normal 0.434892 0.900483 -0
    outer loop
      vertex 61.3 221.12 0
      vertex 61.2296 221.154 8
      vertex 61.3 221.12 8
    endloop
  endfacet
  facet normal 0.434892 0.900483 0
    outer loop
      vertex 61.2296 221.154 8
      vertex 61.3 221.12 0
      vertex 61.2296 221.154 0
    endloop
  endfacet
  facet normal 0.330294 0.943878 -0
    outer loop
      vertex 61.2296 221.154 0
      vertex 61.1553 221.18 8
      vertex 61.2296 221.154 8
    endloop
  endfacet
  facet normal 0.330294 0.943878 0
    outer loop
      vertex 61.1553 221.18 8
      vertex 61.2296 221.154 0
      vertex 61.1553 221.18 0
    endloop
  endfacet
  facet normal 0.191211 0.981549 -0
    outer loop
      vertex 61.1553 221.18 0
      vertex 61.0783 221.195 8
      vertex 61.1553 221.18 8
    endloop
  endfacet
  facet normal 0.191211 0.981549 0
    outer loop
      vertex 61.0783 221.195 8
      vertex 61.1553 221.18 0
      vertex 61.0783 221.195 0
    endloop
  endfacet
  facet normal 0.186643 0.982428 -0
    outer loop
      vertex 61.0783 221.195 0
      vertex 54.2092 222.5 8
      vertex 61.0783 221.195 8
    endloop
  endfacet
  facet normal 0.186643 0.982428 0
    outer loop
      vertex 54.2092 222.5 8
      vertex 61.0783 221.195 0
      vertex 54.2092 222.5 0
    endloop
  endfacet
  facet normal 0.186643 -0.982428 0
    outer loop
      vertex 54.2092 222.5 0
      vertex 61.0783 223.805 8
      vertex 54.2092 222.5 8
    endloop
  endfacet
  facet normal 0.186643 -0.982428 0
    outer loop
      vertex 61.0783 223.805 8
      vertex 54.2092 222.5 0
      vertex 61.0783 223.805 0
    endloop
  endfacet
  facet normal 0.191211 -0.981549 0
    outer loop
      vertex 61.0783 223.805 0
      vertex 61.1553 223.82 8
      vertex 61.0783 223.805 8
    endloop
  endfacet
  facet normal 0.191211 -0.981549 0
    outer loop
      vertex 61.1553 223.82 8
      vertex 61.0783 223.805 0
      vertex 61.1553 223.82 0
    endloop
  endfacet
  facet normal 0.330294 -0.943878 0
    outer loop
      vertex 61.1553 223.82 0
      vertex 61.2296 223.846 8
      vertex 61.1553 223.82 8
    endloop
  endfacet
  facet normal 0.330294 -0.943878 0
    outer loop
      vertex 61.2296 223.846 8
      vertex 61.1553 223.82 0
      vertex 61.2296 223.846 0
    endloop
  endfacet
  facet normal 0.434892 -0.900483 0
    outer loop
      vertex 61.2296 223.846 0
      vertex 61.3 223.88 8
      vertex 61.2296 223.846 8
    endloop
  endfacet
  facet normal 0.434892 -0.900483 0
    outer loop
      vertex 61.3 223.88 8
      vertex 61.2296 223.846 0
      vertex 61.3 223.88 0
    endloop
  endfacet
  facet normal 0.559386 -0.828908 0
    outer loop
      vertex 61.3 223.88 0
      vertex 61.3652 223.924 8
      vertex 61.3 223.88 8
    endloop
  endfacet
  facet normal 0.559386 -0.828908 0
    outer loop
      vertex 61.3652 223.924 8
      vertex 61.3 223.88 0
      vertex 61.3652 223.924 0
    endloop
  endfacet
  facet normal 0.660571 -0.750764 0
    outer loop
      vertex 61.3652 223.924 0
      vertex 61.4243 223.976 8
      vertex 61.3652 223.924 8
    endloop
  endfacet
  facet normal 0.660571 -0.750764 0
    outer loop
      vertex 61.4243 223.976 8
      vertex 61.3652 223.924 0
      vertex 61.4243 223.976 0
    endloop
  endfacet
  facet normal 0.752103 -0.659046 0
    outer loop
      vertex 61.4243 223.976 8
      vertex 61.476 224.035 0
      vertex 61.476 224.035 8
    endloop
  endfacet
  facet normal 0.752103 -0.659046 0
    outer loop
      vertex 61.476 224.035 0
      vertex 61.4243 223.976 8
      vertex 61.4243 223.976 0
    endloop
  endfacet
  facet normal 0.830474 -0.557057 0
    outer loop
      vertex 61.476 224.035 8
      vertex 61.5196 224.1 0
      vertex 61.5196 224.1 8
    endloop
  endfacet
  facet normal 0.830474 -0.557057 0
    outer loop
      vertex 61.5196 224.1 0
      vertex 61.476 224.035 8
      vertex 61.476 224.035 0
    endloop
  endfacet
  facet normal 0.895958 -0.444139 0
    outer loop
      vertex 61.5196 224.1 8
      vertex 61.5543 224.17 0
      vertex 61.5543 224.17 8
    endloop
  endfacet
  facet normal 0.895958 -0.444139 0
    outer loop
      vertex 61.5543 224.17 0
      vertex 61.5196 224.1 8
      vertex 61.5196 224.1 0
    endloop
  endfacet
  facet normal 0.947922 -0.318502 0
    outer loop
      vertex 61.5543 224.17 8
      vertex 61.5795 224.245 0
      vertex 61.5795 224.245 8
    endloop
  endfacet
  facet normal 0.947922 -0.318502 0
    outer loop
      vertex 61.5795 224.245 0
      vertex 61.5543 224.17 8
      vertex 61.5543 224.17 0
    endloop
  endfacet
  facet normal 0.980581 -0.196116 0
    outer loop
      vertex 61.5795 224.245 8
      vertex 61.5949 224.322 0
      vertex 61.5949 224.322 8
    endloop
  endfacet
  facet normal 0.980581 -0.196116 0
    outer loop
      vertex 61.5949 224.322 0
      vertex 61.5795 224.245 8
      vertex 61.5795 224.245 0
    endloop
  endfacet
  facet normal 0.997869 -0.0652453 0
    outer loop
      vertex 61.5949 224.322 8
      vertex 61.6 224.4 0
      vertex 61.6 224.4 8
    endloop
  endfacet
  facet normal 0.997869 -0.0652453 0
    outer loop
      vertex 61.6 224.4 0
      vertex 61.5949 224.322 8
      vertex 61.5949 224.322 0
    endloop
  endfacet
  facet normal 0.997869 0.0652453 0
    outer loop
      vertex 61.6 224.4 8
      vertex 61.5949 224.478 0
      vertex 61.5949 224.478 8
    endloop
  endfacet
  facet normal 0.997869 0.0652453 0
    outer loop
      vertex 61.5949 224.478 0
      vertex 61.6 224.4 8
      vertex 61.6 224.4 0
    endloop
  endfacet
  facet normal 0.980581 0.196116 0
    outer loop
      vertex 61.5949 224.478 8
      vertex 61.5795 224.555 0
      vertex 61.5795 224.555 8
    endloop
  endfacet
  facet normal 0.980581 0.196116 0
    outer loop
      vertex 61.5795 224.555 0
      vertex 61.5949 224.478 8
      vertex 61.5949 224.478 0
    endloop
  endfacet
  facet normal 0.947922 0.318502 0
    outer loop
      vertex 61.5795 224.555 8
      vertex 61.5543 224.63 0
      vertex 61.5543 224.63 8
    endloop
  endfacet
  facet normal 0.947922 0.318502 0
    outer loop
      vertex 61.5543 224.63 0
      vertex 61.5795 224.555 8
      vertex 61.5795 224.555 0
    endloop
  endfacet
  facet normal 0.895958 0.444139 0
    outer loop
      vertex 61.5543 224.63 8
      vertex 61.5196 224.7 0
      vertex 61.5196 224.7 8
    endloop
  endfacet
  facet normal 0.895958 0.444139 0
    outer loop
      vertex 61.5196 224.7 0
      vertex 61.5543 224.63 8
      vertex 61.5543 224.63 0
    endloop
  endfacet
  facet normal 0.830474 0.557057 0
    outer loop
      vertex 61.5196 224.7 8
      vertex 61.476 224.765 0
      vertex 61.476 224.765 8
    endloop
  endfacet
  facet normal 0.830474 0.557057 0
    outer loop
      vertex 61.476 224.765 0
      vertex 61.5196 224.7 8
      vertex 61.5196 224.7 0
    endloop
  endfacet
  facet normal 0.752103 0.659046 0
    outer loop
      vertex 61.476 224.765 8
      vertex 61.4243 224.824 0
      vertex 61.4243 224.824 8
    endloop
  endfacet
  facet normal 0.752103 0.659046 0
    outer loop
      vertex 61.4243 224.824 0
      vertex 61.476 224.765 8
      vertex 61.476 224.765 0
    endloop
  endfacet
  facet normal 0.660571 0.750764 -0
    outer loop
      vertex 61.4243 224.824 0
      vertex 61.3652 224.876 8
      vertex 61.4243 224.824 8
    endloop
  endfacet
  facet normal 0.660571 0.750764 0
    outer loop
      vertex 61.3652 224.876 8
      vertex 61.4243 224.824 0
      vertex 61.3652 224.876 0
    endloop
  endfacet
  facet normal 0.559386 0.828908 -0
    outer loop
      vertex 61.3652 224.876 0
      vertex 61.3 224.92 8
      vertex 61.3652 224.876 8
    endloop
  endfacet
  facet normal 0.559386 0.828908 0
    outer loop
      vertex 61.3 224.92 8
      vertex 61.3652 224.876 0
      vertex 61.3 224.92 0
    endloop
  endfacet
  facet normal 0.434892 0.900483 -0
    outer loop
      vertex 61.3 224.92 0
      vertex 61.2296 224.954 8
      vertex 61.3 224.92 8
    endloop
  endfacet
  facet normal 0.434892 0.900483 0
    outer loop
      vertex 61.2296 224.954 8
      vertex 61.3 224.92 0
      vertex 61.2296 224.954 0
    endloop
  endfacet
  facet normal 0.355312 0.934748 -0
    outer loop
      vertex 61.2296 224.954 0
      vertex 58.4778 226 8
      vertex 61.2296 224.954 8
    endloop
  endfacet
  facet normal 0.355312 0.934748 0
    outer loop
      vertex 58.4778 226 8
      vertex 61.2296 224.954 0
      vertex 58.4778 226 0
    endloop
  endfacet
  facet normal -0.830474 -0.557057 0
    outer loop
      vertex 55.524 225.935 0
      vertex 55.4804 226 8
      vertex 55.4804 226 0
    endloop
  endfacet
  facet normal -0.830474 -0.557057 0
    outer loop
      vertex 55.4804 226 8
      vertex 55.524 225.935 0
      vertex 55.524 225.935 8
    endloop
  endfacet
  facet normal -0.752103 -0.659046 0
    outer loop
      vertex 55.5757 225.876 0
      vertex 55.524 225.935 8
      vertex 55.524 225.935 0
    endloop
  endfacet
  facet normal -0.752103 -0.659046 0
    outer loop
      vertex 55.524 225.935 8
      vertex 55.5757 225.876 0
      vertex 55.5757 225.876 8
    endloop
  endfacet
  facet normal -0.661201 -0.750209 0
    outer loop
      vertex 55.5757 225.876 0
      vertex 55.6347 225.824 8
      vertex 55.5757 225.876 8
    endloop
  endfacet
  facet normal -0.661201 -0.750209 -0
    outer loop
      vertex 55.6347 225.824 8
      vertex 55.5757 225.876 0
      vertex 55.6347 225.824 0
    endloop
  endfacet
  facet normal -0.558797 -0.829305 0
    outer loop
      vertex 55.6347 225.824 0
      vertex 55.7 225.78 8
      vertex 55.6347 225.824 8
    endloop
  endfacet
  facet normal -0.558797 -0.829305 -0
    outer loop
      vertex 55.7 225.78 8
      vertex 55.6347 225.824 0
      vertex 55.7 225.78 0
    endloop
  endfacet
  facet normal -0.434892 -0.900483 0
    outer loop
      vertex 55.7 225.78 0
      vertex 55.7704 225.746 8
      vertex 55.7 225.78 8
    endloop
  endfacet
  facet normal -0.434892 -0.900483 -0
    outer loop
      vertex 55.7704 225.746 8
      vertex 55.7 225.78 0
      vertex 55.7704 225.746 0
    endloop
  endfacet
  facet normal -0.355209 -0.934787 0
    outer loop
      vertex 55.7704 225.746 0
      vertex 58.8047 224.593 8
      vertex 55.7704 225.746 8
    endloop
  endfacet
  facet normal -0.355209 -0.934787 -0
    outer loop
      vertex 58.8047 224.593 8
      vertex 55.7704 225.746 0
      vertex 58.8047 224.593 0
    endloop
  endfacet
  facet normal -0.186688 0.982419 0
    outer loop
      vertex 58.8047 224.593 0
      vertex 50.9217 223.095 8
      vertex 58.8047 224.593 8
    endloop
  endfacet
  facet normal -0.186688 0.982419 0
    outer loop
      vertex 50.9217 223.095 8
      vertex 58.8047 224.593 0
      vertex 50.9217 223.095 0
    endloop
  endfacet
  facet normal -0.191211 0.981549 0
    outer loop
      vertex 50.9217 223.095 0
      vertex 50.8447 223.08 8
      vertex 50.9217 223.095 8
    endloop
  endfacet
  facet normal -0.191211 0.981549 0
    outer loop
      vertex 50.8447 223.08 8
      vertex 50.9217 223.095 0
      vertex 50.8447 223.08 0
    endloop
  endfacet
  facet normal -0.330294 0.943878 0
    outer loop
      vertex 50.8447 223.08 0
      vertex 50.7704 223.054 8
      vertex 50.8447 223.08 8
    endloop
  endfacet
  facet normal -0.330294 0.943878 0
    outer loop
      vertex 50.7704 223.054 8
      vertex 50.8447 223.08 0
      vertex 50.7704 223.054 0
    endloop
  endfacet
  facet normal -0.434892 0.900483 0
    outer loop
      vertex 50.7704 223.054 0
      vertex 50.7 223.02 8
      vertex 50.7704 223.054 8
    endloop
  endfacet
  facet normal -0.434892 0.900483 0
    outer loop
      vertex 50.7 223.02 8
      vertex 50.7704 223.054 0
      vertex 50.7 223.02 0
    endloop
  endfacet
  facet normal -0.558797 0.829305 0
    outer loop
      vertex 50.7 223.02 0
      vertex 50.6347 222.976 8
      vertex 50.7 223.02 8
    endloop
  endfacet
  facet normal -0.558797 0.829305 0
    outer loop
      vertex 50.6347 222.976 8
      vertex 50.7 223.02 0
      vertex 50.6347 222.976 0
    endloop
  endfacet
  facet normal -0.661201 0.750209 0
    outer loop
      vertex 50.6347 222.976 0
      vertex 50.5757 222.924 8
      vertex 50.6347 222.976 8
    endloop
  endfacet
  facet normal -0.661201 0.750209 0
    outer loop
      vertex 50.5757 222.924 8
      vertex 50.6347 222.976 0
      vertex 50.5757 222.924 0
    endloop
  endfacet
  facet normal -0.752103 0.659046 0
    outer loop
      vertex 50.524 222.865 0
      vertex 50.5757 222.924 8
      vertex 50.5757 222.924 0
    endloop
  endfacet
  facet normal -0.752103 0.659046 0
    outer loop
      vertex 50.5757 222.924 8
      vertex 50.524 222.865 0
      vertex 50.524 222.865 8
    endloop
  endfacet
  facet normal -0.830474 0.557057 0
    outer loop
      vertex 50.4804 222.8 0
      vertex 50.524 222.865 8
      vertex 50.524 222.865 0
    endloop
  endfacet
  facet normal -0.830474 0.557057 0
    outer loop
      vertex 50.524 222.865 8
      vertex 50.4804 222.8 0
      vertex 50.4804 222.8 8
    endloop
  endfacet
  facet normal -0.895958 0.444139 0
    outer loop
      vertex 50.4457 222.73 0
      vertex 50.4804 222.8 8
      vertex 50.4804 222.8 0
    endloop
  endfacet
  facet normal -0.895958 0.444139 0
    outer loop
      vertex 50.4804 222.8 8
      vertex 50.4457 222.73 0
      vertex 50.4457 222.73 8
    endloop
  endfacet
  facet normal -0.94754 0.319637 0
    outer loop
      vertex 50.4204 222.655 0
      vertex 50.4457 222.73 8
      vertex 50.4457 222.73 0
    endloop
  endfacet
  facet normal -0.94754 0.319637 0
    outer loop
      vertex 50.4457 222.73 8
      vertex 50.4204 222.655 0
      vertex 50.4204 222.655 8
    endloop
  endfacet
  facet normal -0.980825 0.194891 0
    outer loop
      vertex 50.4051 222.578 0
      vertex 50.4204 222.655 8
      vertex 50.4204 222.655 0
    endloop
  endfacet
  facet normal -0.980825 0.194891 0
    outer loop
      vertex 50.4204 222.655 8
      vertex 50.4051 222.578 0
      vertex 50.4051 222.578 8
    endloop
  endfacet
  facet normal -0.997869 0.0652453 0
    outer loop
      vertex 50.4 222.5 0
      vertex 50.4051 222.578 8
      vertex 50.4051 222.578 0
    endloop
  endfacet
  facet normal -0.997869 0.0652453 0
    outer loop
      vertex 50.4051 222.578 8
      vertex 50.4 222.5 0
      vertex 50.4 222.5 8
    endloop
  endfacet
  facet normal -0.997869 -0.0652453 0
    outer loop
      vertex 50.4051 222.422 0
      vertex 50.4 222.5 8
      vertex 50.4 222.5 0
    endloop
  endfacet
  facet normal -0.997869 -0.0652453 0
    outer loop
      vertex 50.4 222.5 8
      vertex 50.4051 222.422 0
      vertex 50.4051 222.422 8
    endloop
  endfacet
  facet normal -0.980825 -0.194891 0
    outer loop
      vertex 50.4204 222.345 0
      vertex 50.4051 222.422 8
      vertex 50.4051 222.422 0
    endloop
  endfacet
  facet normal -0.980825 -0.194891 0
    outer loop
      vertex 50.4051 222.422 8
      vertex 50.4204 222.345 0
      vertex 50.4204 222.345 8
    endloop
  endfacet
  facet normal -0.94754 -0.319637 0
    outer loop
      vertex 50.4457 222.27 0
      vertex 50.4204 222.345 8
      vertex 50.4204 222.345 0
    endloop
  endfacet
  facet normal -0.94754 -0.319637 0
    outer loop
      vertex 50.4204 222.345 8
      vertex 50.4457 222.27 0
      vertex 50.4457 222.27 8
    endloop
  endfacet
  facet normal -0.895958 -0.444139 0
    outer loop
      vertex 50.4804 222.2 0
      vertex 50.4457 222.27 8
      vertex 50.4457 222.27 0
    endloop
  endfacet
  facet normal -0.895958 -0.444139 0
    outer loop
      vertex 50.4457 222.27 8
      vertex 50.4804 222.2 0
      vertex 50.4804 222.2 8
    endloop
  endfacet
  facet normal -0.830474 -0.557057 0
    outer loop
      vertex 50.524 222.135 0
      vertex 50.4804 222.2 8
      vertex 50.4804 222.2 0
    endloop
  endfacet
  facet normal -0.830474 -0.557057 0
    outer loop
      vertex 50.4804 222.2 8
      vertex 50.524 222.135 0
      vertex 50.524 222.135 8
    endloop
  endfacet
  facet normal -0.752103 -0.659046 0
    outer loop
      vertex 50.5757 222.076 0
      vertex 50.524 222.135 8
      vertex 50.524 222.135 0
    endloop
  endfacet
  facet normal -0.752103 -0.659046 0
    outer loop
      vertex 50.524 222.135 8
      vertex 50.5757 222.076 0
      vertex 50.5757 222.076 8
    endloop
  endfacet
  facet normal -0.661201 -0.750209 0
    outer loop
      vertex 50.5757 222.076 0
      vertex 50.6347 222.024 8
      vertex 50.5757 222.076 8
    endloop
  endfacet
  facet normal -0.661201 -0.750209 -0
    outer loop
      vertex 50.6347 222.024 8
      vertex 50.5757 222.076 0
      vertex 50.6347 222.024 0
    endloop
  endfacet
  facet normal -0.558797 -0.829305 0
    outer loop
      vertex 50.6347 222.024 0
      vertex 50.7 221.98 8
      vertex 50.6347 222.024 8
    endloop
  endfacet
  facet normal -0.558797 -0.829305 -0
    outer loop
      vertex 50.7 221.98 8
      vertex 50.6347 222.024 0
      vertex 50.7 221.98 0
    endloop
  endfacet
  facet normal -0.434892 -0.900483 0
    outer loop
      vertex 50.7 221.98 0
      vertex 50.7704 221.946 8
      vertex 50.7 221.98 8
    endloop
  endfacet
  facet normal -0.434892 -0.900483 -0
    outer loop
      vertex 50.7704 221.946 8
      vertex 50.7 221.98 0
      vertex 50.7704 221.946 0
    endloop
  endfacet
  facet normal -0.330294 -0.943878 0
    outer loop
      vertex 50.7704 221.946 0
      vertex 50.8447 221.92 8
      vertex 50.7704 221.946 8
    endloop
  endfacet
  facet normal -0.330294 -0.943878 -0
    outer loop
      vertex 50.8447 221.92 8
      vertex 50.7704 221.946 0
      vertex 50.8447 221.92 0
    endloop
  endfacet
  facet normal -0.191211 -0.981549 0
    outer loop
      vertex 50.8447 221.92 0
      vertex 50.9217 221.905 8
      vertex 50.8447 221.92 8
    endloop
  endfacet
  facet normal -0.191211 -0.981549 -0
    outer loop
      vertex 50.9217 221.905 8
      vertex 50.8447 221.92 0
      vertex 50.9217 221.905 0
    endloop
  endfacet
  facet normal -0.186688 -0.982419 0
    outer loop
      vertex 50.9217 221.905 0
      vertex 58.8047 220.407 8
      vertex 50.9217 221.905 8
    endloop
  endfacet
  facet normal -0.186688 -0.982419 -0
    outer loop
      vertex 58.8047 220.407 8
      vertex 50.9217 221.905 0
      vertex 58.8047 220.407 0
    endloop
  endfacet
  facet normal -0.355209 0.934787 0
    outer loop
      vertex 58.8047 220.407 0
      vertex 55.7704 219.254 8
      vertex 58.8047 220.407 8
    endloop
  endfacet
  facet normal -0.355209 0.934787 0
    outer loop
      vertex 55.7704 219.254 8
      vertex 58.8047 220.407 0
      vertex 55.7704 219.254 0
    endloop
  endfacet
  facet normal -0.434892 0.900483 0
    outer loop
      vertex 55.7704 219.254 0
      vertex 55.7 219.22 8
      vertex 55.7704 219.254 8
    endloop
  endfacet
  facet normal -0.434892 0.900483 0
    outer loop
      vertex 55.7 219.22 8
      vertex 55.7704 219.254 0
      vertex 55.7 219.22 0
    endloop
  endfacet
  facet normal -0.558797 0.829305 0
    outer loop
      vertex 55.7 219.22 0
      vertex 55.6347 219.176 8
      vertex 55.7 219.22 8
    endloop
  endfacet
  facet normal -0.558797 0.829305 0
    outer loop
      vertex 55.6347 219.176 8
      vertex 55.7 219.22 0
      vertex 55.6347 219.176 0
    endloop
  endfacet
  facet normal -0.661201 0.750209 0
    outer loop
      vertex 55.6347 219.176 0
      vertex 55.5757 219.124 8
      vertex 55.6347 219.176 8
    endloop
  endfacet
  facet normal -0.661201 0.750209 0
    outer loop
      vertex 55.5757 219.124 8
      vertex 55.6347 219.176 0
      vertex 55.5757 219.124 0
    endloop
  endfacet
  facet normal -0.752103 0.659046 0
    outer loop
      vertex 55.524 219.065 0
      vertex 55.5757 219.124 8
      vertex 55.5757 219.124 0
    endloop
  endfacet
  facet normal -0.752103 0.659046 0
    outer loop
      vertex 55.5757 219.124 8
      vertex 55.524 219.065 0
      vertex 55.524 219.065 8
    endloop
  endfacet
  facet normal -0.830474 0.557057 0
    outer loop
      vertex 55.4804 219 0
      vertex 55.524 219.065 8
      vertex 55.524 219.065 0
    endloop
  endfacet
  facet normal -0.830474 0.557057 0
    outer loop
      vertex 55.524 219.065 8
      vertex 55.4804 219 0
      vertex 55.4804 219 8
    endloop
  endfacet
  facet normal 0.355289 -0.934757 0
    outer loop
      vertex 100.478 219 0
      vertex 103.23 220.046 8
      vertex 100.478 219 8
    endloop
  endfacet
  facet normal 0.355289 -0.934757 0
    outer loop
      vertex 103.23 220.046 8
      vertex 100.478 219 0
      vertex 103.23 220.046 0
    endloop
  endfacet
  facet normal 0.436904 -0.899508 0
    outer loop
      vertex 103.23 220.046 0
      vertex 103.3 220.08 8
      vertex 103.23 220.046 8
    endloop
  endfacet
  facet normal 0.436904 -0.899508 0
    outer loop
      vertex 103.3 220.08 8
      vertex 103.23 220.046 0
      vertex 103.3 220.08 0
    endloop
  endfacet
  facet normal 0.560566 -0.828109 0
    outer loop
      vertex 103.3 220.08 0
      vertex 103.365 220.124 8
      vertex 103.3 220.08 8
    endloop
  endfacet
  facet normal 0.560566 -0.828109 0
    outer loop
      vertex 103.365 220.124 8
      vertex 103.3 220.08 0
      vertex 103.365 220.124 0
    endloop
  endfacet
  facet normal 0.661201 -0.750209 0
    outer loop
      vertex 103.365 220.124 0
      vertex 103.424 220.176 8
      vertex 103.365 220.124 8
    endloop
  endfacet
  facet normal 0.661201 -0.750209 0
    outer loop
      vertex 103.424 220.176 8
      vertex 103.365 220.124 0
      vertex 103.424 220.176 0
    endloop
  endfacet
  facet normal 0.750209 -0.661201 0
    outer loop
      vertex 103.424 220.176 8
      vertex 103.476 220.235 0
      vertex 103.476 220.235 8
    endloop
  endfacet
  facet normal 0.750209 -0.661201 0
    outer loop
      vertex 103.476 220.235 0
      vertex 103.424 220.176 8
      vertex 103.424 220.176 0
    endloop
  endfacet
  facet normal 0.828109 -0.560566 0
    outer loop
      vertex 103.476 220.235 8
      vertex 103.52 220.3 0
      vertex 103.52 220.3 8
    endloop
  endfacet
  facet normal 0.828109 -0.560566 0
    outer loop
      vertex 103.52 220.3 0
      vertex 103.476 220.235 8
      vertex 103.476 220.235 0
    endloop
  endfacet
  facet normal 0.899508 -0.436904 0
    outer loop
      vertex 103.52 220.3 8
      vertex 103.554 220.37 0
      vertex 103.554 220.37 8
    endloop
  endfacet
  facet normal 0.899508 -0.436904 0
    outer loop
      vertex 103.554 220.37 0
      vertex 103.52 220.3 8
      vertex 103.52 220.3 0
    endloop
  endfacet
  facet normal 0.944836 -0.327543 0
    outer loop
      vertex 103.554 220.37 8
      vertex 103.58 220.445 0
      vertex 103.58 220.445 8
    endloop
  endfacet
  facet normal 0.944836 -0.327543 0
    outer loop
      vertex 103.58 220.445 0
      vertex 103.554 220.37 8
      vertex 103.554 220.37 0
    endloop
  endfacet
  facet normal 0.981549 -0.191211 0
    outer loop
      vertex 103.58 220.445 8
      vertex 103.595 220.522 0
      vertex 103.595 220.522 8
    endloop
  endfacet
  facet normal 0.981549 -0.191211 0
    outer loop
      vertex 103.595 220.522 0
      vertex 103.58 220.445 8
      vertex 103.58 220.445 0
    endloop
  endfacet
  facet normal 0.997952 -0.0639713 0
    outer loop
      vertex 103.595 220.522 8
      vertex 103.6 220.6 0
      vertex 103.6 220.6 8
    endloop
  endfacet
  facet normal 0.997952 -0.0639713 0
    outer loop
      vertex 103.6 220.6 0
      vertex 103.595 220.522 8
      vertex 103.595 220.522 0
    endloop
  endfacet
  facet normal 0.997952 0.0639713 0
    outer loop
      vertex 103.6 220.6 8
      vertex 103.595 220.678 0
      vertex 103.595 220.678 8
    endloop
  endfacet
  facet normal 0.997952 0.0639713 0
    outer loop
      vertex 103.595 220.678 0
      vertex 103.6 220.6 8
      vertex 103.6 220.6 0
    endloop
  endfacet
  facet normal 0.981549 0.191211 0
    outer loop
      vertex 103.595 220.678 8
      vertex 103.58 220.755 0
      vertex 103.58 220.755 8
    endloop
  endfacet
  facet normal 0.981549 0.191211 0
    outer loop
      vertex 103.58 220.755 0
      vertex 103.595 220.678 8
      vertex 103.595 220.678 0
    endloop
  endfacet
  facet normal 0.944836 0.327543 0
    outer loop
      vertex 103.58 220.755 8
      vertex 103.554 220.83 0
      vertex 103.554 220.83 8
    endloop
  endfacet
  facet normal 0.944836 0.327543 0
    outer loop
      vertex 103.554 220.83 0
      vertex 103.58 220.755 8
      vertex 103.58 220.755 0
    endloop
  endfacet
  facet normal 0.899508 0.436904 0
    outer loop
      vertex 103.554 220.83 8
      vertex 103.52 220.9 0
      vertex 103.52 220.9 8
    endloop
  endfacet
  facet normal 0.899508 0.436904 0
    outer loop
      vertex 103.52 220.9 0
      vertex 103.554 220.83 8
      vertex 103.554 220.83 0
    endloop
  endfacet
  facet normal 0.828109 0.560566 0
    outer loop
      vertex 103.52 220.9 8
      vertex 103.476 220.965 0
      vertex 103.476 220.965 8
    endloop
  endfacet
  facet normal 0.828109 0.560566 0
    outer loop
      vertex 103.476 220.965 0
      vertex 103.52 220.9 8
      vertex 103.52 220.9 0
    endloop
  endfacet
  facet normal 0.750209 0.661201 0
    outer loop
      vertex 103.476 220.965 8
      vertex 103.424 221.024 0
      vertex 103.424 221.024 8
    endloop
  endfacet
  facet normal 0.750209 0.661201 0
    outer loop
      vertex 103.424 221.024 0
      vertex 103.476 220.965 8
      vertex 103.476 220.965 0
    endloop
  endfacet
  facet normal 0.661201 0.750209 -0
    outer loop
      vertex 103.424 221.024 0
      vertex 103.365 221.076 8
      vertex 103.424 221.024 8
    endloop
  endfacet
  facet normal 0.661201 0.750209 0
    outer loop
      vertex 103.365 221.076 8
      vertex 103.424 221.024 0
      vertex 103.365 221.076 0
    endloop
  endfacet
  facet normal 0.560566 0.828109 -0
    outer loop
      vertex 103.365 221.076 0
      vertex 103.3 221.12 8
      vertex 103.365 221.076 8
    endloop
  endfacet
  facet normal 0.560566 0.828109 0
    outer loop
      vertex 103.3 221.12 8
      vertex 103.365 221.076 0
      vertex 103.3 221.12 0
    endloop
  endfacet
  facet normal 0.436904 0.899508 -0
    outer loop
      vertex 103.3 221.12 0
      vertex 103.23 221.154 8
      vertex 103.3 221.12 8
    endloop
  endfacet
  facet normal 0.436904 0.899508 0
    outer loop
      vertex 103.23 221.154 8
      vertex 103.3 221.12 0
      vertex 103.23 221.154 0
    endloop
  endfacet
  facet normal 0.327543 0.944836 -0
    outer loop
      vertex 103.23 221.154 0
      vertex 103.155 221.18 8
      vertex 103.23 221.154 8
    endloop
  endfacet
  facet normal 0.327543 0.944836 0
    outer loop
      vertex 103.155 221.18 8
      vertex 103.23 221.154 0
      vertex 103.155 221.18 0
    endloop
  endfacet
  facet normal 0.191211 0.981549 -0
    outer loop
      vertex 103.155 221.18 0
      vertex 103.078 221.195 8
      vertex 103.155 221.18 8
    endloop
  endfacet
  facet normal 0.191211 0.981549 0
    outer loop
      vertex 103.078 221.195 8
      vertex 103.155 221.18 0
      vertex 103.078 221.195 0
    endloop
  endfacet
  facet normal 0.186651 0.982426 -0
    outer loop
      vertex 103.078 221.195 0
      vertex 96.2092 222.5 8
      vertex 103.078 221.195 8
    endloop
  endfacet
  facet normal 0.186651 0.982426 0
    outer loop
      vertex 96.2092 222.5 8
      vertex 103.078 221.195 0
      vertex 96.2092 222.5 0
    endloop
  endfacet
  facet normal 0.186651 -0.982426 0
    outer loop
      vertex 96.2092 222.5 0
      vertex 103.078 223.805 8
      vertex 96.2092 222.5 8
    endloop
  endfacet
  facet normal 0.186651 -0.982426 0
    outer loop
      vertex 103.078 223.805 8
      vertex 96.2092 222.5 0
      vertex 103.078 223.805 0
    endloop
  endfacet
  facet normal 0.191211 -0.981549 0
    outer loop
      vertex 103.078 223.805 0
      vertex 103.155 223.82 8
      vertex 103.078 223.805 8
    endloop
  endfacet
  facet normal 0.191211 -0.981549 0
    outer loop
      vertex 103.155 223.82 8
      vertex 103.078 223.805 0
      vertex 103.155 223.82 0
    endloop
  endfacet
  facet normal 0.327543 -0.944836 0
    outer loop
      vertex 103.155 223.82 0
      vertex 103.23 223.846 8
      vertex 103.155 223.82 8
    endloop
  endfacet
  facet normal 0.327543 -0.944836 0
    outer loop
      vertex 103.23 223.846 8
      vertex 103.155 223.82 0
      vertex 103.23 223.846 0
    endloop
  endfacet
  facet normal 0.436904 -0.899508 0
    outer loop
      vertex 103.23 223.846 0
      vertex 103.3 223.88 8
      vertex 103.23 223.846 8
    endloop
  endfacet
  facet normal 0.436904 -0.899508 0
    outer loop
      vertex 103.3 223.88 8
      vertex 103.23 223.846 0
      vertex 103.3 223.88 0
    endloop
  endfacet
  facet normal 0.560566 -0.828109 0
    outer loop
      vertex 103.3 223.88 0
      vertex 103.365 223.924 8
      vertex 103.3 223.88 8
    endloop
  endfacet
  facet normal 0.560566 -0.828109 0
    outer loop
      vertex 103.365 223.924 8
      vertex 103.3 223.88 0
      vertex 103.365 223.924 0
    endloop
  endfacet
  facet normal 0.661201 -0.750209 0
    outer loop
      vertex 103.365 223.924 0
      vertex 103.424 223.976 8
      vertex 103.365 223.924 8
    endloop
  endfacet
  facet normal 0.661201 -0.750209 0
    outer loop
      vertex 103.424 223.976 8
      vertex 103.365 223.924 0
      vertex 103.424 223.976 0
    endloop
  endfacet
  facet normal 0.750209 -0.661201 0
    outer loop
      vertex 103.424 223.976 8
      vertex 103.476 224.035 0
      vertex 103.476 224.035 8
    endloop
  endfacet
  facet normal 0.750209 -0.661201 0
    outer loop
      vertex 103.476 224.035 0
      vertex 103.424 223.976 8
      vertex 103.424 223.976 0
    endloop
  endfacet
  facet normal 0.828109 -0.560566 0
    outer loop
      vertex 103.476 224.035 8
      vertex 103.52 224.1 0
      vertex 103.52 224.1 8
    endloop
  endfacet
  facet normal 0.828109 -0.560566 0
    outer loop
      vertex 103.52 224.1 0
      vertex 103.476 224.035 8
      vertex 103.476 224.035 0
    endloop
  endfacet
  facet normal 0.899508 -0.436904 0
    outer loop
      vertex 103.52 224.1 8
      vertex 103.554 224.17 0
      vertex 103.554 224.17 8
    endloop
  endfacet
  facet normal 0.899508 -0.436904 0
    outer loop
      vertex 103.554 224.17 0
      vertex 103.52 224.1 8
      vertex 103.52 224.1 0
    endloop
  endfacet
  facet normal 0.944836 -0.327543 0
    outer loop
      vertex 103.554 224.17 8
      vertex 103.58 224.245 0
      vertex 103.58 224.245 8
    endloop
  endfacet
  facet normal 0.944836 -0.327543 0
    outer loop
      vertex 103.58 224.245 0
      vertex 103.554 224.17 8
      vertex 103.554 224.17 0
    endloop
  endfacet
  facet normal 0.981549 -0.191211 0
    outer loop
      vertex 103.58 224.245 8
      vertex 103.595 224.322 0
      vertex 103.595 224.322 8
    endloop
  endfacet
  facet normal 0.981549 -0.191211 0
    outer loop
      vertex 103.595 224.322 0
      vertex 103.58 224.245 8
      vertex 103.58 224.245 0
    endloop
  endfacet
  facet normal 0.997952 -0.0639713 0
    outer loop
      vertex 103.595 224.322 8
      vertex 103.6 224.4 0
      vertex 103.6 224.4 8
    endloop
  endfacet
  facet normal 0.997952 -0.0639713 0
    outer loop
      vertex 103.6 224.4 0
      vertex 103.595 224.322 8
      vertex 103.595 224.322 0
    endloop
  endfacet
  facet normal 0.997952 0.0639713 0
    outer loop
      vertex 103.6 224.4 8
      vertex 103.595 224.478 0
      vertex 103.595 224.478 8
    endloop
  endfacet
  facet normal 0.997952 0.0639713 0
    outer loop
      vertex 103.595 224.478 0
      vertex 103.6 224.4 8
      vertex 103.6 224.4 0
    endloop
  endfacet
  facet normal 0.981549 0.191211 0
    outer loop
      vertex 103.595 224.478 8
      vertex 103.58 224.555 0
      vertex 103.58 224.555 8
    endloop
  endfacet
  facet normal 0.981549 0.191211 0
    outer loop
      vertex 103.58 224.555 0
      vertex 103.595 224.478 8
      vertex 103.595 224.478 0
    endloop
  endfacet
  facet normal 0.944836 0.327543 0
    outer loop
      vertex 103.58 224.555 8
      vertex 103.554 224.63 0
      vertex 103.554 224.63 8
    endloop
  endfacet
  facet normal 0.944836 0.327543 0
    outer loop
      vertex 103.554 224.63 0
      vertex 103.58 224.555 8
      vertex 103.58 224.555 0
    endloop
  endfacet
  facet normal 0.899508 0.436904 0
    outer loop
      vertex 103.554 224.63 8
      vertex 103.52 224.7 0
      vertex 103.52 224.7 8
    endloop
  endfacet
  facet normal 0.899508 0.436904 0
    outer loop
      vertex 103.52 224.7 0
      vertex 103.554 224.63 8
      vertex 103.554 224.63 0
    endloop
  endfacet
  facet normal 0.828109 0.560566 0
    outer loop
      vertex 103.52 224.7 8
      vertex 103.476 224.765 0
      vertex 103.476 224.765 8
    endloop
  endfacet
  facet normal 0.828109 0.560566 0
    outer loop
      vertex 103.476 224.765 0
      vertex 103.52 224.7 8
      vertex 103.52 224.7 0
    endloop
  endfacet
  facet normal 0.750209 0.661201 0
    outer loop
      vertex 103.476 224.765 8
      vertex 103.424 224.824 0
      vertex 103.424 224.824 8
    endloop
  endfacet
  facet normal 0.750209 0.661201 0
    outer loop
      vertex 103.424 224.824 0
      vertex 103.476 224.765 8
      vertex 103.476 224.765 0
    endloop
  endfacet
  facet normal 0.661201 0.750209 -0
    outer loop
      vertex 103.424 224.824 0
      vertex 103.365 224.876 8
      vertex 103.424 224.824 8
    endloop
  endfacet
  facet normal 0.661201 0.750209 0
    outer loop
      vertex 103.365 224.876 8
      vertex 103.424 224.824 0
      vertex 103.365 224.876 0
    endloop
  endfacet
  facet normal 0.560566 0.828109 -0
    outer loop
      vertex 103.365 224.876 0
      vertex 103.3 224.92 8
      vertex 103.365 224.876 8
    endloop
  endfacet
  facet normal 0.560566 0.828109 0
    outer loop
      vertex 103.3 224.92 8
      vertex 103.365 224.876 0
      vertex 103.3 224.92 0
    endloop
  endfacet
  facet normal 0.436904 0.899508 -0
    outer loop
      vertex 103.3 224.92 0
      vertex 103.23 224.954 8
      vertex 103.3 224.92 8
    endloop
  endfacet
  facet normal 0.436904 0.899508 0
    outer loop
      vertex 103.23 224.954 8
      vertex 103.3 224.92 0
      vertex 103.23 224.954 0
    endloop
  endfacet
  facet normal 0.355289 0.934757 -0
    outer loop
      vertex 103.23 224.954 0
      vertex 100.478 226 8
      vertex 103.23 224.954 8
    endloop
  endfacet
  facet normal 0.355289 0.934757 0
    outer loop
      vertex 100.478 226 8
      vertex 103.23 224.954 0
      vertex 100.478 226 0
    endloop
  endfacet
  facet normal -0.830474 -0.557057 0
    outer loop
      vertex 97.524 225.935 0
      vertex 97.4804 226 8
      vertex 97.4804 226 0
    endloop
  endfacet
  facet normal -0.830474 -0.557057 0
    outer loop
      vertex 97.4804 226 8
      vertex 97.524 225.935 0
      vertex 97.524 225.935 8
    endloop
  endfacet
  facet normal -0.752103 -0.659046 0
    outer loop
      vertex 97.5757 225.876 0
      vertex 97.524 225.935 8
      vertex 97.524 225.935 0
    endloop
  endfacet
  facet normal -0.752103 -0.659046 0
    outer loop
      vertex 97.524 225.935 8
      vertex 97.5757 225.876 0
      vertex 97.5757 225.876 8
    endloop
  endfacet
  facet normal -0.661201 -0.750209 0
    outer loop
      vertex 97.5757 225.876 0
      vertex 97.6347 225.824 8
      vertex 97.5757 225.876 8
    endloop
  endfacet
  facet normal -0.661201 -0.750209 -0
    outer loop
      vertex 97.6347 225.824 8
      vertex 97.5757 225.876 0
      vertex 97.6347 225.824 0
    endloop
  endfacet
  facet normal -0.558797 -0.829305 0
    outer loop
      vertex 97.6347 225.824 0
      vertex 97.7 225.78 8
      vertex 97.6347 225.824 8
    endloop
  endfacet
  facet normal -0.558797 -0.829305 -0
    outer loop
      vertex 97.7 225.78 8
      vertex 97.6347 225.824 0
      vertex 97.7 225.78 0
    endloop
  endfacet
  facet normal -0.434892 -0.900483 0
    outer loop
      vertex 97.7 225.78 0
      vertex 97.7704 225.746 8
      vertex 97.7 225.78 8
    endloop
  endfacet
  facet normal -0.434892 -0.900483 -0
    outer loop
      vertex 97.7704 225.746 8
      vertex 97.7 225.78 0
      vertex 97.7704 225.746 0
    endloop
  endfacet
  facet normal -0.355178 -0.934799 0
    outer loop
      vertex 97.7704 225.746 0
      vertex 100.805 224.593 8
      vertex 97.7704 225.746 8
    endloop
  endfacet
  facet normal -0.355178 -0.934799 -0
    outer loop
      vertex 100.805 224.593 8
      vertex 97.7704 225.746 0
      vertex 100.805 224.593 0
    endloop
  endfacet
  facet normal -0.186681 0.98242 0
    outer loop
      vertex 100.805 224.593 0
      vertex 92.9217 223.095 8
      vertex 100.805 224.593 8
    endloop
  endfacet
  facet normal -0.186681 0.98242 0
    outer loop
      vertex 92.9217 223.095 8
      vertex 100.805 224.593 0
      vertex 92.9217 223.095 0
    endloop
  endfacet
  facet normal -0.191211 0.981549 0
    outer loop
      vertex 92.9217 223.095 0
      vertex 92.8447 223.08 8
      vertex 92.9217 223.095 8
    endloop
  endfacet
  facet normal -0.191211 0.981549 0
    outer loop
      vertex 92.8447 223.08 8
      vertex 92.9217 223.095 0
      vertex 92.8447 223.08 0
    endloop
  endfacet
  facet normal -0.330294 0.943878 0
    outer loop
      vertex 92.8447 223.08 0
      vertex 92.7704 223.054 8
      vertex 92.8447 223.08 8
    endloop
  endfacet
  facet normal -0.330294 0.943878 0
    outer loop
      vertex 92.7704 223.054 8
      vertex 92.8447 223.08 0
      vertex 92.7704 223.054 0
    endloop
  endfacet
  facet normal -0.434892 0.900483 0
    outer loop
      vertex 92.7704 223.054 0
      vertex 92.7 223.02 8
      vertex 92.7704 223.054 8
    endloop
  endfacet
  facet normal -0.434892 0.900483 0
    outer loop
      vertex 92.7 223.02 8
      vertex 92.7704 223.054 0
      vertex 92.7 223.02 0
    endloop
  endfacet
  facet normal -0.558797 0.829305 0
    outer loop
      vertex 92.7 223.02 0
      vertex 92.6347 222.976 8
      vertex 92.7 223.02 8
    endloop
  endfacet
  facet normal -0.558797 0.829305 0
    outer loop
      vertex 92.6347 222.976 8
      vertex 92.7 223.02 0
      vertex 92.6347 222.976 0
    endloop
  endfacet
  facet normal -0.661201 0.750209 0
    outer loop
      vertex 92.6347 222.976 0
      vertex 92.5757 222.924 8
      vertex 92.6347 222.976 8
    endloop
  endfacet
  facet normal -0.661201 0.750209 0
    outer loop
      vertex 92.5757 222.924 8
      vertex 92.6347 222.976 0
      vertex 92.5757 222.924 0
    endloop
  endfacet
  facet normal -0.752103 0.659046 0
    outer loop
      vertex 92.524 222.865 0
      vertex 92.5757 222.924 8
      vertex 92.5757 222.924 0
    endloop
  endfacet
  facet normal -0.752103 0.659046 0
    outer loop
      vertex 92.5757 222.924 8
      vertex 92.524 222.865 0
      vertex 92.524 222.865 8
    endloop
  endfacet
  facet normal -0.830474 0.557057 0
    outer loop
      vertex 92.4804 222.8 0
      vertex 92.524 222.865 8
      vertex 92.524 222.865 0
    endloop
  endfacet
  facet normal -0.830474 0.557057 0
    outer loop
      vertex 92.524 222.865 8
      vertex 92.4804 222.8 0
      vertex 92.4804 222.8 8
    endloop
  endfacet
  facet normal -0.895958 0.444139 0
    outer loop
      vertex 92.4457 222.73 0
      vertex 92.4804 222.8 8
      vertex 92.4804 222.8 0
    endloop
  endfacet
  facet normal -0.895958 0.444139 0
    outer loop
      vertex 92.4804 222.8 8
      vertex 92.4457 222.73 0
      vertex 92.4457 222.73 8
    endloop
  endfacet
  facet normal -0.94754 0.319637 0
    outer loop
      vertex 92.4204 222.655 0
      vertex 92.4457 222.73 8
      vertex 92.4457 222.73 0
    endloop
  endfacet
  facet normal -0.94754 0.319637 0
    outer loop
      vertex 92.4457 222.73 8
      vertex 92.4204 222.655 0
      vertex 92.4204 222.655 8
    endloop
  endfacet
  facet normal -0.980825 0.194891 0
    outer loop
      vertex 92.4051 222.578 0
      vertex 92.4204 222.655 8
      vertex 92.4204 222.655 0
    endloop
  endfacet
  facet normal -0.980825 0.194891 0
    outer loop
      vertex 92.4204 222.655 8
      vertex 92.4051 222.578 0
      vertex 92.4051 222.578 8
    endloop
  endfacet
  facet normal -0.997869 0.0652453 0
    outer loop
      vertex 92.4 222.5 0
      vertex 92.4051 222.578 8
      vertex 92.4051 222.578 0
    endloop
  endfacet
  facet normal -0.997869 0.0652453 0
    outer loop
      vertex 92.4051 222.578 8
      vertex 92.4 222.5 0
      vertex 92.4 222.5 8
    endloop
  endfacet
  facet normal -0.997869 -0.0652453 0
    outer loop
      vertex 92.4051 222.422 0
      vertex 92.4 222.5 8
      vertex 92.4 222.5 0
    endloop
  endfacet
  facet normal -0.997869 -0.0652453 0
    outer loop
      vertex 92.4 222.5 8
      vertex 92.4051 222.422 0
      vertex 92.4051 222.422 8
    endloop
  endfacet
  facet normal -0.980825 -0.194891 0
    outer loop
      vertex 92.4204 222.345 0
      vertex 92.4051 222.422 8
      vertex 92.4051 222.422 0
    endloop
  endfacet
  facet normal -0.980825 -0.194891 0
    outer loop
      vertex 92.4051 222.422 8
      vertex 92.4204 222.345 0
      vertex 92.4204 222.345 8
    endloop
  endfacet
  facet normal -0.94754 -0.319637 0
    outer loop
      vertex 92.4457 222.27 0
      vertex 92.4204 222.345 8
      vertex 92.4204 222.345 0
    endloop
  endfacet
  facet normal -0.94754 -0.319637 0
    outer loop
      vertex 92.4204 222.345 8
      vertex 92.4457 222.27 0
      vertex 92.4457 222.27 8
    endloop
  endfacet
  facet normal -0.895958 -0.444139 0
    outer loop
      vertex 92.4804 222.2 0
      vertex 92.4457 222.27 8
      vertex 92.4457 222.27 0
    endloop
  endfacet
  facet normal -0.895958 -0.444139 0
    outer loop
      vertex 92.4457 222.27 8
      vertex 92.4804 222.2 0
      vertex 92.4804 222.2 8
    endloop
  endfacet
  facet normal -0.830474 -0.557057 0
    outer loop
      vertex 92.524 222.135 0
      vertex 92.4804 222.2 8
      vertex 92.4804 222.2 0
    endloop
  endfacet
  facet normal -0.830474 -0.557057 0
    outer loop
      vertex 92.4804 222.2 8
      vertex 92.524 222.135 0
      vertex 92.524 222.135 8
    endloop
  endfacet
  facet normal -0.752103 -0.659046 0
    outer loop
      vertex 92.5757 222.076 0
      vertex 92.524 222.135 8
      vertex 92.524 222.135 0
    endloop
  endfacet
  facet normal -0.752103 -0.659046 0
    outer loop
      vertex 92.524 222.135 8
      vertex 92.5757 222.076 0
      vertex 92.5757 222.076 8
    endloop
  endfacet
  facet normal -0.661201 -0.750209 0
    outer loop
      vertex 92.5757 222.076 0
      vertex 92.6347 222.024 8
      vertex 92.5757 222.076 8
    endloop
  endfacet
  facet normal -0.661201 -0.750209 -0
    outer loop
      vertex 92.6347 222.024 8
      vertex 92.5757 222.076 0
      vertex 92.6347 222.024 0
    endloop
  endfacet
  facet normal -0.558797 -0.829305 0
    outer loop
      vertex 92.6347 222.024 0
      vertex 92.7 221.98 8
      vertex 92.6347 222.024 8
    endloop
  endfacet
  facet normal -0.558797 -0.829305 -0
    outer loop
      vertex 92.7 221.98 8
      vertex 92.6347 222.024 0
      vertex 92.7 221.98 0
    endloop
  endfacet
  facet normal -0.434892 -0.900483 0
    outer loop
      vertex 92.7 221.98 0
      vertex 92.7704 221.946 8
      vertex 92.7 221.98 8
    endloop
  endfacet
  facet normal -0.434892 -0.900483 -0
    outer loop
      vertex 92.7704 221.946 8
      vertex 92.7 221.98 0
      vertex 92.7704 221.946 0
    endloop
  endfacet
  facet normal -0.330294 -0.943878 0
    outer loop
      vertex 92.7704 221.946 0
      vertex 92.8447 221.92 8
      vertex 92.7704 221.946 8
    endloop
  endfacet
  facet normal -0.330294 -0.943878 -0
    outer loop
      vertex 92.8447 221.92 8
      vertex 92.7704 221.946 0
      vertex 92.8447 221.92 0
    endloop
  endfacet
  facet normal -0.191211 -0.981549 0
    outer loop
      vertex 92.8447 221.92 0
      vertex 92.9217 221.905 8
      vertex 92.8447 221.92 8
    endloop
  endfacet
  facet normal -0.191211 -0.981549 -0
    outer loop
      vertex 92.9217 221.905 8
      vertex 92.8447 221.92 0
      vertex 92.9217 221.905 0
    endloop
  endfacet
  facet normal -0.186681 -0.98242 0
    outer loop
      vertex 92.9217 221.905 0
      vertex 100.805 220.407 8
      vertex 92.9217 221.905 8
    endloop
  endfacet
  facet normal -0.186681 -0.98242 -0
    outer loop
      vertex 100.805 220.407 8
      vertex 92.9217 221.905 0
      vertex 100.805 220.407 0
    endloop
  endfacet
  facet normal -0.355178 0.934799 0
    outer loop
      vertex 100.805 220.407 0
      vertex 97.7704 219.254 8
      vertex 100.805 220.407 8
    endloop
  endfacet
  facet normal -0.355178 0.934799 0
    outer loop
      vertex 97.7704 219.254 8
      vertex 100.805 220.407 0
      vertex 97.7704 219.254 0
    endloop
  endfacet
  facet normal -0.434892 0.900483 0
    outer loop
      vertex 97.7704 219.254 0
      vertex 97.7 219.22 8
      vertex 97.7704 219.254 8
    endloop
  endfacet
  facet normal -0.434892 0.900483 0
    outer loop
      vertex 97.7 219.22 8
      vertex 97.7704 219.254 0
      vertex 97.7 219.22 0
    endloop
  endfacet
  facet normal -0.558797 0.829305 0
    outer loop
      vertex 97.7 219.22 0
      vertex 97.6347 219.176 8
      vertex 97.7 219.22 8
    endloop
  endfacet
  facet normal -0.558797 0.829305 0
    outer loop
      vertex 97.6347 219.176 8
      vertex 97.7 219.22 0
      vertex 97.6347 219.176 0
    endloop
  endfacet
  facet normal -0.661201 0.750209 0
    outer loop
      vertex 97.6347 219.176 0
      vertex 97.5757 219.124 8
      vertex 97.6347 219.176 8
    endloop
  endfacet
  facet normal -0.661201 0.750209 0
    outer loop
      vertex 97.5757 219.124 8
      vertex 97.6347 219.176 0
      vertex 97.5757 219.124 0
    endloop
  endfacet
  facet normal -0.752103 0.659046 0
    outer loop
      vertex 97.524 219.065 0
      vertex 97.5757 219.124 8
      vertex 97.5757 219.124 0
    endloop
  endfacet
  facet normal -0.752103 0.659046 0
    outer loop
      vertex 97.5757 219.124 8
      vertex 97.524 219.065 0
      vertex 97.524 219.065 8
    endloop
  endfacet
  facet normal -0.830474 0.557057 0
    outer loop
      vertex 97.4804 219 0
      vertex 97.524 219.065 8
      vertex 97.524 219.065 0
    endloop
  endfacet
  facet normal -0.830474 0.557057 0
    outer loop
      vertex 97.524 219.065 8
      vertex 97.4804 219 0
      vertex 97.4804 219 8
    endloop
  endfacet
  facet normal 0.355289 -0.934757 0
    outer loop
      vertex 134.478 219 0
      vertex 137.23 220.046 8
      vertex 134.478 219 8
    endloop
  endfacet
  facet normal 0.355289 -0.934757 0
    outer loop
      vertex 137.23 220.046 8
      vertex 134.478 219 0
      vertex 137.23 220.046 0
    endloop
  endfacet
  facet normal 0.436904 -0.899508 0
    outer loop
      vertex 137.23 220.046 0
      vertex 137.3 220.08 8
      vertex 137.23 220.046 8
    endloop
  endfacet
  facet normal 0.436904 -0.899508 0
    outer loop
      vertex 137.3 220.08 8
      vertex 137.23 220.046 0
      vertex 137.3 220.08 0
    endloop
  endfacet
  facet normal 0.560566 -0.828109 0
    outer loop
      vertex 137.3 220.08 0
      vertex 137.365 220.124 8
      vertex 137.3 220.08 8
    endloop
  endfacet
  facet normal 0.560566 -0.828109 0
    outer loop
      vertex 137.365 220.124 8
      vertex 137.3 220.08 0
      vertex 137.365 220.124 0
    endloop
  endfacet
  facet normal 0.661201 -0.750209 0
    outer loop
      vertex 137.365 220.124 0
      vertex 137.424 220.176 8
      vertex 137.365 220.124 8
    endloop
  endfacet
  facet normal 0.661201 -0.750209 0
    outer loop
      vertex 137.424 220.176 8
      vertex 137.365 220.124 0
      vertex 137.424 220.176 0
    endloop
  endfacet
  facet normal 0.750209 -0.661201 0
    outer loop
      vertex 137.424 220.176 8
      vertex 137.476 220.235 0
      vertex 137.476 220.235 8
    endloop
  endfacet
  facet normal 0.750209 -0.661201 0
    outer loop
      vertex 137.476 220.235 0
      vertex 137.424 220.176 8
      vertex 137.424 220.176 0
    endloop
  endfacet
  facet normal 0.828109 -0.560566 0
    outer loop
      vertex 137.476 220.235 8
      vertex 137.52 220.3 0
      vertex 137.52 220.3 8
    endloop
  endfacet
  facet normal 0.828109 -0.560566 0
    outer loop
      vertex 137.52 220.3 0
      vertex 137.476 220.235 8
      vertex 137.476 220.235 0
    endloop
  endfacet
  facet normal 0.899508 -0.436904 0
    outer loop
      vertex 137.52 220.3 8
      vertex 137.554 220.37 0
      vertex 137.554 220.37 8
    endloop
  endfacet
  facet normal 0.899508 -0.436904 0
    outer loop
      vertex 137.554 220.37 0
      vertex 137.52 220.3 8
      vertex 137.52 220.3 0
    endloop
  endfacet
  facet normal 0.944836 -0.327543 0
    outer loop
      vertex 137.554 220.37 8
      vertex 137.58 220.445 0
      vertex 137.58 220.445 8
    endloop
  endfacet
  facet normal 0.944836 -0.327543 0
    outer loop
      vertex 137.58 220.445 0
      vertex 137.554 220.37 8
      vertex 137.554 220.37 0
    endloop
  endfacet
  facet normal 0.981549 -0.191211 0
    outer loop
      vertex 137.58 220.445 8
      vertex 137.595 220.522 0
      vertex 137.595 220.522 8
    endloop
  endfacet
  facet normal 0.981549 -0.191211 0
    outer loop
      vertex 137.595 220.522 0
      vertex 137.58 220.445 8
      vertex 137.58 220.445 0
    endloop
  endfacet
  facet normal 0.997952 -0.0639713 0
    outer loop
      vertex 137.595 220.522 8
      vertex 137.6 220.6 0
      vertex 137.6 220.6 8
    endloop
  endfacet
  facet normal 0.997952 -0.0639713 0
    outer loop
      vertex 137.6 220.6 0
      vertex 137.595 220.522 8
      vertex 137.595 220.522 0
    endloop
  endfacet
  facet normal 0.997952 0.0639713 0
    outer loop
      vertex 137.6 220.6 8
      vertex 137.595 220.678 0
      vertex 137.595 220.678 8
    endloop
  endfacet
  facet normal 0.997952 0.0639713 0
    outer loop
      vertex 137.595 220.678 0
      vertex 137.6 220.6 8
      vertex 137.6 220.6 0
    endloop
  endfacet
  facet normal 0.981549 0.191211 0
    outer loop
      vertex 137.595 220.678 8
      vertex 137.58 220.755 0
      vertex 137.58 220.755 8
    endloop
  endfacet
  facet normal 0.981549 0.191211 0
    outer loop
      vertex 137.58 220.755 0
      vertex 137.595 220.678 8
      vertex 137.595 220.678 0
    endloop
  endfacet
  facet normal 0.944836 0.327543 0
    outer loop
      vertex 137.58 220.755 8
      vertex 137.554 220.83 0
      vertex 137.554 220.83 8
    endloop
  endfacet
  facet normal 0.944836 0.327543 0
    outer loop
      vertex 137.554 220.83 0
      vertex 137.58 220.755 8
      vertex 137.58 220.755 0
    endloop
  endfacet
  facet normal 0.899508 0.436904 0
    outer loop
      vertex 137.554 220.83 8
      vertex 137.52 220.9 0
      vertex 137.52 220.9 8
    endloop
  endfacet
  facet normal 0.899508 0.436904 0
    outer loop
      vertex 137.52 220.9 0
      vertex 137.554 220.83 8
      vertex 137.554 220.83 0
    endloop
  endfacet
  facet normal 0.828109 0.560566 0
    outer loop
      vertex 137.52 220.9 8
      vertex 137.476 220.965 0
      vertex 137.476 220.965 8
    endloop
  endfacet
  facet normal 0.828109 0.560566 0
    outer loop
      vertex 137.476 220.965 0
      vertex 137.52 220.9 8
      vertex 137.52 220.9 0
    endloop
  endfacet
  facet normal 0.750209 0.661201 0
    outer loop
      vertex 137.476 220.965 8
      vertex 137.424 221.024 0
      vertex 137.424 221.024 8
    endloop
  endfacet
  facet normal 0.750209 0.661201 0
    outer loop
      vertex 137.424 221.024 0
      vertex 137.476 220.965 8
      vertex 137.476 220.965 0
    endloop
  endfacet
  facet normal 0.661201 0.750209 -0
    outer loop
      vertex 137.424 221.024 0
      vertex 137.365 221.076 8
      vertex 137.424 221.024 8
    endloop
  endfacet
  facet normal 0.661201 0.750209 0
    outer loop
      vertex 137.365 221.076 8
      vertex 137.424 221.024 0
      vertex 137.365 221.076 0
    endloop
  endfacet
  facet normal 0.560566 0.828109 -0
    outer loop
      vertex 137.365 221.076 0
      vertex 137.3 221.12 8
      vertex 137.365 221.076 8
    endloop
  endfacet
  facet normal 0.560566 0.828109 0
    outer loop
      vertex 137.3 221.12 8
      vertex 137.365 221.076 0
      vertex 137.3 221.12 0
    endloop
  endfacet
  facet normal 0.436904 0.899508 -0
    outer loop
      vertex 137.3 221.12 0
      vertex 137.23 221.154 8
      vertex 137.3 221.12 8
    endloop
  endfacet
  facet normal 0.436904 0.899508 0
    outer loop
      vertex 137.23 221.154 8
      vertex 137.3 221.12 0
      vertex 137.23 221.154 0
    endloop
  endfacet
  facet normal 0.327543 0.944836 -0
    outer loop
      vertex 137.23 221.154 0
      vertex 137.155 221.18 8
      vertex 137.23 221.154 8
    endloop
  endfacet
  facet normal 0.327543 0.944836 0
    outer loop
      vertex 137.155 221.18 8
      vertex 137.23 221.154 0
      vertex 137.155 221.18 0
    endloop
  endfacet
  facet normal 0.191211 0.981549 -0
    outer loop
      vertex 137.155 221.18 0
      vertex 137.078 221.195 8
      vertex 137.155 221.18 8
    endloop
  endfacet
  facet normal 0.191211 0.981549 0
    outer loop
      vertex 137.078 221.195 8
      vertex 137.155 221.18 0
      vertex 137.078 221.195 0
    endloop
  endfacet
  facet normal 0.186645 0.982427 -0
    outer loop
      vertex 137.078 221.195 0
      vertex 130.209 222.5 8
      vertex 137.078 221.195 8
    endloop
  endfacet
  facet normal 0.186645 0.982427 0
    outer loop
      vertex 130.209 222.5 8
      vertex 137.078 221.195 0
      vertex 130.209 222.5 0
    endloop
  endfacet
  facet normal 0.186645 -0.982427 0
    outer loop
      vertex 130.209 222.5 0
      vertex 137.078 223.805 8
      vertex 130.209 222.5 8
    endloop
  endfacet
  facet normal 0.186645 -0.982427 0
    outer loop
      vertex 137.078 223.805 8
      vertex 130.209 222.5 0
      vertex 137.078 223.805 0
    endloop
  endfacet
  facet normal 0.191211 -0.981549 0
    outer loop
      vertex 137.078 223.805 0
      vertex 137.155 223.82 8
      vertex 137.078 223.805 8
    endloop
  endfacet
  facet normal 0.191211 -0.981549 0
    outer loop
      vertex 137.155 223.82 8
      vertex 137.078 223.805 0
      vertex 137.155 223.82 0
    endloop
  endfacet
  facet normal 0.327543 -0.944836 0
    outer loop
      vertex 137.155 223.82 0
      vertex 137.23 223.846 8
      vertex 137.155 223.82 8
    endloop
  endfacet
  facet normal 0.327543 -0.944836 0
    outer loop
      vertex 137.23 223.846 8
      vertex 137.155 223.82 0
      vertex 137.23 223.846 0
    endloop
  endfacet
  facet normal 0.436904 -0.899508 0
    outer loop
      vertex 137.23 223.846 0
      vertex 137.3 223.88 8
      vertex 137.23 223.846 8
    endloop
  endfacet
  facet normal 0.436904 -0.899508 0
    outer loop
      vertex 137.3 223.88 8
      vertex 137.23 223.846 0
      vertex 137.3 223.88 0
    endloop
  endfacet
  facet normal 0.560566 -0.828109 0
    outer loop
      vertex 137.3 223.88 0
      vertex 137.365 223.924 8
      vertex 137.3 223.88 8
    endloop
  endfacet
  facet normal 0.560566 -0.828109 0
    outer loop
      vertex 137.365 223.924 8
      vertex 137.3 223.88 0
      vertex 137.365 223.924 0
    endloop
  endfacet
  facet normal 0.661201 -0.750209 0
    outer loop
      vertex 137.365 223.924 0
      vertex 137.424 223.976 8
      vertex 137.365 223.924 8
    endloop
  endfacet
  facet normal 0.661201 -0.750209 0
    outer loop
      vertex 137.424 223.976 8
      vertex 137.365 223.924 0
      vertex 137.424 223.976 0
    endloop
  endfacet
  facet normal 0.750209 -0.661201 0
    outer loop
      vertex 137.424 223.976 8
      vertex 137.476 224.035 0
      vertex 137.476 224.035 8
    endloop
  endfacet
  facet normal 0.750209 -0.661201 0
    outer loop
      vertex 137.476 224.035 0
      vertex 137.424 223.976 8
      vertex 137.424 223.976 0
    endloop
  endfacet
  facet normal 0.828109 -0.560566 0
    outer loop
      vertex 137.476 224.035 8
      vertex 137.52 224.1 0
      vertex 137.52 224.1 8
    endloop
  endfacet
  facet normal 0.828109 -0.560566 0
    outer loop
      vertex 137.52 224.1 0
      vertex 137.476 224.035 8
      vertex 137.476 224.035 0
    endloop
  endfacet
  facet normal 0.899508 -0.436904 0
    outer loop
      vertex 137.52 224.1 8
      vertex 137.554 224.17 0
      vertex 137.554 224.17 8
    endloop
  endfacet
  facet normal 0.899508 -0.436904 0
    outer loop
      vertex 137.554 224.17 0
      vertex 137.52 224.1 8
      vertex 137.52 224.1 0
    endloop
  endfacet
  facet normal 0.944836 -0.327543 0
    outer loop
      vertex 137.554 224.17 8
      vertex 137.58 224.245 0
      vertex 137.58 224.245 8
    endloop
  endfacet
  facet normal 0.944836 -0.327543 0
    outer loop
      vertex 137.58 224.245 0
      vertex 137.554 224.17 8
      vertex 137.554 224.17 0
    endloop
  endfacet
  facet normal 0.981549 -0.191211 0
    outer loop
      vertex 137.58 224.245 8
      vertex 137.595 224.322 0
      vertex 137.595 224.322 8
    endloop
  endfacet
  facet normal 0.981549 -0.191211 0
    outer loop
      vertex 137.595 224.322 0
      vertex 137.58 224.245 8
      vertex 137.58 224.245 0
    endloop
  endfacet
  facet normal 0.997952 -0.0639713 0
    outer loop
      vertex 137.595 224.322 8
      vertex 137.6 224.4 0
      vertex 137.6 224.4 8
    endloop
  endfacet
  facet normal 0.997952 -0.0639713 0
    outer loop
      vertex 137.6 224.4 0
      vertex 137.595 224.322 8
      vertex 137.595 224.322 0
    endloop
  endfacet
  facet normal 0.997952 0.0639713 0
    outer loop
      vertex 137.6 224.4 8
      vertex 137.595 224.478 0
      vertex 137.595 224.478 8
    endloop
  endfacet
  facet normal 0.997952 0.0639713 0
    outer loop
      vertex 137.595 224.478 0
      vertex 137.6 224.4 8
      vertex 137.6 224.4 0
    endloop
  endfacet
  facet normal 0.981549 0.191211 0
    outer loop
      vertex 137.595 224.478 8
      vertex 137.58 224.555 0
      vertex 137.58 224.555 8
    endloop
  endfacet
  facet normal 0.981549 0.191211 0
    outer loop
      vertex 137.58 224.555 0
      vertex 137.595 224.478 8
      vertex 137.595 224.478 0
    endloop
  endfacet
  facet normal 0.944836 0.327543 0
    outer loop
      vertex 137.58 224.555 8
      vertex 137.554 224.63 0
      vertex 137.554 224.63 8
    endloop
  endfacet
  facet normal 0.944836 0.327543 0
    outer loop
      vertex 137.554 224.63 0
      vertex 137.58 224.555 8
      vertex 137.58 224.555 0
    endloop
  endfacet
  facet normal 0.899508 0.436904 0
    outer loop
      vertex 137.554 224.63 8
      vertex 137.52 224.7 0
      vertex 137.52 224.7 8
    endloop
  endfacet
  facet normal 0.899508 0.436904 0
    outer loop
      vertex 137.52 224.7 0
      vertex 137.554 224.63 8
      vertex 137.554 224.63 0
    endloop
  endfacet
  facet normal 0.828109 0.560566 0
    outer loop
      vertex 137.52 224.7 8
      vertex 137.476 224.765 0
      vertex 137.476 224.765 8
    endloop
  endfacet
  facet normal 0.828109 0.560566 0
    outer loop
      vertex 137.476 224.765 0
      vertex 137.52 224.7 8
      vertex 137.52 224.7 0
    endloop
  endfacet
  facet normal 0.750209 0.661201 0
    outer loop
      vertex 137.476 224.765 8
      vertex 137.424 224.824 0
      vertex 137.424 224.824 8
    endloop
  endfacet
  facet normal 0.750209 0.661201 0
    outer loop
      vertex 137.424 224.824 0
      vertex 137.476 224.765 8
      vertex 137.476 224.765 0
    endloop
  endfacet
  facet normal 0.661201 0.750209 -0
    outer loop
      vertex 137.424 224.824 0
      vertex 137.365 224.876 8
      vertex 137.424 224.824 8
    endloop
  endfacet
  facet normal 0.661201 0.750209 0
    outer loop
      vertex 137.365 224.876 8
      vertex 137.424 224.824 0
      vertex 137.365 224.876 0
    endloop
  endfacet
  facet normal 0.560566 0.828109 -0
    outer loop
      vertex 137.365 224.876 0
      vertex 137.3 224.92 8
      vertex 137.365 224.876 8
    endloop
  endfacet
  facet normal 0.560566 0.828109 0
    outer loop
      vertex 137.3 224.92 8
      vertex 137.365 224.876 0
      vertex 137.3 224.92 0
    endloop
  endfacet
  facet normal 0.436904 0.899508 -0
    outer loop
      vertex 137.3 224.92 0
      vertex 137.23 224.954 8
      vertex 137.3 224.92 8
    endloop
  endfacet
  facet normal 0.436904 0.899508 0
    outer loop
      vertex 137.23 224.954 8
      vertex 137.3 224.92 0
      vertex 137.23 224.954 0
    endloop
  endfacet
  facet normal 0.355289 0.934757 -0
    outer loop
      vertex 137.23 224.954 0
      vertex 134.478 226 8
      vertex 137.23 224.954 8
    endloop
  endfacet
  facet normal 0.355289 0.934757 0
    outer loop
      vertex 134.478 226 8
      vertex 137.23 224.954 0
      vertex 134.478 226 0
    endloop
  endfacet
  facet normal -0.828109 -0.560566 0
    outer loop
      vertex 131.524 225.935 0
      vertex 131.48 226 8
      vertex 131.48 226 0
    endloop
  endfacet
  facet normal -0.828109 -0.560566 0
    outer loop
      vertex 131.48 226 8
      vertex 131.524 225.935 0
      vertex 131.524 225.935 8
    endloop
  endfacet
  facet normal -0.750209 -0.661201 0
    outer loop
      vertex 131.576 225.876 0
      vertex 131.524 225.935 8
      vertex 131.524 225.935 0
    endloop
  endfacet
  facet normal -0.750209 -0.661201 0
    outer loop
      vertex 131.524 225.935 8
      vertex 131.576 225.876 0
      vertex 131.576 225.876 8
    endloop
  endfacet
  facet normal -0.661201 -0.750209 0
    outer loop
      vertex 131.576 225.876 0
      vertex 131.635 225.824 8
      vertex 131.576 225.876 8
    endloop
  endfacet
  facet normal -0.661201 -0.750209 -0
    outer loop
      vertex 131.635 225.824 8
      vertex 131.576 225.876 0
      vertex 131.635 225.824 0
    endloop
  endfacet
  facet normal -0.560566 -0.828109 0
    outer loop
      vertex 131.635 225.824 0
      vertex 131.7 225.78 8
      vertex 131.635 225.824 8
    endloop
  endfacet
  facet normal -0.560566 -0.828109 -0
    outer loop
      vertex 131.7 225.78 8
      vertex 131.635 225.824 0
      vertex 131.7 225.78 0
    endloop
  endfacet
  facet normal -0.436904 -0.899508 0
    outer loop
      vertex 131.7 225.78 0
      vertex 131.77 225.746 8
      vertex 131.7 225.78 8
    endloop
  endfacet
  facet normal -0.436904 -0.899508 -0
    outer loop
      vertex 131.77 225.746 8
      vertex 131.7 225.78 0
      vertex 131.77 225.746 0
    endloop
  endfacet
  facet normal -0.355137 -0.934814 0
    outer loop
      vertex 131.77 225.746 0
      vertex 134.805 224.593 8
      vertex 131.77 225.746 8
    endloop
  endfacet
  facet normal -0.355137 -0.934814 -0
    outer loop
      vertex 134.805 224.593 8
      vertex 131.77 225.746 0
      vertex 134.805 224.593 0
    endloop
  endfacet
  facet normal -0.186688 0.982419 0
    outer loop
      vertex 134.805 224.593 0
      vertex 126.922 223.095 8
      vertex 134.805 224.593 8
    endloop
  endfacet
  facet normal -0.186688 0.982419 0
    outer loop
      vertex 126.922 223.095 8
      vertex 134.805 224.593 0
      vertex 126.922 223.095 0
    endloop
  endfacet
  facet normal -0.191211 0.981549 0
    outer loop
      vertex 126.922 223.095 0
      vertex 126.845 223.08 8
      vertex 126.922 223.095 8
    endloop
  endfacet
  facet normal -0.191211 0.981549 0
    outer loop
      vertex 126.845 223.08 8
      vertex 126.922 223.095 0
      vertex 126.845 223.08 0
    endloop
  endfacet
  facet normal -0.327543 0.944836 0
    outer loop
      vertex 126.845 223.08 0
      vertex 126.77 223.054 8
      vertex 126.845 223.08 8
    endloop
  endfacet
  facet normal -0.327543 0.944836 0
    outer loop
      vertex 126.77 223.054 8
      vertex 126.845 223.08 0
      vertex 126.77 223.054 0
    endloop
  endfacet
  facet normal -0.436904 0.899508 0
    outer loop
      vertex 126.77 223.054 0
      vertex 126.7 223.02 8
      vertex 126.77 223.054 8
    endloop
  endfacet
  facet normal -0.436904 0.899508 0
    outer loop
      vertex 126.7 223.02 8
      vertex 126.77 223.054 0
      vertex 126.7 223.02 0
    endloop
  endfacet
  facet normal -0.560566 0.828109 0
    outer loop
      vertex 126.7 223.02 0
      vertex 126.635 222.976 8
      vertex 126.7 223.02 8
    endloop
  endfacet
  facet normal -0.560566 0.828109 0
    outer loop
      vertex 126.635 222.976 8
      vertex 126.7 223.02 0
      vertex 126.635 222.976 0
    endloop
  endfacet
  facet normal -0.661201 0.750209 0
    outer loop
      vertex 126.635 222.976 0
      vertex 126.576 222.924 8
      vertex 126.635 222.976 8
    endloop
  endfacet
  facet normal -0.661201 0.750209 0
    outer loop
      vertex 126.576 222.924 8
      vertex 126.635 222.976 0
      vertex 126.576 222.924 0
    endloop
  endfacet
  facet normal -0.750209 0.661201 0
    outer loop
      vertex 126.524 222.865 0
      vertex 126.576 222.924 8
      vertex 126.576 222.924 0
    endloop
  endfacet
  facet normal -0.750209 0.661201 0
    outer loop
      vertex 126.576 222.924 8
      vertex 126.524 222.865 0
      vertex 126.524 222.865 8
    endloop
  endfacet
  facet normal -0.828109 0.560566 0
    outer loop
      vertex 126.48 222.8 0
      vertex 126.524 222.865 8
      vertex 126.524 222.865 0
    endloop
  endfacet
  facet normal -0.828109 0.560566 0
    outer loop
      vertex 126.524 222.865 8
      vertex 126.48 222.8 0
      vertex 126.48 222.8 8
    endloop
  endfacet
  facet normal -0.899508 0.436904 0
    outer loop
      vertex 126.446 222.73 0
      vertex 126.48 222.8 8
      vertex 126.48 222.8 0
    endloop
  endfacet
  facet normal -0.899508 0.436904 0
    outer loop
      vertex 126.48 222.8 8
      vertex 126.446 222.73 0
      vertex 126.446 222.73 8
    endloop
  endfacet
  facet normal -0.944836 0.327543 0
    outer loop
      vertex 126.42 222.655 0
      vertex 126.446 222.73 8
      vertex 126.446 222.73 0
    endloop
  endfacet
  facet normal -0.944836 0.327543 0
    outer loop
      vertex 126.446 222.73 8
      vertex 126.42 222.655 0
      vertex 126.42 222.655 8
    endloop
  endfacet
  facet normal -0.981549 0.191211 0
    outer loop
      vertex 126.405 222.578 0
      vertex 126.42 222.655 8
      vertex 126.42 222.655 0
    endloop
  endfacet
  facet normal -0.981549 0.191211 0
    outer loop
      vertex 126.42 222.655 8
      vertex 126.405 222.578 0
      vertex 126.405 222.578 8
    endloop
  endfacet
  facet normal -0.997952 0.0639713 0
    outer loop
      vertex 126.4 222.5 0
      vertex 126.405 222.578 8
      vertex 126.405 222.578 0
    endloop
  endfacet
  facet normal -0.997952 0.0639713 0
    outer loop
      vertex 126.405 222.578 8
      vertex 126.4 222.5 0
      vertex 126.4 222.5 8
    endloop
  endfacet
  facet normal -0.997952 -0.0639713 0
    outer loop
      vertex 126.405 222.422 0
      vertex 126.4 222.5 8
      vertex 126.4 222.5 0
    endloop
  endfacet
  facet normal -0.997952 -0.0639713 0
    outer loop
      vertex 126.4 222.5 8
      vertex 126.405 222.422 0
      vertex 126.405 222.422 8
    endloop
  endfacet
  facet normal -0.981549 -0.191211 0
    outer loop
      vertex 126.42 222.345 0
      vertex 126.405 222.422 8
      vertex 126.405 222.422 0
    endloop
  endfacet
  facet normal -0.981549 -0.191211 0
    outer loop
      vertex 126.405 222.422 8
      vertex 126.42 222.345 0
      vertex 126.42 222.345 8
    endloop
  endfacet
  facet normal -0.944836 -0.327543 0
    outer loop
      vertex 126.446 222.27 0
      vertex 126.42 222.345 8
      vertex 126.42 222.345 0
    endloop
  endfacet
  facet normal -0.944836 -0.327543 0
    outer loop
      vertex 126.42 222.345 8
      vertex 126.446 222.27 0
      vertex 126.446 222.27 8
    endloop
  endfacet
  facet normal -0.899508 -0.436904 0
    outer loop
      vertex 126.48 222.2 0
      vertex 126.446 222.27 8
      vertex 126.446 222.27 0
    endloop
  endfacet
  facet normal -0.899508 -0.436904 0
    outer loop
      vertex 126.446 222.27 8
      vertex 126.48 222.2 0
      vertex 126.48 222.2 8
    endloop
  endfacet
  facet normal -0.828109 -0.560566 0
    outer loop
      vertex 126.524 222.135 0
      vertex 126.48 222.2 8
      vertex 126.48 222.2 0
    endloop
  endfacet
  facet normal -0.828109 -0.560566 0
    outer loop
      vertex 126.48 222.2 8
      vertex 126.524 222.135 0
      vertex 126.524 222.135 8
    endloop
  endfacet
  facet normal -0.750209 -0.661201 0
    outer loop
      vertex 126.576 222.076 0
      vertex 126.524 222.135 8
      vertex 126.524 222.135 0
    endloop
  endfacet
  facet normal -0.750209 -0.661201 0
    outer loop
      vertex 126.524 222.135 8
      vertex 126.576 222.076 0
      vertex 126.576 222.076 8
    endloop
  endfacet
  facet normal -0.661201 -0.750209 0
    outer loop
      vertex 126.576 222.076 0
      vertex 126.635 222.024 8
      vertex 126.576 222.076 8
    endloop
  endfacet
  facet normal -0.661201 -0.750209 -0
    outer loop
      vertex 126.635 222.024 8
      vertex 126.576 222.076 0
      vertex 126.635 222.024 0
    endloop
  endfacet
  facet normal -0.560566 -0.828109 0
    outer loop
      vertex 126.635 222.024 0
      vertex 126.7 221.98 8
      vertex 126.635 222.024 8
    endloop
  endfacet
  facet normal -0.560566 -0.828109 -0
    outer loop
      vertex 126.7 221.98 8
      vertex 126.635 222.024 0
      vertex 126.7 221.98 0
    endloop
  endfacet
  facet normal -0.436904 -0.899508 0
    outer loop
      vertex 126.7 221.98 0
      vertex 126.77 221.946 8
      vertex 126.7 221.98 8
    endloop
  endfacet
  facet normal -0.436904 -0.899508 -0
    outer loop
      vertex 126.77 221.946 8
      vertex 126.7 221.98 0
      vertex 126.77 221.946 0
    endloop
  endfacet
  facet normal -0.327543 -0.944836 0
    outer loop
      vertex 126.77 221.946 0
      vertex 126.845 221.92 8
      vertex 126.77 221.946 8
    endloop
  endfacet
  facet normal -0.327543 -0.944836 -0
    outer loop
      vertex 126.845 221.92 8
      vertex 126.77 221.946 0
      vertex 126.845 221.92 0
    endloop
  endfacet
  facet normal -0.191211 -0.981549 0
    outer loop
      vertex 126.845 221.92 0
      vertex 126.922 221.905 8
      vertex 126.845 221.92 8
    endloop
  endfacet
  facet normal -0.191211 -0.981549 -0
    outer loop
      vertex 126.922 221.905 8
      vertex 126.845 221.92 0
      vertex 126.922 221.905 0
    endloop
  endfacet
  facet normal -0.186688 -0.982419 0
    outer loop
      vertex 126.922 221.905 0
      vertex 134.805 220.407 8
      vertex 126.922 221.905 8
    endloop
  endfacet
  facet normal -0.186688 -0.982419 -0
    outer loop
      vertex 134.805 220.407 8
      vertex 126.922 221.905 0
      vertex 134.805 220.407 0
    endloop
  endfacet
  facet normal -0.355137 0.934814 0
    outer loop
      vertex 134.805 220.407 0
      vertex 131.77 219.254 8
      vertex 134.805 220.407 8
    endloop
  endfacet
  facet normal -0.355137 0.934814 0
    outer loop
      vertex 131.77 219.254 8
      vertex 134.805 220.407 0
      vertex 131.77 219.254 0
    endloop
  endfacet
  facet normal -0.436904 0.899508 0
    outer loop
      vertex 131.77 219.254 0
      vertex 131.7 219.22 8
      vertex 131.77 219.254 8
    endloop
  endfacet
  facet normal -0.436904 0.899508 0
    outer loop
      vertex 131.7 219.22 8
      vertex 131.77 219.254 0
      vertex 131.7 219.22 0
    endloop
  endfacet
  facet normal -0.560566 0.828109 0
    outer loop
      vertex 131.7 219.22 0
      vertex 131.635 219.176 8
      vertex 131.7 219.22 8
    endloop
  endfacet
  facet normal -0.560566 0.828109 0
    outer loop
      vertex 131.635 219.176 8
      vertex 131.7 219.22 0
      vertex 131.635 219.176 0
    endloop
  endfacet
  facet normal -0.661201 0.750209 0
    outer loop
      vertex 131.635 219.176 0
      vertex 131.576 219.124 8
      vertex 131.635 219.176 8
    endloop
  endfacet
  facet normal -0.661201 0.750209 0
    outer loop
      vertex 131.576 219.124 8
      vertex 131.635 219.176 0
      vertex 131.576 219.124 0
    endloop
  endfacet
  facet normal -0.750209 0.661201 0
    outer loop
      vertex 131.524 219.065 0
      vertex 131.576 219.124 8
      vertex 131.576 219.124 0
    endloop
  endfacet
  facet normal -0.750209 0.661201 0
    outer loop
      vertex 131.576 219.124 8
      vertex 131.524 219.065 0
      vertex 131.524 219.065 8
    endloop
  endfacet
  facet normal -0.828109 0.560566 0
    outer loop
      vertex 131.48 219 0
      vertex 131.524 219.065 8
      vertex 131.524 219.065 0
    endloop
  endfacet
  facet normal -0.828109 0.560566 0
    outer loop
      vertex 131.524 219.065 8
      vertex 131.48 219 0
      vertex 131.48 219 8
    endloop
  endfacet
  facet normal -0.659002 -0.752141 0
    outer loop
      vertex 1.75736 201.757 0
      vertex 2.34743 201.24 4
      vertex 1.75736 201.757 4
    endloop
  endfacet
  facet normal -0.659002 -0.752141 -0
    outer loop
      vertex 2.34743 201.24 4
      vertex 1.75736 201.757 0
      vertex 2.34743 201.24 0
    endloop
  endfacet
  facet normal 0 1 -0
    outer loop
      vertex 153 219 0
      vertex 148 219 8
      vertex 153 219 8
    endloop
  endfacet
  facet normal 0 1 0
    outer loop
      vertex 148 219 8
      vertex 153 219 0
      vertex 148 219 0
    endloop
  endfacet
  facet normal 0 1 -0
    outer loop
      vertex 6 219 0
      vertex 1 219 8
      vertex 6 219 8
    endloop
  endfacet
  facet normal 0 1 0
    outer loop
      vertex 1 219 8
      vertex 6 219 0
      vertex 1 219 0
    endloop
  endfacet
  facet normal 0 1 -0
    outer loop
      vertex 21.4804 219 0
      vertex 10 219 8
      vertex 21.4804 219 8
    endloop
  endfacet
  facet normal 0 1 0
    outer loop
      vertex 10 219 8
      vertex 21.4804 219 0
      vertex 10 219 0
    endloop
  endfacet
  facet normal 0 1 -0
    outer loop
      vertex 37 219 0
      vertex 24.4778 219 8
      vertex 37 219 8
    endloop
  endfacet
  facet normal 0 1 0
    outer loop
      vertex 24.4778 219 8
      vertex 37 219 0
      vertex 24.4778 219 0
    endloop
  endfacet
  facet normal 0 1 -0
    outer loop
      vertex 55.4804 219 0
      vertex 41 219 8
      vertex 55.4804 219 8
    endloop
  endfacet
  facet normal 0 1 0
    outer loop
      vertex 41 219 8
      vertex 55.4804 219 0
      vertex 41 219 0
    endloop
  endfacet
  facet normal 0 1 -0
    outer loop
      vertex 113 219 0
      vertex 100.478 219 8
      vertex 113 219 8
    endloop
  endfacet
  facet normal 0 1 0
    outer loop
      vertex 100.478 219 8
      vertex 113 219 0
      vertex 100.478 219 0
    endloop
  endfacet
  facet normal 0 1 -0
    outer loop
      vertex 131.48 219 0
      vertex 117 219 8
      vertex 131.48 219 8
    endloop
  endfacet
  facet normal 0 1 0
    outer loop
      vertex 117 219 8
      vertex 131.48 219 0
      vertex 117 219 0
    endloop
  endfacet
  facet normal 0 1 -0
    outer loop
      vertex 144 219 0
      vertex 134.478 219 8
      vertex 144 219 8
    endloop
  endfacet
  facet normal 0 1 0
    outer loop
      vertex 134.478 219 8
      vertex 144 219 0
      vertex 134.478 219 0
    endloop
  endfacet
  facet normal 0 1 -0
    outer loop
      vertex 97.4804 219 0
      vertex 58.4779 219 8
      vertex 97.4804 219 8
    endloop
  endfacet
  facet normal 0 1 0
    outer loop
      vertex 58.4779 219 8
      vertex 97.4804 219 0
      vertex 58.4779 219 0
    endloop
  endfacet
  facet normal 0.825307 0.564684 0
    outer loop
      vertex 153.196 216 4
      vertex 153.183 216.019 0
      vertex 153.183 216.019 4
    endloop
  endfacet
  facet normal 0.825307 0.564684 0
    outer loop
      vertex 153.183 216.019 0
      vertex 153.196 216 4
      vertex 153.196 216 0
    endloop
  endfacet
  facet normal 1 -0 0
    outer loop
      vertex 154 206 4
      vertex 154 213 0
      vertex 154 213 4
    endloop
  endfacet
  facet normal 1 0 0
    outer loop
      vertex 154 213 0
      vertex 154 206 4
      vertex 154 206 0
    endloop
  endfacet
  facet normal 0.946625 -0.322337 0
    outer loop
      vertex 153.543 203.704 4
      vertex 153.796 204.447 0
      vertex 153.796 204.447 4
    endloop
  endfacet
  facet normal 0.946625 -0.322337 0
    outer loop
      vertex 153.796 204.447 0
      vertex 153.543 203.704 4
      vertex 153.543 203.704 0
    endloop
  endfacet
  facet normal 0 -1 0
    outer loop
      vertex 17.2277 200 0
      vertex 64.2 200 4
      vertex 17.2277 200 4
    endloop
  endfacet
  facet normal 0 -1 -0
    outer loop
      vertex 64.2 200 4
      vertex 17.2277 200 0
      vertex 64.2 200 0
    endloop
  endfacet
  facet normal 0 -1 0
    outer loop
      vertex 89.8 200 0
      vertex 136.772 200 4
      vertex 89.8 200 4
    endloop
  endfacet
  facet normal 0 -1 -0
    outer loop
      vertex 136.772 200 4
      vertex 89.8 200 0
      vertex 136.772 200 0
    endloop
  endfacet
  facet normal -0.555541 -0.831489 0
    outer loop
      vertex 2.34743 201.24 0
      vertex 3 200.804 4
      vertex 2.34743 201.24 4
    endloop
  endfacet
  facet normal -0.555541 -0.831489 -0
    outer loop
      vertex 3 200.804 4
      vertex 2.34743 201.24 0
      vertex 3 200.804 0
    endloop
  endfacet
  facet normal -1 0 0
    outer loop
      vertex 0 206 0
      vertex 0 213 4
      vertex 0 213 0
    endloop
  endfacet
  facet normal -1 -0 0
    outer loop
      vertex 0 213 4
      vertex 0 206 0
      vertex 0 206 4
    endloop
  endfacet
  facet normal 0.896961 -0.44211 0
    outer loop
      vertex 153.196 203 4
      vertex 153.543 203.704 0
      vertex 153.543 203.704 4
    endloop
  endfacet
  facet normal 0.896961 -0.44211 0
    outer loop
      vertex 153.543 203.704 0
      vertex 153.196 203 4
      vertex 153.196 203 0
    endloop
  endfacet
  facet normal -0.322772 -0.946477 0
    outer loop
      vertex 3.7039 200.457 0
      vertex 4.10563 200.32 4
      vertex 3.7039 200.457 4
    endloop
  endfacet
  facet normal -0.322772 -0.946477 -0
    outer loop
      vertex 4.10563 200.32 4
      vertex 3.7039 200.457 0
      vertex 4.10563 200.32 0
    endloop
  endfacet
  facet normal -0.44216 -0.896936 0
    outer loop
      vertex 3 200.804 0
      vertex 3.7039 200.457 4
      vertex 3 200.804 4
    endloop
  endfacet
  facet normal -0.44216 -0.896936 -0
    outer loop
      vertex 3.7039 200.457 4
      vertex 3 200.804 0
      vertex 3.7039 200.457 0
    endloop
  endfacet
  facet normal -0.830467 0.557068 0
    outer loop
      vertex 0.803847 216 0
      vertex 0.816592 216.019 4
      vertex 0.816592 216.019 0
    endloop
  endfacet
  facet normal -0.830467 0.557068 0
    outer loop
      vertex 0.816592 216.019 4
      vertex 0.803847 216 0
      vertex 0.803847 216 4
    endloop
  endfacet
  facet normal 0.752103 -0.659046 0
    outer loop
      vertex 152.243 201.757 4
      vertex 152.76 202.347 0
      vertex 152.76 202.347 4
    endloop
  endfacet
  facet normal 0.752103 -0.659046 0
    outer loop
      vertex 152.76 202.347 0
      vertex 152.243 201.757 4
      vertex 152.243 201.757 0
    endloop
  endfacet
  facet normal -0.896898 -0.442238 0
    outer loop
      vertex 0.803847 203 0
      vertex 0.456722 203.704 4
      vertex 0.456722 203.704 0
    endloop
  endfacet
  facet normal -0.896898 -0.442238 0
    outer loop
      vertex 0.456722 203.704 4
      vertex 0.803847 203 0
      vertex 0.803847 203 4
    endloop
  endfacet
  facet normal 0.659046 -0.752103 0
    outer loop
      vertex 151.653 201.24 0
      vertex 152.243 201.757 4
      vertex 151.653 201.24 4
    endloop
  endfacet
  facet normal 0.659046 -0.752103 0
    outer loop
      vertex 152.243 201.757 4
      vertex 151.653 201.24 0
      vertex 152.243 201.757 0
    endloop
  endfacet
  facet normal 0.896961 0.44211 0
    outer loop
      vertex 153.543 215.296 4
      vertex 153.196 216 0
      vertex 153.196 216 4
    endloop
  endfacet
  facet normal 0.896961 0.44211 0
    outer loop
      vertex 153.196 216 0
      vertex 153.543 215.296 4
      vertex 153.543 215.296 0
    endloop
  endfacet
  facet normal -0.980797 -0.195031 0
    outer loop
      vertex 0.204445 204.447 0
      vertex 0.0513306 205.217 4
      vertex 0.0513306 205.217 0
    endloop
  endfacet
  facet normal -0.980797 -0.195031 0
    outer loop
      vertex 0.0513306 205.217 4
      vertex 0.204445 204.447 0
      vertex 0.204445 204.447 4
    endloop
  endfacet
  facet normal 0.555288 -0.831658 0
    outer loop
      vertex 151 200.804 0
      vertex 151.653 201.24 4
      vertex 151 200.804 4
    endloop
  endfacet
  facet normal 0.555288 -0.831658 0
    outer loop
      vertex 151.653 201.24 4
      vertex 151 200.804 0
      vertex 151.653 201.24 0
    endloop
  endfacet
  facet normal -0.980797 0.195031 0
    outer loop
      vertex 0.0513306 213.783 0
      vertex 0.204445 214.553 4
      vertex 0.204445 214.553 0
    endloop
  endfacet
  facet normal -0.980797 0.195031 0
    outer loop
      vertex 0.204445 214.553 4
      vertex 0.0513306 213.783 0
      vertex 0.0513306 213.783 4
    endloop
  endfacet
  facet normal 0.997886 0.0649964 0
    outer loop
      vertex 154 213 4
      vertex 153.949 213.783 0
      vertex 153.949 213.783 4
    endloop
  endfacet
  facet normal 0.997886 0.0649964 0
    outer loop
      vertex 153.949 213.783 0
      vertex 154 213 4
      vertex 154 213 0
    endloop
  endfacet
  facet normal -0.831639 -0.555317 0
    outer loop
      vertex 1.23988 202.347 0
      vertex 0.803847 203 4
      vertex 0.803847 203 0
    endloop
  endfacet
  facet normal -0.831639 -0.555317 0
    outer loop
      vertex 0.803847 203 4
      vertex 1.23988 202.347 0
      vertex 1.23988 202.347 4
    endloop
  endfacet
  facet normal 0.980825 0.194891 0
    outer loop
      vertex 153.949 213.783 4
      vertex 153.796 214.553 0
      vertex 153.796 214.553 4
    endloop
  endfacet
  facet normal 0.980825 0.194891 0
    outer loop
      vertex 153.796 214.553 0
      vertex 153.949 213.783 4
      vertex 153.949 213.783 0
    endloop
  endfacet
  facet normal 0.946625 0.322337 0
    outer loop
      vertex 153.796 214.553 4
      vertex 153.543 215.296 0
      vertex 153.543 215.296 4
    endloop
  endfacet
  facet normal 0.946625 0.322337 0
    outer loop
      vertex 153.543 215.296 0
      vertex 153.796 214.553 4
      vertex 153.796 214.553 0
    endloop
  endfacet
  facet normal -0.896898 0.442238 0
    outer loop
      vertex 0.456722 215.296 0
      vertex 0.803847 216 4
      vertex 0.803847 216 0
    endloop
  endfacet
  facet normal -0.896898 0.442238 0
    outer loop
      vertex 0.803847 216 4
      vertex 0.456722 215.296 0
      vertex 0.456722 215.296 4
    endloop
  endfacet
  facet normal -0.997858 -0.0654159 0
    outer loop
      vertex 0.0513306 205.217 0
      vertex 0 206 4
      vertex 0 206 0
    endloop
  endfacet
  facet normal -0.997858 -0.0654159 0
    outer loop
      vertex 0 206 4
      vertex 0.0513306 205.217 0
      vertex 0.0513306 205.217 4
    endloop
  endfacet
  facet normal 0.997886 -0.0649964 0
    outer loop
      vertex 153.949 205.217 4
      vertex 154 206 0
      vertex 154 206 4
    endloop
  endfacet
  facet normal 0.997886 -0.0649964 0
    outer loop
      vertex 154 206 0
      vertex 153.949 205.217 4
      vertex 153.949 205.217 0
    endloop
  endfacet
  facet normal -0.997858 0.0654159 0
    outer loop
      vertex 0 213 0
      vertex 0.0513306 213.783 4
      vertex 0.0513306 213.783 0
    endloop
  endfacet
  facet normal -0.997858 0.0654159 0
    outer loop
      vertex 0.0513306 213.783 4
      vertex 0 213 0
      vertex 0 213 4
    endloop
  endfacet
  facet normal 0.322578 -0.946543 0
    outer loop
      vertex 149.894 200.32 0
      vertex 150.296 200.457 4
      vertex 149.894 200.32 4
    endloop
  endfacet
  facet normal 0.322578 -0.946543 0
    outer loop
      vertex 150.296 200.457 4
      vertex 149.894 200.32 0
      vertex 150.296 200.457 0
    endloop
  endfacet
  facet normal 0.44211 -0.896961 0
    outer loop
      vertex 150.296 200.457 0
      vertex 151 200.804 4
      vertex 150.296 200.457 4
    endloop
  endfacet
  facet normal 0.44211 -0.896961 0
    outer loop
      vertex 151 200.804 4
      vertex 150.296 200.457 0
      vertex 151 200.804 0
    endloop
  endfacet
  facet normal 0.980825 -0.194891 0
    outer loop
      vertex 153.796 204.447 4
      vertex 153.949 205.217 0
      vertex 153.949 205.217 4
    endloop
  endfacet
  facet normal 0.980825 -0.194891 0
    outer loop
      vertex 153.949 205.217 0
      vertex 153.796 204.447 4
      vertex 153.796 204.447 0
    endloop
  endfacet
  facet normal -0.751799 -0.659392 0
    outer loop
      vertex 1.75736 201.757 0
      vertex 1.23988 202.347 4
      vertex 1.23988 202.347 0
    endloop
  endfacet
  facet normal -0.751799 -0.659392 0
    outer loop
      vertex 1.23988 202.347 4
      vertex 1.75736 201.757 0
      vertex 1.75736 201.757 4
    endloop
  endfacet
  facet normal -0.946906 -0.321511 0
    outer loop
      vertex 0.456722 203.704 0
      vertex 0.204445 204.447 4
      vertex 0.204445 204.447 0
    endloop
  endfacet
  facet normal -0.946906 -0.321511 0
    outer loop
      vertex 0.204445 204.447 4
      vertex 0.456722 203.704 0
      vertex 0.456722 203.704 4
    endloop
  endfacet
  facet normal -0.946906 0.321511 0
    outer loop
      vertex 0.204445 214.553 0
      vertex 0.456722 215.296 4
      vertex 0.456722 215.296 0
    endloop
  endfacet
  facet normal -0.946906 0.321511 0
    outer loop
      vertex 0.456722 215.296 4
      vertex 0.204445 214.553 0
      vertex 0.204445 214.553 4
    endloop
  endfacet
  facet normal 0.831658 -0.555288 0
    outer loop
      vertex 152.76 202.347 4
      vertex 153.196 203 0
      vertex 153.196 203 4
    endloop
  endfacet
  facet normal 0.831658 -0.555288 0
    outer loop
      vertex 153.196 203 0
      vertex 152.76 202.347 4
      vertex 152.76 202.347 0
    endloop
  endfacet
  facet normal 0.191691 0.981455 -0
    outer loop
      vertex 153.259 218.966 0
      vertex 153.131 218.991 8
      vertex 153.259 218.966 8
    endloop
  endfacet
  facet normal 0.191691 0.981455 0
    outer loop
      vertex 153.131 218.991 8
      vertex 153.259 218.966 0
      vertex 153.131 218.991 0
    endloop
  endfacet
  facet normal 0.830876 0.556458 0
    outer loop
      vertex 153.866 218.5 8
      vertex 153.793 218.609 0
      vertex 153.793 218.609 8
    endloop
  endfacet
  facet normal 0.830876 0.556458 0
    outer loop
      vertex 153.793 218.609 0
      vertex 153.866 218.5 8
      vertex 153.866 218.5 0
    endloop
  endfacet
  facet normal -0.443187 -0.896429 0
    outer loop
      vertex 0.5 216.134 0
      vertex 0.617316 216.076 8
      vertex 0.5 216.134 8
    endloop
  endfacet
  facet normal -0.443187 -0.896429 -0
    outer loop
      vertex 0.617316 216.076 8
      vertex 0.5 216.134 0
      vertex 0.617316 216.076 0
    endloop
  endfacet
  facet normal -0.0687879 -0.997631 0
    outer loop
      vertex 0.869473 216.009 4
      vertex 1 216 8
      vertex 0.869473 216.009 8
    endloop
  endfacet
  facet normal -0.0687879 -0.997631 -0
    outer loop
      vertex 1 216 8
      vertex 0.869473 216.009 4
      vertex 1 216 4
    endloop
  endfacet
  facet normal 0.0685407 0.997648 -0
    outer loop
      vertex 153.131 218.991 0
      vertex 153 219 8
      vertex 153.131 218.991 8
    endloop
  endfacet
  facet normal 0.0685407 0.997648 0
    outer loop
      vertex 153 219 8
      vertex 153.131 218.991 0
      vertex 153 219 0
    endloop
  endfacet
  facet normal -0.980699 0.195522 0
    outer loop
      vertex 0.00855446 218.131 0
      vertex 0.0340738 218.259 8
      vertex 0.0340738 218.259 0
    endloop
  endfacet
  facet normal -0.980699 0.195522 0
    outer loop
      vertex 0.0340738 218.259 8
      vertex 0.00855446 218.131 0
      vertex 0.00855446 218.131 8
    endloop
  endfacet
  facet normal -1 0 0
    outer loop
      vertex 0 217 0
      vertex 0 218 8
      vertex 0 218 0
    endloop
  endfacet
  facet normal -1 -0 0
    outer loop
      vertex 0 218 8
      vertex 0 217 0
      vertex 0 217 8
    endloop
  endfacet
  facet normal -0.658276 0.752777 0
    outer loop
      vertex 0.391238 218.793 0
      vertex 0.292892 218.707 8
      vertex 0.391238 218.793 8
    endloop
  endfacet
  facet normal -0.658276 0.752777 0
    outer loop
      vertex 0.292892 218.707 8
      vertex 0.391238 218.793 0
      vertex 0.292892 218.707 0
    endloop
  endfacet
  facet normal -0.321123 -0.947038 0
    outer loop
      vertex 0.617316 216.076 0
      vertex 0.74118 216.034 8
      vertex 0.617316 216.076 8
    endloop
  endfacet
  facet normal -0.321123 -0.947038 -0
    outer loop
      vertex 0.74118 216.034 8
      vertex 0.617316 216.076 0
      vertex 0.74118 216.034 0
    endloop
  endfacet
  facet normal 0.751626 0.65959 0
    outer loop
      vertex 153.793 218.609 8
      vertex 153.707 218.707 0
      vertex 153.707 218.707 8
    endloop
  endfacet
  facet normal 0.751626 0.65959 0
    outer loop
      vertex 153.707 218.707 0
      vertex 153.793 218.609 8
      vertex 153.793 218.609 0
    endloop
  endfacet
  facet normal 0 -1 0
    outer loop
      vertex 1 216 4
      vertex 61.7 216 8
      vertex 1 216 8
    endloop
  endfacet
  facet normal 0 -1 -0
    outer loop
      vertex 61.7 216 8
      vertex 1 216 4
      vertex 61.7 216 4
    endloop
  endfacet
  facet normal 0 -1 0
    outer loop
      vertex 92.3 216 4
      vertex 153 216 8
      vertex 92.3 216 8
    endloop
  endfacet
  facet normal 0 -1 -0
    outer loop
      vertex 153 216 8
      vertex 92.3 216 4
      vertex 153 216 4
    endloop
  endfacet
  facet normal 0.981455 0.191691 0
    outer loop
      vertex 153.991 218.131 8
      vertex 153.966 218.259 0
      vertex 153.966 218.259 8
    endloop
  endfacet
  facet normal 0.981455 0.191691 0
    outer loop
      vertex 153.966 218.259 0
      vertex 153.991 218.131 8
      vertex 153.991 218.131 0
    endloop
  endfacet
  facet normal 0.895953 0.444148 0
    outer loop
      vertex 153.924 218.383 8
      vertex 153.866 218.5 0
      vertex 153.866 218.5 8
    endloop
  endfacet
  facet normal 0.895953 0.444148 0
    outer loop
      vertex 153.866 218.5 0
      vertex 153.924 218.383 8
      vertex 153.924 218.383 0
    endloop
  endfacet
  facet normal 1 -0 0
    outer loop
      vertex 154 217 8
      vertex 154 218 0
      vertex 154 218 8
    endloop
  endfacet
  facet normal 1 0 0
    outer loop
      vertex 154 218 0
      vertex 154 217 8
      vertex 154 217 0
    endloop
  endfacet
  facet normal -0.896399 0.443247 0
    outer loop
      vertex 0.0761204 218.383 0
      vertex 0.133974 218.5 8
      vertex 0.133974 218.5 0
    endloop
  endfacet
  facet normal -0.896399 0.443247 0
    outer loop
      vertex 0.133974 218.5 8
      vertex 0.0761204 218.383 0
      vertex 0.0761204 218.383 8
    endloop
  endfacet
  facet normal 0.997648 -0.0685407 0
    outer loop
      vertex 153.991 216.869 8
      vertex 154 217 0
      vertex 154 217 8
    endloop
  endfacet
  facet normal 0.997648 -0.0685407 0
    outer loop
      vertex 154 217 0
      vertex 153.991 216.869 8
      vertex 153.991 216.869 0
    endloop
  endfacet
  facet normal 0.65959 -0.751626 0
    outer loop
      vertex 153.609 216.207 0
      vertex 153.707 216.293 8
      vertex 153.609 216.207 8
    endloop
  endfacet
  facet normal 0.65959 -0.751626 0
    outer loop
      vertex 153.707 216.293 8
      vertex 153.609 216.207 0
      vertex 153.707 216.293 0
    endloop
  endfacet
  facet normal -0.191269 0.981538 0
    outer loop
      vertex 0.869473 218.991 0
      vertex 0.74118 218.966 8
      vertex 0.869473 218.991 8
    endloop
  endfacet
  facet normal -0.191269 0.981538 0
    outer loop
      vertex 0.74118 218.966 8
      vertex 0.869473 218.991 0
      vertex 0.74118 218.966 0
    endloop
  endfacet
  facet normal 0.981455 -0.191691 0
    outer loop
      vertex 153.966 216.741 8
      vertex 153.991 216.869 0
      vertex 153.991 216.869 8
    endloop
  endfacet
  facet normal 0.981455 -0.191691 0
    outer loop
      vertex 153.991 216.869 0
      vertex 153.966 216.741 8
      vertex 153.966 216.741 0
    endloop
  endfacet
  facet normal 0.895953 -0.444148 0
    outer loop
      vertex 153.866 216.5 8
      vertex 153.924 216.617 0
      vertex 153.924 216.617 8
    endloop
  endfacet
  facet normal 0.895953 -0.444148 0
    outer loop
      vertex 153.924 216.617 0
      vertex 153.866 216.5 8
      vertex 153.866 216.5 0
    endloop
  endfacet
  facet normal -0.896399 -0.443247 0
    outer loop
      vertex 0.133974 216.5 0
      vertex 0.0761204 216.617 8
      vertex 0.0761204 216.617 0
    endloop
  endfacet
  facet normal -0.896399 -0.443247 0
    outer loop
      vertex 0.0761204 216.617 8
      vertex 0.133974 216.5 0
      vertex 0.133974 216.5 8
    endloop
  endfacet
  facet normal 0.947145 -0.320807 0
    outer loop
      vertex 153.924 216.617 8
      vertex 153.966 216.741 0
      vertex 153.966 216.741 8
    endloop
  endfacet
  facet normal 0.947145 -0.320807 0
    outer loop
      vertex 153.966 216.741 0
      vertex 153.924 216.617 8
      vertex 153.924 216.617 0
    endloop
  endfacet
  facet normal 0.556458 0.830876 -0
    outer loop
      vertex 153.609 218.793 0
      vertex 153.5 218.866 8
      vertex 153.609 218.793 8
    endloop
  endfacet
  facet normal 0.556458 0.830876 0
    outer loop
      vertex 153.5 218.866 8
      vertex 153.609 218.793 0
      vertex 153.5 218.866 0
    endloop
  endfacet
  facet normal 0.65959 0.751626 -0
    outer loop
      vertex 153.707 218.707 0
      vertex 153.609 218.793 8
      vertex 153.707 218.707 8
    endloop
  endfacet
  facet normal 0.65959 0.751626 0
    outer loop
      vertex 153.609 218.793 8
      vertex 153.707 218.707 0
      vertex 153.609 218.793 0
    endloop
  endfacet
  facet normal 0.444148 0.895953 -0
    outer loop
      vertex 153.5 218.866 0
      vertex 153.383 218.924 8
      vertex 153.5 218.866 8
    endloop
  endfacet
  facet normal 0.444148 0.895953 0
    outer loop
      vertex 153.383 218.924 8
      vertex 153.5 218.866 0
      vertex 153.383 218.924 0
    endloop
  endfacet
  facet normal 0.320807 0.947145 -0
    outer loop
      vertex 153.383 218.924 0
      vertex 153.259 218.966 8
      vertex 153.383 218.924 8
    endloop
  endfacet
  facet normal 0.320807 0.947145 0
    outer loop
      vertex 153.259 218.966 8
      vertex 153.383 218.924 0
      vertex 153.259 218.966 0
    endloop
  endfacet
  facet normal 0.997648 0.0685407 0
    outer loop
      vertex 154 218 8
      vertex 153.991 218.131 0
      vertex 153.991 218.131 8
    endloop
  endfacet
  facet normal 0.997648 0.0685407 0
    outer loop
      vertex 153.991 218.131 0
      vertex 154 218 8
      vertex 154 218 0
    endloop
  endfacet
  facet normal -0.980699 -0.195522 0
    outer loop
      vertex 0.0340738 216.741 0
      vertex 0.00855446 216.869 8
      vertex 0.00855446 216.869 0
    endloop
  endfacet
  facet normal -0.980699 -0.195522 0
    outer loop
      vertex 0.00855446 216.869 8
      vertex 0.0340738 216.741 0
      vertex 0.0340738 216.741 8
    endloop
  endfacet
  facet normal 0.947145 0.320807 0
    outer loop
      vertex 153.966 218.259 8
      vertex 153.924 218.383 0
      vertex 153.924 218.383 8
    endloop
  endfacet
  facet normal 0.947145 0.320807 0
    outer loop
      vertex 153.924 218.383 0
      vertex 153.966 218.259 8
      vertex 153.966 218.259 0
    endloop
  endfacet
  facet normal -0.750691 0.660654 0
    outer loop
      vertex 0.206646 218.609 0
      vertex 0.292892 218.707 8
      vertex 0.292892 218.707 0
    endloop
  endfacet
  facet normal -0.750691 0.660654 0
    outer loop
      vertex 0.292892 218.707 8
      vertex 0.206646 218.609 0
      vertex 0.206646 218.609 8
    endloop
  endfacet
  facet normal -0.557298 -0.830313 0
    outer loop
      vertex 0.391238 216.207 0
      vertex 0.5 216.134 8
      vertex 0.391238 216.207 8
    endloop
  endfacet
  facet normal -0.557298 -0.830313 -0
    outer loop
      vertex 0.5 216.134 8
      vertex 0.391238 216.207 0
      vertex 0.5 216.134 0
    endloop
  endfacet
  facet normal 0.830876 -0.556458 0
    outer loop
      vertex 153.793 216.391 8
      vertex 153.866 216.5 0
      vertex 153.866 216.5 8
    endloop
  endfacet
  facet normal 0.830876 -0.556458 0
    outer loop
      vertex 153.866 216.5 0
      vertex 153.793 216.391 8
      vertex 153.793 216.391 0
    endloop
  endfacet
  facet normal -0.557298 0.830313 0
    outer loop
      vertex 0.5 218.866 0
      vertex 0.391238 218.793 8
      vertex 0.5 218.866 8
    endloop
  endfacet
  facet normal -0.557298 0.830313 0
    outer loop
      vertex 0.391238 218.793 8
      vertex 0.5 218.866 0
      vertex 0.391238 218.793 0
    endloop
  endfacet
  facet normal 0.556458 -0.830876 0
    outer loop
      vertex 153.5 216.134 0
      vertex 153.609 216.207 8
      vertex 153.5 216.134 8
    endloop
  endfacet
  facet normal 0.556458 -0.830876 0
    outer loop
      vertex 153.609 216.207 8
      vertex 153.5 216.134 0
      vertex 153.609 216.207 0
    endloop
  endfacet
  facet normal -0.947036 0.321126 0
    outer loop
      vertex 0.0340738 218.259 0
      vertex 0.0761204 218.383 8
      vertex 0.0761204 218.383 0
    endloop
  endfacet
  facet normal -0.947036 0.321126 0
    outer loop
      vertex 0.0761204 218.383 8
      vertex 0.0340738 218.259 0
      vertex 0.0340738 218.259 8
    endloop
  endfacet
  facet normal -0.947036 -0.321126 0
    outer loop
      vertex 0.0761204 216.617 0
      vertex 0.0340738 216.741 8
      vertex 0.0340738 216.741 0
    endloop
  endfacet
  facet normal -0.947036 -0.321126 0
    outer loop
      vertex 0.0340738 216.741 8
      vertex 0.0761204 216.617 0
      vertex 0.0761204 216.617 8
    endloop
  endfacet
  facet normal 0.188847 -0.982006 0
    outer loop
      vertex 153.183 216.019 4
      vertex 153.131 216.009 8
      vertex 153.131 216.009 4
    endloop
  endfacet
  facet normal 0.191691 -0.981455 3.83381e-05
    outer loop
      vertex 153.131 216.009 8
      vertex 153.183 216.019 4
      vertex 153.259 216.034 8
    endloop
  endfacet
  facet normal 0.193633 -0.981074 0
    outer loop
      vertex 153.259 216.034 0
      vertex 153.183 216.019 4
      vertex 153.183 216.019 0
    endloop
  endfacet
  facet normal 0.193633 -0.981074 0
    outer loop
      vertex 153.183 216.019 4
      vertex 153.259 216.034 0
      vertex 153.259 216.034 8
    endloop
  endfacet
  facet normal -0.321123 0.947038 0
    outer loop
      vertex 0.74118 218.966 0
      vertex 0.617316 218.924 8
      vertex 0.74118 218.966 8
    endloop
  endfacet
  facet normal -0.321123 0.947038 0
    outer loop
      vertex 0.617316 218.924 8
      vertex 0.74118 218.966 0
      vertex 0.617316 218.924 0
    endloop
  endfacet
  facet normal -0.997875 -0.0651624 0
    outer loop
      vertex 0.00855446 216.869 0
      vertex 0 217 8
      vertex 0 217 0
    endloop
  endfacet
  facet normal -0.997875 -0.0651624 0
    outer loop
      vertex 0 217 8
      vertex 0.00855446 216.869 0
      vertex 0.00855446 216.869 8
    endloop
  endfacet
  facet normal 0.0685407 -0.997648 0
    outer loop
      vertex 153 216 4
      vertex 153.131 216.009 8
      vertex 153 216 8
    endloop
  endfacet
  facet normal 0.0685407 -0.997648 0
    outer loop
      vertex 153.131 216.009 8
      vertex 153 216 4
      vertex 153.131 216.009 4
    endloop
  endfacet
  facet normal -0.832032 -0.554728 0
    outer loop
      vertex 0.206646 216.391 0
      vertex 0.133974 216.5 8
      vertex 0.133974 216.5 0
    endloop
  endfacet
  facet normal -0.832032 -0.554728 0
    outer loop
      vertex 0.133974 216.5 8
      vertex 0.206646 216.391 0
      vertex 0.206646 216.391 8
    endloop
  endfacet
  facet normal -0.997875 0.0651624 0
    outer loop
      vertex 0 218 0
      vertex 0.00855446 218.131 8
      vertex 0.00855446 218.131 0
    endloop
  endfacet
  facet normal -0.997875 0.0651624 0
    outer loop
      vertex 0.00855446 218.131 8
      vertex 0 218 0
      vertex 0 218 8
    endloop
  endfacet
  facet normal -0.443187 0.896429 0
    outer loop
      vertex 0.617316 218.924 0
      vertex 0.5 218.866 8
      vertex 0.617316 218.924 8
    endloop
  endfacet
  facet normal -0.443187 0.896429 0
    outer loop
      vertex 0.5 218.866 8
      vertex 0.617316 218.924 0
      vertex 0.5 218.866 0
    endloop
  endfacet
  facet normal 0.320807 -0.947145 0
    outer loop
      vertex 153.259 216.034 0
      vertex 153.383 216.076 8
      vertex 153.259 216.034 8
    endloop
  endfacet
  facet normal 0.320807 -0.947145 0
    outer loop
      vertex 153.383 216.076 8
      vertex 153.259 216.034 0
      vertex 153.383 216.076 0
    endloop
  endfacet
  facet normal -0.750691 -0.660654 0
    outer loop
      vertex 0.292892 216.293 0
      vertex 0.206646 216.391 8
      vertex 0.206646 216.391 0
    endloop
  endfacet
  facet normal -0.750691 -0.660654 0
    outer loop
      vertex 0.206646 216.391 8
      vertex 0.292892 216.293 0
      vertex 0.292892 216.293 8
    endloop
  endfacet
  facet normal 0.751626 -0.65959 0
    outer loop
      vertex 153.707 216.293 8
      vertex 153.793 216.391 0
      vertex 153.793 216.391 8
    endloop
  endfacet
  facet normal 0.751626 -0.65959 0
    outer loop
      vertex 153.793 216.391 0
      vertex 153.707 216.293 8
      vertex 153.707 216.293 0
    endloop
  endfacet
  facet normal -0.658276 -0.752777 0
    outer loop
      vertex 0.292892 216.293 0
      vertex 0.391238 216.207 8
      vertex 0.292892 216.293 8
    endloop
  endfacet
  facet normal -0.658276 -0.752777 -0
    outer loop
      vertex 0.391238 216.207 8
      vertex 0.292892 216.293 0
      vertex 0.391238 216.207 0
    endloop
  endfacet
  facet normal -0.0687879 0.997631 0
    outer loop
      vertex 1 219 0
      vertex 0.869473 218.991 8
      vertex 1 219 8
    endloop
  endfacet
  facet normal -0.0687879 0.997631 0
    outer loop
      vertex 0.869473 218.991 8
      vertex 1 219 0
      vertex 0.869473 218.991 0
    endloop
  endfacet
  facet normal -0.832032 0.554728 0
    outer loop
      vertex 0.133974 218.5 0
      vertex 0.206646 218.609 8
      vertex 0.206646 218.609 0
    endloop
  endfacet
  facet normal -0.832032 0.554728 0
    outer loop
      vertex 0.206646 218.609 8
      vertex 0.133974 218.5 0
      vertex 0.133974 218.5 8
    endloop
  endfacet
  facet normal -0.191269 -0.981538 7.47765e-05
    outer loop
      vertex 0.74118 216.034 8
      vertex 0.816592 216.019 4
      vertex 0.869473 216.009 8
    endloop
  endfacet
  facet normal -0.195086 -0.980786 0
    outer loop
      vertex 0.74118 216.034 0
      vertex 0.816592 216.019 4
      vertex 0.74118 216.034 8
    endloop
  endfacet
  facet normal -0.195086 -0.980786 -0
    outer loop
      vertex 0.816592 216.019 4
      vertex 0.74118 216.034 0
      vertex 0.816592 216.019 0
    endloop
  endfacet
  facet normal -0.185811 -0.982586 -0
    outer loop
      vertex 0.869473 216.009 8
      vertex 0.816592 216.019 4
      vertex 0.869473 216.009 4
    endloop
  endfacet
  facet normal 0.444148 -0.895953 0
    outer loop
      vertex 153.383 216.076 0
      vertex 153.5 216.134 8
      vertex 153.383 216.076 8
    endloop
  endfacet
  facet normal 0.444148 -0.895953 0
    outer loop
      vertex 153.5 216.134 8
      vertex 153.383 216.076 0
      vertex 153.5 216.134 0
    endloop
  endfacet
  facet normal 0.191691 0.981455 -0
    outer loop
      vertex 153.259 228.966 0
      vertex 153.131 228.991 19
      vertex 153.259 228.966 19
    endloop
  endfacet
  facet normal 0.191691 0.981455 0
    outer loop
      vertex 153.131 228.991 19
      vertex 153.259 228.966 0
      vertex 153.131 228.991 0
    endloop
  endfacet
  facet normal 0.830876 0.556458 0
    outer loop
      vertex 153.866 228.5 19
      vertex 153.793 228.609 0
      vertex 153.793 228.609 19
    endloop
  endfacet
  facet normal 0.830876 0.556458 0
    outer loop
      vertex 153.793 228.609 0
      vertex 153.866 228.5 19
      vertex 153.866 228.5 0
    endloop
  endfacet
  facet normal -0.0687879 -0.997631 0
    outer loop
      vertex 0.869473 226.009 0
      vertex 1 226 19
      vertex 0.869473 226.009 19
    endloop
  endfacet
  facet normal -0.0687879 -0.997631 -0
    outer loop
      vertex 1 226 19
      vertex 0.869473 226.009 0
      vertex 1 226 0
    endloop
  endfacet
  facet normal 0.0685407 0.997648 -0
    outer loop
      vertex 153.131 228.991 0
      vertex 153 229 19
      vertex 153.131 228.991 19
    endloop
  endfacet
  facet normal 0.0685407 0.997648 0
    outer loop
      vertex 153 229 19
      vertex 153.131 228.991 0
      vertex 153 229 0
    endloop
  endfacet
  facet normal -0.980699 0.195522 0
    outer loop
      vertex 0.00855446 228.131 0
      vertex 0.0340738 228.259 19
      vertex 0.0340738 228.259 0
    endloop
  endfacet
  facet normal -0.980699 0.195522 0
    outer loop
      vertex 0.0340738 228.259 19
      vertex 0.00855446 228.131 0
      vertex 0.00855446 228.131 19
    endloop
  endfacet
  facet normal -1 0 0
    outer loop
      vertex 0 227 0
      vertex 0 228 19
      vertex 0 228 0
    endloop
  endfacet
  facet normal -1 -0 0
    outer loop
      vertex 0 228 19
      vertex 0 227 0
      vertex 0 227 19
    endloop
  endfacet
  facet normal -0.658276 0.752777 0
    outer loop
      vertex 0.391238 228.793 0
      vertex 0.292892 228.707 19
      vertex 0.391238 228.793 19
    endloop
  endfacet
  facet normal -0.658276 0.752777 0
    outer loop
      vertex 0.292892 228.707 19
      vertex 0.391238 228.793 0
      vertex 0.292892 228.707 0
    endloop
  endfacet
  facet normal 0 1 -0
    outer loop
      vertex 153 229 0
      vertex 1 229 19
      vertex 153 229 19
    endloop
  endfacet
  facet normal 0 1 0
    outer loop
      vertex 1 229 19
      vertex 153 229 0
      vertex 1 229 0
    endloop
  endfacet
  facet normal -0.321123 -0.947038 0
    outer loop
      vertex 0.617316 226.076 0
      vertex 0.74118 226.034 19
      vertex 0.617316 226.076 19
    endloop
  endfacet
  facet normal -0.321123 -0.947038 -0
    outer loop
      vertex 0.74118 226.034 19
      vertex 0.617316 226.076 0
      vertex 0.74118 226.034 0
    endloop
  endfacet
  facet normal 0.751626 0.65959 0
    outer loop
      vertex 153.793 228.609 19
      vertex 153.707 228.707 0
      vertex 153.707 228.707 19
    endloop
  endfacet
  facet normal 0.751626 0.65959 0
    outer loop
      vertex 153.707 228.707 0
      vertex 153.793 228.609 19
      vertex 153.793 228.609 0
    endloop
  endfacet
  facet normal 0 -1 0
    outer loop
      vertex 100.478 226 0
      vertex 131.48 226 8
      vertex 100.478 226 8
    endloop
  endfacet
  facet normal 0 -1 -0
    outer loop
      vertex 131.48 226 8
      vertex 100.478 226 0
      vertex 131.48 226 0
    endloop
  endfacet
  facet normal 0 -1 0
    outer loop
      vertex 58.4778 226 0
      vertex 97.4804 226 8
      vertex 58.4778 226 8
    endloop
  endfacet
  facet normal 0 -1 -0
    outer loop
      vertex 97.4804 226 8
      vertex 58.4778 226 0
      vertex 97.4804 226 0
    endloop
  endfacet
  facet normal 0 -1 0
    outer loop
      vertex 24.4778 226 0
      vertex 55.4804 226 8
      vertex 24.4778 226 8
    endloop
  endfacet
  facet normal 0 -1 -0
    outer loop
      vertex 55.4804 226 8
      vertex 24.4778 226 0
      vertex 55.4804 226 0
    endloop
  endfacet
  facet normal 0 -1 0
    outer loop
      vertex 24.4778 226 8
      vertex 1 226 19
      vertex 21.4804 226 8
    endloop
  endfacet
  facet normal 0 -1 0
    outer loop
      vertex 1 226 0
      vertex 21.4804 226 8
      vertex 1 226 19
    endloop
  endfacet
  facet normal 0 -1 -0
    outer loop
      vertex 21.4804 226 8
      vertex 1 226 0
      vertex 21.4804 226 0
    endloop
  endfacet
  facet normal 0 -1 0
    outer loop
      vertex 55.4804 226 8
      vertex 1 226 19
      vertex 24.4778 226 8
    endloop
  endfacet
  facet normal 0 -1 0
    outer loop
      vertex 58.4778 226 8
      vertex 1 226 19
      vertex 55.4804 226 8
    endloop
  endfacet
  facet normal 0 -1 0
    outer loop
      vertex 1 226 19
      vertex 58.4778 226 8
      vertex 153 226 19
    endloop
  endfacet
  facet normal 0 -1 0
    outer loop
      vertex 97.4804 226 8
      vertex 153 226 19
      vertex 58.4778 226 8
    endloop
  endfacet
  facet normal 0 -1 0
    outer loop
      vertex 100.478 226 8
      vertex 153 226 19
      vertex 97.4804 226 8
    endloop
  endfacet
  facet normal 0 -1 0
    outer loop
      vertex 131.48 226 8
      vertex 153 226 19
      vertex 100.478 226 8
    endloop
  endfacet
  facet normal 0 -1 0
    outer loop
      vertex 134.478 226 8
      vertex 153 226 19
      vertex 131.48 226 8
    endloop
  endfacet
  facet normal 0 -1 0
    outer loop
      vertex 153 226 0
      vertex 134.478 226 8
      vertex 134.478 226 0
    endloop
  endfacet
  facet normal 0 -1 0
    outer loop
      vertex 134.478 226 8
      vertex 153 226 0
      vertex 153 226 19
    endloop
  endfacet
  facet normal 0.981455 0.191691 0
    outer loop
      vertex 153.991 228.131 19
      vertex 153.966 228.259 0
      vertex 153.966 228.259 19
    endloop
  endfacet
  facet normal 0.981455 0.191691 0
    outer loop
      vertex 153.966 228.259 0
      vertex 153.991 228.131 19
      vertex 153.991 228.131 0
    endloop
  endfacet
  facet normal 0.895953 0.444148 0
    outer loop
      vertex 153.924 228.383 19
      vertex 153.866 228.5 0
      vertex 153.866 228.5 19
    endloop
  endfacet
  facet normal 0.895953 0.444148 0
    outer loop
      vertex 153.866 228.5 0
      vertex 153.924 228.383 19
      vertex 153.924 228.383 0
    endloop
  endfacet
  facet normal 1 -0 0
    outer loop
      vertex 154 227 19
      vertex 154 228 0
      vertex 154 228 19
    endloop
  endfacet
  facet normal 1 0 0
    outer loop
      vertex 154 228 0
      vertex 154 227 19
      vertex 154 227 0
    endloop
  endfacet
  facet normal -0.896399 0.443247 0
    outer loop
      vertex 0.0761204 228.383 0
      vertex 0.133974 228.5 19
      vertex 0.133974 228.5 0
    endloop
  endfacet
  facet normal -0.896399 0.443247 0
    outer loop
      vertex 0.133974 228.5 19
      vertex 0.0761204 228.383 0
      vertex 0.0761204 228.383 19
    endloop
  endfacet
  facet normal 0.997648 -0.0685407 0
    outer loop
      vertex 153.991 226.869 19
      vertex 154 227 0
      vertex 154 227 19
    endloop
  endfacet
  facet normal 0.997648 -0.0685407 0
    outer loop
      vertex 154 227 0
      vertex 153.991 226.869 19
      vertex 153.991 226.869 0
    endloop
  endfacet
  facet normal 0.65959 -0.751626 0
    outer loop
      vertex 153.609 226.207 0
      vertex 153.707 226.293 19
      vertex 153.609 226.207 19
    endloop
  endfacet
  facet normal 0.65959 -0.751626 0
    outer loop
      vertex 153.707 226.293 19
      vertex 153.609 226.207 0
      vertex 153.707 226.293 0
    endloop
  endfacet
  facet normal -0.191269 0.981538 0
    outer loop
      vertex 0.869473 228.991 0
      vertex 0.74118 228.966 19
      vertex 0.869473 228.991 19
    endloop
  endfacet
  facet normal -0.191269 0.981538 0
    outer loop
      vertex 0.74118 228.966 19
      vertex 0.869473 228.991 0
      vertex 0.74118 228.966 0
    endloop
  endfacet
  facet normal 0.981455 -0.191691 0
    outer loop
      vertex 153.966 226.741 19
      vertex 153.991 226.869 0
      vertex 153.991 226.869 19
    endloop
  endfacet
  facet normal 0.981455 -0.191691 0
    outer loop
      vertex 153.991 226.869 0
      vertex 153.966 226.741 19
      vertex 153.966 226.741 0
    endloop
  endfacet
  facet normal 0.895953 -0.444148 0
    outer loop
      vertex 153.866 226.5 19
      vertex 153.924 226.617 0
      vertex 153.924 226.617 19
    endloop
  endfacet
  facet normal 0.895953 -0.444148 0
    outer loop
      vertex 153.924 226.617 0
      vertex 153.866 226.5 19
      vertex 153.866 226.5 0
    endloop
  endfacet
  facet normal -0.896399 -0.443247 0
    outer loop
      vertex 0.133974 226.5 0
      vertex 0.0761204 226.617 19
      vertex 0.0761204 226.617 0
    endloop
  endfacet
  facet normal -0.896399 -0.443247 0
    outer loop
      vertex 0.0761204 226.617 19
      vertex 0.133974 226.5 0
      vertex 0.133974 226.5 19
    endloop
  endfacet
  facet normal 0.947145 -0.320807 0
    outer loop
      vertex 153.924 226.617 19
      vertex 153.966 226.741 0
      vertex 153.966 226.741 19
    endloop
  endfacet
  facet normal 0.947145 -0.320807 0
    outer loop
      vertex 153.966 226.741 0
      vertex 153.924 226.617 19
      vertex 153.924 226.617 0
    endloop
  endfacet
  facet normal 0.556458 0.830876 -0
    outer loop
      vertex 153.609 228.793 0
      vertex 153.5 228.866 19
      vertex 153.609 228.793 19
    endloop
  endfacet
  facet normal 0.556458 0.830876 0
    outer loop
      vertex 153.5 228.866 19
      vertex 153.609 228.793 0
      vertex 153.5 228.866 0
    endloop
  endfacet
  facet normal 0.65959 0.751626 -0
    outer loop
      vertex 153.707 228.707 0
      vertex 153.609 228.793 19
      vertex 153.707 228.707 19
    endloop
  endfacet
  facet normal 0.65959 0.751626 0
    outer loop
      vertex 153.609 228.793 19
      vertex 153.707 228.707 0
      vertex 153.609 228.793 0
    endloop
  endfacet
  facet normal 0.444148 0.895953 -0
    outer loop
      vertex 153.5 228.866 0
      vertex 153.383 228.924 19
      vertex 153.5 228.866 19
    endloop
  endfacet
  facet normal 0.444148 0.895953 0
    outer loop
      vertex 153.383 228.924 19
      vertex 153.5 228.866 0
      vertex 153.383 228.924 0
    endloop
  endfacet
  facet normal 0.320807 0.947145 -0
    outer loop
      vertex 153.383 228.924 0
      vertex 153.259 228.966 19
      vertex 153.383 228.924 19
    endloop
  endfacet
  facet normal 0.320807 0.947145 0
    outer loop
      vertex 153.259 228.966 19
      vertex 153.383 228.924 0
      vertex 153.259 228.966 0
    endloop
  endfacet
  facet normal 0.997648 0.0685407 0
    outer loop
      vertex 154 228 19
      vertex 153.991 228.131 0
      vertex 153.991 228.131 19
    endloop
  endfacet
  facet normal 0.997648 0.0685407 0
    outer loop
      vertex 153.991 228.131 0
      vertex 154 228 19
      vertex 154 228 0
    endloop
  endfacet
  facet normal -0.997875 0.0651624 0
    outer loop
      vertex 0 228 0
      vertex 0.00855446 228.131 19
      vertex 0.00855446 228.131 0
    endloop
  endfacet
  facet normal -0.997875 0.0651624 0
    outer loop
      vertex 0.00855446 228.131 19
      vertex 0 228 0
      vertex 0 228 19
    endloop
  endfacet
  facet normal -0.980699 -0.195522 0
    outer loop
      vertex 0.0340738 226.741 0
      vertex 0.00855446 226.869 19
      vertex 0.00855446 226.869 0
    endloop
  endfacet
  facet normal -0.980699 -0.195522 0
    outer loop
      vertex 0.00855446 226.869 19
      vertex 0.0340738 226.741 0
      vertex 0.0340738 226.741 19
    endloop
  endfacet
  facet normal 0.947145 0.320807 0
    outer loop
      vertex 153.966 228.259 19
      vertex 153.924 228.383 0
      vertex 153.924 228.383 19
    endloop
  endfacet
  facet normal 0.947145 0.320807 0
    outer loop
      vertex 153.924 228.383 0
      vertex 153.966 228.259 19
      vertex 153.966 228.259 0
    endloop
  endfacet
  facet normal -0.750691 0.660654 0
    outer loop
      vertex 0.206646 228.609 0
      vertex 0.292892 228.707 19
      vertex 0.292892 228.707 0
    endloop
  endfacet
  facet normal -0.750691 0.660654 0
    outer loop
      vertex 0.292892 228.707 19
      vertex 0.206646 228.609 0
      vertex 0.206646 228.609 19
    endloop
  endfacet
  facet normal -0.557298 -0.830313 0
    outer loop
      vertex 0.391238 226.207 0
      vertex 0.5 226.134 19
      vertex 0.391238 226.207 19
    endloop
  endfacet
  facet normal -0.557298 -0.830313 -0
    outer loop
      vertex 0.5 226.134 19
      vertex 0.391238 226.207 0
      vertex 0.5 226.134 0
    endloop
  endfacet
  facet normal 0.830876 -0.556458 0
    outer loop
      vertex 153.793 226.391 19
      vertex 153.866 226.5 0
      vertex 153.866 226.5 19
    endloop
  endfacet
  facet normal 0.830876 -0.556458 0
    outer loop
      vertex 153.866 226.5 0
      vertex 153.793 226.391 19
      vertex 153.793 226.391 0
    endloop
  endfacet
  facet normal -0.557298 0.830313 0
    outer loop
      vertex 0.5 228.866 0
      vertex 0.391238 228.793 19
      vertex 0.5 228.866 19
    endloop
  endfacet
  facet normal -0.557298 0.830313 0
    outer loop
      vertex 0.391238 228.793 19
      vertex 0.5 228.866 0
      vertex 0.391238 228.793 0
    endloop
  endfacet
  facet normal 0.556458 -0.830876 0
    outer loop
      vertex 153.5 226.134 0
      vertex 153.609 226.207 19
      vertex 153.5 226.134 19
    endloop
  endfacet
  facet normal 0.556458 -0.830876 0
    outer loop
      vertex 153.609 226.207 19
      vertex 153.5 226.134 0
      vertex 153.609 226.207 0
    endloop
  endfacet
  facet normal -0.947036 0.321126 0
    outer loop
      vertex 0.0340738 228.259 0
      vertex 0.0761204 228.383 19
      vertex 0.0761204 228.383 0
    endloop
  endfacet
  facet normal -0.947036 0.321126 0
    outer loop
      vertex 0.0761204 228.383 19
      vertex 0.0340738 228.259 0
      vertex 0.0340738 228.259 19
    endloop
  endfacet
  facet normal -0.947036 -0.321126 0
    outer loop
      vertex 0.0761204 226.617 0
      vertex 0.0340738 226.741 19
      vertex 0.0340738 226.741 0
    endloop
  endfacet
  facet normal -0.947036 -0.321126 0
    outer loop
      vertex 0.0340738 226.741 19
      vertex 0.0761204 226.617 0
      vertex 0.0761204 226.617 19
    endloop
  endfacet
  facet normal -0.321123 0.947038 0
    outer loop
      vertex 0.74118 228.966 0
      vertex 0.617316 228.924 19
      vertex 0.74118 228.966 19
    endloop
  endfacet
  facet normal -0.321123 0.947038 0
    outer loop
      vertex 0.617316 228.924 19
      vertex 0.74118 228.966 0
      vertex 0.617316 228.924 0
    endloop
  endfacet
  facet normal -0.997875 -0.0651624 0
    outer loop
      vertex 0.00855446 226.869 0
      vertex 0 227 19
      vertex 0 227 0
    endloop
  endfacet
  facet normal -0.997875 -0.0651624 0
    outer loop
      vertex 0 227 19
      vertex 0.00855446 226.869 0
      vertex 0.00855446 226.869 19
    endloop
  endfacet
  facet normal 0.0685407 -0.997648 0
    outer loop
      vertex 153 226 0
      vertex 153.131 226.009 19
      vertex 153 226 19
    endloop
  endfacet
  facet normal 0.0685407 -0.997648 0
    outer loop
      vertex 153.131 226.009 19
      vertex 153 226 0
      vertex 153.131 226.009 0
    endloop
  endfacet
  facet normal -0.832032 -0.554728 0
    outer loop
      vertex 0.206646 226.391 0
      vertex 0.133974 226.5 19
      vertex 0.133974 226.5 0
    endloop
  endfacet
  facet normal -0.832032 -0.554728 0
    outer loop
      vertex 0.133974 226.5 19
      vertex 0.206646 226.391 0
      vertex 0.206646 226.391 19
    endloop
  endfacet
  facet normal 0 0 1
    outer loop
      vertex 153 229 19
      vertex 154 228 19
      vertex 153.991 228.131 19
    endloop
  endfacet
  facet normal 0 0 1
    outer loop
      vertex 154 228 19
      vertex 153 229 19
      vertex 154 227 19
    endloop
  endfacet
  facet normal 0 0 1
    outer loop
      vertex 153 229 19
      vertex 153.991 228.131 19
      vertex 153.966 228.259 19
    endloop
  endfacet
  facet normal 0 0 1
    outer loop
      vertex 153 226 19
      vertex 154 227 19
      vertex 153 229 19
    endloop
  endfacet
  facet normal 0 0 1
    outer loop
      vertex 153 229 19
      vertex 153.966 228.259 19
      vertex 153.924 228.383 19
    endloop
  endfacet
  facet normal 0 0 1
    outer loop
      vertex 154 227 19
      vertex 153 226 19
      vertex 153.991 226.869 19
    endloop
  endfacet
  facet normal 0 0 1
    outer loop
      vertex 153 229 19
      vertex 153.924 228.383 19
      vertex 153.866 228.5 19
    endloop
  endfacet
  facet normal 0 0 1
    outer loop
      vertex 153.991 226.869 19
      vertex 153 226 19
      vertex 153.966 226.741 19
    endloop
  endfacet
  facet normal 0 0 1
    outer loop
      vertex 153 229 19
      vertex 153.866 228.5 19
      vertex 153.793 228.609 19
    endloop
  endfacet
  facet normal 0 0 1
    outer loop
      vertex 153.966 226.741 19
      vertex 153 226 19
      vertex 153.924 226.617 19
    endloop
  endfacet
  facet normal 0 0 1
    outer loop
      vertex 153 229 19
      vertex 153.793 228.609 19
      vertex 153.707 228.707 19
    endloop
  endfacet
  facet normal 0 0 1
    outer loop
      vertex 153.924 226.617 19
      vertex 153 226 19
      vertex 153.866 226.5 19
    endloop
  endfacet
  facet normal 0 0 1
    outer loop
      vertex 153 229 19
      vertex 153.707 228.707 19
      vertex 153.609 228.793 19
    endloop
  endfacet
  facet normal 0 0 1
    outer loop
      vertex 153.866 226.5 19
      vertex 153 226 19
      vertex 153.793 226.391 19
    endloop
  endfacet
  facet normal 0 0 1
    outer loop
      vertex 153 229 19
      vertex 153.609 228.793 19
      vertex 153.5 228.866 19
    endloop
  endfacet
  facet normal 0 0 1
    outer loop
      vertex 153.793 226.391 19
      vertex 153 226 19
      vertex 153.707 226.293 19
    endloop
  endfacet
  facet normal 0 0 1
    outer loop
      vertex 153 229 19
      vertex 153.5 228.866 19
      vertex 153.383 228.924 19
    endloop
  endfacet
  facet normal 0 0 1
    outer loop
      vertex 153.707 226.293 19
      vertex 153 226 19
      vertex 153.609 226.207 19
    endloop
  endfacet
  facet normal 0 0 1
    outer loop
      vertex 153 229 19
      vertex 153.383 228.924 19
      vertex 153.259 228.966 19
    endloop
  endfacet
  facet normal 0 0 1
    outer loop
      vertex 153.609 226.207 19
      vertex 153 226 19
      vertex 153.5 226.134 19
    endloop
  endfacet
  facet normal 0 0 1
    outer loop
      vertex 153 229 19
      vertex 153.259 228.966 19
      vertex 153.131 228.991 19
    endloop
  endfacet
  facet normal 0 0 1
    outer loop
      vertex 153.5 226.134 19
      vertex 153 226 19
      vertex 153.383 226.076 19
    endloop
  endfacet
  facet normal 0 0 1
    outer loop
      vertex 153.383 226.076 19
      vertex 153 226 19
      vertex 153.259 226.034 19
    endloop
  endfacet
  facet normal 0 0 1
    outer loop
      vertex 153.259 226.034 19
      vertex 153 226 19
      vertex 153.131 226.009 19
    endloop
  endfacet
  facet normal -0 0 1
    outer loop
      vertex 1 229 19
      vertex 153 226 19
      vertex 153 229 19
    endloop
  endfacet
  facet normal 0 0 1
    outer loop
      vertex 1 229 19
      vertex 1 226 19
      vertex 153 226 19
    endloop
  endfacet
  facet normal 0 0 1
    outer loop
      vertex 0 228 19
      vertex 1 229 19
      vertex 0.869473 228.991 19
    endloop
  endfacet
  facet normal 0 0 1
    outer loop
      vertex 1 229 19
      vertex 0 228 19
      vertex 1 226 19
    endloop
  endfacet
  facet normal 0 0 1
    outer loop
      vertex 0 228 19
      vertex 0.869473 228.991 19
      vertex 0.74118 228.966 19
    endloop
  endfacet
  facet normal -0 0 1
    outer loop
      vertex 0 227 19
      vertex 1 226 19
      vertex 0 228 19
    endloop
  endfacet
  facet normal 0 0 1
    outer loop
      vertex 0 228 19
      vertex 0.74118 228.966 19
      vertex 0.617316 228.924 19
    endloop
  endfacet
  facet normal 0 0 1
    outer loop
      vertex 1 226 19
      vertex 0 227 19
      vertex 0.869473 226.009 19
    endloop
  endfacet
  facet normal 0 0 1
    outer loop
      vertex 0 228 19
      vertex 0.617316 228.924 19
      vertex 0.5 228.866 19
    endloop
  endfacet
  facet normal 0 0 1
    outer loop
      vertex 0.869473 226.009 19
      vertex 0 227 19
      vertex 0.74118 226.034 19
    endloop
  endfacet
  facet normal 0 0 1
    outer loop
      vertex 0 228 19
      vertex 0.5 228.866 19
      vertex 0.391238 228.793 19
    endloop
  endfacet
  facet normal 0 0 1
    outer loop
      vertex 0.74118 226.034 19
      vertex 0 227 19
      vertex 0.617316 226.076 19
    endloop
  endfacet
  facet normal 0 0 1
    outer loop
      vertex 0 228 19
      vertex 0.391238 228.793 19
      vertex 0.292892 228.707 19
    endloop
  endfacet
  facet normal 0 0 1
    outer loop
      vertex 0.617316 226.076 19
      vertex 0 227 19
      vertex 0.5 226.134 19
    endloop
  endfacet
  facet normal 0 0 1
    outer loop
      vertex 0 228 19
      vertex 0.292892 228.707 19
      vertex 0.206646 228.609 19
    endloop
  endfacet
  facet normal 0 0 1
    outer loop
      vertex 0.5 226.134 19
      vertex 0 227 19
      vertex 0.391238 226.207 19
    endloop
  endfacet
  facet normal 0 0 1
    outer loop
      vertex 0 228 19
      vertex 0.206646 228.609 19
      vertex 0.133974 228.5 19
    endloop
  endfacet
  facet normal 0 0 1
    outer loop
      vertex 0.391238 226.207 19
      vertex 0 227 19
      vertex 0.292892 226.293 19
    endloop
  endfacet
  facet normal 0 0 1
    outer loop
      vertex 0 228 19
      vertex 0.133974 228.5 19
      vertex 0.0761204 228.383 19
    endloop
  endfacet
  facet normal 0 0 1
    outer loop
      vertex 0.292892 226.293 19
      vertex 0 227 19
      vertex 0.206646 226.391 19
    endloop
  endfacet
  facet normal 0 0 1
    outer loop
      vertex 0 228 19
      vertex 0.0761204 228.383 19
      vertex 0.0340738 228.259 19
    endloop
  endfacet
  facet normal 0 0 1
    outer loop
      vertex 0.206646 226.391 19
      vertex 0 227 19
      vertex 0.133974 226.5 19
    endloop
  endfacet
  facet normal 0 0 1
    outer loop
      vertex 0 228 19
      vertex 0.0340738 228.259 19
      vertex 0.00855446 228.131 19
    endloop
  endfacet
  facet normal 0 0 1
    outer loop
      vertex 0.133974 226.5 19
      vertex 0 227 19
      vertex 0.0761204 226.617 19
    endloop
  endfacet
  facet normal 0 0 1
    outer loop
      vertex 0.0761204 226.617 19
      vertex 0 227 19
      vertex 0.0340738 226.741 19
    endloop
  endfacet
  facet normal 0 0 1
    outer loop
      vertex 0.0340738 226.741 19
      vertex 0 227 19
      vertex 0.00855446 226.869 19
    endloop
  endfacet
  facet normal -0.443187 0.896429 0
    outer loop
      vertex 0.617316 228.924 0
      vertex 0.5 228.866 19
      vertex 0.617316 228.924 19
    endloop
  endfacet
  facet normal -0.443187 0.896429 0
    outer loop
      vertex 0.5 228.866 19
      vertex 0.617316 228.924 0
      vertex 0.5 228.866 0
    endloop
  endfacet
  facet normal 0.320807 -0.947145 0
    outer loop
      vertex 153.259 226.034 0
      vertex 153.383 226.076 19
      vertex 153.259 226.034 19
    endloop
  endfacet
  facet normal 0.320807 -0.947145 0
    outer loop
      vertex 153.383 226.076 19
      vertex 153.259 226.034 0
      vertex 153.383 226.076 0
    endloop
  endfacet
  facet normal -0.750691 -0.660654 0
    outer loop
      vertex 0.292892 226.293 0
      vertex 0.206646 226.391 19
      vertex 0.206646 226.391 0
    endloop
  endfacet
  facet normal -0.750691 -0.660654 0
    outer loop
      vertex 0.206646 226.391 19
      vertex 0.292892 226.293 0
      vertex 0.292892 226.293 19
    endloop
  endfacet
  facet normal 0.191691 -0.981455 0
    outer loop
      vertex 153.131 226.009 0
      vertex 153.259 226.034 19
      vertex 153.131 226.009 19
    endloop
  endfacet
  facet normal 0.191691 -0.981455 0
    outer loop
      vertex 153.259 226.034 19
      vertex 153.131 226.009 0
      vertex 153.259 226.034 0
    endloop
  endfacet
  facet normal 0.751626 -0.65959 0
    outer loop
      vertex 153.707 226.293 19
      vertex 153.793 226.391 0
      vertex 153.793 226.391 19
    endloop
  endfacet
  facet normal 0.751626 -0.65959 0
    outer loop
      vertex 153.793 226.391 0
      vertex 153.707 226.293 19
      vertex 153.707 226.293 0
    endloop
  endfacet
  facet normal -0.658276 -0.752777 0
    outer loop
      vertex 0.292892 226.293 0
      vertex 0.391238 226.207 19
      vertex 0.292892 226.293 19
    endloop
  endfacet
  facet normal -0.658276 -0.752777 -0
    outer loop
      vertex 0.391238 226.207 19
      vertex 0.292892 226.293 0
      vertex 0.391238 226.207 0
    endloop
  endfacet
  facet normal -0.0687879 0.997631 0
    outer loop
      vertex 1 229 0
      vertex 0.869473 228.991 19
      vertex 1 229 19
    endloop
  endfacet
  facet normal -0.0687879 0.997631 0
    outer loop
      vertex 0.869473 228.991 19
      vertex 1 229 0
      vertex 0.869473 228.991 0
    endloop
  endfacet
  facet normal -0.443187 -0.896429 0
    outer loop
      vertex 0.5 226.134 0
      vertex 0.617316 226.076 19
      vertex 0.5 226.134 19
    endloop
  endfacet
  facet normal -0.443187 -0.896429 -0
    outer loop
      vertex 0.617316 226.076 19
      vertex 0.5 226.134 0
      vertex 0.617316 226.076 0
    endloop
  endfacet
  facet normal -0.832032 0.554728 0
    outer loop
      vertex 0.133974 228.5 0
      vertex 0.206646 228.609 19
      vertex 0.206646 228.609 0
    endloop
  endfacet
  facet normal -0.832032 0.554728 0
    outer loop
      vertex 0.206646 228.609 19
      vertex 0.133974 228.5 0
      vertex 0.133974 228.5 19
    endloop
  endfacet
  facet normal -0.191269 -0.981538 0
    outer loop
      vertex 0.74118 226.034 0
      vertex 0.869473 226.009 19
      vertex 0.74118 226.034 19
    endloop
  endfacet
  facet normal -0.191269 -0.981538 -0
    outer loop
      vertex 0.869473 226.009 19
      vertex 0.74118 226.034 0
      vertex 0.869473 226.009 0
    endloop
  endfacet
  facet normal 0.444148 -0.895953 0
    outer loop
      vertex 153.383 226.076 0
      vertex 153.5 226.134 19
      vertex 153.383 226.076 19
    endloop
  endfacet
  facet normal 0.444148 -0.895953 0
    outer loop
      vertex 153.5 226.134 19
      vertex 153.383 226.076 0
      vertex 153.5 226.134 0
    endloop
  endfacet
  facet normal 0 -0.86603 0.499992
    outer loop
      vertex 61.7 201.142 13.8233
      vertex 92.3 203.442 17.8071
      vertex 61.7 203.442 17.8071
    endloop
  endfacet
  facet normal 0 -0.86603 0.499992
    outer loop
      vertex 92.3 203.442 17.8071
      vertex 61.7 201.142 13.8233
      vertex 92.3 201.142 13.8233
    endloop
  endfacet
  facet normal -9.70761e-06 0.500008 0.866021
    outer loop
      vertex 92.3 217.558 9.65705
      vertex 88 213.834 11.8071
      vertex 92.3 203.442 17.8071
    endloop
  endfacet
  facet normal 0 0.5 0.866026
    outer loop
      vertex 92.3 217.558 9.65705
      vertex 66 213.834 11.8071
      vertex 88 213.834 11.8071
    endloop
  endfacet
  facet normal 2.61745e-05 0.500022 0.866013
    outer loop
      vertex 66 213.834 11.8071
      vertex 61.7 217.558 9.65705
      vertex 66 207.166 15.6571
    endloop
  endfacet
  facet normal -0 0.5 0.866026
    outer loop
      vertex 61.7 217.558 9.65705
      vertex 66 213.834 11.8071
      vertex 92.3 217.558 9.65705
    endloop
  endfacet
  facet normal 3.62444e-05 0.500022 0.866013
    outer loop
      vertex 88 207.166 15.6571
      vertex 92.3 203.442 17.8071
      vertex 88 213.834 11.8071
    endloop
  endfacet
  facet normal -0 0.499991 0.866031
    outer loop
      vertex 66 207.166 15.6571
      vertex 92.3 203.442 17.8071
      vertex 88 207.166 15.6571
    endloop
  endfacet
  facet normal 0 0.499991 0.866031
    outer loop
      vertex 66 207.166 15.6571
      vertex 61.7 203.442 17.8071
      vertex 92.3 203.442 17.8071
    endloop
  endfacet
  facet normal -1.97776e-05 0.500008 0.866021
    outer loop
      vertex 61.7 203.442 17.8071
      vertex 66 207.166 15.6571
      vertex 61.7 217.558 9.65705
    endloop
  endfacet
  facet normal -1 0 0
    outer loop
      vertex 61.7 201.29 4
      vertex 61.7 216 8
      vertex 61.7 216 4
    endloop
  endfacet
  facet normal -1 -0 0
    outer loop
      vertex 61.7 216 8
      vertex 61.7 201.29 4
      vertex 61.7 201.142 13.8233
    endloop
  endfacet
  facet normal -1 0 0
    outer loop
      vertex 61.7 216 8
      vertex 61.7 201.142 13.8233
      vertex 61.7 203.442 17.8071
    endloop
  endfacet
  facet normal -1 0 0
    outer loop
      vertex 61.7 216 8
      vertex 61.7 217.558 9.65705
      vertex 61.7 217.585 8
    endloop
  endfacet
  facet normal -1 -0 0
    outer loop
      vertex 61.7 217.558 9.65705
      vertex 61.7 216 8
      vertex 61.7 203.442 17.8071
    endloop
  endfacet
  facet normal 0 -0.999888 -0.0149791
    outer loop
      vertex 61.7 201.142 13.8233
      vertex 64.2 201.215 8.9504
      vertex 92.3 201.142 13.8233
    endloop
  endfacet
  facet normal -0.000166455 -0.999887 -0.0150645
    outer loop
      vertex 61.7 201.29 4
      vertex 64.2 201.215 8.9504
      vertex 61.7 201.142 13.8233
    endloop
  endfacet
  facet normal 0 -0.999885 -0.0151486
    outer loop
      vertex 64.2 201.215 8.9504
      vertex 61.7 201.29 4
      vertex 64.2 201.29 4
    endloop
  endfacet
  facet normal -0 -0.999888 -0.0149791
    outer loop
      vertex 89.8 201.215 8.9504
      vertex 92.3 201.142 13.8233
      vertex 64.2 201.215 8.9504
    endloop
  endfacet
  facet normal -0 -0.999885 -0.0151486
    outer loop
      vertex 92.3 201.29 4
      vertex 89.8 201.215 8.9504
      vertex 89.8 201.29 4
    endloop
  endfacet
  facet normal 0.000166455 -0.999887 -0.0150645
    outer loop
      vertex 89.8 201.215 8.9504
      vertex 92.3 201.29 4
      vertex 92.3 201.142 13.8233
    endloop
  endfacet
  facet normal 1 0 0
    outer loop
      vertex 92.3 217.558 9.65705
      vertex 92.3 216 8
      vertex 92.3 217.585 8
    endloop
  endfacet
  facet normal 1 0 0
    outer loop
      vertex 92.3 203.442 17.8071
      vertex 92.3 216 8
      vertex 92.3 217.558 9.65705
    endloop
  endfacet
  facet normal 1 -0 0
    outer loop
      vertex 92.3 201.142 13.8233
      vertex 92.3 216 8
      vertex 92.3 203.442 17.8071
    endloop
  endfacet
  facet normal 1 0 -0
    outer loop
      vertex 92.3 201.29 4
      vertex 92.3 216 8
      vertex 92.3 201.142 13.8233
    endloop
  endfacet
  facet normal 1 0 0
    outer loop
      vertex 92.3 216 8
      vertex 92.3 201.29 4
      vertex 92.3 216 4
    endloop
  endfacet
  facet normal 0 0.999867 0.0162919
    outer loop
      vertex 92.3 217.585 8
      vertex 61.7 217.558 9.65705
      vertex 92.3 217.558 9.65705
    endloop
  endfacet
  facet normal 0 0.999867 0.0162919
    outer loop
      vertex 61.7 217.558 9.65705
      vertex 92.3 217.585 8
      vertex 61.7 217.585 8
    endloop
  endfacet
  facet normal 0.444296 0.89588 -0
    outer loop
      vertex 10.1581 186.967 0
      vertex 9.9 187.095 4
      vertex 10.1581 186.967 4
    endloop
  endfacet
  facet normal 0.444296 0.89588 0
    outer loop
      vertex 9.9 187.095 4
      vertex 10.1581 186.967 0
      vertex 9.9 187.095 0
    endloop
  endfacet
  facet normal -0.980714 -0.195447 0
    outer loop
      vertex 13.1812 189.287 0
      vertex 13.125 189.569 4
      vertex 13.125 189.569 0
    endloop
  endfacet
  facet normal -0.980714 -0.195447 0
    outer loop
      vertex 13.125 189.569 4
      vertex 13.1812 189.287 0
      vertex 13.1812 189.287 4
    endloop
  endfacet
  facet normal -0.997861 -0.0653651 0
    outer loop
      vertex 13.2 189 0
      vertex 13.1812 189.287 4
      vertex 13.1812 189.287 0
    endloop
  endfacet
  facet normal -0.997861 -0.0653651 0
    outer loop
      vertex 13.1812 189.287 4
      vertex 13.2 189 0
      vertex 13.2 189 4
    endloop
  endfacet
  facet normal 0.947111 0.320907 0
    outer loop
      vertex 8.96746 188.158 4
      vertex 8.87496 188.431 0
      vertex 8.87496 188.431 4
    endloop
  endfacet
  facet normal 0.947111 0.320907 0
    outer loop
      vertex 8.87496 188.431 0
      vertex 8.96746 188.158 4
      vertex 8.96746 188.158 0
    endloop
  endfacet
  facet normal -0.444296 -0.89588 0
    outer loop
      vertex 11.8419 191.033 0
      vertex 12.1 190.905 4
      vertex 11.8419 191.033 4
    endloop
  endfacet
  facet normal -0.444296 -0.89588 -0
    outer loop
      vertex 12.1 190.905 4
      vertex 11.8419 191.033 0
      vertex 12.1 190.905 0
    endloop
  endfacet
  facet normal 0.752809 0.658239 0
    outer loop
      vertex 9.44436 187.444 4
      vertex 9.25462 187.661 0
      vertex 9.25462 187.661 4
    endloop
  endfacet
  facet normal 0.752809 0.658239 0
    outer loop
      vertex 9.25462 187.661 0
      vertex 9.44436 187.444 4
      vertex 9.44436 187.444 0
    endloop
  endfacet
  facet normal 0.319876 0.947459 -0
    outer loop
      vertex 10.4306 186.875 0
      vertex 10.1581 186.967 4
      vertex 10.4306 186.875 4
    endloop
  endfacet
  facet normal 0.319876 0.947459 0
    outer loop
      vertex 10.1581 186.967 4
      vertex 10.4306 186.875 0
      vertex 10.1581 186.967 0
    endloop
  endfacet
  facet normal -0.657987 -0.753029 0
    outer loop
      vertex 12.3393 190.745 0
      vertex 12.5556 190.556 4
      vertex 12.3393 190.745 4
    endloop
  endfacet
  facet normal -0.657987 -0.753029 -0
    outer loop
      vertex 12.5556 190.556 4
      vertex 12.3393 190.745 0
      vertex 12.5556 190.556 0
    endloop
  endfacet
  facet normal -0.657987 0.753029 0
    outer loop
      vertex 12.5556 187.444 0
      vertex 12.3393 187.255 4
      vertex 12.5556 187.444 4
    endloop
  endfacet
  facet normal -0.657987 0.753029 0
    outer loop
      vertex 12.3393 187.255 4
      vertex 12.5556 187.444 0
      vertex 12.3393 187.255 0
    endloop
  endfacet
  facet normal -0.0660117 0.997819 0
    outer loop
      vertex 11.2872 186.819 0
      vertex 11 186.8 4
      vertex 11.2872 186.819 4
    endloop
  endfacet
  facet normal -0.0660117 0.997819 0
    outer loop
      vertex 11 186.8 4
      vertex 11.2872 186.819 0
      vertex 11 186.8 0
    endloop
  endfacet
  facet normal -0.947111 0.320907 0
    outer loop
      vertex 13.0325 188.158 0
      vertex 13.125 188.431 4
      vertex 13.125 188.431 0
    endloop
  endfacet
  facet normal -0.947111 0.320907 0
    outer loop
      vertex 13.125 188.431 4
      vertex 13.0325 188.158 0
      vertex 13.0325 188.158 4
    endloop
  endfacet
  facet normal -0.997861 0.0653651 0
    outer loop
      vertex 13.1812 188.713 0
      vertex 13.2 189 4
      vertex 13.2 189 0
    endloop
  endfacet
  facet normal -0.997861 0.0653651 0
    outer loop
      vertex 13.2 189 4
      vertex 13.1812 188.713 0
      vertex 13.1812 188.713 4
    endloop
  endfacet
  facet normal 0.0660117 -0.997819 0
    outer loop
      vertex 10.7128 191.181 0
      vertex 11 191.2 4
      vertex 10.7128 191.181 4
    endloop
  endfacet
  facet normal 0.0660117 -0.997819 0
    outer loop
      vertex 11 191.2 4
      vertex 10.7128 191.181 0
      vertex 11 191.2 0
    endloop
  endfacet
  facet normal 0.831172 -0.556016 0
    outer loop
      vertex 9.09474 190.1 4
      vertex 9.25462 190.339 0
      vertex 9.25462 190.339 4
    endloop
  endfacet
  facet normal 0.831172 -0.556016 0
    outer loop
      vertex 9.25462 190.339 0
      vertex 9.09474 190.1 4
      vertex 9.09474 190.1 0
    endloop
  endfacet
  facet normal 0.194645 0.980874 -0
    outer loop
      vertex 10.7128 186.819 0
      vertex 10.4306 186.875 4
      vertex 10.7128 186.819 4
    endloop
  endfacet
  facet normal 0.194645 0.980874 0
    outer loop
      vertex 10.4306 186.875 4
      vertex 10.7128 186.819 0
      vertex 10.4306 186.875 0
    endloop
  endfacet
  facet normal -0.83114 0.556064 0
    outer loop
      vertex 12.7454 187.661 0
      vertex 12.9053 187.9 4
      vertex 12.9053 187.9 0
    endloop
  endfacet
  facet normal -0.83114 0.556064 0
    outer loop
      vertex 12.9053 187.9 4
      vertex 12.7454 187.661 0
      vertex 12.7454 187.661 4
    endloop
  endfacet
  facet normal -0.896916 -0.442201 0
    outer loop
      vertex 13.0325 189.842 0
      vertex 12.9053 190.1 4
      vertex 12.9053 190.1 0
    endloop
  endfacet
  facet normal -0.896916 -0.442201 0
    outer loop
      vertex 12.9053 190.1 4
      vertex 13.0325 189.842 0
      vertex 13.0325 189.842 4
    endloop
  endfacet
  facet normal -0.896916 0.442201 0
    outer loop
      vertex 12.9053 187.9 0
      vertex 13.0325 188.158 4
      vertex 13.0325 188.158 0
    endloop
  endfacet
  facet normal -0.896916 0.442201 0
    outer loop
      vertex 13.0325 188.158 4
      vertex 12.9053 187.9 0
      vertex 12.9053 187.9 4
    endloop
  endfacet
  facet normal -0.444296 0.89588 0
    outer loop
      vertex 12.1 187.095 0
      vertex 11.8419 186.967 4
      vertex 12.1 187.095 4
    endloop
  endfacet
  facet normal -0.444296 0.89588 0
    outer loop
      vertex 11.8419 186.967 4
      vertex 12.1 187.095 0
      vertex 11.8419 186.967 0
    endloop
  endfacet
  facet normal 0.980754 0.195247 0
    outer loop
      vertex 8.87496 188.431 4
      vertex 8.81882 188.713 0
      vertex 8.81882 188.713 4
    endloop
  endfacet
  facet normal 0.980754 0.195247 0
    outer loop
      vertex 8.81882 188.713 0
      vertex 8.87496 188.431 4
      vertex 8.87496 188.431 0
    endloop
  endfacet
  facet normal -0.947111 -0.320907 0
    outer loop
      vertex 13.125 189.569 0
      vertex 13.0325 189.842 4
      vertex 13.0325 189.842 0
    endloop
  endfacet
  facet normal -0.947111 -0.320907 0
    outer loop
      vertex 13.0325 189.842 4
      vertex 13.125 189.569 0
      vertex 13.125 189.569 4
    endloop
  endfacet
  facet normal -0.194645 0.980874 0
    outer loop
      vertex 11.5694 186.875 0
      vertex 11.2872 186.819 4
      vertex 11.5694 186.875 4
    endloop
  endfacet
  facet normal -0.194645 0.980874 0
    outer loop
      vertex 11.2872 186.819 4
      vertex 11.5694 186.875 0
      vertex 11.2872 186.819 0
    endloop
  endfacet
  facet normal -0.555822 0.831301 0
    outer loop
      vertex 12.3393 187.255 0
      vertex 12.1 187.095 4
      vertex 12.3393 187.255 4
    endloop
  endfacet
  facet normal -0.555822 0.831301 0
    outer loop
      vertex 12.1 187.095 4
      vertex 12.3393 187.255 0
      vertex 12.1 187.095 0
    endloop
  endfacet
  facet normal 0.752809 -0.658239 0
    outer loop
      vertex 9.25462 190.339 4
      vertex 9.44436 190.556 0
      vertex 9.44436 190.556 4
    endloop
  endfacet
  facet normal 0.752809 -0.658239 0
    outer loop
      vertex 9.44436 190.556 0
      vertex 9.25462 190.339 4
      vertex 9.25462 190.339 0
    endloop
  endfacet
  facet normal -0.752706 0.658357 0
    outer loop
      vertex 12.5556 187.444 0
      vertex 12.7454 187.661 4
      vertex 12.7454 187.661 0
    endloop
  endfacet
  facet normal -0.752706 0.658357 0
    outer loop
      vertex 12.7454 187.661 4
      vertex 12.5556 187.444 0
      vertex 12.5556 187.444 4
    endloop
  endfacet
  facet normal -0.83114 -0.556064 0
    outer loop
      vertex 12.9053 190.1 0
      vertex 12.7454 190.339 4
      vertex 12.7454 190.339 0
    endloop
  endfacet
  facet normal -0.83114 -0.556064 0
    outer loop
      vertex 12.7454 190.339 4
      vertex 12.9053 190.1 0
      vertex 12.9053 190.1 4
    endloop
  endfacet
  facet normal -0.555822 -0.831301 0
    outer loop
      vertex 12.1 190.905 0
      vertex 12.3393 190.745 4
      vertex 12.1 190.905 4
    endloop
  endfacet
  facet normal -0.555822 -0.831301 -0
    outer loop
      vertex 12.3393 190.745 4
      vertex 12.1 190.905 0
      vertex 12.3393 190.745 0
    endloop
  endfacet
  facet normal -0.194645 -0.980874 0
    outer loop
      vertex 11.2872 191.181 0
      vertex 11.5694 191.125 4
      vertex 11.2872 191.181 4
    endloop
  endfacet
  facet normal -0.194645 -0.980874 -0
    outer loop
      vertex 11.5694 191.125 4
      vertex 11.2872 191.181 0
      vertex 11.5694 191.125 0
    endloop
  endfacet
  facet normal -0.319876 0.947459 0
    outer loop
      vertex 11.8419 186.967 0
      vertex 11.5694 186.875 4
      vertex 11.8419 186.967 4
    endloop
  endfacet
  facet normal -0.319876 0.947459 0
    outer loop
      vertex 11.5694 186.875 4
      vertex 11.8419 186.967 0
      vertex 11.5694 186.875 0
    endloop
  endfacet
  facet normal 0.194645 -0.980874 0
    outer loop
      vertex 10.4306 191.125 0
      vertex 10.7128 191.181 4
      vertex 10.4306 191.125 4
    endloop
  endfacet
  facet normal 0.194645 -0.980874 0
    outer loop
      vertex 10.7128 191.181 4
      vertex 10.4306 191.125 0
      vertex 10.7128 191.181 0
    endloop
  endfacet
  facet normal 0.896806 0.442424 0
    outer loop
      vertex 9.09474 187.9 4
      vertex 8.96746 188.158 0
      vertex 8.96746 188.158 4
    endloop
  endfacet
  facet normal 0.896806 0.442424 0
    outer loop
      vertex 8.96746 188.158 0
      vertex 9.09474 187.9 4
      vertex 9.09474 187.9 0
    endloop
  endfacet
  facet normal -0.980714 0.195447 0
    outer loop
      vertex 13.125 188.431 0
      vertex 13.1812 188.713 4
      vertex 13.1812 188.713 0
    endloop
  endfacet
  facet normal -0.980714 0.195447 0
    outer loop
      vertex 13.1812 188.713 4
      vertex 13.125 188.431 0
      vertex 13.125 188.431 4
    endloop
  endfacet
  facet normal 0.657883 -0.75312 0
    outer loop
      vertex 9.44436 190.556 0
      vertex 9.66072 190.745 4
      vertex 9.44436 190.556 4
    endloop
  endfacet
  facet normal 0.657883 -0.75312 0
    outer loop
      vertex 9.66072 190.745 4
      vertex 9.44436 190.556 0
      vertex 9.66072 190.745 0
    endloop
  endfacet
  facet normal 0.947111 -0.320907 0
    outer loop
      vertex 8.87496 189.569 4
      vertex 8.96746 189.842 0
      vertex 8.96746 189.842 4
    endloop
  endfacet
  facet normal 0.947111 -0.320907 0
    outer loop
      vertex 8.96746 189.842 0
      vertex 8.87496 189.569 4
      vertex 8.87496 189.569 0
    endloop
  endfacet
  facet normal 0.997857 -0.0654344 0
    outer loop
      vertex 8.8 189 4
      vertex 8.81882 189.287 0
      vertex 8.81882 189.287 4
    endloop
  endfacet
  facet normal 0.997857 -0.0654344 0
    outer loop
      vertex 8.81882 189.287 0
      vertex 8.8 189 4
      vertex 8.8 189 0
    endloop
  endfacet
  facet normal -0.0660117 -0.997819 0
    outer loop
      vertex 11 191.2 0
      vertex 11.2872 191.181 4
      vertex 11 191.2 4
    endloop
  endfacet
  facet normal -0.0660117 -0.997819 -0
    outer loop
      vertex 11.2872 191.181 4
      vertex 11 191.2 0
      vertex 11.2872 191.181 0
    endloop
  endfacet
  facet normal -0.319876 -0.947459 0
    outer loop
      vertex 11.5694 191.125 0
      vertex 11.8419 191.033 4
      vertex 11.5694 191.125 4
    endloop
  endfacet
  facet normal -0.319876 -0.947459 -0
    outer loop
      vertex 11.8419 191.033 4
      vertex 11.5694 191.125 0
      vertex 11.8419 191.033 0
    endloop
  endfacet
  facet normal -0.752706 -0.658357 0
    outer loop
      vertex 12.7454 190.339 0
      vertex 12.5556 190.556 4
      vertex 12.5556 190.556 0
    endloop
  endfacet
  facet normal -0.752706 -0.658357 0
    outer loop
      vertex 12.5556 190.556 4
      vertex 12.7454 190.339 0
      vertex 12.7454 190.339 4
    endloop
  endfacet
  facet normal 0.319876 -0.947459 0
    outer loop
      vertex 10.1581 191.033 0
      vertex 10.4306 191.125 4
      vertex 10.1581 191.033 4
    endloop
  endfacet
  facet normal 0.319876 -0.947459 0
    outer loop
      vertex 10.4306 191.125 4
      vertex 10.1581 191.033 0
      vertex 10.4306 191.125 0
    endloop
  endfacet
  facet normal 0.980754 -0.195247 0
    outer loop
      vertex 8.81882 189.287 4
      vertex 8.87496 189.569 0
      vertex 8.87496 189.569 4
    endloop
  endfacet
  facet normal 0.980754 -0.195247 0
    outer loop
      vertex 8.87496 189.569 0
      vertex 8.81882 189.287 4
      vertex 8.81882 189.287 0
    endloop
  endfacet
  facet normal 0.444296 -0.89588 0
    outer loop
      vertex 9.9 190.905 0
      vertex 10.1581 191.033 4
      vertex 9.9 190.905 4
    endloop
  endfacet
  facet normal 0.444296 -0.89588 0
    outer loop
      vertex 10.1581 191.033 4
      vertex 9.9 190.905 0
      vertex 10.1581 191.033 0
    endloop
  endfacet
  facet normal 0.997857 0.0654344 0
    outer loop
      vertex 8.81882 188.713 4
      vertex 8.8 189 0
      vertex 8.8 189 4
    endloop
  endfacet
  facet normal 0.997857 0.0654344 0
    outer loop
      vertex 8.8 189 0
      vertex 8.81882 188.713 4
      vertex 8.81882 188.713 0
    endloop
  endfacet
  facet normal 0.831172 0.556016 0
    outer loop
      vertex 9.25462 187.661 4
      vertex 9.09474 187.9 0
      vertex 9.09474 187.9 4
    endloop
  endfacet
  facet normal 0.831172 0.556016 0
    outer loop
      vertex 9.09474 187.9 0
      vertex 9.25462 187.661 4
      vertex 9.25462 187.661 0
    endloop
  endfacet
  facet normal 0.555854 -0.83128 0
    outer loop
      vertex 9.66072 190.745 0
      vertex 9.9 190.905 4
      vertex 9.66072 190.745 4
    endloop
  endfacet
  facet normal 0.555854 -0.83128 0
    outer loop
      vertex 9.9 190.905 4
      vertex 9.66072 190.745 0
      vertex 9.9 190.905 0
    endloop
  endfacet
  facet normal 0.0660117 0.997819 -0
    outer loop
      vertex 11 186.8 0
      vertex 10.7128 186.819 4
      vertex 11 186.8 4
    endloop
  endfacet
  facet normal 0.0660117 0.997819 0
    outer loop
      vertex 10.7128 186.819 4
      vertex 11 186.8 0
      vertex 10.7128 186.819 0
    endloop
  endfacet
  facet normal 0.555854 0.83128 -0
    outer loop
      vertex 9.9 187.095 0
      vertex 9.66072 187.255 4
      vertex 9.9 187.095 4
    endloop
  endfacet
  facet normal 0.555854 0.83128 0
    outer loop
      vertex 9.66072 187.255 4
      vertex 9.9 187.095 0
      vertex 9.66072 187.255 0
    endloop
  endfacet
  facet normal 0.896806 -0.442424 0
    outer loop
      vertex 8.96746 189.842 4
      vertex 9.09474 190.1 0
      vertex 9.09474 190.1 4
    endloop
  endfacet
  facet normal 0.896806 -0.442424 0
    outer loop
      vertex 9.09474 190.1 0
      vertex 8.96746 189.842 4
      vertex 8.96746 189.842 0
    endloop
  endfacet
  facet normal 0.657883 0.75312 -0
    outer loop
      vertex 9.66072 187.255 0
      vertex 9.44436 187.444 4
      vertex 9.66072 187.255 4
    endloop
  endfacet
  facet normal 0.657883 0.75312 0
    outer loop
      vertex 9.44436 187.444 4
      vertex 9.66072 187.255 0
      vertex 9.44436 187.444 0
    endloop
  endfacet
  facet normal 0.31935 0.947637 -0
    outer loop
      vertex 142.431 186.875 0
      vertex 142.158 186.967 4
      vertex 142.431 186.875 4
    endloop
  endfacet
  facet normal 0.31935 0.947637 0
    outer loop
      vertex 142.158 186.967 4
      vertex 142.431 186.875 0
      vertex 142.158 186.967 0
    endloop
  endfacet
  facet normal -0.980847 -0.194778 0
    outer loop
      vertex 145.181 189.287 0
      vertex 145.125 189.569 4
      vertex 145.125 189.569 0
    endloop
  endfacet
  facet normal -0.980847 -0.194778 0
    outer loop
      vertex 145.125 189.569 4
      vertex 145.181 189.287 0
      vertex 145.181 189.287 4
    endloop
  endfacet
  facet normal -0.997816 -0.0660575 0
    outer loop
      vertex 145.2 189 0
      vertex 145.181 189.287 4
      vertex 145.181 189.287 0
    endloop
  endfacet
  facet normal -0.997816 -0.0660575 0
    outer loop
      vertex 145.181 189.287 4
      vertex 145.2 189 0
      vertex 145.2 189 4
    endloop
  endfacet
  facet normal 0.947637 0.31935 0
    outer loop
      vertex 140.967 188.158 4
      vertex 140.875 188.431 0
      vertex 140.875 188.431 4
    endloop
  endfacet
  facet normal 0.947637 0.31935 0
    outer loop
      vertex 140.875 188.431 0
      vertex 140.967 188.158 4
      vertex 140.967 188.158 0
    endloop
  endfacet
  facet normal -0.444434 -0.895812 0
    outer loop
      vertex 143.842 191.033 0
      vertex 144.1 190.905 4
      vertex 143.842 191.033 4
    endloop
  endfacet
  facet normal -0.444434 -0.895812 -0
    outer loop
      vertex 144.1 190.905 4
      vertex 143.842 191.033 0
      vertex 144.1 190.905 0
    endloop
  endfacet
  facet normal 0.754082 0.656781 0
    outer loop
      vertex 141.444 187.444 4
      vertex 141.255 187.661 0
      vertex 141.255 187.661 4
    endloop
  endfacet
  facet normal 0.754082 0.656781 0
    outer loop
      vertex 141.255 187.661 0
      vertex 141.444 187.444 4
      vertex 141.444 187.444 0
    endloop
  endfacet
  facet normal -0.656781 -0.754082 0
    outer loop
      vertex 144.339 190.745 0
      vertex 144.556 190.556 4
      vertex 144.339 190.745 4
    endloop
  endfacet
  facet normal -0.656781 -0.754082 -0
    outer loop
      vertex 144.556 190.556 4
      vertex 144.339 190.745 0
      vertex 144.556 190.556 0
    endloop
  endfacet
  facet normal -0.656781 0.754082 0
    outer loop
      vertex 144.556 187.444 0
      vertex 144.339 187.255 4
      vertex 144.556 187.444 4
    endloop
  endfacet
  facet normal -0.656781 0.754082 0
    outer loop
      vertex 144.339 187.255 4
      vertex 144.556 187.444 0
      vertex 144.339 187.255 0
    endloop
  endfacet
  facet normal -0.0660575 0.997816 0
    outer loop
      vertex 143.287 186.819 0
      vertex 143 186.8 4
      vertex 143.287 186.819 4
    endloop
  endfacet
  facet normal -0.0660575 0.997816 0
    outer loop
      vertex 143 186.8 4
      vertex 143.287 186.819 0
      vertex 143 186.8 0
    endloop
  endfacet
  facet normal -0.947637 0.31935 0
    outer loop
      vertex 145.033 188.158 0
      vertex 145.125 188.431 4
      vertex 145.125 188.431 0
    endloop
  endfacet
  facet normal -0.947637 0.31935 0
    outer loop
      vertex 145.125 188.431 4
      vertex 145.033 188.158 0
      vertex 145.033 188.158 4
    endloop
  endfacet
  facet normal -0.997816 0.0660575 0
    outer loop
      vertex 145.181 188.713 0
      vertex 145.2 189 4
      vertex 145.2 189 0
    endloop
  endfacet
  facet normal -0.997816 0.0660575 0
    outer loop
      vertex 145.2 189 4
      vertex 145.181 188.713 0
      vertex 145.181 188.713 4
    endloop
  endfacet
  facet normal 0.0660575 -0.997816 0
    outer loop
      vertex 142.713 191.181 0
      vertex 143 191.2 4
      vertex 142.713 191.181 4
    endloop
  endfacet
  facet normal 0.0660575 -0.997816 0
    outer loop
      vertex 143 191.2 4
      vertex 142.713 191.181 0
      vertex 143 191.2 0
    endloop
  endfacet
  facet normal 0.830979 -0.556304 0
    outer loop
      vertex 141.095 190.1 4
      vertex 141.255 190.339 0
      vertex 141.255 190.339 4
    endloop
  endfacet
  facet normal 0.830979 -0.556304 0
    outer loop
      vertex 141.255 190.339 0
      vertex 141.095 190.1 4
      vertex 141.095 190.1 0
    endloop
  endfacet
  facet normal 0.194778 0.980847 -0
    outer loop
      vertex 142.713 186.819 0
      vertex 142.431 186.875 4
      vertex 142.713 186.819 4
    endloop
  endfacet
  facet normal 0.194778 0.980847 0
    outer loop
      vertex 142.431 186.875 4
      vertex 142.713 186.819 0
      vertex 142.431 186.875 0
    endloop
  endfacet
  facet normal -0.830979 0.556304 0
    outer loop
      vertex 144.745 187.661 0
      vertex 144.905 187.9 4
      vertex 144.905 187.9 0
    endloop
  endfacet
  facet normal -0.830979 0.556304 0
    outer loop
      vertex 144.905 187.9 4
      vertex 144.745 187.661 0
      vertex 144.745 187.661 4
    endloop
  endfacet
  facet normal -0.0660575 -0.997816 0
    outer loop
      vertex 143 191.2 0
      vertex 143.287 191.181 4
      vertex 143 191.2 4
    endloop
  endfacet
  facet normal -0.0660575 -0.997816 -0
    outer loop
      vertex 143.287 191.181 4
      vertex 143 191.2 0
      vertex 143.287 191.181 0
    endloop
  endfacet
  facet normal -0.895812 -0.444434 0
    outer loop
      vertex 145.033 189.842 0
      vertex 144.905 190.1 4
      vertex 144.905 190.1 0
    endloop
  endfacet
  facet normal -0.895812 -0.444434 0
    outer loop
      vertex 144.905 190.1 4
      vertex 145.033 189.842 0
      vertex 145.033 189.842 4
    endloop
  endfacet
  facet normal -0.895812 0.444434 0
    outer loop
      vertex 144.905 187.9 0
      vertex 145.033 188.158 4
      vertex 145.033 188.158 0
    endloop
  endfacet
  facet normal -0.895812 0.444434 0
    outer loop
      vertex 145.033 188.158 4
      vertex 144.905 187.9 0
      vertex 144.905 187.9 4
    endloop
  endfacet
  facet normal -0.444434 0.895812 0
    outer loop
      vertex 144.1 187.095 0
      vertex 143.842 186.967 4
      vertex 144.1 187.095 4
    endloop
  endfacet
  facet normal -0.444434 0.895812 0
    outer loop
      vertex 143.842 186.967 4
      vertex 144.1 187.095 0
      vertex 143.842 186.967 0
    endloop
  endfacet
  facet normal 0.980847 0.194778 0
    outer loop
      vertex 140.875 188.431 4
      vertex 140.819 188.713 0
      vertex 140.819 188.713 4
    endloop
  endfacet
  facet normal 0.980847 0.194778 0
    outer loop
      vertex 140.819 188.713 0
      vertex 140.875 188.431 4
      vertex 140.875 188.431 0
    endloop
  endfacet
  facet normal -0.194778 0.980847 0
    outer loop
      vertex 143.569 186.875 0
      vertex 143.287 186.819 4
      vertex 143.569 186.875 4
    endloop
  endfacet
  facet normal -0.194778 0.980847 0
    outer loop
      vertex 143.287 186.819 4
      vertex 143.569 186.875 0
      vertex 143.287 186.819 0
    endloop
  endfacet
  facet normal -0.556304 0.830979 0
    outer loop
      vertex 144.339 187.255 0
      vertex 144.1 187.095 4
      vertex 144.339 187.255 4
    endloop
  endfacet
  facet normal -0.556304 0.830979 0
    outer loop
      vertex 144.1 187.095 4
      vertex 144.339 187.255 0
      vertex 144.1 187.095 0
    endloop
  endfacet
  facet normal 0.754082 -0.656781 0
    outer loop
      vertex 141.255 190.339 4
      vertex 141.444 190.556 0
      vertex 141.444 190.556 4
    endloop
  endfacet
  facet normal 0.754082 -0.656781 0
    outer loop
      vertex 141.444 190.556 0
      vertex 141.255 190.339 4
      vertex 141.255 190.339 0
    endloop
  endfacet
  facet normal -0.754082 0.656781 0
    outer loop
      vertex 144.556 187.444 0
      vertex 144.745 187.661 4
      vertex 144.745 187.661 0
    endloop
  endfacet
  facet normal -0.754082 0.656781 0
    outer loop
      vertex 144.745 187.661 4
      vertex 144.556 187.444 0
      vertex 144.556 187.444 4
    endloop
  endfacet
  facet normal -0.830979 -0.556304 0
    outer loop
      vertex 144.905 190.1 0
      vertex 144.745 190.339 4
      vertex 144.745 190.339 0
    endloop
  endfacet
  facet normal -0.830979 -0.556304 0
    outer loop
      vertex 144.745 190.339 4
      vertex 144.905 190.1 0
      vertex 144.905 190.1 4
    endloop
  endfacet
  facet normal -0.556304 -0.830979 0
    outer loop
      vertex 144.1 190.905 0
      vertex 144.339 190.745 4
      vertex 144.1 190.905 4
    endloop
  endfacet
  facet normal -0.556304 -0.830979 -0
    outer loop
      vertex 144.339 190.745 4
      vertex 144.1 190.905 0
      vertex 144.339 190.745 0
    endloop
  endfacet
  facet normal -0.980847 0.194778 0
    outer loop
      vertex 145.125 188.431 0
      vertex 145.181 188.713 4
      vertex 145.181 188.713 0
    endloop
  endfacet
  facet normal -0.980847 0.194778 0
    outer loop
      vertex 145.181 188.713 4
      vertex 145.125 188.431 0
      vertex 145.125 188.431 4
    endloop
  endfacet
  facet normal -0.31935 0.947637 0
    outer loop
      vertex 143.842 186.967 0
      vertex 143.569 186.875 4
      vertex 143.842 186.967 4
    endloop
  endfacet
  facet normal -0.31935 0.947637 0
    outer loop
      vertex 143.569 186.875 4
      vertex 143.842 186.967 0
      vertex 143.569 186.875 0
    endloop
  endfacet
  facet normal 0.194778 -0.980847 0
    outer loop
      vertex 142.431 191.125 0
      vertex 142.713 191.181 4
      vertex 142.431 191.125 4
    endloop
  endfacet
  facet normal 0.194778 -0.980847 0
    outer loop
      vertex 142.713 191.181 4
      vertex 142.431 191.125 0
      vertex 142.713 191.181 0
    endloop
  endfacet
  facet normal 0.895812 0.444434 0
    outer loop
      vertex 141.095 187.9 4
      vertex 140.967 188.158 0
      vertex 140.967 188.158 4
    endloop
  endfacet
  facet normal 0.895812 0.444434 0
    outer loop
      vertex 140.967 188.158 0
      vertex 141.095 187.9 4
      vertex 141.095 187.9 0
    endloop
  endfacet
  facet normal 0.656781 -0.754082 0
    outer loop
      vertex 141.444 190.556 0
      vertex 141.661 190.745 4
      vertex 141.444 190.556 4
    endloop
  endfacet
  facet normal 0.656781 -0.754082 0
    outer loop
      vertex 141.661 190.745 4
      vertex 141.444 190.556 0
      vertex 141.661 190.745 0
    endloop
  endfacet
  facet normal 0.997816 -0.0660575 0
    outer loop
      vertex 140.8 189 4
      vertex 140.819 189.287 0
      vertex 140.819 189.287 4
    endloop
  endfacet
  facet normal 0.997816 -0.0660575 0
    outer loop
      vertex 140.819 189.287 0
      vertex 140.8 189 4
      vertex 140.8 189 0
    endloop
  endfacet
  facet normal 0.895812 -0.444434 0
    outer loop
      vertex 140.967 189.842 4
      vertex 141.095 190.1 0
      vertex 141.095 190.1 4
    endloop
  endfacet
  facet normal 0.895812 -0.444434 0
    outer loop
      vertex 141.095 190.1 0
      vertex 140.967 189.842 4
      vertex 140.967 189.842 0
    endloop
  endfacet
  facet normal -0.31935 -0.947637 0
    outer loop
      vertex 143.569 191.125 0
      vertex 143.842 191.033 4
      vertex 143.569 191.125 4
    endloop
  endfacet
  facet normal -0.31935 -0.947637 -0
    outer loop
      vertex 143.842 191.033 4
      vertex 143.569 191.125 0
      vertex 143.842 191.033 0
    endloop
  endfacet
  facet normal -0.754082 -0.656781 0
    outer loop
      vertex 144.745 190.339 0
      vertex 144.556 190.556 4
      vertex 144.556 190.556 0
    endloop
  endfacet
  facet normal -0.754082 -0.656781 0
    outer loop
      vertex 144.556 190.556 4
      vertex 144.745 190.339 0
      vertex 144.745 190.339 4
    endloop
  endfacet
  facet normal -0.947637 -0.31935 0
    outer loop
      vertex 145.125 189.569 0
      vertex 145.033 189.842 4
      vertex 145.033 189.842 0
    endloop
  endfacet
  facet normal -0.947637 -0.31935 0
    outer loop
      vertex 145.033 189.842 4
      vertex 145.125 189.569 0
      vertex 145.125 189.569 4
    endloop
  endfacet
  facet normal 0.31935 -0.947637 0
    outer loop
      vertex 142.158 191.033 0
      vertex 142.431 191.125 4
      vertex 142.158 191.033 4
    endloop
  endfacet
  facet normal 0.31935 -0.947637 0
    outer loop
      vertex 142.431 191.125 4
      vertex 142.158 191.033 0
      vertex 142.431 191.125 0
    endloop
  endfacet
  facet normal 0.980847 -0.194778 0
    outer loop
      vertex 140.819 189.287 4
      vertex 140.875 189.569 0
      vertex 140.875 189.569 4
    endloop
  endfacet
  facet normal 0.980847 -0.194778 0
    outer loop
      vertex 140.875 189.569 0
      vertex 140.819 189.287 4
      vertex 140.819 189.287 0
    endloop
  endfacet
  facet normal 0.444434 -0.895812 0
    outer loop
      vertex 141.9 190.905 0
      vertex 142.158 191.033 4
      vertex 141.9 190.905 4
    endloop
  endfacet
  facet normal 0.444434 -0.895812 0
    outer loop
      vertex 142.158 191.033 4
      vertex 141.9 190.905 0
      vertex 142.158 191.033 0
    endloop
  endfacet
  facet normal 0.997816 0.0660575 0
    outer loop
      vertex 140.819 188.713 4
      vertex 140.8 189 0
      vertex 140.8 189 4
    endloop
  endfacet
  facet normal 0.997816 0.0660575 0
    outer loop
      vertex 140.8 189 0
      vertex 140.819 188.713 4
      vertex 140.819 188.713 0
    endloop
  endfacet
  facet normal 0.830979 0.556304 0
    outer loop
      vertex 141.255 187.661 4
      vertex 141.095 187.9 0
      vertex 141.095 187.9 4
    endloop
  endfacet
  facet normal 0.830979 0.556304 0
    outer loop
      vertex 141.095 187.9 0
      vertex 141.255 187.661 4
      vertex 141.255 187.661 0
    endloop
  endfacet
  facet normal 0.444434 0.895812 -0
    outer loop
      vertex 142.158 186.967 0
      vertex 141.9 187.095 4
      vertex 142.158 186.967 4
    endloop
  endfacet
  facet normal 0.444434 0.895812 0
    outer loop
      vertex 141.9 187.095 4
      vertex 142.158 186.967 0
      vertex 141.9 187.095 0
    endloop
  endfacet
  facet normal 0.556304 -0.830979 0
    outer loop
      vertex 141.661 190.745 0
      vertex 141.9 190.905 4
      vertex 141.661 190.745 4
    endloop
  endfacet
  facet normal 0.556304 -0.830979 0
    outer loop
      vertex 141.9 190.905 4
      vertex 141.661 190.745 0
      vertex 141.9 190.905 0
    endloop
  endfacet
  facet normal 0.0660575 0.997816 -0
    outer loop
      vertex 143 186.8 0
      vertex 142.713 186.819 4
      vertex 143 186.8 4
    endloop
  endfacet
  facet normal 0.0660575 0.997816 0
    outer loop
      vertex 142.713 186.819 4
      vertex 143 186.8 0
      vertex 142.713 186.819 0
    endloop
  endfacet
  facet normal 0.556304 0.830979 -0
    outer loop
      vertex 141.9 187.095 0
      vertex 141.661 187.255 4
      vertex 141.9 187.095 4
    endloop
  endfacet
  facet normal 0.556304 0.830979 0
    outer loop
      vertex 141.661 187.255 4
      vertex 141.9 187.095 0
      vertex 141.661 187.255 0
    endloop
  endfacet
  facet normal 0.656781 0.754082 -0
    outer loop
      vertex 141.661 187.255 0
      vertex 141.444 187.444 4
      vertex 141.661 187.255 4
    endloop
  endfacet
  facet normal 0.656781 0.754082 0
    outer loop
      vertex 141.444 187.444 4
      vertex 141.661 187.255 0
      vertex 141.444 187.444 0
    endloop
  endfacet
  facet normal 0.947637 -0.31935 0
    outer loop
      vertex 140.875 189.569 4
      vertex 140.967 189.842 0
      vertex 140.967 189.842 4
    endloop
  endfacet
  facet normal 0.947637 -0.31935 0
    outer loop
      vertex 140.967 189.842 0
      vertex 140.875 189.569 4
      vertex 140.875 189.569 0
    endloop
  endfacet
  facet normal -0.194778 -0.980847 0
    outer loop
      vertex 143.287 191.181 0
      vertex 143.569 191.125 4
      vertex 143.287 191.181 4
    endloop
  endfacet
  facet normal -0.194778 -0.980847 -0
    outer loop
      vertex 143.569 191.125 4
      vertex 143.287 191.181 0
      vertex 143.569 191.125 0
    endloop
  endfacet
  facet normal -1 0 0
    outer loop
      vertex 89.8 201.215 8.9504
      vertex 89.8 214.393 9.175
      vertex 89.8 209.096 0
    endloop
  endfacet
  facet normal -1 0 0
    outer loop
      vertex 89.8 201.215 8.9504
      vertex 89.8 209.096 0
      vertex 89.8 201.29 4
    endloop
  endfacet
  facet normal -1 0 0
    outer loop
      vertex 89.8 200 0
      vertex 89.8 201.29 4
      vertex 89.8 209.096 0
    endloop
  endfacet
  facet normal -1 -0 0
    outer loop
      vertex 89.8 201.29 4
      vertex 89.8 200 0
      vertex 89.8 200 4
    endloop
  endfacet
  facet normal -1 -0 0
    outer loop
      vertex 89.8 214.393 9.175
      vertex 89.8 201.215 8.9504
      vertex 89.8 204.607 14.825
    endloop
  endfacet
  facet normal -4.67063e-05 -0.500003 -0.866023
    outer loop
      vertex 89.8 204.607 14.825
      vertex 88 206.166 13.925
      vertex 89.8 214.393 9.175
    endloop
  endfacet
  facet normal 0 -0.499963 -0.866047
    outer loop
      vertex 89.8 204.607 14.825
      vertex 66 206.166 13.925
      vertex 88 206.166 13.925
    endloop
  endfacet
  facet normal 6.85456e-05 -0.500022 -0.866013
    outer loop
      vertex 66 206.166 13.925
      vertex 64.2 204.607 14.825
      vertex 66 212.834 10.075
    endloop
  endfacet
  facet normal 0 -0.499963 -0.866047
    outer loop
      vertex 64.2 204.607 14.825
      vertex 66 206.166 13.925
      vertex 89.8 204.607 14.825
    endloop
  endfacet
  facet normal 6.85456e-05 -0.500022 -0.866013
    outer loop
      vertex 88 212.834 10.075
      vertex 89.8 214.393 9.175
      vertex 88 206.166 13.925
    endloop
  endfacet
  facet normal 0 -0.499963 -0.866047
    outer loop
      vertex 66 212.834 10.075
      vertex 89.8 214.393 9.175
      vertex 88 212.834 10.075
    endloop
  endfacet
  facet normal 0 -0.499963 -0.866047
    outer loop
      vertex 66 212.834 10.075
      vertex 64.2 214.393 9.175
      vertex 89.8 214.393 9.175
    endloop
  endfacet
  facet normal -4.67063e-05 -0.500003 -0.866023
    outer loop
      vertex 64.2 214.393 9.175
      vertex 66 212.834 10.075
      vertex 64.2 204.607 14.825
    endloop
  endfacet
  facet normal 1 0 0
    outer loop
      vertex 64.2 209.096 0
      vertex 64.2 201.215 8.9504
      vertex 64.2 201.29 4
    endloop
  endfacet
  facet normal 1 0 0
    outer loop
      vertex 64.2 201.215 8.9504
      vertex 64.2 214.393 9.175
      vertex 64.2 204.607 14.825
    endloop
  endfacet
  facet normal 1 -0 0
    outer loop
      vertex 64.2 201.215 8.9504
      vertex 64.2 209.096 0
      vertex 64.2 214.393 9.175
    endloop
  endfacet
  facet normal 1 0 0
    outer loop
      vertex 64.2 200 0
      vertex 64.2 201.29 4
      vertex 64.2 200 4
    endloop
  endfacet
  facet normal 1 0 0
    outer loop
      vertex 64.2 201.29 4
      vertex 64.2 200 0
      vertex 64.2 209.096 0
    endloop
  endfacet
  facet normal 0 -0.866033 0.499987
    outer loop
      vertex 64.2 209.096 0
      vertex 89.8 214.393 9.175
      vertex 64.2 214.393 9.175
    endloop
  endfacet
  facet normal 0 -0.866033 0.499987
    outer loop
      vertex 89.8 214.393 9.175
      vertex 64.2 209.096 0
      vertex 89.8 209.096 0
    endloop
  endfacet
  facet normal 0 0.866006 -0.500033
    outer loop
      vertex 89.8 201.215 8.9504
      vertex 64.2 204.607 14.825
      vertex 89.8 204.607 14.825
    endloop
  endfacet
  facet normal 0 0.866006 -0.500033
    outer loop
      vertex 64.2 204.607 14.825
      vertex 89.8 201.215 8.9504
      vertex 64.2 201.215 8.9504
    endloop
  endfacet
  facet normal -1 0 0
    outer loop
      vertex 88 212.834 10.075
      vertex 88 207.166 15.6571
      vertex 88 213.834 11.8071
    endloop
  endfacet
  facet normal -1 0 -0
    outer loop
      vertex 88 207.166 15.6571
      vertex 88 212.834 10.075
      vertex 88 206.166 13.925
    endloop
  endfacet
  facet normal 1 0 0
    outer loop
      vertex 66 207.166 15.6571
      vertex 66 212.834 10.075
      vertex 66 213.834 11.8071
    endloop
  endfacet
  facet normal 1 0 0
    outer loop
      vertex 66 212.834 10.075
      vertex 66 207.166 15.6571
      vertex 66 206.166 13.925
    endloop
  endfacet
  facet normal 0 -0.866032 0.499989
    outer loop
      vertex 66 212.834 10.075
      vertex 88 213.834 11.8071
      vertex 66 213.834 11.8071
    endloop
  endfacet
  facet normal 0 -0.866032 0.499989
    outer loop
      vertex 88 213.834 11.8071
      vertex 66 212.834 10.075
      vertex 88 212.834 10.075
    endloop
  endfacet
  facet normal 0 0.866032 -0.499989
    outer loop
      vertex 88 206.166 13.925
      vertex 66 207.166 15.6571
      vertex 88 207.166 15.6571
    endloop
  endfacet
  facet normal 0 0.866032 -0.499989
    outer loop
      vertex 66 207.166 15.6571
      vertex 88 206.166 13.925
      vertex 66 206.166 13.925
    endloop
  endfacet
endsolid OpenSCAD_Model
