solid OpenSCAD_Model
  facet normal 1 -0 0
    outer loop
      vertex 33.5 -57.9 2.5
      vertex 33.5 -45.9 -5.72205e-07
      vertex 33.5 -45.9 2.5
    endloop
  endfacet
  facet normal 1 0 0
    outer loop
      vertex 33.5 -45.9 -5.72205e-07
      vertex 33.5 -57.9 2.5
      vertex 33.5 -57.9 -5.72205e-07
    endloop
  endfacet
  facet normal 0 -1 0
    outer loop
      vertex 25.5 -57.9 -5.72205e-07
      vertex 33.5 -57.9 2.5
      vertex 25.5 -57.9 2.5
    endloop
  endfacet
  facet normal 0 -1 -0
    outer loop
      vertex 33.5 -57.9 2.5
      vertex 25.5 -57.9 -5.72205e-07
      vertex 33.5 -57.9 -5.72205e-07
    endloop
  endfacet
  facet normal 0 1 -0
    outer loop
      vertex 112.5 -29.9 -5.72205e-07
      vertex 25.5 -29.9 2.5
      vertex 112.5 -29.9 2.5
    endloop
  endfacet
  facet normal 0 1 0
    outer loop
      vertex 25.5 -29.9 2.5
      vertex 112.5 -29.9 -5.72205e-07
      vertex 25.5 -29.9 -5.72205e-07
    endloop
  endfacet
  facet normal -1 0 0
    outer loop
      vertex 25.5 -57.9 -5.72205e-07
      vertex 25.5 -29.9 2.5
      vertex 25.5 -29.9 -5.72205e-07
    endloop
  endfacet
  facet normal -1 -0 0
    outer loop
      vertex 25.5 -29.9 2.5
      vertex 25.5 -57.9 -5.72205e-07
      vertex 25.5 -57.9 2.5
    endloop
  endfacet
  facet normal 0 0 1
    outer loop
      vertex 33.5 -57.9 2.5
      vertex 31.1855 -53.6781 2.5
      vertex 31.2 -53.9 2.5
    endloop
  endfacet
  facet normal 0 0 1
    outer loop
      vertex 31.65 -49.3919 2.5
      vertex 31.1421 -53.46 2.5
      vertex 31.1855 -53.6781 2.5
    endloop
  endfacet
  facet normal 0 0 1
    outer loop
      vertex 30.7021 -52.6979 2.5
      vertex 31.3802 -49.5249 2.5
      vertex 31.0953 -49.6216 2.5
    endloop
  endfacet
  facet normal 0 0 1
    outer loop
      vertex 31.65 -49.3919 2.5
      vertex 31.0706 -53.2494 2.5
      vertex 31.1421 -53.46 2.5
    endloop
  endfacet
  facet normal 0 0 1
    outer loop
      vertex 31.65 -49.3919 2.5
      vertex 30.9722 -53.05 2.5
      vertex 31.0706 -53.2494 2.5
    endloop
  endfacet
  facet normal 0 0 1
    outer loop
      vertex 31.65 -49.3919 2.5
      vertex 30.8487 -52.8651 2.5
      vertex 30.9722 -53.05 2.5
    endloop
  endfacet
  facet normal 0 0 1
    outer loop
      vertex 30.35 -52.4278 2.5
      vertex 31.0953 -49.6216 2.5
      vertex 30.8002 -49.6803 2.5
    endloop
  endfacet
  facet normal 0 0 1
    outer loop
      vertex 31.3802 -49.5249 2.5
      vertex 30.7021 -52.6979 2.5
      vertex 30.8487 -52.8651 2.5
    endloop
  endfacet
  facet normal 0 0 1
    outer loop
      vertex 31.0953 -49.6216 2.5
      vertex 30.5349 -52.5513 2.5
      vertex 30.7021 -52.6979 2.5
    endloop
  endfacet
  facet normal 0 0 1
    outer loop
      vertex 30.1506 -52.3294 2.5
      vertex 30.8002 -49.6803 2.5
      vertex 30.5 -49.7 2.5
    endloop
  endfacet
  facet normal 0 0 1
    outer loop
      vertex 31.0953 -49.6216 2.5
      vertex 30.35 -52.4278 2.5
      vertex 30.5349 -52.5513 2.5
    endloop
  endfacet
  facet normal 0 0 1
    outer loop
      vertex 29.94 -52.2579 2.5
      vertex 30.5 -49.7 2.5
      vertex 30.1998 -49.6803 2.5
    endloop
  endfacet
  facet normal 0 0 1
    outer loop
      vertex 30.8002 -49.6803 2.5
      vertex 30.1506 -52.3294 2.5
      vertex 30.35 -52.4278 2.5
    endloop
  endfacet
  facet normal 0 0 1
    outer loop
      vertex 30.5 -49.7 2.5
      vertex 29.94 -52.2579 2.5
      vertex 30.1506 -52.3294 2.5
    endloop
  endfacet
  facet normal 0 0 1
    outer loop
      vertex 29.7219 -52.2145 2.5
      vertex 30.1998 -49.6803 2.5
      vertex 29.9047 -49.6216 2.5
    endloop
  endfacet
  facet normal 0 0 1
    outer loop
      vertex 30.1998 -49.6803 2.5
      vertex 29.7219 -52.2145 2.5
      vertex 29.94 -52.2579 2.5
    endloop
  endfacet
  facet normal 0 0 1
    outer loop
      vertex 29.5 -52.2 2.5
      vertex 29.9047 -49.6216 2.5
      vertex 29.6198 -49.5249 2.5
    endloop
  endfacet
  facet normal 0 0 1
    outer loop
      vertex 29.9047 -49.6216 2.5
      vertex 29.5 -52.2 2.5
      vertex 29.7219 -52.2145 2.5
    endloop
  endfacet
  facet normal 0 0 1
    outer loop
      vertex 29.06 -52.2579 2.5
      vertex 29.6198 -49.5249 2.5
      vertex 29.35 -49.3919 2.5
    endloop
  endfacet
  facet normal 0 0 1
    outer loop
      vertex 29.6198 -49.5249 2.5
      vertex 29.2781 -52.2145 2.5
      vertex 29.5 -52.2 2.5
    endloop
  endfacet
  facet normal 0 0 1
    outer loop
      vertex 28.8494 -52.3294 2.5
      vertex 29.35 -49.3919 2.5
      vertex 29.0998 -49.2247 2.5
    endloop
  endfacet
  facet normal 0 0 1
    outer loop
      vertex 29.6198 -49.5249 2.5
      vertex 29.06 -52.2579 2.5
      vertex 29.2781 -52.2145 2.5
    endloop
  endfacet
  facet normal 0 0 1
    outer loop
      vertex 28.65 -52.4278 2.5
      vertex 29.0998 -49.2247 2.5
      vertex 28.8737 -49.0263 2.5
    endloop
  endfacet
  facet normal 0 0 1
    outer loop
      vertex 29.35 -49.3919 2.5
      vertex 28.8494 -52.3294 2.5
      vertex 29.06 -52.2579 2.5
    endloop
  endfacet
  facet normal 0 0 1
    outer loop
      vertex 28.4651 -52.5513 2.5
      vertex 28.8737 -49.0263 2.5
      vertex 28.6753 -48.8002 2.5
    endloop
  endfacet
  facet normal 0 0 1
    outer loop
      vertex 29.0998 -49.2247 2.5
      vertex 28.65 -52.4278 2.5
      vertex 28.8494 -52.3294 2.5
    endloop
  endfacet
  facet normal 0 0 1
    outer loop
      vertex 28.2979 -52.6979 2.5
      vertex 28.6753 -48.8002 2.5
      vertex 28.5081 -48.55 2.5
    endloop
  endfacet
  facet normal 0 0 1
    outer loop
      vertex 28.8737 -49.0263 2.5
      vertex 28.4651 -52.5513 2.5
      vertex 28.65 -52.4278 2.5
    endloop
  endfacet
  facet normal 0 0 1
    outer loop
      vertex 28.1513 -52.8651 2.5
      vertex 28.5081 -48.55 2.5
      vertex 28.3751 -48.2802 2.5
    endloop
  endfacet
  facet normal 0 0 1
    outer loop
      vertex 28.6753 -48.8002 2.5
      vertex 28.2979 -52.6979 2.5
      vertex 28.4651 -52.5513 2.5
    endloop
  endfacet
  facet normal 0 0 1
    outer loop
      vertex 28.0278 -53.05 2.5
      vertex 28.3751 -48.2802 2.5
      vertex 28.2784 -47.9953 2.5
    endloop
  endfacet
  facet normal 0 0 1
    outer loop
      vertex 27.9294 -53.2494 2.5
      vertex 28.2784 -47.9953 2.5
      vertex 28.2197 -47.7002 2.5
    endloop
  endfacet
  facet normal 0 0 1
    outer loop
      vertex 25.5 -57.9 2.5
      vertex 28.2197 -47.7002 2.5
      vertex 28.2 -47.4 2.5
    endloop
  endfacet
  facet normal 0 0 1
    outer loop
      vertex 28.5081 -48.55 2.5
      vertex 28.1513 -52.8651 2.5
      vertex 28.2979 -52.6979 2.5
    endloop
  endfacet
  facet normal -0 0 1
    outer loop
      vertex 32.7216 -33.9953 2.5
      vertex 33.5 -45.9 2.5
      vertex 32.7803 -33.7002 2.5
    endloop
  endfacet
  facet normal 0 0 1
    outer loop
      vertex 33.5 -45.9 2.5
      vertex 32.7803 -47.0998 2.5
      vertex 32.8 -47.4 2.5
    endloop
  endfacet
  facet normal -0 0 1
    outer loop
      vertex 32.6249 -34.2802 2.5
      vertex 33.5 -45.9 2.5
      vertex 32.7216 -33.9953 2.5
    endloop
  endfacet
  facet normal 0 0 1
    outer loop
      vertex 33.5 -45.9 2.5
      vertex 32.7216 -46.8047 2.5
      vertex 32.7803 -47.0998 2.5
    endloop
  endfacet
  facet normal -0 0 1
    outer loop
      vertex 32.4919 -34.55 2.5
      vertex 33.5 -45.9 2.5
      vertex 32.6249 -34.2802 2.5
    endloop
  endfacet
  facet normal 0 0 1
    outer loop
      vertex 33.5 -45.9 2.5
      vertex 32.6249 -46.5198 2.5
      vertex 32.7216 -46.8047 2.5
    endloop
  endfacet
  facet normal -0 0 1
    outer loop
      vertex 32.3247 -34.8002 2.5
      vertex 33.5 -45.9 2.5
      vertex 32.4919 -34.55 2.5
    endloop
  endfacet
  facet normal 0 0 1
    outer loop
      vertex 33.5 -45.9 2.5
      vertex 32.4919 -46.25 2.5
      vertex 32.6249 -46.5198 2.5
    endloop
  endfacet
  facet normal -0 0 1
    outer loop
      vertex 32.1263 -35.0263 2.5
      vertex 33.5 -45.9 2.5
      vertex 32.3247 -34.8002 2.5
    endloop
  endfacet
  facet normal 0 0 1
    outer loop
      vertex 33.5 -45.9 2.5
      vertex 32.3247 -45.9998 2.5
      vertex 32.4919 -46.25 2.5
    endloop
  endfacet
  facet normal -0 0 1
    outer loop
      vertex 31.9002 -35.2247 2.5
      vertex 33.5 -45.9 2.5
      vertex 32.1263 -35.0263 2.5
    endloop
  endfacet
  facet normal 0 0 1
    outer loop
      vertex 33.5 -45.9 2.5
      vertex 32.1263 -45.7737 2.5
      vertex 32.3247 -45.9998 2.5
    endloop
  endfacet
  facet normal -0 0 1
    outer loop
      vertex 31.65 -35.3919 2.5
      vertex 33.5 -45.9 2.5
      vertex 31.9002 -35.2247 2.5
    endloop
  endfacet
  facet normal 0 0 1
    outer loop
      vertex 33.5 -45.9 2.5
      vertex 31.9002 -45.5753 2.5
      vertex 32.1263 -45.7737 2.5
    endloop
  endfacet
  facet normal -0 0 1
    outer loop
      vertex 31.65 -45.4081 2.5
      vertex 33.5 -45.9 2.5
      vertex 31.65 -35.3919 2.5
    endloop
  endfacet
  facet normal 0 0 1
    outer loop
      vertex 33.5 -45.9 2.5
      vertex 31.65 -45.4081 2.5
      vertex 31.9002 -45.5753 2.5
    endloop
  endfacet
  facet normal -0 0 1
    outer loop
      vertex 31.3802 -35.5249 2.5
      vertex 31.65 -45.4081 2.5
      vertex 31.65 -35.3919 2.5
    endloop
  endfacet
  facet normal 0 0 1
    outer loop
      vertex 31.3802 -35.5249 2.5
      vertex 31.3802 -45.2751 2.5
      vertex 31.65 -45.4081 2.5
    endloop
  endfacet
  facet normal -0 0 1
    outer loop
      vertex 31.0953 -35.6216 2.5
      vertex 31.3802 -45.2751 2.5
      vertex 31.3802 -35.5249 2.5
    endloop
  endfacet
  facet normal 0 0 1
    outer loop
      vertex 31.0953 -35.6216 2.5
      vertex 31.0953 -45.1784 2.5
      vertex 31.3802 -45.2751 2.5
    endloop
  endfacet
  facet normal -0 0 1
    outer loop
      vertex 30.8002 -35.6803 2.5
      vertex 31.0953 -45.1784 2.5
      vertex 31.0953 -35.6216 2.5
    endloop
  endfacet
  facet normal 0 0 1
    outer loop
      vertex 30.8002 -35.6803 2.5
      vertex 30.8002 -45.1197 2.5
      vertex 31.0953 -45.1784 2.5
    endloop
  endfacet
  facet normal -0 0 1
    outer loop
      vertex 30.5 -35.7 2.5
      vertex 30.8002 -45.1197 2.5
      vertex 30.8002 -35.6803 2.5
    endloop
  endfacet
  facet normal 0 0 1
    outer loop
      vertex 30.5 -35.7 2.5
      vertex 30.5 -45.1 2.5
      vertex 30.8002 -45.1197 2.5
    endloop
  endfacet
  facet normal 0 0 1
    outer loop
      vertex 30.1998 -35.6803 2.5
      vertex 30.5 -45.1 2.5
      vertex 30.5 -35.7 2.5
    endloop
  endfacet
  facet normal 0 0 1
    outer loop
      vertex 30.1998 -35.6803 2.5
      vertex 30.1998 -45.1197 2.5
      vertex 30.5 -45.1 2.5
    endloop
  endfacet
  facet normal 0 0 1
    outer loop
      vertex 29.9047 -35.6216 2.5
      vertex 30.1998 -45.1197 2.5
      vertex 30.1998 -35.6803 2.5
    endloop
  endfacet
  facet normal 0 0 1
    outer loop
      vertex 29.9047 -35.6216 2.5
      vertex 29.9047 -45.1784 2.5
      vertex 30.1998 -45.1197 2.5
    endloop
  endfacet
  facet normal 0 0 1
    outer loop
      vertex 29.6198 -35.5249 2.5
      vertex 29.9047 -45.1784 2.5
      vertex 29.9047 -35.6216 2.5
    endloop
  endfacet
  facet normal 0 0 1
    outer loop
      vertex 29.6198 -35.5249 2.5
      vertex 29.6198 -45.2751 2.5
      vertex 29.9047 -45.1784 2.5
    endloop
  endfacet
  facet normal 0 0 1
    outer loop
      vertex 29.35 -35.3919 2.5
      vertex 29.6198 -45.2751 2.5
      vertex 29.6198 -35.5249 2.5
    endloop
  endfacet
  facet normal 0 0 1
    outer loop
      vertex 29.35 -35.3919 2.5
      vertex 29.35 -45.4081 2.5
      vertex 29.6198 -45.2751 2.5
    endloop
  endfacet
  facet normal 0 0 1
    outer loop
      vertex 29.0998 -35.2247 2.5
      vertex 29.35 -45.4081 2.5
      vertex 29.35 -35.3919 2.5
    endloop
  endfacet
  facet normal 0 0 1
    outer loop
      vertex 29.0998 -35.2247 2.5
      vertex 29.0998 -45.5753 2.5
      vertex 29.35 -45.4081 2.5
    endloop
  endfacet
  facet normal 0 0 1
    outer loop
      vertex 28.8737 -35.0263 2.5
      vertex 29.0998 -45.5753 2.5
      vertex 29.0998 -35.2247 2.5
    endloop
  endfacet
  facet normal 0 0 1
    outer loop
      vertex 28.8737 -35.0263 2.5
      vertex 28.8737 -45.7737 2.5
      vertex 29.0998 -45.5753 2.5
    endloop
  endfacet
  facet normal 0 0 1
    outer loop
      vertex 28.6753 -34.8002 2.5
      vertex 28.8737 -45.7737 2.5
      vertex 28.8737 -35.0263 2.5
    endloop
  endfacet
  facet normal 0 0 1
    outer loop
      vertex 28.6753 -34.8002 2.5
      vertex 28.6753 -45.9998 2.5
      vertex 28.8737 -45.7737 2.5
    endloop
  endfacet
  facet normal 0 0 1
    outer loop
      vertex 28.5081 -34.55 2.5
      vertex 28.6753 -45.9998 2.5
      vertex 28.6753 -34.8002 2.5
    endloop
  endfacet
  facet normal 0 0 1
    outer loop
      vertex 28.5081 -34.55 2.5
      vertex 28.5081 -46.25 2.5
      vertex 28.6753 -45.9998 2.5
    endloop
  endfacet
  facet normal 0 0 1
    outer loop
      vertex 28.3751 -34.2802 2.5
      vertex 28.5081 -46.25 2.5
      vertex 28.5081 -34.55 2.5
    endloop
  endfacet
  facet normal 0 0 1
    outer loop
      vertex 28.3751 -34.2802 2.5
      vertex 28.3751 -46.5198 2.5
      vertex 28.5081 -46.25 2.5
    endloop
  endfacet
  facet normal 0 0 1
    outer loop
      vertex 25.5 -29.9 2.5
      vertex 28.3751 -34.2802 2.5
      vertex 28.2784 -33.9953 2.5
    endloop
  endfacet
  facet normal 0 0 1
    outer loop
      vertex 28.3751 -34.2802 2.5
      vertex 25.5 -29.9 2.5
      vertex 28.3751 -46.5198 2.5
    endloop
  endfacet
  facet normal 0 0 1
    outer loop
      vertex 25.5 -29.9 2.5
      vertex 28.2784 -33.9953 2.5
      vertex 28.2197 -33.7002 2.5
    endloop
  endfacet
  facet normal 0 0 1
    outer loop
      vertex 28.3751 -46.5198 2.5
      vertex 25.5 -29.9 2.5
      vertex 28.2784 -46.8047 2.5
    endloop
  endfacet
  facet normal 0 0 1
    outer loop
      vertex 25.5 -29.9 2.5
      vertex 28.2197 -33.7002 2.5
      vertex 28.2 -33.4 2.5
    endloop
  endfacet
  facet normal 0 0 1
    outer loop
      vertex 28.2784 -46.8047 2.5
      vertex 25.5 -29.9 2.5
      vertex 28.2197 -47.0998 2.5
    endloop
  endfacet
  facet normal 0 0 1
    outer loop
      vertex 32.7803 -47.7002 2.5
      vertex 33.5 -45.9 2.5
      vertex 32.8 -47.4 2.5
    endloop
  endfacet
  facet normal 0 0 1
    outer loop
      vertex 32.7216 -47.9953 2.5
      vertex 33.5 -45.9 2.5
      vertex 32.7803 -47.7002 2.5
    endloop
  endfacet
  facet normal 0 0 1
    outer loop
      vertex 33.5 -45.9 2.5
      vertex 32.7216 -47.9953 2.5
      vertex 33.5 -57.9 2.5
    endloop
  endfacet
  facet normal -0 0 1
    outer loop
      vertex 32.6249 -48.2802 2.5
      vertex 33.5 -57.9 2.5
      vertex 32.7216 -47.9953 2.5
    endloop
  endfacet
  facet normal -0 0 1
    outer loop
      vertex 32.4919 -48.55 2.5
      vertex 33.5 -57.9 2.5
      vertex 32.6249 -48.2802 2.5
    endloop
  endfacet
  facet normal -0 0 1
    outer loop
      vertex 32.3247 -48.8002 2.5
      vertex 33.5 -57.9 2.5
      vertex 32.4919 -48.55 2.5
    endloop
  endfacet
  facet normal 0 0 1
    outer loop
      vertex 31.1855 -53.6781 2.5
      vertex 32.3247 -48.8002 2.5
      vertex 32.1263 -49.0263 2.5
    endloop
  endfacet
  facet normal 0 0 1
    outer loop
      vertex 31.1855 -53.6781 2.5
      vertex 32.1263 -49.0263 2.5
      vertex 31.9002 -49.2247 2.5
    endloop
  endfacet
  facet normal 0 0 1
    outer loop
      vertex 31.1855 -53.6781 2.5
      vertex 31.9002 -49.2247 2.5
      vertex 31.65 -49.3919 2.5
    endloop
  endfacet
  facet normal 0 0 1
    outer loop
      vertex 30.8487 -52.8651 2.5
      vertex 31.65 -49.3919 2.5
      vertex 31.3802 -49.5249 2.5
    endloop
  endfacet
  facet normal -0 0 1
    outer loop
      vertex 31.1855 -53.6781 2.5
      vertex 33.5 -57.9 2.5
      vertex 32.3247 -48.8002 2.5
    endloop
  endfacet
  facet normal -0 0 1
    outer loop
      vertex 31.1855 -54.1219 2.5
      vertex 33.5 -57.9 2.5
      vertex 31.2 -53.9 2.5
    endloop
  endfacet
  facet normal -0 0 1
    outer loop
      vertex 31.1421 -54.34 2.5
      vertex 33.5 -57.9 2.5
      vertex 31.1855 -54.1219 2.5
    endloop
  endfacet
  facet normal -0 0 1
    outer loop
      vertex 31.0706 -54.5506 2.5
      vertex 33.5 -57.9 2.5
      vertex 31.1421 -54.34 2.5
    endloop
  endfacet
  facet normal -0 0 1
    outer loop
      vertex 30.9722 -54.75 2.5
      vertex 33.5 -57.9 2.5
      vertex 31.0706 -54.5506 2.5
    endloop
  endfacet
  facet normal -0 0 1
    outer loop
      vertex 30.8487 -54.9349 2.5
      vertex 33.5 -57.9 2.5
      vertex 30.9722 -54.75 2.5
    endloop
  endfacet
  facet normal -0 0 1
    outer loop
      vertex 30.7021 -55.1021 2.5
      vertex 33.5 -57.9 2.5
      vertex 30.8487 -54.9349 2.5
    endloop
  endfacet
  facet normal -0 0 1
    outer loop
      vertex 30.5349 -55.2487 2.5
      vertex 33.5 -57.9 2.5
      vertex 30.7021 -55.1021 2.5
    endloop
  endfacet
  facet normal -0 0 1
    outer loop
      vertex 30.35 -55.3722 2.5
      vertex 33.5 -57.9 2.5
      vertex 30.5349 -55.2487 2.5
    endloop
  endfacet
  facet normal -0 0 1
    outer loop
      vertex 30.1506 -55.4706 2.5
      vertex 33.5 -57.9 2.5
      vertex 30.35 -55.3722 2.5
    endloop
  endfacet
  facet normal -0 0 1
    outer loop
      vertex 29.94 -55.5421 2.5
      vertex 33.5 -57.9 2.5
      vertex 30.1506 -55.4706 2.5
    endloop
  endfacet
  facet normal -0 0 1
    outer loop
      vertex 29.7219 -55.5855 2.5
      vertex 33.5 -57.9 2.5
      vertex 29.94 -55.5421 2.5
    endloop
  endfacet
  facet normal -0 0 1
    outer loop
      vertex 29.5 -55.6 2.5
      vertex 33.5 -57.9 2.5
      vertex 29.7219 -55.5855 2.5
    endloop
  endfacet
  facet normal 0 0 1
    outer loop
      vertex 25.5 -57.9 2.5
      vertex 29.5 -55.6 2.5
      vertex 29.2781 -55.5855 2.5
    endloop
  endfacet
  facet normal 0 0 1
    outer loop
      vertex 25.5 -57.9 2.5
      vertex 29.2781 -55.5855 2.5
      vertex 29.06 -55.5421 2.5
    endloop
  endfacet
  facet normal 0 0 1
    outer loop
      vertex 25.5 -57.9 2.5
      vertex 29.06 -55.5421 2.5
      vertex 28.8494 -55.4706 2.5
    endloop
  endfacet
  facet normal 0 0 1
    outer loop
      vertex 25.5 -57.9 2.5
      vertex 28.8494 -55.4706 2.5
      vertex 28.65 -55.3722 2.5
    endloop
  endfacet
  facet normal 0 0 1
    outer loop
      vertex 27.8145 -53.6781 2.5
      vertex 25.5 -57.9 2.5
      vertex 27.8 -53.9 2.5
    endloop
  endfacet
  facet normal 0 0 1
    outer loop
      vertex 29.5 -55.6 2.5
      vertex 25.5 -57.9 2.5
      vertex 33.5 -57.9 2.5
    endloop
  endfacet
  facet normal 0 0 1
    outer loop
      vertex 28.4651 -55.2487 2.5
      vertex 25.5 -57.9 2.5
      vertex 28.65 -55.3722 2.5
    endloop
  endfacet
  facet normal 0 0 1
    outer loop
      vertex 28.2979 -55.1021 2.5
      vertex 25.5 -57.9 2.5
      vertex 28.4651 -55.2487 2.5
    endloop
  endfacet
  facet normal 0 0 1
    outer loop
      vertex 28.1513 -54.9349 2.5
      vertex 25.5 -57.9 2.5
      vertex 28.2979 -55.1021 2.5
    endloop
  endfacet
  facet normal 0 0 1
    outer loop
      vertex 28.0278 -54.75 2.5
      vertex 25.5 -57.9 2.5
      vertex 28.1513 -54.9349 2.5
    endloop
  endfacet
  facet normal 0 0 1
    outer loop
      vertex 27.9294 -54.5506 2.5
      vertex 25.5 -57.9 2.5
      vertex 28.0278 -54.75 2.5
    endloop
  endfacet
  facet normal 0 0 1
    outer loop
      vertex 27.8579 -54.34 2.5
      vertex 25.5 -57.9 2.5
      vertex 27.9294 -54.5506 2.5
    endloop
  endfacet
  facet normal 0 0 1
    outer loop
      vertex 27.8145 -54.1219 2.5
      vertex 25.5 -57.9 2.5
      vertex 27.8579 -54.34 2.5
    endloop
  endfacet
  facet normal 0 0 1
    outer loop
      vertex 27.8 -53.9 2.5
      vertex 25.5 -57.9 2.5
      vertex 27.8145 -54.1219 2.5
    endloop
  endfacet
  facet normal 0 0 1
    outer loop
      vertex 109.722 -33.9953 2.5
      vertex 112.5 -29.9 2.5
      vertex 109.78 -33.7002 2.5
    endloop
  endfacet
  facet normal 0 0 1
    outer loop
      vertex 112.5 -29.9 2.5
      vertex 109.78 -47.0998 2.5
      vertex 109.8 -47.4 2.5
    endloop
  endfacet
  facet normal 0 0 1
    outer loop
      vertex 109.625 -34.2802 2.5
      vertex 112.5 -29.9 2.5
      vertex 109.722 -33.9953 2.5
    endloop
  endfacet
  facet normal 0 0 1
    outer loop
      vertex 112.5 -29.9 2.5
      vertex 109.722 -46.8047 2.5
      vertex 109.78 -47.0998 2.5
    endloop
  endfacet
  facet normal 0 0 1
    outer loop
      vertex 109.625 -46.5198 2.5
      vertex 112.5 -29.9 2.5
      vertex 109.625 -34.2802 2.5
    endloop
  endfacet
  facet normal 0 0 1
    outer loop
      vertex 112.5 -29.9 2.5
      vertex 109.625 -46.5198 2.5
      vertex 109.722 -46.8047 2.5
    endloop
  endfacet
  facet normal -0 0 1
    outer loop
      vertex 109.492 -34.55 2.5
      vertex 109.625 -46.5198 2.5
      vertex 109.625 -34.2802 2.5
    endloop
  endfacet
  facet normal 0 0 1
    outer loop
      vertex 109.492 -34.55 2.5
      vertex 109.492 -46.25 2.5
      vertex 109.625 -46.5198 2.5
    endloop
  endfacet
  facet normal -0 0 1
    outer loop
      vertex 109.325 -34.8002 2.5
      vertex 109.492 -46.25 2.5
      vertex 109.492 -34.55 2.5
    endloop
  endfacet
  facet normal 0 0 1
    outer loop
      vertex 109.325 -34.8002 2.5
      vertex 109.325 -45.9998 2.5
      vertex 109.492 -46.25 2.5
    endloop
  endfacet
  facet normal -0 0 1
    outer loop
      vertex 109.126 -35.0263 2.5
      vertex 109.325 -45.9998 2.5
      vertex 109.325 -34.8002 2.5
    endloop
  endfacet
  facet normal 0 0 1
    outer loop
      vertex 109.126 -35.0263 2.5
      vertex 109.126 -45.7737 2.5
      vertex 109.325 -45.9998 2.5
    endloop
  endfacet
  facet normal -0 0 1
    outer loop
      vertex 108.9 -35.2247 2.5
      vertex 109.126 -45.7737 2.5
      vertex 109.126 -35.0263 2.5
    endloop
  endfacet
  facet normal 0 0 1
    outer loop
      vertex 108.9 -35.2247 2.5
      vertex 108.9 -45.5753 2.5
      vertex 109.126 -45.7737 2.5
    endloop
  endfacet
  facet normal -0 0 1
    outer loop
      vertex 108.65 -35.3919 2.5
      vertex 108.9 -45.5753 2.5
      vertex 108.9 -35.2247 2.5
    endloop
  endfacet
  facet normal 0 0 1
    outer loop
      vertex 108.65 -35.3919 2.5
      vertex 108.65 -45.4081 2.5
      vertex 108.9 -45.5753 2.5
    endloop
  endfacet
  facet normal -0 0 1
    outer loop
      vertex 108.38 -35.5249 2.5
      vertex 108.65 -45.4081 2.5
      vertex 108.65 -35.3919 2.5
    endloop
  endfacet
  facet normal 0 0 1
    outer loop
      vertex 108.38 -35.5249 2.5
      vertex 108.38 -45.2751 2.5
      vertex 108.65 -45.4081 2.5
    endloop
  endfacet
  facet normal -0 0 1
    outer loop
      vertex 108.095 -35.6216 2.5
      vertex 108.38 -45.2751 2.5
      vertex 108.38 -35.5249 2.5
    endloop
  endfacet
  facet normal 0 0 1
    outer loop
      vertex 108.095 -35.6216 2.5
      vertex 108.095 -45.1784 2.5
      vertex 108.38 -45.2751 2.5
    endloop
  endfacet
  facet normal -0 0 1
    outer loop
      vertex 107.8 -35.6803 2.5
      vertex 108.095 -45.1784 2.5
      vertex 108.095 -35.6216 2.5
    endloop
  endfacet
  facet normal 0 0 1
    outer loop
      vertex 107.8 -35.6803 2.5
      vertex 107.8 -45.1197 2.5
      vertex 108.095 -45.1784 2.5
    endloop
  endfacet
  facet normal -0 0 1
    outer loop
      vertex 107.5 -35.7 2.5
      vertex 107.8 -45.1197 2.5
      vertex 107.8 -35.6803 2.5
    endloop
  endfacet
  facet normal 0 0 1
    outer loop
      vertex 107.5 -35.7 2.5
      vertex 107.5 -45.1 2.5
      vertex 107.8 -45.1197 2.5
    endloop
  endfacet
  facet normal 0 0 1
    outer loop
      vertex 107.2 -35.6803 2.5
      vertex 107.5 -45.1 2.5
      vertex 107.5 -35.7 2.5
    endloop
  endfacet
  facet normal 0 0 1
    outer loop
      vertex 107.2 -35.6803 2.5
      vertex 107.2 -45.1197 2.5
      vertex 107.5 -45.1 2.5
    endloop
  endfacet
  facet normal 0 0 1
    outer loop
      vertex 106.905 -35.6216 2.5
      vertex 107.2 -45.1197 2.5
      vertex 107.2 -35.6803 2.5
    endloop
  endfacet
  facet normal 0 0 1
    outer loop
      vertex 106.905 -35.6216 2.5
      vertex 106.905 -45.1784 2.5
      vertex 107.2 -45.1197 2.5
    endloop
  endfacet
  facet normal 0 0 1
    outer loop
      vertex 106.62 -35.5249 2.5
      vertex 106.905 -45.1784 2.5
      vertex 106.905 -35.6216 2.5
    endloop
  endfacet
  facet normal 0 0 1
    outer loop
      vertex 106.62 -35.5249 2.5
      vertex 106.62 -45.2751 2.5
      vertex 106.905 -45.1784 2.5
    endloop
  endfacet
  facet normal 0 0 1
    outer loop
      vertex 106.35 -35.3919 2.5
      vertex 106.62 -45.2751 2.5
      vertex 106.62 -35.5249 2.5
    endloop
  endfacet
  facet normal 0 0 1
    outer loop
      vertex 106.35 -35.3919 2.5
      vertex 106.35 -45.4081 2.5
      vertex 106.62 -45.2751 2.5
    endloop
  endfacet
  facet normal 0 0 1
    outer loop
      vertex 104.5 -45.9 2.5
      vertex 106.35 -35.3919 2.5
      vertex 106.1 -35.2247 2.5
    endloop
  endfacet
  facet normal 0 0 1
    outer loop
      vertex 106.35 -35.3919 2.5
      vertex 104.5 -45.9 2.5
      vertex 106.35 -45.4081 2.5
    endloop
  endfacet
  facet normal 0 0 1
    outer loop
      vertex 104.5 -45.9 2.5
      vertex 106.1 -35.2247 2.5
      vertex 105.874 -35.0263 2.5
    endloop
  endfacet
  facet normal 0 0 1
    outer loop
      vertex 106.35 -45.4081 2.5
      vertex 104.5 -45.9 2.5
      vertex 106.1 -45.5753 2.5
    endloop
  endfacet
  facet normal 0 0 1
    outer loop
      vertex 104.5 -45.9 2.5
      vertex 105.874 -35.0263 2.5
      vertex 105.675 -34.8002 2.5
    endloop
  endfacet
  facet normal 0 0 1
    outer loop
      vertex 106.1 -45.5753 2.5
      vertex 104.5 -45.9 2.5
      vertex 105.874 -45.7737 2.5
    endloop
  endfacet
  facet normal 0 0 1
    outer loop
      vertex 104.5 -45.9 2.5
      vertex 105.675 -34.8002 2.5
      vertex 105.508 -34.55 2.5
    endloop
  endfacet
  facet normal 0 0 1
    outer loop
      vertex 105.874 -45.7737 2.5
      vertex 104.5 -45.9 2.5
      vertex 105.675 -45.9998 2.5
    endloop
  endfacet
  facet normal 0 0 1
    outer loop
      vertex 104.5 -45.9 2.5
      vertex 105.508 -34.55 2.5
      vertex 105.375 -34.2802 2.5
    endloop
  endfacet
  facet normal 0 0 1
    outer loop
      vertex 105.675 -45.9998 2.5
      vertex 104.5 -45.9 2.5
      vertex 105.508 -46.25 2.5
    endloop
  endfacet
  facet normal 0 0 1
    outer loop
      vertex 104.5 -45.9 2.5
      vertex 105.375 -34.2802 2.5
      vertex 105.278 -33.9953 2.5
    endloop
  endfacet
  facet normal 0 0 1
    outer loop
      vertex 105.508 -46.25 2.5
      vertex 104.5 -45.9 2.5
      vertex 105.375 -46.5198 2.5
    endloop
  endfacet
  facet normal 0 0 1
    outer loop
      vertex 104.5 -45.9 2.5
      vertex 105.278 -33.9953 2.5
      vertex 105.22 -33.7002 2.5
    endloop
  endfacet
  facet normal 0 0 1
    outer loop
      vertex 105.375 -46.5198 2.5
      vertex 104.5 -45.9 2.5
      vertex 105.278 -46.8047 2.5
    endloop
  endfacet
  facet normal -0 0 1
    outer loop
      vertex 32.8 -33.4 2.5
      vertex 105.22 -33.7002 2.5
      vertex 105.2 -33.4 2.5
    endloop
  endfacet
  facet normal 0 0 1
    outer loop
      vertex 105.278 -46.8047 2.5
      vertex 104.5 -45.9 2.5
      vertex 105.22 -47.0998 2.5
    endloop
  endfacet
  facet normal -0 0 1
    outer loop
      vertex 109.8 -47.4 2.5
      vertex 112.5 -57.9 2.5
      vertex 112.5 -29.9 2.5
    endloop
  endfacet
  facet normal 0 0 1
    outer loop
      vertex 112.5 -57.9 2.5
      vertex 110.185 -53.6781 2.5
      vertex 110.2 -53.9 2.5
    endloop
  endfacet
  facet normal -0 0 1
    outer loop
      vertex 109.78 -47.7002 2.5
      vertex 112.5 -57.9 2.5
      vertex 109.8 -47.4 2.5
    endloop
  endfacet
  facet normal 0 0 1
    outer loop
      vertex 112.5 -57.9 2.5
      vertex 110.142 -53.46 2.5
      vertex 110.185 -53.6781 2.5
    endloop
  endfacet
  facet normal 0 0 1
    outer loop
      vertex 112.5 -57.9 2.5
      vertex 109.78 -47.7002 2.5
      vertex 110.142 -53.46 2.5
    endloop
  endfacet
  facet normal 0 0 1
    outer loop
      vertex 110.142 -53.46 2.5
      vertex 109.78 -47.7002 2.5
      vertex 110.071 -53.2494 2.5
    endloop
  endfacet
  facet normal 0 0 1
    outer loop
      vertex 109.78 -33.7002 2.5
      vertex 112.5 -29.9 2.5
      vertex 109.8 -33.4 2.5
    endloop
  endfacet
  facet normal 0 0 1
    outer loop
      vertex 112.5 -29.9 2.5
      vertex 109.78 -33.0998 2.5
      vertex 109.8 -33.4 2.5
    endloop
  endfacet
  facet normal 0 0 1
    outer loop
      vertex 112.5 -29.9 2.5
      vertex 109.722 -32.8047 2.5
      vertex 109.78 -33.0998 2.5
    endloop
  endfacet
  facet normal 0 0 1
    outer loop
      vertex 112.5 -29.9 2.5
      vertex 109.625 -32.5198 2.5
      vertex 109.722 -32.8047 2.5
    endloop
  endfacet
  facet normal 0 0 1
    outer loop
      vertex 112.5 -29.9 2.5
      vertex 109.492 -32.25 2.5
      vertex 109.625 -32.5198 2.5
    endloop
  endfacet
  facet normal 0 0 1
    outer loop
      vertex 112.5 -29.9 2.5
      vertex 109.325 -31.9998 2.5
      vertex 109.492 -32.25 2.5
    endloop
  endfacet
  facet normal 0 0 1
    outer loop
      vertex 112.5 -29.9 2.5
      vertex 109.126 -31.7737 2.5
      vertex 109.325 -31.9998 2.5
    endloop
  endfacet
  facet normal 0 0 1
    outer loop
      vertex 112.5 -29.9 2.5
      vertex 108.9 -31.5753 2.5
      vertex 109.126 -31.7737 2.5
    endloop
  endfacet
  facet normal 0 0 1
    outer loop
      vertex 112.5 -29.9 2.5
      vertex 108.65 -31.4081 2.5
      vertex 108.9 -31.5753 2.5
    endloop
  endfacet
  facet normal 0 0 1
    outer loop
      vertex 112.5 -29.9 2.5
      vertex 108.38 -31.2751 2.5
      vertex 108.65 -31.4081 2.5
    endloop
  endfacet
  facet normal 0 0 1
    outer loop
      vertex 112.5 -29.9 2.5
      vertex 108.095 -31.1784 2.5
      vertex 108.38 -31.2751 2.5
    endloop
  endfacet
  facet normal 0 0 1
    outer loop
      vertex 112.5 -29.9 2.5
      vertex 107.8 -31.1197 2.5
      vertex 108.095 -31.1784 2.5
    endloop
  endfacet
  facet normal 0 0 1
    outer loop
      vertex 112.5 -29.9 2.5
      vertex 107.5 -31.1 2.5
      vertex 107.8 -31.1197 2.5
    endloop
  endfacet
  facet normal 0 0 1
    outer loop
      vertex 112.5 -29.9 2.5
      vertex 107.2 -31.1197 2.5
      vertex 107.5 -31.1 2.5
    endloop
  endfacet
  facet normal 0 0 1
    outer loop
      vertex 112.5 -29.9 2.5
      vertex 106.905 -31.1784 2.5
      vertex 107.2 -31.1197 2.5
    endloop
  endfacet
  facet normal 0 0 1
    outer loop
      vertex 105.22 -47.0998 2.5
      vertex 104.5 -45.9 2.5
      vertex 105.2 -47.4 2.5
    endloop
  endfacet
  facet normal 0 0 1
    outer loop
      vertex 105.22 -33.7002 2.5
      vertex 33.5 -45.9 2.5
      vertex 104.5 -45.9 2.5
    endloop
  endfacet
  facet normal 0 0 1
    outer loop
      vertex 32.8 -33.4 2.5
      vertex 105.2 -33.4 2.5
      vertex 105.22 -33.0998 2.5
    endloop
  endfacet
  facet normal 0 0 1
    outer loop
      vertex 32.7803 -33.0998 2.5
      vertex 105.22 -33.0998 2.5
      vertex 105.278 -32.8047 2.5
    endloop
  endfacet
  facet normal 0 0 1
    outer loop
      vertex 32.7216 -32.8047 2.5
      vertex 105.278 -32.8047 2.5
      vertex 105.375 -32.5198 2.5
    endloop
  endfacet
  facet normal 0 0 1
    outer loop
      vertex 32.6249 -32.5198 2.5
      vertex 105.375 -32.5198 2.5
      vertex 105.508 -32.25 2.5
    endloop
  endfacet
  facet normal 0 0 1
    outer loop
      vertex 32.4919 -32.25 2.5
      vertex 105.508 -32.25 2.5
      vertex 105.675 -31.9998 2.5
    endloop
  endfacet
  facet normal 0 0 1
    outer loop
      vertex 32.3247 -31.9998 2.5
      vertex 105.675 -31.9998 2.5
      vertex 105.874 -31.7737 2.5
    endloop
  endfacet
  facet normal 0 0 1
    outer loop
      vertex 32.1263 -31.7737 2.5
      vertex 105.874 -31.7737 2.5
      vertex 106.1 -31.5753 2.5
    endloop
  endfacet
  facet normal 0 0 1
    outer loop
      vertex 31.9002 -31.5753 2.5
      vertex 106.1 -31.5753 2.5
      vertex 106.35 -31.4081 2.5
    endloop
  endfacet
  facet normal 0 0 1
    outer loop
      vertex 31.65 -31.4081 2.5
      vertex 106.35 -31.4081 2.5
      vertex 106.62 -31.2751 2.5
    endloop
  endfacet
  facet normal 0 0 1
    outer loop
      vertex 31.3802 -31.2751 2.5
      vertex 106.62 -31.2751 2.5
      vertex 106.905 -31.1784 2.5
    endloop
  endfacet
  facet normal 0 0 1
    outer loop
      vertex 31.0953 -31.1784 2.5
      vertex 106.905 -31.1784 2.5
      vertex 112.5 -29.9 2.5
    endloop
  endfacet
  facet normal 0 0 1
    outer loop
      vertex 105.22 -33.7002 2.5
      vertex 32.7803 -33.7002 2.5
      vertex 33.5 -45.9 2.5
    endloop
  endfacet
  facet normal 0 0 1
    outer loop
      vertex 32.7803 -33.7002 2.5
      vertex 105.22 -33.7002 2.5
      vertex 32.8 -33.4 2.5
    endloop
  endfacet
  facet normal 0 0 1
    outer loop
      vertex 105.22 -33.0998 2.5
      vertex 32.7803 -33.0998 2.5
      vertex 32.8 -33.4 2.5
    endloop
  endfacet
  facet normal 0 0 1
    outer loop
      vertex 105.278 -32.8047 2.5
      vertex 32.7216 -32.8047 2.5
      vertex 32.7803 -33.0998 2.5
    endloop
  endfacet
  facet normal 0 0 1
    outer loop
      vertex 105.375 -32.5198 2.5
      vertex 32.6249 -32.5198 2.5
      vertex 32.7216 -32.8047 2.5
    endloop
  endfacet
  facet normal 0 0 1
    outer loop
      vertex 105.508 -32.25 2.5
      vertex 32.4919 -32.25 2.5
      vertex 32.6249 -32.5198 2.5
    endloop
  endfacet
  facet normal 0 0 1
    outer loop
      vertex 105.675 -31.9998 2.5
      vertex 32.3247 -31.9998 2.5
      vertex 32.4919 -32.25 2.5
    endloop
  endfacet
  facet normal 0 0 1
    outer loop
      vertex 105.874 -31.7737 2.5
      vertex 32.1263 -31.7737 2.5
      vertex 32.3247 -31.9998 2.5
    endloop
  endfacet
  facet normal 0 0 1
    outer loop
      vertex 106.1 -31.5753 2.5
      vertex 31.9002 -31.5753 2.5
      vertex 32.1263 -31.7737 2.5
    endloop
  endfacet
  facet normal 0 0 1
    outer loop
      vertex 106.35 -31.4081 2.5
      vertex 31.65 -31.4081 2.5
      vertex 31.9002 -31.5753 2.5
    endloop
  endfacet
  facet normal 0 0 1
    outer loop
      vertex 106.62 -31.2751 2.5
      vertex 31.3802 -31.2751 2.5
      vertex 31.65 -31.4081 2.5
    endloop
  endfacet
  facet normal 0 0 1
    outer loop
      vertex 106.905 -31.1784 2.5
      vertex 31.0953 -31.1784 2.5
      vertex 31.3802 -31.2751 2.5
    endloop
  endfacet
  facet normal -0 0 1
    outer loop
      vertex 25.5 -29.9 2.5
      vertex 31.0953 -31.1784 2.5
      vertex 112.5 -29.9 2.5
    endloop
  endfacet
  facet normal 0 0 1
    outer loop
      vertex 31.0953 -31.1784 2.5
      vertex 25.5 -29.9 2.5
      vertex 30.8002 -31.1197 2.5
    endloop
  endfacet
  facet normal 0 0 1
    outer loop
      vertex 25.5 -57.9 2.5
      vertex 28.2197 -47.0998 2.5
      vertex 25.5 -29.9 2.5
    endloop
  endfacet
  facet normal 0 0 1
    outer loop
      vertex 28.3751 -48.2802 2.5
      vertex 28.0278 -53.05 2.5
      vertex 28.1513 -52.8651 2.5
    endloop
  endfacet
  facet normal 0 0 1
    outer loop
      vertex 28.2197 -47.0998 2.5
      vertex 25.5 -57.9 2.5
      vertex 28.2 -47.4 2.5
    endloop
  endfacet
  facet normal 0 0 1
    outer loop
      vertex 28.2784 -47.9953 2.5
      vertex 27.9294 -53.2494 2.5
      vertex 28.0278 -53.05 2.5
    endloop
  endfacet
  facet normal 0 0 1
    outer loop
      vertex 28.2197 -47.7002 2.5
      vertex 27.8579 -53.46 2.5
      vertex 27.9294 -53.2494 2.5
    endloop
  endfacet
  facet normal 0 0 1
    outer loop
      vertex 28.2197 -47.7002 2.5
      vertex 25.5 -57.9 2.5
      vertex 27.8579 -53.46 2.5
    endloop
  endfacet
  facet normal 0 0 1
    outer loop
      vertex 27.8579 -53.46 2.5
      vertex 25.5 -57.9 2.5
      vertex 27.8145 -53.6781 2.5
    endloop
  endfacet
  facet normal 0 0 1
    outer loop
      vertex 28.2197 -33.0998 2.5
      vertex 25.5 -29.9 2.5
      vertex 28.2 -33.4 2.5
    endloop
  endfacet
  facet normal 0 0 1
    outer loop
      vertex 28.2784 -32.8047 2.5
      vertex 25.5 -29.9 2.5
      vertex 28.2197 -33.0998 2.5
    endloop
  endfacet
  facet normal 0 0 1
    outer loop
      vertex 28.3751 -32.5198 2.5
      vertex 25.5 -29.9 2.5
      vertex 28.2784 -32.8047 2.5
    endloop
  endfacet
  facet normal 0 0 1
    outer loop
      vertex 28.5081 -32.25 2.5
      vertex 25.5 -29.9 2.5
      vertex 28.3751 -32.5198 2.5
    endloop
  endfacet
  facet normal 0 0 1
    outer loop
      vertex 28.6753 -31.9998 2.5
      vertex 25.5 -29.9 2.5
      vertex 28.5081 -32.25 2.5
    endloop
  endfacet
  facet normal 0 0 1
    outer loop
      vertex 28.8737 -31.7737 2.5
      vertex 25.5 -29.9 2.5
      vertex 28.6753 -31.9998 2.5
    endloop
  endfacet
  facet normal 0 0 1
    outer loop
      vertex 29.0998 -31.5753 2.5
      vertex 25.5 -29.9 2.5
      vertex 28.8737 -31.7737 2.5
    endloop
  endfacet
  facet normal 0 0 1
    outer loop
      vertex 29.35 -31.4081 2.5
      vertex 25.5 -29.9 2.5
      vertex 29.0998 -31.5753 2.5
    endloop
  endfacet
  facet normal 0 0 1
    outer loop
      vertex 29.6198 -31.2751 2.5
      vertex 25.5 -29.9 2.5
      vertex 29.35 -31.4081 2.5
    endloop
  endfacet
  facet normal 0 0 1
    outer loop
      vertex 29.9047 -31.1784 2.5
      vertex 25.5 -29.9 2.5
      vertex 29.6198 -31.2751 2.5
    endloop
  endfacet
  facet normal 0 0 1
    outer loop
      vertex 30.1998 -31.1197 2.5
      vertex 25.5 -29.9 2.5
      vertex 29.9047 -31.1784 2.5
    endloop
  endfacet
  facet normal 0 0 1
    outer loop
      vertex 30.5 -31.1 2.5
      vertex 25.5 -29.9 2.5
      vertex 30.1998 -31.1197 2.5
    endloop
  endfacet
  facet normal 0 0 1
    outer loop
      vertex 30.8002 -31.1197 2.5
      vertex 25.5 -29.9 2.5
      vertex 30.5 -31.1 2.5
    endloop
  endfacet
  facet normal -0 0 1
    outer loop
      vertex 110.185 -54.1219 2.5
      vertex 112.5 -57.9 2.5
      vertex 110.2 -53.9 2.5
    endloop
  endfacet
  facet normal -0 0 1
    outer loop
      vertex 110.142 -54.34 2.5
      vertex 112.5 -57.9 2.5
      vertex 110.185 -54.1219 2.5
    endloop
  endfacet
  facet normal -0 0 1
    outer loop
      vertex 110.071 -54.5506 2.5
      vertex 112.5 -57.9 2.5
      vertex 110.142 -54.34 2.5
    endloop
  endfacet
  facet normal -0 0 1
    outer loop
      vertex 109.972 -54.75 2.5
      vertex 112.5 -57.9 2.5
      vertex 110.071 -54.5506 2.5
    endloop
  endfacet
  facet normal -0 0 1
    outer loop
      vertex 109.849 -54.9349 2.5
      vertex 112.5 -57.9 2.5
      vertex 109.972 -54.75 2.5
    endloop
  endfacet
  facet normal -0 0 1
    outer loop
      vertex 109.702 -55.1021 2.5
      vertex 112.5 -57.9 2.5
      vertex 109.849 -54.9349 2.5
    endloop
  endfacet
  facet normal -0 0 1
    outer loop
      vertex 109.535 -55.2487 2.5
      vertex 112.5 -57.9 2.5
      vertex 109.702 -55.1021 2.5
    endloop
  endfacet
  facet normal -0 0 1
    outer loop
      vertex 109.35 -55.3722 2.5
      vertex 112.5 -57.9 2.5
      vertex 109.535 -55.2487 2.5
    endloop
  endfacet
  facet normal -0 0 1
    outer loop
      vertex 109.151 -55.4706 2.5
      vertex 112.5 -57.9 2.5
      vertex 109.35 -55.3722 2.5
    endloop
  endfacet
  facet normal -0 0 1
    outer loop
      vertex 108.94 -55.5421 2.5
      vertex 112.5 -57.9 2.5
      vertex 109.151 -55.4706 2.5
    endloop
  endfacet
  facet normal -0 0 1
    outer loop
      vertex 108.722 -55.5855 2.5
      vertex 112.5 -57.9 2.5
      vertex 108.94 -55.5421 2.5
    endloop
  endfacet
  facet normal -0 0 1
    outer loop
      vertex 108.5 -55.6 2.5
      vertex 112.5 -57.9 2.5
      vertex 108.722 -55.5855 2.5
    endloop
  endfacet
  facet normal 0 0 1
    outer loop
      vertex 104.5 -57.9 2.5
      vertex 108.5 -55.6 2.5
      vertex 108.278 -55.5855 2.5
    endloop
  endfacet
  facet normal 0 0 1
    outer loop
      vertex 104.5 -57.9 2.5
      vertex 108.278 -55.5855 2.5
      vertex 108.06 -55.5421 2.5
    endloop
  endfacet
  facet normal 0 0 1
    outer loop
      vertex 104.5 -57.9 2.5
      vertex 108.06 -55.5421 2.5
      vertex 107.849 -55.4706 2.5
    endloop
  endfacet
  facet normal 0 0 1
    outer loop
      vertex 104.5 -57.9 2.5
      vertex 107.849 -55.4706 2.5
      vertex 107.65 -55.3722 2.5
    endloop
  endfacet
  facet normal 0 0 1
    outer loop
      vertex 106.929 -53.2494 2.5
      vertex 105.874 -49.0263 2.5
      vertex 106.858 -53.46 2.5
    endloop
  endfacet
  facet normal 0 0 1
    outer loop
      vertex 105.675 -48.8002 2.5
      vertex 106.858 -53.46 2.5
      vertex 105.874 -49.0263 2.5
    endloop
  endfacet
  facet normal 0 0 1
    outer loop
      vertex 106.858 -53.46 2.5
      vertex 105.675 -48.8002 2.5
      vertex 106.815 -53.6781 2.5
    endloop
  endfacet
  facet normal 0 0 1
    outer loop
      vertex 104.5 -57.9 2.5
      vertex 106.815 -53.6781 2.5
      vertex 105.675 -48.8002 2.5
    endloop
  endfacet
  facet normal 0 0 1
    outer loop
      vertex 106.815 -53.6781 2.5
      vertex 104.5 -57.9 2.5
      vertex 106.8 -53.9 2.5
    endloop
  endfacet
  facet normal 0 0 1
    outer loop
      vertex 106.8 -53.9 2.5
      vertex 104.5 -57.9 2.5
      vertex 106.815 -54.1219 2.5
    endloop
  endfacet
  facet normal 0 0 1
    outer loop
      vertex 104.5 -57.9 2.5
      vertex 105.675 -48.8002 2.5
      vertex 105.508 -48.55 2.5
    endloop
  endfacet
  facet normal 0 0 1
    outer loop
      vertex 104.5 -57.9 2.5
      vertex 105.508 -48.55 2.5
      vertex 105.375 -48.2802 2.5
    endloop
  endfacet
  facet normal 0 0 1
    outer loop
      vertex 104.5 -57.9 2.5
      vertex 105.375 -48.2802 2.5
      vertex 105.278 -47.9953 2.5
    endloop
  endfacet
  facet normal 0 0 1
    outer loop
      vertex 104.5 -45.9 2.5
      vertex 105.22 -47.7002 2.5
      vertex 105.2 -47.4 2.5
    endloop
  endfacet
  facet normal 0 0 1
    outer loop
      vertex 104.5 -45.9 2.5
      vertex 105.278 -47.9953 2.5
      vertex 105.22 -47.7002 2.5
    endloop
  endfacet
  facet normal 0 0 1
    outer loop
      vertex 104.5 -57.9 2.5
      vertex 105.278 -47.9953 2.5
      vertex 104.5 -45.9 2.5
    endloop
  endfacet
  facet normal 0 0 1
    outer loop
      vertex 108.5 -55.6 2.5
      vertex 104.5 -57.9 2.5
      vertex 112.5 -57.9 2.5
    endloop
  endfacet
  facet normal 0 0 1
    outer loop
      vertex 107.465 -55.2487 2.5
      vertex 104.5 -57.9 2.5
      vertex 107.65 -55.3722 2.5
    endloop
  endfacet
  facet normal 0 0 1
    outer loop
      vertex 107.298 -55.1021 2.5
      vertex 104.5 -57.9 2.5
      vertex 107.465 -55.2487 2.5
    endloop
  endfacet
  facet normal 0 0 1
    outer loop
      vertex 107.151 -54.9349 2.5
      vertex 104.5 -57.9 2.5
      vertex 107.298 -55.1021 2.5
    endloop
  endfacet
  facet normal 0 0 1
    outer loop
      vertex 107.028 -54.75 2.5
      vertex 104.5 -57.9 2.5
      vertex 107.151 -54.9349 2.5
    endloop
  endfacet
  facet normal 0 0 1
    outer loop
      vertex 106.929 -54.5506 2.5
      vertex 104.5 -57.9 2.5
      vertex 107.028 -54.75 2.5
    endloop
  endfacet
  facet normal 0 0 1
    outer loop
      vertex 106.858 -54.34 2.5
      vertex 104.5 -57.9 2.5
      vertex 106.929 -54.5506 2.5
    endloop
  endfacet
  facet normal 0 0 1
    outer loop
      vertex 106.815 -54.1219 2.5
      vertex 104.5 -57.9 2.5
      vertex 106.858 -54.34 2.5
    endloop
  endfacet
  facet normal -0 0 1
    outer loop
      vertex 109.722 -47.9953 2.5
      vertex 110.071 -53.2494 2.5
      vertex 109.78 -47.7002 2.5
    endloop
  endfacet
  facet normal 0 0 1
    outer loop
      vertex 110.071 -53.2494 2.5
      vertex 109.722 -47.9953 2.5
      vertex 109.972 -53.05 2.5
    endloop
  endfacet
  facet normal -0 0 1
    outer loop
      vertex 109.625 -48.2802 2.5
      vertex 109.972 -53.05 2.5
      vertex 109.722 -47.9953 2.5
    endloop
  endfacet
  facet normal 0 0 1
    outer loop
      vertex 109.972 -53.05 2.5
      vertex 109.625 -48.2802 2.5
      vertex 109.849 -52.8651 2.5
    endloop
  endfacet
  facet normal -0 0 1
    outer loop
      vertex 109.492 -48.55 2.5
      vertex 109.849 -52.8651 2.5
      vertex 109.625 -48.2802 2.5
    endloop
  endfacet
  facet normal 0 0 1
    outer loop
      vertex 109.849 -52.8651 2.5
      vertex 109.492 -48.55 2.5
      vertex 109.702 -52.6979 2.5
    endloop
  endfacet
  facet normal -0 0 1
    outer loop
      vertex 109.325 -48.8002 2.5
      vertex 109.702 -52.6979 2.5
      vertex 109.492 -48.55 2.5
    endloop
  endfacet
  facet normal 0 0 1
    outer loop
      vertex 109.702 -52.6979 2.5
      vertex 109.325 -48.8002 2.5
      vertex 109.535 -52.5513 2.5
    endloop
  endfacet
  facet normal -0 0 1
    outer loop
      vertex 109.126 -49.0263 2.5
      vertex 109.535 -52.5513 2.5
      vertex 109.325 -48.8002 2.5
    endloop
  endfacet
  facet normal 0 0 1
    outer loop
      vertex 109.535 -52.5513 2.5
      vertex 109.126 -49.0263 2.5
      vertex 109.35 -52.4278 2.5
    endloop
  endfacet
  facet normal -0 0 1
    outer loop
      vertex 108.9 -49.2247 2.5
      vertex 109.35 -52.4278 2.5
      vertex 109.126 -49.0263 2.5
    endloop
  endfacet
  facet normal 0 0 1
    outer loop
      vertex 109.35 -52.4278 2.5
      vertex 108.9 -49.2247 2.5
      vertex 109.151 -52.3294 2.5
    endloop
  endfacet
  facet normal -0 0 1
    outer loop
      vertex 108.65 -49.3919 2.5
      vertex 109.151 -52.3294 2.5
      vertex 108.9 -49.2247 2.5
    endloop
  endfacet
  facet normal 0 0 1
    outer loop
      vertex 109.151 -52.3294 2.5
      vertex 108.65 -49.3919 2.5
      vertex 108.94 -52.2579 2.5
    endloop
  endfacet
  facet normal -0 0 1
    outer loop
      vertex 108.38 -49.5249 2.5
      vertex 108.94 -52.2579 2.5
      vertex 108.65 -49.3919 2.5
    endloop
  endfacet
  facet normal 0 0 1
    outer loop
      vertex 108.94 -52.2579 2.5
      vertex 108.38 -49.5249 2.5
      vertex 108.722 -52.2145 2.5
    endloop
  endfacet
  facet normal 0 0 1
    outer loop
      vertex 108.722 -52.2145 2.5
      vertex 108.38 -49.5249 2.5
      vertex 108.5 -52.2 2.5
    endloop
  endfacet
  facet normal -0 0 1
    outer loop
      vertex 108.095 -49.6216 2.5
      vertex 108.5 -52.2 2.5
      vertex 108.38 -49.5249 2.5
    endloop
  endfacet
  facet normal 0 0 1
    outer loop
      vertex 108.5 -52.2 2.5
      vertex 108.095 -49.6216 2.5
      vertex 108.278 -52.2145 2.5
    endloop
  endfacet
  facet normal -0 0 1
    outer loop
      vertex 107.8 -49.6803 2.5
      vertex 108.278 -52.2145 2.5
      vertex 108.095 -49.6216 2.5
    endloop
  endfacet
  facet normal 0 0 1
    outer loop
      vertex 108.278 -52.2145 2.5
      vertex 107.8 -49.6803 2.5
      vertex 108.06 -52.2579 2.5
    endloop
  endfacet
  facet normal -0 0 1
    outer loop
      vertex 107.5 -49.7 2.5
      vertex 108.06 -52.2579 2.5
      vertex 107.8 -49.6803 2.5
    endloop
  endfacet
  facet normal 0 0 1
    outer loop
      vertex 108.06 -52.2579 2.5
      vertex 107.5 -49.7 2.5
      vertex 107.849 -52.3294 2.5
    endloop
  endfacet
  facet normal 0 0 1
    outer loop
      vertex 107.2 -49.6803 2.5
      vertex 107.849 -52.3294 2.5
      vertex 107.5 -49.7 2.5
    endloop
  endfacet
  facet normal 0 0 1
    outer loop
      vertex 107.849 -52.3294 2.5
      vertex 107.2 -49.6803 2.5
      vertex 107.65 -52.4278 2.5
    endloop
  endfacet
  facet normal 0 0 1
    outer loop
      vertex 106.905 -49.6216 2.5
      vertex 107.65 -52.4278 2.5
      vertex 107.2 -49.6803 2.5
    endloop
  endfacet
  facet normal 0 0 1
    outer loop
      vertex 107.65 -52.4278 2.5
      vertex 106.905 -49.6216 2.5
      vertex 107.465 -52.5513 2.5
    endloop
  endfacet
  facet normal 0 0 1
    outer loop
      vertex 107.465 -52.5513 2.5
      vertex 106.905 -49.6216 2.5
      vertex 107.298 -52.6979 2.5
    endloop
  endfacet
  facet normal 0 0 1
    outer loop
      vertex 106.62 -49.5249 2.5
      vertex 107.298 -52.6979 2.5
      vertex 106.905 -49.6216 2.5
    endloop
  endfacet
  facet normal 0 0 1
    outer loop
      vertex 107.298 -52.6979 2.5
      vertex 106.62 -49.5249 2.5
      vertex 107.151 -52.8651 2.5
    endloop
  endfacet
  facet normal 0 0 1
    outer loop
      vertex 106.35 -49.3919 2.5
      vertex 107.151 -52.8651 2.5
      vertex 106.62 -49.5249 2.5
    endloop
  endfacet
  facet normal 0 0 1
    outer loop
      vertex 107.151 -52.8651 2.5
      vertex 106.35 -49.3919 2.5
      vertex 107.028 -53.05 2.5
    endloop
  endfacet
  facet normal 0 0 1
    outer loop
      vertex 106.1 -49.2247 2.5
      vertex 107.028 -53.05 2.5
      vertex 106.35 -49.3919 2.5
    endloop
  endfacet
  facet normal 0 0 1
    outer loop
      vertex 107.028 -53.05 2.5
      vertex 106.1 -49.2247 2.5
      vertex 106.929 -53.2494 2.5
    endloop
  endfacet
  facet normal 0 0 1
    outer loop
      vertex 105.874 -49.0263 2.5
      vertex 106.929 -53.2494 2.5
      vertex 106.1 -49.2247 2.5
    endloop
  endfacet
  facet normal 0 0 -1
    outer loop
      vertex 31.321 -47.18 -5.72205e-07
      vertex 33.5 -45.9 -5.72205e-07
      vertex 31.3427 -47.2891 -5.72205e-07
    endloop
  endfacet
  facet normal 0 0 -1
    outer loop
      vertex 33.5 -45.9 -5.72205e-07
      vertex 31.3427 -33.5109 -5.72205e-07
      vertex 31.35 -33.4 -5.72205e-07
    endloop
  endfacet
  facet normal 0 0 -1
    outer loop
      vertex 31.2853 -47.0747 -5.72205e-07
      vertex 33.5 -45.9 -5.72205e-07
      vertex 31.321 -47.18 -5.72205e-07
    endloop
  endfacet
  facet normal 0 0 -1
    outer loop
      vertex 33.5 -45.9 -5.72205e-07
      vertex 31.321 -33.62 -5.72205e-07
      vertex 31.3427 -33.5109 -5.72205e-07
    endloop
  endfacet
  facet normal 0 0 -1
    outer loop
      vertex 31.2361 -46.975 -5.72205e-07
      vertex 33.5 -45.9 -5.72205e-07
      vertex 31.2853 -47.0747 -5.72205e-07
    endloop
  endfacet
  facet normal 0 0 -1
    outer loop
      vertex 33.5 -45.9 -5.72205e-07
      vertex 31.2853 -33.7253 -5.72205e-07
      vertex 31.321 -33.62 -5.72205e-07
    endloop
  endfacet
  facet normal 0 0 -1
    outer loop
      vertex 31.1744 -46.8826 -5.72205e-07
      vertex 33.5 -45.9 -5.72205e-07
      vertex 31.2361 -46.975 -5.72205e-07
    endloop
  endfacet
  facet normal 0 0 -1
    outer loop
      vertex 33.5 -45.9 -5.72205e-07
      vertex 31.2361 -33.825 -5.72205e-07
      vertex 31.2853 -33.7253 -5.72205e-07
    endloop
  endfacet
  facet normal 0 0 -1
    outer loop
      vertex 31.101 -46.799 -5.72205e-07
      vertex 33.5 -45.9 -5.72205e-07
      vertex 31.1744 -46.8826 -5.72205e-07
    endloop
  endfacet
  facet normal 0 0 -1
    outer loop
      vertex 33.5 -45.9 -5.72205e-07
      vertex 31.1744 -33.9174 -5.72205e-07
      vertex 31.2361 -33.825 -5.72205e-07
    endloop
  endfacet
  facet normal 0 0 -1
    outer loop
      vertex 31.0174 -46.7257 -5.72205e-07
      vertex 33.5 -45.9 -5.72205e-07
      vertex 31.101 -46.799 -5.72205e-07
    endloop
  endfacet
  facet normal 0 0 -1
    outer loop
      vertex 33.5 -45.9 -5.72205e-07
      vertex 31.101 -34.001 -5.72205e-07
      vertex 31.1744 -33.9174 -5.72205e-07
    endloop
  endfacet
  facet normal 0 0 -1
    outer loop
      vertex 30.925 -46.6639 -5.72205e-07
      vertex 33.5 -45.9 -5.72205e-07
      vertex 31.0174 -46.7257 -5.72205e-07
    endloop
  endfacet
  facet normal 0 0 -1
    outer loop
      vertex 33.5 -45.9 -5.72205e-07
      vertex 31.0174 -34.0743 -5.72205e-07
      vertex 31.101 -34.001 -5.72205e-07
    endloop
  endfacet
  facet normal 0 0 -1
    outer loop
      vertex 30.8253 -46.6147 -5.72205e-07
      vertex 33.5 -45.9 -5.72205e-07
      vertex 30.925 -46.6639 -5.72205e-07
    endloop
  endfacet
  facet normal 0 0 -1
    outer loop
      vertex 33.5 -45.9 -5.72205e-07
      vertex 30.925 -34.1361 -5.72205e-07
      vertex 31.0174 -34.0743 -5.72205e-07
    endloop
  endfacet
  facet normal 0 0 -1
    outer loop
      vertex 30.72 -46.579 -5.72205e-07
      vertex 33.5 -45.9 -5.72205e-07
      vertex 30.8253 -46.6147 -5.72205e-07
    endloop
  endfacet
  facet normal 0 0 -1
    outer loop
      vertex 33.5 -45.9 -5.72205e-07
      vertex 30.8253 -34.1853 -5.72205e-07
      vertex 30.925 -34.1361 -5.72205e-07
    endloop
  endfacet
  facet normal 0 0 -1
    outer loop
      vertex 30.6109 -46.5573 -5.72205e-07
      vertex 33.5 -45.9 -5.72205e-07
      vertex 30.72 -46.579 -5.72205e-07
    endloop
  endfacet
  facet normal 0 0 -1
    outer loop
      vertex 33.5 -45.9 -5.72205e-07
      vertex 30.72 -34.221 -5.72205e-07
      vertex 30.8253 -34.1853 -5.72205e-07
    endloop
  endfacet
  facet normal 0 0 -1
    outer loop
      vertex 30.5 -46.55 -5.72205e-07
      vertex 33.5 -45.9 -5.72205e-07
      vertex 30.6109 -46.5573 -5.72205e-07
    endloop
  endfacet
  facet normal 0 0 -1
    outer loop
      vertex 33.5 -45.9 -5.72205e-07
      vertex 30.6109 -34.2427 -5.72205e-07
      vertex 30.72 -34.221 -5.72205e-07
    endloop
  endfacet
  facet normal 0 0 -1
    outer loop
      vertex 30.5 -34.25 -5.72205e-07
      vertex 33.5 -45.9 -5.72205e-07
      vertex 30.5 -46.55 -5.72205e-07
    endloop
  endfacet
  facet normal 0 0 -1
    outer loop
      vertex 33.5 -45.9 -5.72205e-07
      vertex 30.5 -34.25 -5.72205e-07
      vertex 30.6109 -34.2427 -5.72205e-07
    endloop
  endfacet
  facet normal 0 0 -1
    outer loop
      vertex 30.3891 -46.5573 -5.72205e-07
      vertex 30.5 -34.25 -5.72205e-07
      vertex 30.5 -46.55 -5.72205e-07
    endloop
  endfacet
  facet normal 0 0 -1
    outer loop
      vertex 30.3891 -46.5573 -5.72205e-07
      vertex 30.3891 -34.2427 -5.72205e-07
      vertex 30.5 -34.25 -5.72205e-07
    endloop
  endfacet
  facet normal 0 0 -1
    outer loop
      vertex 30.28 -46.579 -5.72205e-07
      vertex 30.3891 -34.2427 -5.72205e-07
      vertex 30.3891 -46.5573 -5.72205e-07
    endloop
  endfacet
  facet normal 0 0 -1
    outer loop
      vertex 30.28 -46.579 -5.72205e-07
      vertex 30.28 -34.221 -5.72205e-07
      vertex 30.3891 -34.2427 -5.72205e-07
    endloop
  endfacet
  facet normal 0 0 -1
    outer loop
      vertex 30.1747 -46.6147 -5.72205e-07
      vertex 30.28 -34.221 -5.72205e-07
      vertex 30.28 -46.579 -5.72205e-07
    endloop
  endfacet
  facet normal 0 0 -1
    outer loop
      vertex 30.1747 -46.6147 -5.72205e-07
      vertex 30.1747 -34.1853 -5.72205e-07
      vertex 30.28 -34.221 -5.72205e-07
    endloop
  endfacet
  facet normal 0 0 -1
    outer loop
      vertex 30.075 -46.6639 -5.72205e-07
      vertex 30.1747 -34.1853 -5.72205e-07
      vertex 30.1747 -46.6147 -5.72205e-07
    endloop
  endfacet
  facet normal 0 0 -1
    outer loop
      vertex 30.075 -46.6639 -5.72205e-07
      vertex 30.075 -34.1361 -5.72205e-07
      vertex 30.1747 -34.1853 -5.72205e-07
    endloop
  endfacet
  facet normal 0 0 -1
    outer loop
      vertex 29.9826 -46.7257 -5.72205e-07
      vertex 30.075 -34.1361 -5.72205e-07
      vertex 30.075 -46.6639 -5.72205e-07
    endloop
  endfacet
  facet normal 0 0 -1
    outer loop
      vertex 29.9826 -46.7257 -5.72205e-07
      vertex 29.9826 -34.0743 -5.72205e-07
      vertex 30.075 -34.1361 -5.72205e-07
    endloop
  endfacet
  facet normal 0 0 -1
    outer loop
      vertex 29.899 -46.799 -5.72205e-07
      vertex 29.9826 -34.0743 -5.72205e-07
      vertex 29.9826 -46.7257 -5.72205e-07
    endloop
  endfacet
  facet normal 0 0 -1
    outer loop
      vertex 29.899 -46.799 -5.72205e-07
      vertex 29.899 -34.001 -5.72205e-07
      vertex 29.9826 -34.0743 -5.72205e-07
    endloop
  endfacet
  facet normal 0 0 -1
    outer loop
      vertex 29.8256 -46.8826 -5.72205e-07
      vertex 29.899 -34.001 -5.72205e-07
      vertex 29.899 -46.799 -5.72205e-07
    endloop
  endfacet
  facet normal 0 0 -1
    outer loop
      vertex 29.8256 -46.8826 -5.72205e-07
      vertex 29.8256 -33.9174 -5.72205e-07
      vertex 29.899 -34.001 -5.72205e-07
    endloop
  endfacet
  facet normal 0 0 -1
    outer loop
      vertex 29.7639 -46.975 -5.72205e-07
      vertex 29.8256 -33.9174 -5.72205e-07
      vertex 29.8256 -46.8826 -5.72205e-07
    endloop
  endfacet
  facet normal 0 0 -1
    outer loop
      vertex 29.7639 -46.975 -5.72205e-07
      vertex 29.7639 -33.825 -5.72205e-07
      vertex 29.8256 -33.9174 -5.72205e-07
    endloop
  endfacet
  facet normal 0 0 -1
    outer loop
      vertex 25.5 -29.9 -5.72205e-07
      vertex 29.7639 -46.975 -5.72205e-07
      vertex 29.7147 -47.0747 -5.72205e-07
    endloop
  endfacet
  facet normal 0 0 -1
    outer loop
      vertex 29.7639 -46.975 -5.72205e-07
      vertex 25.5 -29.9 -5.72205e-07
      vertex 29.7639 -33.825 -5.72205e-07
    endloop
  endfacet
  facet normal 0 0 -1
    outer loop
      vertex 25.5 -29.9 -5.72205e-07
      vertex 29.7147 -47.0747 -5.72205e-07
      vertex 29.679 -47.18 -5.72205e-07
    endloop
  endfacet
  facet normal 0 0 -1
    outer loop
      vertex 29.7639 -33.825 -5.72205e-07
      vertex 25.5 -29.9 -5.72205e-07
      vertex 29.7147 -33.7253 -5.72205e-07
    endloop
  endfacet
  facet normal 0 0 -1
    outer loop
      vertex 25.5 -29.9 -5.72205e-07
      vertex 29.679 -47.18 -5.72205e-07
      vertex 29.6573 -47.2891 -5.72205e-07
    endloop
  endfacet
  facet normal 0 0 -1
    outer loop
      vertex 29.7147 -33.7253 -5.72205e-07
      vertex 25.5 -29.9 -5.72205e-07
      vertex 29.679 -33.62 -5.72205e-07
    endloop
  endfacet
  facet normal 0 0 -1
    outer loop
      vertex 28.0278 -53.05 -5.72205e-07
      vertex 29.6573 -47.2891 -5.72205e-07
      vertex 29.65 -47.4 -5.72205e-07
    endloop
  endfacet
  facet normal 0 0 -1
    outer loop
      vertex 29.679 -33.62 -5.72205e-07
      vertex 25.5 -29.9 -5.72205e-07
      vertex 29.6573 -33.5109 -5.72205e-07
    endloop
  endfacet
  facet normal 0 0 -1
    outer loop
      vertex 31.1421 -53.46 -5.72205e-07
      vertex 33.5 -45.9 -5.72205e-07
      vertex 33.5 -57.9 -5.72205e-07
    endloop
  endfacet
  facet normal 0 0 -1
    outer loop
      vertex 33.5 -45.9 -5.72205e-07
      vertex 31.3427 -47.5109 -5.72205e-07
      vertex 31.35 -47.4 -5.72205e-07
    endloop
  endfacet
  facet normal 0 0 -1
    outer loop
      vertex 33.5 -45.9 -5.72205e-07
      vertex 31.321 -47.62 -5.72205e-07
      vertex 31.3427 -47.5109 -5.72205e-07
    endloop
  endfacet
  facet normal 0 0 -1
    outer loop
      vertex 31.0706 -53.2494 -5.72205e-07
      vertex 33.5 -45.9 -5.72205e-07
      vertex 31.1421 -53.46 -5.72205e-07
    endloop
  endfacet
  facet normal 0 0 -1
    outer loop
      vertex 33.5 -45.9 -5.72205e-07
      vertex 31.2853 -47.7253 -5.72205e-07
      vertex 31.321 -47.62 -5.72205e-07
    endloop
  endfacet
  facet normal 0 0 -1
    outer loop
      vertex 31.1855 -53.6781 -5.72205e-07
      vertex 33.5 -57.9 -5.72205e-07
      vertex 31.2 -53.9 -5.72205e-07
    endloop
  endfacet
  facet normal 0 0 -1
    outer loop
      vertex 33.5 -57.9 -5.72205e-07
      vertex 31.1855 -54.1219 -5.72205e-07
      vertex 31.2 -53.9 -5.72205e-07
    endloop
  endfacet
  facet normal 0 0 -1
    outer loop
      vertex 33.5 -57.9 -5.72205e-07
      vertex 31.1421 -54.34 -5.72205e-07
      vertex 31.1855 -54.1219 -5.72205e-07
    endloop
  endfacet
  facet normal 0 0 -1
    outer loop
      vertex 33.5 -57.9 -5.72205e-07
      vertex 31.0706 -54.5506 -5.72205e-07
      vertex 31.1421 -54.34 -5.72205e-07
    endloop
  endfacet
  facet normal 0 0 -1
    outer loop
      vertex 33.5 -57.9 -5.72205e-07
      vertex 30.9722 -54.75 -5.72205e-07
      vertex 31.0706 -54.5506 -5.72205e-07
    endloop
  endfacet
  facet normal 0 0 -1
    outer loop
      vertex 33.5 -57.9 -5.72205e-07
      vertex 30.8487 -54.9349 -5.72205e-07
      vertex 30.9722 -54.75 -5.72205e-07
    endloop
  endfacet
  facet normal 0 0 -1
    outer loop
      vertex 33.5 -57.9 -5.72205e-07
      vertex 30.7021 -55.1021 -5.72205e-07
      vertex 30.8487 -54.9349 -5.72205e-07
    endloop
  endfacet
  facet normal 0 0 -1
    outer loop
      vertex 33.5 -57.9 -5.72205e-07
      vertex 30.5349 -55.2487 -5.72205e-07
      vertex 30.7021 -55.1021 -5.72205e-07
    endloop
  endfacet
  facet normal 0 0 -1
    outer loop
      vertex 33.5 -57.9 -5.72205e-07
      vertex 30.35 -55.3722 -5.72205e-07
      vertex 30.5349 -55.2487 -5.72205e-07
    endloop
  endfacet
  facet normal 0 0 -1
    outer loop
      vertex 33.5 -57.9 -5.72205e-07
      vertex 30.1506 -55.4706 -5.72205e-07
      vertex 30.35 -55.3722 -5.72205e-07
    endloop
  endfacet
  facet normal 0 0 -1
    outer loop
      vertex 33.5 -57.9 -5.72205e-07
      vertex 29.94 -55.5421 -5.72205e-07
      vertex 30.1506 -55.4706 -5.72205e-07
    endloop
  endfacet
  facet normal 0 0 -1
    outer loop
      vertex 33.5 -57.9 -5.72205e-07
      vertex 29.7219 -55.5855 -5.72205e-07
      vertex 29.94 -55.5421 -5.72205e-07
    endloop
  endfacet
  facet normal 0 0 -1
    outer loop
      vertex 33.5 -57.9 -5.72205e-07
      vertex 29.5 -55.6 -5.72205e-07
      vertex 29.7219 -55.5855 -5.72205e-07
    endloop
  endfacet
  facet normal 0 0 -1
    outer loop
      vertex 25.5 -57.9 -5.72205e-07
      vertex 29.5 -55.6 -5.72205e-07
      vertex 33.5 -57.9 -5.72205e-07
    endloop
  endfacet
  facet normal -0 0 -1
    outer loop
      vertex 29.5 -55.6 -5.72205e-07
      vertex 25.5 -57.9 -5.72205e-07
      vertex 29.2781 -55.5855 -5.72205e-07
    endloop
  endfacet
  facet normal -0 0 -1
    outer loop
      vertex 29.2781 -55.5855 -5.72205e-07
      vertex 25.5 -57.9 -5.72205e-07
      vertex 29.06 -55.5421 -5.72205e-07
    endloop
  endfacet
  facet normal -0 0 -1
    outer loop
      vertex 29.06 -55.5421 -5.72205e-07
      vertex 25.5 -57.9 -5.72205e-07
      vertex 28.8494 -55.4706 -5.72205e-07
    endloop
  endfacet
  facet normal -0 0 -1
    outer loop
      vertex 27.8145 -54.1219 -5.72205e-07
      vertex 25.5 -57.9 -5.72205e-07
      vertex 27.8 -53.9 -5.72205e-07
    endloop
  endfacet
  facet normal -0 0 -1
    outer loop
      vertex 27.8579 -54.34 -5.72205e-07
      vertex 25.5 -57.9 -5.72205e-07
      vertex 27.8145 -54.1219 -5.72205e-07
    endloop
  endfacet
  facet normal -0 0 -1
    outer loop
      vertex 27.9294 -54.5506 -5.72205e-07
      vertex 25.5 -57.9 -5.72205e-07
      vertex 27.8579 -54.34 -5.72205e-07
    endloop
  endfacet
  facet normal -0 0 -1
    outer loop
      vertex 28.0278 -54.75 -5.72205e-07
      vertex 25.5 -57.9 -5.72205e-07
      vertex 27.9294 -54.5506 -5.72205e-07
    endloop
  endfacet
  facet normal -0 0 -1
    outer loop
      vertex 28.1513 -54.9349 -5.72205e-07
      vertex 25.5 -57.9 -5.72205e-07
      vertex 28.0278 -54.75 -5.72205e-07
    endloop
  endfacet
  facet normal -0 0 -1
    outer loop
      vertex 28.2979 -55.1021 -5.72205e-07
      vertex 25.5 -57.9 -5.72205e-07
      vertex 28.1513 -54.9349 -5.72205e-07
    endloop
  endfacet
  facet normal -0 0 -1
    outer loop
      vertex 28.4651 -55.2487 -5.72205e-07
      vertex 25.5 -57.9 -5.72205e-07
      vertex 28.2979 -55.1021 -5.72205e-07
    endloop
  endfacet
  facet normal -0 0 -1
    outer loop
      vertex 28.65 -55.3722 -5.72205e-07
      vertex 25.5 -57.9 -5.72205e-07
      vertex 28.4651 -55.2487 -5.72205e-07
    endloop
  endfacet
  facet normal -0 0 -1
    outer loop
      vertex 28.8494 -55.4706 -5.72205e-07
      vertex 25.5 -57.9 -5.72205e-07
      vertex 28.65 -55.3722 -5.72205e-07
    endloop
  endfacet
  facet normal 0 0 -1
    outer loop
      vertex 31.1421 -53.46 -5.72205e-07
      vertex 33.5 -57.9 -5.72205e-07
      vertex 31.1855 -53.6781 -5.72205e-07
    endloop
  endfacet
  facet normal 0 0 -1
    outer loop
      vertex 30.9722 -53.05 -5.72205e-07
      vertex 33.5 -45.9 -5.72205e-07
      vertex 31.0706 -53.2494 -5.72205e-07
    endloop
  endfacet
  facet normal 0 0 -1
    outer loop
      vertex 33.5 -45.9 -5.72205e-07
      vertex 31.2361 -47.825 -5.72205e-07
      vertex 31.2853 -47.7253 -5.72205e-07
    endloop
  endfacet
  facet normal 0 0 -1
    outer loop
      vertex 33.5 -45.9 -5.72205e-07
      vertex 30.9722 -53.05 -5.72205e-07
      vertex 31.2361 -47.825 -5.72205e-07
    endloop
  endfacet
  facet normal 0 0 -1
    outer loop
      vertex 31.2361 -47.825 -5.72205e-07
      vertex 30.9722 -53.05 -5.72205e-07
      vertex 31.1744 -47.9174 -5.72205e-07
    endloop
  endfacet
  facet normal 0 0 -1
    outer loop
      vertex 30.8487 -52.8651 -5.72205e-07
      vertex 31.1744 -47.9174 -5.72205e-07
      vertex 30.9722 -53.05 -5.72205e-07
    endloop
  endfacet
  facet normal 0 0 -1
    outer loop
      vertex 31.1744 -47.9174 -5.72205e-07
      vertex 30.8487 -52.8651 -5.72205e-07
      vertex 31.101 -48.001 -5.72205e-07
    endloop
  endfacet
  facet normal 0 0 -1
    outer loop
      vertex 30.7021 -52.6979 -5.72205e-07
      vertex 31.101 -48.001 -5.72205e-07
      vertex 30.8487 -52.8651 -5.72205e-07
    endloop
  endfacet
  facet normal 0 0 -1
    outer loop
      vertex 31.101 -48.001 -5.72205e-07
      vertex 30.7021 -52.6979 -5.72205e-07
      vertex 31.0174 -48.0743 -5.72205e-07
    endloop
  endfacet
  facet normal 0 0 -1
    outer loop
      vertex 31.0174 -48.0743 -5.72205e-07
      vertex 30.7021 -52.6979 -5.72205e-07
      vertex 30.925 -48.1361 -5.72205e-07
    endloop
  endfacet
  facet normal 0 0 -1
    outer loop
      vertex 30.5349 -52.5513 -5.72205e-07
      vertex 30.925 -48.1361 -5.72205e-07
      vertex 30.7021 -52.6979 -5.72205e-07
    endloop
  endfacet
  facet normal 0 0 -1
    outer loop
      vertex 30.925 -48.1361 -5.72205e-07
      vertex 30.5349 -52.5513 -5.72205e-07
      vertex 30.8253 -48.1853 -5.72205e-07
    endloop
  endfacet
  facet normal 0 0 -1
    outer loop
      vertex 30.35 -52.4278 -5.72205e-07
      vertex 30.8253 -48.1853 -5.72205e-07
      vertex 30.5349 -52.5513 -5.72205e-07
    endloop
  endfacet
  facet normal 0 0 -1
    outer loop
      vertex 30.8253 -48.1853 -5.72205e-07
      vertex 30.35 -52.4278 -5.72205e-07
      vertex 30.72 -48.221 -5.72205e-07
    endloop
  endfacet
  facet normal 0 0 -1
    outer loop
      vertex 30.1506 -52.3294 -5.72205e-07
      vertex 30.72 -48.221 -5.72205e-07
      vertex 30.35 -52.4278 -5.72205e-07
    endloop
  endfacet
  facet normal 0 0 -1
    outer loop
      vertex 30.72 -48.221 -5.72205e-07
      vertex 30.1506 -52.3294 -5.72205e-07
      vertex 30.6109 -48.2427 -5.72205e-07
    endloop
  endfacet
  facet normal 0 0 -1
    outer loop
      vertex 29.94 -52.2579 -5.72205e-07
      vertex 30.6109 -48.2427 -5.72205e-07
      vertex 30.1506 -52.3294 -5.72205e-07
    endloop
  endfacet
  facet normal 0 0 -1
    outer loop
      vertex 30.6109 -48.2427 -5.72205e-07
      vertex 29.94 -52.2579 -5.72205e-07
      vertex 30.5 -48.25 -5.72205e-07
    endloop
  endfacet
  facet normal -0 0 -1
    outer loop
      vertex 30.5 -48.25 -5.72205e-07
      vertex 29.94 -52.2579 -5.72205e-07
      vertex 30.3891 -48.2427 -5.72205e-07
    endloop
  endfacet
  facet normal 0 0 -1
    outer loop
      vertex 29.7219 -52.2145 -5.72205e-07
      vertex 30.3891 -48.2427 -5.72205e-07
      vertex 29.94 -52.2579 -5.72205e-07
    endloop
  endfacet
  facet normal -0 0 -1
    outer loop
      vertex 30.3891 -48.2427 -5.72205e-07
      vertex 29.7219 -52.2145 -5.72205e-07
      vertex 30.28 -48.221 -5.72205e-07
    endloop
  endfacet
  facet normal 0 0 -1
    outer loop
      vertex 29.5 -52.2 -5.72205e-07
      vertex 30.28 -48.221 -5.72205e-07
      vertex 29.7219 -52.2145 -5.72205e-07
    endloop
  endfacet
  facet normal -0 0 -1
    outer loop
      vertex 30.28 -48.221 -5.72205e-07
      vertex 29.5 -52.2 -5.72205e-07
      vertex 30.1747 -48.1853 -5.72205e-07
    endloop
  endfacet
  facet normal 0 0 -1
    outer loop
      vertex 29.2781 -52.2145 -5.72205e-07
      vertex 30.1747 -48.1853 -5.72205e-07
      vertex 29.5 -52.2 -5.72205e-07
    endloop
  endfacet
  facet normal -0 0 -1
    outer loop
      vertex 30.1747 -48.1853 -5.72205e-07
      vertex 29.2781 -52.2145 -5.72205e-07
      vertex 30.075 -48.1361 -5.72205e-07
    endloop
  endfacet
  facet normal -0 0 -1
    outer loop
      vertex 30.075 -48.1361 -5.72205e-07
      vertex 29.2781 -52.2145 -5.72205e-07
      vertex 29.9826 -48.0743 -5.72205e-07
    endloop
  endfacet
  facet normal 0 0 -1
    outer loop
      vertex 29.06 -52.2579 -5.72205e-07
      vertex 29.9826 -48.0743 -5.72205e-07
      vertex 29.2781 -52.2145 -5.72205e-07
    endloop
  endfacet
  facet normal -0 0 -1
    outer loop
      vertex 29.9826 -48.0743 -5.72205e-07
      vertex 29.06 -52.2579 -5.72205e-07
      vertex 29.899 -48.001 -5.72205e-07
    endloop
  endfacet
  facet normal 0 0 -1
    outer loop
      vertex 28.8494 -52.3294 -5.72205e-07
      vertex 29.899 -48.001 -5.72205e-07
      vertex 29.06 -52.2579 -5.72205e-07
    endloop
  endfacet
  facet normal -0 0 -1
    outer loop
      vertex 29.899 -48.001 -5.72205e-07
      vertex 28.8494 -52.3294 -5.72205e-07
      vertex 29.8256 -47.9174 -5.72205e-07
    endloop
  endfacet
  facet normal 0 0 -1
    outer loop
      vertex 28.65 -52.4278 -5.72205e-07
      vertex 29.8256 -47.9174 -5.72205e-07
      vertex 28.8494 -52.3294 -5.72205e-07
    endloop
  endfacet
  facet normal 0 0 -1
    outer loop
      vertex 28.4651 -52.5513 -5.72205e-07
      vertex 29.7639 -47.825 -5.72205e-07
      vertex 28.65 -52.4278 -5.72205e-07
    endloop
  endfacet
  facet normal -0 0 -1
    outer loop
      vertex 29.8256 -47.9174 -5.72205e-07
      vertex 28.65 -52.4278 -5.72205e-07
      vertex 29.7639 -47.825 -5.72205e-07
    endloop
  endfacet
  facet normal 0 0 -1
    outer loop
      vertex 108.321 -47.18 -5.72205e-07
      vertex 112.5 -29.9 -5.72205e-07
      vertex 108.343 -47.2891 -5.72205e-07
    endloop
  endfacet
  facet normal 0 0 -1
    outer loop
      vertex 112.5 -29.9 -5.72205e-07
      vertex 108.343 -33.5109 -5.72205e-07
      vertex 108.35 -33.4 -5.72205e-07
    endloop
  endfacet
  facet normal 0 0 -1
    outer loop
      vertex 108.285 -47.0747 -5.72205e-07
      vertex 112.5 -29.9 -5.72205e-07
      vertex 108.321 -47.18 -5.72205e-07
    endloop
  endfacet
  facet normal 0 0 -1
    outer loop
      vertex 112.5 -29.9 -5.72205e-07
      vertex 108.321 -33.62 -5.72205e-07
      vertex 108.343 -33.5109 -5.72205e-07
    endloop
  endfacet
  facet normal 0 0 -1
    outer loop
      vertex 108.236 -46.975 -5.72205e-07
      vertex 112.5 -29.9 -5.72205e-07
      vertex 108.285 -47.0747 -5.72205e-07
    endloop
  endfacet
  facet normal 0 0 -1
    outer loop
      vertex 112.5 -29.9 -5.72205e-07
      vertex 108.285 -33.7253 -5.72205e-07
      vertex 108.321 -33.62 -5.72205e-07
    endloop
  endfacet
  facet normal 0 0 -1
    outer loop
      vertex 108.236 -33.825 -5.72205e-07
      vertex 112.5 -29.9 -5.72205e-07
      vertex 108.236 -46.975 -5.72205e-07
    endloop
  endfacet
  facet normal 0 0 -1
    outer loop
      vertex 112.5 -29.9 -5.72205e-07
      vertex 108.236 -33.825 -5.72205e-07
      vertex 108.285 -33.7253 -5.72205e-07
    endloop
  endfacet
  facet normal 0 0 -1
    outer loop
      vertex 108.174 -46.8826 -5.72205e-07
      vertex 108.236 -33.825 -5.72205e-07
      vertex 108.236 -46.975 -5.72205e-07
    endloop
  endfacet
  facet normal 0 0 -1
    outer loop
      vertex 108.174 -46.8826 -5.72205e-07
      vertex 108.174 -33.9174 -5.72205e-07
      vertex 108.236 -33.825 -5.72205e-07
    endloop
  endfacet
  facet normal 0 0 -1
    outer loop
      vertex 108.101 -46.799 -5.72205e-07
      vertex 108.174 -33.9174 -5.72205e-07
      vertex 108.174 -46.8826 -5.72205e-07
    endloop
  endfacet
  facet normal 0 0 -1
    outer loop
      vertex 108.101 -46.799 -5.72205e-07
      vertex 108.101 -34.001 -5.72205e-07
      vertex 108.174 -33.9174 -5.72205e-07
    endloop
  endfacet
  facet normal 0 0 -1
    outer loop
      vertex 108.017 -46.7257 -5.72205e-07
      vertex 108.101 -34.001 -5.72205e-07
      vertex 108.101 -46.799 -5.72205e-07
    endloop
  endfacet
  facet normal 0 0 -1
    outer loop
      vertex 108.017 -46.7257 -5.72205e-07
      vertex 108.017 -34.0743 -5.72205e-07
      vertex 108.101 -34.001 -5.72205e-07
    endloop
  endfacet
  facet normal 0 0 -1
    outer loop
      vertex 107.925 -46.6639 -5.72205e-07
      vertex 108.017 -34.0743 -5.72205e-07
      vertex 108.017 -46.7257 -5.72205e-07
    endloop
  endfacet
  facet normal 0 0 -1
    outer loop
      vertex 107.925 -46.6639 -5.72205e-07
      vertex 107.925 -34.1361 -5.72205e-07
      vertex 108.017 -34.0743 -5.72205e-07
    endloop
  endfacet
  facet normal 0 0 -1
    outer loop
      vertex 107.825 -46.6147 -5.72205e-07
      vertex 107.925 -34.1361 -5.72205e-07
      vertex 107.925 -46.6639 -5.72205e-07
    endloop
  endfacet
  facet normal 0 0 -1
    outer loop
      vertex 107.825 -46.6147 -5.72205e-07
      vertex 107.825 -34.1853 -5.72205e-07
      vertex 107.925 -34.1361 -5.72205e-07
    endloop
  endfacet
  facet normal 0 0 -1
    outer loop
      vertex 107.72 -46.579 -5.72205e-07
      vertex 107.825 -34.1853 -5.72205e-07
      vertex 107.825 -46.6147 -5.72205e-07
    endloop
  endfacet
  facet normal 0 0 -1
    outer loop
      vertex 107.72 -46.579 -5.72205e-07
      vertex 107.72 -34.221 -5.72205e-07
      vertex 107.825 -34.1853 -5.72205e-07
    endloop
  endfacet
  facet normal 0 0 -1
    outer loop
      vertex 107.611 -46.5573 -5.72205e-07
      vertex 107.72 -34.221 -5.72205e-07
      vertex 107.72 -46.579 -5.72205e-07
    endloop
  endfacet
  facet normal 0 0 -1
    outer loop
      vertex 107.611 -46.5573 -5.72205e-07
      vertex 107.611 -34.2427 -5.72205e-07
      vertex 107.72 -34.221 -5.72205e-07
    endloop
  endfacet
  facet normal 0 0 -1
    outer loop
      vertex 107.5 -46.55 -5.72205e-07
      vertex 107.611 -34.2427 -5.72205e-07
      vertex 107.611 -46.5573 -5.72205e-07
    endloop
  endfacet
  facet normal 0 0 -1
    outer loop
      vertex 107.5 -46.55 -5.72205e-07
      vertex 107.5 -34.25 -5.72205e-07
      vertex 107.611 -34.2427 -5.72205e-07
    endloop
  endfacet
  facet normal 0 0 -1
    outer loop
      vertex 104.5 -45.9 -5.72205e-07
      vertex 107.5 -46.55 -5.72205e-07
      vertex 107.389 -46.5573 -5.72205e-07
    endloop
  endfacet
  facet normal 0 0 -1
    outer loop
      vertex 107.5 -46.55 -5.72205e-07
      vertex 104.5 -45.9 -5.72205e-07
      vertex 107.5 -34.25 -5.72205e-07
    endloop
  endfacet
  facet normal 0 0 -1
    outer loop
      vertex 104.5 -45.9 -5.72205e-07
      vertex 107.389 -46.5573 -5.72205e-07
      vertex 107.28 -46.579 -5.72205e-07
    endloop
  endfacet
  facet normal -0 0 -1
    outer loop
      vertex 107.5 -34.25 -5.72205e-07
      vertex 104.5 -45.9 -5.72205e-07
      vertex 107.389 -34.2427 -5.72205e-07
    endloop
  endfacet
  facet normal 0 0 -1
    outer loop
      vertex 104.5 -45.9 -5.72205e-07
      vertex 107.28 -46.579 -5.72205e-07
      vertex 107.175 -46.6147 -5.72205e-07
    endloop
  endfacet
  facet normal -0 0 -1
    outer loop
      vertex 107.389 -34.2427 -5.72205e-07
      vertex 104.5 -45.9 -5.72205e-07
      vertex 107.28 -34.221 -5.72205e-07
    endloop
  endfacet
  facet normal 0 0 -1
    outer loop
      vertex 104.5 -45.9 -5.72205e-07
      vertex 107.175 -46.6147 -5.72205e-07
      vertex 107.075 -46.6639 -5.72205e-07
    endloop
  endfacet
  facet normal -0 0 -1
    outer loop
      vertex 107.28 -34.221 -5.72205e-07
      vertex 104.5 -45.9 -5.72205e-07
      vertex 107.175 -34.1853 -5.72205e-07
    endloop
  endfacet
  facet normal 0 0 -1
    outer loop
      vertex 104.5 -45.9 -5.72205e-07
      vertex 107.075 -46.6639 -5.72205e-07
      vertex 106.983 -46.7257 -5.72205e-07
    endloop
  endfacet
  facet normal -0 0 -1
    outer loop
      vertex 107.175 -34.1853 -5.72205e-07
      vertex 104.5 -45.9 -5.72205e-07
      vertex 107.075 -34.1361 -5.72205e-07
    endloop
  endfacet
  facet normal 0 0 -1
    outer loop
      vertex 104.5 -45.9 -5.72205e-07
      vertex 106.983 -46.7257 -5.72205e-07
      vertex 106.899 -46.799 -5.72205e-07
    endloop
  endfacet
  facet normal -0 0 -1
    outer loop
      vertex 107.075 -34.1361 -5.72205e-07
      vertex 104.5 -45.9 -5.72205e-07
      vertex 106.983 -34.0743 -5.72205e-07
    endloop
  endfacet
  facet normal 0 0 -1
    outer loop
      vertex 104.5 -45.9 -5.72205e-07
      vertex 106.899 -46.799 -5.72205e-07
      vertex 106.826 -46.8826 -5.72205e-07
    endloop
  endfacet
  facet normal -0 0 -1
    outer loop
      vertex 106.983 -34.0743 -5.72205e-07
      vertex 104.5 -45.9 -5.72205e-07
      vertex 106.899 -34.001 -5.72205e-07
    endloop
  endfacet
  facet normal 0 0 -1
    outer loop
      vertex 104.5 -45.9 -5.72205e-07
      vertex 106.826 -46.8826 -5.72205e-07
      vertex 106.764 -46.975 -5.72205e-07
    endloop
  endfacet
  facet normal -0 0 -1
    outer loop
      vertex 106.899 -34.001 -5.72205e-07
      vertex 104.5 -45.9 -5.72205e-07
      vertex 106.826 -33.9174 -5.72205e-07
    endloop
  endfacet
  facet normal 0 0 -1
    outer loop
      vertex 104.5 -45.9 -5.72205e-07
      vertex 106.764 -46.975 -5.72205e-07
      vertex 106.715 -47.0747 -5.72205e-07
    endloop
  endfacet
  facet normal -0 0 -1
    outer loop
      vertex 106.826 -33.9174 -5.72205e-07
      vertex 104.5 -45.9 -5.72205e-07
      vertex 106.764 -33.825 -5.72205e-07
    endloop
  endfacet
  facet normal 0 0 -1
    outer loop
      vertex 104.5 -45.9 -5.72205e-07
      vertex 106.715 -47.0747 -5.72205e-07
      vertex 106.679 -47.18 -5.72205e-07
    endloop
  endfacet
  facet normal -0 0 -1
    outer loop
      vertex 106.764 -33.825 -5.72205e-07
      vertex 104.5 -45.9 -5.72205e-07
      vertex 106.715 -33.7253 -5.72205e-07
    endloop
  endfacet
  facet normal 0 0 -1
    outer loop
      vertex 104.5 -45.9 -5.72205e-07
      vertex 106.679 -47.18 -5.72205e-07
      vertex 106.657 -47.2891 -5.72205e-07
    endloop
  endfacet
  facet normal -0 0 -1
    outer loop
      vertex 106.715 -33.7253 -5.72205e-07
      vertex 104.5 -45.9 -5.72205e-07
      vertex 106.679 -33.62 -5.72205e-07
    endloop
  endfacet
  facet normal 0 0 -1
    outer loop
      vertex 104.5 -45.9 -5.72205e-07
      vertex 106.657 -47.2891 -5.72205e-07
      vertex 106.65 -47.4 -5.72205e-07
    endloop
  endfacet
  facet normal -0 0 -1
    outer loop
      vertex 106.679 -33.62 -5.72205e-07
      vertex 104.5 -45.9 -5.72205e-07
      vertex 106.657 -33.5109 -5.72205e-07
    endloop
  endfacet
  facet normal 0 0 -1
    outer loop
      vertex 109.849 -52.8651 -5.72205e-07
      vertex 108.343 -47.5109 -5.72205e-07
      vertex 108.35 -47.4 -5.72205e-07
    endloop
  endfacet
  facet normal 0 0 -1
    outer loop
      vertex 108.722 -52.2145 -5.72205e-07
      vertex 108.321 -47.62 -5.72205e-07
      vertex 108.343 -47.5109 -5.72205e-07
    endloop
  endfacet
  facet normal 0 0 -1
    outer loop
      vertex 108.722 -52.2145 -5.72205e-07
      vertex 108.285 -47.7253 -5.72205e-07
      vertex 108.321 -47.62 -5.72205e-07
    endloop
  endfacet
  facet normal 0 0 -1
    outer loop
      vertex 107.72 -48.221 -5.72205e-07
      vertex 108.5 -52.2 -5.72205e-07
      vertex 108.278 -52.2145 -5.72205e-07
    endloop
  endfacet
  facet normal 0 0 -1
    outer loop
      vertex 108.722 -52.2145 -5.72205e-07
      vertex 108.236 -47.825 -5.72205e-07
      vertex 108.285 -47.7253 -5.72205e-07
    endloop
  endfacet
  facet normal 0 0 -1
    outer loop
      vertex 108.722 -52.2145 -5.72205e-07
      vertex 108.174 -47.9174 -5.72205e-07
      vertex 108.236 -47.825 -5.72205e-07
    endloop
  endfacet
  facet normal 0 0 -1
    outer loop
      vertex 108.722 -52.2145 -5.72205e-07
      vertex 108.101 -48.001 -5.72205e-07
      vertex 108.174 -47.9174 -5.72205e-07
    endloop
  endfacet
  facet normal 0 0 -1
    outer loop
      vertex 107.611 -48.2427 -5.72205e-07
      vertex 108.278 -52.2145 -5.72205e-07
      vertex 108.06 -52.2579 -5.72205e-07
    endloop
  endfacet
  facet normal 0 0 -1
    outer loop
      vertex 108.722 -52.2145 -5.72205e-07
      vertex 108.017 -48.0743 -5.72205e-07
      vertex 108.101 -48.001 -5.72205e-07
    endloop
  endfacet
  facet normal 0 0 -1
    outer loop
      vertex 108.722 -52.2145 -5.72205e-07
      vertex 107.925 -48.1361 -5.72205e-07
      vertex 108.017 -48.0743 -5.72205e-07
    endloop
  endfacet
  facet normal 0 0 -1
    outer loop
      vertex 107.389 -48.2427 -5.72205e-07
      vertex 108.06 -52.2579 -5.72205e-07
      vertex 107.849 -52.3294 -5.72205e-07
    endloop
  endfacet
  facet normal 0 0 -1
    outer loop
      vertex 108.722 -52.2145 -5.72205e-07
      vertex 107.825 -48.1853 -5.72205e-07
      vertex 107.925 -48.1361 -5.72205e-07
    endloop
  endfacet
  facet normal 0 0 -1
    outer loop
      vertex 108.5 -52.2 -5.72205e-07
      vertex 107.72 -48.221 -5.72205e-07
      vertex 107.825 -48.1853 -5.72205e-07
    endloop
  endfacet
  facet normal 0 0 -1
    outer loop
      vertex 107.28 -48.221 -5.72205e-07
      vertex 107.849 -52.3294 -5.72205e-07
      vertex 107.65 -52.4278 -5.72205e-07
    endloop
  endfacet
  facet normal 0 0 -1
    outer loop
      vertex 108.278 -52.2145 -5.72205e-07
      vertex 107.611 -48.2427 -5.72205e-07
      vertex 107.72 -48.221 -5.72205e-07
    endloop
  endfacet
  facet normal 0 0 -1
    outer loop
      vertex 108.06 -52.2579 -5.72205e-07
      vertex 107.5 -48.25 -5.72205e-07
      vertex 107.611 -48.2427 -5.72205e-07
    endloop
  endfacet
  facet normal 0 0 -1
    outer loop
      vertex 107.175 -48.1853 -5.72205e-07
      vertex 107.65 -52.4278 -5.72205e-07
      vertex 107.465 -52.5513 -5.72205e-07
    endloop
  endfacet
  facet normal 0 0 -1
    outer loop
      vertex 108.06 -52.2579 -5.72205e-07
      vertex 107.389 -48.2427 -5.72205e-07
      vertex 107.5 -48.25 -5.72205e-07
    endloop
  endfacet
  facet normal 0 0 -1
    outer loop
      vertex 107.075 -48.1361 -5.72205e-07
      vertex 107.465 -52.5513 -5.72205e-07
      vertex 107.298 -52.6979 -5.72205e-07
    endloop
  endfacet
  facet normal 0 0 -1
    outer loop
      vertex 107.849 -52.3294 -5.72205e-07
      vertex 107.28 -48.221 -5.72205e-07
      vertex 107.389 -48.2427 -5.72205e-07
    endloop
  endfacet
  facet normal 0 0 -1
    outer loop
      vertex 107.65 -52.4278 -5.72205e-07
      vertex 107.175 -48.1853 -5.72205e-07
      vertex 107.28 -48.221 -5.72205e-07
    endloop
  endfacet
  facet normal 0 0 -1
    outer loop
      vertex 106.899 -48.001 -5.72205e-07
      vertex 107.298 -52.6979 -5.72205e-07
      vertex 107.151 -52.8651 -5.72205e-07
    endloop
  endfacet
  facet normal 0 0 -1
    outer loop
      vertex 107.465 -52.5513 -5.72205e-07
      vertex 107.075 -48.1361 -5.72205e-07
      vertex 107.175 -48.1853 -5.72205e-07
    endloop
  endfacet
  facet normal 0 0 -1
    outer loop
      vertex 106.826 -47.9174 -5.72205e-07
      vertex 107.151 -52.8651 -5.72205e-07
      vertex 107.028 -53.05 -5.72205e-07
    endloop
  endfacet
  facet normal 0 0 -1
    outer loop
      vertex 107.298 -52.6979 -5.72205e-07
      vertex 106.983 -48.0743 -5.72205e-07
      vertex 107.075 -48.1361 -5.72205e-07
    endloop
  endfacet
  facet normal 0 0 -1
    outer loop
      vertex 104.5 -45.9 -5.72205e-07
      vertex 107.028 -53.05 -5.72205e-07
      vertex 106.929 -53.2494 -5.72205e-07
    endloop
  endfacet
  facet normal 0 0 -1
    outer loop
      vertex 107.298 -52.6979 -5.72205e-07
      vertex 106.899 -48.001 -5.72205e-07
      vertex 106.983 -48.0743 -5.72205e-07
    endloop
  endfacet
  facet normal 0 0 -1
    outer loop
      vertex 104.5 -45.9 -5.72205e-07
      vertex 106.929 -53.2494 -5.72205e-07
      vertex 106.858 -53.46 -5.72205e-07
    endloop
  endfacet
  facet normal 0 0 -1
    outer loop
      vertex 107.151 -52.8651 -5.72205e-07
      vertex 106.826 -47.9174 -5.72205e-07
      vertex 106.899 -48.001 -5.72205e-07
    endloop
  endfacet
  facet normal 0 0 -1
    outer loop
      vertex 104.5 -45.9 -5.72205e-07
      vertex 106.858 -53.46 -5.72205e-07
      vertex 106.815 -53.6781 -5.72205e-07
    endloop
  endfacet
  facet normal 0 0 -1
    outer loop
      vertex 104.5 -57.9 -5.72205e-07
      vertex 106.815 -53.6781 -5.72205e-07
      vertex 106.8 -53.9 -5.72205e-07
    endloop
  endfacet
  facet normal 0 0 -1
    outer loop
      vertex 107.028 -53.05 -5.72205e-07
      vertex 106.764 -47.825 -5.72205e-07
      vertex 106.826 -47.9174 -5.72205e-07
    endloop
  endfacet
  facet normal 0 0 -1
    outer loop
      vertex 110.185 -53.6781 -5.72205e-07
      vertex 112.5 -57.9 -5.72205e-07
      vertex 110.2 -53.9 -5.72205e-07
    endloop
  endfacet
  facet normal 0 0 -1
    outer loop
      vertex 112.5 -57.9 -5.72205e-07
      vertex 110.185 -54.1219 -5.72205e-07
      vertex 110.2 -53.9 -5.72205e-07
    endloop
  endfacet
  facet normal 0 0 -1
    outer loop
      vertex 112.5 -57.9 -5.72205e-07
      vertex 110.142 -54.34 -5.72205e-07
      vertex 110.185 -54.1219 -5.72205e-07
    endloop
  endfacet
  facet normal 0 0 -1
    outer loop
      vertex 112.5 -57.9 -5.72205e-07
      vertex 110.071 -54.5506 -5.72205e-07
      vertex 110.142 -54.34 -5.72205e-07
    endloop
  endfacet
  facet normal 0 0 -1
    outer loop
      vertex 112.5 -57.9 -5.72205e-07
      vertex 109.972 -54.75 -5.72205e-07
      vertex 110.071 -54.5506 -5.72205e-07
    endloop
  endfacet
  facet normal 0 0 -1
    outer loop
      vertex 112.5 -57.9 -5.72205e-07
      vertex 109.849 -54.9349 -5.72205e-07
      vertex 109.972 -54.75 -5.72205e-07
    endloop
  endfacet
  facet normal 0 0 -1
    outer loop
      vertex 112.5 -57.9 -5.72205e-07
      vertex 109.702 -55.1021 -5.72205e-07
      vertex 109.849 -54.9349 -5.72205e-07
    endloop
  endfacet
  facet normal 0 0 -1
    outer loop
      vertex 112.5 -57.9 -5.72205e-07
      vertex 109.535 -55.2487 -5.72205e-07
      vertex 109.702 -55.1021 -5.72205e-07
    endloop
  endfacet
  facet normal 0 0 -1
    outer loop
      vertex 112.5 -57.9 -5.72205e-07
      vertex 109.35 -55.3722 -5.72205e-07
      vertex 109.535 -55.2487 -5.72205e-07
    endloop
  endfacet
  facet normal 0 0 -1
    outer loop
      vertex 112.5 -57.9 -5.72205e-07
      vertex 109.151 -55.4706 -5.72205e-07
      vertex 109.35 -55.3722 -5.72205e-07
    endloop
  endfacet
  facet normal 0 0 -1
    outer loop
      vertex 112.5 -57.9 -5.72205e-07
      vertex 108.94 -55.5421 -5.72205e-07
      vertex 109.151 -55.4706 -5.72205e-07
    endloop
  endfacet
  facet normal 0 0 -1
    outer loop
      vertex 112.5 -57.9 -5.72205e-07
      vertex 108.722 -55.5855 -5.72205e-07
      vertex 108.94 -55.5421 -5.72205e-07
    endloop
  endfacet
  facet normal 0 0 -1
    outer loop
      vertex 112.5 -57.9 -5.72205e-07
      vertex 108.5 -55.6 -5.72205e-07
      vertex 108.722 -55.5855 -5.72205e-07
    endloop
  endfacet
  facet normal 0 0 -1
    outer loop
      vertex 104.5 -57.9 -5.72205e-07
      vertex 108.5 -55.6 -5.72205e-07
      vertex 112.5 -57.9 -5.72205e-07
    endloop
  endfacet
  facet normal -0 0 -1
    outer loop
      vertex 108.5 -55.6 -5.72205e-07
      vertex 104.5 -57.9 -5.72205e-07
      vertex 108.278 -55.5855 -5.72205e-07
    endloop
  endfacet
  facet normal -0 0 -1
    outer loop
      vertex 108.278 -55.5855 -5.72205e-07
      vertex 104.5 -57.9 -5.72205e-07
      vertex 108.06 -55.5421 -5.72205e-07
    endloop
  endfacet
  facet normal -0 0 -1
    outer loop
      vertex 108.06 -55.5421 -5.72205e-07
      vertex 104.5 -57.9 -5.72205e-07
      vertex 107.849 -55.4706 -5.72205e-07
    endloop
  endfacet
  facet normal 0 0 -1
    outer loop
      vertex 107.028 -53.05 -5.72205e-07
      vertex 104.5 -45.9 -5.72205e-07
      vertex 106.764 -47.825 -5.72205e-07
    endloop
  endfacet
  facet normal 0 0 -1
    outer loop
      vertex 106.764 -47.825 -5.72205e-07
      vertex 104.5 -45.9 -5.72205e-07
      vertex 106.715 -47.7253 -5.72205e-07
    endloop
  endfacet
  facet normal 0 0 -1
    outer loop
      vertex 106.715 -47.7253 -5.72205e-07
      vertex 104.5 -45.9 -5.72205e-07
      vertex 106.679 -47.62 -5.72205e-07
    endloop
  endfacet
  facet normal 0 0 -1
    outer loop
      vertex 106.679 -47.62 -5.72205e-07
      vertex 104.5 -45.9 -5.72205e-07
      vertex 106.657 -47.5109 -5.72205e-07
    endloop
  endfacet
  facet normal 0 0 -1
    outer loop
      vertex 106.657 -47.5109 -5.72205e-07
      vertex 104.5 -45.9 -5.72205e-07
      vertex 106.65 -47.4 -5.72205e-07
    endloop
  endfacet
  facet normal -0 0 -1
    outer loop
      vertex 106.815 -53.6781 -5.72205e-07
      vertex 104.5 -57.9 -5.72205e-07
      vertex 104.5 -45.9 -5.72205e-07
    endloop
  endfacet
  facet normal -0 0 -1
    outer loop
      vertex 106.815 -54.1219 -5.72205e-07
      vertex 104.5 -57.9 -5.72205e-07
      vertex 106.8 -53.9 -5.72205e-07
    endloop
  endfacet
  facet normal -0 0 -1
    outer loop
      vertex 106.858 -54.34 -5.72205e-07
      vertex 104.5 -57.9 -5.72205e-07
      vertex 106.815 -54.1219 -5.72205e-07
    endloop
  endfacet
  facet normal -0 0 -1
    outer loop
      vertex 106.929 -54.5506 -5.72205e-07
      vertex 104.5 -57.9 -5.72205e-07
      vertex 106.858 -54.34 -5.72205e-07
    endloop
  endfacet
  facet normal -0 0 -1
    outer loop
      vertex 107.028 -54.75 -5.72205e-07
      vertex 104.5 -57.9 -5.72205e-07
      vertex 106.929 -54.5506 -5.72205e-07
    endloop
  endfacet
  facet normal -0 0 -1
    outer loop
      vertex 107.151 -54.9349 -5.72205e-07
      vertex 104.5 -57.9 -5.72205e-07
      vertex 107.028 -54.75 -5.72205e-07
    endloop
  endfacet
  facet normal -0 0 -1
    outer loop
      vertex 107.298 -55.1021 -5.72205e-07
      vertex 104.5 -57.9 -5.72205e-07
      vertex 107.151 -54.9349 -5.72205e-07
    endloop
  endfacet
  facet normal -0 0 -1
    outer loop
      vertex 107.465 -55.2487 -5.72205e-07
      vertex 104.5 -57.9 -5.72205e-07
      vertex 107.298 -55.1021 -5.72205e-07
    endloop
  endfacet
  facet normal -0 0 -1
    outer loop
      vertex 107.65 -55.3722 -5.72205e-07
      vertex 104.5 -57.9 -5.72205e-07
      vertex 107.465 -55.2487 -5.72205e-07
    endloop
  endfacet
  facet normal -0 0 -1
    outer loop
      vertex 107.849 -55.4706 -5.72205e-07
      vertex 104.5 -57.9 -5.72205e-07
      vertex 107.65 -55.3722 -5.72205e-07
    endloop
  endfacet
  facet normal 0 0 -1
    outer loop
      vertex 110.142 -53.46 -5.72205e-07
      vertex 112.5 -57.9 -5.72205e-07
      vertex 110.185 -53.6781 -5.72205e-07
    endloop
  endfacet
  facet normal 0 0 -1
    outer loop
      vertex 110.071 -53.2494 -5.72205e-07
      vertex 112.5 -57.9 -5.72205e-07
      vertex 110.142 -53.46 -5.72205e-07
    endloop
  endfacet
  facet normal 0 0 -1
    outer loop
      vertex 112.5 -57.9 -5.72205e-07
      vertex 110.071 -53.2494 -5.72205e-07
      vertex 112.5 -29.9 -5.72205e-07
    endloop
  endfacet
  facet normal 0 0 -1
    outer loop
      vertex 108.343 -47.2891 -5.72205e-07
      vertex 109.972 -53.05 -5.72205e-07
      vertex 108.35 -47.4 -5.72205e-07
    endloop
  endfacet
  facet normal 0 0 -1
    outer loop
      vertex 108.35 -47.4 -5.72205e-07
      vertex 109.972 -53.05 -5.72205e-07
      vertex 109.849 -52.8651 -5.72205e-07
    endloop
  endfacet
  facet normal 0 0 -1
    outer loop
      vertex 108.343 -47.5109 -5.72205e-07
      vertex 109.849 -52.8651 -5.72205e-07
      vertex 109.702 -52.6979 -5.72205e-07
    endloop
  endfacet
  facet normal 0 0 -1
    outer loop
      vertex 108.343 -47.5109 -5.72205e-07
      vertex 109.702 -52.6979 -5.72205e-07
      vertex 109.535 -52.5513 -5.72205e-07
    endloop
  endfacet
  facet normal 0 0 -1
    outer loop
      vertex 108.343 -47.5109 -5.72205e-07
      vertex 109.535 -52.5513 -5.72205e-07
      vertex 109.35 -52.4278 -5.72205e-07
    endloop
  endfacet
  facet normal 0 0 -1
    outer loop
      vertex 108.343 -47.5109 -5.72205e-07
      vertex 109.35 -52.4278 -5.72205e-07
      vertex 109.151 -52.3294 -5.72205e-07
    endloop
  endfacet
  facet normal 0 0 -1
    outer loop
      vertex 108.343 -47.5109 -5.72205e-07
      vertex 109.151 -52.3294 -5.72205e-07
      vertex 108.94 -52.2579 -5.72205e-07
    endloop
  endfacet
  facet normal 0 0 -1
    outer loop
      vertex 108.343 -47.5109 -5.72205e-07
      vertex 108.94 -52.2579 -5.72205e-07
      vertex 108.722 -52.2145 -5.72205e-07
    endloop
  endfacet
  facet normal 0 0 -1
    outer loop
      vertex 107.825 -48.1853 -5.72205e-07
      vertex 108.722 -52.2145 -5.72205e-07
      vertex 108.5 -52.2 -5.72205e-07
    endloop
  endfacet
  facet normal 0 0 -1
    outer loop
      vertex 109.972 -53.05 -5.72205e-07
      vertex 108.343 -47.2891 -5.72205e-07
      vertex 110.071 -53.2494 -5.72205e-07
    endloop
  endfacet
  facet normal 0 0 -1
    outer loop
      vertex 110.071 -53.2494 -5.72205e-07
      vertex 108.343 -47.2891 -5.72205e-07
      vertex 112.5 -29.9 -5.72205e-07
    endloop
  endfacet
  facet normal 0 0 -1
    outer loop
      vertex 108.343 -33.2891 -5.72205e-07
      vertex 112.5 -29.9 -5.72205e-07
      vertex 108.35 -33.4 -5.72205e-07
    endloop
  endfacet
  facet normal 0 0 -1
    outer loop
      vertex 108.321 -33.18 -5.72205e-07
      vertex 112.5 -29.9 -5.72205e-07
      vertex 108.343 -33.2891 -5.72205e-07
    endloop
  endfacet
  facet normal 0 0 -1
    outer loop
      vertex 108.285 -33.0747 -5.72205e-07
      vertex 112.5 -29.9 -5.72205e-07
      vertex 108.321 -33.18 -5.72205e-07
    endloop
  endfacet
  facet normal 0 0 -1
    outer loop
      vertex 108.236 -32.975 -5.72205e-07
      vertex 112.5 -29.9 -5.72205e-07
      vertex 108.285 -33.0747 -5.72205e-07
    endloop
  endfacet
  facet normal 0 0 -1
    outer loop
      vertex 108.174 -32.8826 -5.72205e-07
      vertex 112.5 -29.9 -5.72205e-07
      vertex 108.236 -32.975 -5.72205e-07
    endloop
  endfacet
  facet normal 0 0 -1
    outer loop
      vertex 108.101 -32.799 -5.72205e-07
      vertex 112.5 -29.9 -5.72205e-07
      vertex 108.174 -32.8826 -5.72205e-07
    endloop
  endfacet
  facet normal 0 0 -1
    outer loop
      vertex 108.017 -32.7257 -5.72205e-07
      vertex 112.5 -29.9 -5.72205e-07
      vertex 108.101 -32.799 -5.72205e-07
    endloop
  endfacet
  facet normal 0 0 -1
    outer loop
      vertex 107.925 -32.6639 -5.72205e-07
      vertex 112.5 -29.9 -5.72205e-07
      vertex 108.017 -32.7257 -5.72205e-07
    endloop
  endfacet
  facet normal 0 0 -1
    outer loop
      vertex 107.825 -32.6147 -5.72205e-07
      vertex 112.5 -29.9 -5.72205e-07
      vertex 107.925 -32.6639 -5.72205e-07
    endloop
  endfacet
  facet normal 0 0 -1
    outer loop
      vertex 107.72 -32.579 -5.72205e-07
      vertex 112.5 -29.9 -5.72205e-07
      vertex 107.825 -32.6147 -5.72205e-07
    endloop
  endfacet
  facet normal 0 0 -1
    outer loop
      vertex 107.611 -32.5573 -5.72205e-07
      vertex 112.5 -29.9 -5.72205e-07
      vertex 107.72 -32.579 -5.72205e-07
    endloop
  endfacet
  facet normal 0 0 -1
    outer loop
      vertex 107.5 -32.55 -5.72205e-07
      vertex 112.5 -29.9 -5.72205e-07
      vertex 107.611 -32.5573 -5.72205e-07
    endloop
  endfacet
  facet normal 0 0 -1
    outer loop
      vertex 107.389 -32.5573 -5.72205e-07
      vertex 112.5 -29.9 -5.72205e-07
      vertex 107.5 -32.55 -5.72205e-07
    endloop
  endfacet
  facet normal 0 0 -1
    outer loop
      vertex 107.28 -32.579 -5.72205e-07
      vertex 112.5 -29.9 -5.72205e-07
      vertex 107.389 -32.5573 -5.72205e-07
    endloop
  endfacet
  facet normal 0 0 -1
    outer loop
      vertex 107.175 -32.6147 -5.72205e-07
      vertex 112.5 -29.9 -5.72205e-07
      vertex 107.28 -32.579 -5.72205e-07
    endloop
  endfacet
  facet normal 0 0 -1
    outer loop
      vertex 30.8253 -32.6147 -5.72205e-07
      vertex 107.175 -32.6147 -5.72205e-07
      vertex 107.075 -32.6639 -5.72205e-07
    endloop
  endfacet
  facet normal -0 0 -1
    outer loop
      vertex 106.657 -33.5109 -5.72205e-07
      vertex 104.5 -45.9 -5.72205e-07
      vertex 106.65 -33.4 -5.72205e-07
    endloop
  endfacet
  facet normal 0 0 -1
    outer loop
      vertex 33.5 -45.9 -5.72205e-07
      vertex 106.65 -33.4 -5.72205e-07
      vertex 104.5 -45.9 -5.72205e-07
    endloop
  endfacet
  facet normal 0 0 -1
    outer loop
      vertex 31.35 -33.4 -5.72205e-07
      vertex 106.65 -33.4 -5.72205e-07
      vertex 33.5 -45.9 -5.72205e-07
    endloop
  endfacet
  facet normal 0 0 -1
    outer loop
      vertex 106.65 -33.4 -5.72205e-07
      vertex 31.35 -33.4 -5.72205e-07
      vertex 106.657 -33.2891 -5.72205e-07
    endloop
  endfacet
  facet normal 0 0 -1
    outer loop
      vertex 31.3427 -33.2891 -5.72205e-07
      vertex 106.657 -33.2891 -5.72205e-07
      vertex 31.35 -33.4 -5.72205e-07
    endloop
  endfacet
  facet normal 0 0 -1
    outer loop
      vertex 106.657 -33.2891 -5.72205e-07
      vertex 31.3427 -33.2891 -5.72205e-07
      vertex 106.679 -33.18 -5.72205e-07
    endloop
  endfacet
  facet normal 0 0 -1
    outer loop
      vertex 31.321 -33.18 -5.72205e-07
      vertex 106.679 -33.18 -5.72205e-07
      vertex 31.3427 -33.2891 -5.72205e-07
    endloop
  endfacet
  facet normal 0 0 -1
    outer loop
      vertex 106.679 -33.18 -5.72205e-07
      vertex 31.321 -33.18 -5.72205e-07
      vertex 106.715 -33.0747 -5.72205e-07
    endloop
  endfacet
  facet normal 0 0 -1
    outer loop
      vertex 31.2853 -33.0747 -5.72205e-07
      vertex 106.715 -33.0747 -5.72205e-07
      vertex 31.321 -33.18 -5.72205e-07
    endloop
  endfacet
  facet normal 0 0 -1
    outer loop
      vertex 106.715 -33.0747 -5.72205e-07
      vertex 31.2853 -33.0747 -5.72205e-07
      vertex 106.764 -32.975 -5.72205e-07
    endloop
  endfacet
  facet normal 0 0 -1
    outer loop
      vertex 31.2361 -32.975 -5.72205e-07
      vertex 106.764 -32.975 -5.72205e-07
      vertex 31.2853 -33.0747 -5.72205e-07
    endloop
  endfacet
  facet normal 0 0 -1
    outer loop
      vertex 31.3427 -47.2891 -5.72205e-07
      vertex 33.5 -45.9 -5.72205e-07
      vertex 31.35 -47.4 -5.72205e-07
    endloop
  endfacet
  facet normal 0 0 -1
    outer loop
      vertex 106.764 -32.975 -5.72205e-07
      vertex 31.2361 -32.975 -5.72205e-07
      vertex 106.826 -32.8826 -5.72205e-07
    endloop
  endfacet
  facet normal 0 0 -1
    outer loop
      vertex 31.1744 -32.8826 -5.72205e-07
      vertex 106.826 -32.8826 -5.72205e-07
      vertex 31.2361 -32.975 -5.72205e-07
    endloop
  endfacet
  facet normal 0 0 -1
    outer loop
      vertex 106.826 -32.8826 -5.72205e-07
      vertex 31.1744 -32.8826 -5.72205e-07
      vertex 106.899 -32.799 -5.72205e-07
    endloop
  endfacet
  facet normal 0 0 -1
    outer loop
      vertex 31.101 -32.799 -5.72205e-07
      vertex 106.899 -32.799 -5.72205e-07
      vertex 31.1744 -32.8826 -5.72205e-07
    endloop
  endfacet
  facet normal 0 0 -1
    outer loop
      vertex 106.899 -32.799 -5.72205e-07
      vertex 31.101 -32.799 -5.72205e-07
      vertex 106.983 -32.7257 -5.72205e-07
    endloop
  endfacet
  facet normal 0 0 -1
    outer loop
      vertex 31.0174 -32.7257 -5.72205e-07
      vertex 106.983 -32.7257 -5.72205e-07
      vertex 31.101 -32.799 -5.72205e-07
    endloop
  endfacet
  facet normal 0 0 -1
    outer loop
      vertex 106.983 -32.7257 -5.72205e-07
      vertex 31.0174 -32.7257 -5.72205e-07
      vertex 107.075 -32.6639 -5.72205e-07
    endloop
  endfacet
  facet normal 0 0 -1
    outer loop
      vertex 30.925 -32.6639 -5.72205e-07
      vertex 107.075 -32.6639 -5.72205e-07
      vertex 31.0174 -32.7257 -5.72205e-07
    endloop
  endfacet
  facet normal 0 0 -1
    outer loop
      vertex 30.8253 -32.6147 -5.72205e-07
      vertex 107.075 -32.6639 -5.72205e-07
      vertex 30.925 -32.6639 -5.72205e-07
    endloop
  endfacet
  facet normal 0 0 -1
    outer loop
      vertex 107.175 -32.6147 -5.72205e-07
      vertex 30.8253 -32.6147 -5.72205e-07
      vertex 112.5 -29.9 -5.72205e-07
    endloop
  endfacet
  facet normal 0 0 -1
    outer loop
      vertex 25.5 -29.9 -5.72205e-07
      vertex 30.8253 -32.6147 -5.72205e-07
      vertex 30.72 -32.579 -5.72205e-07
    endloop
  endfacet
  facet normal 0 0 -1
    outer loop
      vertex 25.5 -29.9 -5.72205e-07
      vertex 30.72 -32.579 -5.72205e-07
      vertex 30.6109 -32.5573 -5.72205e-07
    endloop
  endfacet
  facet normal 0 0 -1
    outer loop
      vertex 25.5 -29.9 -5.72205e-07
      vertex 30.6109 -32.5573 -5.72205e-07
      vertex 30.5 -32.55 -5.72205e-07
    endloop
  endfacet
  facet normal -0 0 -1
    outer loop
      vertex 29.7639 -47.825 -5.72205e-07
      vertex 28.4651 -52.5513 -5.72205e-07
      vertex 29.7147 -47.7253 -5.72205e-07
    endloop
  endfacet
  facet normal -0 0 -1
    outer loop
      vertex 29.7147 -47.7253 -5.72205e-07
      vertex 28.4651 -52.5513 -5.72205e-07
      vertex 29.679 -47.62 -5.72205e-07
    endloop
  endfacet
  facet normal 0 0 -1
    outer loop
      vertex 28.2979 -52.6979 -5.72205e-07
      vertex 29.679 -47.62 -5.72205e-07
      vertex 28.4651 -52.5513 -5.72205e-07
    endloop
  endfacet
  facet normal -0 0 -1
    outer loop
      vertex 29.679 -47.62 -5.72205e-07
      vertex 28.2979 -52.6979 -5.72205e-07
      vertex 29.6573 -47.5109 -5.72205e-07
    endloop
  endfacet
  facet normal 0 0 -1
    outer loop
      vertex 28.1513 -52.8651 -5.72205e-07
      vertex 29.6573 -47.5109 -5.72205e-07
      vertex 28.2979 -52.6979 -5.72205e-07
    endloop
  endfacet
  facet normal -0 0 -1
    outer loop
      vertex 29.6573 -47.5109 -5.72205e-07
      vertex 28.1513 -52.8651 -5.72205e-07
      vertex 29.65 -47.4 -5.72205e-07
    endloop
  endfacet
  facet normal 0 0 -1
    outer loop
      vertex 29.6573 -33.5109 -5.72205e-07
      vertex 25.5 -29.9 -5.72205e-07
      vertex 29.65 -33.4 -5.72205e-07
    endloop
  endfacet
  facet normal 0 0 -1
    outer loop
      vertex 28.0278 -53.05 -5.72205e-07
      vertex 29.65 -47.4 -5.72205e-07
      vertex 28.1513 -52.8651 -5.72205e-07
    endloop
  endfacet
  facet normal 0 0 -1
    outer loop
      vertex 29.6573 -47.2891 -5.72205e-07
      vertex 28.0278 -53.05 -5.72205e-07
      vertex 27.9294 -53.2494 -5.72205e-07
    endloop
  endfacet
  facet normal -0 0 -1
    outer loop
      vertex 29.6573 -47.2891 -5.72205e-07
      vertex 27.9294 -53.2494 -5.72205e-07
      vertex 25.5 -29.9 -5.72205e-07
    endloop
  endfacet
  facet normal 0 0 -1
    outer loop
      vertex 25.5 -57.9 -5.72205e-07
      vertex 27.9294 -53.2494 -5.72205e-07
      vertex 27.8579 -53.46 -5.72205e-07
    endloop
  endfacet
  facet normal 0 0 -1
    outer loop
      vertex 25.5 -57.9 -5.72205e-07
      vertex 27.8579 -53.46 -5.72205e-07
      vertex 27.8145 -53.6781 -5.72205e-07
    endloop
  endfacet
  facet normal 0 0 -1
    outer loop
      vertex 25.5 -57.9 -5.72205e-07
      vertex 27.8145 -53.6781 -5.72205e-07
      vertex 27.8 -53.9 -5.72205e-07
    endloop
  endfacet
  facet normal -0 0 -1
    outer loop
      vertex 27.9294 -53.2494 -5.72205e-07
      vertex 25.5 -57.9 -5.72205e-07
      vertex 25.5 -29.9 -5.72205e-07
    endloop
  endfacet
  facet normal 0 0 -1
    outer loop
      vertex 30.8253 -32.6147 -5.72205e-07
      vertex 25.5 -29.9 -5.72205e-07
      vertex 112.5 -29.9 -5.72205e-07
    endloop
  endfacet
  facet normal 0 0 -1
    outer loop
      vertex 30.3891 -32.5573 -5.72205e-07
      vertex 25.5 -29.9 -5.72205e-07
      vertex 30.5 -32.55 -5.72205e-07
    endloop
  endfacet
  facet normal 0 0 -1
    outer loop
      vertex 30.28 -32.579 -5.72205e-07
      vertex 25.5 -29.9 -5.72205e-07
      vertex 30.3891 -32.5573 -5.72205e-07
    endloop
  endfacet
  facet normal 0 0 -1
    outer loop
      vertex 30.1747 -32.6147 -5.72205e-07
      vertex 25.5 -29.9 -5.72205e-07
      vertex 30.28 -32.579 -5.72205e-07
    endloop
  endfacet
  facet normal 0 0 -1
    outer loop
      vertex 30.075 -32.6639 -5.72205e-07
      vertex 25.5 -29.9 -5.72205e-07
      vertex 30.1747 -32.6147 -5.72205e-07
    endloop
  endfacet
  facet normal 0 0 -1
    outer loop
      vertex 29.9826 -32.7257 -5.72205e-07
      vertex 25.5 -29.9 -5.72205e-07
      vertex 30.075 -32.6639 -5.72205e-07
    endloop
  endfacet
  facet normal 0 0 -1
    outer loop
      vertex 29.899 -32.799 -5.72205e-07
      vertex 25.5 -29.9 -5.72205e-07
      vertex 29.9826 -32.7257 -5.72205e-07
    endloop
  endfacet
  facet normal 0 0 -1
    outer loop
      vertex 29.8256 -32.8826 -5.72205e-07
      vertex 25.5 -29.9 -5.72205e-07
      vertex 29.899 -32.799 -5.72205e-07
    endloop
  endfacet
  facet normal 0 0 -1
    outer loop
      vertex 29.7639 -32.975 -5.72205e-07
      vertex 25.5 -29.9 -5.72205e-07
      vertex 29.8256 -32.8826 -5.72205e-07
    endloop
  endfacet
  facet normal 0 0 -1
    outer loop
      vertex 29.7147 -33.0747 -5.72205e-07
      vertex 25.5 -29.9 -5.72205e-07
      vertex 29.7639 -32.975 -5.72205e-07
    endloop
  endfacet
  facet normal 0 0 -1
    outer loop
      vertex 29.679 -33.18 -5.72205e-07
      vertex 25.5 -29.9 -5.72205e-07
      vertex 29.7147 -33.0747 -5.72205e-07
    endloop
  endfacet
  facet normal 0 0 -1
    outer loop
      vertex 29.6573 -33.2891 -5.72205e-07
      vertex 25.5 -29.9 -5.72205e-07
      vertex 29.679 -33.18 -5.72205e-07
    endloop
  endfacet
  facet normal 0 0 -1
    outer loop
      vertex 29.65 -33.4 -5.72205e-07
      vertex 25.5 -29.9 -5.72205e-07
      vertex 29.6573 -33.2891 -5.72205e-07
    endloop
  endfacet
  facet normal 1 -0 0
    outer loop
      vertex 112.5 -57.9 2.5
      vertex 112.5 -29.9 -5.72205e-07
      vertex 112.5 -29.9 2.5
    endloop
  endfacet
  facet normal 1 0 0
    outer loop
      vertex 112.5 -29.9 -5.72205e-07
      vertex 112.5 -57.9 2.5
      vertex 112.5 -57.9 -5.72205e-07
    endloop
  endfacet
  facet normal 0 -1 0
    outer loop
      vertex 104.5 -57.9 -5.72205e-07
      vertex 112.5 -57.9 2.5
      vertex 104.5 -57.9 2.5
    endloop
  endfacet
  facet normal 0 -1 -0
    outer loop
      vertex 112.5 -57.9 2.5
      vertex 104.5 -57.9 -5.72205e-07
      vertex 112.5 -57.9 -5.72205e-07
    endloop
  endfacet
  facet normal -1 0 0
    outer loop
      vertex 104.5 -57.9 -5.72205e-07
      vertex 104.5 -45.9 2.5
      vertex 104.5 -45.9 -5.72205e-07
    endloop
  endfacet
  facet normal -1 -0 0
    outer loop
      vertex 104.5 -45.9 2.5
      vertex 104.5 -57.9 -5.72205e-07
      vertex 104.5 -57.9 2.5
    endloop
  endfacet
  facet normal 0.980785 0.195093 0
    outer loop
      vertex 32.7803 -33.0998 5
      vertex 32.7216 -32.8047 2.5
      vertex 32.7216 -32.8047 5
    endloop
  endfacet
  facet normal 0.980785 0.195093 0
    outer loop
      vertex 32.7216 -32.8047 2.5
      vertex 32.7803 -33.0998 5
      vertex 32.7803 -33.0998 2.5
    endloop
  endfacet
  facet normal 0.997854 0.0654821 0
    outer loop
      vertex 32.8 -33.4 5
      vertex 32.7803 -33.0998 2.5
      vertex 32.7803 -33.0998 5
    endloop
  endfacet
  facet normal 0.997854 0.0654821 0
    outer loop
      vertex 32.7803 -33.0998 2.5
      vertex 32.8 -33.4 5
      vertex 32.8 -33.4 2.5
    endloop
  endfacet
  facet normal 0.946941 0.321408 0
    outer loop
      vertex 32.7216 -32.8047 5
      vertex 32.6249 -32.5198 2.5
      vertex 32.6249 -32.5198 5
    endloop
  endfacet
  facet normal 0.946941 0.321408 0
    outer loop
      vertex 32.6249 -32.5198 2.5
      vertex 32.7216 -32.8047 5
      vertex 32.7216 -32.8047 2.5
    endloop
  endfacet
  facet normal 0.442153 0.89694 -0
    outer loop
      vertex 31.65 -31.4081 2.5
      vertex 31.3802 -31.2751 5
      vertex 31.65 -31.4081 5
    endloop
  endfacet
  facet normal 0.442153 0.89694 0
    outer loop
      vertex 31.3802 -31.2751 5
      vertex 31.65 -31.4081 2.5
      vertex 31.3802 -31.2751 2.5
    endloop
  endfacet
  facet normal 0.831436 0.55562 0
    outer loop
      vertex 32.4919 -32.25 5
      vertex 32.3247 -31.9998 2.5
      vertex 32.3247 -31.9998 5
    endloop
  endfacet
  facet normal 0.831436 0.55562 0
    outer loop
      vertex 32.3247 -31.9998 2.5
      vertex 32.4919 -32.25 5
      vertex 32.4919 -32.25 2.5
    endloop
  endfacet
  facet normal -0.997854 0.0654821 0
    outer loop
      vertex 28.2 -33.4 2.5
      vertex 28.2197 -33.0998 5
      vertex 28.2197 -33.0998 2.5
    endloop
  endfacet
  facet normal -0.997854 0.0654821 0
    outer loop
      vertex 28.2197 -33.0998 5
      vertex 28.2 -33.4 2.5
      vertex 28.2 -33.4 5
    endloop
  endfacet
  facet normal -0.659563 0.751649 0
    outer loop
      vertex 29.0998 -31.5753 2.5
      vertex 28.8737 -31.7737 5
      vertex 29.0998 -31.5753 5
    endloop
  endfacet
  facet normal -0.659563 0.751649 0
    outer loop
      vertex 28.8737 -31.7737 5
      vertex 29.0998 -31.5753 2.5
      vertex 28.8737 -31.7737 2.5
    endloop
  endfacet
  facet normal 0.751649 0.659563 0
    outer loop
      vertex 32.3247 -31.9998 5
      vertex 32.1263 -31.7737 2.5
      vertex 32.1263 -31.7737 5
    endloop
  endfacet
  facet normal 0.751649 0.659563 0
    outer loop
      vertex 32.1263 -31.7737 2.5
      vertex 32.3247 -31.9998 5
      vertex 32.3247 -31.9998 2.5
    endloop
  endfacet
  facet normal 0.980785 -0.195093 0
    outer loop
      vertex 32.7216 -33.9953 5
      vertex 32.7803 -33.7002 2.5
      vertex 32.7803 -33.7002 5
    endloop
  endfacet
  facet normal 0.980785 -0.195093 0
    outer loop
      vertex 32.7803 -33.7002 2.5
      vertex 32.7216 -33.9953 5
      vertex 32.7216 -33.9953 2.5
    endloop
  endfacet
  facet normal 0.321408 -0.946941 0
    outer loop
      vertex 31.0953 -35.6216 2.5
      vertex 31.3802 -35.5249 5
      vertex 31.0953 -35.6216 5
    endloop
  endfacet
  facet normal 0.321408 -0.946941 0
    outer loop
      vertex 31.3802 -35.5249 5
      vertex 31.0953 -35.6216 2.5
      vertex 31.3802 -35.5249 2.5
    endloop
  endfacet
  facet normal 0.89694 0.442153 0
    outer loop
      vertex 32.6249 -32.5198 5
      vertex 32.4919 -32.25 2.5
      vertex 32.4919 -32.25 5
    endloop
  endfacet
  facet normal 0.89694 0.442153 0
    outer loop
      vertex 32.4919 -32.25 2.5
      vertex 32.6249 -32.5198 5
      vertex 32.6249 -32.5198 2.5
    endloop
  endfacet
  facet normal -0.0654821 -0.997854 0
    outer loop
      vertex 30.1998 -35.6803 2.5
      vertex 30.5 -35.7 5
      vertex 30.1998 -35.6803 5
    endloop
  endfacet
  facet normal -0.0654821 -0.997854 -0
    outer loop
      vertex 30.5 -35.7 5
      vertex 30.1998 -35.6803 2.5
      vertex 30.5 -35.7 2.5
    endloop
  endfacet
  facet normal 0.751649 -0.659563 0
    outer loop
      vertex 32.1263 -35.0263 5
      vertex 32.3247 -34.8002 2.5
      vertex 32.3247 -34.8002 5
    endloop
  endfacet
  facet normal 0.751649 -0.659563 0
    outer loop
      vertex 32.3247 -34.8002 2.5
      vertex 32.1263 -35.0263 5
      vertex 32.1263 -35.0263 2.5
    endloop
  endfacet
  facet normal -0.980785 0.195093 0
    outer loop
      vertex 28.2197 -33.0998 2.5
      vertex 28.2784 -32.8047 5
      vertex 28.2784 -32.8047 2.5
    endloop
  endfacet
  facet normal -0.980785 0.195093 0
    outer loop
      vertex 28.2784 -32.8047 5
      vertex 28.2197 -33.0998 2.5
      vertex 28.2197 -33.0998 5
    endloop
  endfacet
  facet normal -0.442153 -0.89694 0
    outer loop
      vertex 29.35 -35.3919 2.5
      vertex 29.6198 -35.5249 5
      vertex 29.35 -35.3919 5
    endloop
  endfacet
  facet normal -0.442153 -0.89694 -0
    outer loop
      vertex 29.6198 -35.5249 5
      vertex 29.35 -35.3919 2.5
      vertex 29.6198 -35.5249 2.5
    endloop
  endfacet
  facet normal -0.751649 -0.659563 0
    outer loop
      vertex 28.8737 -35.0263 2.5
      vertex 28.6753 -34.8002 5
      vertex 28.6753 -34.8002 2.5
    endloop
  endfacet
  facet normal -0.751649 -0.659563 0
    outer loop
      vertex 28.6753 -34.8002 5
      vertex 28.8737 -35.0263 2.5
      vertex 28.8737 -35.0263 5
    endloop
  endfacet
  facet normal -0.946941 0.321408 0
    outer loop
      vertex 28.2784 -32.8047 2.5
      vertex 28.3751 -32.5198 5
      vertex 28.3751 -32.5198 2.5
    endloop
  endfacet
  facet normal -0.946941 0.321408 0
    outer loop
      vertex 28.3751 -32.5198 5
      vertex 28.2784 -32.8047 2.5
      vertex 28.2784 -32.8047 5
    endloop
  endfacet
  facet normal -0.321408 0.946941 0
    outer loop
      vertex 29.9047 -31.1784 2.5
      vertex 29.6198 -31.2751 5
      vertex 29.9047 -31.1784 5
    endloop
  endfacet
  facet normal -0.321408 0.946941 0
    outer loop
      vertex 29.6198 -31.2751 5
      vertex 29.9047 -31.1784 2.5
      vertex 29.6198 -31.2751 2.5
    endloop
  endfacet
  facet normal -0.751649 0.659563 0
    outer loop
      vertex 28.6753 -31.9998 2.5
      vertex 28.8737 -31.7737 5
      vertex 28.8737 -31.7737 2.5
    endloop
  endfacet
  facet normal -0.751649 0.659563 0
    outer loop
      vertex 28.8737 -31.7737 5
      vertex 28.6753 -31.9998 2.5
      vertex 28.6753 -31.9998 5
    endloop
  endfacet
  facet normal 0.946941 -0.321408 0
    outer loop
      vertex 32.6249 -34.2802 5
      vertex 32.7216 -33.9953 2.5
      vertex 32.7216 -33.9953 5
    endloop
  endfacet
  facet normal 0.946941 -0.321408 0
    outer loop
      vertex 32.7216 -33.9953 2.5
      vertex 32.6249 -34.2802 5
      vertex 32.6249 -34.2802 2.5
    endloop
  endfacet
  facet normal 0.89694 -0.442153 0
    outer loop
      vertex 32.4919 -34.55 5
      vertex 32.6249 -34.2802 2.5
      vertex 32.6249 -34.2802 5
    endloop
  endfacet
  facet normal 0.89694 -0.442153 0
    outer loop
      vertex 32.6249 -34.2802 2.5
      vertex 32.4919 -34.55 5
      vertex 32.4919 -34.55 2.5
    endloop
  endfacet
  facet normal 0.997854 -0.0654821 0
    outer loop
      vertex 32.7803 -33.7002 5
      vertex 32.8 -33.4 2.5
      vertex 32.8 -33.4 5
    endloop
  endfacet
  facet normal 0.997854 -0.0654821 0
    outer loop
      vertex 32.8 -33.4 2.5
      vertex 32.7803 -33.7002 5
      vertex 32.7803 -33.7002 2.5
    endloop
  endfacet
  facet normal 0.659563 -0.751649 0
    outer loop
      vertex 31.9002 -35.2247 2.5
      vertex 32.1263 -35.0263 5
      vertex 31.9002 -35.2247 5
    endloop
  endfacet
  facet normal 0.659563 -0.751649 0
    outer loop
      vertex 32.1263 -35.0263 5
      vertex 31.9002 -35.2247 2.5
      vertex 32.1263 -35.0263 2.5
    endloop
  endfacet
  facet normal 0.659563 0.751649 -0
    outer loop
      vertex 32.1263 -31.7737 2.5
      vertex 31.9002 -31.5753 5
      vertex 32.1263 -31.7737 5
    endloop
  endfacet
  facet normal 0.659563 0.751649 0
    outer loop
      vertex 31.9002 -31.5753 5
      vertex 32.1263 -31.7737 2.5
      vertex 31.9002 -31.5753 2.5
    endloop
  endfacet
  facet normal 0.55562 0.831436 -0
    outer loop
      vertex 31.9002 -31.5753 2.5
      vertex 31.65 -31.4081 5
      vertex 31.9002 -31.5753 5
    endloop
  endfacet
  facet normal 0.55562 0.831436 0
    outer loop
      vertex 31.65 -31.4081 5
      vertex 31.9002 -31.5753 2.5
      vertex 31.65 -31.4081 2.5
    endloop
  endfacet
  facet normal 0.195093 -0.980785 0
    outer loop
      vertex 30.8002 -35.6803 2.5
      vertex 31.0953 -35.6216 5
      vertex 30.8002 -35.6803 5
    endloop
  endfacet
  facet normal 0.195093 -0.980785 0
    outer loop
      vertex 31.0953 -35.6216 5
      vertex 30.8002 -35.6803 2.5
      vertex 31.0953 -35.6216 2.5
    endloop
  endfacet
  facet normal 0.831436 -0.55562 0
    outer loop
      vertex 32.3247 -34.8002 5
      vertex 32.4919 -34.55 2.5
      vertex 32.4919 -34.55 5
    endloop
  endfacet
  facet normal 0.831436 -0.55562 0
    outer loop
      vertex 32.4919 -34.55 2.5
      vertex 32.3247 -34.8002 5
      vertex 32.3247 -34.8002 2.5
    endloop
  endfacet
  facet normal -0.0654821 0.997854 0
    outer loop
      vertex 30.5 -31.1 2.5
      vertex 30.1998 -31.1197 5
      vertex 30.5 -31.1 5
    endloop
  endfacet
  facet normal -0.0654821 0.997854 0
    outer loop
      vertex 30.1998 -31.1197 5
      vertex 30.5 -31.1 2.5
      vertex 30.1998 -31.1197 2.5
    endloop
  endfacet
  facet normal 0.0654821 -0.997854 0
    outer loop
      vertex 30.5 -35.7 2.5
      vertex 30.8002 -35.6803 5
      vertex 30.5 -35.7 5
    endloop
  endfacet
  facet normal 0.0654821 -0.997854 0
    outer loop
      vertex 30.8002 -35.6803 5
      vertex 30.5 -35.7 2.5
      vertex 30.8002 -35.6803 2.5
    endloop
  endfacet
  facet normal 0.321408 0.946941 -0
    outer loop
      vertex 31.3802 -31.2751 2.5
      vertex 31.0953 -31.1784 5
      vertex 31.3802 -31.2751 5
    endloop
  endfacet
  facet normal 0.321408 0.946941 0
    outer loop
      vertex 31.0953 -31.1784 5
      vertex 31.3802 -31.2751 2.5
      vertex 31.0953 -31.1784 2.5
    endloop
  endfacet
  facet normal -0.55562 0.831436 0
    outer loop
      vertex 29.35 -31.4081 2.5
      vertex 29.0998 -31.5753 5
      vertex 29.35 -31.4081 5
    endloop
  endfacet
  facet normal -0.55562 0.831436 0
    outer loop
      vertex 29.0998 -31.5753 5
      vertex 29.35 -31.4081 2.5
      vertex 29.0998 -31.5753 2.5
    endloop
  endfacet
  facet normal -0.980785 -0.195093 0
    outer loop
      vertex 28.2784 -33.9953 2.5
      vertex 28.2197 -33.7002 5
      vertex 28.2197 -33.7002 2.5
    endloop
  endfacet
  facet normal -0.980785 -0.195093 0
    outer loop
      vertex 28.2197 -33.7002 5
      vertex 28.2784 -33.9953 2.5
      vertex 28.2784 -33.9953 5
    endloop
  endfacet
  facet normal 0.0654821 0.997854 -0
    outer loop
      vertex 30.8002 -31.1197 2.5
      vertex 30.5 -31.1 5
      vertex 30.8002 -31.1197 5
    endloop
  endfacet
  facet normal 0.0654821 0.997854 0
    outer loop
      vertex 30.5 -31.1 5
      vertex 30.8002 -31.1197 2.5
      vertex 30.5 -31.1 2.5
    endloop
  endfacet
  facet normal -0.997854 -0.0654821 0
    outer loop
      vertex 28.2197 -33.7002 2.5
      vertex 28.2 -33.4 5
      vertex 28.2 -33.4 2.5
    endloop
  endfacet
  facet normal -0.997854 -0.0654821 0
    outer loop
      vertex 28.2 -33.4 5
      vertex 28.2197 -33.7002 2.5
      vertex 28.2197 -33.7002 5
    endloop
  endfacet
  facet normal -0.195093 -0.980785 0
    outer loop
      vertex 29.9047 -35.6216 2.5
      vertex 30.1998 -35.6803 5
      vertex 29.9047 -35.6216 5
    endloop
  endfacet
  facet normal -0.195093 -0.980785 -0
    outer loop
      vertex 30.1998 -35.6803 5
      vertex 29.9047 -35.6216 2.5
      vertex 30.1998 -35.6803 2.5
    endloop
  endfacet
  facet normal -0.195093 0.980785 0
    outer loop
      vertex 30.1998 -31.1197 2.5
      vertex 29.9047 -31.1784 5
      vertex 30.1998 -31.1197 5
    endloop
  endfacet
  facet normal -0.195093 0.980785 0
    outer loop
      vertex 29.9047 -31.1784 5
      vertex 30.1998 -31.1197 2.5
      vertex 29.9047 -31.1784 2.5
    endloop
  endfacet
  facet normal 0.55562 -0.831436 0
    outer loop
      vertex 31.65 -35.3919 2.5
      vertex 31.9002 -35.2247 5
      vertex 31.65 -35.3919 5
    endloop
  endfacet
  facet normal 0.55562 -0.831436 0
    outer loop
      vertex 31.9002 -35.2247 5
      vertex 31.65 -35.3919 2.5
      vertex 31.9002 -35.2247 2.5
    endloop
  endfacet
  facet normal -0.946941 -0.321408 0
    outer loop
      vertex 28.3751 -34.2802 2.5
      vertex 28.2784 -33.9953 5
      vertex 28.2784 -33.9953 2.5
    endloop
  endfacet
  facet normal -0.946941 -0.321408 0
    outer loop
      vertex 28.2784 -33.9953 5
      vertex 28.3751 -34.2802 2.5
      vertex 28.3751 -34.2802 5
    endloop
  endfacet
  facet normal -0.659563 -0.751649 0
    outer loop
      vertex 28.8737 -35.0263 2.5
      vertex 29.0998 -35.2247 5
      vertex 28.8737 -35.0263 5
    endloop
  endfacet
  facet normal -0.659563 -0.751649 -0
    outer loop
      vertex 29.0998 -35.2247 5
      vertex 28.8737 -35.0263 2.5
      vertex 29.0998 -35.2247 2.5
    endloop
  endfacet
  facet normal -0.442153 0.89694 0
    outer loop
      vertex 29.6198 -31.2751 2.5
      vertex 29.35 -31.4081 5
      vertex 29.6198 -31.2751 5
    endloop
  endfacet
  facet normal -0.442153 0.89694 0
    outer loop
      vertex 29.35 -31.4081 5
      vertex 29.6198 -31.2751 2.5
      vertex 29.35 -31.4081 2.5
    endloop
  endfacet
  facet normal 0.442153 -0.89694 0
    outer loop
      vertex 31.3802 -35.5249 2.5
      vertex 31.65 -35.3919 5
      vertex 31.3802 -35.5249 5
    endloop
  endfacet
  facet normal 0.442153 -0.89694 0
    outer loop
      vertex 31.65 -35.3919 5
      vertex 31.3802 -35.5249 2.5
      vertex 31.65 -35.3919 2.5
    endloop
  endfacet
  facet normal 0.195093 0.980785 -0
    outer loop
      vertex 31.0953 -31.1784 2.5
      vertex 30.8002 -31.1197 5
      vertex 31.0953 -31.1784 5
    endloop
  endfacet
  facet normal 0.195093 0.980785 0
    outer loop
      vertex 30.8002 -31.1197 5
      vertex 31.0953 -31.1784 2.5
      vertex 30.8002 -31.1197 2.5
    endloop
  endfacet
  facet normal -0.89694 -0.442153 0
    outer loop
      vertex 28.5081 -34.55 2.5
      vertex 28.3751 -34.2802 5
      vertex 28.3751 -34.2802 2.5
    endloop
  endfacet
  facet normal -0.89694 -0.442153 0
    outer loop
      vertex 28.3751 -34.2802 5
      vertex 28.5081 -34.55 2.5
      vertex 28.5081 -34.55 5
    endloop
  endfacet
  facet normal -0.831436 -0.55562 0
    outer loop
      vertex 28.6753 -34.8002 2.5
      vertex 28.5081 -34.55 5
      vertex 28.5081 -34.55 2.5
    endloop
  endfacet
  facet normal -0.831436 -0.55562 0
    outer loop
      vertex 28.5081 -34.55 5
      vertex 28.6753 -34.8002 2.5
      vertex 28.6753 -34.8002 5
    endloop
  endfacet
  facet normal -0.89694 0.442153 0
    outer loop
      vertex 28.3751 -32.5198 2.5
      vertex 28.5081 -32.25 5
      vertex 28.5081 -32.25 2.5
    endloop
  endfacet
  facet normal -0.89694 0.442153 0
    outer loop
      vertex 28.5081 -32.25 5
      vertex 28.3751 -32.5198 2.5
      vertex 28.3751 -32.5198 5
    endloop
  endfacet
  facet normal -0.831436 0.55562 0
    outer loop
      vertex 28.5081 -32.25 2.5
      vertex 28.6753 -31.9998 5
      vertex 28.6753 -31.9998 2.5
    endloop
  endfacet
  facet normal -0.831436 0.55562 0
    outer loop
      vertex 28.6753 -31.9998 5
      vertex 28.5081 -32.25 2.5
      vertex 28.5081 -32.25 5
    endloop
  endfacet
  facet normal -0.321408 -0.946941 0
    outer loop
      vertex 29.6198 -35.5249 2.5
      vertex 29.9047 -35.6216 5
      vertex 29.6198 -35.5249 5
    endloop
  endfacet
  facet normal -0.321408 -0.946941 -0
    outer loop
      vertex 29.9047 -35.6216 5
      vertex 29.6198 -35.5249 2.5
      vertex 29.9047 -35.6216 2.5
    endloop
  endfacet
  facet normal -0.55562 -0.831436 0
    outer loop
      vertex 29.0998 -35.2247 2.5
      vertex 29.35 -35.3919 5
      vertex 29.0998 -35.2247 5
    endloop
  endfacet
  facet normal -0.55562 -0.831436 -0
    outer loop
      vertex 29.35 -35.3919 5
      vertex 29.0998 -35.2247 2.5
      vertex 29.35 -35.3919 2.5
    endloop
  endfacet
  facet normal -0 0 1
    outer loop
      vertex 31.94 -33.3982 5
      vertex 32.8 -33.4 5
      vertex 32.7803 -33.0998 5
    endloop
  endfacet
  facet normal 0 0 1
    outer loop
      vertex 31.9278 -33.212 5
      vertex 32.7803 -33.0998 5
      vertex 32.7216 -32.8047 5
    endloop
  endfacet
  facet normal 0 0 1
    outer loop
      vertex 32.8 -33.4 5
      vertex 31.94 -33.3982 5
      vertex 31.9402 -33.4 5
    endloop
  endfacet
  facet normal 0 0 1
    outer loop
      vertex 31.8905 -33.0255 5
      vertex 32.7216 -32.8047 5
      vertex 32.6249 -32.5198 5
    endloop
  endfacet
  facet normal 0 0 1
    outer loop
      vertex 31.94 -33.4018 5
      vertex 32.8 -33.4 5
      vertex 31.9402 -33.4 5
    endloop
  endfacet
  facet normal 0 0 1
    outer loop
      vertex 31.8305 -32.8489 5
      vertex 32.6249 -32.5198 5
      vertex 32.4919 -32.25 5
    endloop
  endfacet
  facet normal 0 0 1
    outer loop
      vertex 32.8 -33.4 5
      vertex 31.94 -33.4018 5
      vertex 32.7803 -33.7002 5
    endloop
  endfacet
  facet normal 0 0 1
    outer loop
      vertex 31.7472 -32.6799 5
      vertex 32.4919 -32.25 5
      vertex 32.3247 -31.9998 5
    endloop
  endfacet
  facet normal -0 0 1
    outer loop
      vertex 31.9278 -33.588 5
      vertex 32.7803 -33.7002 5
      vertex 31.94 -33.4018 5
    endloop
  endfacet
  facet normal 0 0 1
    outer loop
      vertex 31.6426 -32.5233 5
      vertex 32.3247 -31.9998 5
      vertex 32.1263 -31.7737 5
    endloop
  endfacet
  facet normal 0 0 1
    outer loop
      vertex 32.7803 -33.7002 5
      vertex 31.9278 -33.588 5
      vertex 32.7216 -33.9953 5
    endloop
  endfacet
  facet normal -0 0 1
    outer loop
      vertex 31.8911 -33.7727 5
      vertex 32.7216 -33.9953 5
      vertex 31.8914 -33.771 5
    endloop
  endfacet
  facet normal -0 0 1
    outer loop
      vertex 31.8914 -33.771 5
      vertex 32.7216 -33.9953 5
      vertex 31.9278 -33.588 5
    endloop
  endfacet
  facet normal 0 0 1
    outer loop
      vertex 32.7803 -33.0998 5
      vertex 31.9278 -33.212 5
      vertex 31.94 -33.3982 5
    endloop
  endfacet
  facet normal 0 0 1
    outer loop
      vertex 31.517 -32.3804 5
      vertex 32.1263 -31.7737 5
      vertex 31.9002 -31.5753 5
    endloop
  endfacet
  facet normal 0 0 1
    outer loop
      vertex 32.7216 -32.8047 5
      vertex 31.8914 -33.029 5
      vertex 31.9278 -33.212 5
    endloop
  endfacet
  facet normal 0 0 1
    outer loop
      vertex 32.7216 -32.8047 5
      vertex 31.8911 -33.0273 5
      vertex 31.8914 -33.029 5
    endloop
  endfacet
  facet normal 0 0 1
    outer loop
      vertex 32.7216 -32.8047 5
      vertex 31.8905 -33.0255 5
      vertex 31.8911 -33.0273 5
    endloop
  endfacet
  facet normal 0 0 1
    outer loop
      vertex 32.6249 -32.5198 5
      vertex 31.8305 -32.8489 5
      vertex 31.8905 -33.0255 5
    endloop
  endfacet
  facet normal 0 0 1
    outer loop
      vertex 32.4919 -32.25 5
      vertex 31.748 -32.6816 5
      vertex 31.8305 -32.8489 5
    endloop
  endfacet
  facet normal 0 0 1
    outer loop
      vertex 32.4919 -32.25 5
      vertex 31.7472 -32.6799 5
      vertex 31.748 -32.6816 5
    endloop
  endfacet
  facet normal 0 0 1
    outer loop
      vertex 31.3752 -32.2564 5
      vertex 31.9002 -31.5753 5
      vertex 31.65 -31.4081 5
    endloop
  endfacet
  facet normal 0 0 1
    outer loop
      vertex 32.3247 -31.9998 5
      vertex 31.6436 -32.5248 5
      vertex 31.7472 -32.6799 5
    endloop
  endfacet
  facet normal 0 0 1
    outer loop
      vertex 32.3247 -31.9998 5
      vertex 31.6426 -32.5233 5
      vertex 31.6436 -32.5248 5
    endloop
  endfacet
  facet normal 0 0 1
    outer loop
      vertex 32.1263 -31.7737 5
      vertex 31.5196 -32.383 5
      vertex 31.6426 -32.5233 5
    endloop
  endfacet
  facet normal 0 0 1
    outer loop
      vertex 32.1263 -31.7737 5
      vertex 31.5184 -32.3816 5
      vertex 31.5196 -32.383 5
    endloop
  endfacet
  facet normal 0 0 1
    outer loop
      vertex 32.1263 -31.7737 5
      vertex 31.517 -32.3804 5
      vertex 31.5184 -32.3816 5
    endloop
  endfacet
  facet normal 0 0 1
    outer loop
      vertex 31.2184 -32.152 5
      vertex 31.65 -31.4081 5
      vertex 31.3802 -31.2751 5
    endloop
  endfacet
  facet normal 0 0 1
    outer loop
      vertex 31.9002 -31.5753 5
      vertex 31.3767 -32.2574 5
      vertex 31.517 -32.3804 5
    endloop
  endfacet
  facet normal 0 0 1
    outer loop
      vertex 31.9002 -31.5753 5
      vertex 31.3752 -32.2564 5
      vertex 31.3767 -32.2574 5
    endloop
  endfacet
  facet normal 0 0 1
    outer loop
      vertex 31.65 -31.4081 5
      vertex 31.2201 -32.1528 5
      vertex 31.3752 -32.2564 5
    endloop
  endfacet
  facet normal 0 0 1
    outer loop
      vertex 31.65 -31.4081 5
      vertex 31.2184 -32.152 5
      vertex 31.2201 -32.1528 5
    endloop
  endfacet
  facet normal 0 0 1
    outer loop
      vertex 31.0511 -32.0695 5
      vertex 31.3802 -31.2751 5
      vertex 31.0953 -31.1784 5
    endloop
  endfacet
  facet normal 0 0 1
    outer loop
      vertex 31.3802 -31.2751 5
      vertex 31.0511 -32.0695 5
      vertex 31.2184 -32.152 5
    endloop
  endfacet
  facet normal 0 0 1
    outer loop
      vertex 31.0953 -31.1784 5
      vertex 30.8745 -32.0095 5
      vertex 31.0511 -32.0695 5
    endloop
  endfacet
  facet normal 0 0 1
    outer loop
      vertex 31.0953 -31.1784 5
      vertex 30.8727 -32.0089 5
      vertex 30.8745 -32.0095 5
    endloop
  endfacet
  facet normal 0 0 1
    outer loop
      vertex 31.0953 -31.1784 5
      vertex 30.871 -32.0086 5
      vertex 30.8727 -32.0089 5
    endloop
  endfacet
  facet normal 0 0 1
    outer loop
      vertex 30.8002 -31.1197 5
      vertex 30.871 -32.0086 5
      vertex 31.0953 -31.1784 5
    endloop
  endfacet
  facet normal 0 0 1
    outer loop
      vertex 30.8002 -31.1197 5
      vertex 30.688 -31.9722 5
      vertex 30.871 -32.0086 5
    endloop
  endfacet
  facet normal 0 0 1
    outer loop
      vertex 30.8002 -31.1197 5
      vertex 30.5018 -31.96 5
      vertex 30.688 -31.9722 5
    endloop
  endfacet
  facet normal 0 0 1
    outer loop
      vertex 30.5 -31.1 5
      vertex 30.5018 -31.96 5
      vertex 30.8002 -31.1197 5
    endloop
  endfacet
  facet normal 0 0 1
    outer loop
      vertex 30.5 -31.1 5
      vertex 30.5 -31.9598 5
      vertex 30.5018 -31.96 5
    endloop
  endfacet
  facet normal 0 0 1
    outer loop
      vertex 30.5 -31.1 5
      vertex 30.4982 -31.96 5
      vertex 30.5 -31.9598 5
    endloop
  endfacet
  facet normal 0 0 1
    outer loop
      vertex 30.5 -31.1 5
      vertex 30.312 -31.9722 5
      vertex 30.4982 -31.96 5
    endloop
  endfacet
  facet normal -0 0 1
    outer loop
      vertex 30.1998 -31.1197 5
      vertex 30.312 -31.9722 5
      vertex 30.5 -31.1 5
    endloop
  endfacet
  facet normal 0 0 1
    outer loop
      vertex 30.1998 -31.1197 5
      vertex 30.129 -32.0086 5
      vertex 30.312 -31.9722 5
    endloop
  endfacet
  facet normal -0 0 1
    outer loop
      vertex 29.9047 -31.1784 5
      vertex 30.129 -32.0086 5
      vertex 30.1998 -31.1197 5
    endloop
  endfacet
  facet normal 0 0 1
    outer loop
      vertex 30.129 -32.0086 5
      vertex 29.9047 -31.1784 5
      vertex 30.1273 -32.0089 5
    endloop
  endfacet
  facet normal 0 0 1
    outer loop
      vertex 30.1273 -32.0089 5
      vertex 29.9047 -31.1784 5
      vertex 30.1255 -32.0095 5
    endloop
  endfacet
  facet normal 0 0 1
    outer loop
      vertex 30.1255 -32.0095 5
      vertex 29.9047 -31.1784 5
      vertex 29.9489 -32.0695 5
    endloop
  endfacet
  facet normal -0 0 1
    outer loop
      vertex 29.6198 -31.2751 5
      vertex 29.9489 -32.0695 5
      vertex 29.9047 -31.1784 5
    endloop
  endfacet
  facet normal 0 0 1
    outer loop
      vertex 29.9489 -32.0695 5
      vertex 29.6198 -31.2751 5
      vertex 29.7816 -32.152 5
    endloop
  endfacet
  facet normal -0 0 1
    outer loop
      vertex 29.35 -31.4081 5
      vertex 29.7816 -32.152 5
      vertex 29.6198 -31.2751 5
    endloop
  endfacet
  facet normal 0 0 1
    outer loop
      vertex 29.7816 -32.152 5
      vertex 29.35 -31.4081 5
      vertex 29.7799 -32.1528 5
    endloop
  endfacet
  facet normal 0 0 1
    outer loop
      vertex 29.7799 -32.1528 5
      vertex 29.35 -31.4081 5
      vertex 29.6248 -32.2564 5
    endloop
  endfacet
  facet normal -0 0 1
    outer loop
      vertex 29.0998 -31.5753 5
      vertex 29.6248 -32.2564 5
      vertex 29.35 -31.4081 5
    endloop
  endfacet
  facet normal 0 0 1
    outer loop
      vertex 29.6248 -32.2564 5
      vertex 29.0998 -31.5753 5
      vertex 29.6233 -32.2574 5
    endloop
  endfacet
  facet normal 0 0 1
    outer loop
      vertex 29.6233 -32.2574 5
      vertex 29.0998 -31.5753 5
      vertex 29.483 -32.3804 5
    endloop
  endfacet
  facet normal -0 0 1
    outer loop
      vertex 28.8737 -31.7737 5
      vertex 29.483 -32.3804 5
      vertex 29.0998 -31.5753 5
    endloop
  endfacet
  facet normal 0 0 1
    outer loop
      vertex 29.483 -32.3804 5
      vertex 28.8737 -31.7737 5
      vertex 29.4816 -32.3816 5
    endloop
  endfacet
  facet normal 0 0 1
    outer loop
      vertex 29.4816 -32.3816 5
      vertex 28.8737 -31.7737 5
      vertex 29.4804 -32.383 5
    endloop
  endfacet
  facet normal 0 0 1
    outer loop
      vertex 29.4804 -32.383 5
      vertex 28.8737 -31.7737 5
      vertex 29.3574 -32.5233 5
    endloop
  endfacet
  facet normal -0 0 1
    outer loop
      vertex 28.6753 -31.9998 5
      vertex 29.3574 -32.5233 5
      vertex 28.8737 -31.7737 5
    endloop
  endfacet
  facet normal 0 0 1
    outer loop
      vertex 29.3574 -32.5233 5
      vertex 28.6753 -31.9998 5
      vertex 29.3564 -32.5248 5
    endloop
  endfacet
  facet normal 0 0 1
    outer loop
      vertex 29.3564 -32.5248 5
      vertex 28.6753 -31.9998 5
      vertex 29.2528 -32.6799 5
    endloop
  endfacet
  facet normal -0 0 1
    outer loop
      vertex 28.5081 -32.25 5
      vertex 29.2528 -32.6799 5
      vertex 28.6753 -31.9998 5
    endloop
  endfacet
  facet normal 0 0 1
    outer loop
      vertex 29.2528 -32.6799 5
      vertex 28.5081 -32.25 5
      vertex 29.252 -32.6816 5
    endloop
  endfacet
  facet normal 0 0 1
    outer loop
      vertex 29.252 -32.6816 5
      vertex 28.5081 -32.25 5
      vertex 29.1695 -32.8489 5
    endloop
  endfacet
  facet normal -0 0 1
    outer loop
      vertex 28.3751 -32.5198 5
      vertex 29.1695 -32.8489 5
      vertex 28.5081 -32.25 5
    endloop
  endfacet
  facet normal 0 0 1
    outer loop
      vertex 29.1695 -32.8489 5
      vertex 28.3751 -32.5198 5
      vertex 29.1095 -33.0255 5
    endloop
  endfacet
  facet normal -0 0 1
    outer loop
      vertex 28.2784 -32.8047 5
      vertex 29.1095 -33.0255 5
      vertex 28.3751 -32.5198 5
    endloop
  endfacet
  facet normal 0 0 1
    outer loop
      vertex 29.1095 -33.0255 5
      vertex 28.2784 -32.8047 5
      vertex 29.1089 -33.0273 5
    endloop
  endfacet
  facet normal -0 0 1
    outer loop
      vertex 31.8905 -33.7745 5
      vertex 32.7216 -33.9953 5
      vertex 31.8911 -33.7727 5
    endloop
  endfacet
  facet normal 0 0 1
    outer loop
      vertex 32.7216 -33.9953 5
      vertex 31.8905 -33.7745 5
      vertex 32.6249 -34.2802 5
    endloop
  endfacet
  facet normal -0 0 1
    outer loop
      vertex 31.8305 -33.9511 5
      vertex 32.6249 -34.2802 5
      vertex 31.8905 -33.7745 5
    endloop
  endfacet
  facet normal 0 0 1
    outer loop
      vertex 32.6249 -34.2802 5
      vertex 31.8305 -33.9511 5
      vertex 32.4919 -34.55 5
    endloop
  endfacet
  facet normal -0 0 1
    outer loop
      vertex 31.748 -34.1184 5
      vertex 32.4919 -34.55 5
      vertex 31.8305 -33.9511 5
    endloop
  endfacet
  facet normal -0 0 1
    outer loop
      vertex 31.7472 -34.1201 5
      vertex 32.4919 -34.55 5
      vertex 31.748 -34.1184 5
    endloop
  endfacet
  facet normal 0 0 1
    outer loop
      vertex 32.4919 -34.55 5
      vertex 31.7472 -34.1201 5
      vertex 32.3247 -34.8002 5
    endloop
  endfacet
  facet normal -0 0 1
    outer loop
      vertex 31.6436 -34.2752 5
      vertex 32.3247 -34.8002 5
      vertex 31.7472 -34.1201 5
    endloop
  endfacet
  facet normal -0 0 1
    outer loop
      vertex 31.6426 -34.2767 5
      vertex 32.3247 -34.8002 5
      vertex 31.6436 -34.2752 5
    endloop
  endfacet
  facet normal 0 0 1
    outer loop
      vertex 32.3247 -34.8002 5
      vertex 31.6426 -34.2767 5
      vertex 32.1263 -35.0263 5
    endloop
  endfacet
  facet normal -0 0 1
    outer loop
      vertex 31.5196 -34.417 5
      vertex 32.1263 -35.0263 5
      vertex 31.6426 -34.2767 5
    endloop
  endfacet
  facet normal -0 0 1
    outer loop
      vertex 31.5184 -34.4184 5
      vertex 32.1263 -35.0263 5
      vertex 31.5196 -34.417 5
    endloop
  endfacet
  facet normal -0 0 1
    outer loop
      vertex 31.517 -34.4196 5
      vertex 32.1263 -35.0263 5
      vertex 31.5184 -34.4184 5
    endloop
  endfacet
  facet normal 0 0 1
    outer loop
      vertex 32.1263 -35.0263 5
      vertex 31.517 -34.4196 5
      vertex 31.9002 -35.2247 5
    endloop
  endfacet
  facet normal -0 0 1
    outer loop
      vertex 31.3767 -34.5426 5
      vertex 31.9002 -35.2247 5
      vertex 31.517 -34.4196 5
    endloop
  endfacet
  facet normal -0 0 1
    outer loop
      vertex 31.3752 -34.5436 5
      vertex 31.9002 -35.2247 5
      vertex 31.3767 -34.5426 5
    endloop
  endfacet
  facet normal 0 0 1
    outer loop
      vertex 31.9002 -35.2247 5
      vertex 31.3752 -34.5436 5
      vertex 31.65 -35.3919 5
    endloop
  endfacet
  facet normal -0 0 1
    outer loop
      vertex 31.2201 -34.6472 5
      vertex 31.65 -35.3919 5
      vertex 31.3752 -34.5436 5
    endloop
  endfacet
  facet normal -0 0 1
    outer loop
      vertex 31.2184 -34.648 5
      vertex 31.65 -35.3919 5
      vertex 31.2201 -34.6472 5
    endloop
  endfacet
  facet normal 0 0 1
    outer loop
      vertex 31.65 -35.3919 5
      vertex 31.2184 -34.648 5
      vertex 31.3802 -35.5249 5
    endloop
  endfacet
  facet normal -0 0 1
    outer loop
      vertex 31.0511 -34.7305 5
      vertex 31.3802 -35.5249 5
      vertex 31.2184 -34.648 5
    endloop
  endfacet
  facet normal 0 0 1
    outer loop
      vertex 31.3802 -35.5249 5
      vertex 31.0511 -34.7305 5
      vertex 31.0953 -35.6216 5
    endloop
  endfacet
  facet normal -0 0 1
    outer loop
      vertex 30.8745 -34.7905 5
      vertex 31.0953 -35.6216 5
      vertex 31.0511 -34.7305 5
    endloop
  endfacet
  facet normal -0 0 1
    outer loop
      vertex 30.8727 -34.7911 5
      vertex 31.0953 -35.6216 5
      vertex 30.8745 -34.7905 5
    endloop
  endfacet
  facet normal -0 0 1
    outer loop
      vertex 30.871 -34.7914 5
      vertex 31.0953 -35.6216 5
      vertex 30.8727 -34.7911 5
    endloop
  endfacet
  facet normal 0 0 1
    outer loop
      vertex 30.871 -34.7914 5
      vertex 30.8002 -35.6803 5
      vertex 31.0953 -35.6216 5
    endloop
  endfacet
  facet normal -0 0 1
    outer loop
      vertex 30.688 -34.8278 5
      vertex 30.8002 -35.6803 5
      vertex 30.871 -34.7914 5
    endloop
  endfacet
  facet normal -0 0 1
    outer loop
      vertex 30.5018 -34.84 5
      vertex 30.8002 -35.6803 5
      vertex 30.688 -34.8278 5
    endloop
  endfacet
  facet normal 0 0 1
    outer loop
      vertex 30.5 -35.7 5
      vertex 30.5018 -34.84 5
      vertex 30.5 -34.8402 5
    endloop
  endfacet
  facet normal 0 0 1
    outer loop
      vertex 30.5018 -34.84 5
      vertex 30.5 -35.7 5
      vertex 30.8002 -35.6803 5
    endloop
  endfacet
  facet normal 0 0 1
    outer loop
      vertex 30.4982 -34.84 5
      vertex 30.5 -35.7 5
      vertex 30.5 -34.8402 5
    endloop
  endfacet
  facet normal 0 0 1
    outer loop
      vertex 30.312 -34.8278 5
      vertex 30.5 -35.7 5
      vertex 30.4982 -34.84 5
    endloop
  endfacet
  facet normal 0 0 1
    outer loop
      vertex 30.312 -34.8278 5
      vertex 30.1998 -35.6803 5
      vertex 30.5 -35.7 5
    endloop
  endfacet
  facet normal 0 0 1
    outer loop
      vertex 30.129 -34.7914 5
      vertex 30.1998 -35.6803 5
      vertex 30.312 -34.8278 5
    endloop
  endfacet
  facet normal 0 0 1
    outer loop
      vertex 29.9047 -35.6216 5
      vertex 30.129 -34.7914 5
      vertex 30.1273 -34.7911 5
    endloop
  endfacet
  facet normal 0 0 1
    outer loop
      vertex 29.9047 -35.6216 5
      vertex 30.1273 -34.7911 5
      vertex 30.1255 -34.7905 5
    endloop
  endfacet
  facet normal 0 0 1
    outer loop
      vertex 29.9047 -35.6216 5
      vertex 30.1255 -34.7905 5
      vertex 29.9489 -34.7305 5
    endloop
  endfacet
  facet normal 0 0 1
    outer loop
      vertex 30.129 -34.7914 5
      vertex 29.9047 -35.6216 5
      vertex 30.1998 -35.6803 5
    endloop
  endfacet
  facet normal 0 0 1
    outer loop
      vertex 29.6198 -35.5249 5
      vertex 29.9489 -34.7305 5
      vertex 29.7816 -34.648 5
    endloop
  endfacet
  facet normal 0 0 1
    outer loop
      vertex 29.35 -35.3919 5
      vertex 29.7816 -34.648 5
      vertex 29.7799 -34.6472 5
    endloop
  endfacet
  facet normal 0 0 1
    outer loop
      vertex 29.35 -35.3919 5
      vertex 29.7799 -34.6472 5
      vertex 29.6248 -34.5436 5
    endloop
  endfacet
  facet normal 0 0 1
    outer loop
      vertex 29.0998 -35.2247 5
      vertex 29.6248 -34.5436 5
      vertex 29.6233 -34.5426 5
    endloop
  endfacet
  facet normal 0 0 1
    outer loop
      vertex 29.9489 -34.7305 5
      vertex 29.6198 -35.5249 5
      vertex 29.9047 -35.6216 5
    endloop
  endfacet
  facet normal 0 0 1
    outer loop
      vertex 29.0998 -35.2247 5
      vertex 29.6233 -34.5426 5
      vertex 29.483 -34.4196 5
    endloop
  endfacet
  facet normal 0 0 1
    outer loop
      vertex 28.8737 -35.0263 5
      vertex 29.483 -34.4196 5
      vertex 29.4816 -34.4184 5
    endloop
  endfacet
  facet normal 0 0 1
    outer loop
      vertex 28.8737 -35.0263 5
      vertex 29.4816 -34.4184 5
      vertex 29.4804 -34.417 5
    endloop
  endfacet
  facet normal 0 0 1
    outer loop
      vertex 28.8737 -35.0263 5
      vertex 29.4804 -34.417 5
      vertex 29.3574 -34.2767 5
    endloop
  endfacet
  facet normal 0 0 1
    outer loop
      vertex 28.6753 -34.8002 5
      vertex 29.3574 -34.2767 5
      vertex 29.3564 -34.2752 5
    endloop
  endfacet
  facet normal 0 0 1
    outer loop
      vertex 29.7816 -34.648 5
      vertex 29.35 -35.3919 5
      vertex 29.6198 -35.5249 5
    endloop
  endfacet
  facet normal 0 0 1
    outer loop
      vertex 28.6753 -34.8002 5
      vertex 29.3564 -34.2752 5
      vertex 29.2528 -34.1201 5
    endloop
  endfacet
  facet normal 0 0 1
    outer loop
      vertex 28.5081 -34.55 5
      vertex 29.2528 -34.1201 5
      vertex 29.252 -34.1184 5
    endloop
  endfacet
  facet normal 0 0 1
    outer loop
      vertex 28.5081 -34.55 5
      vertex 29.252 -34.1184 5
      vertex 29.1695 -33.9511 5
    endloop
  endfacet
  facet normal 0 0 1
    outer loop
      vertex 28.3751 -34.2802 5
      vertex 29.1695 -33.9511 5
      vertex 29.1095 -33.7745 5
    endloop
  endfacet
  facet normal 0 0 1
    outer loop
      vertex 28.2784 -33.9953 5
      vertex 29.1095 -33.7745 5
      vertex 29.1089 -33.7727 5
    endloop
  endfacet
  facet normal 0 0 1
    outer loop
      vertex 28.2784 -33.9953 5
      vertex 29.1089 -33.7727 5
      vertex 29.1086 -33.771 5
    endloop
  endfacet
  facet normal 0 0 1
    outer loop
      vertex 29.6248 -34.5436 5
      vertex 29.0998 -35.2247 5
      vertex 29.35 -35.3919 5
    endloop
  endfacet
  facet normal 0 0 1
    outer loop
      vertex 28.2784 -33.9953 5
      vertex 29.1086 -33.771 5
      vertex 29.0722 -33.588 5
    endloop
  endfacet
  facet normal 0 0 1
    outer loop
      vertex 28.2197 -33.7002 5
      vertex 29.0722 -33.588 5
      vertex 29.06 -33.4018 5
    endloop
  endfacet
  facet normal -0 0 1
    outer loop
      vertex 28.2 -33.4 5
      vertex 29.06 -33.4018 5
      vertex 29.0598 -33.4 5
    endloop
  endfacet
  facet normal 0 0 1
    outer loop
      vertex 29.1089 -33.0273 5
      vertex 28.2784 -32.8047 5
      vertex 29.1086 -33.029 5
    endloop
  endfacet
  facet normal 0 0 1
    outer loop
      vertex 29.483 -34.4196 5
      vertex 28.8737 -35.0263 5
      vertex 29.0998 -35.2247 5
    endloop
  endfacet
  facet normal 0 0 1
    outer loop
      vertex 29.1086 -33.029 5
      vertex 28.2784 -32.8047 5
      vertex 29.0722 -33.212 5
    endloop
  endfacet
  facet normal 0 0 1
    outer loop
      vertex 29.3574 -34.2767 5
      vertex 28.6753 -34.8002 5
      vertex 28.8737 -35.0263 5
    endloop
  endfacet
  facet normal -0 0 1
    outer loop
      vertex 28.2197 -33.0998 5
      vertex 29.0722 -33.212 5
      vertex 28.2784 -32.8047 5
    endloop
  endfacet
  facet normal 0 0 1
    outer loop
      vertex 29.2528 -34.1201 5
      vertex 28.5081 -34.55 5
      vertex 28.6753 -34.8002 5
    endloop
  endfacet
  facet normal 0 0 1
    outer loop
      vertex 29.0722 -33.212 5
      vertex 28.2197 -33.0998 5
      vertex 29.06 -33.3982 5
    endloop
  endfacet
  facet normal 0 0 1
    outer loop
      vertex 29.1695 -33.9511 5
      vertex 28.3751 -34.2802 5
      vertex 28.5081 -34.55 5
    endloop
  endfacet
  facet normal 0 0 1
    outer loop
      vertex 28.2 -33.4 5
      vertex 29.06 -33.3982 5
      vertex 28.2197 -33.0998 5
    endloop
  endfacet
  facet normal 0 0 1
    outer loop
      vertex 29.1095 -33.7745 5
      vertex 28.2784 -33.9953 5
      vertex 28.3751 -34.2802 5
    endloop
  endfacet
  facet normal 0 0 1
    outer loop
      vertex 29.06 -33.3982 5
      vertex 28.2 -33.4 5
      vertex 29.0598 -33.4 5
    endloop
  endfacet
  facet normal 0 0 1
    outer loop
      vertex 29.0722 -33.588 5
      vertex 28.2197 -33.7002 5
      vertex 28.2784 -33.9953 5
    endloop
  endfacet
  facet normal 0 0 1
    outer loop
      vertex 29.06 -33.4018 5
      vertex 28.2 -33.4 5
      vertex 28.2197 -33.7002 5
    endloop
  endfacet
  facet normal 0.980785 0.195093 0
    outer loop
      vertex 32.7803 -47.0998 5
      vertex 32.7216 -46.8047 2.5
      vertex 32.7216 -46.8047 5
    endloop
  endfacet
  facet normal 0.980785 0.195093 0
    outer loop
      vertex 32.7216 -46.8047 2.5
      vertex 32.7803 -47.0998 5
      vertex 32.7803 -47.0998 2.5
    endloop
  endfacet
  facet normal 0.997854 0.0654821 0
    outer loop
      vertex 32.8 -47.4 5
      vertex 32.7803 -47.0998 2.5
      vertex 32.7803 -47.0998 5
    endloop
  endfacet
  facet normal 0.997854 0.0654821 0
    outer loop
      vertex 32.7803 -47.0998 2.5
      vertex 32.8 -47.4 5
      vertex 32.8 -47.4 2.5
    endloop
  endfacet
  facet normal 0.946941 0.321408 0
    outer loop
      vertex 32.7216 -46.8047 5
      vertex 32.6249 -46.5198 2.5
      vertex 32.6249 -46.5198 5
    endloop
  endfacet
  facet normal 0.946941 0.321408 0
    outer loop
      vertex 32.6249 -46.5198 2.5
      vertex 32.7216 -46.8047 5
      vertex 32.7216 -46.8047 2.5
    endloop
  endfacet
  facet normal 0.442153 0.89694 -0
    outer loop
      vertex 31.65 -45.4081 2.5
      vertex 31.3802 -45.2751 5
      vertex 31.65 -45.4081 5
    endloop
  endfacet
  facet normal 0.442153 0.89694 0
    outer loop
      vertex 31.3802 -45.2751 5
      vertex 31.65 -45.4081 2.5
      vertex 31.3802 -45.2751 2.5
    endloop
  endfacet
  facet normal 0.831436 0.55562 0
    outer loop
      vertex 32.4919 -46.25 5
      vertex 32.3247 -45.9998 2.5
      vertex 32.3247 -45.9998 5
    endloop
  endfacet
  facet normal 0.831436 0.55562 0
    outer loop
      vertex 32.3247 -45.9998 2.5
      vertex 32.4919 -46.25 5
      vertex 32.4919 -46.25 2.5
    endloop
  endfacet
  facet normal -0.997854 0.0654821 0
    outer loop
      vertex 28.2 -47.4 2.5
      vertex 28.2197 -47.0998 5
      vertex 28.2197 -47.0998 2.5
    endloop
  endfacet
  facet normal -0.997854 0.0654821 0
    outer loop
      vertex 28.2197 -47.0998 5
      vertex 28.2 -47.4 2.5
      vertex 28.2 -47.4 5
    endloop
  endfacet
  facet normal -0.659563 0.751649 0
    outer loop
      vertex 29.0998 -45.5753 2.5
      vertex 28.8737 -45.7737 5
      vertex 29.0998 -45.5753 5
    endloop
  endfacet
  facet normal -0.659563 0.751649 0
    outer loop
      vertex 28.8737 -45.7737 5
      vertex 29.0998 -45.5753 2.5
      vertex 28.8737 -45.7737 2.5
    endloop
  endfacet
  facet normal 0.751649 0.659563 0
    outer loop
      vertex 32.3247 -45.9998 5
      vertex 32.1263 -45.7737 2.5
      vertex 32.1263 -45.7737 5
    endloop
  endfacet
  facet normal 0.751649 0.659563 0
    outer loop
      vertex 32.1263 -45.7737 2.5
      vertex 32.3247 -45.9998 5
      vertex 32.3247 -45.9998 2.5
    endloop
  endfacet
  facet normal 0.980785 -0.195093 0
    outer loop
      vertex 32.7216 -47.9953 5
      vertex 32.7803 -47.7002 2.5
      vertex 32.7803 -47.7002 5
    endloop
  endfacet
  facet normal 0.980785 -0.195093 0
    outer loop
      vertex 32.7803 -47.7002 2.5
      vertex 32.7216 -47.9953 5
      vertex 32.7216 -47.9953 2.5
    endloop
  endfacet
  facet normal 0.321408 -0.946941 0
    outer loop
      vertex 31.0953 -49.6216 2.5
      vertex 31.3802 -49.5249 5
      vertex 31.0953 -49.6216 5
    endloop
  endfacet
  facet normal 0.321408 -0.946941 0
    outer loop
      vertex 31.3802 -49.5249 5
      vertex 31.0953 -49.6216 2.5
      vertex 31.3802 -49.5249 2.5
    endloop
  endfacet
  facet normal 0.89694 0.442153 0
    outer loop
      vertex 32.6249 -46.5198 5
      vertex 32.4919 -46.25 2.5
      vertex 32.4919 -46.25 5
    endloop
  endfacet
  facet normal 0.89694 0.442153 0
    outer loop
      vertex 32.4919 -46.25 2.5
      vertex 32.6249 -46.5198 5
      vertex 32.6249 -46.5198 2.5
    endloop
  endfacet
  facet normal -0.0654821 -0.997854 0
    outer loop
      vertex 30.1998 -49.6803 2.5
      vertex 30.5 -49.7 5
      vertex 30.1998 -49.6803 5
    endloop
  endfacet
  facet normal -0.0654821 -0.997854 -0
    outer loop
      vertex 30.5 -49.7 5
      vertex 30.1998 -49.6803 2.5
      vertex 30.5 -49.7 2.5
    endloop
  endfacet
  facet normal 0.751649 -0.659563 0
    outer loop
      vertex 32.1263 -49.0263 5
      vertex 32.3247 -48.8002 2.5
      vertex 32.3247 -48.8002 5
    endloop
  endfacet
  facet normal 0.751649 -0.659563 0
    outer loop
      vertex 32.3247 -48.8002 2.5
      vertex 32.1263 -49.0263 5
      vertex 32.1263 -49.0263 2.5
    endloop
  endfacet
  facet normal -0.442153 -0.89694 0
    outer loop
      vertex 29.35 -49.3919 2.5
      vertex 29.6198 -49.5249 5
      vertex 29.35 -49.3919 5
    endloop
  endfacet
  facet normal -0.442153 -0.89694 -0
    outer loop
      vertex 29.6198 -49.5249 5
      vertex 29.35 -49.3919 2.5
      vertex 29.6198 -49.5249 2.5
    endloop
  endfacet
  facet normal -0.751649 -0.659563 0
    outer loop
      vertex 28.8737 -49.0263 2.5
      vertex 28.6753 -48.8002 5
      vertex 28.6753 -48.8002 2.5
    endloop
  endfacet
  facet normal -0.751649 -0.659563 0
    outer loop
      vertex 28.6753 -48.8002 5
      vertex 28.8737 -49.0263 2.5
      vertex 28.8737 -49.0263 5
    endloop
  endfacet
  facet normal -0.946941 0.321408 0
    outer loop
      vertex 28.2784 -46.8047 2.5
      vertex 28.3751 -46.5198 5
      vertex 28.3751 -46.5198 2.5
    endloop
  endfacet
  facet normal -0.946941 0.321408 0
    outer loop
      vertex 28.3751 -46.5198 5
      vertex 28.2784 -46.8047 2.5
      vertex 28.2784 -46.8047 5
    endloop
  endfacet
  facet normal -0.321408 0.946941 0
    outer loop
      vertex 29.9047 -45.1784 2.5
      vertex 29.6198 -45.2751 5
      vertex 29.9047 -45.1784 5
    endloop
  endfacet
  facet normal -0.321408 0.946941 0
    outer loop
      vertex 29.6198 -45.2751 5
      vertex 29.9047 -45.1784 2.5
      vertex 29.6198 -45.2751 2.5
    endloop
  endfacet
  facet normal -0.751649 0.659563 0
    outer loop
      vertex 28.6753 -45.9998 2.5
      vertex 28.8737 -45.7737 5
      vertex 28.8737 -45.7737 2.5
    endloop
  endfacet
  facet normal -0.751649 0.659563 0
    outer loop
      vertex 28.8737 -45.7737 5
      vertex 28.6753 -45.9998 2.5
      vertex 28.6753 -45.9998 5
    endloop
  endfacet
  facet normal 0.946941 -0.321408 0
    outer loop
      vertex 32.6249 -48.2802 5
      vertex 32.7216 -47.9953 2.5
      vertex 32.7216 -47.9953 5
    endloop
  endfacet
  facet normal 0.946941 -0.321408 0
    outer loop
      vertex 32.7216 -47.9953 2.5
      vertex 32.6249 -48.2802 5
      vertex 32.6249 -48.2802 2.5
    endloop
  endfacet
  facet normal 0.89694 -0.442153 0
    outer loop
      vertex 32.4919 -48.55 5
      vertex 32.6249 -48.2802 2.5
      vertex 32.6249 -48.2802 5
    endloop
  endfacet
  facet normal 0.89694 -0.442153 0
    outer loop
      vertex 32.6249 -48.2802 2.5
      vertex 32.4919 -48.55 5
      vertex 32.4919 -48.55 2.5
    endloop
  endfacet
  facet normal 0.997854 -0.0654821 0
    outer loop
      vertex 32.7803 -47.7002 5
      vertex 32.8 -47.4 2.5
      vertex 32.8 -47.4 5
    endloop
  endfacet
  facet normal 0.997854 -0.0654821 0
    outer loop
      vertex 32.8 -47.4 2.5
      vertex 32.7803 -47.7002 5
      vertex 32.7803 -47.7002 2.5
    endloop
  endfacet
  facet normal 0.659563 -0.751649 0
    outer loop
      vertex 31.9002 -49.2247 2.5
      vertex 32.1263 -49.0263 5
      vertex 31.9002 -49.2247 5
    endloop
  endfacet
  facet normal 0.659563 -0.751649 0
    outer loop
      vertex 32.1263 -49.0263 5
      vertex 31.9002 -49.2247 2.5
      vertex 32.1263 -49.0263 2.5
    endloop
  endfacet
  facet normal 0.659563 0.751649 -0
    outer loop
      vertex 32.1263 -45.7737 2.5
      vertex 31.9002 -45.5753 5
      vertex 32.1263 -45.7737 5
    endloop
  endfacet
  facet normal 0.659563 0.751649 0
    outer loop
      vertex 31.9002 -45.5753 5
      vertex 32.1263 -45.7737 2.5
      vertex 31.9002 -45.5753 2.5
    endloop
  endfacet
  facet normal 0.55562 0.831436 -0
    outer loop
      vertex 31.9002 -45.5753 2.5
      vertex 31.65 -45.4081 5
      vertex 31.9002 -45.5753 5
    endloop
  endfacet
  facet normal 0.55562 0.831436 0
    outer loop
      vertex 31.65 -45.4081 5
      vertex 31.9002 -45.5753 2.5
      vertex 31.65 -45.4081 2.5
    endloop
  endfacet
  facet normal 0.195093 -0.980785 0
    outer loop
      vertex 30.8002 -49.6803 2.5
      vertex 31.0953 -49.6216 5
      vertex 30.8002 -49.6803 5
    endloop
  endfacet
  facet normal 0.195093 -0.980785 0
    outer loop
      vertex 31.0953 -49.6216 5
      vertex 30.8002 -49.6803 2.5
      vertex 31.0953 -49.6216 2.5
    endloop
  endfacet
  facet normal 0.831436 -0.55562 0
    outer loop
      vertex 32.3247 -48.8002 5
      vertex 32.4919 -48.55 2.5
      vertex 32.4919 -48.55 5
    endloop
  endfacet
  facet normal 0.831436 -0.55562 0
    outer loop
      vertex 32.4919 -48.55 2.5
      vertex 32.3247 -48.8002 5
      vertex 32.3247 -48.8002 2.5
    endloop
  endfacet
  facet normal -0.0654821 0.997854 0
    outer loop
      vertex 30.5 -45.1 2.5
      vertex 30.1998 -45.1197 5
      vertex 30.5 -45.1 5
    endloop
  endfacet
  facet normal -0.0654821 0.997854 0
    outer loop
      vertex 30.1998 -45.1197 5
      vertex 30.5 -45.1 2.5
      vertex 30.1998 -45.1197 2.5
    endloop
  endfacet
  facet normal 0.0654821 -0.997854 0
    outer loop
      vertex 30.5 -49.7 2.5
      vertex 30.8002 -49.6803 5
      vertex 30.5 -49.7 5
    endloop
  endfacet
  facet normal 0.0654821 -0.997854 0
    outer loop
      vertex 30.8002 -49.6803 5
      vertex 30.5 -49.7 2.5
      vertex 30.8002 -49.6803 2.5
    endloop
  endfacet
  facet normal 0.321408 0.946941 -0
    outer loop
      vertex 31.3802 -45.2751 2.5
      vertex 31.0953 -45.1784 5
      vertex 31.3802 -45.2751 5
    endloop
  endfacet
  facet normal 0.321408 0.946941 0
    outer loop
      vertex 31.0953 -45.1784 5
      vertex 31.3802 -45.2751 2.5
      vertex 31.0953 -45.1784 2.5
    endloop
  endfacet
  facet normal -0.55562 0.831436 0
    outer loop
      vertex 29.35 -45.4081 2.5
      vertex 29.0998 -45.5753 5
      vertex 29.35 -45.4081 5
    endloop
  endfacet
  facet normal -0.55562 0.831436 0
    outer loop
      vertex 29.0998 -45.5753 5
      vertex 29.35 -45.4081 2.5
      vertex 29.0998 -45.5753 2.5
    endloop
  endfacet
  facet normal -0.980785 -0.195093 0
    outer loop
      vertex 28.2784 -47.9953 2.5
      vertex 28.2197 -47.7002 5
      vertex 28.2197 -47.7002 2.5
    endloop
  endfacet
  facet normal -0.980785 -0.195093 0
    outer loop
      vertex 28.2197 -47.7002 5
      vertex 28.2784 -47.9953 2.5
      vertex 28.2784 -47.9953 5
    endloop
  endfacet
  facet normal 0.0654821 0.997854 -0
    outer loop
      vertex 30.8002 -45.1197 2.5
      vertex 30.5 -45.1 5
      vertex 30.8002 -45.1197 5
    endloop
  endfacet
  facet normal 0.0654821 0.997854 0
    outer loop
      vertex 30.5 -45.1 5
      vertex 30.8002 -45.1197 2.5
      vertex 30.5 -45.1 2.5
    endloop
  endfacet
  facet normal -0.997854 -0.0654821 0
    outer loop
      vertex 28.2197 -47.7002 2.5
      vertex 28.2 -47.4 5
      vertex 28.2 -47.4 2.5
    endloop
  endfacet
  facet normal -0.997854 -0.0654821 0
    outer loop
      vertex 28.2 -47.4 5
      vertex 28.2197 -47.7002 2.5
      vertex 28.2197 -47.7002 5
    endloop
  endfacet
  facet normal -0.195093 -0.980785 0
    outer loop
      vertex 29.9047 -49.6216 2.5
      vertex 30.1998 -49.6803 5
      vertex 29.9047 -49.6216 5
    endloop
  endfacet
  facet normal -0.195093 -0.980785 -0
    outer loop
      vertex 30.1998 -49.6803 5
      vertex 29.9047 -49.6216 2.5
      vertex 30.1998 -49.6803 2.5
    endloop
  endfacet
  facet normal -0.980785 0.195093 0
    outer loop
      vertex 28.2197 -47.0998 2.5
      vertex 28.2784 -46.8047 5
      vertex 28.2784 -46.8047 2.5
    endloop
  endfacet
  facet normal -0.980785 0.195093 0
    outer loop
      vertex 28.2784 -46.8047 5
      vertex 28.2197 -47.0998 2.5
      vertex 28.2197 -47.0998 5
    endloop
  endfacet
  facet normal -0.195093 0.980785 0
    outer loop
      vertex 30.1998 -45.1197 2.5
      vertex 29.9047 -45.1784 5
      vertex 30.1998 -45.1197 5
    endloop
  endfacet
  facet normal -0.195093 0.980785 0
    outer loop
      vertex 29.9047 -45.1784 5
      vertex 30.1998 -45.1197 2.5
      vertex 29.9047 -45.1784 2.5
    endloop
  endfacet
  facet normal 0.55562 -0.831436 0
    outer loop
      vertex 31.65 -49.3919 2.5
      vertex 31.9002 -49.2247 5
      vertex 31.65 -49.3919 5
    endloop
  endfacet
  facet normal 0.55562 -0.831436 0
    outer loop
      vertex 31.9002 -49.2247 5
      vertex 31.65 -49.3919 2.5
      vertex 31.9002 -49.2247 2.5
    endloop
  endfacet
  facet normal -0.946941 -0.321408 0
    outer loop
      vertex 28.3751 -48.2802 2.5
      vertex 28.2784 -47.9953 5
      vertex 28.2784 -47.9953 2.5
    endloop
  endfacet
  facet normal -0.946941 -0.321408 0
    outer loop
      vertex 28.2784 -47.9953 5
      vertex 28.3751 -48.2802 2.5
      vertex 28.3751 -48.2802 5
    endloop
  endfacet
  facet normal -0.659563 -0.751649 0
    outer loop
      vertex 28.8737 -49.0263 2.5
      vertex 29.0998 -49.2247 5
      vertex 28.8737 -49.0263 5
    endloop
  endfacet
  facet normal -0.659563 -0.751649 -0
    outer loop
      vertex 29.0998 -49.2247 5
      vertex 28.8737 -49.0263 2.5
      vertex 29.0998 -49.2247 2.5
    endloop
  endfacet
  facet normal -0.442153 0.89694 0
    outer loop
      vertex 29.6198 -45.2751 2.5
      vertex 29.35 -45.4081 5
      vertex 29.6198 -45.2751 5
    endloop
  endfacet
  facet normal -0.442153 0.89694 0
    outer loop
      vertex 29.35 -45.4081 5
      vertex 29.6198 -45.2751 2.5
      vertex 29.35 -45.4081 2.5
    endloop
  endfacet
  facet normal 0.442153 -0.89694 0
    outer loop
      vertex 31.3802 -49.5249 2.5
      vertex 31.65 -49.3919 5
      vertex 31.3802 -49.5249 5
    endloop
  endfacet
  facet normal 0.442153 -0.89694 0
    outer loop
      vertex 31.65 -49.3919 5
      vertex 31.3802 -49.5249 2.5
      vertex 31.65 -49.3919 2.5
    endloop
  endfacet
  facet normal 0.195093 0.980785 -0
    outer loop
      vertex 31.0953 -45.1784 2.5
      vertex 30.8002 -45.1197 5
      vertex 31.0953 -45.1784 5
    endloop
  endfacet
  facet normal 0.195093 0.980785 0
    outer loop
      vertex 30.8002 -45.1197 5
      vertex 31.0953 -45.1784 2.5
      vertex 30.8002 -45.1197 2.5
    endloop
  endfacet
  facet normal -0.89694 -0.442153 0
    outer loop
      vertex 28.5081 -48.55 2.5
      vertex 28.3751 -48.2802 5
      vertex 28.3751 -48.2802 2.5
    endloop
  endfacet
  facet normal -0.89694 -0.442153 0
    outer loop
      vertex 28.3751 -48.2802 5
      vertex 28.5081 -48.55 2.5
      vertex 28.5081 -48.55 5
    endloop
  endfacet
  facet normal -0.831436 -0.55562 0
    outer loop
      vertex 28.6753 -48.8002 2.5
      vertex 28.5081 -48.55 5
      vertex 28.5081 -48.55 2.5
    endloop
  endfacet
  facet normal -0.831436 -0.55562 0
    outer loop
      vertex 28.5081 -48.55 5
      vertex 28.6753 -48.8002 2.5
      vertex 28.6753 -48.8002 5
    endloop
  endfacet
  facet normal -0.89694 0.442153 0
    outer loop
      vertex 28.3751 -46.5198 2.5
      vertex 28.5081 -46.25 5
      vertex 28.5081 -46.25 2.5
    endloop
  endfacet
  facet normal -0.89694 0.442153 0
    outer loop
      vertex 28.5081 -46.25 5
      vertex 28.3751 -46.5198 2.5
      vertex 28.3751 -46.5198 5
    endloop
  endfacet
  facet normal -0.831436 0.55562 0
    outer loop
      vertex 28.5081 -46.25 2.5
      vertex 28.6753 -45.9998 5
      vertex 28.6753 -45.9998 2.5
    endloop
  endfacet
  facet normal -0.831436 0.55562 0
    outer loop
      vertex 28.6753 -45.9998 5
      vertex 28.5081 -46.25 2.5
      vertex 28.5081 -46.25 5
    endloop
  endfacet
  facet normal -0.321408 -0.946941 0
    outer loop
      vertex 29.6198 -49.5249 2.5
      vertex 29.9047 -49.6216 5
      vertex 29.6198 -49.5249 5
    endloop
  endfacet
  facet normal -0.321408 -0.946941 -0
    outer loop
      vertex 29.9047 -49.6216 5
      vertex 29.6198 -49.5249 2.5
      vertex 29.9047 -49.6216 2.5
    endloop
  endfacet
  facet normal -0.55562 -0.831436 0
    outer loop
      vertex 29.0998 -49.2247 2.5
      vertex 29.35 -49.3919 5
      vertex 29.0998 -49.2247 5
    endloop
  endfacet
  facet normal -0.55562 -0.831436 -0
    outer loop
      vertex 29.35 -49.3919 5
      vertex 29.0998 -49.2247 2.5
      vertex 29.35 -49.3919 2.5
    endloop
  endfacet
  facet normal -0 0 1
    outer loop
      vertex 31.94 -47.3982 5
      vertex 32.8 -47.4 5
      vertex 32.7803 -47.0998 5
    endloop
  endfacet
  facet normal 0 0 1
    outer loop
      vertex 31.9278 -47.212 5
      vertex 32.7803 -47.0998 5
      vertex 32.7216 -46.8047 5
    endloop
  endfacet
  facet normal 0 0 1
    outer loop
      vertex 32.8 -47.4 5
      vertex 31.94 -47.3982 5
      vertex 31.9402 -47.4 5
    endloop
  endfacet
  facet normal 0 0 1
    outer loop
      vertex 31.8905 -47.0255 5
      vertex 32.7216 -46.8047 5
      vertex 32.6249 -46.5198 5
    endloop
  endfacet
  facet normal 0 0 1
    outer loop
      vertex 31.94 -47.4018 5
      vertex 32.8 -47.4 5
      vertex 31.9402 -47.4 5
    endloop
  endfacet
  facet normal 0 0 1
    outer loop
      vertex 31.8305 -46.8489 5
      vertex 32.6249 -46.5198 5
      vertex 32.4919 -46.25 5
    endloop
  endfacet
  facet normal 0 0 1
    outer loop
      vertex 32.8 -47.4 5
      vertex 31.94 -47.4018 5
      vertex 32.7803 -47.7002 5
    endloop
  endfacet
  facet normal 0 0 1
    outer loop
      vertex 31.7472 -46.6799 5
      vertex 32.4919 -46.25 5
      vertex 32.3247 -45.9998 5
    endloop
  endfacet
  facet normal -0 0 1
    outer loop
      vertex 31.9278 -47.588 5
      vertex 32.7803 -47.7002 5
      vertex 31.94 -47.4018 5
    endloop
  endfacet
  facet normal 0 0 1
    outer loop
      vertex 31.6426 -46.5233 5
      vertex 32.3247 -45.9998 5
      vertex 32.1263 -45.7737 5
    endloop
  endfacet
  facet normal 0 0 1
    outer loop
      vertex 32.7803 -47.7002 5
      vertex 31.9278 -47.588 5
      vertex 32.7216 -47.9953 5
    endloop
  endfacet
  facet normal -0 0 1
    outer loop
      vertex 31.8911 -47.7727 5
      vertex 32.7216 -47.9953 5
      vertex 31.8914 -47.771 5
    endloop
  endfacet
  facet normal -0 0 1
    outer loop
      vertex 31.8914 -47.771 5
      vertex 32.7216 -47.9953 5
      vertex 31.9278 -47.588 5
    endloop
  endfacet
  facet normal 0 0 1
    outer loop
      vertex 32.7803 -47.0998 5
      vertex 31.9278 -47.212 5
      vertex 31.94 -47.3982 5
    endloop
  endfacet
  facet normal 0 0 1
    outer loop
      vertex 31.517 -46.3804 5
      vertex 32.1263 -45.7737 5
      vertex 31.9002 -45.5753 5
    endloop
  endfacet
  facet normal 0 0 1
    outer loop
      vertex 32.7216 -46.8047 5
      vertex 31.8914 -47.029 5
      vertex 31.9278 -47.212 5
    endloop
  endfacet
  facet normal 0 0 1
    outer loop
      vertex 32.7216 -46.8047 5
      vertex 31.8911 -47.0273 5
      vertex 31.8914 -47.029 5
    endloop
  endfacet
  facet normal 0 0 1
    outer loop
      vertex 32.7216 -46.8047 5
      vertex 31.8905 -47.0255 5
      vertex 31.8911 -47.0273 5
    endloop
  endfacet
  facet normal 0 0 1
    outer loop
      vertex 32.6249 -46.5198 5
      vertex 31.8305 -46.8489 5
      vertex 31.8905 -47.0255 5
    endloop
  endfacet
  facet normal 0 0 1
    outer loop
      vertex 32.4919 -46.25 5
      vertex 31.748 -46.6816 5
      vertex 31.8305 -46.8489 5
    endloop
  endfacet
  facet normal 0 0 1
    outer loop
      vertex 32.4919 -46.25 5
      vertex 31.7472 -46.6799 5
      vertex 31.748 -46.6816 5
    endloop
  endfacet
  facet normal 0 0 1
    outer loop
      vertex 31.3752 -46.2564 5
      vertex 31.9002 -45.5753 5
      vertex 31.65 -45.4081 5
    endloop
  endfacet
  facet normal 0 0 1
    outer loop
      vertex 32.3247 -45.9998 5
      vertex 31.6436 -46.5248 5
      vertex 31.7472 -46.6799 5
    endloop
  endfacet
  facet normal 0 0 1
    outer loop
      vertex 32.3247 -45.9998 5
      vertex 31.6426 -46.5233 5
      vertex 31.6436 -46.5248 5
    endloop
  endfacet
  facet normal 0 0 1
    outer loop
      vertex 32.1263 -45.7737 5
      vertex 31.5196 -46.383 5
      vertex 31.6426 -46.5233 5
    endloop
  endfacet
  facet normal 0 0 1
    outer loop
      vertex 32.1263 -45.7737 5
      vertex 31.5184 -46.3816 5
      vertex 31.5196 -46.383 5
    endloop
  endfacet
  facet normal 0 0 1
    outer loop
      vertex 32.1263 -45.7737 5
      vertex 31.517 -46.3804 5
      vertex 31.5184 -46.3816 5
    endloop
  endfacet
  facet normal 0 0 1
    outer loop
      vertex 31.2184 -46.152 5
      vertex 31.65 -45.4081 5
      vertex 31.3802 -45.2751 5
    endloop
  endfacet
  facet normal 0 0 1
    outer loop
      vertex 31.9002 -45.5753 5
      vertex 31.3767 -46.2574 5
      vertex 31.517 -46.3804 5
    endloop
  endfacet
  facet normal 0 0 1
    outer loop
      vertex 31.9002 -45.5753 5
      vertex 31.3752 -46.2564 5
      vertex 31.3767 -46.2574 5
    endloop
  endfacet
  facet normal 0 0 1
    outer loop
      vertex 31.65 -45.4081 5
      vertex 31.2201 -46.1528 5
      vertex 31.3752 -46.2564 5
    endloop
  endfacet
  facet normal 0 0 1
    outer loop
      vertex 31.65 -45.4081 5
      vertex 31.2184 -46.152 5
      vertex 31.2201 -46.1528 5
    endloop
  endfacet
  facet normal 0 0 1
    outer loop
      vertex 31.0511 -46.0695 5
      vertex 31.3802 -45.2751 5
      vertex 31.0953 -45.1784 5
    endloop
  endfacet
  facet normal 0 0 1
    outer loop
      vertex 31.3802 -45.2751 5
      vertex 31.0511 -46.0695 5
      vertex 31.2184 -46.152 5
    endloop
  endfacet
  facet normal 0 0 1
    outer loop
      vertex 31.0953 -45.1784 5
      vertex 30.8745 -46.0095 5
      vertex 31.0511 -46.0695 5
    endloop
  endfacet
  facet normal 0 0 1
    outer loop
      vertex 31.0953 -45.1784 5
      vertex 30.8727 -46.0089 5
      vertex 30.8745 -46.0095 5
    endloop
  endfacet
  facet normal 0 0 1
    outer loop
      vertex 31.0953 -45.1784 5
      vertex 30.871 -46.0086 5
      vertex 30.8727 -46.0089 5
    endloop
  endfacet
  facet normal 0 0 1
    outer loop
      vertex 30.8002 -45.1197 5
      vertex 30.871 -46.0086 5
      vertex 31.0953 -45.1784 5
    endloop
  endfacet
  facet normal 0 0 1
    outer loop
      vertex 30.8002 -45.1197 5
      vertex 30.688 -45.9722 5
      vertex 30.871 -46.0086 5
    endloop
  endfacet
  facet normal 0 0 1
    outer loop
      vertex 30.8002 -45.1197 5
      vertex 30.5018 -45.96 5
      vertex 30.688 -45.9722 5
    endloop
  endfacet
  facet normal 0 0 1
    outer loop
      vertex 30.5 -45.1 5
      vertex 30.5018 -45.96 5
      vertex 30.8002 -45.1197 5
    endloop
  endfacet
  facet normal 0 0 1
    outer loop
      vertex 30.5 -45.1 5
      vertex 30.5 -45.9598 5
      vertex 30.5018 -45.96 5
    endloop
  endfacet
  facet normal 0 0 1
    outer loop
      vertex 30.5 -45.1 5
      vertex 30.4982 -45.96 5
      vertex 30.5 -45.9598 5
    endloop
  endfacet
  facet normal 0 0 1
    outer loop
      vertex 30.5 -45.1 5
      vertex 30.312 -45.9722 5
      vertex 30.4982 -45.96 5
    endloop
  endfacet
  facet normal -0 0 1
    outer loop
      vertex 30.1998 -45.1197 5
      vertex 30.312 -45.9722 5
      vertex 30.5 -45.1 5
    endloop
  endfacet
  facet normal 0 0 1
    outer loop
      vertex 30.1998 -45.1197 5
      vertex 30.129 -46.0086 5
      vertex 30.312 -45.9722 5
    endloop
  endfacet
  facet normal -0 0 1
    outer loop
      vertex 29.9047 -45.1784 5
      vertex 30.129 -46.0086 5
      vertex 30.1998 -45.1197 5
    endloop
  endfacet
  facet normal 0 0 1
    outer loop
      vertex 30.129 -46.0086 5
      vertex 29.9047 -45.1784 5
      vertex 30.1273 -46.0089 5
    endloop
  endfacet
  facet normal 0 0 1
    outer loop
      vertex 30.1273 -46.0089 5
      vertex 29.9047 -45.1784 5
      vertex 30.1255 -46.0095 5
    endloop
  endfacet
  facet normal 0 0 1
    outer loop
      vertex 30.1255 -46.0095 5
      vertex 29.9047 -45.1784 5
      vertex 29.9489 -46.0695 5
    endloop
  endfacet
  facet normal -0 0 1
    outer loop
      vertex 29.6198 -45.2751 5
      vertex 29.9489 -46.0695 5
      vertex 29.9047 -45.1784 5
    endloop
  endfacet
  facet normal 0 0 1
    outer loop
      vertex 29.9489 -46.0695 5
      vertex 29.6198 -45.2751 5
      vertex 29.7816 -46.152 5
    endloop
  endfacet
  facet normal -0 0 1
    outer loop
      vertex 29.35 -45.4081 5
      vertex 29.7816 -46.152 5
      vertex 29.6198 -45.2751 5
    endloop
  endfacet
  facet normal 0 0 1
    outer loop
      vertex 29.7816 -46.152 5
      vertex 29.35 -45.4081 5
      vertex 29.7799 -46.1528 5
    endloop
  endfacet
  facet normal 0 0 1
    outer loop
      vertex 29.7799 -46.1528 5
      vertex 29.35 -45.4081 5
      vertex 29.6248 -46.2564 5
    endloop
  endfacet
  facet normal -0 0 1
    outer loop
      vertex 29.0998 -45.5753 5
      vertex 29.6248 -46.2564 5
      vertex 29.35 -45.4081 5
    endloop
  endfacet
  facet normal 0 0 1
    outer loop
      vertex 29.6248 -46.2564 5
      vertex 29.0998 -45.5753 5
      vertex 29.6233 -46.2574 5
    endloop
  endfacet
  facet normal 0 0 1
    outer loop
      vertex 29.6233 -46.2574 5
      vertex 29.0998 -45.5753 5
      vertex 29.483 -46.3804 5
    endloop
  endfacet
  facet normal -0 0 1
    outer loop
      vertex 28.8737 -45.7737 5
      vertex 29.483 -46.3804 5
      vertex 29.0998 -45.5753 5
    endloop
  endfacet
  facet normal 0 0 1
    outer loop
      vertex 29.483 -46.3804 5
      vertex 28.8737 -45.7737 5
      vertex 29.4816 -46.3816 5
    endloop
  endfacet
  facet normal 0 0 1
    outer loop
      vertex 29.4816 -46.3816 5
      vertex 28.8737 -45.7737 5
      vertex 29.4804 -46.383 5
    endloop
  endfacet
  facet normal 0 0 1
    outer loop
      vertex 29.4804 -46.383 5
      vertex 28.8737 -45.7737 5
      vertex 29.3574 -46.5233 5
    endloop
  endfacet
  facet normal -0 0 1
    outer loop
      vertex 28.6753 -45.9998 5
      vertex 29.3574 -46.5233 5
      vertex 28.8737 -45.7737 5
    endloop
  endfacet
  facet normal 0 0 1
    outer loop
      vertex 29.3574 -46.5233 5
      vertex 28.6753 -45.9998 5
      vertex 29.3564 -46.5248 5
    endloop
  endfacet
  facet normal 0 0 1
    outer loop
      vertex 29.3564 -46.5248 5
      vertex 28.6753 -45.9998 5
      vertex 29.2528 -46.6799 5
    endloop
  endfacet
  facet normal -0 0 1
    outer loop
      vertex 28.5081 -46.25 5
      vertex 29.2528 -46.6799 5
      vertex 28.6753 -45.9998 5
    endloop
  endfacet
  facet normal 0 0 1
    outer loop
      vertex 29.2528 -46.6799 5
      vertex 28.5081 -46.25 5
      vertex 29.252 -46.6816 5
    endloop
  endfacet
  facet normal 0 0 1
    outer loop
      vertex 29.252 -46.6816 5
      vertex 28.5081 -46.25 5
      vertex 29.1695 -46.8489 5
    endloop
  endfacet
  facet normal -0 0 1
    outer loop
      vertex 28.3751 -46.5198 5
      vertex 29.1695 -46.8489 5
      vertex 28.5081 -46.25 5
    endloop
  endfacet
  facet normal 0 0 1
    outer loop
      vertex 29.1695 -46.8489 5
      vertex 28.3751 -46.5198 5
      vertex 29.1095 -47.0255 5
    endloop
  endfacet
  facet normal -0 0 1
    outer loop
      vertex 28.2784 -46.8047 5
      vertex 29.1095 -47.0255 5
      vertex 28.3751 -46.5198 5
    endloop
  endfacet
  facet normal 0 0 1
    outer loop
      vertex 29.1095 -47.0255 5
      vertex 28.2784 -46.8047 5
      vertex 29.1089 -47.0273 5
    endloop
  endfacet
  facet normal -0 0 1
    outer loop
      vertex 31.8905 -47.7745 5
      vertex 32.7216 -47.9953 5
      vertex 31.8911 -47.7727 5
    endloop
  endfacet
  facet normal 0 0 1
    outer loop
      vertex 32.7216 -47.9953 5
      vertex 31.8905 -47.7745 5
      vertex 32.6249 -48.2802 5
    endloop
  endfacet
  facet normal -0 0 1
    outer loop
      vertex 31.8305 -47.9511 5
      vertex 32.6249 -48.2802 5
      vertex 31.8905 -47.7745 5
    endloop
  endfacet
  facet normal 0 0 1
    outer loop
      vertex 32.6249 -48.2802 5
      vertex 31.8305 -47.9511 5
      vertex 32.4919 -48.55 5
    endloop
  endfacet
  facet normal -0 0 1
    outer loop
      vertex 31.748 -48.1184 5
      vertex 32.4919 -48.55 5
      vertex 31.8305 -47.9511 5
    endloop
  endfacet
  facet normal -0 0 1
    outer loop
      vertex 31.7472 -48.1201 5
      vertex 32.4919 -48.55 5
      vertex 31.748 -48.1184 5
    endloop
  endfacet
  facet normal 0 0 1
    outer loop
      vertex 32.4919 -48.55 5
      vertex 31.7472 -48.1201 5
      vertex 32.3247 -48.8002 5
    endloop
  endfacet
  facet normal -0 0 1
    outer loop
      vertex 31.6436 -48.2752 5
      vertex 32.3247 -48.8002 5
      vertex 31.7472 -48.1201 5
    endloop
  endfacet
  facet normal -0 0 1
    outer loop
      vertex 31.6426 -48.2767 5
      vertex 32.3247 -48.8002 5
      vertex 31.6436 -48.2752 5
    endloop
  endfacet
  facet normal 0 0 1
    outer loop
      vertex 32.3247 -48.8002 5
      vertex 31.6426 -48.2767 5
      vertex 32.1263 -49.0263 5
    endloop
  endfacet
  facet normal -0 0 1
    outer loop
      vertex 31.5196 -48.417 5
      vertex 32.1263 -49.0263 5
      vertex 31.6426 -48.2767 5
    endloop
  endfacet
  facet normal -0 0 1
    outer loop
      vertex 31.5184 -48.4184 5
      vertex 32.1263 -49.0263 5
      vertex 31.5196 -48.417 5
    endloop
  endfacet
  facet normal -0 0 1
    outer loop
      vertex 31.517 -48.4196 5
      vertex 32.1263 -49.0263 5
      vertex 31.5184 -48.4184 5
    endloop
  endfacet
  facet normal 0 0 1
    outer loop
      vertex 32.1263 -49.0263 5
      vertex 31.517 -48.4196 5
      vertex 31.9002 -49.2247 5
    endloop
  endfacet
  facet normal -0 0 1
    outer loop
      vertex 31.3767 -48.5426 5
      vertex 31.9002 -49.2247 5
      vertex 31.517 -48.4196 5
    endloop
  endfacet
  facet normal -0 0 1
    outer loop
      vertex 31.3752 -48.5436 5
      vertex 31.9002 -49.2247 5
      vertex 31.3767 -48.5426 5
    endloop
  endfacet
  facet normal 0 0 1
    outer loop
      vertex 31.9002 -49.2247 5
      vertex 31.3752 -48.5436 5
      vertex 31.65 -49.3919 5
    endloop
  endfacet
  facet normal -0 0 1
    outer loop
      vertex 31.2201 -48.6472 5
      vertex 31.65 -49.3919 5
      vertex 31.3752 -48.5436 5
    endloop
  endfacet
  facet normal -0 0 1
    outer loop
      vertex 31.2184 -48.648 5
      vertex 31.65 -49.3919 5
      vertex 31.2201 -48.6472 5
    endloop
  endfacet
  facet normal 0 0 1
    outer loop
      vertex 31.65 -49.3919 5
      vertex 31.2184 -48.648 5
      vertex 31.3802 -49.5249 5
    endloop
  endfacet
  facet normal -0 0 1
    outer loop
      vertex 31.0511 -48.7305 5
      vertex 31.3802 -49.5249 5
      vertex 31.2184 -48.648 5
    endloop
  endfacet
  facet normal 0 0 1
    outer loop
      vertex 31.3802 -49.5249 5
      vertex 31.0511 -48.7305 5
      vertex 31.0953 -49.6216 5
    endloop
  endfacet
  facet normal -0 0 1
    outer loop
      vertex 30.8745 -48.7905 5
      vertex 31.0953 -49.6216 5
      vertex 31.0511 -48.7305 5
    endloop
  endfacet
  facet normal -0 0 1
    outer loop
      vertex 30.8727 -48.7911 5
      vertex 31.0953 -49.6216 5
      vertex 30.8745 -48.7905 5
    endloop
  endfacet
  facet normal -0 0 1
    outer loop
      vertex 30.871 -48.7914 5
      vertex 31.0953 -49.6216 5
      vertex 30.8727 -48.7911 5
    endloop
  endfacet
  facet normal 0 0 1
    outer loop
      vertex 30.871 -48.7914 5
      vertex 30.8002 -49.6803 5
      vertex 31.0953 -49.6216 5
    endloop
  endfacet
  facet normal -0 0 1
    outer loop
      vertex 30.688 -48.8278 5
      vertex 30.8002 -49.6803 5
      vertex 30.871 -48.7914 5
    endloop
  endfacet
  facet normal -0 0 1
    outer loop
      vertex 30.5018 -48.84 5
      vertex 30.8002 -49.6803 5
      vertex 30.688 -48.8278 5
    endloop
  endfacet
  facet normal 0 0 1
    outer loop
      vertex 30.5 -49.7 5
      vertex 30.5018 -48.84 5
      vertex 30.5 -48.8402 5
    endloop
  endfacet
  facet normal 0 0 1
    outer loop
      vertex 30.5018 -48.84 5
      vertex 30.5 -49.7 5
      vertex 30.8002 -49.6803 5
    endloop
  endfacet
  facet normal 0 0 1
    outer loop
      vertex 30.4982 -48.84 5
      vertex 30.5 -49.7 5
      vertex 30.5 -48.8402 5
    endloop
  endfacet
  facet normal 0 0 1
    outer loop
      vertex 30.312 -48.8278 5
      vertex 30.5 -49.7 5
      vertex 30.4982 -48.84 5
    endloop
  endfacet
  facet normal 0 0 1
    outer loop
      vertex 30.312 -48.8278 5
      vertex 30.1998 -49.6803 5
      vertex 30.5 -49.7 5
    endloop
  endfacet
  facet normal 0 0 1
    outer loop
      vertex 30.129 -48.7914 5
      vertex 30.1998 -49.6803 5
      vertex 30.312 -48.8278 5
    endloop
  endfacet
  facet normal 0 0 1
    outer loop
      vertex 29.9047 -49.6216 5
      vertex 30.129 -48.7914 5
      vertex 30.1273 -48.7911 5
    endloop
  endfacet
  facet normal 0 0 1
    outer loop
      vertex 29.9047 -49.6216 5
      vertex 30.1273 -48.7911 5
      vertex 30.1255 -48.7905 5
    endloop
  endfacet
  facet normal 0 0 1
    outer loop
      vertex 29.9047 -49.6216 5
      vertex 30.1255 -48.7905 5
      vertex 29.9489 -48.7305 5
    endloop
  endfacet
  facet normal 0 0 1
    outer loop
      vertex 30.129 -48.7914 5
      vertex 29.9047 -49.6216 5
      vertex 30.1998 -49.6803 5
    endloop
  endfacet
  facet normal 0 0 1
    outer loop
      vertex 29.6198 -49.5249 5
      vertex 29.9489 -48.7305 5
      vertex 29.7816 -48.648 5
    endloop
  endfacet
  facet normal 0 0 1
    outer loop
      vertex 29.35 -49.3919 5
      vertex 29.7816 -48.648 5
      vertex 29.7799 -48.6472 5
    endloop
  endfacet
  facet normal 0 0 1
    outer loop
      vertex 29.35 -49.3919 5
      vertex 29.7799 -48.6472 5
      vertex 29.6248 -48.5436 5
    endloop
  endfacet
  facet normal 0 0 1
    outer loop
      vertex 29.0998 -49.2247 5
      vertex 29.6248 -48.5436 5
      vertex 29.6233 -48.5426 5
    endloop
  endfacet
  facet normal 0 0 1
    outer loop
      vertex 29.9489 -48.7305 5
      vertex 29.6198 -49.5249 5
      vertex 29.9047 -49.6216 5
    endloop
  endfacet
  facet normal 0 0 1
    outer loop
      vertex 29.0998 -49.2247 5
      vertex 29.6233 -48.5426 5
      vertex 29.483 -48.4196 5
    endloop
  endfacet
  facet normal 0 0 1
    outer loop
      vertex 28.8737 -49.0263 5
      vertex 29.483 -48.4196 5
      vertex 29.4816 -48.4184 5
    endloop
  endfacet
  facet normal 0 0 1
    outer loop
      vertex 28.8737 -49.0263 5
      vertex 29.4816 -48.4184 5
      vertex 29.4804 -48.417 5
    endloop
  endfacet
  facet normal 0 0 1
    outer loop
      vertex 28.8737 -49.0263 5
      vertex 29.4804 -48.417 5
      vertex 29.3574 -48.2767 5
    endloop
  endfacet
  facet normal 0 0 1
    outer loop
      vertex 28.6753 -48.8002 5
      vertex 29.3574 -48.2767 5
      vertex 29.3564 -48.2752 5
    endloop
  endfacet
  facet normal 0 0 1
    outer loop
      vertex 29.7816 -48.648 5
      vertex 29.35 -49.3919 5
      vertex 29.6198 -49.5249 5
    endloop
  endfacet
  facet normal 0 0 1
    outer loop
      vertex 28.6753 -48.8002 5
      vertex 29.3564 -48.2752 5
      vertex 29.2528 -48.1201 5
    endloop
  endfacet
  facet normal 0 0 1
    outer loop
      vertex 28.5081 -48.55 5
      vertex 29.2528 -48.1201 5
      vertex 29.252 -48.1184 5
    endloop
  endfacet
  facet normal 0 0 1
    outer loop
      vertex 28.5081 -48.55 5
      vertex 29.252 -48.1184 5
      vertex 29.1695 -47.9511 5
    endloop
  endfacet
  facet normal 0 0 1
    outer loop
      vertex 28.3751 -48.2802 5
      vertex 29.1695 -47.9511 5
      vertex 29.1095 -47.7745 5
    endloop
  endfacet
  facet normal 0 0 1
    outer loop
      vertex 28.2784 -47.9953 5
      vertex 29.1095 -47.7745 5
      vertex 29.1089 -47.7727 5
    endloop
  endfacet
  facet normal 0 0 1
    outer loop
      vertex 28.2784 -47.9953 5
      vertex 29.1089 -47.7727 5
      vertex 29.1086 -47.771 5
    endloop
  endfacet
  facet normal 0 0 1
    outer loop
      vertex 29.6248 -48.5436 5
      vertex 29.0998 -49.2247 5
      vertex 29.35 -49.3919 5
    endloop
  endfacet
  facet normal 0 0 1
    outer loop
      vertex 28.2784 -47.9953 5
      vertex 29.1086 -47.771 5
      vertex 29.0722 -47.588 5
    endloop
  endfacet
  facet normal 0 0 1
    outer loop
      vertex 28.2197 -47.7002 5
      vertex 29.0722 -47.588 5
      vertex 29.06 -47.4018 5
    endloop
  endfacet
  facet normal -0 0 1
    outer loop
      vertex 28.2 -47.4 5
      vertex 29.06 -47.4018 5
      vertex 29.0598 -47.4 5
    endloop
  endfacet
  facet normal 0 0 1
    outer loop
      vertex 29.1089 -47.0273 5
      vertex 28.2784 -46.8047 5
      vertex 29.1086 -47.029 5
    endloop
  endfacet
  facet normal 0 0 1
    outer loop
      vertex 29.483 -48.4196 5
      vertex 28.8737 -49.0263 5
      vertex 29.0998 -49.2247 5
    endloop
  endfacet
  facet normal 0 0 1
    outer loop
      vertex 29.1086 -47.029 5
      vertex 28.2784 -46.8047 5
      vertex 29.0722 -47.212 5
    endloop
  endfacet
  facet normal 0 0 1
    outer loop
      vertex 29.3574 -48.2767 5
      vertex 28.6753 -48.8002 5
      vertex 28.8737 -49.0263 5
    endloop
  endfacet
  facet normal -0 0 1
    outer loop
      vertex 28.2197 -47.0998 5
      vertex 29.0722 -47.212 5
      vertex 28.2784 -46.8047 5
    endloop
  endfacet
  facet normal 0 0 1
    outer loop
      vertex 29.2528 -48.1201 5
      vertex 28.5081 -48.55 5
      vertex 28.6753 -48.8002 5
    endloop
  endfacet
  facet normal 0 0 1
    outer loop
      vertex 29.0722 -47.212 5
      vertex 28.2197 -47.0998 5
      vertex 29.06 -47.3982 5
    endloop
  endfacet
  facet normal 0 0 1
    outer loop
      vertex 29.1695 -47.9511 5
      vertex 28.3751 -48.2802 5
      vertex 28.5081 -48.55 5
    endloop
  endfacet
  facet normal 0 0 1
    outer loop
      vertex 28.2 -47.4 5
      vertex 29.06 -47.3982 5
      vertex 28.2197 -47.0998 5
    endloop
  endfacet
  facet normal 0 0 1
    outer loop
      vertex 29.1095 -47.7745 5
      vertex 28.2784 -47.9953 5
      vertex 28.3751 -48.2802 5
    endloop
  endfacet
  facet normal 0 0 1
    outer loop
      vertex 29.06 -47.3982 5
      vertex 28.2 -47.4 5
      vertex 29.0598 -47.4 5
    endloop
  endfacet
  facet normal 0 0 1
    outer loop
      vertex 29.0722 -47.588 5
      vertex 28.2197 -47.7002 5
      vertex 28.2784 -47.9953 5
    endloop
  endfacet
  facet normal 0 0 1
    outer loop
      vertex 29.06 -47.4018 5
      vertex 28.2 -47.4 5
      vertex 28.2197 -47.7002 5
    endloop
  endfacet
  facet normal 0.981227 0.192854 0
    outer loop
      vertex 109.78 -33.0998 5
      vertex 109.722 -32.8047 2.5
      vertex 109.722 -32.8047 5
    endloop
  endfacet
  facet normal 0.981227 0.192854 0
    outer loop
      vertex 109.722 -32.8047 2.5
      vertex 109.78 -33.0998 5
      vertex 109.78 -33.0998 2.5
    endloop
  endfacet
  facet normal 0.997788 0.0664749 0
    outer loop
      vertex 109.8 -33.4 5
      vertex 109.78 -33.0998 2.5
      vertex 109.78 -33.0998 5
    endloop
  endfacet
  facet normal 0.997788 0.0664749 0
    outer loop
      vertex 109.78 -33.0998 2.5
      vertex 109.8 -33.4 5
      vertex 109.8 -33.4 2.5
    endloop
  endfacet
  facet normal 0.946637 0.322302 0
    outer loop
      vertex 109.722 -32.8047 5
      vertex 109.625 -32.5198 2.5
      vertex 109.625 -32.5198 5
    endloop
  endfacet
  facet normal 0.946637 0.322302 0
    outer loop
      vertex 109.625 -32.5198 2.5
      vertex 109.722 -32.8047 5
      vertex 109.722 -32.8047 2.5
    endloop
  endfacet
  facet normal 0.44189 0.897069 -0
    outer loop
      vertex 108.65 -31.4081 2.5
      vertex 108.38 -31.2751 5
      vertex 108.65 -31.4081 5
    endloop
  endfacet
  facet normal 0.44189 0.897069 0
    outer loop
      vertex 108.38 -31.2751 5
      vertex 108.65 -31.4081 2.5
      vertex 108.38 -31.2751 2.5
    endloop
  endfacet
  facet normal 0.831743 0.55516 0
    outer loop
      vertex 109.492 -32.25 5
      vertex 109.325 -31.9998 2.5
      vertex 109.325 -31.9998 5
    endloop
  endfacet
  facet normal 0.831743 0.55516 0
    outer loop
      vertex 109.325 -31.9998 2.5
      vertex 109.492 -32.25 5
      vertex 109.492 -32.25 2.5
    endloop
  endfacet
  facet normal -0.997788 0.0664749 0
    outer loop
      vertex 105.2 -33.4 2.5
      vertex 105.22 -33.0998 5
      vertex 105.22 -33.0998 2.5
    endloop
  endfacet
  facet normal -0.997788 0.0664749 0
    outer loop
      vertex 105.22 -33.0998 5
      vertex 105.2 -33.4 2.5
      vertex 105.2 -33.4 5
    endloop
  endfacet
  facet normal -0.659728 0.751505 0
    outer loop
      vertex 106.1 -31.5753 2.5
      vertex 105.874 -31.7737 5
      vertex 106.1 -31.5753 5
    endloop
  endfacet
  facet normal -0.659728 0.751505 0
    outer loop
      vertex 105.874 -31.7737 5
      vertex 106.1 -31.5753 2.5
      vertex 105.874 -31.7737 2.5
    endloop
  endfacet
  facet normal 0.750661 0.660688 0
    outer loop
      vertex 109.325 -31.9998 5
      vertex 109.126 -31.7737 2.5
      vertex 109.126 -31.7737 5
    endloop
  endfacet
  facet normal 0.750661 0.660688 0
    outer loop
      vertex 109.126 -31.7737 2.5
      vertex 109.325 -31.9998 5
      vertex 109.325 -31.9998 2.5
    endloop
  endfacet
  facet normal 0.981227 -0.192854 0
    outer loop
      vertex 109.722 -33.9953 5
      vertex 109.78 -33.7002 2.5
      vertex 109.78 -33.7002 5
    endloop
  endfacet
  facet normal 0.981227 -0.192854 0
    outer loop
      vertex 109.78 -33.7002 2.5
      vertex 109.722 -33.9953 5
      vertex 109.722 -33.9953 2.5
    endloop
  endfacet
  facet normal 0.321307 -0.946975 0
    outer loop
      vertex 108.095 -35.6216 2.5
      vertex 108.38 -35.5249 5
      vertex 108.095 -35.6216 5
    endloop
  endfacet
  facet normal 0.321307 -0.946975 0
    outer loop
      vertex 108.38 -35.5249 5
      vertex 108.095 -35.6216 2.5
      vertex 108.38 -35.5249 2.5
    endloop
  endfacet
  facet normal 0.89694 0.442153 0
    outer loop
      vertex 109.625 -32.5198 5
      vertex 109.492 -32.25 2.5
      vertex 109.492 -32.25 5
    endloop
  endfacet
  facet normal 0.89694 0.442153 0
    outer loop
      vertex 109.492 -32.25 2.5
      vertex 109.625 -32.5198 5
      vertex 109.625 -32.5198 2.5
    endloop
  endfacet
  facet normal -0.0655255 -0.997851 0
    outer loop
      vertex 107.2 -35.6803 2.5
      vertex 107.5 -35.7 5
      vertex 107.2 -35.6803 5
    endloop
  endfacet
  facet normal -0.0655255 -0.997851 -0
    outer loop
      vertex 107.5 -35.7 5
      vertex 107.2 -35.6803 2.5
      vertex 107.5 -35.7 2.5
    endloop
  endfacet
  facet normal 0.750661 -0.660688 0
    outer loop
      vertex 109.126 -35.0263 5
      vertex 109.325 -34.8002 2.5
      vertex 109.325 -34.8002 5
    endloop
  endfacet
  facet normal 0.750661 -0.660688 0
    outer loop
      vertex 109.325 -34.8002 2.5
      vertex 109.126 -35.0263 5
      vertex 109.126 -35.0263 2.5
    endloop
  endfacet
  facet normal -0.981227 0.192854 0
    outer loop
      vertex 105.22 -33.0998 2.5
      vertex 105.278 -32.8047 5
      vertex 105.278 -32.8047 2.5
    endloop
  endfacet
  facet normal -0.981227 0.192854 0
    outer loop
      vertex 105.278 -32.8047 5
      vertex 105.22 -33.0998 2.5
      vertex 105.22 -33.0998 5
    endloop
  endfacet
  facet normal -0.44189 -0.897069 0
    outer loop
      vertex 106.35 -35.3919 2.5
      vertex 106.62 -35.5249 5
      vertex 106.35 -35.3919 5
    endloop
  endfacet
  facet normal -0.44189 -0.897069 -0
    outer loop
      vertex 106.62 -35.5249 5
      vertex 106.35 -35.3919 2.5
      vertex 106.62 -35.5249 2.5
    endloop
  endfacet
  facet normal -0.750661 -0.660688 0
    outer loop
      vertex 105.874 -35.0263 2.5
      vertex 105.675 -34.8002 5
      vertex 105.675 -34.8002 2.5
    endloop
  endfacet
  facet normal -0.750661 -0.660688 0
    outer loop
      vertex 105.675 -34.8002 5
      vertex 105.874 -35.0263 2.5
      vertex 105.874 -35.0263 5
    endloop
  endfacet
  facet normal -0.946637 0.322302 0
    outer loop
      vertex 105.278 -32.8047 2.5
      vertex 105.375 -32.5198 5
      vertex 105.375 -32.5198 2.5
    endloop
  endfacet
  facet normal -0.946637 0.322302 0
    outer loop
      vertex 105.375 -32.5198 5
      vertex 105.278 -32.8047 2.5
      vertex 105.278 -32.8047 5
    endloop
  endfacet
  facet normal -0.321307 0.946975 0
    outer loop
      vertex 106.905 -31.1784 2.5
      vertex 106.62 -31.2751 5
      vertex 106.905 -31.1784 5
    endloop
  endfacet
  facet normal -0.321307 0.946975 0
    outer loop
      vertex 106.62 -31.2751 5
      vertex 106.905 -31.1784 2.5
      vertex 106.62 -31.2751 2.5
    endloop
  endfacet
  facet normal -0.946637 -0.322302 0
    outer loop
      vertex 105.375 -34.2802 2.5
      vertex 105.278 -33.9953 5
      vertex 105.278 -33.9953 2.5
    endloop
  endfacet
  facet normal -0.946637 -0.322302 0
    outer loop
      vertex 105.278 -33.9953 5
      vertex 105.375 -34.2802 2.5
      vertex 105.375 -34.2802 5
    endloop
  endfacet
  facet normal -0.750661 0.660688 0
    outer loop
      vertex 105.675 -31.9998 2.5
      vertex 105.874 -31.7737 5
      vertex 105.874 -31.7737 2.5
    endloop
  endfacet
  facet normal -0.750661 0.660688 0
    outer loop
      vertex 105.874 -31.7737 5
      vertex 105.675 -31.9998 2.5
      vertex 105.675 -31.9998 5
    endloop
  endfacet
  facet normal 0.946637 -0.322302 0
    outer loop
      vertex 109.625 -34.2802 5
      vertex 109.722 -33.9953 2.5
      vertex 109.722 -33.9953 5
    endloop
  endfacet
  facet normal 0.946637 -0.322302 0
    outer loop
      vertex 109.722 -33.9953 2.5
      vertex 109.625 -34.2802 5
      vertex 109.625 -34.2802 2.5
    endloop
  endfacet
  facet normal 0.89694 -0.442153 0
    outer loop
      vertex 109.492 -34.55 5
      vertex 109.625 -34.2802 2.5
      vertex 109.625 -34.2802 5
    endloop
  endfacet
  facet normal 0.89694 -0.442153 0
    outer loop
      vertex 109.625 -34.2802 2.5
      vertex 109.492 -34.55 5
      vertex 109.492 -34.55 2.5
    endloop
  endfacet
  facet normal 0.997788 -0.0664749 0
    outer loop
      vertex 109.78 -33.7002 5
      vertex 109.8 -33.4 2.5
      vertex 109.8 -33.4 5
    endloop
  endfacet
  facet normal 0.997788 -0.0664749 0
    outer loop
      vertex 109.8 -33.4 2.5
      vertex 109.78 -33.7002 5
      vertex 109.78 -33.7002 2.5
    endloop
  endfacet
  facet normal 0.555927 0.831231 -0
    outer loop
      vertex 108.9 -31.5753 2.5
      vertex 108.65 -31.4081 5
      vertex 108.9 -31.5753 5
    endloop
  endfacet
  facet normal 0.555927 0.831231 0
    outer loop
      vertex 108.65 -31.4081 5
      vertex 108.9 -31.5753 2.5
      vertex 108.65 -31.4081 2.5
    endloop
  endfacet
  facet normal 0.659728 -0.751505 0
    outer loop
      vertex 108.9 -35.2247 2.5
      vertex 109.126 -35.0263 5
      vertex 108.9 -35.2247 5
    endloop
  endfacet
  facet normal 0.659728 -0.751505 0
    outer loop
      vertex 109.126 -35.0263 5
      vertex 108.9 -35.2247 2.5
      vertex 109.126 -35.0263 2.5
    endloop
  endfacet
  facet normal 0.659728 0.751505 -0
    outer loop
      vertex 109.126 -31.7737 2.5
      vertex 108.9 -31.5753 5
      vertex 109.126 -31.7737 5
    endloop
  endfacet
  facet normal 0.659728 0.751505 0
    outer loop
      vertex 108.9 -31.5753 5
      vertex 109.126 -31.7737 2.5
      vertex 108.9 -31.5753 2.5
    endloop
  endfacet
  facet normal 0.195157 -0.980772 0
    outer loop
      vertex 107.8 -35.6803 2.5
      vertex 108.095 -35.6216 5
      vertex 107.8 -35.6803 5
    endloop
  endfacet
  facet normal 0.195157 -0.980772 0
    outer loop
      vertex 108.095 -35.6216 5
      vertex 107.8 -35.6803 2.5
      vertex 108.095 -35.6216 2.5
    endloop
  endfacet
  facet normal 0.831743 -0.55516 0
    outer loop
      vertex 109.325 -34.8002 5
      vertex 109.492 -34.55 2.5
      vertex 109.492 -34.55 5
    endloop
  endfacet
  facet normal 0.831743 -0.55516 0
    outer loop
      vertex 109.492 -34.55 2.5
      vertex 109.325 -34.8002 5
      vertex 109.325 -34.8002 2.5
    endloop
  endfacet
  facet normal -0.0655255 0.997851 0
    outer loop
      vertex 107.5 -31.1 2.5
      vertex 107.2 -31.1197 5
      vertex 107.5 -31.1 5
    endloop
  endfacet
  facet normal -0.0655255 0.997851 0
    outer loop
      vertex 107.2 -31.1197 5
      vertex 107.5 -31.1 2.5
      vertex 107.2 -31.1197 2.5
    endloop
  endfacet
  facet normal 0.0655255 -0.997851 0
    outer loop
      vertex 107.5 -35.7 2.5
      vertex 107.8 -35.6803 5
      vertex 107.5 -35.7 5
    endloop
  endfacet
  facet normal 0.0655255 -0.997851 0
    outer loop
      vertex 107.8 -35.6803 5
      vertex 107.5 -35.7 2.5
      vertex 107.8 -35.6803 2.5
    endloop
  endfacet
  facet normal 0.321307 0.946975 -0
    outer loop
      vertex 108.38 -31.2751 2.5
      vertex 108.095 -31.1784 5
      vertex 108.38 -31.2751 5
    endloop
  endfacet
  facet normal 0.321307 0.946975 0
    outer loop
      vertex 108.095 -31.1784 5
      vertex 108.38 -31.2751 2.5
      vertex 108.095 -31.1784 2.5
    endloop
  endfacet
  facet normal -0.555927 0.831231 0
    outer loop
      vertex 106.35 -31.4081 2.5
      vertex 106.1 -31.5753 5
      vertex 106.35 -31.4081 5
    endloop
  endfacet
  facet normal -0.555927 0.831231 0
    outer loop
      vertex 106.1 -31.5753 5
      vertex 106.35 -31.4081 2.5
      vertex 106.1 -31.5753 2.5
    endloop
  endfacet
  facet normal -0.981227 -0.192854 0
    outer loop
      vertex 105.278 -33.9953 2.5
      vertex 105.22 -33.7002 5
      vertex 105.22 -33.7002 2.5
    endloop
  endfacet
  facet normal -0.981227 -0.192854 0
    outer loop
      vertex 105.22 -33.7002 5
      vertex 105.278 -33.9953 2.5
      vertex 105.278 -33.9953 5
    endloop
  endfacet
  facet normal 0.0655255 0.997851 -0
    outer loop
      vertex 107.8 -31.1197 2.5
      vertex 107.5 -31.1 5
      vertex 107.8 -31.1197 5
    endloop
  endfacet
  facet normal 0.0655255 0.997851 0
    outer loop
      vertex 107.5 -31.1 5
      vertex 107.8 -31.1197 2.5
      vertex 107.5 -31.1 2.5
    endloop
  endfacet
  facet normal -0.997788 -0.0664749 0
    outer loop
      vertex 105.22 -33.7002 2.5
      vertex 105.2 -33.4 5
      vertex 105.2 -33.4 2.5
    endloop
  endfacet
  facet normal -0.997788 -0.0664749 0
    outer loop
      vertex 105.2 -33.4 5
      vertex 105.22 -33.7002 2.5
      vertex 105.22 -33.7002 5
    endloop
  endfacet
  facet normal -0.195157 -0.980772 0
    outer loop
      vertex 106.905 -35.6216 2.5
      vertex 107.2 -35.6803 5
      vertex 106.905 -35.6216 5
    endloop
  endfacet
  facet normal -0.195157 -0.980772 -0
    outer loop
      vertex 107.2 -35.6803 5
      vertex 106.905 -35.6216 2.5
      vertex 107.2 -35.6803 2.5
    endloop
  endfacet
  facet normal -0.195157 0.980772 0
    outer loop
      vertex 107.2 -31.1197 2.5
      vertex 106.905 -31.1784 5
      vertex 107.2 -31.1197 5
    endloop
  endfacet
  facet normal -0.195157 0.980772 0
    outer loop
      vertex 106.905 -31.1784 5
      vertex 107.2 -31.1197 2.5
      vertex 106.905 -31.1784 2.5
    endloop
  endfacet
  facet normal 0.555927 -0.831231 0
    outer loop
      vertex 108.65 -35.3919 2.5
      vertex 108.9 -35.2247 5
      vertex 108.65 -35.3919 5
    endloop
  endfacet
  facet normal 0.555927 -0.831231 0
    outer loop
      vertex 108.9 -35.2247 5
      vertex 108.65 -35.3919 2.5
      vertex 108.9 -35.2247 2.5
    endloop
  endfacet
  facet normal -0.659728 -0.751505 0
    outer loop
      vertex 105.874 -35.0263 2.5
      vertex 106.1 -35.2247 5
      vertex 105.874 -35.0263 5
    endloop
  endfacet
  facet normal -0.659728 -0.751505 -0
    outer loop
      vertex 106.1 -35.2247 5
      vertex 105.874 -35.0263 2.5
      vertex 106.1 -35.2247 2.5
    endloop
  endfacet
  facet normal -0.44189 0.897069 0
    outer loop
      vertex 106.62 -31.2751 2.5
      vertex 106.35 -31.4081 5
      vertex 106.62 -31.2751 5
    endloop
  endfacet
  facet normal -0.44189 0.897069 0
    outer loop
      vertex 106.35 -31.4081 5
      vertex 106.62 -31.2751 2.5
      vertex 106.35 -31.4081 2.5
    endloop
  endfacet
  facet normal 0.44189 -0.897069 0
    outer loop
      vertex 108.38 -35.5249 2.5
      vertex 108.65 -35.3919 5
      vertex 108.38 -35.5249 5
    endloop
  endfacet
  facet normal 0.44189 -0.897069 0
    outer loop
      vertex 108.65 -35.3919 5
      vertex 108.38 -35.5249 2.5
      vertex 108.65 -35.3919 2.5
    endloop
  endfacet
  facet normal 0.195157 0.980772 -0
    outer loop
      vertex 108.095 -31.1784 2.5
      vertex 107.8 -31.1197 5
      vertex 108.095 -31.1784 5
    endloop
  endfacet
  facet normal 0.195157 0.980772 0
    outer loop
      vertex 107.8 -31.1197 5
      vertex 108.095 -31.1784 2.5
      vertex 107.8 -31.1197 2.5
    endloop
  endfacet
  facet normal -0.89694 -0.442153 0
    outer loop
      vertex 105.508 -34.55 2.5
      vertex 105.375 -34.2802 5
      vertex 105.375 -34.2802 2.5
    endloop
  endfacet
  facet normal -0.89694 -0.442153 0
    outer loop
      vertex 105.375 -34.2802 5
      vertex 105.508 -34.55 2.5
      vertex 105.508 -34.55 5
    endloop
  endfacet
  facet normal -0.831743 -0.55516 0
    outer loop
      vertex 105.675 -34.8002 2.5
      vertex 105.508 -34.55 5
      vertex 105.508 -34.55 2.5
    endloop
  endfacet
  facet normal -0.831743 -0.55516 0
    outer loop
      vertex 105.508 -34.55 5
      vertex 105.675 -34.8002 2.5
      vertex 105.675 -34.8002 5
    endloop
  endfacet
  facet normal -0.89694 0.442153 0
    outer loop
      vertex 105.375 -32.5198 2.5
      vertex 105.508 -32.25 5
      vertex 105.508 -32.25 2.5
    endloop
  endfacet
  facet normal -0.89694 0.442153 0
    outer loop
      vertex 105.508 -32.25 5
      vertex 105.375 -32.5198 2.5
      vertex 105.375 -32.5198 5
    endloop
  endfacet
  facet normal -0.831743 0.55516 0
    outer loop
      vertex 105.508 -32.25 2.5
      vertex 105.675 -31.9998 5
      vertex 105.675 -31.9998 2.5
    endloop
  endfacet
  facet normal -0.831743 0.55516 0
    outer loop
      vertex 105.675 -31.9998 5
      vertex 105.508 -32.25 2.5
      vertex 105.508 -32.25 5
    endloop
  endfacet
  facet normal -0.321307 -0.946975 0
    outer loop
      vertex 106.62 -35.5249 2.5
      vertex 106.905 -35.6216 5
      vertex 106.62 -35.5249 5
    endloop
  endfacet
  facet normal -0.321307 -0.946975 -0
    outer loop
      vertex 106.905 -35.6216 5
      vertex 106.62 -35.5249 2.5
      vertex 106.905 -35.6216 2.5
    endloop
  endfacet
  facet normal -0.555927 -0.831231 0
    outer loop
      vertex 106.1 -35.2247 2.5
      vertex 106.35 -35.3919 5
      vertex 106.1 -35.2247 5
    endloop
  endfacet
  facet normal -0.555927 -0.831231 -0
    outer loop
      vertex 106.35 -35.3919 5
      vertex 106.1 -35.2247 2.5
      vertex 106.35 -35.3919 2.5
    endloop
  endfacet
  facet normal -0 0 1
    outer loop
      vertex 108.94 -33.3982 5
      vertex 109.8 -33.4 5
      vertex 109.78 -33.0998 5
    endloop
  endfacet
  facet normal 0 0 1
    outer loop
      vertex 108.928 -33.212 5
      vertex 109.78 -33.0998 5
      vertex 109.722 -32.8047 5
    endloop
  endfacet
  facet normal 0 0 1
    outer loop
      vertex 109.8 -33.4 5
      vertex 108.94 -33.3982 5
      vertex 108.94 -33.4 5
    endloop
  endfacet
  facet normal 0 0 1
    outer loop
      vertex 108.891 -33.0255 5
      vertex 109.722 -32.8047 5
      vertex 109.625 -32.5198 5
    endloop
  endfacet
  facet normal 0 0 1
    outer loop
      vertex 108.94 -33.4018 5
      vertex 109.8 -33.4 5
      vertex 108.94 -33.4 5
    endloop
  endfacet
  facet normal 0 0 1
    outer loop
      vertex 108.831 -32.8489 5
      vertex 109.625 -32.5198 5
      vertex 109.492 -32.25 5
    endloop
  endfacet
  facet normal 0 0 1
    outer loop
      vertex 109.8 -33.4 5
      vertex 108.94 -33.4018 5
      vertex 109.78 -33.7002 5
    endloop
  endfacet
  facet normal 0 0 1
    outer loop
      vertex 108.747 -32.6799 5
      vertex 109.492 -32.25 5
      vertex 109.325 -31.9998 5
    endloop
  endfacet
  facet normal -0 0 1
    outer loop
      vertex 108.928 -33.588 5
      vertex 109.78 -33.7002 5
      vertex 108.94 -33.4018 5
    endloop
  endfacet
  facet normal 0 0 1
    outer loop
      vertex 108.643 -32.5233 5
      vertex 109.325 -31.9998 5
      vertex 109.126 -31.7737 5
    endloop
  endfacet
  facet normal 0 0 1
    outer loop
      vertex 109.78 -33.7002 5
      vertex 108.928 -33.588 5
      vertex 109.722 -33.9953 5
    endloop
  endfacet
  facet normal -0 0 1
    outer loop
      vertex 108.891 -33.7727 5
      vertex 109.722 -33.9953 5
      vertex 108.891 -33.771 5
    endloop
  endfacet
  facet normal -0 0 1
    outer loop
      vertex 108.891 -33.771 5
      vertex 109.722 -33.9953 5
      vertex 108.928 -33.588 5
    endloop
  endfacet
  facet normal 0 0 1
    outer loop
      vertex 109.78 -33.0998 5
      vertex 108.928 -33.212 5
      vertex 108.94 -33.3982 5
    endloop
  endfacet
  facet normal 0 0 1
    outer loop
      vertex 108.517 -32.3804 5
      vertex 109.126 -31.7737 5
      vertex 108.9 -31.5753 5
    endloop
  endfacet
  facet normal 0 0 1
    outer loop
      vertex 109.722 -32.8047 5
      vertex 108.891 -33.029 5
      vertex 108.928 -33.212 5
    endloop
  endfacet
  facet normal 0 0 1
    outer loop
      vertex 109.722 -32.8047 5
      vertex 108.891 -33.0273 5
      vertex 108.891 -33.029 5
    endloop
  endfacet
  facet normal 0 0 1
    outer loop
      vertex 109.722 -32.8047 5
      vertex 108.891 -33.0255 5
      vertex 108.891 -33.0273 5
    endloop
  endfacet
  facet normal 0 0 1
    outer loop
      vertex 109.625 -32.5198 5
      vertex 108.831 -32.8489 5
      vertex 108.891 -33.0255 5
    endloop
  endfacet
  facet normal 0 0 1
    outer loop
      vertex 109.492 -32.25 5
      vertex 108.748 -32.6816 5
      vertex 108.831 -32.8489 5
    endloop
  endfacet
  facet normal 0 0 1
    outer loop
      vertex 109.492 -32.25 5
      vertex 108.747 -32.6799 5
      vertex 108.748 -32.6816 5
    endloop
  endfacet
  facet normal 0 0 1
    outer loop
      vertex 108.375 -32.2564 5
      vertex 108.9 -31.5753 5
      vertex 108.65 -31.4081 5
    endloop
  endfacet
  facet normal 0 0 1
    outer loop
      vertex 109.325 -31.9998 5
      vertex 108.644 -32.5248 5
      vertex 108.747 -32.6799 5
    endloop
  endfacet
  facet normal 0 0 1
    outer loop
      vertex 109.325 -31.9998 5
      vertex 108.643 -32.5233 5
      vertex 108.644 -32.5248 5
    endloop
  endfacet
  facet normal 0 0 1
    outer loop
      vertex 109.126 -31.7737 5
      vertex 108.52 -32.383 5
      vertex 108.643 -32.5233 5
    endloop
  endfacet
  facet normal 0 0 1
    outer loop
      vertex 109.126 -31.7737 5
      vertex 108.518 -32.3816 5
      vertex 108.52 -32.383 5
    endloop
  endfacet
  facet normal 0 0 1
    outer loop
      vertex 109.126 -31.7737 5
      vertex 108.517 -32.3804 5
      vertex 108.518 -32.3816 5
    endloop
  endfacet
  facet normal 0 0 1
    outer loop
      vertex 108.218 -32.152 5
      vertex 108.65 -31.4081 5
      vertex 108.38 -31.2751 5
    endloop
  endfacet
  facet normal 0 0 1
    outer loop
      vertex 108.9 -31.5753 5
      vertex 108.377 -32.2574 5
      vertex 108.517 -32.3804 5
    endloop
  endfacet
  facet normal 0 0 1
    outer loop
      vertex 108.9 -31.5753 5
      vertex 108.375 -32.2564 5
      vertex 108.377 -32.2574 5
    endloop
  endfacet
  facet normal 0 0 1
    outer loop
      vertex 108.65 -31.4081 5
      vertex 108.22 -32.1528 5
      vertex 108.375 -32.2564 5
    endloop
  endfacet
  facet normal 0 0 1
    outer loop
      vertex 108.65 -31.4081 5
      vertex 108.218 -32.152 5
      vertex 108.22 -32.1528 5
    endloop
  endfacet
  facet normal 0 0 1
    outer loop
      vertex 108.051 -32.0695 5
      vertex 108.38 -31.2751 5
      vertex 108.095 -31.1784 5
    endloop
  endfacet
  facet normal 0 0 1
    outer loop
      vertex 108.38 -31.2751 5
      vertex 108.051 -32.0695 5
      vertex 108.218 -32.152 5
    endloop
  endfacet
  facet normal 0 0 1
    outer loop
      vertex 108.095 -31.1784 5
      vertex 107.874 -32.0095 5
      vertex 108.051 -32.0695 5
    endloop
  endfacet
  facet normal 0 0 1
    outer loop
      vertex 108.095 -31.1784 5
      vertex 107.873 -32.0089 5
      vertex 107.874 -32.0095 5
    endloop
  endfacet
  facet normal 0 0 1
    outer loop
      vertex 108.095 -31.1784 5
      vertex 107.871 -32.0086 5
      vertex 107.873 -32.0089 5
    endloop
  endfacet
  facet normal 0 0 1
    outer loop
      vertex 107.8 -31.1197 5
      vertex 107.871 -32.0086 5
      vertex 108.095 -31.1784 5
    endloop
  endfacet
  facet normal 0 0 1
    outer loop
      vertex 107.8 -31.1197 5
      vertex 107.688 -31.9722 5
      vertex 107.871 -32.0086 5
    endloop
  endfacet
  facet normal 0 0 1
    outer loop
      vertex 107.8 -31.1197 5
      vertex 107.502 -31.96 5
      vertex 107.688 -31.9722 5
    endloop
  endfacet
  facet normal 0 0 1
    outer loop
      vertex 107.5 -31.1 5
      vertex 107.502 -31.96 5
      vertex 107.8 -31.1197 5
    endloop
  endfacet
  facet normal 0 0 1
    outer loop
      vertex 107.5 -31.1 5
      vertex 107.5 -31.9598 5
      vertex 107.502 -31.96 5
    endloop
  endfacet
  facet normal 0 0 1
    outer loop
      vertex 107.5 -31.1 5
      vertex 107.498 -31.96 5
      vertex 107.5 -31.9598 5
    endloop
  endfacet
  facet normal 0 0 1
    outer loop
      vertex 107.5 -31.1 5
      vertex 107.312 -31.9722 5
      vertex 107.498 -31.96 5
    endloop
  endfacet
  facet normal -0 0 1
    outer loop
      vertex 107.2 -31.1197 5
      vertex 107.312 -31.9722 5
      vertex 107.5 -31.1 5
    endloop
  endfacet
  facet normal 0 0 1
    outer loop
      vertex 107.2 -31.1197 5
      vertex 107.129 -32.0086 5
      vertex 107.312 -31.9722 5
    endloop
  endfacet
  facet normal -0 0 1
    outer loop
      vertex 106.905 -31.1784 5
      vertex 107.129 -32.0086 5
      vertex 107.2 -31.1197 5
    endloop
  endfacet
  facet normal 0 0 1
    outer loop
      vertex 107.129 -32.0086 5
      vertex 106.905 -31.1784 5
      vertex 107.127 -32.0089 5
    endloop
  endfacet
  facet normal 0 0 1
    outer loop
      vertex 107.127 -32.0089 5
      vertex 106.905 -31.1784 5
      vertex 107.126 -32.0095 5
    endloop
  endfacet
  facet normal 0 0 1
    outer loop
      vertex 107.126 -32.0095 5
      vertex 106.905 -31.1784 5
      vertex 106.949 -32.0695 5
    endloop
  endfacet
  facet normal -0 0 1
    outer loop
      vertex 106.62 -31.2751 5
      vertex 106.949 -32.0695 5
      vertex 106.905 -31.1784 5
    endloop
  endfacet
  facet normal 0 0 1
    outer loop
      vertex 106.949 -32.0695 5
      vertex 106.62 -31.2751 5
      vertex 106.782 -32.152 5
    endloop
  endfacet
  facet normal -0 0 1
    outer loop
      vertex 106.35 -31.4081 5
      vertex 106.782 -32.152 5
      vertex 106.62 -31.2751 5
    endloop
  endfacet
  facet normal 0 0 1
    outer loop
      vertex 106.782 -32.152 5
      vertex 106.35 -31.4081 5
      vertex 106.78 -32.1528 5
    endloop
  endfacet
  facet normal 0 0 1
    outer loop
      vertex 106.78 -32.1528 5
      vertex 106.35 -31.4081 5
      vertex 106.625 -32.2564 5
    endloop
  endfacet
  facet normal -0 0 1
    outer loop
      vertex 106.1 -31.5753 5
      vertex 106.625 -32.2564 5
      vertex 106.35 -31.4081 5
    endloop
  endfacet
  facet normal 0 0 1
    outer loop
      vertex 106.625 -32.2564 5
      vertex 106.1 -31.5753 5
      vertex 106.623 -32.2574 5
    endloop
  endfacet
  facet normal 0 0 1
    outer loop
      vertex 106.623 -32.2574 5
      vertex 106.1 -31.5753 5
      vertex 106.483 -32.3804 5
    endloop
  endfacet
  facet normal -0 0 1
    outer loop
      vertex 105.874 -31.7737 5
      vertex 106.483 -32.3804 5
      vertex 106.1 -31.5753 5
    endloop
  endfacet
  facet normal 0 0 1
    outer loop
      vertex 106.483 -32.3804 5
      vertex 105.874 -31.7737 5
      vertex 106.482 -32.3816 5
    endloop
  endfacet
  facet normal 0 0 1
    outer loop
      vertex 106.482 -32.3816 5
      vertex 105.874 -31.7737 5
      vertex 106.48 -32.383 5
    endloop
  endfacet
  facet normal 0 0 1
    outer loop
      vertex 106.48 -32.383 5
      vertex 105.874 -31.7737 5
      vertex 106.357 -32.5233 5
    endloop
  endfacet
  facet normal -0 0 1
    outer loop
      vertex 105.675 -31.9998 5
      vertex 106.357 -32.5233 5
      vertex 105.874 -31.7737 5
    endloop
  endfacet
  facet normal 0 0 1
    outer loop
      vertex 106.357 -32.5233 5
      vertex 105.675 -31.9998 5
      vertex 106.356 -32.5248 5
    endloop
  endfacet
  facet normal 0 0 1
    outer loop
      vertex 106.356 -32.5248 5
      vertex 105.675 -31.9998 5
      vertex 106.253 -32.6799 5
    endloop
  endfacet
  facet normal -0 0 1
    outer loop
      vertex 105.508 -32.25 5
      vertex 106.253 -32.6799 5
      vertex 105.675 -31.9998 5
    endloop
  endfacet
  facet normal 0 0 1
    outer loop
      vertex 106.253 -32.6799 5
      vertex 105.508 -32.25 5
      vertex 106.252 -32.6816 5
    endloop
  endfacet
  facet normal 0 0 1
    outer loop
      vertex 106.252 -32.6816 5
      vertex 105.508 -32.25 5
      vertex 106.169 -32.8489 5
    endloop
  endfacet
  facet normal -0 0 1
    outer loop
      vertex 105.375 -32.5198 5
      vertex 106.169 -32.8489 5
      vertex 105.508 -32.25 5
    endloop
  endfacet
  facet normal 0 0 1
    outer loop
      vertex 106.169 -32.8489 5
      vertex 105.375 -32.5198 5
      vertex 106.109 -33.0255 5
    endloop
  endfacet
  facet normal -0 0 1
    outer loop
      vertex 105.278 -32.8047 5
      vertex 106.109 -33.0255 5
      vertex 105.375 -32.5198 5
    endloop
  endfacet
  facet normal 0 0 1
    outer loop
      vertex 106.109 -33.0255 5
      vertex 105.278 -32.8047 5
      vertex 106.109 -33.0273 5
    endloop
  endfacet
  facet normal -0 0 1
    outer loop
      vertex 108.891 -33.7745 5
      vertex 109.722 -33.9953 5
      vertex 108.891 -33.7727 5
    endloop
  endfacet
  facet normal 0 0 1
    outer loop
      vertex 109.722 -33.9953 5
      vertex 108.891 -33.7745 5
      vertex 109.625 -34.2802 5
    endloop
  endfacet
  facet normal -0 0 1
    outer loop
      vertex 108.831 -33.9511 5
      vertex 109.625 -34.2802 5
      vertex 108.891 -33.7745 5
    endloop
  endfacet
  facet normal 0 0 1
    outer loop
      vertex 109.625 -34.2802 5
      vertex 108.831 -33.9511 5
      vertex 109.492 -34.55 5
    endloop
  endfacet
  facet normal -0 0 1
    outer loop
      vertex 108.748 -34.1184 5
      vertex 109.492 -34.55 5
      vertex 108.831 -33.9511 5
    endloop
  endfacet
  facet normal -0 0 1
    outer loop
      vertex 108.747 -34.1201 5
      vertex 109.492 -34.55 5
      vertex 108.748 -34.1184 5
    endloop
  endfacet
  facet normal 0 0 1
    outer loop
      vertex 109.492 -34.55 5
      vertex 108.747 -34.1201 5
      vertex 109.325 -34.8002 5
    endloop
  endfacet
  facet normal -0 0 1
    outer loop
      vertex 108.644 -34.2752 5
      vertex 109.325 -34.8002 5
      vertex 108.747 -34.1201 5
    endloop
  endfacet
  facet normal -0 0 1
    outer loop
      vertex 108.643 -34.2767 5
      vertex 109.325 -34.8002 5
      vertex 108.644 -34.2752 5
    endloop
  endfacet
  facet normal 0 0 1
    outer loop
      vertex 109.325 -34.8002 5
      vertex 108.643 -34.2767 5
      vertex 109.126 -35.0263 5
    endloop
  endfacet
  facet normal -0 0 1
    outer loop
      vertex 108.52 -34.417 5
      vertex 109.126 -35.0263 5
      vertex 108.643 -34.2767 5
    endloop
  endfacet
  facet normal -0 0 1
    outer loop
      vertex 108.518 -34.4184 5
      vertex 109.126 -35.0263 5
      vertex 108.52 -34.417 5
    endloop
  endfacet
  facet normal -0 0 1
    outer loop
      vertex 108.517 -34.4196 5
      vertex 109.126 -35.0263 5
      vertex 108.518 -34.4184 5
    endloop
  endfacet
  facet normal 0 0 1
    outer loop
      vertex 109.126 -35.0263 5
      vertex 108.517 -34.4196 5
      vertex 108.9 -35.2247 5
    endloop
  endfacet
  facet normal -0 0 1
    outer loop
      vertex 108.377 -34.5426 5
      vertex 108.9 -35.2247 5
      vertex 108.517 -34.4196 5
    endloop
  endfacet
  facet normal -0 0 1
    outer loop
      vertex 108.375 -34.5436 5
      vertex 108.9 -35.2247 5
      vertex 108.377 -34.5426 5
    endloop
  endfacet
  facet normal 0 0 1
    outer loop
      vertex 108.9 -35.2247 5
      vertex 108.375 -34.5436 5
      vertex 108.65 -35.3919 5
    endloop
  endfacet
  facet normal -0 0 1
    outer loop
      vertex 108.22 -34.6472 5
      vertex 108.65 -35.3919 5
      vertex 108.375 -34.5436 5
    endloop
  endfacet
  facet normal -0 0 1
    outer loop
      vertex 108.218 -34.648 5
      vertex 108.65 -35.3919 5
      vertex 108.22 -34.6472 5
    endloop
  endfacet
  facet normal 0 0 1
    outer loop
      vertex 108.65 -35.3919 5
      vertex 108.218 -34.648 5
      vertex 108.38 -35.5249 5
    endloop
  endfacet
  facet normal -0 0 1
    outer loop
      vertex 108.051 -34.7305 5
      vertex 108.38 -35.5249 5
      vertex 108.218 -34.648 5
    endloop
  endfacet
  facet normal 0 0 1
    outer loop
      vertex 108.38 -35.5249 5
      vertex 108.051 -34.7305 5
      vertex 108.095 -35.6216 5
    endloop
  endfacet
  facet normal -0 0 1
    outer loop
      vertex 107.874 -34.7905 5
      vertex 108.095 -35.6216 5
      vertex 108.051 -34.7305 5
    endloop
  endfacet
  facet normal -0 0 1
    outer loop
      vertex 107.873 -34.7911 5
      vertex 108.095 -35.6216 5
      vertex 107.874 -34.7905 5
    endloop
  endfacet
  facet normal -0 0 1
    outer loop
      vertex 107.871 -34.7914 5
      vertex 108.095 -35.6216 5
      vertex 107.873 -34.7911 5
    endloop
  endfacet
  facet normal 0 0 1
    outer loop
      vertex 107.871 -34.7914 5
      vertex 107.8 -35.6803 5
      vertex 108.095 -35.6216 5
    endloop
  endfacet
  facet normal -0 0 1
    outer loop
      vertex 107.688 -34.8278 5
      vertex 107.8 -35.6803 5
      vertex 107.871 -34.7914 5
    endloop
  endfacet
  facet normal -0 0 1
    outer loop
      vertex 107.502 -34.84 5
      vertex 107.8 -35.6803 5
      vertex 107.688 -34.8278 5
    endloop
  endfacet
  facet normal 0 0 1
    outer loop
      vertex 107.5 -35.7 5
      vertex 107.502 -34.84 5
      vertex 107.5 -34.8402 5
    endloop
  endfacet
  facet normal 0 0 1
    outer loop
      vertex 107.502 -34.84 5
      vertex 107.5 -35.7 5
      vertex 107.8 -35.6803 5
    endloop
  endfacet
  facet normal 0 0 1
    outer loop
      vertex 107.498 -34.84 5
      vertex 107.5 -35.7 5
      vertex 107.5 -34.8402 5
    endloop
  endfacet
  facet normal 0 0 1
    outer loop
      vertex 107.312 -34.8278 5
      vertex 107.5 -35.7 5
      vertex 107.498 -34.84 5
    endloop
  endfacet
  facet normal 0 0 1
    outer loop
      vertex 107.312 -34.8278 5
      vertex 107.2 -35.6803 5
      vertex 107.5 -35.7 5
    endloop
  endfacet
  facet normal 0 0 1
    outer loop
      vertex 107.129 -34.7914 5
      vertex 107.2 -35.6803 5
      vertex 107.312 -34.8278 5
    endloop
  endfacet
  facet normal 0 0 1
    outer loop
      vertex 106.905 -35.6216 5
      vertex 107.129 -34.7914 5
      vertex 107.127 -34.7911 5
    endloop
  endfacet
  facet normal 0 0 1
    outer loop
      vertex 106.905 -35.6216 5
      vertex 107.127 -34.7911 5
      vertex 107.126 -34.7905 5
    endloop
  endfacet
  facet normal 0 0 1
    outer loop
      vertex 106.905 -35.6216 5
      vertex 107.126 -34.7905 5
      vertex 106.949 -34.7305 5
    endloop
  endfacet
  facet normal 0 0 1
    outer loop
      vertex 107.129 -34.7914 5
      vertex 106.905 -35.6216 5
      vertex 107.2 -35.6803 5
    endloop
  endfacet
  facet normal 0 0 1
    outer loop
      vertex 106.62 -35.5249 5
      vertex 106.949 -34.7305 5
      vertex 106.782 -34.648 5
    endloop
  endfacet
  facet normal 0 0 1
    outer loop
      vertex 106.35 -35.3919 5
      vertex 106.782 -34.648 5
      vertex 106.78 -34.6472 5
    endloop
  endfacet
  facet normal 0 0 1
    outer loop
      vertex 106.35 -35.3919 5
      vertex 106.78 -34.6472 5
      vertex 106.625 -34.5436 5
    endloop
  endfacet
  facet normal 0 0 1
    outer loop
      vertex 106.1 -35.2247 5
      vertex 106.625 -34.5436 5
      vertex 106.623 -34.5426 5
    endloop
  endfacet
  facet normal 0 0 1
    outer loop
      vertex 106.949 -34.7305 5
      vertex 106.62 -35.5249 5
      vertex 106.905 -35.6216 5
    endloop
  endfacet
  facet normal 0 0 1
    outer loop
      vertex 106.1 -35.2247 5
      vertex 106.623 -34.5426 5
      vertex 106.483 -34.4196 5
    endloop
  endfacet
  facet normal 0 0 1
    outer loop
      vertex 105.874 -35.0263 5
      vertex 106.483 -34.4196 5
      vertex 106.482 -34.4184 5
    endloop
  endfacet
  facet normal 0 0 1
    outer loop
      vertex 105.874 -35.0263 5
      vertex 106.482 -34.4184 5
      vertex 106.48 -34.417 5
    endloop
  endfacet
  facet normal 0 0 1
    outer loop
      vertex 105.874 -35.0263 5
      vertex 106.48 -34.417 5
      vertex 106.357 -34.2767 5
    endloop
  endfacet
  facet normal 0 0 1
    outer loop
      vertex 105.675 -34.8002 5
      vertex 106.357 -34.2767 5
      vertex 106.356 -34.2752 5
    endloop
  endfacet
  facet normal 0 0 1
    outer loop
      vertex 106.782 -34.648 5
      vertex 106.35 -35.3919 5
      vertex 106.62 -35.5249 5
    endloop
  endfacet
  facet normal 0 0 1
    outer loop
      vertex 105.675 -34.8002 5
      vertex 106.356 -34.2752 5
      vertex 106.253 -34.1201 5
    endloop
  endfacet
  facet normal 0 0 1
    outer loop
      vertex 105.508 -34.55 5
      vertex 106.253 -34.1201 5
      vertex 106.252 -34.1184 5
    endloop
  endfacet
  facet normal 0 0 1
    outer loop
      vertex 105.508 -34.55 5
      vertex 106.252 -34.1184 5
      vertex 106.169 -33.9511 5
    endloop
  endfacet
  facet normal 0 0 1
    outer loop
      vertex 105.375 -34.2802 5
      vertex 106.169 -33.9511 5
      vertex 106.109 -33.7745 5
    endloop
  endfacet
  facet normal 0 0 1
    outer loop
      vertex 105.278 -33.9953 5
      vertex 106.109 -33.7745 5
      vertex 106.109 -33.7727 5
    endloop
  endfacet
  facet normal 0 0 1
    outer loop
      vertex 105.278 -33.9953 5
      vertex 106.109 -33.7727 5
      vertex 106.109 -33.771 5
    endloop
  endfacet
  facet normal 0 0 1
    outer loop
      vertex 106.625 -34.5436 5
      vertex 106.1 -35.2247 5
      vertex 106.35 -35.3919 5
    endloop
  endfacet
  facet normal 0 0 1
    outer loop
      vertex 105.278 -33.9953 5
      vertex 106.109 -33.771 5
      vertex 106.072 -33.588 5
    endloop
  endfacet
  facet normal 0 0 1
    outer loop
      vertex 105.22 -33.7002 5
      vertex 106.072 -33.588 5
      vertex 106.06 -33.4018 5
    endloop
  endfacet
  facet normal -0 0 1
    outer loop
      vertex 105.2 -33.4 5
      vertex 106.06 -33.4018 5
      vertex 106.06 -33.4 5
    endloop
  endfacet
  facet normal 0 0 1
    outer loop
      vertex 106.109 -33.0273 5
      vertex 105.278 -32.8047 5
      vertex 106.109 -33.029 5
    endloop
  endfacet
  facet normal 0 0 1
    outer loop
      vertex 106.483 -34.4196 5
      vertex 105.874 -35.0263 5
      vertex 106.1 -35.2247 5
    endloop
  endfacet
  facet normal 0 0 1
    outer loop
      vertex 106.109 -33.029 5
      vertex 105.278 -32.8047 5
      vertex 106.072 -33.212 5
    endloop
  endfacet
  facet normal 0 0 1
    outer loop
      vertex 106.357 -34.2767 5
      vertex 105.675 -34.8002 5
      vertex 105.874 -35.0263 5
    endloop
  endfacet
  facet normal -0 0 1
    outer loop
      vertex 105.22 -33.0998 5
      vertex 106.072 -33.212 5
      vertex 105.278 -32.8047 5
    endloop
  endfacet
  facet normal 0 0 1
    outer loop
      vertex 106.253 -34.1201 5
      vertex 105.508 -34.55 5
      vertex 105.675 -34.8002 5
    endloop
  endfacet
  facet normal 0 0 1
    outer loop
      vertex 106.072 -33.212 5
      vertex 105.22 -33.0998 5
      vertex 106.06 -33.3982 5
    endloop
  endfacet
  facet normal 0 0 1
    outer loop
      vertex 106.169 -33.9511 5
      vertex 105.375 -34.2802 5
      vertex 105.508 -34.55 5
    endloop
  endfacet
  facet normal 0 0 1
    outer loop
      vertex 105.2 -33.4 5
      vertex 106.06 -33.3982 5
      vertex 105.22 -33.0998 5
    endloop
  endfacet
  facet normal 0 0 1
    outer loop
      vertex 106.109 -33.7745 5
      vertex 105.278 -33.9953 5
      vertex 105.375 -34.2802 5
    endloop
  endfacet
  facet normal 0 0 1
    outer loop
      vertex 106.06 -33.3982 5
      vertex 105.2 -33.4 5
      vertex 106.06 -33.4 5
    endloop
  endfacet
  facet normal 0 0 1
    outer loop
      vertex 106.072 -33.588 5
      vertex 105.22 -33.7002 5
      vertex 105.278 -33.9953 5
    endloop
  endfacet
  facet normal 0 0 1
    outer loop
      vertex 106.06 -33.4018 5
      vertex 105.2 -33.4 5
      vertex 105.22 -33.7002 5
    endloop
  endfacet
  facet normal 0.981227 0.192854 0
    outer loop
      vertex 109.78 -47.0998 5
      vertex 109.722 -46.8047 2.5
      vertex 109.722 -46.8047 5
    endloop
  endfacet
  facet normal 0.981227 0.192854 0
    outer loop
      vertex 109.722 -46.8047 2.5
      vertex 109.78 -47.0998 5
      vertex 109.78 -47.0998 2.5
    endloop
  endfacet
  facet normal 0.997788 0.0664749 0
    outer loop
      vertex 109.8 -47.4 5
      vertex 109.78 -47.0998 2.5
      vertex 109.78 -47.0998 5
    endloop
  endfacet
  facet normal 0.997788 0.0664749 0
    outer loop
      vertex 109.78 -47.0998 2.5
      vertex 109.8 -47.4 5
      vertex 109.8 -47.4 2.5
    endloop
  endfacet
  facet normal 0.946637 0.322302 0
    outer loop
      vertex 109.722 -46.8047 5
      vertex 109.625 -46.5198 2.5
      vertex 109.625 -46.5198 5
    endloop
  endfacet
  facet normal 0.946637 0.322302 0
    outer loop
      vertex 109.625 -46.5198 2.5
      vertex 109.722 -46.8047 5
      vertex 109.722 -46.8047 2.5
    endloop
  endfacet
  facet normal 0.44189 0.897069 -0
    outer loop
      vertex 108.65 -45.4081 2.5
      vertex 108.38 -45.2751 5
      vertex 108.65 -45.4081 5
    endloop
  endfacet
  facet normal 0.44189 0.897069 0
    outer loop
      vertex 108.38 -45.2751 5
      vertex 108.65 -45.4081 2.5
      vertex 108.38 -45.2751 2.5
    endloop
  endfacet
  facet normal 0.831743 0.55516 0
    outer loop
      vertex 109.492 -46.25 5
      vertex 109.325 -45.9998 2.5
      vertex 109.325 -45.9998 5
    endloop
  endfacet
  facet normal 0.831743 0.55516 0
    outer loop
      vertex 109.325 -45.9998 2.5
      vertex 109.492 -46.25 5
      vertex 109.492 -46.25 2.5
    endloop
  endfacet
  facet normal -0.997788 0.0664749 0
    outer loop
      vertex 105.2 -47.4 2.5
      vertex 105.22 -47.0998 5
      vertex 105.22 -47.0998 2.5
    endloop
  endfacet
  facet normal -0.997788 0.0664749 0
    outer loop
      vertex 105.22 -47.0998 5
      vertex 105.2 -47.4 2.5
      vertex 105.2 -47.4 5
    endloop
  endfacet
  facet normal -0.659728 0.751505 0
    outer loop
      vertex 106.1 -45.5753 2.5
      vertex 105.874 -45.7737 5
      vertex 106.1 -45.5753 5
    endloop
  endfacet
  facet normal -0.659728 0.751505 0
    outer loop
      vertex 105.874 -45.7737 5
      vertex 106.1 -45.5753 2.5
      vertex 105.874 -45.7737 2.5
    endloop
  endfacet
  facet normal 0.750661 0.660688 0
    outer loop
      vertex 109.325 -45.9998 5
      vertex 109.126 -45.7737 2.5
      vertex 109.126 -45.7737 5
    endloop
  endfacet
  facet normal 0.750661 0.660688 0
    outer loop
      vertex 109.126 -45.7737 2.5
      vertex 109.325 -45.9998 5
      vertex 109.325 -45.9998 2.5
    endloop
  endfacet
  facet normal 0.981227 -0.192854 0
    outer loop
      vertex 109.722 -47.9953 5
      vertex 109.78 -47.7002 2.5
      vertex 109.78 -47.7002 5
    endloop
  endfacet
  facet normal 0.981227 -0.192854 0
    outer loop
      vertex 109.78 -47.7002 2.5
      vertex 109.722 -47.9953 5
      vertex 109.722 -47.9953 2.5
    endloop
  endfacet
  facet normal 0.321307 -0.946975 0
    outer loop
      vertex 108.095 -49.6216 2.5
      vertex 108.38 -49.5249 5
      vertex 108.095 -49.6216 5
    endloop
  endfacet
  facet normal 0.321307 -0.946975 0
    outer loop
      vertex 108.38 -49.5249 5
      vertex 108.095 -49.6216 2.5
      vertex 108.38 -49.5249 2.5
    endloop
  endfacet
  facet normal 0.89694 0.442153 0
    outer loop
      vertex 109.625 -46.5198 5
      vertex 109.492 -46.25 2.5
      vertex 109.492 -46.25 5
    endloop
  endfacet
  facet normal 0.89694 0.442153 0
    outer loop
      vertex 109.492 -46.25 2.5
      vertex 109.625 -46.5198 5
      vertex 109.625 -46.5198 2.5
    endloop
  endfacet
  facet normal -0.0655255 -0.997851 0
    outer loop
      vertex 107.2 -49.6803 2.5
      vertex 107.5 -49.7 5
      vertex 107.2 -49.6803 5
    endloop
  endfacet
  facet normal -0.0655255 -0.997851 -0
    outer loop
      vertex 107.5 -49.7 5
      vertex 107.2 -49.6803 2.5
      vertex 107.5 -49.7 2.5
    endloop
  endfacet
  facet normal 0.750661 -0.660688 0
    outer loop
      vertex 109.126 -49.0263 5
      vertex 109.325 -48.8002 2.5
      vertex 109.325 -48.8002 5
    endloop
  endfacet
  facet normal 0.750661 -0.660688 0
    outer loop
      vertex 109.325 -48.8002 2.5
      vertex 109.126 -49.0263 5
      vertex 109.126 -49.0263 2.5
    endloop
  endfacet
  facet normal -0.981227 0.192854 0
    outer loop
      vertex 105.22 -47.0998 2.5
      vertex 105.278 -46.8047 5
      vertex 105.278 -46.8047 2.5
    endloop
  endfacet
  facet normal -0.981227 0.192854 0
    outer loop
      vertex 105.278 -46.8047 5
      vertex 105.22 -47.0998 2.5
      vertex 105.22 -47.0998 5
    endloop
  endfacet
  facet normal -0.44189 -0.897069 0
    outer loop
      vertex 106.35 -49.3919 2.5
      vertex 106.62 -49.5249 5
      vertex 106.35 -49.3919 5
    endloop
  endfacet
  facet normal -0.44189 -0.897069 -0
    outer loop
      vertex 106.62 -49.5249 5
      vertex 106.35 -49.3919 2.5
      vertex 106.62 -49.5249 2.5
    endloop
  endfacet
  facet normal -0.750661 -0.660688 0
    outer loop
      vertex 105.874 -49.0263 2.5
      vertex 105.675 -48.8002 5
      vertex 105.675 -48.8002 2.5
    endloop
  endfacet
  facet normal -0.750661 -0.660688 0
    outer loop
      vertex 105.675 -48.8002 5
      vertex 105.874 -49.0263 2.5
      vertex 105.874 -49.0263 5
    endloop
  endfacet
  facet normal -0.946637 0.322302 0
    outer loop
      vertex 105.278 -46.8047 2.5
      vertex 105.375 -46.5198 5
      vertex 105.375 -46.5198 2.5
    endloop
  endfacet
  facet normal -0.946637 0.322302 0
    outer loop
      vertex 105.375 -46.5198 5
      vertex 105.278 -46.8047 2.5
      vertex 105.278 -46.8047 5
    endloop
  endfacet
  facet normal -0.321307 0.946975 0
    outer loop
      vertex 106.905 -45.1784 2.5
      vertex 106.62 -45.2751 5
      vertex 106.905 -45.1784 5
    endloop
  endfacet
  facet normal -0.321307 0.946975 0
    outer loop
      vertex 106.62 -45.2751 5
      vertex 106.905 -45.1784 2.5
      vertex 106.62 -45.2751 2.5
    endloop
  endfacet
  facet normal -0.750661 0.660688 0
    outer loop
      vertex 105.675 -45.9998 2.5
      vertex 105.874 -45.7737 5
      vertex 105.874 -45.7737 2.5
    endloop
  endfacet
  facet normal -0.750661 0.660688 0
    outer loop
      vertex 105.874 -45.7737 5
      vertex 105.675 -45.9998 2.5
      vertex 105.675 -45.9998 5
    endloop
  endfacet
  facet normal 0.946637 -0.322302 0
    outer loop
      vertex 109.625 -48.2802 5
      vertex 109.722 -47.9953 2.5
      vertex 109.722 -47.9953 5
    endloop
  endfacet
  facet normal 0.946637 -0.322302 0
    outer loop
      vertex 109.722 -47.9953 2.5
      vertex 109.625 -48.2802 5
      vertex 109.625 -48.2802 2.5
    endloop
  endfacet
  facet normal 0.89694 -0.442153 0
    outer loop
      vertex 109.492 -48.55 5
      vertex 109.625 -48.2802 2.5
      vertex 109.625 -48.2802 5
    endloop
  endfacet
  facet normal 0.89694 -0.442153 0
    outer loop
      vertex 109.625 -48.2802 2.5
      vertex 109.492 -48.55 5
      vertex 109.492 -48.55 2.5
    endloop
  endfacet
  facet normal 0.997788 -0.0664749 0
    outer loop
      vertex 109.78 -47.7002 5
      vertex 109.8 -47.4 2.5
      vertex 109.8 -47.4 5
    endloop
  endfacet
  facet normal 0.997788 -0.0664749 0
    outer loop
      vertex 109.8 -47.4 2.5
      vertex 109.78 -47.7002 5
      vertex 109.78 -47.7002 2.5
    endloop
  endfacet
  facet normal 0.555927 0.831231 -0
    outer loop
      vertex 108.9 -45.5753 2.5
      vertex 108.65 -45.4081 5
      vertex 108.9 -45.5753 5
    endloop
  endfacet
  facet normal 0.555927 0.831231 0
    outer loop
      vertex 108.65 -45.4081 5
      vertex 108.9 -45.5753 2.5
      vertex 108.65 -45.4081 2.5
    endloop
  endfacet
  facet normal 0.659728 -0.751505 0
    outer loop
      vertex 108.9 -49.2247 2.5
      vertex 109.126 -49.0263 5
      vertex 108.9 -49.2247 5
    endloop
  endfacet
  facet normal 0.659728 -0.751505 0
    outer loop
      vertex 109.126 -49.0263 5
      vertex 108.9 -49.2247 2.5
      vertex 109.126 -49.0263 2.5
    endloop
  endfacet
  facet normal 0.659728 0.751505 -0
    outer loop
      vertex 109.126 -45.7737 2.5
      vertex 108.9 -45.5753 5
      vertex 109.126 -45.7737 5
    endloop
  endfacet
  facet normal 0.659728 0.751505 0
    outer loop
      vertex 108.9 -45.5753 5
      vertex 109.126 -45.7737 2.5
      vertex 108.9 -45.5753 2.5
    endloop
  endfacet
  facet normal 0.195157 -0.980772 0
    outer loop
      vertex 107.8 -49.6803 2.5
      vertex 108.095 -49.6216 5
      vertex 107.8 -49.6803 5
    endloop
  endfacet
  facet normal 0.195157 -0.980772 0
    outer loop
      vertex 108.095 -49.6216 5
      vertex 107.8 -49.6803 2.5
      vertex 108.095 -49.6216 2.5
    endloop
  endfacet
  facet normal 0.831743 -0.55516 0
    outer loop
      vertex 109.325 -48.8002 5
      vertex 109.492 -48.55 2.5
      vertex 109.492 -48.55 5
    endloop
  endfacet
  facet normal 0.831743 -0.55516 0
    outer loop
      vertex 109.492 -48.55 2.5
      vertex 109.325 -48.8002 5
      vertex 109.325 -48.8002 2.5
    endloop
  endfacet
  facet normal -0.0655255 0.997851 0
    outer loop
      vertex 107.5 -45.1 2.5
      vertex 107.2 -45.1197 5
      vertex 107.5 -45.1 5
    endloop
  endfacet
  facet normal -0.0655255 0.997851 0
    outer loop
      vertex 107.2 -45.1197 5
      vertex 107.5 -45.1 2.5
      vertex 107.2 -45.1197 2.5
    endloop
  endfacet
  facet normal 0.0655255 -0.997851 0
    outer loop
      vertex 107.5 -49.7 2.5
      vertex 107.8 -49.6803 5
      vertex 107.5 -49.7 5
    endloop
  endfacet
  facet normal 0.0655255 -0.997851 0
    outer loop
      vertex 107.8 -49.6803 5
      vertex 107.5 -49.7 2.5
      vertex 107.8 -49.6803 2.5
    endloop
  endfacet
  facet normal 0.321307 0.946975 -0
    outer loop
      vertex 108.38 -45.2751 2.5
      vertex 108.095 -45.1784 5
      vertex 108.38 -45.2751 5
    endloop
  endfacet
  facet normal 0.321307 0.946975 0
    outer loop
      vertex 108.095 -45.1784 5
      vertex 108.38 -45.2751 2.5
      vertex 108.095 -45.1784 2.5
    endloop
  endfacet
  facet normal -0.981227 -0.192854 0
    outer loop
      vertex 105.278 -47.9953 2.5
      vertex 105.22 -47.7002 5
      vertex 105.22 -47.7002 2.5
    endloop
  endfacet
  facet normal -0.981227 -0.192854 0
    outer loop
      vertex 105.22 -47.7002 5
      vertex 105.278 -47.9953 2.5
      vertex 105.278 -47.9953 5
    endloop
  endfacet
  facet normal 0.0655255 0.997851 -0
    outer loop
      vertex 107.8 -45.1197 2.5
      vertex 107.5 -45.1 5
      vertex 107.8 -45.1197 5
    endloop
  endfacet
  facet normal 0.0655255 0.997851 0
    outer loop
      vertex 107.5 -45.1 5
      vertex 107.8 -45.1197 2.5
      vertex 107.5 -45.1 2.5
    endloop
  endfacet
  facet normal -0.997788 -0.0664749 0
    outer loop
      vertex 105.22 -47.7002 2.5
      vertex 105.2 -47.4 5
      vertex 105.2 -47.4 2.5
    endloop
  endfacet
  facet normal -0.997788 -0.0664749 0
    outer loop
      vertex 105.2 -47.4 5
      vertex 105.22 -47.7002 2.5
      vertex 105.22 -47.7002 5
    endloop
  endfacet
  facet normal -0.195157 -0.980772 0
    outer loop
      vertex 106.905 -49.6216 2.5
      vertex 107.2 -49.6803 5
      vertex 106.905 -49.6216 5
    endloop
  endfacet
  facet normal -0.195157 -0.980772 -0
    outer loop
      vertex 107.2 -49.6803 5
      vertex 106.905 -49.6216 2.5
      vertex 107.2 -49.6803 2.5
    endloop
  endfacet
  facet normal -0.195157 0.980772 0
    outer loop
      vertex 107.2 -45.1197 2.5
      vertex 106.905 -45.1784 5
      vertex 107.2 -45.1197 5
    endloop
  endfacet
  facet normal -0.195157 0.980772 0
    outer loop
      vertex 106.905 -45.1784 5
      vertex 107.2 -45.1197 2.5
      vertex 106.905 -45.1784 2.5
    endloop
  endfacet
  facet normal 0.555927 -0.831231 0
    outer loop
      vertex 108.65 -49.3919 2.5
      vertex 108.9 -49.2247 5
      vertex 108.65 -49.3919 5
    endloop
  endfacet
  facet normal 0.555927 -0.831231 0
    outer loop
      vertex 108.9 -49.2247 5
      vertex 108.65 -49.3919 2.5
      vertex 108.9 -49.2247 2.5
    endloop
  endfacet
  facet normal -0.946637 -0.322302 0
    outer loop
      vertex 105.375 -48.2802 2.5
      vertex 105.278 -47.9953 5
      vertex 105.278 -47.9953 2.5
    endloop
  endfacet
  facet normal -0.946637 -0.322302 0
    outer loop
      vertex 105.278 -47.9953 5
      vertex 105.375 -48.2802 2.5
      vertex 105.375 -48.2802 5
    endloop
  endfacet
  facet normal -0.659728 -0.751505 0
    outer loop
      vertex 105.874 -49.0263 2.5
      vertex 106.1 -49.2247 5
      vertex 105.874 -49.0263 5
    endloop
  endfacet
  facet normal -0.659728 -0.751505 -0
    outer loop
      vertex 106.1 -49.2247 5
      vertex 105.874 -49.0263 2.5
      vertex 106.1 -49.2247 2.5
    endloop
  endfacet
  facet normal -0.44189 0.897069 0
    outer loop
      vertex 106.62 -45.2751 2.5
      vertex 106.35 -45.4081 5
      vertex 106.62 -45.2751 5
    endloop
  endfacet
  facet normal -0.44189 0.897069 0
    outer loop
      vertex 106.35 -45.4081 5
      vertex 106.62 -45.2751 2.5
      vertex 106.35 -45.4081 2.5
    endloop
  endfacet
  facet normal -0.555927 0.831231 0
    outer loop
      vertex 106.35 -45.4081 2.5
      vertex 106.1 -45.5753 5
      vertex 106.35 -45.4081 5
    endloop
  endfacet
  facet normal -0.555927 0.831231 0
    outer loop
      vertex 106.1 -45.5753 5
      vertex 106.35 -45.4081 2.5
      vertex 106.1 -45.5753 2.5
    endloop
  endfacet
  facet normal 0.44189 -0.897069 0
    outer loop
      vertex 108.38 -49.5249 2.5
      vertex 108.65 -49.3919 5
      vertex 108.38 -49.5249 5
    endloop
  endfacet
  facet normal 0.44189 -0.897069 0
    outer loop
      vertex 108.65 -49.3919 5
      vertex 108.38 -49.5249 2.5
      vertex 108.65 -49.3919 2.5
    endloop
  endfacet
  facet normal 0.195157 0.980772 -0
    outer loop
      vertex 108.095 -45.1784 2.5
      vertex 107.8 -45.1197 5
      vertex 108.095 -45.1784 5
    endloop
  endfacet
  facet normal 0.195157 0.980772 0
    outer loop
      vertex 107.8 -45.1197 5
      vertex 108.095 -45.1784 2.5
      vertex 107.8 -45.1197 2.5
    endloop
  endfacet
  facet normal -0.89694 -0.442153 0
    outer loop
      vertex 105.508 -48.55 2.5
      vertex 105.375 -48.2802 5
      vertex 105.375 -48.2802 2.5
    endloop
  endfacet
  facet normal -0.89694 -0.442153 0
    outer loop
      vertex 105.375 -48.2802 5
      vertex 105.508 -48.55 2.5
      vertex 105.508 -48.55 5
    endloop
  endfacet
  facet normal -0.831743 -0.55516 0
    outer loop
      vertex 105.675 -48.8002 2.5
      vertex 105.508 -48.55 5
      vertex 105.508 -48.55 2.5
    endloop
  endfacet
  facet normal -0.831743 -0.55516 0
    outer loop
      vertex 105.508 -48.55 5
      vertex 105.675 -48.8002 2.5
      vertex 105.675 -48.8002 5
    endloop
  endfacet
  facet normal -0.89694 0.442153 0
    outer loop
      vertex 105.375 -46.5198 2.5
      vertex 105.508 -46.25 5
      vertex 105.508 -46.25 2.5
    endloop
  endfacet
  facet normal -0.89694 0.442153 0
    outer loop
      vertex 105.508 -46.25 5
      vertex 105.375 -46.5198 2.5
      vertex 105.375 -46.5198 5
    endloop
  endfacet
  facet normal -0.831743 0.55516 0
    outer loop
      vertex 105.508 -46.25 2.5
      vertex 105.675 -45.9998 5
      vertex 105.675 -45.9998 2.5
    endloop
  endfacet
  facet normal -0.831743 0.55516 0
    outer loop
      vertex 105.675 -45.9998 5
      vertex 105.508 -46.25 2.5
      vertex 105.508 -46.25 5
    endloop
  endfacet
  facet normal -0.321307 -0.946975 0
    outer loop
      vertex 106.62 -49.5249 2.5
      vertex 106.905 -49.6216 5
      vertex 106.62 -49.5249 5
    endloop
  endfacet
  facet normal -0.321307 -0.946975 -0
    outer loop
      vertex 106.905 -49.6216 5
      vertex 106.62 -49.5249 2.5
      vertex 106.905 -49.6216 2.5
    endloop
  endfacet
  facet normal -0.555927 -0.831231 0
    outer loop
      vertex 106.1 -49.2247 2.5
      vertex 106.35 -49.3919 5
      vertex 106.1 -49.2247 5
    endloop
  endfacet
  facet normal -0.555927 -0.831231 -0
    outer loop
      vertex 106.35 -49.3919 5
      vertex 106.1 -49.2247 2.5
      vertex 106.35 -49.3919 2.5
    endloop
  endfacet
  facet normal -0 0 1
    outer loop
      vertex 108.94 -47.3982 5
      vertex 109.8 -47.4 5
      vertex 109.78 -47.0998 5
    endloop
  endfacet
  facet normal 0 0 1
    outer loop
      vertex 108.928 -47.212 5
      vertex 109.78 -47.0998 5
      vertex 109.722 -46.8047 5
    endloop
  endfacet
  facet normal 0 0 1
    outer loop
      vertex 109.8 -47.4 5
      vertex 108.94 -47.3982 5
      vertex 108.94 -47.4 5
    endloop
  endfacet
  facet normal 0 0 1
    outer loop
      vertex 108.891 -47.0255 5
      vertex 109.722 -46.8047 5
      vertex 109.625 -46.5198 5
    endloop
  endfacet
  facet normal 0 0 1
    outer loop
      vertex 108.94 -47.4018 5
      vertex 109.8 -47.4 5
      vertex 108.94 -47.4 5
    endloop
  endfacet
  facet normal 0 0 1
    outer loop
      vertex 108.831 -46.8489 5
      vertex 109.625 -46.5198 5
      vertex 109.492 -46.25 5
    endloop
  endfacet
  facet normal 0 0 1
    outer loop
      vertex 109.8 -47.4 5
      vertex 108.94 -47.4018 5
      vertex 109.78 -47.7002 5
    endloop
  endfacet
  facet normal 0 0 1
    outer loop
      vertex 108.747 -46.6799 5
      vertex 109.492 -46.25 5
      vertex 109.325 -45.9998 5
    endloop
  endfacet
  facet normal -0 0 1
    outer loop
      vertex 108.928 -47.588 5
      vertex 109.78 -47.7002 5
      vertex 108.94 -47.4018 5
    endloop
  endfacet
  facet normal 0 0 1
    outer loop
      vertex 108.643 -46.5233 5
      vertex 109.325 -45.9998 5
      vertex 109.126 -45.7737 5
    endloop
  endfacet
  facet normal 0 0 1
    outer loop
      vertex 109.78 -47.7002 5
      vertex 108.928 -47.588 5
      vertex 109.722 -47.9953 5
    endloop
  endfacet
  facet normal -0 0 1
    outer loop
      vertex 108.891 -47.7727 5
      vertex 109.722 -47.9953 5
      vertex 108.891 -47.771 5
    endloop
  endfacet
  facet normal -0 0 1
    outer loop
      vertex 108.891 -47.771 5
      vertex 109.722 -47.9953 5
      vertex 108.928 -47.588 5
    endloop
  endfacet
  facet normal 0 0 1
    outer loop
      vertex 109.78 -47.0998 5
      vertex 108.928 -47.212 5
      vertex 108.94 -47.3982 5
    endloop
  endfacet
  facet normal 0 0 1
    outer loop
      vertex 108.517 -46.3804 5
      vertex 109.126 -45.7737 5
      vertex 108.9 -45.5753 5
    endloop
  endfacet
  facet normal 0 0 1
    outer loop
      vertex 109.722 -46.8047 5
      vertex 108.891 -47.029 5
      vertex 108.928 -47.212 5
    endloop
  endfacet
  facet normal 0 0 1
    outer loop
      vertex 109.722 -46.8047 5
      vertex 108.891 -47.0273 5
      vertex 108.891 -47.029 5
    endloop
  endfacet
  facet normal 0 0 1
    outer loop
      vertex 109.722 -46.8047 5
      vertex 108.891 -47.0255 5
      vertex 108.891 -47.0273 5
    endloop
  endfacet
  facet normal 0 0 1
    outer loop
      vertex 109.625 -46.5198 5
      vertex 108.831 -46.8489 5
      vertex 108.891 -47.0255 5
    endloop
  endfacet
  facet normal 0 0 1
    outer loop
      vertex 109.492 -46.25 5
      vertex 108.748 -46.6816 5
      vertex 108.831 -46.8489 5
    endloop
  endfacet
  facet normal 0 0 1
    outer loop
      vertex 109.492 -46.25 5
      vertex 108.747 -46.6799 5
      vertex 108.748 -46.6816 5
    endloop
  endfacet
  facet normal 0 0 1
    outer loop
      vertex 108.375 -46.2564 5
      vertex 108.9 -45.5753 5
      vertex 108.65 -45.4081 5
    endloop
  endfacet
  facet normal 0 0 1
    outer loop
      vertex 109.325 -45.9998 5
      vertex 108.644 -46.5248 5
      vertex 108.747 -46.6799 5
    endloop
  endfacet
  facet normal 0 0 1
    outer loop
      vertex 109.325 -45.9998 5
      vertex 108.643 -46.5233 5
      vertex 108.644 -46.5248 5
    endloop
  endfacet
  facet normal 0 0 1
    outer loop
      vertex 109.126 -45.7737 5
      vertex 108.52 -46.383 5
      vertex 108.643 -46.5233 5
    endloop
  endfacet
  facet normal 0 0 1
    outer loop
      vertex 109.126 -45.7737 5
      vertex 108.518 -46.3816 5
      vertex 108.52 -46.383 5
    endloop
  endfacet
  facet normal 0 0 1
    outer loop
      vertex 109.126 -45.7737 5
      vertex 108.517 -46.3804 5
      vertex 108.518 -46.3816 5
    endloop
  endfacet
  facet normal 0 0 1
    outer loop
      vertex 108.218 -46.152 5
      vertex 108.65 -45.4081 5
      vertex 108.38 -45.2751 5
    endloop
  endfacet
  facet normal 0 0 1
    outer loop
      vertex 108.9 -45.5753 5
      vertex 108.377 -46.2574 5
      vertex 108.517 -46.3804 5
    endloop
  endfacet
  facet normal 0 0 1
    outer loop
      vertex 108.9 -45.5753 5
      vertex 108.375 -46.2564 5
      vertex 108.377 -46.2574 5
    endloop
  endfacet
  facet normal 0 0 1
    outer loop
      vertex 108.65 -45.4081 5
      vertex 108.22 -46.1528 5
      vertex 108.375 -46.2564 5
    endloop
  endfacet
  facet normal 0 0 1
    outer loop
      vertex 108.65 -45.4081 5
      vertex 108.218 -46.152 5
      vertex 108.22 -46.1528 5
    endloop
  endfacet
  facet normal 0 0 1
    outer loop
      vertex 108.051 -46.0695 5
      vertex 108.38 -45.2751 5
      vertex 108.095 -45.1784 5
    endloop
  endfacet
  facet normal 0 0 1
    outer loop
      vertex 108.38 -45.2751 5
      vertex 108.051 -46.0695 5
      vertex 108.218 -46.152 5
    endloop
  endfacet
  facet normal 0 0 1
    outer loop
      vertex 108.095 -45.1784 5
      vertex 107.874 -46.0095 5
      vertex 108.051 -46.0695 5
    endloop
  endfacet
  facet normal 0 0 1
    outer loop
      vertex 108.095 -45.1784 5
      vertex 107.873 -46.0089 5
      vertex 107.874 -46.0095 5
    endloop
  endfacet
  facet normal 0 0 1
    outer loop
      vertex 108.095 -45.1784 5
      vertex 107.871 -46.0086 5
      vertex 107.873 -46.0089 5
    endloop
  endfacet
  facet normal 0 0 1
    outer loop
      vertex 107.8 -45.1197 5
      vertex 107.871 -46.0086 5
      vertex 108.095 -45.1784 5
    endloop
  endfacet
  facet normal 0 0 1
    outer loop
      vertex 107.8 -45.1197 5
      vertex 107.688 -45.9722 5
      vertex 107.871 -46.0086 5
    endloop
  endfacet
  facet normal 0 0 1
    outer loop
      vertex 107.8 -45.1197 5
      vertex 107.502 -45.96 5
      vertex 107.688 -45.9722 5
    endloop
  endfacet
  facet normal 0 0 1
    outer loop
      vertex 107.5 -45.1 5
      vertex 107.502 -45.96 5
      vertex 107.8 -45.1197 5
    endloop
  endfacet
  facet normal 0 0 1
    outer loop
      vertex 107.5 -45.1 5
      vertex 107.5 -45.9598 5
      vertex 107.502 -45.96 5
    endloop
  endfacet
  facet normal 0 0 1
    outer loop
      vertex 107.5 -45.1 5
      vertex 107.498 -45.96 5
      vertex 107.5 -45.9598 5
    endloop
  endfacet
  facet normal 0 0 1
    outer loop
      vertex 107.5 -45.1 5
      vertex 107.312 -45.9722 5
      vertex 107.498 -45.96 5
    endloop
  endfacet
  facet normal -0 0 1
    outer loop
      vertex 107.2 -45.1197 5
      vertex 107.312 -45.9722 5
      vertex 107.5 -45.1 5
    endloop
  endfacet
  facet normal 0 0 1
    outer loop
      vertex 107.2 -45.1197 5
      vertex 107.129 -46.0086 5
      vertex 107.312 -45.9722 5
    endloop
  endfacet
  facet normal -0 0 1
    outer loop
      vertex 106.905 -45.1784 5
      vertex 107.129 -46.0086 5
      vertex 107.2 -45.1197 5
    endloop
  endfacet
  facet normal 0 0 1
    outer loop
      vertex 107.129 -46.0086 5
      vertex 106.905 -45.1784 5
      vertex 107.127 -46.0089 5
    endloop
  endfacet
  facet normal 0 0 1
    outer loop
      vertex 107.127 -46.0089 5
      vertex 106.905 -45.1784 5
      vertex 107.126 -46.0095 5
    endloop
  endfacet
  facet normal 0 0 1
    outer loop
      vertex 107.126 -46.0095 5
      vertex 106.905 -45.1784 5
      vertex 106.949 -46.0695 5
    endloop
  endfacet
  facet normal -0 0 1
    outer loop
      vertex 106.62 -45.2751 5
      vertex 106.949 -46.0695 5
      vertex 106.905 -45.1784 5
    endloop
  endfacet
  facet normal 0 0 1
    outer loop
      vertex 106.949 -46.0695 5
      vertex 106.62 -45.2751 5
      vertex 106.782 -46.152 5
    endloop
  endfacet
  facet normal -0 0 1
    outer loop
      vertex 106.35 -45.4081 5
      vertex 106.782 -46.152 5
      vertex 106.62 -45.2751 5
    endloop
  endfacet
  facet normal 0 0 1
    outer loop
      vertex 106.782 -46.152 5
      vertex 106.35 -45.4081 5
      vertex 106.78 -46.1528 5
    endloop
  endfacet
  facet normal 0 0 1
    outer loop
      vertex 106.78 -46.1528 5
      vertex 106.35 -45.4081 5
      vertex 106.625 -46.2564 5
    endloop
  endfacet
  facet normal -0 0 1
    outer loop
      vertex 106.1 -45.5753 5
      vertex 106.625 -46.2564 5
      vertex 106.35 -45.4081 5
    endloop
  endfacet
  facet normal 0 0 1
    outer loop
      vertex 106.625 -46.2564 5
      vertex 106.1 -45.5753 5
      vertex 106.623 -46.2574 5
    endloop
  endfacet
  facet normal 0 0 1
    outer loop
      vertex 106.623 -46.2574 5
      vertex 106.1 -45.5753 5
      vertex 106.483 -46.3804 5
    endloop
  endfacet
  facet normal -0 0 1
    outer loop
      vertex 105.874 -45.7737 5
      vertex 106.483 -46.3804 5
      vertex 106.1 -45.5753 5
    endloop
  endfacet
  facet normal 0 0 1
    outer loop
      vertex 106.483 -46.3804 5
      vertex 105.874 -45.7737 5
      vertex 106.482 -46.3816 5
    endloop
  endfacet
  facet normal 0 0 1
    outer loop
      vertex 106.482 -46.3816 5
      vertex 105.874 -45.7737 5
      vertex 106.48 -46.383 5
    endloop
  endfacet
  facet normal 0 0 1
    outer loop
      vertex 106.48 -46.383 5
      vertex 105.874 -45.7737 5
      vertex 106.357 -46.5233 5
    endloop
  endfacet
  facet normal -0 0 1
    outer loop
      vertex 105.675 -45.9998 5
      vertex 106.357 -46.5233 5
      vertex 105.874 -45.7737 5
    endloop
  endfacet
  facet normal 0 0 1
    outer loop
      vertex 106.357 -46.5233 5
      vertex 105.675 -45.9998 5
      vertex 106.356 -46.5248 5
    endloop
  endfacet
  facet normal 0 0 1
    outer loop
      vertex 106.356 -46.5248 5
      vertex 105.675 -45.9998 5
      vertex 106.253 -46.6799 5
    endloop
  endfacet
  facet normal -0 0 1
    outer loop
      vertex 105.508 -46.25 5
      vertex 106.253 -46.6799 5
      vertex 105.675 -45.9998 5
    endloop
  endfacet
  facet normal 0 0 1
    outer loop
      vertex 106.253 -46.6799 5
      vertex 105.508 -46.25 5
      vertex 106.252 -46.6816 5
    endloop
  endfacet
  facet normal 0 0 1
    outer loop
      vertex 106.252 -46.6816 5
      vertex 105.508 -46.25 5
      vertex 106.169 -46.8489 5
    endloop
  endfacet
  facet normal -0 0 1
    outer loop
      vertex 105.375 -46.5198 5
      vertex 106.169 -46.8489 5
      vertex 105.508 -46.25 5
    endloop
  endfacet
  facet normal 0 0 1
    outer loop
      vertex 106.169 -46.8489 5
      vertex 105.375 -46.5198 5
      vertex 106.109 -47.0255 5
    endloop
  endfacet
  facet normal -0 0 1
    outer loop
      vertex 105.278 -46.8047 5
      vertex 106.109 -47.0255 5
      vertex 105.375 -46.5198 5
    endloop
  endfacet
  facet normal 0 0 1
    outer loop
      vertex 106.109 -47.0255 5
      vertex 105.278 -46.8047 5
      vertex 106.109 -47.0273 5
    endloop
  endfacet
  facet normal -0 0 1
    outer loop
      vertex 108.891 -47.7745 5
      vertex 109.722 -47.9953 5
      vertex 108.891 -47.7727 5
    endloop
  endfacet
  facet normal 0 0 1
    outer loop
      vertex 109.722 -47.9953 5
      vertex 108.891 -47.7745 5
      vertex 109.625 -48.2802 5
    endloop
  endfacet
  facet normal -0 0 1
    outer loop
      vertex 108.831 -47.9511 5
      vertex 109.625 -48.2802 5
      vertex 108.891 -47.7745 5
    endloop
  endfacet
  facet normal 0 0 1
    outer loop
      vertex 109.625 -48.2802 5
      vertex 108.831 -47.9511 5
      vertex 109.492 -48.55 5
    endloop
  endfacet
  facet normal -0 0 1
    outer loop
      vertex 108.748 -48.1184 5
      vertex 109.492 -48.55 5
      vertex 108.831 -47.9511 5
    endloop
  endfacet
  facet normal -0 0 1
    outer loop
      vertex 108.747 -48.1201 5
      vertex 109.492 -48.55 5
      vertex 108.748 -48.1184 5
    endloop
  endfacet
  facet normal 0 0 1
    outer loop
      vertex 109.492 -48.55 5
      vertex 108.747 -48.1201 5
      vertex 109.325 -48.8002 5
    endloop
  endfacet
  facet normal -0 0 1
    outer loop
      vertex 108.644 -48.2752 5
      vertex 109.325 -48.8002 5
      vertex 108.747 -48.1201 5
    endloop
  endfacet
  facet normal -0 0 1
    outer loop
      vertex 108.643 -48.2767 5
      vertex 109.325 -48.8002 5
      vertex 108.644 -48.2752 5
    endloop
  endfacet
  facet normal 0 0 1
    outer loop
      vertex 109.325 -48.8002 5
      vertex 108.643 -48.2767 5
      vertex 109.126 -49.0263 5
    endloop
  endfacet
  facet normal -0 0 1
    outer loop
      vertex 108.52 -48.417 5
      vertex 109.126 -49.0263 5
      vertex 108.643 -48.2767 5
    endloop
  endfacet
  facet normal -0 0 1
    outer loop
      vertex 108.518 -48.4184 5
      vertex 109.126 -49.0263 5
      vertex 108.52 -48.417 5
    endloop
  endfacet
  facet normal -0 0 1
    outer loop
      vertex 108.517 -48.4196 5
      vertex 109.126 -49.0263 5
      vertex 108.518 -48.4184 5
    endloop
  endfacet
  facet normal 0 0 1
    outer loop
      vertex 109.126 -49.0263 5
      vertex 108.517 -48.4196 5
      vertex 108.9 -49.2247 5
    endloop
  endfacet
  facet normal -0 0 1
    outer loop
      vertex 108.377 -48.5426 5
      vertex 108.9 -49.2247 5
      vertex 108.517 -48.4196 5
    endloop
  endfacet
  facet normal -0 0 1
    outer loop
      vertex 108.375 -48.5436 5
      vertex 108.9 -49.2247 5
      vertex 108.377 -48.5426 5
    endloop
  endfacet
  facet normal 0 0 1
    outer loop
      vertex 108.9 -49.2247 5
      vertex 108.375 -48.5436 5
      vertex 108.65 -49.3919 5
    endloop
  endfacet
  facet normal -0 0 1
    outer loop
      vertex 108.22 -48.6472 5
      vertex 108.65 -49.3919 5
      vertex 108.375 -48.5436 5
    endloop
  endfacet
  facet normal -0 0 1
    outer loop
      vertex 108.218 -48.648 5
      vertex 108.65 -49.3919 5
      vertex 108.22 -48.6472 5
    endloop
  endfacet
  facet normal 0 0 1
    outer loop
      vertex 108.65 -49.3919 5
      vertex 108.218 -48.648 5
      vertex 108.38 -49.5249 5
    endloop
  endfacet
  facet normal -0 0 1
    outer loop
      vertex 108.051 -48.7305 5
      vertex 108.38 -49.5249 5
      vertex 108.218 -48.648 5
    endloop
  endfacet
  facet normal 0 0 1
    outer loop
      vertex 108.38 -49.5249 5
      vertex 108.051 -48.7305 5
      vertex 108.095 -49.6216 5
    endloop
  endfacet
  facet normal -0 0 1
    outer loop
      vertex 107.874 -48.7905 5
      vertex 108.095 -49.6216 5
      vertex 108.051 -48.7305 5
    endloop
  endfacet
  facet normal -0 0 1
    outer loop
      vertex 107.873 -48.7911 5
      vertex 108.095 -49.6216 5
      vertex 107.874 -48.7905 5
    endloop
  endfacet
  facet normal -0 0 1
    outer loop
      vertex 107.871 -48.7914 5
      vertex 108.095 -49.6216 5
      vertex 107.873 -48.7911 5
    endloop
  endfacet
  facet normal 0 0 1
    outer loop
      vertex 107.871 -48.7914 5
      vertex 107.8 -49.6803 5
      vertex 108.095 -49.6216 5
    endloop
  endfacet
  facet normal -0 0 1
    outer loop
      vertex 107.688 -48.8278 5
      vertex 107.8 -49.6803 5
      vertex 107.871 -48.7914 5
    endloop
  endfacet
  facet normal -0 0 1
    outer loop
      vertex 107.502 -48.84 5
      vertex 107.8 -49.6803 5
      vertex 107.688 -48.8278 5
    endloop
  endfacet
  facet normal 0 0 1
    outer loop
      vertex 107.5 -49.7 5
      vertex 107.502 -48.84 5
      vertex 107.5 -48.8402 5
    endloop
  endfacet
  facet normal 0 0 1
    outer loop
      vertex 107.502 -48.84 5
      vertex 107.5 -49.7 5
      vertex 107.8 -49.6803 5
    endloop
  endfacet
  facet normal 0 0 1
    outer loop
      vertex 107.498 -48.84 5
      vertex 107.5 -49.7 5
      vertex 107.5 -48.8402 5
    endloop
  endfacet
  facet normal 0 0 1
    outer loop
      vertex 107.312 -48.8278 5
      vertex 107.5 -49.7 5
      vertex 107.498 -48.84 5
    endloop
  endfacet
  facet normal 0 0 1
    outer loop
      vertex 107.312 -48.8278 5
      vertex 107.2 -49.6803 5
      vertex 107.5 -49.7 5
    endloop
  endfacet
  facet normal 0 0 1
    outer loop
      vertex 107.129 -48.7914 5
      vertex 107.2 -49.6803 5
      vertex 107.312 -48.8278 5
    endloop
  endfacet
  facet normal 0 0 1
    outer loop
      vertex 106.905 -49.6216 5
      vertex 107.129 -48.7914 5
      vertex 107.127 -48.7911 5
    endloop
  endfacet
  facet normal 0 0 1
    outer loop
      vertex 106.905 -49.6216 5
      vertex 107.127 -48.7911 5
      vertex 107.126 -48.7905 5
    endloop
  endfacet
  facet normal 0 0 1
    outer loop
      vertex 106.905 -49.6216 5
      vertex 107.126 -48.7905 5
      vertex 106.949 -48.7305 5
    endloop
  endfacet
  facet normal 0 0 1
    outer loop
      vertex 107.129 -48.7914 5
      vertex 106.905 -49.6216 5
      vertex 107.2 -49.6803 5
    endloop
  endfacet
  facet normal 0 0 1
    outer loop
      vertex 106.62 -49.5249 5
      vertex 106.949 -48.7305 5
      vertex 106.782 -48.648 5
    endloop
  endfacet
  facet normal 0 0 1
    outer loop
      vertex 106.35 -49.3919 5
      vertex 106.782 -48.648 5
      vertex 106.78 -48.6472 5
    endloop
  endfacet
  facet normal 0 0 1
    outer loop
      vertex 106.35 -49.3919 5
      vertex 106.78 -48.6472 5
      vertex 106.625 -48.5436 5
    endloop
  endfacet
  facet normal 0 0 1
    outer loop
      vertex 106.1 -49.2247 5
      vertex 106.625 -48.5436 5
      vertex 106.623 -48.5426 5
    endloop
  endfacet
  facet normal 0 0 1
    outer loop
      vertex 106.949 -48.7305 5
      vertex 106.62 -49.5249 5
      vertex 106.905 -49.6216 5
    endloop
  endfacet
  facet normal 0 0 1
    outer loop
      vertex 106.1 -49.2247 5
      vertex 106.623 -48.5426 5
      vertex 106.483 -48.4196 5
    endloop
  endfacet
  facet normal 0 0 1
    outer loop
      vertex 105.874 -49.0263 5
      vertex 106.483 -48.4196 5
      vertex 106.482 -48.4184 5
    endloop
  endfacet
  facet normal 0 0 1
    outer loop
      vertex 105.874 -49.0263 5
      vertex 106.482 -48.4184 5
      vertex 106.48 -48.417 5
    endloop
  endfacet
  facet normal 0 0 1
    outer loop
      vertex 105.874 -49.0263 5
      vertex 106.48 -48.417 5
      vertex 106.357 -48.2767 5
    endloop
  endfacet
  facet normal 0 0 1
    outer loop
      vertex 105.675 -48.8002 5
      vertex 106.357 -48.2767 5
      vertex 106.356 -48.2752 5
    endloop
  endfacet
  facet normal 0 0 1
    outer loop
      vertex 106.782 -48.648 5
      vertex 106.35 -49.3919 5
      vertex 106.62 -49.5249 5
    endloop
  endfacet
  facet normal 0 0 1
    outer loop
      vertex 105.675 -48.8002 5
      vertex 106.356 -48.2752 5
      vertex 106.253 -48.1201 5
    endloop
  endfacet
  facet normal 0 0 1
    outer loop
      vertex 105.508 -48.55 5
      vertex 106.253 -48.1201 5
      vertex 106.252 -48.1184 5
    endloop
  endfacet
  facet normal 0 0 1
    outer loop
      vertex 105.508 -48.55 5
      vertex 106.252 -48.1184 5
      vertex 106.169 -47.9511 5
    endloop
  endfacet
  facet normal 0 0 1
    outer loop
      vertex 105.375 -48.2802 5
      vertex 106.169 -47.9511 5
      vertex 106.109 -47.7745 5
    endloop
  endfacet
  facet normal 0 0 1
    outer loop
      vertex 105.278 -47.9953 5
      vertex 106.109 -47.7745 5
      vertex 106.109 -47.7727 5
    endloop
  endfacet
  facet normal 0 0 1
    outer loop
      vertex 105.278 -47.9953 5
      vertex 106.109 -47.7727 5
      vertex 106.109 -47.771 5
    endloop
  endfacet
  facet normal 0 0 1
    outer loop
      vertex 106.625 -48.5436 5
      vertex 106.1 -49.2247 5
      vertex 106.35 -49.3919 5
    endloop
  endfacet
  facet normal 0 0 1
    outer loop
      vertex 105.278 -47.9953 5
      vertex 106.109 -47.771 5
      vertex 106.072 -47.588 5
    endloop
  endfacet
  facet normal 0 0 1
    outer loop
      vertex 105.22 -47.7002 5
      vertex 106.072 -47.588 5
      vertex 106.06 -47.4018 5
    endloop
  endfacet
  facet normal -0 0 1
    outer loop
      vertex 105.2 -47.4 5
      vertex 106.06 -47.4018 5
      vertex 106.06 -47.4 5
    endloop
  endfacet
  facet normal 0 0 1
    outer loop
      vertex 106.109 -47.0273 5
      vertex 105.278 -46.8047 5
      vertex 106.109 -47.029 5
    endloop
  endfacet
  facet normal 0 0 1
    outer loop
      vertex 106.483 -48.4196 5
      vertex 105.874 -49.0263 5
      vertex 106.1 -49.2247 5
    endloop
  endfacet
  facet normal 0 0 1
    outer loop
      vertex 106.109 -47.029 5
      vertex 105.278 -46.8047 5
      vertex 106.072 -47.212 5
    endloop
  endfacet
  facet normal 0 0 1
    outer loop
      vertex 106.357 -48.2767 5
      vertex 105.675 -48.8002 5
      vertex 105.874 -49.0263 5
    endloop
  endfacet
  facet normal -0 0 1
    outer loop
      vertex 105.22 -47.0998 5
      vertex 106.072 -47.212 5
      vertex 105.278 -46.8047 5
    endloop
  endfacet
  facet normal 0 0 1
    outer loop
      vertex 106.253 -48.1201 5
      vertex 105.508 -48.55 5
      vertex 105.675 -48.8002 5
    endloop
  endfacet
  facet normal 0 0 1
    outer loop
      vertex 106.072 -47.212 5
      vertex 105.22 -47.0998 5
      vertex 106.06 -47.3982 5
    endloop
  endfacet
  facet normal 0 0 1
    outer loop
      vertex 106.169 -47.9511 5
      vertex 105.375 -48.2802 5
      vertex 105.508 -48.55 5
    endloop
  endfacet
  facet normal 0 0 1
    outer loop
      vertex 105.2 -47.4 5
      vertex 106.06 -47.3982 5
      vertex 105.22 -47.0998 5
    endloop
  endfacet
  facet normal 0 0 1
    outer loop
      vertex 106.109 -47.7745 5
      vertex 105.278 -47.9953 5
      vertex 105.375 -48.2802 5
    endloop
  endfacet
  facet normal 0 0 1
    outer loop
      vertex 106.06 -47.3982 5
      vertex 105.2 -47.4 5
      vertex 106.06 -47.4 5
    endloop
  endfacet
  facet normal 0 0 1
    outer loop
      vertex 106.072 -47.588 5
      vertex 105.22 -47.7002 5
      vertex 105.278 -47.9953 5
    endloop
  endfacet
  facet normal 0 0 1
    outer loop
      vertex 106.06 -47.4018 5
      vertex 105.2 -47.4 5
      vertex 105.22 -47.7002 5
    endloop
  endfacet
  facet normal 0 -1 0
    outer loop
      vertex 33.5 -45.9 -5.72205e-07
      vertex 104.5 -45.9 2.5
      vertex 33.5 -45.9 2.5
    endloop
  endfacet
  facet normal 0 -1 -0
    outer loop
      vertex 104.5 -45.9 2.5
      vertex 33.5 -45.9 -5.72205e-07
      vertex 104.5 -45.9 -5.72205e-07
    endloop
  endfacet
  facet normal -0.195079 -0.980788 0
    outer loop
      vertex 30.6109 -32.5573 -5.72205e-07
      vertex 30.72 -32.579 4.4
      vertex 30.6109 -32.5573 4.4
    endloop
  endfacet
  facet normal -0.195079 -0.980788 -0
    outer loop
      vertex 30.72 -32.579 4.4
      vertex 30.6109 -32.5573 -5.72205e-07
      vertex 30.72 -32.579 -5.72205e-07
    endloop
  endfacet
  facet normal -0.980788 -0.195079 0
    outer loop
      vertex 31.3427 -33.2891 -5.72205e-07
      vertex 31.321 -33.18 4.4
      vertex 31.321 -33.18 -5.72205e-07
    endloop
  endfacet
  facet normal -0.980788 -0.195079 0
    outer loop
      vertex 31.321 -33.18 4.4
      vertex 31.3427 -33.2891 -5.72205e-07
      vertex 31.3427 -33.2891 4.4
    endloop
  endfacet
  facet normal -0.997841 -0.0656829 0
    outer loop
      vertex 31.35 -33.4 -5.72205e-07
      vertex 31.3427 -33.2891 4.4
      vertex 31.3427 -33.2891 -5.72205e-07
    endloop
  endfacet
  facet normal -0.997841 -0.0656829 0
    outer loop
      vertex 31.3427 -33.2891 4.4
      vertex 31.35 -33.4 -5.72205e-07
      vertex 31.35 -33.4 4.4
    endloop
  endfacet
  facet normal -0.947052 -0.32108 0
    outer loop
      vertex 31.321 -33.18 -5.72205e-07
      vertex 31.2853 -33.0747 4.4
      vertex 31.2853 -33.0747 -5.72205e-07
    endloop
  endfacet
  facet normal -0.947052 -0.32108 0
    outer loop
      vertex 31.2853 -33.0747 4.4
      vertex 31.321 -33.18 -5.72205e-07
      vertex 31.321 -33.18 4.4
    endloop
  endfacet
  facet normal -0.831635 -0.555323 0
    outer loop
      vertex 31.2361 -32.975 -5.72205e-07
      vertex 31.1744 -32.8826 4.4
      vertex 31.1744 -32.8826 -5.72205e-07
    endloop
  endfacet
  facet normal -0.831635 -0.555323 0
    outer loop
      vertex 31.1744 -32.8826 4.4
      vertex 31.2361 -32.975 -5.72205e-07
      vertex 31.2361 -32.975 4.4
    endloop
  endfacet
  facet normal -0.32108 -0.947052 0
    outer loop
      vertex 30.72 -32.579 -5.72205e-07
      vertex 30.8253 -32.6147 4.4
      vertex 30.72 -32.579 4.4
    endloop
  endfacet
  facet normal -0.32108 -0.947052 -0
    outer loop
      vertex 30.8253 -32.6147 4.4
      vertex 30.72 -32.579 -5.72205e-07
      vertex 30.8253 -32.6147 -5.72205e-07
    endloop
  endfacet
  facet normal 0.980788 0.195079 0
    outer loop
      vertex 29.679 -33.62 4.4
      vertex 29.6573 -33.5109 -5.72205e-07
      vertex 29.6573 -33.5109 4.4
    endloop
  endfacet
  facet normal 0.980788 0.195079 0
    outer loop
      vertex 29.6573 -33.5109 -5.72205e-07
      vertex 29.679 -33.62 4.4
      vertex 29.679 -33.62 -5.72205e-07
    endloop
  endfacet
  facet normal -0.997841 0.0656829 0
    outer loop
      vertex 31.3427 -33.5109 -5.72205e-07
      vertex 31.35 -33.4 4.4
      vertex 31.35 -33.4 -5.72205e-07
    endloop
  endfacet
  facet normal -0.997841 0.0656829 0
    outer loop
      vertex 31.35 -33.4 4.4
      vertex 31.3427 -33.5109 -5.72205e-07
      vertex 31.3427 -33.5109 4.4
    endloop
  endfacet
  facet normal 0.997841 0.0656829 0
    outer loop
      vertex 29.6573 -33.5109 4.4
      vertex 29.65 -33.4 -5.72205e-07
      vertex 29.65 -33.4 4.4
    endloop
  endfacet
  facet normal 0.997841 0.0656829 0
    outer loop
      vertex 29.65 -33.4 -5.72205e-07
      vertex 29.6573 -33.5109 4.4
      vertex 29.6573 -33.5109 -5.72205e-07
    endloop
  endfacet
  facet normal 0.32108 0.947052 -0
    outer loop
      vertex 30.28 -34.221 -5.72205e-07
      vertex 30.1747 -34.1853 4.4
      vertex 30.28 -34.221 4.4
    endloop
  endfacet
  facet normal 0.32108 0.947052 0
    outer loop
      vertex 30.1747 -34.1853 4.4
      vertex 30.28 -34.221 -5.72205e-07
      vertex 30.1747 -34.1853 -5.72205e-07
    endloop
  endfacet
  facet normal -0.896754 -0.44253 0
    outer loop
      vertex 31.2853 -33.0747 -5.72205e-07
      vertex 31.2361 -32.975 4.4
      vertex 31.2361 -32.975 -5.72205e-07
    endloop
  endfacet
  facet normal -0.896754 -0.44253 0
    outer loop
      vertex 31.2361 -32.975 4.4
      vertex 31.2853 -33.0747 -5.72205e-07
      vertex 31.2853 -33.0747 4.4
    endloop
  endfacet
  facet normal -0.751462 -0.659776 0
    outer loop
      vertex 31.1744 -32.8826 -5.72205e-07
      vertex 31.101 -32.799 4.4
      vertex 31.101 -32.799 -5.72205e-07
    endloop
  endfacet
  facet normal -0.751462 -0.659776 0
    outer loop
      vertex 31.101 -32.799 4.4
      vertex 31.1744 -32.8826 -5.72205e-07
      vertex 31.1744 -32.8826 4.4
    endloop
  endfacet
  facet normal -0.947052 0.32108 0
    outer loop
      vertex 31.2853 -33.7253 -5.72205e-07
      vertex 31.321 -33.62 4.4
      vertex 31.321 -33.62 -5.72205e-07
    endloop
  endfacet
  facet normal -0.947052 0.32108 0
    outer loop
      vertex 31.321 -33.62 4.4
      vertex 31.2853 -33.7253 -5.72205e-07
      vertex 31.2853 -33.7253 4.4
    endloop
  endfacet
  facet normal 0.751462 0.659776 0
    outer loop
      vertex 29.899 -34.001 4.4
      vertex 29.8256 -33.9174 -5.72205e-07
      vertex 29.8256 -33.9174 4.4
    endloop
  endfacet
  facet normal 0.751462 0.659776 0
    outer loop
      vertex 29.8256 -33.9174 -5.72205e-07
      vertex 29.899 -34.001 4.4
      vertex 29.899 -34.001 -5.72205e-07
    endloop
  endfacet
  facet normal -0.980788 0.195079 0
    outer loop
      vertex 31.321 -33.62 -5.72205e-07
      vertex 31.3427 -33.5109 4.4
      vertex 31.3427 -33.5109 -5.72205e-07
    endloop
  endfacet
  facet normal -0.980788 0.195079 0
    outer loop
      vertex 31.3427 -33.5109 4.4
      vertex 31.321 -33.62 -5.72205e-07
      vertex 31.321 -33.62 4.4
    endloop
  endfacet
  facet normal -0.0656829 0.997841 0
    outer loop
      vertex 30.6109 -34.2427 -5.72205e-07
      vertex 30.5 -34.25 4.4
      vertex 30.6109 -34.2427 4.4
    endloop
  endfacet
  facet normal -0.0656829 0.997841 0
    outer loop
      vertex 30.5 -34.25 4.4
      vertex 30.6109 -34.2427 -5.72205e-07
      vertex 30.5 -34.25 -5.72205e-07
    endloop
  endfacet
  facet normal 0.947052 0.32108 0
    outer loop
      vertex 29.7147 -33.7253 4.4
      vertex 29.679 -33.62 -5.72205e-07
      vertex 29.679 -33.62 4.4
    endloop
  endfacet
  facet normal 0.947052 0.32108 0
    outer loop
      vertex 29.679 -33.62 -5.72205e-07
      vertex 29.7147 -33.7253 4.4
      vertex 29.7147 -33.7253 -5.72205e-07
    endloop
  endfacet
  facet normal -0.831635 0.555323 0
    outer loop
      vertex 31.1744 -33.9174 -5.72205e-07
      vertex 31.2361 -33.825 4.4
      vertex 31.2361 -33.825 -5.72205e-07
    endloop
  endfacet
  facet normal -0.831635 0.555323 0
    outer loop
      vertex 31.2361 -33.825 4.4
      vertex 31.1744 -33.9174 -5.72205e-07
      vertex 31.1744 -33.9174 4.4
    endloop
  endfacet
  facet normal -0.44253 -0.896754 0
    outer loop
      vertex 30.8253 -32.6147 -5.72205e-07
      vertex 30.925 -32.6639 4.4
      vertex 30.8253 -32.6147 4.4
    endloop
  endfacet
  facet normal -0.44253 -0.896754 -0
    outer loop
      vertex 30.925 -32.6639 4.4
      vertex 30.8253 -32.6147 -5.72205e-07
      vertex 30.925 -32.6639 -5.72205e-07
    endloop
  endfacet
  facet normal 0.44253 -0.896754 0
    outer loop
      vertex 30.075 -32.6639 -5.72205e-07
      vertex 30.1747 -32.6147 4.4
      vertex 30.075 -32.6639 4.4
    endloop
  endfacet
  facet normal 0.44253 -0.896754 0
    outer loop
      vertex 30.1747 -32.6147 4.4
      vertex 30.075 -32.6639 -5.72205e-07
      vertex 30.1747 -32.6147 -5.72205e-07
    endloop
  endfacet
  facet normal -0.44253 0.896754 0
    outer loop
      vertex 30.925 -34.1361 -5.72205e-07
      vertex 30.8253 -34.1853 4.4
      vertex 30.925 -34.1361 4.4
    endloop
  endfacet
  facet normal -0.44253 0.896754 0
    outer loop
      vertex 30.8253 -34.1853 4.4
      vertex 30.925 -34.1361 -5.72205e-07
      vertex 30.8253 -34.1853 -5.72205e-07
    endloop
  endfacet
  facet normal -0.32108 0.947052 0
    outer loop
      vertex 30.8253 -34.1853 -5.72205e-07
      vertex 30.72 -34.221 4.4
      vertex 30.8253 -34.1853 4.4
    endloop
  endfacet
  facet normal -0.32108 0.947052 0
    outer loop
      vertex 30.72 -34.221 4.4
      vertex 30.8253 -34.1853 -5.72205e-07
      vertex 30.72 -34.221 -5.72205e-07
    endloop
  endfacet
  facet normal 0.195079 0.980788 -0
    outer loop
      vertex 30.3891 -34.2427 -5.72205e-07
      vertex 30.28 -34.221 4.4
      vertex 30.3891 -34.2427 4.4
    endloop
  endfacet
  facet normal 0.195079 0.980788 0
    outer loop
      vertex 30.28 -34.221 4.4
      vertex 30.3891 -34.2427 -5.72205e-07
      vertex 30.28 -34.221 -5.72205e-07
    endloop
  endfacet
  facet normal 0.947052 -0.32108 0
    outer loop
      vertex 29.679 -33.18 4.4
      vertex 29.7147 -33.0747 -5.72205e-07
      vertex 29.7147 -33.0747 4.4
    endloop
  endfacet
  facet normal 0.947052 -0.32108 0
    outer loop
      vertex 29.7147 -33.0747 -5.72205e-07
      vertex 29.679 -33.18 4.4
      vertex 29.679 -33.18 -5.72205e-07
    endloop
  endfacet
  facet normal 0.195079 -0.980788 0
    outer loop
      vertex 30.28 -32.579 -5.72205e-07
      vertex 30.3891 -32.5573 4.4
      vertex 30.28 -32.579 4.4
    endloop
  endfacet
  facet normal 0.195079 -0.980788 0
    outer loop
      vertex 30.3891 -32.5573 4.4
      vertex 30.28 -32.579 -5.72205e-07
      vertex 30.3891 -32.5573 -5.72205e-07
    endloop
  endfacet
  facet normal 0.555945 -0.831219 0
    outer loop
      vertex 29.9826 -32.7257 -5.72205e-07
      vertex 30.075 -32.6639 4.4
      vertex 29.9826 -32.7257 4.4
    endloop
  endfacet
  facet normal 0.555945 -0.831219 0
    outer loop
      vertex 30.075 -32.6639 4.4
      vertex 29.9826 -32.7257 -5.72205e-07
      vertex 30.075 -32.6639 -5.72205e-07
    endloop
  endfacet
  facet normal -0.555945 0.831219 0
    outer loop
      vertex 31.0174 -34.0743 -5.72205e-07
      vertex 30.925 -34.1361 4.4
      vertex 31.0174 -34.0743 4.4
    endloop
  endfacet
  facet normal -0.555945 0.831219 0
    outer loop
      vertex 30.925 -34.1361 4.4
      vertex 31.0174 -34.0743 -5.72205e-07
      vertex 30.925 -34.1361 -5.72205e-07
    endloop
  endfacet
  facet normal -0.195079 0.980788 0
    outer loop
      vertex 30.72 -34.221 -5.72205e-07
      vertex 30.6109 -34.2427 4.4
      vertex 30.72 -34.221 4.4
    endloop
  endfacet
  facet normal -0.195079 0.980788 0
    outer loop
      vertex 30.6109 -34.2427 4.4
      vertex 30.72 -34.221 -5.72205e-07
      vertex 30.6109 -34.2427 -5.72205e-07
    endloop
  endfacet
  facet normal 0.896754 -0.44253 0
    outer loop
      vertex 29.7147 -33.0747 4.4
      vertex 29.7639 -32.975 -5.72205e-07
      vertex 29.7639 -32.975 4.4
    endloop
  endfacet
  facet normal 0.896754 -0.44253 0
    outer loop
      vertex 29.7639 -32.975 -5.72205e-07
      vertex 29.7147 -33.0747 4.4
      vertex 29.7147 -33.0747 -5.72205e-07
    endloop
  endfacet
  facet normal 0.831635 -0.555323 0
    outer loop
      vertex 29.7639 -32.975 4.4
      vertex 29.8256 -32.8826 -5.72205e-07
      vertex 29.8256 -32.8826 4.4
    endloop
  endfacet
  facet normal 0.831635 -0.555323 0
    outer loop
      vertex 29.8256 -32.8826 -5.72205e-07
      vertex 29.7639 -32.975 4.4
      vertex 29.7639 -32.975 -5.72205e-07
    endloop
  endfacet
  facet normal 0.0656829 0.997841 -0
    outer loop
      vertex 30.5 -34.25 -5.72205e-07
      vertex 30.3891 -34.2427 4.4
      vertex 30.5 -34.25 4.4
    endloop
  endfacet
  facet normal 0.0656829 0.997841 0
    outer loop
      vertex 30.3891 -34.2427 4.4
      vertex 30.5 -34.25 -5.72205e-07
      vertex 30.3891 -34.2427 -5.72205e-07
    endloop
  endfacet
  facet normal 0.659268 -0.751908 0
    outer loop
      vertex 29.899 -32.799 -5.72205e-07
      vertex 29.9826 -32.7257 4.4
      vertex 29.899 -32.799 4.4
    endloop
  endfacet
  facet normal 0.659268 -0.751908 0
    outer loop
      vertex 29.9826 -32.7257 4.4
      vertex 29.899 -32.799 -5.72205e-07
      vertex 29.9826 -32.7257 -5.72205e-07
    endloop
  endfacet
  facet normal 0.659268 0.751908 -0
    outer loop
      vertex 29.9826 -34.0743 -5.72205e-07
      vertex 29.899 -34.001 4.4
      vertex 29.9826 -34.0743 4.4
    endloop
  endfacet
  facet normal 0.659268 0.751908 0
    outer loop
      vertex 29.899 -34.001 4.4
      vertex 29.9826 -34.0743 -5.72205e-07
      vertex 29.899 -34.001 -5.72205e-07
    endloop
  endfacet
  facet normal 0.751462 -0.659776 0
    outer loop
      vertex 29.8256 -32.8826 4.4
      vertex 29.899 -32.799 -5.72205e-07
      vertex 29.899 -32.799 4.4
    endloop
  endfacet
  facet normal 0.751462 -0.659776 0
    outer loop
      vertex 29.899 -32.799 -5.72205e-07
      vertex 29.8256 -32.8826 4.4
      vertex 29.8256 -32.8826 -5.72205e-07
    endloop
  endfacet
  facet normal -0.751462 0.659776 0
    outer loop
      vertex 31.101 -34.001 -5.72205e-07
      vertex 31.1744 -33.9174 4.4
      vertex 31.1744 -33.9174 -5.72205e-07
    endloop
  endfacet
  facet normal -0.751462 0.659776 0
    outer loop
      vertex 31.1744 -33.9174 4.4
      vertex 31.101 -34.001 -5.72205e-07
      vertex 31.101 -34.001 4.4
    endloop
  endfacet
  facet normal -0.896754 0.44253 0
    outer loop
      vertex 31.2361 -33.825 -5.72205e-07
      vertex 31.2853 -33.7253 4.4
      vertex 31.2853 -33.7253 -5.72205e-07
    endloop
  endfacet
  facet normal -0.896754 0.44253 0
    outer loop
      vertex 31.2853 -33.7253 4.4
      vertex 31.2361 -33.825 -5.72205e-07
      vertex 31.2361 -33.825 4.4
    endloop
  endfacet
  facet normal 0.555945 0.831219 -0
    outer loop
      vertex 30.075 -34.1361 -5.72205e-07
      vertex 29.9826 -34.0743 4.4
      vertex 30.075 -34.1361 4.4
    endloop
  endfacet
  facet normal 0.555945 0.831219 0
    outer loop
      vertex 29.9826 -34.0743 4.4
      vertex 30.075 -34.1361 -5.72205e-07
      vertex 29.9826 -34.0743 -5.72205e-07
    endloop
  endfacet
  facet normal 0.980788 -0.195079 0
    outer loop
      vertex 29.6573 -33.2891 4.4
      vertex 29.679 -33.18 -5.72205e-07
      vertex 29.679 -33.18 4.4
    endloop
  endfacet
  facet normal 0.980788 -0.195079 0
    outer loop
      vertex 29.679 -33.18 -5.72205e-07
      vertex 29.6573 -33.2891 4.4
      vertex 29.6573 -33.2891 -5.72205e-07
    endloop
  endfacet
  facet normal -0.0656829 -0.997841 0
    outer loop
      vertex 30.5 -32.55 -5.72205e-07
      vertex 30.6109 -32.5573 4.4
      vertex 30.5 -32.55 4.4
    endloop
  endfacet
  facet normal -0.0656829 -0.997841 -0
    outer loop
      vertex 30.6109 -32.5573 4.4
      vertex 30.5 -32.55 -5.72205e-07
      vertex 30.6109 -32.5573 -5.72205e-07
    endloop
  endfacet
  facet normal -0.555945 -0.831219 0
    outer loop
      vertex 30.925 -32.6639 -5.72205e-07
      vertex 31.0174 -32.7257 4.4
      vertex 30.925 -32.6639 4.4
    endloop
  endfacet
  facet normal -0.555945 -0.831219 -0
    outer loop
      vertex 31.0174 -32.7257 4.4
      vertex 30.925 -32.6639 -5.72205e-07
      vertex 31.0174 -32.7257 -5.72205e-07
    endloop
  endfacet
  facet normal 0.32108 -0.947052 0
    outer loop
      vertex 30.1747 -32.6147 -5.72205e-07
      vertex 30.28 -32.579 4.4
      vertex 30.1747 -32.6147 4.4
    endloop
  endfacet
  facet normal 0.32108 -0.947052 0
    outer loop
      vertex 30.28 -32.579 4.4
      vertex 30.1747 -32.6147 -5.72205e-07
      vertex 30.28 -32.579 -5.72205e-07
    endloop
  endfacet
  facet normal 0.0656829 -0.997841 0
    outer loop
      vertex 30.3891 -32.5573 -5.72205e-07
      vertex 30.5 -32.55 4.4
      vertex 30.3891 -32.5573 4.4
    endloop
  endfacet
  facet normal 0.0656829 -0.997841 0
    outer loop
      vertex 30.5 -32.55 4.4
      vertex 30.3891 -32.5573 -5.72205e-07
      vertex 30.5 -32.55 -5.72205e-07
    endloop
  endfacet
  facet normal 0.997841 -0.0656829 0
    outer loop
      vertex 29.65 -33.4 4.4
      vertex 29.6573 -33.2891 -5.72205e-07
      vertex 29.6573 -33.2891 4.4
    endloop
  endfacet
  facet normal 0.997841 -0.0656829 0
    outer loop
      vertex 29.6573 -33.2891 -5.72205e-07
      vertex 29.65 -33.4 4.4
      vertex 29.65 -33.4 -5.72205e-07
    endloop
  endfacet
  facet normal -0.659268 -0.751908 0
    outer loop
      vertex 31.0174 -32.7257 -5.72205e-07
      vertex 31.101 -32.799 4.4
      vertex 31.0174 -32.7257 4.4
    endloop
  endfacet
  facet normal -0.659268 -0.751908 -0
    outer loop
      vertex 31.101 -32.799 4.4
      vertex 31.0174 -32.7257 -5.72205e-07
      vertex 31.101 -32.799 -5.72205e-07
    endloop
  endfacet
  facet normal 0.896754 0.44253 0
    outer loop
      vertex 29.7639 -33.825 4.4
      vertex 29.7147 -33.7253 -5.72205e-07
      vertex 29.7147 -33.7253 4.4
    endloop
  endfacet
  facet normal 0.896754 0.44253 0
    outer loop
      vertex 29.7147 -33.7253 -5.72205e-07
      vertex 29.7639 -33.825 4.4
      vertex 29.7639 -33.825 -5.72205e-07
    endloop
  endfacet
  facet normal 0.44253 0.896754 -0
    outer loop
      vertex 30.1747 -34.1853 -5.72205e-07
      vertex 30.075 -34.1361 4.4
      vertex 30.1747 -34.1853 4.4
    endloop
  endfacet
  facet normal 0.44253 0.896754 0
    outer loop
      vertex 30.075 -34.1361 4.4
      vertex 30.1747 -34.1853 -5.72205e-07
      vertex 30.075 -34.1361 -5.72205e-07
    endloop
  endfacet
  facet normal -0.659268 0.751908 0
    outer loop
      vertex 31.101 -34.001 -5.72205e-07
      vertex 31.0174 -34.0743 4.4
      vertex 31.101 -34.001 4.4
    endloop
  endfacet
  facet normal -0.659268 0.751908 0
    outer loop
      vertex 31.0174 -34.0743 4.4
      vertex 31.101 -34.001 -5.72205e-07
      vertex 31.0174 -34.0743 -5.72205e-07
    endloop
  endfacet
  facet normal 0.831635 0.555323 0
    outer loop
      vertex 29.8256 -33.9174 4.4
      vertex 29.7639 -33.825 -5.72205e-07
      vertex 29.7639 -33.825 4.4
    endloop
  endfacet
  facet normal 0.831635 0.555323 0
    outer loop
      vertex 29.7639 -33.825 -5.72205e-07
      vertex 29.8256 -33.9174 4.4
      vertex 29.8256 -33.9174 -5.72205e-07
    endloop
  endfacet
  facet normal -0.712169 -0.0468786 0.700441
    outer loop
      vertex 31.35 -33.4 4.4
      vertex 31.94 -33.3982 5
      vertex 31.3427 -33.2891 4.4
    endloop
  endfacet
  facet normal -0.710679 -0.0789643 0.699071
    outer loop
      vertex 31.94 -33.3982 5
      vertex 31.35 -33.4 4.4
      vertex 31.9402 -33.4 5
    endloop
  endfacet
  facet normal -0.229592 -0.675766 0.700449
    outer loop
      vertex 31.0511 -32.0695 5
      vertex 30.8745 -32.0095 5
      vertex 30.8253 -32.6147 4.4
    endloop
  endfacet
  facet normal 0.3964 -0.593453 0.700486
    outer loop
      vertex 30.075 -32.6639 4.4
      vertex 29.7799 -32.1528 5
      vertex 29.6248 -32.2564 5
    endloop
  endfacet
  facet normal 0.470437 0.536604 0.700532
    outer loop
      vertex 29.6233 -34.5426 5
      vertex 29.9826 -34.0743 4.4
      vertex 29.483 -34.4196 5
    endloop
  endfacet
  facet normal 0.39673 0.593169 0.70054
    outer loop
      vertex 29.9826 -34.0743 4.4
      vertex 29.6248 -34.5436 5
      vertex 30.075 -34.1361 4.4
    endloop
  endfacet
  facet normal 0.39586 0.593789 0.700507
    outer loop
      vertex 29.6248 -34.5436 5
      vertex 29.9826 -34.0743 4.4
      vertex 29.6233 -34.5426 5
    endloop
  endfacet
  facet normal 0.470464 -0.536573 0.700538
    outer loop
      vertex 29.483 -32.3804 5
      vertex 29.899 -32.799 4.4
      vertex 29.9826 -32.7257 4.4
    endloop
  endfacet
  facet normal 0.464589 -0.542021 0.700265
    outer loop
      vertex 29.899 -32.799 4.4
      vertex 29.483 -32.3804 5
      vertex 29.4816 -32.3816 5
    endloop
  endfacet
  facet normal -0.464589 0.542021 0.700265
    outer loop
      vertex 31.101 -34.001 4.4
      vertex 31.517 -34.4196 5
      vertex 31.5184 -34.4184 5
    endloop
  endfacet
  facet normal -0.470464 0.536573 0.700538
    outer loop
      vertex 31.517 -34.4196 5
      vertex 31.101 -34.001 4.4
      vertex 31.0174 -34.0743 4.4
    endloop
  endfacet
  facet normal 0.315827 -0.64 0.700466
    outer loop
      vertex 29.7816 -32.152 5
      vertex 30.075 -32.6639 4.4
      vertex 30.1747 -32.6147 4.4
    endloop
  endfacet
  facet normal 0.304083 -0.646176 0.699993
    outer loop
      vertex 30.075 -32.6639 4.4
      vertex 29.7816 -32.152 5
      vertex 29.7799 -32.1528 5
    endloop
  endfacet
  facet normal -0.59352 0.396322 0.700473
    outer loop
      vertex 31.1744 -33.9174 4.4
      vertex 31.6436 -34.2752 5
      vertex 31.2361 -33.825 4.4
    endloop
  endfacet
  facet normal -0.593831 0.395887 0.700456
    outer loop
      vertex 31.6436 -34.2752 5
      vertex 31.1744 -33.9174 4.4
      vertex 31.6426 -34.2767 5
    endloop
  endfacet
  facet normal 0.536637 -0.470466 0.700487
    outer loop
      vertex 29.8256 -32.8826 4.4
      vertex 29.4804 -32.383 5
      vertex 29.3574 -32.5233 5
    endloop
  endfacet
  facet normal 0.536637 0.470466 0.700487
    outer loop
      vertex 29.4804 -34.417 5
      vertex 29.8256 -33.9174 4.4
      vertex 29.3574 -34.2767 5
    endloop
  endfacet
  facet normal 0.229138 0.67586 0.700507
    outer loop
      vertex 30.1255 -34.7905 5
      vertex 30.28 -34.221 4.4
      vertex 30.1747 -34.1853 4.4
    endloop
  endfacet
  facet normal 0.225641 0.676923 0.700615
    outer loop
      vertex 30.28 -34.221 4.4
      vertex 30.1255 -34.7905 5
      vertex 30.1273 -34.7911 5
    endloop
  endfacet
  facet normal 0.229592 -0.675766 0.700449
    outer loop
      vertex 30.1747 -32.6147 4.4
      vertex 30.1255 -32.0095 5
      vertex 29.9489 -32.0695 5
    endloop
  endfacet
  facet normal 0.315656 0.640112 0.700441
    outer loop
      vertex 29.9489 -34.7305 5
      vertex 30.1747 -34.1853 4.4
      vertex 29.7816 -34.648 5
    endloop
  endfacet
  facet normal -0.139228 0.699966 0.700474
    outer loop
      vertex 30.688 -34.8278 5
      vertex 30.871 -34.7914 5
      vertex 30.6109 -34.2427 4.4
    endloop
  endfacet
  facet normal -0.3964 0.593453 0.700486
    outer loop
      vertex 31.2201 -34.6472 5
      vertex 31.3752 -34.5436 5
      vertex 30.925 -34.1361 4.4
    endloop
  endfacet
  facet normal -0.593831 -0.395887 0.700456
    outer loop
      vertex 31.1744 -32.8826 4.4
      vertex 31.6436 -32.5248 5
      vertex 31.6426 -32.5233 5
    endloop
  endfacet
  facet normal -0.59352 -0.396322 0.700473
    outer loop
      vertex 31.6436 -32.5248 5
      vertex 31.1744 -32.8826 4.4
      vertex 31.2361 -32.975 4.4
    endloop
  endfacet
  facet normal 0.675766 0.229592 0.700449
    outer loop
      vertex 29.1695 -33.9511 5
      vertex 29.7147 -33.7253 4.4
      vertex 29.1095 -33.7745 5
    endloop
  endfacet
  facet normal 0.39673 -0.593169 0.70054
    outer loop
      vertex 29.6248 -32.2564 5
      vertex 29.9826 -32.7257 4.4
      vertex 30.075 -32.6639 4.4
    endloop
  endfacet
  facet normal 0.39586 -0.593789 0.700507
    outer loop
      vertex 29.9826 -32.7257 4.4
      vertex 29.6248 -32.2564 5
      vertex 29.6233 -32.2574 5
    endloop
  endfacet
  facet normal 0.470464 0.536573 0.700538
    outer loop
      vertex 29.899 -34.001 4.4
      vertex 29.483 -34.4196 5
      vertex 29.9826 -34.0743 4.4
    endloop
  endfacet
  facet normal 0.464589 0.542021 0.700265
    outer loop
      vertex 29.483 -34.4196 5
      vertex 29.899 -34.001 4.4
      vertex 29.4816 -34.4184 5
    endloop
  endfacet
  facet normal -0.229138 0.67586 0.700507
    outer loop
      vertex 30.72 -34.221 4.4
      vertex 30.8745 -34.7905 5
      vertex 30.8253 -34.1853 4.4
    endloop
  endfacet
  facet normal -0.225641 0.676923 0.700615
    outer loop
      vertex 30.8745 -34.7905 5
      vertex 30.72 -34.221 4.4
      vertex 30.8727 -34.7911 5
    endloop
  endfacet
  facet normal 0.0466612 0.712157 0.700468
    outer loop
      vertex 30.4982 -34.84 5
      vertex 30.3891 -34.2427 4.4
      vertex 30.312 -34.8278 5
    endloop
  endfacet
  facet normal -0.675766 0.229592 0.700449
    outer loop
      vertex 31.8305 -33.9511 5
      vertex 31.8905 -33.7745 5
      vertex 31.2853 -33.7253 4.4
    endloop
  endfacet
  facet normal 0.0468786 -0.712169 0.700441
    outer loop
      vertex 30.5 -32.55 4.4
      vertex 30.4982 -31.96 5
      vertex 30.3891 -32.5573 4.4
    endloop
  endfacet
  facet normal 0.0789643 -0.710679 0.699071
    outer loop
      vertex 30.4982 -31.96 5
      vertex 30.5 -32.55 4.4
      vertex 30.5 -31.9598 5
    endloop
  endfacet
  facet normal 0.710679 0.0789643 0.699071
    outer loop
      vertex 29.06 -33.4018 5
      vertex 29.65 -33.4 4.4
      vertex 29.0598 -33.4 5
    endloop
  endfacet
  facet normal 0.712169 0.0468786 0.700441
    outer loop
      vertex 29.65 -33.4 4.4
      vertex 29.06 -33.4018 5
      vertex 29.6573 -33.5109 4.4
    endloop
  endfacet
  facet normal 0.675766 -0.229592 0.700449
    outer loop
      vertex 29.7147 -33.0747 4.4
      vertex 29.1695 -32.8489 5
      vertex 29.1095 -33.0255 5
    endloop
  endfacet
  facet normal -0.0468786 0.712169 0.700441
    outer loop
      vertex 30.5 -34.25 4.4
      vertex 30.5018 -34.84 5
      vertex 30.6109 -34.2427 4.4
    endloop
  endfacet
  facet normal -0.0789643 0.710679 0.699071
    outer loop
      vertex 30.5018 -34.84 5
      vertex 30.5 -34.25 4.4
      vertex 30.5 -34.8402 5
    endloop
  endfacet
  facet normal -0.229592 0.675766 0.700449
    outer loop
      vertex 30.8745 -34.7905 5
      vertex 31.0511 -34.7305 5
      vertex 30.8253 -34.1853 4.4
    endloop
  endfacet
  facet normal -0.699966 -0.139228 0.700474
    outer loop
      vertex 31.9278 -33.212 5
      vertex 31.8914 -33.029 5
      vertex 31.3427 -33.2891 4.4
    endloop
  endfacet
  facet normal 0.139224 0.699967 0.700473
    outer loop
      vertex 30.28 -34.221 4.4
      vertex 30.129 -34.7914 5
      vertex 30.3891 -34.2427 4.4
    endloop
  endfacet
  facet normal 0.124124 0.703367 0.699906
    outer loop
      vertex 30.129 -34.7914 5
      vertex 30.28 -34.221 4.4
      vertex 30.1273 -34.7911 5
    endloop
  endfacet
  facet normal -0.225641 -0.676923 0.700615
    outer loop
      vertex 30.72 -32.579 4.4
      vertex 30.8745 -32.0095 5
      vertex 30.8727 -32.0089 5
    endloop
  endfacet
  facet normal -0.229138 -0.67586 0.700507
    outer loop
      vertex 30.8745 -32.0095 5
      vertex 30.72 -32.579 4.4
      vertex 30.8253 -32.6147 4.4
    endloop
  endfacet
  facet normal -0.536244 0.470817 0.700553
    outer loop
      vertex 31.101 -34.001 4.4
      vertex 31.5196 -34.417 5
      vertex 31.1744 -33.9174 4.4
    endloop
  endfacet
  facet normal -0.542021 0.464589 0.700265
    outer loop
      vertex 31.5196 -34.417 5
      vertex 31.101 -34.001 4.4
      vertex 31.5184 -34.4184 5
    endloop
  endfacet
  facet normal 0.712157 0.0466612 0.700468
    outer loop
      vertex 29.0722 -33.588 5
      vertex 29.6573 -33.5109 4.4
      vertex 29.06 -33.4018 5
    endloop
  endfacet
  facet normal -0.542021 -0.464589 0.700265
    outer loop
      vertex 31.101 -32.799 4.4
      vertex 31.5196 -32.383 5
      vertex 31.5184 -32.3816 5
    endloop
  endfacet
  facet normal -0.536244 -0.470817 0.700553
    outer loop
      vertex 31.5196 -32.383 5
      vertex 31.101 -32.799 4.4
      vertex 31.1744 -32.8826 4.4
    endloop
  endfacet
  facet normal 0.640112 -0.315656 0.700441
    outer loop
      vertex 29.7147 -33.0747 4.4
      vertex 29.252 -32.6816 5
      vertex 29.1695 -32.8489 5
    endloop
  endfacet
  facet normal -0.139228 -0.699966 0.700474
    outer loop
      vertex 30.871 -32.0086 5
      vertex 30.688 -31.9722 5
      vertex 30.6109 -32.5573 4.4
    endloop
  endfacet
  facet normal 0.139224 -0.699967 0.700473
    outer loop
      vertex 30.129 -32.0086 5
      vertex 30.28 -32.579 4.4
      vertex 30.3891 -32.5573 4.4
    endloop
  endfacet
  facet normal 0.124124 -0.703367 0.699906
    outer loop
      vertex 30.28 -32.579 4.4
      vertex 30.129 -32.0086 5
      vertex 30.1273 -32.0089 5
    endloop
  endfacet
  facet normal 0.536244 0.470817 0.700553
    outer loop
      vertex 29.4804 -34.417 5
      vertex 29.899 -34.001 4.4
      vertex 29.8256 -33.9174 4.4
    endloop
  endfacet
  facet normal 0.542021 0.464589 0.700265
    outer loop
      vertex 29.899 -34.001 4.4
      vertex 29.4804 -34.417 5
      vertex 29.4816 -34.4184 5
    endloop
  endfacet
  facet normal -0.304083 -0.646176 0.699993
    outer loop
      vertex 31.2184 -32.152 5
      vertex 30.925 -32.6639 4.4
      vertex 31.2201 -32.1528 5
    endloop
  endfacet
  facet normal -0.315827 -0.64 0.700466
    outer loop
      vertex 30.925 -32.6639 4.4
      vertex 31.2184 -32.152 5
      vertex 30.8253 -32.6147 4.4
    endloop
  endfacet
  facet normal 0.712157 -0.0466612 0.700468
    outer loop
      vertex 29.6573 -33.2891 4.4
      vertex 29.0722 -33.212 5
      vertex 29.06 -33.3982 5
    endloop
  endfacet
  facet normal 0.593453 0.3964 0.700486
    outer loop
      vertex 29.3564 -34.2752 5
      vertex 29.7639 -33.825 4.4
      vertex 29.2528 -34.1201 5
    endloop
  endfacet
  facet normal -0.0466612 -0.712157 0.700468
    outer loop
      vertex 30.6109 -32.5573 4.4
      vertex 30.688 -31.9722 5
      vertex 30.5018 -31.96 5
    endloop
  endfacet
  facet normal -0.39586 0.593789 0.700507
    outer loop
      vertex 31.0174 -34.0743 4.4
      vertex 31.3752 -34.5436 5
      vertex 31.3767 -34.5426 5
    endloop
  endfacet
  facet normal -0.39673 0.593169 0.70054
    outer loop
      vertex 31.3752 -34.5436 5
      vertex 31.0174 -34.0743 4.4
      vertex 30.925 -34.1361 4.4
    endloop
  endfacet
  facet normal -0.0466612 0.712157 0.700468
    outer loop
      vertex 30.688 -34.8278 5
      vertex 30.6109 -34.2427 4.4
      vertex 30.5018 -34.84 5
    endloop
  endfacet
  facet normal -0.315656 -0.640112 0.700441
    outer loop
      vertex 31.2184 -32.152 5
      vertex 31.0511 -32.0695 5
      vertex 30.8253 -32.6147 4.4
    endloop
  endfacet
  facet normal -0.676923 0.225641 0.700615
    outer loop
      vertex 31.321 -33.62 4.4
      vertex 31.8905 -33.7745 5
      vertex 31.8911 -33.7727 5
    endloop
  endfacet
  facet normal -0.67586 0.229138 0.700507
    outer loop
      vertex 31.8905 -33.7745 5
      vertex 31.321 -33.62 4.4
      vertex 31.2853 -33.7253 4.4
    endloop
  endfacet
  facet normal 0.710679 -0.0789643 0.699071
    outer loop
      vertex 29.65 -33.4 4.4
      vertex 29.06 -33.3982 5
      vertex 29.0598 -33.4 5
    endloop
  endfacet
  facet normal 0.712169 -0.0468786 0.700441
    outer loop
      vertex 29.06 -33.3982 5
      vertex 29.65 -33.4 4.4
      vertex 29.6573 -33.2891 4.4
    endloop
  endfacet
  facet normal 0.139228 0.699966 0.700474
    outer loop
      vertex 30.312 -34.8278 5
      vertex 30.3891 -34.2427 4.4
      vertex 30.129 -34.7914 5
    endloop
  endfacet
  facet normal -0.699966 0.139228 0.700474
    outer loop
      vertex 31.8914 -33.771 5
      vertex 31.9278 -33.588 5
      vertex 31.3427 -33.5109 4.4
    endloop
  endfacet
  facet normal -0.640112 0.315656 0.700441
    outer loop
      vertex 31.748 -34.1184 5
      vertex 31.8305 -33.9511 5
      vertex 31.2853 -33.7253 4.4
    endloop
  endfacet
  facet normal -0.712157 -0.0466612 0.700468
    outer loop
      vertex 31.94 -33.3982 5
      vertex 31.9278 -33.212 5
      vertex 31.3427 -33.2891 4.4
    endloop
  endfacet
  facet normal -0.710679 0.0789643 0.699071
    outer loop
      vertex 31.35 -33.4 4.4
      vertex 31.94 -33.4018 5
      vertex 31.9402 -33.4 5
    endloop
  endfacet
  facet normal -0.712169 0.0468786 0.700441
    outer loop
      vertex 31.94 -33.4018 5
      vertex 31.35 -33.4 4.4
      vertex 31.3427 -33.5109 4.4
    endloop
  endfacet
  facet normal -0.712157 0.0466612 0.700468
    outer loop
      vertex 31.9278 -33.588 5
      vertex 31.94 -33.4018 5
      vertex 31.3427 -33.5109 4.4
    endloop
  endfacet
  facet normal 0.3964 0.593453 0.700486
    outer loop
      vertex 29.7799 -34.6472 5
      vertex 30.075 -34.1361 4.4
      vertex 29.6248 -34.5436 5
    endloop
  endfacet
  facet normal -0.640112 -0.315656 0.700441
    outer loop
      vertex 31.8305 -32.8489 5
      vertex 31.748 -32.6816 5
      vertex 31.2853 -33.0747 4.4
    endloop
  endfacet
  facet normal 0.0789643 0.710679 0.699071
    outer loop
      vertex 30.5 -34.25 4.4
      vertex 30.4982 -34.84 5
      vertex 30.5 -34.8402 5
    endloop
  endfacet
  facet normal 0.0468786 0.712169 0.700441
    outer loop
      vertex 30.4982 -34.84 5
      vertex 30.5 -34.25 4.4
      vertex 30.3891 -34.2427 4.4
    endloop
  endfacet
  facet normal 0.64 0.315827 0.700466
    outer loop
      vertex 29.252 -34.1184 5
      vertex 29.7639 -33.825 4.4
      vertex 29.7147 -33.7253 4.4
    endloop
  endfacet
  facet normal 0.646176 0.304083 0.699993
    outer loop
      vertex 29.7639 -33.825 4.4
      vertex 29.252 -34.1184 5
      vertex 29.2528 -34.1201 5
    endloop
  endfacet
  facet normal -0.593453 0.3964 0.700486
    outer loop
      vertex 31.6436 -34.2752 5
      vertex 31.7472 -34.1201 5
      vertex 31.2361 -33.825 4.4
    endloop
  endfacet
  facet normal -0.3964 -0.593453 0.700486
    outer loop
      vertex 31.3752 -32.2564 5
      vertex 31.2201 -32.1528 5
      vertex 30.925 -32.6639 4.4
    endloop
  endfacet
  facet normal -0.470437 0.536604 0.700532
    outer loop
      vertex 31.3767 -34.5426 5
      vertex 31.517 -34.4196 5
      vertex 31.0174 -34.0743 4.4
    endloop
  endfacet
  facet normal 0.593831 -0.395887 0.700456
    outer loop
      vertex 29.3564 -32.5248 5
      vertex 29.8256 -32.8826 4.4
      vertex 29.3574 -32.5233 5
    endloop
  endfacet
  facet normal 0.59352 -0.396322 0.700473
    outer loop
      vertex 29.8256 -32.8826 4.4
      vertex 29.3564 -32.5248 5
      vertex 29.7639 -32.975 4.4
    endloop
  endfacet
  facet normal -0.304083 0.646176 0.699993
    outer loop
      vertex 30.925 -34.1361 4.4
      vertex 31.2184 -34.648 5
      vertex 31.2201 -34.6472 5
    endloop
  endfacet
  facet normal -0.315827 0.64 0.700466
    outer loop
      vertex 31.2184 -34.648 5
      vertex 30.925 -34.1361 4.4
      vertex 30.8253 -34.1853 4.4
    endloop
  endfacet
  facet normal -0.315656 0.640112 0.700441
    outer loop
      vertex 31.0511 -34.7305 5
      vertex 31.2184 -34.648 5
      vertex 30.8253 -34.1853 4.4
    endloop
  endfacet
  facet normal -0.675766 -0.229592 0.700449
    outer loop
      vertex 31.8905 -33.0255 5
      vertex 31.8305 -32.8489 5
      vertex 31.2853 -33.0747 4.4
    endloop
  endfacet
  facet normal -0.646176 -0.304083 0.699993
    outer loop
      vertex 31.2361 -32.975 4.4
      vertex 31.748 -32.6816 5
      vertex 31.7472 -32.6799 5
    endloop
  endfacet
  facet normal -0.64 -0.315827 0.700466
    outer loop
      vertex 31.748 -32.6816 5
      vertex 31.2361 -32.975 4.4
      vertex 31.2853 -33.0747 4.4
    endloop
  endfacet
  facet normal 0.229592 0.675766 0.700449
    outer loop
      vertex 30.1255 -34.7905 5
      vertex 30.1747 -34.1853 4.4
      vertex 29.9489 -34.7305 5
    endloop
  endfacet
  facet normal 0.315656 -0.640112 0.700441
    outer loop
      vertex 30.1747 -32.6147 4.4
      vertex 29.9489 -32.0695 5
      vertex 29.7816 -32.152 5
    endloop
  endfacet
  facet normal 0.470437 -0.536604 0.700532
    outer loop
      vertex 29.9826 -32.7257 4.4
      vertex 29.6233 -32.2574 5
      vertex 29.483 -32.3804 5
    endloop
  endfacet
  facet normal 0.699966 -0.139228 0.700474
    outer loop
      vertex 29.6573 -33.2891 4.4
      vertex 29.1086 -33.029 5
      vertex 29.0722 -33.212 5
    endloop
  endfacet
  facet normal 0.640112 0.315656 0.700441
    outer loop
      vertex 29.252 -34.1184 5
      vertex 29.7147 -33.7253 4.4
      vertex 29.1695 -33.9511 5
    endloop
  endfacet
  facet normal 0.225641 -0.676923 0.700615
    outer loop
      vertex 30.1255 -32.0095 5
      vertex 30.28 -32.579 4.4
      vertex 30.1273 -32.0089 5
    endloop
  endfacet
  facet normal 0.229138 -0.67586 0.700507
    outer loop
      vertex 30.28 -32.579 4.4
      vertex 30.1255 -32.0095 5
      vertex 30.1747 -32.6147 4.4
    endloop
  endfacet
  facet normal 0.0466612 -0.712157 0.700468
    outer loop
      vertex 30.3891 -32.5573 4.4
      vertex 30.4982 -31.96 5
      vertex 30.312 -31.9722 5
    endloop
  endfacet
  facet normal 0.139228 -0.699966 0.700474
    outer loop
      vertex 30.3891 -32.5573 4.4
      vertex 30.312 -31.9722 5
      vertex 30.129 -32.0086 5
    endloop
  endfacet
  facet normal -0.536637 -0.470466 0.700487
    outer loop
      vertex 31.6426 -32.5233 5
      vertex 31.5196 -32.383 5
      vertex 31.1744 -32.8826 4.4
    endloop
  endfacet
  facet normal 0.67586 -0.229138 0.700507
    outer loop
      vertex 29.1095 -33.0255 5
      vertex 29.679 -33.18 4.4
      vertex 29.7147 -33.0747 4.4
    endloop
  endfacet
  facet normal 0.676923 -0.225641 0.700615
    outer loop
      vertex 29.679 -33.18 4.4
      vertex 29.1095 -33.0255 5
      vertex 29.1089 -33.0273 5
    endloop
  endfacet
  facet normal -0.124124 -0.703367 0.699906
    outer loop
      vertex 30.871 -32.0086 5
      vertex 30.72 -32.579 4.4
      vertex 30.8727 -32.0089 5
    endloop
  endfacet
  facet normal -0.139224 -0.699967 0.700473
    outer loop
      vertex 30.72 -32.579 4.4
      vertex 30.871 -32.0086 5
      vertex 30.6109 -32.5573 4.4
    endloop
  endfacet
  facet normal 0.699967 0.139224 0.700473
    outer loop
      vertex 29.1086 -33.771 5
      vertex 29.679 -33.62 4.4
      vertex 29.6573 -33.5109 4.4
    endloop
  endfacet
  facet normal 0.703367 0.124124 0.699906
    outer loop
      vertex 29.679 -33.62 4.4
      vertex 29.1086 -33.771 5
      vertex 29.1089 -33.7727 5
    endloop
  endfacet
  facet normal -0.0789643 -0.710679 0.699071
    outer loop
      vertex 30.5 -32.55 4.4
      vertex 30.5018 -31.96 5
      vertex 30.5 -31.9598 5
    endloop
  endfacet
  facet normal -0.0468786 -0.712169 0.700441
    outer loop
      vertex 30.5018 -31.96 5
      vertex 30.5 -32.55 4.4
      vertex 30.6109 -32.5573 4.4
    endloop
  endfacet
  facet normal -0.699967 0.139224 0.700473
    outer loop
      vertex 31.321 -33.62 4.4
      vertex 31.8914 -33.771 5
      vertex 31.3427 -33.5109 4.4
    endloop
  endfacet
  facet normal -0.703367 0.124124 0.699906
    outer loop
      vertex 31.8914 -33.771 5
      vertex 31.321 -33.62 4.4
      vertex 31.8911 -33.7727 5
    endloop
  endfacet
  facet normal -0.470437 -0.536604 0.700532
    outer loop
      vertex 31.517 -32.3804 5
      vertex 31.3767 -32.2574 5
      vertex 31.0174 -32.7257 4.4
    endloop
  endfacet
  facet normal -0.124124 0.703367 0.699906
    outer loop
      vertex 30.72 -34.221 4.4
      vertex 30.871 -34.7914 5
      vertex 30.8727 -34.7911 5
    endloop
  endfacet
  facet normal -0.139224 0.699967 0.700473
    outer loop
      vertex 30.871 -34.7914 5
      vertex 30.72 -34.221 4.4
      vertex 30.6109 -34.2427 4.4
    endloop
  endfacet
  facet normal -0.64 0.315827 0.700466
    outer loop
      vertex 31.2361 -33.825 4.4
      vertex 31.748 -34.1184 5
      vertex 31.2853 -33.7253 4.4
    endloop
  endfacet
  facet normal -0.646176 0.304083 0.699993
    outer loop
      vertex 31.748 -34.1184 5
      vertex 31.2361 -33.825 4.4
      vertex 31.7472 -34.1201 5
    endloop
  endfacet
  facet normal -0.593453 -0.3964 0.700486
    outer loop
      vertex 31.7472 -32.6799 5
      vertex 31.6436 -32.5248 5
      vertex 31.2361 -32.975 4.4
    endloop
  endfacet
  facet normal -0.676923 -0.225641 0.700615
    outer loop
      vertex 31.8905 -33.0255 5
      vertex 31.321 -33.18 4.4
      vertex 31.8911 -33.0273 5
    endloop
  endfacet
  facet normal -0.67586 -0.229138 0.700507
    outer loop
      vertex 31.321 -33.18 4.4
      vertex 31.8905 -33.0255 5
      vertex 31.2853 -33.0747 4.4
    endloop
  endfacet
  facet normal -0.703367 -0.124124 0.699906
    outer loop
      vertex 31.321 -33.18 4.4
      vertex 31.8914 -33.029 5
      vertex 31.8911 -33.0273 5
    endloop
  endfacet
  facet normal -0.699967 -0.139224 0.700473
    outer loop
      vertex 31.8914 -33.029 5
      vertex 31.321 -33.18 4.4
      vertex 31.3427 -33.2891 4.4
    endloop
  endfacet
  facet normal 0.59352 0.396322 0.700473
    outer loop
      vertex 29.3564 -34.2752 5
      vertex 29.8256 -33.9174 4.4
      vertex 29.7639 -33.825 4.4
    endloop
  endfacet
  facet normal 0.593831 0.395887 0.700456
    outer loop
      vertex 29.8256 -33.9174 4.4
      vertex 29.3564 -34.2752 5
      vertex 29.3574 -34.2767 5
    endloop
  endfacet
  facet normal -0.536637 0.470466 0.700487
    outer loop
      vertex 31.5196 -34.417 5
      vertex 31.6426 -34.2767 5
      vertex 31.1744 -33.9174 4.4
    endloop
  endfacet
  facet normal -0.464589 -0.542021 0.700265
    outer loop
      vertex 31.517 -32.3804 5
      vertex 31.101 -32.799 4.4
      vertex 31.5184 -32.3816 5
    endloop
  endfacet
  facet normal -0.470464 -0.536573 0.700538
    outer loop
      vertex 31.101 -32.799 4.4
      vertex 31.517 -32.3804 5
      vertex 31.0174 -32.7257 4.4
    endloop
  endfacet
  facet normal 0.699966 0.139228 0.700474
    outer loop
      vertex 29.1086 -33.771 5
      vertex 29.6573 -33.5109 4.4
      vertex 29.0722 -33.588 5
    endloop
  endfacet
  facet normal 0.67586 0.229138 0.700507
    outer loop
      vertex 29.679 -33.62 4.4
      vertex 29.1095 -33.7745 5
      vertex 29.7147 -33.7253 4.4
    endloop
  endfacet
  facet normal 0.676923 0.225641 0.700615
    outer loop
      vertex 29.1095 -33.7745 5
      vertex 29.679 -33.62 4.4
      vertex 29.1089 -33.7727 5
    endloop
  endfacet
  facet normal 0.542021 -0.464589 0.700265
    outer loop
      vertex 29.4804 -32.383 5
      vertex 29.899 -32.799 4.4
      vertex 29.4816 -32.3816 5
    endloop
  endfacet
  facet normal 0.536244 -0.470817 0.700553
    outer loop
      vertex 29.899 -32.799 4.4
      vertex 29.4804 -32.383 5
      vertex 29.8256 -32.8826 4.4
    endloop
  endfacet
  facet normal 0.703367 -0.124124 0.699906
    outer loop
      vertex 29.1086 -33.029 5
      vertex 29.679 -33.18 4.4
      vertex 29.1089 -33.0273 5
    endloop
  endfacet
  facet normal 0.699967 -0.139224 0.700473
    outer loop
      vertex 29.679 -33.18 4.4
      vertex 29.1086 -33.029 5
      vertex 29.6573 -33.2891 4.4
    endloop
  endfacet
  facet normal -0.39586 -0.593789 0.700507
    outer loop
      vertex 31.3752 -32.2564 5
      vertex 31.0174 -32.7257 4.4
      vertex 31.3767 -32.2574 5
    endloop
  endfacet
  facet normal -0.39673 -0.593169 0.70054
    outer loop
      vertex 31.0174 -32.7257 4.4
      vertex 31.3752 -32.2564 5
      vertex 30.925 -32.6639 4.4
    endloop
  endfacet
  facet normal 0.315827 0.64 0.700466
    outer loop
      vertex 30.075 -34.1361 4.4
      vertex 29.7816 -34.648 5
      vertex 30.1747 -34.1853 4.4
    endloop
  endfacet
  facet normal 0.304083 0.646176 0.699993
    outer loop
      vertex 29.7816 -34.648 5
      vertex 30.075 -34.1361 4.4
      vertex 29.7799 -34.6472 5
    endloop
  endfacet
  facet normal 0.646176 -0.304083 0.699993
    outer loop
      vertex 29.252 -32.6816 5
      vertex 29.7639 -32.975 4.4
      vertex 29.2528 -32.6799 5
    endloop
  endfacet
  facet normal 0.64 -0.315827 0.700466
    outer loop
      vertex 29.7639 -32.975 4.4
      vertex 29.252 -32.6816 5
      vertex 29.7147 -33.0747 4.4
    endloop
  endfacet
  facet normal 0.593453 -0.3964 0.700486
    outer loop
      vertex 29.7639 -32.975 4.4
      vertex 29.3564 -32.5248 5
      vertex 29.2528 -32.6799 5
    endloop
  endfacet
  facet normal -0.195079 -0.980788 0
    outer loop
      vertex 30.6109 -46.5573 -5.72205e-07
      vertex 30.72 -46.579 4.4
      vertex 30.6109 -46.5573 4.4
    endloop
  endfacet
  facet normal -0.195079 -0.980788 -0
    outer loop
      vertex 30.72 -46.579 4.4
      vertex 30.6109 -46.5573 -5.72205e-07
      vertex 30.72 -46.579 -5.72205e-07
    endloop
  endfacet
  facet normal -0.980788 -0.195079 0
    outer loop
      vertex 31.3427 -47.2891 -5.72205e-07
      vertex 31.321 -47.18 4.4
      vertex 31.321 -47.18 -5.72205e-07
    endloop
  endfacet
  facet normal -0.980788 -0.195079 0
    outer loop
      vertex 31.321 -47.18 4.4
      vertex 31.3427 -47.2891 -5.72205e-07
      vertex 31.3427 -47.2891 4.4
    endloop
  endfacet
  facet normal -0.997841 -0.0656829 0
    outer loop
      vertex 31.35 -47.4 -5.72205e-07
      vertex 31.3427 -47.2891 4.4
      vertex 31.3427 -47.2891 -5.72205e-07
    endloop
  endfacet
  facet normal -0.997841 -0.0656829 0
    outer loop
      vertex 31.3427 -47.2891 4.4
      vertex 31.35 -47.4 -5.72205e-07
      vertex 31.35 -47.4 4.4
    endloop
  endfacet
  facet normal -0.947052 -0.32108 0
    outer loop
      vertex 31.321 -47.18 -5.72205e-07
      vertex 31.2853 -47.0747 4.4
      vertex 31.2853 -47.0747 -5.72205e-07
    endloop
  endfacet
  facet normal -0.947052 -0.32108 0
    outer loop
      vertex 31.2853 -47.0747 4.4
      vertex 31.321 -47.18 -5.72205e-07
      vertex 31.321 -47.18 4.4
    endloop
  endfacet
  facet normal -0.831635 -0.555323 0
    outer loop
      vertex 31.2361 -46.975 -5.72205e-07
      vertex 31.1744 -46.8826 4.4
      vertex 31.1744 -46.8826 -5.72205e-07
    endloop
  endfacet
  facet normal -0.831635 -0.555323 0
    outer loop
      vertex 31.1744 -46.8826 4.4
      vertex 31.2361 -46.975 -5.72205e-07
      vertex 31.2361 -46.975 4.4
    endloop
  endfacet
  facet normal -0.32108 -0.947052 0
    outer loop
      vertex 30.72 -46.579 -5.72205e-07
      vertex 30.8253 -46.6147 4.4
      vertex 30.72 -46.579 4.4
    endloop
  endfacet
  facet normal -0.32108 -0.947052 -0
    outer loop
      vertex 30.8253 -46.6147 4.4
      vertex 30.72 -46.579 -5.72205e-07
      vertex 30.8253 -46.6147 -5.72205e-07
    endloop
  endfacet
  facet normal 0.980788 0.195079 0
    outer loop
      vertex 29.679 -47.62 4.4
      vertex 29.6573 -47.5109 -5.72205e-07
      vertex 29.6573 -47.5109 4.4
    endloop
  endfacet
  facet normal 0.980788 0.195079 0
    outer loop
      vertex 29.6573 -47.5109 -5.72205e-07
      vertex 29.679 -47.62 4.4
      vertex 29.679 -47.62 -5.72205e-07
    endloop
  endfacet
  facet normal -0.997841 0.0656829 0
    outer loop
      vertex 31.3427 -47.5109 -5.72205e-07
      vertex 31.35 -47.4 4.4
      vertex 31.35 -47.4 -5.72205e-07
    endloop
  endfacet
  facet normal -0.997841 0.0656829 0
    outer loop
      vertex 31.35 -47.4 4.4
      vertex 31.3427 -47.5109 -5.72205e-07
      vertex 31.3427 -47.5109 4.4
    endloop
  endfacet
  facet normal 0.997841 0.0656829 0
    outer loop
      vertex 29.6573 -47.5109 4.4
      vertex 29.65 -47.4 -5.72205e-07
      vertex 29.65 -47.4 4.4
    endloop
  endfacet
  facet normal 0.997841 0.0656829 0
    outer loop
      vertex 29.65 -47.4 -5.72205e-07
      vertex 29.6573 -47.5109 4.4
      vertex 29.6573 -47.5109 -5.72205e-07
    endloop
  endfacet
  facet normal 0.32108 0.947052 -0
    outer loop
      vertex 30.28 -48.221 -5.72205e-07
      vertex 30.1747 -48.1853 4.4
      vertex 30.28 -48.221 4.4
    endloop
  endfacet
  facet normal 0.32108 0.947052 0
    outer loop
      vertex 30.1747 -48.1853 4.4
      vertex 30.28 -48.221 -5.72205e-07
      vertex 30.1747 -48.1853 -5.72205e-07
    endloop
  endfacet
  facet normal -0.896754 -0.44253 0
    outer loop
      vertex 31.2853 -47.0747 -5.72205e-07
      vertex 31.2361 -46.975 4.4
      vertex 31.2361 -46.975 -5.72205e-07
    endloop
  endfacet
  facet normal -0.896754 -0.44253 0
    outer loop
      vertex 31.2361 -46.975 4.4
      vertex 31.2853 -47.0747 -5.72205e-07
      vertex 31.2853 -47.0747 4.4
    endloop
  endfacet
  facet normal -0.751462 -0.659776 0
    outer loop
      vertex 31.1744 -46.8826 -5.72205e-07
      vertex 31.101 -46.799 4.4
      vertex 31.101 -46.799 -5.72205e-07
    endloop
  endfacet
  facet normal -0.751462 -0.659776 0
    outer loop
      vertex 31.101 -46.799 4.4
      vertex 31.1744 -46.8826 -5.72205e-07
      vertex 31.1744 -46.8826 4.4
    endloop
  endfacet
  facet normal -0.947052 0.32108 0
    outer loop
      vertex 31.2853 -47.7253 -5.72205e-07
      vertex 31.321 -47.62 4.4
      vertex 31.321 -47.62 -5.72205e-07
    endloop
  endfacet
  facet normal -0.947052 0.32108 0
    outer loop
      vertex 31.321 -47.62 4.4
      vertex 31.2853 -47.7253 -5.72205e-07
      vertex 31.2853 -47.7253 4.4
    endloop
  endfacet
  facet normal 0.751462 0.659776 0
    outer loop
      vertex 29.899 -48.001 4.4
      vertex 29.8256 -47.9174 -5.72205e-07
      vertex 29.8256 -47.9174 4.4
    endloop
  endfacet
  facet normal 0.751462 0.659776 0
    outer loop
      vertex 29.8256 -47.9174 -5.72205e-07
      vertex 29.899 -48.001 4.4
      vertex 29.899 -48.001 -5.72205e-07
    endloop
  endfacet
  facet normal -0.980788 0.195079 0
    outer loop
      vertex 31.321 -47.62 -5.72205e-07
      vertex 31.3427 -47.5109 4.4
      vertex 31.3427 -47.5109 -5.72205e-07
    endloop
  endfacet
  facet normal -0.980788 0.195079 0
    outer loop
      vertex 31.3427 -47.5109 4.4
      vertex 31.321 -47.62 -5.72205e-07
      vertex 31.321 -47.62 4.4
    endloop
  endfacet
  facet normal -0.0656829 0.997841 0
    outer loop
      vertex 30.6109 -48.2427 -5.72205e-07
      vertex 30.5 -48.25 4.4
      vertex 30.6109 -48.2427 4.4
    endloop
  endfacet
  facet normal -0.0656829 0.997841 0
    outer loop
      vertex 30.5 -48.25 4.4
      vertex 30.6109 -48.2427 -5.72205e-07
      vertex 30.5 -48.25 -5.72205e-07
    endloop
  endfacet
  facet normal 0.947052 0.32108 0
    outer loop
      vertex 29.7147 -47.7253 4.4
      vertex 29.679 -47.62 -5.72205e-07
      vertex 29.679 -47.62 4.4
    endloop
  endfacet
  facet normal 0.947052 0.32108 0
    outer loop
      vertex 29.679 -47.62 -5.72205e-07
      vertex 29.7147 -47.7253 4.4
      vertex 29.7147 -47.7253 -5.72205e-07
    endloop
  endfacet
  facet normal -0.831635 0.555323 0
    outer loop
      vertex 31.1744 -47.9174 -5.72205e-07
      vertex 31.2361 -47.825 4.4
      vertex 31.2361 -47.825 -5.72205e-07
    endloop
  endfacet
  facet normal -0.831635 0.555323 0
    outer loop
      vertex 31.2361 -47.825 4.4
      vertex 31.1744 -47.9174 -5.72205e-07
      vertex 31.1744 -47.9174 4.4
    endloop
  endfacet
  facet normal -0.44253 -0.896754 0
    outer loop
      vertex 30.8253 -46.6147 -5.72205e-07
      vertex 30.925 -46.6639 4.4
      vertex 30.8253 -46.6147 4.4
    endloop
  endfacet
  facet normal -0.44253 -0.896754 -0
    outer loop
      vertex 30.925 -46.6639 4.4
      vertex 30.8253 -46.6147 -5.72205e-07
      vertex 30.925 -46.6639 -5.72205e-07
    endloop
  endfacet
  facet normal 0.44253 -0.896754 0
    outer loop
      vertex 30.075 -46.6639 -5.72205e-07
      vertex 30.1747 -46.6147 4.4
      vertex 30.075 -46.6639 4.4
    endloop
  endfacet
  facet normal 0.44253 -0.896754 0
    outer loop
      vertex 30.1747 -46.6147 4.4
      vertex 30.075 -46.6639 -5.72205e-07
      vertex 30.1747 -46.6147 -5.72205e-07
    endloop
  endfacet
  facet normal -0.44253 0.896754 0
    outer loop
      vertex 30.925 -48.1361 -5.72205e-07
      vertex 30.8253 -48.1853 4.4
      vertex 30.925 -48.1361 4.4
    endloop
  endfacet
  facet normal -0.44253 0.896754 0
    outer loop
      vertex 30.8253 -48.1853 4.4
      vertex 30.925 -48.1361 -5.72205e-07
      vertex 30.8253 -48.1853 -5.72205e-07
    endloop
  endfacet
  facet normal -0.32108 0.947052 0
    outer loop
      vertex 30.8253 -48.1853 -5.72205e-07
      vertex 30.72 -48.221 4.4
      vertex 30.8253 -48.1853 4.4
    endloop
  endfacet
  facet normal -0.32108 0.947052 0
    outer loop
      vertex 30.72 -48.221 4.4
      vertex 30.8253 -48.1853 -5.72205e-07
      vertex 30.72 -48.221 -5.72205e-07
    endloop
  endfacet
  facet normal 0.195079 0.980788 -0
    outer loop
      vertex 30.3891 -48.2427 -5.72205e-07
      vertex 30.28 -48.221 4.4
      vertex 30.3891 -48.2427 4.4
    endloop
  endfacet
  facet normal 0.195079 0.980788 0
    outer loop
      vertex 30.28 -48.221 4.4
      vertex 30.3891 -48.2427 -5.72205e-07
      vertex 30.28 -48.221 -5.72205e-07
    endloop
  endfacet
  facet normal 0.947052 -0.32108 0
    outer loop
      vertex 29.679 -47.18 4.4
      vertex 29.7147 -47.0747 -5.72205e-07
      vertex 29.7147 -47.0747 4.4
    endloop
  endfacet
  facet normal 0.947052 -0.32108 0
    outer loop
      vertex 29.7147 -47.0747 -5.72205e-07
      vertex 29.679 -47.18 4.4
      vertex 29.679 -47.18 -5.72205e-07
    endloop
  endfacet
  facet normal 0.195079 -0.980788 0
    outer loop
      vertex 30.28 -46.579 -5.72205e-07
      vertex 30.3891 -46.5573 4.4
      vertex 30.28 -46.579 4.4
    endloop
  endfacet
  facet normal 0.195079 -0.980788 0
    outer loop
      vertex 30.3891 -46.5573 4.4
      vertex 30.28 -46.579 -5.72205e-07
      vertex 30.3891 -46.5573 -5.72205e-07
    endloop
  endfacet
  facet normal 0.555945 -0.831219 0
    outer loop
      vertex 29.9826 -46.7257 -5.72205e-07
      vertex 30.075 -46.6639 4.4
      vertex 29.9826 -46.7257 4.4
    endloop
  endfacet
  facet normal 0.555945 -0.831219 0
    outer loop
      vertex 30.075 -46.6639 4.4
      vertex 29.9826 -46.7257 -5.72205e-07
      vertex 30.075 -46.6639 -5.72205e-07
    endloop
  endfacet
  facet normal -0.555945 0.831219 0
    outer loop
      vertex 31.0174 -48.0743 -5.72205e-07
      vertex 30.925 -48.1361 4.4
      vertex 31.0174 -48.0743 4.4
    endloop
  endfacet
  facet normal -0.555945 0.831219 0
    outer loop
      vertex 30.925 -48.1361 4.4
      vertex 31.0174 -48.0743 -5.72205e-07
      vertex 30.925 -48.1361 -5.72205e-07
    endloop
  endfacet
  facet normal -0.195079 0.980788 0
    outer loop
      vertex 30.72 -48.221 -5.72205e-07
      vertex 30.6109 -48.2427 4.4
      vertex 30.72 -48.221 4.4
    endloop
  endfacet
  facet normal -0.195079 0.980788 0
    outer loop
      vertex 30.6109 -48.2427 4.4
      vertex 30.72 -48.221 -5.72205e-07
      vertex 30.6109 -48.2427 -5.72205e-07
    endloop
  endfacet
  facet normal 0.896754 -0.44253 0
    outer loop
      vertex 29.7147 -47.0747 4.4
      vertex 29.7639 -46.975 -5.72205e-07
      vertex 29.7639 -46.975 4.4
    endloop
  endfacet
  facet normal 0.896754 -0.44253 0
    outer loop
      vertex 29.7639 -46.975 -5.72205e-07
      vertex 29.7147 -47.0747 4.4
      vertex 29.7147 -47.0747 -5.72205e-07
    endloop
  endfacet
  facet normal 0.831635 -0.555323 0
    outer loop
      vertex 29.7639 -46.975 4.4
      vertex 29.8256 -46.8826 -5.72205e-07
      vertex 29.8256 -46.8826 4.4
    endloop
  endfacet
  facet normal 0.831635 -0.555323 0
    outer loop
      vertex 29.8256 -46.8826 -5.72205e-07
      vertex 29.7639 -46.975 4.4
      vertex 29.7639 -46.975 -5.72205e-07
    endloop
  endfacet
  facet normal 0.0656829 0.997841 -0
    outer loop
      vertex 30.5 -48.25 -5.72205e-07
      vertex 30.3891 -48.2427 4.4
      vertex 30.5 -48.25 4.4
    endloop
  endfacet
  facet normal 0.0656829 0.997841 0
    outer loop
      vertex 30.3891 -48.2427 4.4
      vertex 30.5 -48.25 -5.72205e-07
      vertex 30.3891 -48.2427 -5.72205e-07
    endloop
  endfacet
  facet normal 0.659268 -0.751908 0
    outer loop
      vertex 29.899 -46.799 -5.72205e-07
      vertex 29.9826 -46.7257 4.4
      vertex 29.899 -46.799 4.4
    endloop
  endfacet
  facet normal 0.659268 -0.751908 0
    outer loop
      vertex 29.9826 -46.7257 4.4
      vertex 29.899 -46.799 -5.72205e-07
      vertex 29.9826 -46.7257 -5.72205e-07
    endloop
  endfacet
  facet normal 0.659268 0.751908 -0
    outer loop
      vertex 29.9826 -48.0743 -5.72205e-07
      vertex 29.899 -48.001 4.4
      vertex 29.9826 -48.0743 4.4
    endloop
  endfacet
  facet normal 0.659268 0.751908 0
    outer loop
      vertex 29.899 -48.001 4.4
      vertex 29.9826 -48.0743 -5.72205e-07
      vertex 29.899 -48.001 -5.72205e-07
    endloop
  endfacet
  facet normal 0.751462 -0.659776 0
    outer loop
      vertex 29.8256 -46.8826 4.4
      vertex 29.899 -46.799 -5.72205e-07
      vertex 29.899 -46.799 4.4
    endloop
  endfacet
  facet normal 0.751462 -0.659776 0
    outer loop
      vertex 29.899 -46.799 -5.72205e-07
      vertex 29.8256 -46.8826 4.4
      vertex 29.8256 -46.8826 -5.72205e-07
    endloop
  endfacet
  facet normal -0.751462 0.659776 0
    outer loop
      vertex 31.101 -48.001 -5.72205e-07
      vertex 31.1744 -47.9174 4.4
      vertex 31.1744 -47.9174 -5.72205e-07
    endloop
  endfacet
  facet normal -0.751462 0.659776 0
    outer loop
      vertex 31.1744 -47.9174 4.4
      vertex 31.101 -48.001 -5.72205e-07
      vertex 31.101 -48.001 4.4
    endloop
  endfacet
  facet normal -0.896754 0.44253 0
    outer loop
      vertex 31.2361 -47.825 -5.72205e-07
      vertex 31.2853 -47.7253 4.4
      vertex 31.2853 -47.7253 -5.72205e-07
    endloop
  endfacet
  facet normal -0.896754 0.44253 0
    outer loop
      vertex 31.2853 -47.7253 4.4
      vertex 31.2361 -47.825 -5.72205e-07
      vertex 31.2361 -47.825 4.4
    endloop
  endfacet
  facet normal 0.555945 0.831219 -0
    outer loop
      vertex 30.075 -48.1361 -5.72205e-07
      vertex 29.9826 -48.0743 4.4
      vertex 30.075 -48.1361 4.4
    endloop
  endfacet
  facet normal 0.555945 0.831219 0
    outer loop
      vertex 29.9826 -48.0743 4.4
      vertex 30.075 -48.1361 -5.72205e-07
      vertex 29.9826 -48.0743 -5.72205e-07
    endloop
  endfacet
  facet normal 0.980788 -0.195079 0
    outer loop
      vertex 29.6573 -47.2891 4.4
      vertex 29.679 -47.18 -5.72205e-07
      vertex 29.679 -47.18 4.4
    endloop
  endfacet
  facet normal 0.980788 -0.195079 0
    outer loop
      vertex 29.679 -47.18 -5.72205e-07
      vertex 29.6573 -47.2891 4.4
      vertex 29.6573 -47.2891 -5.72205e-07
    endloop
  endfacet
  facet normal -0.0656829 -0.997841 0
    outer loop
      vertex 30.5 -46.55 -5.72205e-07
      vertex 30.6109 -46.5573 4.4
      vertex 30.5 -46.55 4.4
    endloop
  endfacet
  facet normal -0.0656829 -0.997841 -0
    outer loop
      vertex 30.6109 -46.5573 4.4
      vertex 30.5 -46.55 -5.72205e-07
      vertex 30.6109 -46.5573 -5.72205e-07
    endloop
  endfacet
  facet normal -0.555945 -0.831219 0
    outer loop
      vertex 30.925 -46.6639 -5.72205e-07
      vertex 31.0174 -46.7257 4.4
      vertex 30.925 -46.6639 4.4
    endloop
  endfacet
  facet normal -0.555945 -0.831219 -0
    outer loop
      vertex 31.0174 -46.7257 4.4
      vertex 30.925 -46.6639 -5.72205e-07
      vertex 31.0174 -46.7257 -5.72205e-07
    endloop
  endfacet
  facet normal 0.32108 -0.947052 0
    outer loop
      vertex 30.1747 -46.6147 -5.72205e-07
      vertex 30.28 -46.579 4.4
      vertex 30.1747 -46.6147 4.4
    endloop
  endfacet
  facet normal 0.32108 -0.947052 0
    outer loop
      vertex 30.28 -46.579 4.4
      vertex 30.1747 -46.6147 -5.72205e-07
      vertex 30.28 -46.579 -5.72205e-07
    endloop
  endfacet
  facet normal 0.0656829 -0.997841 0
    outer loop
      vertex 30.3891 -46.5573 -5.72205e-07
      vertex 30.5 -46.55 4.4
      vertex 30.3891 -46.5573 4.4
    endloop
  endfacet
  facet normal 0.0656829 -0.997841 0
    outer loop
      vertex 30.5 -46.55 4.4
      vertex 30.3891 -46.5573 -5.72205e-07
      vertex 30.5 -46.55 -5.72205e-07
    endloop
  endfacet
  facet normal 0.997841 -0.0656829 0
    outer loop
      vertex 29.65 -47.4 4.4
      vertex 29.6573 -47.2891 -5.72205e-07
      vertex 29.6573 -47.2891 4.4
    endloop
  endfacet
  facet normal 0.997841 -0.0656829 0
    outer loop
      vertex 29.6573 -47.2891 -5.72205e-07
      vertex 29.65 -47.4 4.4
      vertex 29.65 -47.4 -5.72205e-07
    endloop
  endfacet
  facet normal -0.659268 -0.751908 0
    outer loop
      vertex 31.0174 -46.7257 -5.72205e-07
      vertex 31.101 -46.799 4.4
      vertex 31.0174 -46.7257 4.4
    endloop
  endfacet
  facet normal -0.659268 -0.751908 -0
    outer loop
      vertex 31.101 -46.799 4.4
      vertex 31.0174 -46.7257 -5.72205e-07
      vertex 31.101 -46.799 -5.72205e-07
    endloop
  endfacet
  facet normal 0.896754 0.44253 0
    outer loop
      vertex 29.7639 -47.825 4.4
      vertex 29.7147 -47.7253 -5.72205e-07
      vertex 29.7147 -47.7253 4.4
    endloop
  endfacet
  facet normal 0.896754 0.44253 0
    outer loop
      vertex 29.7147 -47.7253 -5.72205e-07
      vertex 29.7639 -47.825 4.4
      vertex 29.7639 -47.825 -5.72205e-07
    endloop
  endfacet
  facet normal 0.44253 0.896754 -0
    outer loop
      vertex 30.1747 -48.1853 -5.72205e-07
      vertex 30.075 -48.1361 4.4
      vertex 30.1747 -48.1853 4.4
    endloop
  endfacet
  facet normal 0.44253 0.896754 0
    outer loop
      vertex 30.075 -48.1361 4.4
      vertex 30.1747 -48.1853 -5.72205e-07
      vertex 30.075 -48.1361 -5.72205e-07
    endloop
  endfacet
  facet normal -0.659268 0.751908 0
    outer loop
      vertex 31.101 -48.001 -5.72205e-07
      vertex 31.0174 -48.0743 4.4
      vertex 31.101 -48.001 4.4
    endloop
  endfacet
  facet normal -0.659268 0.751908 0
    outer loop
      vertex 31.0174 -48.0743 4.4
      vertex 31.101 -48.001 -5.72205e-07
      vertex 31.0174 -48.0743 -5.72205e-07
    endloop
  endfacet
  facet normal 0.831635 0.555323 0
    outer loop
      vertex 29.8256 -47.9174 4.4
      vertex 29.7639 -47.825 -5.72205e-07
      vertex 29.7639 -47.825 4.4
    endloop
  endfacet
  facet normal 0.831635 0.555323 0
    outer loop
      vertex 29.7639 -47.825 -5.72205e-07
      vertex 29.8256 -47.9174 4.4
      vertex 29.8256 -47.9174 -5.72205e-07
    endloop
  endfacet
  facet normal -0.712169 -0.0468786 0.700441
    outer loop
      vertex 31.35 -47.4 4.4
      vertex 31.94 -47.3982 5
      vertex 31.3427 -47.2891 4.4
    endloop
  endfacet
  facet normal -0.710679 -0.0789643 0.699071
    outer loop
      vertex 31.94 -47.3982 5
      vertex 31.35 -47.4 4.4
      vertex 31.9402 -47.4 5
    endloop
  endfacet
  facet normal -0.229592 -0.675766 0.700449
    outer loop
      vertex 31.0511 -46.0695 5
      vertex 30.8745 -46.0095 5
      vertex 30.8253 -46.6147 4.4
    endloop
  endfacet
  facet normal 0.3964 -0.593453 0.700486
    outer loop
      vertex 30.075 -46.6639 4.4
      vertex 29.7799 -46.1528 5
      vertex 29.6248 -46.2564 5
    endloop
  endfacet
  facet normal 0.470437 0.536604 0.700532
    outer loop
      vertex 29.6233 -48.5426 5
      vertex 29.9826 -48.0743 4.4
      vertex 29.483 -48.4196 5
    endloop
  endfacet
  facet normal 0.39673 0.593169 0.70054
    outer loop
      vertex 29.9826 -48.0743 4.4
      vertex 29.6248 -48.5436 5
      vertex 30.075 -48.1361 4.4
    endloop
  endfacet
  facet normal 0.39586 0.593789 0.700507
    outer loop
      vertex 29.6248 -48.5436 5
      vertex 29.9826 -48.0743 4.4
      vertex 29.6233 -48.5426 5
    endloop
  endfacet
  facet normal 0.470464 -0.536573 0.700538
    outer loop
      vertex 29.483 -46.3804 5
      vertex 29.899 -46.799 4.4
      vertex 29.9826 -46.7257 4.4
    endloop
  endfacet
  facet normal 0.464589 -0.542021 0.700265
    outer loop
      vertex 29.899 -46.799 4.4
      vertex 29.483 -46.3804 5
      vertex 29.4816 -46.3816 5
    endloop
  endfacet
  facet normal -0.464589 0.542021 0.700265
    outer loop
      vertex 31.101 -48.001 4.4
      vertex 31.517 -48.4196 5
      vertex 31.5184 -48.4184 5
    endloop
  endfacet
  facet normal -0.470464 0.536573 0.700538
    outer loop
      vertex 31.517 -48.4196 5
      vertex 31.101 -48.001 4.4
      vertex 31.0174 -48.0743 4.4
    endloop
  endfacet
  facet normal 0.315827 -0.64 0.700466
    outer loop
      vertex 29.7816 -46.152 5
      vertex 30.075 -46.6639 4.4
      vertex 30.1747 -46.6147 4.4
    endloop
  endfacet
  facet normal 0.304083 -0.646176 0.699993
    outer loop
      vertex 30.075 -46.6639 4.4
      vertex 29.7816 -46.152 5
      vertex 29.7799 -46.1528 5
    endloop
  endfacet
  facet normal -0.59352 0.396322 0.700473
    outer loop
      vertex 31.1744 -47.9174 4.4
      vertex 31.6436 -48.2752 5
      vertex 31.2361 -47.825 4.4
    endloop
  endfacet
  facet normal -0.593831 0.395887 0.700456
    outer loop
      vertex 31.6436 -48.2752 5
      vertex 31.1744 -47.9174 4.4
      vertex 31.6426 -48.2767 5
    endloop
  endfacet
  facet normal 0.536637 -0.470466 0.700487
    outer loop
      vertex 29.8256 -46.8826 4.4
      vertex 29.4804 -46.383 5
      vertex 29.3574 -46.5233 5
    endloop
  endfacet
  facet normal 0.536637 0.470466 0.700487
    outer loop
      vertex 29.4804 -48.417 5
      vertex 29.8256 -47.9174 4.4
      vertex 29.3574 -48.2767 5
    endloop
  endfacet
  facet normal 0.229138 0.67586 0.700507
    outer loop
      vertex 30.1255 -48.7905 5
      vertex 30.28 -48.221 4.4
      vertex 30.1747 -48.1853 4.4
    endloop
  endfacet
  facet normal 0.225641 0.676923 0.700615
    outer loop
      vertex 30.28 -48.221 4.4
      vertex 30.1255 -48.7905 5
      vertex 30.1273 -48.7911 5
    endloop
  endfacet
  facet normal 0.229592 -0.675766 0.700449
    outer loop
      vertex 30.1747 -46.6147 4.4
      vertex 30.1255 -46.0095 5
      vertex 29.9489 -46.0695 5
    endloop
  endfacet
  facet normal 0.315656 0.640112 0.700441
    outer loop
      vertex 29.9489 -48.7305 5
      vertex 30.1747 -48.1853 4.4
      vertex 29.7816 -48.648 5
    endloop
  endfacet
  facet normal -0.139228 0.699966 0.700474
    outer loop
      vertex 30.688 -48.8278 5
      vertex 30.871 -48.7914 5
      vertex 30.6109 -48.2427 4.4
    endloop
  endfacet
  facet normal -0.3964 0.593453 0.700486
    outer loop
      vertex 31.2201 -48.6472 5
      vertex 31.3752 -48.5436 5
      vertex 30.925 -48.1361 4.4
    endloop
  endfacet
  facet normal -0.593831 -0.395887 0.700456
    outer loop
      vertex 31.1744 -46.8826 4.4
      vertex 31.6436 -46.5248 5
      vertex 31.6426 -46.5233 5
    endloop
  endfacet
  facet normal -0.59352 -0.396322 0.700473
    outer loop
      vertex 31.6436 -46.5248 5
      vertex 31.1744 -46.8826 4.4
      vertex 31.2361 -46.975 4.4
    endloop
  endfacet
  facet normal 0.675766 0.229592 0.700449
    outer loop
      vertex 29.1695 -47.9511 5
      vertex 29.7147 -47.7253 4.4
      vertex 29.1095 -47.7745 5
    endloop
  endfacet
  facet normal 0.39673 -0.593169 0.70054
    outer loop
      vertex 29.6248 -46.2564 5
      vertex 29.9826 -46.7257 4.4
      vertex 30.075 -46.6639 4.4
    endloop
  endfacet
  facet normal 0.39586 -0.593789 0.700507
    outer loop
      vertex 29.9826 -46.7257 4.4
      vertex 29.6248 -46.2564 5
      vertex 29.6233 -46.2574 5
    endloop
  endfacet
  facet normal 0.470464 0.536573 0.700538
    outer loop
      vertex 29.899 -48.001 4.4
      vertex 29.483 -48.4196 5
      vertex 29.9826 -48.0743 4.4
    endloop
  endfacet
  facet normal 0.464589 0.542021 0.700265
    outer loop
      vertex 29.483 -48.4196 5
      vertex 29.899 -48.001 4.4
      vertex 29.4816 -48.4184 5
    endloop
  endfacet
  facet normal -0.229138 0.67586 0.700507
    outer loop
      vertex 30.72 -48.221 4.4
      vertex 30.8745 -48.7905 5
      vertex 30.8253 -48.1853 4.4
    endloop
  endfacet
  facet normal -0.225641 0.676923 0.700615
    outer loop
      vertex 30.8745 -48.7905 5
      vertex 30.72 -48.221 4.4
      vertex 30.8727 -48.7911 5
    endloop
  endfacet
  facet normal 0.0466612 0.712157 0.700468
    outer loop
      vertex 30.4982 -48.84 5
      vertex 30.3891 -48.2427 4.4
      vertex 30.312 -48.8278 5
    endloop
  endfacet
  facet normal -0.675766 0.229592 0.700449
    outer loop
      vertex 31.8305 -47.9511 5
      vertex 31.8905 -47.7745 5
      vertex 31.2853 -47.7253 4.4
    endloop
  endfacet
  facet normal 0.0468786 -0.712169 0.700441
    outer loop
      vertex 30.5 -46.55 4.4
      vertex 30.4982 -45.96 5
      vertex 30.3891 -46.5573 4.4
    endloop
  endfacet
  facet normal 0.0789643 -0.710679 0.699071
    outer loop
      vertex 30.4982 -45.96 5
      vertex 30.5 -46.55 4.4
      vertex 30.5 -45.9598 5
    endloop
  endfacet
  facet normal 0.710679 0.0789643 0.699071
    outer loop
      vertex 29.06 -47.4018 5
      vertex 29.65 -47.4 4.4
      vertex 29.0598 -47.4 5
    endloop
  endfacet
  facet normal 0.712169 0.0468786 0.700441
    outer loop
      vertex 29.65 -47.4 4.4
      vertex 29.06 -47.4018 5
      vertex 29.6573 -47.5109 4.4
    endloop
  endfacet
  facet normal 0.675766 -0.229592 0.700449
    outer loop
      vertex 29.7147 -47.0747 4.4
      vertex 29.1695 -46.8489 5
      vertex 29.1095 -47.0255 5
    endloop
  endfacet
  facet normal -0.0468786 0.712169 0.700441
    outer loop
      vertex 30.5 -48.25 4.4
      vertex 30.5018 -48.84 5
      vertex 30.6109 -48.2427 4.4
    endloop
  endfacet
  facet normal -0.0789643 0.710679 0.699071
    outer loop
      vertex 30.5018 -48.84 5
      vertex 30.5 -48.25 4.4
      vertex 30.5 -48.8402 5
    endloop
  endfacet
  facet normal -0.229592 0.675766 0.700449
    outer loop
      vertex 30.8745 -48.7905 5
      vertex 31.0511 -48.7305 5
      vertex 30.8253 -48.1853 4.4
    endloop
  endfacet
  facet normal -0.699966 -0.139228 0.700474
    outer loop
      vertex 31.9278 -47.212 5
      vertex 31.8914 -47.029 5
      vertex 31.3427 -47.2891 4.4
    endloop
  endfacet
  facet normal 0.139224 0.699967 0.700473
    outer loop
      vertex 30.28 -48.221 4.4
      vertex 30.129 -48.7914 5
      vertex 30.3891 -48.2427 4.4
    endloop
  endfacet
  facet normal 0.124124 0.703367 0.699906
    outer loop
      vertex 30.129 -48.7914 5
      vertex 30.28 -48.221 4.4
      vertex 30.1273 -48.7911 5
    endloop
  endfacet
  facet normal -0.225641 -0.676923 0.700615
    outer loop
      vertex 30.72 -46.579 4.4
      vertex 30.8745 -46.0095 5
      vertex 30.8727 -46.0089 5
    endloop
  endfacet
  facet normal -0.229138 -0.67586 0.700507
    outer loop
      vertex 30.8745 -46.0095 5
      vertex 30.72 -46.579 4.4
      vertex 30.8253 -46.6147 4.4
    endloop
  endfacet
  facet normal -0.536244 0.470817 0.700553
    outer loop
      vertex 31.101 -48.001 4.4
      vertex 31.5196 -48.417 5
      vertex 31.1744 -47.9174 4.4
    endloop
  endfacet
  facet normal -0.542021 0.464589 0.700265
    outer loop
      vertex 31.5196 -48.417 5
      vertex 31.101 -48.001 4.4
      vertex 31.5184 -48.4184 5
    endloop
  endfacet
  facet normal 0.712157 0.0466612 0.700468
    outer loop
      vertex 29.0722 -47.588 5
      vertex 29.6573 -47.5109 4.4
      vertex 29.06 -47.4018 5
    endloop
  endfacet
  facet normal -0.542021 -0.464589 0.700265
    outer loop
      vertex 31.101 -46.799 4.4
      vertex 31.5196 -46.383 5
      vertex 31.5184 -46.3816 5
    endloop
  endfacet
  facet normal -0.536244 -0.470817 0.700553
    outer loop
      vertex 31.5196 -46.383 5
      vertex 31.101 -46.799 4.4
      vertex 31.1744 -46.8826 4.4
    endloop
  endfacet
  facet normal 0.640112 -0.315656 0.700441
    outer loop
      vertex 29.7147 -47.0747 4.4
      vertex 29.252 -46.6816 5
      vertex 29.1695 -46.8489 5
    endloop
  endfacet
  facet normal -0.139228 -0.699966 0.700474
    outer loop
      vertex 30.871 -46.0086 5
      vertex 30.688 -45.9722 5
      vertex 30.6109 -46.5573 4.4
    endloop
  endfacet
  facet normal 0.139224 -0.699967 0.700473
    outer loop
      vertex 30.129 -46.0086 5
      vertex 30.28 -46.579 4.4
      vertex 30.3891 -46.5573 4.4
    endloop
  endfacet
  facet normal 0.124124 -0.703367 0.699906
    outer loop
      vertex 30.28 -46.579 4.4
      vertex 30.129 -46.0086 5
      vertex 30.1273 -46.0089 5
    endloop
  endfacet
  facet normal 0.536244 0.470817 0.700553
    outer loop
      vertex 29.4804 -48.417 5
      vertex 29.899 -48.001 4.4
      vertex 29.8256 -47.9174 4.4
    endloop
  endfacet
  facet normal 0.542021 0.464589 0.700265
    outer loop
      vertex 29.899 -48.001 4.4
      vertex 29.4804 -48.417 5
      vertex 29.4816 -48.4184 5
    endloop
  endfacet
  facet normal -0.304083 -0.646176 0.699993
    outer loop
      vertex 31.2184 -46.152 5
      vertex 30.925 -46.6639 4.4
      vertex 31.2201 -46.1528 5
    endloop
  endfacet
  facet normal -0.315827 -0.64 0.700466
    outer loop
      vertex 30.925 -46.6639 4.4
      vertex 31.2184 -46.152 5
      vertex 30.8253 -46.6147 4.4
    endloop
  endfacet
  facet normal 0.712157 -0.0466612 0.700468
    outer loop
      vertex 29.6573 -47.2891 4.4
      vertex 29.0722 -47.212 5
      vertex 29.06 -47.3982 5
    endloop
  endfacet
  facet normal 0.593453 0.3964 0.700486
    outer loop
      vertex 29.3564 -48.2752 5
      vertex 29.7639 -47.825 4.4
      vertex 29.2528 -48.1201 5
    endloop
  endfacet
  facet normal -0.0466612 -0.712157 0.700468
    outer loop
      vertex 30.6109 -46.5573 4.4
      vertex 30.688 -45.9722 5
      vertex 30.5018 -45.96 5
    endloop
  endfacet
  facet normal -0.39586 0.593789 0.700507
    outer loop
      vertex 31.0174 -48.0743 4.4
      vertex 31.3752 -48.5436 5
      vertex 31.3767 -48.5426 5
    endloop
  endfacet
  facet normal -0.39673 0.593169 0.70054
    outer loop
      vertex 31.3752 -48.5436 5
      vertex 31.0174 -48.0743 4.4
      vertex 30.925 -48.1361 4.4
    endloop
  endfacet
  facet normal -0.0466612 0.712157 0.700468
    outer loop
      vertex 30.688 -48.8278 5
      vertex 30.6109 -48.2427 4.4
      vertex 30.5018 -48.84 5
    endloop
  endfacet
  facet normal -0.315656 -0.640112 0.700441
    outer loop
      vertex 31.2184 -46.152 5
      vertex 31.0511 -46.0695 5
      vertex 30.8253 -46.6147 4.4
    endloop
  endfacet
  facet normal -0.676923 0.225641 0.700615
    outer loop
      vertex 31.321 -47.62 4.4
      vertex 31.8905 -47.7745 5
      vertex 31.8911 -47.7727 5
    endloop
  endfacet
  facet normal -0.67586 0.229138 0.700507
    outer loop
      vertex 31.8905 -47.7745 5
      vertex 31.321 -47.62 4.4
      vertex 31.2853 -47.7253 4.4
    endloop
  endfacet
  facet normal 0.710679 -0.0789643 0.699071
    outer loop
      vertex 29.65 -47.4 4.4
      vertex 29.06 -47.3982 5
      vertex 29.0598 -47.4 5
    endloop
  endfacet
  facet normal 0.712169 -0.0468786 0.700441
    outer loop
      vertex 29.06 -47.3982 5
      vertex 29.65 -47.4 4.4
      vertex 29.6573 -47.2891 4.4
    endloop
  endfacet
  facet normal 0.139228 0.699966 0.700474
    outer loop
      vertex 30.312 -48.8278 5
      vertex 30.3891 -48.2427 4.4
      vertex 30.129 -48.7914 5
    endloop
  endfacet
  facet normal -0.699966 0.139228 0.700474
    outer loop
      vertex 31.8914 -47.771 5
      vertex 31.9278 -47.588 5
      vertex 31.3427 -47.5109 4.4
    endloop
  endfacet
  facet normal -0.640112 0.315656 0.700441
    outer loop
      vertex 31.748 -48.1184 5
      vertex 31.8305 -47.9511 5
      vertex 31.2853 -47.7253 4.4
    endloop
  endfacet
  facet normal -0.712157 -0.0466612 0.700468
    outer loop
      vertex 31.94 -47.3982 5
      vertex 31.9278 -47.212 5
      vertex 31.3427 -47.2891 4.4
    endloop
  endfacet
  facet normal -0.710679 0.0789643 0.699071
    outer loop
      vertex 31.35 -47.4 4.4
      vertex 31.94 -47.4018 5
      vertex 31.9402 -47.4 5
    endloop
  endfacet
  facet normal -0.712169 0.0468786 0.700441
    outer loop
      vertex 31.94 -47.4018 5
      vertex 31.35 -47.4 4.4
      vertex 31.3427 -47.5109 4.4
    endloop
  endfacet
  facet normal -0.712157 0.0466612 0.700468
    outer loop
      vertex 31.9278 -47.588 5
      vertex 31.94 -47.4018 5
      vertex 31.3427 -47.5109 4.4
    endloop
  endfacet
  facet normal 0.3964 0.593453 0.700486
    outer loop
      vertex 29.7799 -48.6472 5
      vertex 30.075 -48.1361 4.4
      vertex 29.6248 -48.5436 5
    endloop
  endfacet
  facet normal -0.640112 -0.315656 0.700441
    outer loop
      vertex 31.8305 -46.8489 5
      vertex 31.748 -46.6816 5
      vertex 31.2853 -47.0747 4.4
    endloop
  endfacet
  facet normal 0.0789643 0.710679 0.699071
    outer loop
      vertex 30.5 -48.25 4.4
      vertex 30.4982 -48.84 5
      vertex 30.5 -48.8402 5
    endloop
  endfacet
  facet normal 0.0468786 0.712169 0.700441
    outer loop
      vertex 30.4982 -48.84 5
      vertex 30.5 -48.25 4.4
      vertex 30.3891 -48.2427 4.4
    endloop
  endfacet
  facet normal 0.64 0.315827 0.700466
    outer loop
      vertex 29.252 -48.1184 5
      vertex 29.7639 -47.825 4.4
      vertex 29.7147 -47.7253 4.4
    endloop
  endfacet
  facet normal 0.646176 0.304083 0.699993
    outer loop
      vertex 29.7639 -47.825 4.4
      vertex 29.252 -48.1184 5
      vertex 29.2528 -48.1201 5
    endloop
  endfacet
  facet normal -0.593453 0.3964 0.700486
    outer loop
      vertex 31.6436 -48.2752 5
      vertex 31.7472 -48.1201 5
      vertex 31.2361 -47.825 4.4
    endloop
  endfacet
  facet normal -0.3964 -0.593453 0.700486
    outer loop
      vertex 31.3752 -46.2564 5
      vertex 31.2201 -46.1528 5
      vertex 30.925 -46.6639 4.4
    endloop
  endfacet
  facet normal -0.470437 0.536604 0.700532
    outer loop
      vertex 31.3767 -48.5426 5
      vertex 31.517 -48.4196 5
      vertex 31.0174 -48.0743 4.4
    endloop
  endfacet
  facet normal 0.593831 -0.395887 0.700456
    outer loop
      vertex 29.3564 -46.5248 5
      vertex 29.8256 -46.8826 4.4
      vertex 29.3574 -46.5233 5
    endloop
  endfacet
  facet normal 0.59352 -0.396322 0.700473
    outer loop
      vertex 29.8256 -46.8826 4.4
      vertex 29.3564 -46.5248 5
      vertex 29.7639 -46.975 4.4
    endloop
  endfacet
  facet normal -0.304083 0.646176 0.699993
    outer loop
      vertex 30.925 -48.1361 4.4
      vertex 31.2184 -48.648 5
      vertex 31.2201 -48.6472 5
    endloop
  endfacet
  facet normal -0.315827 0.64 0.700466
    outer loop
      vertex 31.2184 -48.648 5
      vertex 30.925 -48.1361 4.4
      vertex 30.8253 -48.1853 4.4
    endloop
  endfacet
  facet normal -0.315656 0.640112 0.700441
    outer loop
      vertex 31.0511 -48.7305 5
      vertex 31.2184 -48.648 5
      vertex 30.8253 -48.1853 4.4
    endloop
  endfacet
  facet normal -0.675766 -0.229592 0.700449
    outer loop
      vertex 31.8905 -47.0255 5
      vertex 31.8305 -46.8489 5
      vertex 31.2853 -47.0747 4.4
    endloop
  endfacet
  facet normal -0.646176 -0.304083 0.699993
    outer loop
      vertex 31.2361 -46.975 4.4
      vertex 31.748 -46.6816 5
      vertex 31.7472 -46.6799 5
    endloop
  endfacet
  facet normal -0.64 -0.315827 0.700466
    outer loop
      vertex 31.748 -46.6816 5
      vertex 31.2361 -46.975 4.4
      vertex 31.2853 -47.0747 4.4
    endloop
  endfacet
  facet normal 0.229592 0.675766 0.700449
    outer loop
      vertex 30.1255 -48.7905 5
      vertex 30.1747 -48.1853 4.4
      vertex 29.9489 -48.7305 5
    endloop
  endfacet
  facet normal 0.315656 -0.640112 0.700441
    outer loop
      vertex 30.1747 -46.6147 4.4
      vertex 29.9489 -46.0695 5
      vertex 29.7816 -46.152 5
    endloop
  endfacet
  facet normal 0.470437 -0.536604 0.700532
    outer loop
      vertex 29.9826 -46.7257 4.4
      vertex 29.6233 -46.2574 5
      vertex 29.483 -46.3804 5
    endloop
  endfacet
  facet normal 0.699966 -0.139228 0.700474
    outer loop
      vertex 29.6573 -47.2891 4.4
      vertex 29.1086 -47.029 5
      vertex 29.0722 -47.212 5
    endloop
  endfacet
  facet normal 0.640112 0.315656 0.700441
    outer loop
      vertex 29.252 -48.1184 5
      vertex 29.7147 -47.7253 4.4
      vertex 29.1695 -47.9511 5
    endloop
  endfacet
  facet normal 0.225641 -0.676923 0.700615
    outer loop
      vertex 30.1255 -46.0095 5
      vertex 30.28 -46.579 4.4
      vertex 30.1273 -46.0089 5
    endloop
  endfacet
  facet normal 0.229138 -0.67586 0.700507
    outer loop
      vertex 30.28 -46.579 4.4
      vertex 30.1255 -46.0095 5
      vertex 30.1747 -46.6147 4.4
    endloop
  endfacet
  facet normal 0.0466612 -0.712157 0.700468
    outer loop
      vertex 30.3891 -46.5573 4.4
      vertex 30.4982 -45.96 5
      vertex 30.312 -45.9722 5
    endloop
  endfacet
  facet normal 0.139228 -0.699966 0.700474
    outer loop
      vertex 30.3891 -46.5573 4.4
      vertex 30.312 -45.9722 5
      vertex 30.129 -46.0086 5
    endloop
  endfacet
  facet normal -0.536637 -0.470466 0.700487
    outer loop
      vertex 31.6426 -46.5233 5
      vertex 31.5196 -46.383 5
      vertex 31.1744 -46.8826 4.4
    endloop
  endfacet
  facet normal 0.67586 -0.229138 0.700507
    outer loop
      vertex 29.1095 -47.0255 5
      vertex 29.679 -47.18 4.4
      vertex 29.7147 -47.0747 4.4
    endloop
  endfacet
  facet normal 0.676923 -0.225641 0.700615
    outer loop
      vertex 29.679 -47.18 4.4
      vertex 29.1095 -47.0255 5
      vertex 29.1089 -47.0273 5
    endloop
  endfacet
  facet normal -0.124124 -0.703367 0.699906
    outer loop
      vertex 30.871 -46.0086 5
      vertex 30.72 -46.579 4.4
      vertex 30.8727 -46.0089 5
    endloop
  endfacet
  facet normal -0.139224 -0.699967 0.700473
    outer loop
      vertex 30.72 -46.579 4.4
      vertex 30.871 -46.0086 5
      vertex 30.6109 -46.5573 4.4
    endloop
  endfacet
  facet normal 0.699967 0.139224 0.700473
    outer loop
      vertex 29.1086 -47.771 5
      vertex 29.679 -47.62 4.4
      vertex 29.6573 -47.5109 4.4
    endloop
  endfacet
  facet normal 0.703367 0.124124 0.699906
    outer loop
      vertex 29.679 -47.62 4.4
      vertex 29.1086 -47.771 5
      vertex 29.1089 -47.7727 5
    endloop
  endfacet
  facet normal -0.0789643 -0.710679 0.699071
    outer loop
      vertex 30.5 -46.55 4.4
      vertex 30.5018 -45.96 5
      vertex 30.5 -45.9598 5
    endloop
  endfacet
  facet normal -0.0468786 -0.712169 0.700441
    outer loop
      vertex 30.5018 -45.96 5
      vertex 30.5 -46.55 4.4
      vertex 30.6109 -46.5573 4.4
    endloop
  endfacet
  facet normal -0.699967 0.139224 0.700473
    outer loop
      vertex 31.321 -47.62 4.4
      vertex 31.8914 -47.771 5
      vertex 31.3427 -47.5109 4.4
    endloop
  endfacet
  facet normal -0.703367 0.124124 0.699906
    outer loop
      vertex 31.8914 -47.771 5
      vertex 31.321 -47.62 4.4
      vertex 31.8911 -47.7727 5
    endloop
  endfacet
  facet normal -0.470437 -0.536604 0.700532
    outer loop
      vertex 31.517 -46.3804 5
      vertex 31.3767 -46.2574 5
      vertex 31.0174 -46.7257 4.4
    endloop
  endfacet
  facet normal -0.124124 0.703367 0.699906
    outer loop
      vertex 30.72 -48.221 4.4
      vertex 30.871 -48.7914 5
      vertex 30.8727 -48.7911 5
    endloop
  endfacet
  facet normal -0.139224 0.699967 0.700473
    outer loop
      vertex 30.871 -48.7914 5
      vertex 30.72 -48.221 4.4
      vertex 30.6109 -48.2427 4.4
    endloop
  endfacet
  facet normal -0.64 0.315827 0.700466
    outer loop
      vertex 31.2361 -47.825 4.4
      vertex 31.748 -48.1184 5
      vertex 31.2853 -47.7253 4.4
    endloop
  endfacet
  facet normal -0.646176 0.304083 0.699993
    outer loop
      vertex 31.748 -48.1184 5
      vertex 31.2361 -47.825 4.4
      vertex 31.7472 -48.1201 5
    endloop
  endfacet
  facet normal -0.593453 -0.3964 0.700486
    outer loop
      vertex 31.7472 -46.6799 5
      vertex 31.6436 -46.5248 5
      vertex 31.2361 -46.975 4.4
    endloop
  endfacet
  facet normal -0.676923 -0.225641 0.700615
    outer loop
      vertex 31.8905 -47.0255 5
      vertex 31.321 -47.18 4.4
      vertex 31.8911 -47.0273 5
    endloop
  endfacet
  facet normal -0.67586 -0.229138 0.700507
    outer loop
      vertex 31.321 -47.18 4.4
      vertex 31.8905 -47.0255 5
      vertex 31.2853 -47.0747 4.4
    endloop
  endfacet
  facet normal -0.703367 -0.124124 0.699906
    outer loop
      vertex 31.321 -47.18 4.4
      vertex 31.8914 -47.029 5
      vertex 31.8911 -47.0273 5
    endloop
  endfacet
  facet normal -0.699967 -0.139224 0.700473
    outer loop
      vertex 31.8914 -47.029 5
      vertex 31.321 -47.18 4.4
      vertex 31.3427 -47.2891 4.4
    endloop
  endfacet
  facet normal 0.59352 0.396322 0.700473
    outer loop
      vertex 29.3564 -48.2752 5
      vertex 29.8256 -47.9174 4.4
      vertex 29.7639 -47.825 4.4
    endloop
  endfacet
  facet normal 0.593831 0.395887 0.700456
    outer loop
      vertex 29.8256 -47.9174 4.4
      vertex 29.3564 -48.2752 5
      vertex 29.3574 -48.2767 5
    endloop
  endfacet
  facet normal -0.536637 0.470466 0.700487
    outer loop
      vertex 31.5196 -48.417 5
      vertex 31.6426 -48.2767 5
      vertex 31.1744 -47.9174 4.4
    endloop
  endfacet
  facet normal -0.464589 -0.542021 0.700265
    outer loop
      vertex 31.517 -46.3804 5
      vertex 31.101 -46.799 4.4
      vertex 31.5184 -46.3816 5
    endloop
  endfacet
  facet normal -0.470464 -0.536573 0.700538
    outer loop
      vertex 31.101 -46.799 4.4
      vertex 31.517 -46.3804 5
      vertex 31.0174 -46.7257 4.4
    endloop
  endfacet
  facet normal 0.699966 0.139228 0.700474
    outer loop
      vertex 29.1086 -47.771 5
      vertex 29.6573 -47.5109 4.4
      vertex 29.0722 -47.588 5
    endloop
  endfacet
  facet normal 0.67586 0.229138 0.700507
    outer loop
      vertex 29.679 -47.62 4.4
      vertex 29.1095 -47.7745 5
      vertex 29.7147 -47.7253 4.4
    endloop
  endfacet
  facet normal 0.676923 0.225641 0.700615
    outer loop
      vertex 29.1095 -47.7745 5
      vertex 29.679 -47.62 4.4
      vertex 29.1089 -47.7727 5
    endloop
  endfacet
  facet normal 0.542021 -0.464589 0.700265
    outer loop
      vertex 29.4804 -46.383 5
      vertex 29.899 -46.799 4.4
      vertex 29.4816 -46.3816 5
    endloop
  endfacet
  facet normal 0.536244 -0.470817 0.700553
    outer loop
      vertex 29.899 -46.799 4.4
      vertex 29.4804 -46.383 5
      vertex 29.8256 -46.8826 4.4
    endloop
  endfacet
  facet normal 0.703367 -0.124124 0.699906
    outer loop
      vertex 29.1086 -47.029 5
      vertex 29.679 -47.18 4.4
      vertex 29.1089 -47.0273 5
    endloop
  endfacet
  facet normal 0.699967 -0.139224 0.700473
    outer loop
      vertex 29.679 -47.18 4.4
      vertex 29.1086 -47.029 5
      vertex 29.6573 -47.2891 4.4
    endloop
  endfacet
  facet normal -0.39586 -0.593789 0.700507
    outer loop
      vertex 31.3752 -46.2564 5
      vertex 31.0174 -46.7257 4.4
      vertex 31.3767 -46.2574 5
    endloop
  endfacet
  facet normal -0.39673 -0.593169 0.70054
    outer loop
      vertex 31.0174 -46.7257 4.4
      vertex 31.3752 -46.2564 5
      vertex 30.925 -46.6639 4.4
    endloop
  endfacet
  facet normal 0.315827 0.64 0.700466
    outer loop
      vertex 30.075 -48.1361 4.4
      vertex 29.7816 -48.648 5
      vertex 30.1747 -48.1853 4.4
    endloop
  endfacet
  facet normal 0.304083 0.646176 0.699993
    outer loop
      vertex 29.7816 -48.648 5
      vertex 30.075 -48.1361 4.4
      vertex 29.7799 -48.6472 5
    endloop
  endfacet
  facet normal 0.646176 -0.304083 0.699993
    outer loop
      vertex 29.252 -46.6816 5
      vertex 29.7639 -46.975 4.4
      vertex 29.2528 -46.6799 5
    endloop
  endfacet
  facet normal 0.64 -0.315827 0.700466
    outer loop
      vertex 29.7639 -46.975 4.4
      vertex 29.252 -46.6816 5
      vertex 29.7147 -47.0747 4.4
    endloop
  endfacet
  facet normal 0.593453 -0.3964 0.700486
    outer loop
      vertex 29.7639 -46.975 4.4
      vertex 29.3564 -46.5248 5
      vertex 29.2528 -46.6799 5
    endloop
  endfacet
  facet normal -0.195251 -0.980753 0
    outer loop
      vertex 107.611 -32.5573 -5.72205e-07
      vertex 107.72 -32.579 4.4
      vertex 107.611 -32.5573 4.4
    endloop
  endfacet
  facet normal -0.195251 -0.980753 -0
    outer loop
      vertex 107.72 -32.579 4.4
      vertex 107.611 -32.5573 -5.72205e-07
      vertex 107.72 -32.579 -5.72205e-07
    endloop
  endfacet
  facet normal -0.980268 -0.197671 0
    outer loop
      vertex 108.343 -33.2891 -5.72205e-07
      vertex 108.321 -33.18 4.4
      vertex 108.321 -33.18 -5.72205e-07
    endloop
  endfacet
  facet normal -0.980268 -0.197671 0
    outer loop
      vertex 108.321 -33.18 4.4
      vertex 108.343 -33.2891 -5.72205e-07
      vertex 108.343 -33.2891 4.4
    endloop
  endfacet
  facet normal -0.998014 -0.0629946 0
    outer loop
      vertex 108.35 -33.4 -5.72205e-07
      vertex 108.343 -33.2891 4.4
      vertex 108.343 -33.2891 -5.72205e-07
    endloop
  endfacet
  facet normal -0.998014 -0.0629946 0
    outer loop
      vertex 108.343 -33.2891 4.4
      vertex 108.35 -33.4 -5.72205e-07
      vertex 108.35 -33.4 4.4
    endloop
  endfacet
  facet normal -0.946229 -0.323497 0
    outer loop
      vertex 108.321 -33.18 -5.72205e-07
      vertex 108.285 -33.0747 4.4
      vertex 108.285 -33.0747 -5.72205e-07
    endloop
  endfacet
  facet normal -0.946229 -0.323497 0
    outer loop
      vertex 108.285 -33.0747 4.4
      vertex 108.321 -33.18 -5.72205e-07
      vertex 108.321 -33.18 4.4
    endloop
  endfacet
  facet normal -0.830387 -0.557186 0
    outer loop
      vertex 108.236 -32.975 -5.72205e-07
      vertex 108.174 -32.8826 4.4
      vertex 108.174 -32.8826 -5.72205e-07
    endloop
  endfacet
  facet normal -0.830387 -0.557186 0
    outer loop
      vertex 108.174 -32.8826 4.4
      vertex 108.236 -32.975 -5.72205e-07
      vertex 108.236 -32.975 4.4
    endloop
  endfacet
  facet normal -0.321903 -0.946773 0
    outer loop
      vertex 107.72 -32.579 -5.72205e-07
      vertex 107.825 -32.6147 4.4
      vertex 107.72 -32.579 4.4
    endloop
  endfacet
  facet normal -0.321903 -0.946773 -0
    outer loop
      vertex 107.825 -32.6147 4.4
      vertex 107.72 -32.579 -5.72205e-07
      vertex 107.825 -32.6147 -5.72205e-07
    endloop
  endfacet
  facet normal 0.980268 0.197671 0
    outer loop
      vertex 106.679 -33.62 4.4
      vertex 106.657 -33.5109 -5.72205e-07
      vertex 106.657 -33.5109 4.4
    endloop
  endfacet
  facet normal 0.980268 0.197671 0
    outer loop
      vertex 106.657 -33.5109 -5.72205e-07
      vertex 106.679 -33.62 4.4
      vertex 106.679 -33.62 -5.72205e-07
    endloop
  endfacet
  facet normal -0.998014 0.0629946 0
    outer loop
      vertex 108.343 -33.5109 -5.72205e-07
      vertex 108.35 -33.4 4.4
      vertex 108.35 -33.4 -5.72205e-07
    endloop
  endfacet
  facet normal -0.998014 0.0629946 0
    outer loop
      vertex 108.35 -33.4 4.4
      vertex 108.343 -33.5109 -5.72205e-07
      vertex 108.343 -33.5109 4.4
    endloop
  endfacet
  facet normal 0.998014 0.0629946 0
    outer loop
      vertex 106.657 -33.5109 4.4
      vertex 106.65 -33.4 -5.72205e-07
      vertex 106.65 -33.4 4.4
    endloop
  endfacet
  facet normal 0.998014 0.0629946 0
    outer loop
      vertex 106.65 -33.4 -5.72205e-07
      vertex 106.657 -33.5109 4.4
      vertex 106.657 -33.5109 -5.72205e-07
    endloop
  endfacet
  facet normal 0.321903 0.946773 -0
    outer loop
      vertex 107.28 -34.221 -5.72205e-07
      vertex 107.175 -34.1853 4.4
      vertex 107.28 -34.221 4.4
    endloop
  endfacet
  facet normal 0.321903 0.946773 0
    outer loop
      vertex 107.175 -34.1853 4.4
      vertex 107.28 -34.221 -5.72205e-07
      vertex 107.175 -34.1853 -5.72205e-07
    endloop
  endfacet
  facet normal -0.897467 -0.441082 0
    outer loop
      vertex 108.285 -33.0747 -5.72205e-07
      vertex 108.236 -32.975 4.4
      vertex 108.236 -32.975 -5.72205e-07
    endloop
  endfacet
  facet normal -0.897467 -0.441082 0
    outer loop
      vertex 108.236 -32.975 4.4
      vertex 108.285 -33.0747 -5.72205e-07
      vertex 108.285 -33.0747 4.4
    endloop
  endfacet
  facet normal -0.753246 -0.657739 0
    outer loop
      vertex 108.174 -32.8826 -5.72205e-07
      vertex 108.101 -32.799 4.4
      vertex 108.101 -32.799 -5.72205e-07
    endloop
  endfacet
  facet normal -0.753246 -0.657739 0
    outer loop
      vertex 108.101 -32.799 4.4
      vertex 108.174 -32.8826 -5.72205e-07
      vertex 108.174 -32.8826 4.4
    endloop
  endfacet
  facet normal -0.946229 0.323497 0
    outer loop
      vertex 108.285 -33.7253 -5.72205e-07
      vertex 108.321 -33.62 4.4
      vertex 108.321 -33.62 -5.72205e-07
    endloop
  endfacet
  facet normal -0.946229 0.323497 0
    outer loop
      vertex 108.321 -33.62 4.4
      vertex 108.285 -33.7253 -5.72205e-07
      vertex 108.285 -33.7253 4.4
    endloop
  endfacet
  facet normal 0.753246 0.657739 0
    outer loop
      vertex 106.899 -34.001 4.4
      vertex 106.826 -33.9174 -5.72205e-07
      vertex 106.826 -33.9174 4.4
    endloop
  endfacet
  facet normal 0.753246 0.657739 0
    outer loop
      vertex 106.826 -33.9174 -5.72205e-07
      vertex 106.899 -34.001 4.4
      vertex 106.899 -34.001 -5.72205e-07
    endloop
  endfacet
  facet normal -0.980268 0.197671 0
    outer loop
      vertex 108.321 -33.62 -5.72205e-07
      vertex 108.343 -33.5109 4.4
      vertex 108.343 -33.5109 -5.72205e-07
    endloop
  endfacet
  facet normal -0.980268 0.197671 0
    outer loop
      vertex 108.343 -33.5109 4.4
      vertex 108.321 -33.62 -5.72205e-07
      vertex 108.321 -33.62 4.4
    endloop
  endfacet
  facet normal -0.065624 0.997844 0
    outer loop
      vertex 107.611 -34.2427 -5.72205e-07
      vertex 107.5 -34.25 4.4
      vertex 107.611 -34.2427 4.4
    endloop
  endfacet
  facet normal -0.065624 0.997844 0
    outer loop
      vertex 107.5 -34.25 4.4
      vertex 107.611 -34.2427 -5.72205e-07
      vertex 107.5 -34.25 -5.72205e-07
    endloop
  endfacet
  facet normal 0.946229 0.323497 0
    outer loop
      vertex 106.715 -33.7253 4.4
      vertex 106.679 -33.62 -5.72205e-07
      vertex 106.679 -33.62 4.4
    endloop
  endfacet
  facet normal 0.946229 0.323497 0
    outer loop
      vertex 106.679 -33.62 -5.72205e-07
      vertex 106.715 -33.7253 4.4
      vertex 106.715 -33.7253 -5.72205e-07
    endloop
  endfacet
  facet normal -0.830387 0.557186 0
    outer loop
      vertex 108.174 -33.9174 -5.72205e-07
      vertex 108.236 -33.825 4.4
      vertex 108.236 -33.825 -5.72205e-07
    endloop
  endfacet
  facet normal -0.830387 0.557186 0
    outer loop
      vertex 108.236 -33.825 4.4
      vertex 108.174 -33.9174 -5.72205e-07
      vertex 108.174 -33.9174 4.4
    endloop
  endfacet
  facet normal -0.441462 -0.89728 0
    outer loop
      vertex 107.825 -32.6147 -5.72205e-07
      vertex 107.925 -32.6639 4.4
      vertex 107.825 -32.6147 4.4
    endloop
  endfacet
  facet normal -0.441462 -0.89728 -0
    outer loop
      vertex 107.925 -32.6639 4.4
      vertex 107.825 -32.6147 -5.72205e-07
      vertex 107.925 -32.6639 -5.72205e-07
    endloop
  endfacet
  facet normal 0.441462 -0.89728 0
    outer loop
      vertex 107.075 -32.6639 -5.72205e-07
      vertex 107.175 -32.6147 4.4
      vertex 107.075 -32.6639 4.4
    endloop
  endfacet
  facet normal 0.441462 -0.89728 0
    outer loop
      vertex 107.175 -32.6147 4.4
      vertex 107.075 -32.6639 -5.72205e-07
      vertex 107.175 -32.6147 -5.72205e-07
    endloop
  endfacet
  facet normal -0.441462 0.89728 0
    outer loop
      vertex 107.925 -34.1361 -5.72205e-07
      vertex 107.825 -34.1853 4.4
      vertex 107.925 -34.1361 4.4
    endloop
  endfacet
  facet normal -0.441462 0.89728 0
    outer loop
      vertex 107.825 -34.1853 4.4
      vertex 107.925 -34.1361 -5.72205e-07
      vertex 107.825 -34.1853 -5.72205e-07
    endloop
  endfacet
  facet normal -0.321903 0.946773 0
    outer loop
      vertex 107.825 -34.1853 -5.72205e-07
      vertex 107.72 -34.221 4.4
      vertex 107.825 -34.1853 4.4
    endloop
  endfacet
  facet normal -0.321903 0.946773 0
    outer loop
      vertex 107.72 -34.221 4.4
      vertex 107.825 -34.1853 -5.72205e-07
      vertex 107.72 -34.221 -5.72205e-07
    endloop
  endfacet
  facet normal 0.195251 0.980753 -0
    outer loop
      vertex 107.389 -34.2427 -5.72205e-07
      vertex 107.28 -34.221 4.4
      vertex 107.389 -34.2427 4.4
    endloop
  endfacet
  facet normal 0.195251 0.980753 0
    outer loop
      vertex 107.28 -34.221 4.4
      vertex 107.389 -34.2427 -5.72205e-07
      vertex 107.28 -34.221 -5.72205e-07
    endloop
  endfacet
  facet normal 0.946229 -0.323497 0
    outer loop
      vertex 106.679 -33.18 4.4
      vertex 106.715 -33.0747 -5.72205e-07
      vertex 106.715 -33.0747 4.4
    endloop
  endfacet
  facet normal 0.946229 -0.323497 0
    outer loop
      vertex 106.715 -33.0747 -5.72205e-07
      vertex 106.679 -33.18 4.4
      vertex 106.679 -33.18 -5.72205e-07
    endloop
  endfacet
  facet normal 0.195251 -0.980753 0
    outer loop
      vertex 107.28 -32.579 -5.72205e-07
      vertex 107.389 -32.5573 4.4
      vertex 107.28 -32.579 4.4
    endloop
  endfacet
  facet normal 0.195251 -0.980753 0
    outer loop
      vertex 107.389 -32.5573 4.4
      vertex 107.28 -32.579 -5.72205e-07
      vertex 107.389 -32.5573 -5.72205e-07
    endloop
  endfacet
  facet normal 0.557612 -0.830102 0
    outer loop
      vertex 106.983 -32.7257 -5.72205e-07
      vertex 107.075 -32.6639 4.4
      vertex 106.983 -32.7257 4.4
    endloop
  endfacet
  facet normal 0.557612 -0.830102 0
    outer loop
      vertex 107.075 -32.6639 4.4
      vertex 106.983 -32.7257 -5.72205e-07
      vertex 107.075 -32.6639 -5.72205e-07
    endloop
  endfacet
  facet normal -0.557612 0.830102 0
    outer loop
      vertex 108.017 -34.0743 -5.72205e-07
      vertex 107.925 -34.1361 4.4
      vertex 108.017 -34.0743 4.4
    endloop
  endfacet
  facet normal -0.557612 0.830102 0
    outer loop
      vertex 107.925 -34.1361 4.4
      vertex 108.017 -34.0743 -5.72205e-07
      vertex 107.925 -34.1361 -5.72205e-07
    endloop
  endfacet
  facet normal -0.195251 0.980753 0
    outer loop
      vertex 107.72 -34.221 -5.72205e-07
      vertex 107.611 -34.2427 4.4
      vertex 107.72 -34.221 4.4
    endloop
  endfacet
  facet normal -0.195251 0.980753 0
    outer loop
      vertex 107.611 -34.2427 4.4
      vertex 107.72 -34.221 -5.72205e-07
      vertex 107.611 -34.2427 -5.72205e-07
    endloop
  endfacet
  facet normal 0.897467 -0.441082 0
    outer loop
      vertex 106.715 -33.0747 4.4
      vertex 106.764 -32.975 -5.72205e-07
      vertex 106.764 -32.975 4.4
    endloop
  endfacet
  facet normal 0.897467 -0.441082 0
    outer loop
      vertex 106.764 -32.975 -5.72205e-07
      vertex 106.715 -33.0747 4.4
      vertex 106.715 -33.0747 -5.72205e-07
    endloop
  endfacet
  facet normal 0.830387 -0.557186 0
    outer loop
      vertex 106.764 -32.975 4.4
      vertex 106.826 -32.8826 -5.72205e-07
      vertex 106.826 -32.8826 4.4
    endloop
  endfacet
  facet normal 0.830387 -0.557186 0
    outer loop
      vertex 106.826 -32.8826 -5.72205e-07
      vertex 106.764 -32.975 4.4
      vertex 106.764 -32.975 -5.72205e-07
    endloop
  endfacet
  facet normal 0.065624 0.997844 -0
    outer loop
      vertex 107.5 -34.25 -5.72205e-07
      vertex 107.389 -34.2427 4.4
      vertex 107.5 -34.25 4.4
    endloop
  endfacet
  facet normal 0.065624 0.997844 0
    outer loop
      vertex 107.389 -34.2427 4.4
      vertex 107.5 -34.25 -5.72205e-07
      vertex 107.389 -34.2427 -5.72205e-07
    endloop
  endfacet
  facet normal 0.657488 -0.753465 0
    outer loop
      vertex 106.899 -32.799 -5.72205e-07
      vertex 106.983 -32.7257 4.4
      vertex 106.899 -32.799 4.4
    endloop
  endfacet
  facet normal 0.657488 -0.753465 0
    outer loop
      vertex 106.983 -32.7257 4.4
      vertex 106.899 -32.799 -5.72205e-07
      vertex 106.983 -32.7257 -5.72205e-07
    endloop
  endfacet
  facet normal 0.657488 0.753465 -0
    outer loop
      vertex 106.983 -34.0743 -5.72205e-07
      vertex 106.899 -34.001 4.4
      vertex 106.983 -34.0743 4.4
    endloop
  endfacet
  facet normal 0.657488 0.753465 0
    outer loop
      vertex 106.899 -34.001 4.4
      vertex 106.983 -34.0743 -5.72205e-07
      vertex 106.899 -34.001 -5.72205e-07
    endloop
  endfacet
  facet normal 0.753246 -0.657739 0
    outer loop
      vertex 106.826 -32.8826 4.4
      vertex 106.899 -32.799 -5.72205e-07
      vertex 106.899 -32.799 4.4
    endloop
  endfacet
  facet normal 0.753246 -0.657739 0
    outer loop
      vertex 106.899 -32.799 -5.72205e-07
      vertex 106.826 -32.8826 4.4
      vertex 106.826 -32.8826 -5.72205e-07
    endloop
  endfacet
  facet normal -0.753246 0.657739 0
    outer loop
      vertex 108.101 -34.001 -5.72205e-07
      vertex 108.174 -33.9174 4.4
      vertex 108.174 -33.9174 -5.72205e-07
    endloop
  endfacet
  facet normal -0.753246 0.657739 0
    outer loop
      vertex 108.174 -33.9174 4.4
      vertex 108.101 -34.001 -5.72205e-07
      vertex 108.101 -34.001 4.4
    endloop
  endfacet
  facet normal -0.897467 0.441082 0
    outer loop
      vertex 108.236 -33.825 -5.72205e-07
      vertex 108.285 -33.7253 4.4
      vertex 108.285 -33.7253 -5.72205e-07
    endloop
  endfacet
  facet normal -0.897467 0.441082 0
    outer loop
      vertex 108.285 -33.7253 4.4
      vertex 108.236 -33.825 -5.72205e-07
      vertex 108.236 -33.825 4.4
    endloop
  endfacet
  facet normal 0.557612 0.830102 -0
    outer loop
      vertex 107.075 -34.1361 -5.72205e-07
      vertex 106.983 -34.0743 4.4
      vertex 107.075 -34.1361 4.4
    endloop
  endfacet
  facet normal 0.557612 0.830102 0
    outer loop
      vertex 106.983 -34.0743 4.4
      vertex 107.075 -34.1361 -5.72205e-07
      vertex 106.983 -34.0743 -5.72205e-07
    endloop
  endfacet
  facet normal 0.980268 -0.197671 0
    outer loop
      vertex 106.657 -33.2891 4.4
      vertex 106.679 -33.18 -5.72205e-07
      vertex 106.679 -33.18 4.4
    endloop
  endfacet
  facet normal 0.980268 -0.197671 0
    outer loop
      vertex 106.679 -33.18 -5.72205e-07
      vertex 106.657 -33.2891 4.4
      vertex 106.657 -33.2891 -5.72205e-07
    endloop
  endfacet
  facet normal -0.065624 -0.997844 0
    outer loop
      vertex 107.5 -32.55 -5.72205e-07
      vertex 107.611 -32.5573 4.4
      vertex 107.5 -32.55 4.4
    endloop
  endfacet
  facet normal -0.065624 -0.997844 -0
    outer loop
      vertex 107.611 -32.5573 4.4
      vertex 107.5 -32.55 -5.72205e-07
      vertex 107.611 -32.5573 -5.72205e-07
    endloop
  endfacet
  facet normal -0.557612 -0.830102 0
    outer loop
      vertex 107.925 -32.6639 -5.72205e-07
      vertex 108.017 -32.7257 4.4
      vertex 107.925 -32.6639 4.4
    endloop
  endfacet
  facet normal -0.557612 -0.830102 -0
    outer loop
      vertex 108.017 -32.7257 4.4
      vertex 107.925 -32.6639 -5.72205e-07
      vertex 108.017 -32.7257 -5.72205e-07
    endloop
  endfacet
  facet normal 0.321903 -0.946773 0
    outer loop
      vertex 107.175 -32.6147 -5.72205e-07
      vertex 107.28 -32.579 4.4
      vertex 107.175 -32.6147 4.4
    endloop
  endfacet
  facet normal 0.321903 -0.946773 0
    outer loop
      vertex 107.28 -32.579 4.4
      vertex 107.175 -32.6147 -5.72205e-07
      vertex 107.28 -32.579 -5.72205e-07
    endloop
  endfacet
  facet normal 0.065624 -0.997844 0
    outer loop
      vertex 107.389 -32.5573 -5.72205e-07
      vertex 107.5 -32.55 4.4
      vertex 107.389 -32.5573 4.4
    endloop
  endfacet
  facet normal 0.065624 -0.997844 0
    outer loop
      vertex 107.5 -32.55 4.4
      vertex 107.389 -32.5573 -5.72205e-07
      vertex 107.5 -32.55 -5.72205e-07
    endloop
  endfacet
  facet normal 0.998014 -0.0629946 0
    outer loop
      vertex 106.65 -33.4 4.4
      vertex 106.657 -33.2891 -5.72205e-07
      vertex 106.657 -33.2891 4.4
    endloop
  endfacet
  facet normal 0.998014 -0.0629946 0
    outer loop
      vertex 106.657 -33.2891 -5.72205e-07
      vertex 106.65 -33.4 4.4
      vertex 106.65 -33.4 -5.72205e-07
    endloop
  endfacet
  facet normal -0.657488 -0.753465 0
    outer loop
      vertex 108.017 -32.7257 -5.72205e-07
      vertex 108.101 -32.799 4.4
      vertex 108.017 -32.7257 4.4
    endloop
  endfacet
  facet normal -0.657488 -0.753465 -0
    outer loop
      vertex 108.101 -32.799 4.4
      vertex 108.017 -32.7257 -5.72205e-07
      vertex 108.101 -32.799 -5.72205e-07
    endloop
  endfacet
  facet normal 0.897467 0.441082 0
    outer loop
      vertex 106.764 -33.825 4.4
      vertex 106.715 -33.7253 -5.72205e-07
      vertex 106.715 -33.7253 4.4
    endloop
  endfacet
  facet normal 0.897467 0.441082 0
    outer loop
      vertex 106.715 -33.7253 -5.72205e-07
      vertex 106.764 -33.825 4.4
      vertex 106.764 -33.825 -5.72205e-07
    endloop
  endfacet
  facet normal 0.441462 0.89728 -0
    outer loop
      vertex 107.175 -34.1853 -5.72205e-07
      vertex 107.075 -34.1361 4.4
      vertex 107.175 -34.1853 4.4
    endloop
  endfacet
  facet normal 0.441462 0.89728 0
    outer loop
      vertex 107.075 -34.1361 4.4
      vertex 107.175 -34.1853 -5.72205e-07
      vertex 107.075 -34.1361 -5.72205e-07
    endloop
  endfacet
  facet normal -0.657488 0.753465 0
    outer loop
      vertex 108.101 -34.001 -5.72205e-07
      vertex 108.017 -34.0743 4.4
      vertex 108.101 -34.001 4.4
    endloop
  endfacet
  facet normal -0.657488 0.753465 0
    outer loop
      vertex 108.017 -34.0743 4.4
      vertex 108.101 -34.001 -5.72205e-07
      vertex 108.017 -34.0743 -5.72205e-07
    endloop
  endfacet
  facet normal 0.830387 0.557186 0
    outer loop
      vertex 106.826 -33.9174 4.4
      vertex 106.764 -33.825 -5.72205e-07
      vertex 106.764 -33.825 4.4
    endloop
  endfacet
  facet normal 0.830387 0.557186 0
    outer loop
      vertex 106.764 -33.825 -5.72205e-07
      vertex 106.826 -33.9174 4.4
      vertex 106.826 -33.9174 -5.72205e-07
    endloop
  endfacet
  facet normal -0.712235 -0.0449562 0.7005
    outer loop
      vertex 108.35 -33.4 4.4
      vertex 108.94 -33.3982 5
      vertex 108.343 -33.2891 4.4
    endloop
  endfacet
  facet normal -0.713024 0 0.70114
    outer loop
      vertex 108.94 -33.3982 5
      vertex 108.35 -33.4 4.4
      vertex 108.94 -33.4 5
    endloop
  endfacet
  facet normal -0.229119 -0.675902 0.700472
    outer loop
      vertex 108.051 -32.0695 5
      vertex 107.874 -32.0095 5
      vertex 107.825 -32.6147 4.4
    endloop
  endfacet
  facet normal 0.396599 -0.593368 0.700445
    outer loop
      vertex 107.075 -32.6639 4.4
      vertex 106.78 -32.1528 5
      vertex 106.625 -32.2564 5
    endloop
  endfacet
  facet normal 0.470841 0.535916 0.700787
    outer loop
      vertex 106.623 -34.5426 5
      vertex 106.983 -34.0743 4.4
      vertex 106.483 -34.4196 5
    endloop
  endfacet
  facet normal 0.397858 0.592281 0.700651
    outer loop
      vertex 106.983 -34.0743 4.4
      vertex 106.625 -34.5436 5
      vertex 107.075 -34.1361 4.4
    endloop
  endfacet
  facet normal 0.32158 0.643159 0.694934
    outer loop
      vertex 106.625 -34.5436 5
      vertex 106.983 -34.0743 4.4
      vertex 106.623 -34.5426 5
    endloop
  endfacet
  facet normal 0.469228 -0.537724 0.700484
    outer loop
      vertex 106.483 -32.3804 5
      vertex 106.899 -32.799 4.4
      vertex 106.983 -32.7257 4.4
    endloop
  endfacet
  facet normal 0.548874 -0.457395 0.699662
    outer loop
      vertex 106.899 -32.799 4.4
      vertex 106.483 -32.3804 5
      vertex 106.482 -32.3816 5
    endloop
  endfacet
  facet normal -0.548874 0.457395 0.699662
    outer loop
      vertex 108.101 -34.001 4.4
      vertex 108.517 -34.4196 5
      vertex 108.518 -34.4184 5
    endloop
  endfacet
  facet normal -0.469228 0.537724 0.700484
    outer loop
      vertex 108.517 -34.4196 5
      vertex 108.101 -34.001 4.4
      vertex 108.017 -34.0743 4.4
    endloop
  endfacet
  facet normal 0.315123 -0.640493 0.700333
    outer loop
      vertex 106.782 -32.152 5
      vertex 107.075 -32.6639 4.4
      vertex 107.175 -32.6147 4.4
    endloop
  endfacet
  facet normal 0.266114 -0.665285 0.697552
    outer loop
      vertex 107.075 -32.6639 4.4
      vertex 106.782 -32.152 5
      vertex 106.78 -32.1528 5
    endloop
  endfacet
  facet normal -0.592262 0.397405 0.700924
    outer loop
      vertex 108.174 -33.9174 4.4
      vertex 108.644 -34.2752 5
      vertex 108.236 -33.825 4.4
    endloop
  endfacet
  facet normal -0.593501 0.395668 0.700859
    outer loop
      vertex 108.644 -34.2752 5
      vertex 108.174 -33.9174 4.4
      vertex 108.643 -34.2767 5
    endloop
  endfacet
  facet normal 0.536369 -0.47023 0.700851
    outer loop
      vertex 106.826 -32.8826 4.4
      vertex 106.48 -32.383 5
      vertex 106.357 -32.5233 5
    endloop
  endfacet
  facet normal 0.536369 0.47023 0.700851
    outer loop
      vertex 106.48 -34.417 5
      vertex 106.826 -33.9174 4.4
      vertex 106.357 -34.2767 5
    endloop
  endfacet
  facet normal 0.229762 0.675769 0.70039
    outer loop
      vertex 107.126 -34.7905 5
      vertex 107.28 -34.221 4.4
      vertex 107.175 -34.1853 4.4
    endloop
  endfacet
  facet normal 0.373763 0.622938 0.687204
    outer loop
      vertex 107.28 -34.221 4.4
      vertex 107.126 -34.7905 5
      vertex 107.127 -34.7911 5
    endloop
  endfacet
  facet normal 0.229119 -0.675902 0.700472
    outer loop
      vertex 107.175 -32.6147 4.4
      vertex 107.126 -32.0095 5
      vertex 106.949 -32.0695 5
    endloop
  endfacet
  facet normal 0.316096 0.639855 0.700478
    outer loop
      vertex 106.949 -34.7305 5
      vertex 107.175 -34.1853 4.4
      vertex 106.782 -34.648 5
    endloop
  endfacet
  facet normal -0.13923 0.699977 0.700462
    outer loop
      vertex 107.688 -34.8278 5
      vertex 107.871 -34.7914 5
      vertex 107.611 -34.2427 4.4
    endloop
  endfacet
  facet normal -0.396599 0.593368 0.700445
    outer loop
      vertex 108.22 -34.6472 5
      vertex 108.375 -34.5436 5
      vertex 107.925 -34.1361 4.4
    endloop
  endfacet
  facet normal -0.593501 -0.395668 0.700859
    outer loop
      vertex 108.174 -32.8826 4.4
      vertex 108.644 -32.5248 5
      vertex 108.643 -32.5233 5
    endloop
  endfacet
  facet normal -0.592262 -0.397405 0.700924
    outer loop
      vertex 108.644 -32.5248 5
      vertex 108.174 -32.8826 4.4
      vertex 108.236 -32.975 4.4
    endloop
  endfacet
  facet normal 0.675339 0.229447 0.700907
    outer loop
      vertex 106.169 -33.9511 5
      vertex 106.715 -33.7253 4.4
      vertex 106.109 -33.7745 5
    endloop
  endfacet
  facet normal 0.397858 -0.592281 0.700651
    outer loop
      vertex 106.625 -32.2564 5
      vertex 106.983 -32.7257 4.4
      vertex 107.075 -32.6639 4.4
    endloop
  endfacet
  facet normal 0.32158 -0.643159 0.694934
    outer loop
      vertex 106.983 -32.7257 4.4
      vertex 106.625 -32.2564 5
      vertex 106.623 -32.2574 5
    endloop
  endfacet
  facet normal 0.469228 0.537724 0.700484
    outer loop
      vertex 106.899 -34.001 4.4
      vertex 106.483 -34.4196 5
      vertex 106.983 -34.0743 4.4
    endloop
  endfacet
  facet normal 0.548874 0.457395 0.699662
    outer loop
      vertex 106.483 -34.4196 5
      vertex 106.899 -34.001 4.4
      vertex 106.482 -34.4184 5
    endloop
  endfacet
  facet normal -0.229762 0.675769 0.70039
    outer loop
      vertex 107.72 -34.221 4.4
      vertex 107.874 -34.7905 5
      vertex 107.825 -34.1853 4.4
    endloop
  endfacet
  facet normal -0.373763 0.622938 0.687204
    outer loop
      vertex 107.874 -34.7905 5
      vertex 107.72 -34.221 4.4
      vertex 107.873 -34.7911 5
    endloop
  endfacet
  facet normal 0.0467113 0.712156 0.700465
    outer loop
      vertex 107.498 -34.84 5
      vertex 107.389 -34.2427 4.4
      vertex 107.312 -34.8278 5
    endloop
  endfacet
  facet normal -0.675339 0.229447 0.700907
    outer loop
      vertex 108.831 -33.9511 5
      vertex 108.891 -33.7745 5
      vertex 108.285 -33.7253 4.4
    endloop
  endfacet
  facet normal 0.046836 -0.712163 0.70045
    outer loop
      vertex 107.5 -32.55 4.4
      vertex 107.498 -31.96 5
      vertex 107.389 -32.5573 4.4
    endloop
  endfacet
  facet normal 0.07111 -0.7111 0.699485
    outer loop
      vertex 107.498 -31.96 5
      vertex 107.5 -32.55 4.4
      vertex 107.5 -31.9598 5
    endloop
  endfacet
  facet normal 0.713024 -0 0.70114
    outer loop
      vertex 106.06 -33.4018 5
      vertex 106.65 -33.4 4.4
      vertex 106.06 -33.4 5
    endloop
  endfacet
  facet normal 0.712235 0.0449562 0.7005
    outer loop
      vertex 106.65 -33.4 4.4
      vertex 106.06 -33.4018 5
      vertex 106.657 -33.5109 4.4
    endloop
  endfacet
  facet normal 0.675339 -0.229447 0.700907
    outer loop
      vertex 106.715 -33.0747 4.4
      vertex 106.169 -32.8489 5
      vertex 106.109 -33.0255 5
    endloop
  endfacet
  facet normal -0.046836 0.712163 0.70045
    outer loop
      vertex 107.5 -34.25 4.4
      vertex 107.502 -34.84 5
      vertex 107.611 -34.2427 4.4
    endloop
  endfacet
  facet normal -0.07111 0.7111 0.699485
    outer loop
      vertex 107.502 -34.84 5
      vertex 107.5 -34.25 4.4
      vertex 107.5 -34.8402 5
    endloop
  endfacet
  facet normal -0.229119 0.675902 0.700472
    outer loop
      vertex 107.874 -34.7905 5
      vertex 108.051 -34.7305 5
      vertex 107.825 -34.1853 4.4
    endloop
  endfacet
  facet normal -0.699653 -0.14146 0.700339
    outer loop
      vertex 108.928 -33.212 5
      vertex 108.891 -33.029 5
      vertex 108.343 -33.2891 4.4
    endloop
  endfacet
  facet normal 0.139346 0.699939 0.700477
    outer loop
      vertex 107.28 -34.221 4.4
      vertex 107.129 -34.7914 5
      vertex 107.389 -34.2427 4.4
    endloop
  endfacet
  facet normal 0.10608 0.707201 0.699009
    outer loop
      vertex 107.129 -34.7914 5
      vertex 107.28 -34.221 4.4
      vertex 107.127 -34.7911 5
    endloop
  endfacet
  facet normal -0.373763 -0.622938 0.687204
    outer loop
      vertex 107.72 -32.579 4.4
      vertex 107.874 -32.0095 5
      vertex 107.873 -32.0089 5
    endloop
  endfacet
  facet normal -0.229762 -0.675769 0.70039
    outer loop
      vertex 107.874 -32.0095 5
      vertex 107.72 -32.579 4.4
      vertex 107.825 -32.6147 4.4
    endloop
  endfacet
  facet normal -0.537427 0.469285 0.700674
    outer loop
      vertex 108.101 -34.001 4.4
      vertex 108.52 -34.417 5
      vertex 108.174 -33.9174 4.4
    endloop
  endfacet
  facet normal -0.411942 0.588488 0.695691
    outer loop
      vertex 108.52 -34.417 5
      vertex 108.101 -34.001 4.4
      vertex 108.518 -34.4184 5
    endloop
  endfacet
  facet normal 0.712291 0.0459049 0.700382
    outer loop
      vertex 106.072 -33.588 5
      vertex 106.657 -33.5109 4.4
      vertex 106.06 -33.4018 5
    endloop
  endfacet
  facet normal -0.411942 -0.588488 0.695691
    outer loop
      vertex 108.101 -32.799 4.4
      vertex 108.52 -32.383 5
      vertex 108.518 -32.3816 5
    endloop
  endfacet
  facet normal -0.537427 -0.469285 0.700674
    outer loop
      vertex 108.52 -32.383 5
      vertex 108.101 -32.799 4.4
      vertex 108.174 -32.8826 4.4
    endloop
  endfacet
  facet normal 0.639021 -0.317028 0.700817
    outer loop
      vertex 106.715 -33.0747 4.4
      vertex 106.252 -32.6816 5
      vertex 106.169 -32.8489 5
    endloop
  endfacet
  facet normal -0.13923 -0.699977 0.700462
    outer loop
      vertex 107.871 -32.0086 5
      vertex 107.688 -31.9722 5
      vertex 107.611 -32.5573 4.4
    endloop
  endfacet
  facet normal 0.139346 -0.699939 0.700477
    outer loop
      vertex 107.129 -32.0086 5
      vertex 107.28 -32.579 4.4
      vertex 107.389 -32.5573 4.4
    endloop
  endfacet
  facet normal 0.10608 -0.707201 0.699009
    outer loop
      vertex 107.28 -32.579 4.4
      vertex 107.129 -32.0086 5
      vertex 107.127 -32.0089 5
    endloop
  endfacet
  facet normal 0.537427 0.469285 0.700674
    outer loop
      vertex 106.48 -34.417 5
      vertex 106.899 -34.001 4.4
      vertex 106.826 -33.9174 4.4
    endloop
  endfacet
  facet normal 0.411942 0.588488 0.695691
    outer loop
      vertex 106.899 -34.001 4.4
      vertex 106.48 -34.417 5
      vertex 106.482 -34.4184 5
    endloop
  endfacet
  facet normal -0.266114 -0.665285 0.697552
    outer loop
      vertex 108.218 -32.152 5
      vertex 107.925 -32.6639 4.4
      vertex 108.22 -32.1528 5
    endloop
  endfacet
  facet normal -0.315123 -0.640493 0.700333
    outer loop
      vertex 107.925 -32.6639 4.4
      vertex 108.218 -32.152 5
      vertex 107.825 -32.6147 4.4
    endloop
  endfacet
  facet normal 0.712291 -0.0459049 0.700382
    outer loop
      vertex 106.657 -33.2891 4.4
      vertex 106.072 -33.212 5
      vertex 106.06 -33.3982 5
    endloop
  endfacet
  facet normal 0.594504 0.394803 0.700497
    outer loop
      vertex 106.356 -34.2752 5
      vertex 106.764 -33.825 4.4
      vertex 106.253 -34.1201 5
    endloop
  endfacet
  facet normal -0.0467113 -0.712156 0.700465
    outer loop
      vertex 107.611 -32.5573 4.4
      vertex 107.688 -31.9722 5
      vertex 107.502 -31.96 5
    endloop
  endfacet
  facet normal -0.32158 0.643159 0.694934
    outer loop
      vertex 108.017 -34.0743 4.4
      vertex 108.375 -34.5436 5
      vertex 108.377 -34.5426 5
    endloop
  endfacet
  facet normal -0.397858 0.592281 0.700651
    outer loop
      vertex 108.375 -34.5436 5
      vertex 108.017 -34.0743 4.4
      vertex 107.925 -34.1361 4.4
    endloop
  endfacet
  facet normal -0.0467113 0.712156 0.700465
    outer loop
      vertex 107.688 -34.8278 5
      vertex 107.611 -34.2427 4.4
      vertex 107.502 -34.84 5
    endloop
  endfacet
  facet normal -0.316096 -0.639855 0.700478
    outer loop
      vertex 108.218 -32.152 5
      vertex 108.051 -32.0695 5
      vertex 107.825 -32.6147 4.4
    endloop
  endfacet
  facet normal -0.724999 0 0.688749
    outer loop
      vertex 108.321 -33.62 4.4
      vertex 108.891 -33.7745 5
      vertex 108.891 -33.7727 5
    endloop
  endfacet
  facet normal -0.67506 0.23079 0.700735
    outer loop
      vertex 108.891 -33.7745 5
      vertex 108.321 -33.62 4.4
      vertex 108.285 -33.7253 4.4
    endloop
  endfacet
  facet normal 0.713024 0 0.70114
    outer loop
      vertex 106.65 -33.4 4.4
      vertex 106.06 -33.3982 5
      vertex 106.06 -33.4 5
    endloop
  endfacet
  facet normal 0.712235 -0.0449562 0.7005
    outer loop
      vertex 106.06 -33.3982 5
      vertex 106.65 -33.4 4.4
      vertex 106.657 -33.2891 4.4
    endloop
  endfacet
  facet normal 0.13923 0.699977 0.700462
    outer loop
      vertex 107.312 -34.8278 5
      vertex 107.389 -34.2427 4.4
      vertex 107.129 -34.7914 5
    endloop
  endfacet
  facet normal -0.699653 0.14146 0.700339
    outer loop
      vertex 108.891 -33.771 5
      vertex 108.928 -33.588 5
      vertex 108.343 -33.5109 4.4
    endloop
  endfacet
  facet normal -0.639021 0.317028 0.700817
    outer loop
      vertex 108.748 -34.1184 5
      vertex 108.831 -33.9511 5
      vertex 108.285 -33.7253 4.4
    endloop
  endfacet
  facet normal -0.712291 -0.0459049 0.700382
    outer loop
      vertex 108.94 -33.3982 5
      vertex 108.928 -33.212 5
      vertex 108.343 -33.2891 4.4
    endloop
  endfacet
  facet normal -0.713024 0 0.70114
    outer loop
      vertex 108.35 -33.4 4.4
      vertex 108.94 -33.4018 5
      vertex 108.94 -33.4 5
    endloop
  endfacet
  facet normal -0.712235 0.0449562 0.7005
    outer loop
      vertex 108.94 -33.4018 5
      vertex 108.35 -33.4 4.4
      vertex 108.343 -33.5109 4.4
    endloop
  endfacet
  facet normal -0.712291 0.0459049 0.700382
    outer loop
      vertex 108.928 -33.588 5
      vertex 108.94 -33.4018 5
      vertex 108.343 -33.5109 4.4
    endloop
  endfacet
  facet normal 0.396599 0.593368 0.700445
    outer loop
      vertex 106.78 -34.6472 5
      vertex 107.075 -34.1361 4.4
      vertex 106.625 -34.5436 5
    endloop
  endfacet
  facet normal -0.639021 -0.317028 0.700817
    outer loop
      vertex 108.831 -32.8489 5
      vertex 108.748 -32.6816 5
      vertex 108.285 -33.0747 4.4
    endloop
  endfacet
  facet normal 0.07111 0.7111 0.699485
    outer loop
      vertex 107.5 -34.25 4.4
      vertex 107.498 -34.84 5
      vertex 107.5 -34.8402 5
    endloop
  endfacet
  facet normal 0.046836 0.712163 0.70045
    outer loop
      vertex 107.498 -34.84 5
      vertex 107.5 -34.25 4.4
      vertex 107.389 -34.2427 4.4
    endloop
  endfacet
  facet normal 0.640493 0.314786 0.700484
    outer loop
      vertex 106.252 -34.1184 5
      vertex 106.764 -33.825 4.4
      vertex 106.715 -33.7253 4.4
    endloop
  endfacet
  facet normal 0.614544 0.361496 0.701182
    outer loop
      vertex 106.764 -33.825 4.4
      vertex 106.252 -34.1184 5
      vertex 106.253 -34.1201 5
    endloop
  endfacet
  facet normal -0.594504 0.394803 0.700497
    outer loop
      vertex 108.644 -34.2752 5
      vertex 108.747 -34.1201 5
      vertex 108.236 -33.825 4.4
    endloop
  endfacet
  facet normal -0.396599 -0.593368 0.700445
    outer loop
      vertex 108.375 -32.2564 5
      vertex 108.22 -32.1528 5
      vertex 107.925 -32.6639 4.4
    endloop
  endfacet
  facet normal -0.470841 0.535916 0.700787
    outer loop
      vertex 108.377 -34.5426 5
      vertex 108.517 -34.4196 5
      vertex 108.017 -34.0743 4.4
    endloop
  endfacet
  facet normal 0.593501 -0.395668 0.700859
    outer loop
      vertex 106.356 -32.5248 5
      vertex 106.826 -32.8826 4.4
      vertex 106.357 -32.5233 5
    endloop
  endfacet
  facet normal 0.592262 -0.397405 0.700924
    outer loop
      vertex 106.826 -32.8826 4.4
      vertex 106.356 -32.5248 5
      vertex 106.764 -32.975 4.4
    endloop
  endfacet
  facet normal -0.266114 0.665285 0.697552
    outer loop
      vertex 107.925 -34.1361 4.4
      vertex 108.218 -34.648 5
      vertex 108.22 -34.6472 5
    endloop
  endfacet
  facet normal -0.315123 0.640493 0.700333
    outer loop
      vertex 108.218 -34.648 5
      vertex 107.925 -34.1361 4.4
      vertex 107.825 -34.1853 4.4
    endloop
  endfacet
  facet normal -0.316096 0.639855 0.700478
    outer loop
      vertex 108.051 -34.7305 5
      vertex 108.218 -34.648 5
      vertex 107.825 -34.1853 4.4
    endloop
  endfacet
  facet normal -0.675339 -0.229447 0.700907
    outer loop
      vertex 108.891 -33.0255 5
      vertex 108.831 -32.8489 5
      vertex 108.285 -33.0747 4.4
    endloop
  endfacet
  facet normal -0.614544 -0.361496 0.701182
    outer loop
      vertex 108.236 -32.975 4.4
      vertex 108.748 -32.6816 5
      vertex 108.747 -32.6799 5
    endloop
  endfacet
  facet normal -0.640493 -0.314786 0.700484
    outer loop
      vertex 108.748 -32.6816 5
      vertex 108.236 -32.975 4.4
      vertex 108.285 -33.0747 4.4
    endloop
  endfacet
  facet normal 0.229119 0.675902 0.700472
    outer loop
      vertex 107.126 -34.7905 5
      vertex 107.175 -34.1853 4.4
      vertex 106.949 -34.7305 5
    endloop
  endfacet
  facet normal 0.316096 -0.639855 0.700478
    outer loop
      vertex 107.175 -32.6147 4.4
      vertex 106.949 -32.0695 5
      vertex 106.782 -32.152 5
    endloop
  endfacet
  facet normal 0.470841 -0.535916 0.700787
    outer loop
      vertex 106.983 -32.7257 4.4
      vertex 106.623 -32.2574 5
      vertex 106.483 -32.3804 5
    endloop
  endfacet
  facet normal 0.699653 -0.14146 0.700339
    outer loop
      vertex 106.657 -33.2891 4.4
      vertex 106.109 -33.029 5
      vertex 106.072 -33.212 5
    endloop
  endfacet
  facet normal 0.639021 0.317028 0.700817
    outer loop
      vertex 106.252 -34.1184 5
      vertex 106.715 -33.7253 4.4
      vertex 106.169 -33.9511 5
    endloop
  endfacet
  facet normal 0.373763 -0.622938 0.687204
    outer loop
      vertex 107.126 -32.0095 5
      vertex 107.28 -32.579 4.4
      vertex 107.127 -32.0089 5
    endloop
  endfacet
  facet normal 0.229762 -0.675769 0.70039
    outer loop
      vertex 107.28 -32.579 4.4
      vertex 107.126 -32.0095 5
      vertex 107.175 -32.6147 4.4
    endloop
  endfacet
  facet normal 0.0467113 -0.712156 0.700465
    outer loop
      vertex 107.389 -32.5573 4.4
      vertex 107.498 -31.96 5
      vertex 107.312 -31.9722 5
    endloop
  endfacet
  facet normal 0.13923 -0.699977 0.700462
    outer loop
      vertex 107.389 -32.5573 4.4
      vertex 107.312 -31.9722 5
      vertex 107.129 -32.0086 5
    endloop
  endfacet
  facet normal -0.536369 -0.47023 0.700851
    outer loop
      vertex 108.643 -32.5233 5
      vertex 108.52 -32.383 5
      vertex 108.174 -32.8826 4.4
    endloop
  endfacet
  facet normal 0.67506 -0.23079 0.700735
    outer loop
      vertex 106.109 -33.0255 5
      vertex 106.679 -33.18 4.4
      vertex 106.715 -33.0747 4.4
    endloop
  endfacet
  facet normal 0.724999 0 0.688749
    outer loop
      vertex 106.679 -33.18 4.4
      vertex 106.109 -33.0255 5
      vertex 106.109 -33.0273 5
    endloop
  endfacet
  facet normal -0.10608 -0.707201 0.699009
    outer loop
      vertex 107.871 -32.0086 5
      vertex 107.72 -32.579 4.4
      vertex 107.873 -32.0089 5
    endloop
  endfacet
  facet normal -0.139346 -0.699939 0.700477
    outer loop
      vertex 107.72 -32.579 4.4
      vertex 107.871 -32.0086 5
      vertex 107.611 -32.5573 4.4
    endloop
  endfacet
  facet normal 0.69977 0.141108 0.700293
    outer loop
      vertex 106.109 -33.771 5
      vertex 106.679 -33.62 4.4
      vertex 106.657 -33.5109 4.4
    endloop
  endfacet
  facet normal 0.724999 0 0.688749
    outer loop
      vertex 106.679 -33.62 4.4
      vertex 106.109 -33.771 5
      vertex 106.109 -33.7727 5
    endloop
  endfacet
  facet normal -0.07111 -0.7111 0.699485
    outer loop
      vertex 107.5 -32.55 4.4
      vertex 107.502 -31.96 5
      vertex 107.5 -31.9598 5
    endloop
  endfacet
  facet normal -0.046836 -0.712163 0.70045
    outer loop
      vertex 107.502 -31.96 5
      vertex 107.5 -32.55 4.4
      vertex 107.611 -32.5573 4.4
    endloop
  endfacet
  facet normal -0.69977 0.141108 0.700293
    outer loop
      vertex 108.321 -33.62 4.4
      vertex 108.891 -33.771 5
      vertex 108.343 -33.5109 4.4
    endloop
  endfacet
  facet normal -0.724999 0 0.688749
    outer loop
      vertex 108.891 -33.771 5
      vertex 108.321 -33.62 4.4
      vertex 108.891 -33.7727 5
    endloop
  endfacet
  facet normal -0.470841 -0.535916 0.700787
    outer loop
      vertex 108.517 -32.3804 5
      vertex 108.377 -32.2574 5
      vertex 108.017 -32.7257 4.4
    endloop
  endfacet
  facet normal -0.10608 0.707201 0.699009
    outer loop
      vertex 107.72 -34.221 4.4
      vertex 107.871 -34.7914 5
      vertex 107.873 -34.7911 5
    endloop
  endfacet
  facet normal -0.139346 0.699939 0.700477
    outer loop
      vertex 107.871 -34.7914 5
      vertex 107.72 -34.221 4.4
      vertex 107.611 -34.2427 4.4
    endloop
  endfacet
  facet normal -0.640493 0.314786 0.700484
    outer loop
      vertex 108.236 -33.825 4.4
      vertex 108.748 -34.1184 5
      vertex 108.285 -33.7253 4.4
    endloop
  endfacet
  facet normal -0.614544 0.361496 0.701182
    outer loop
      vertex 108.748 -34.1184 5
      vertex 108.236 -33.825 4.4
      vertex 108.747 -34.1201 5
    endloop
  endfacet
  facet normal -0.594504 -0.394803 0.700497
    outer loop
      vertex 108.747 -32.6799 5
      vertex 108.644 -32.5248 5
      vertex 108.236 -32.975 4.4
    endloop
  endfacet
  facet normal -0.724999 0 0.688749
    outer loop
      vertex 108.891 -33.0255 5
      vertex 108.321 -33.18 4.4
      vertex 108.891 -33.0273 5
    endloop
  endfacet
  facet normal -0.67506 -0.23079 0.700735
    outer loop
      vertex 108.321 -33.18 4.4
      vertex 108.891 -33.0255 5
      vertex 108.285 -33.0747 4.4
    endloop
  endfacet
  facet normal -0.724999 0 0.688749
    outer loop
      vertex 108.321 -33.18 4.4
      vertex 108.891 -33.029 5
      vertex 108.891 -33.0273 5
    endloop
  endfacet
  facet normal -0.69977 -0.141108 0.700293
    outer loop
      vertex 108.891 -33.029 5
      vertex 108.321 -33.18 4.4
      vertex 108.343 -33.2891 4.4
    endloop
  endfacet
  facet normal 0.592262 0.397405 0.700924
    outer loop
      vertex 106.356 -34.2752 5
      vertex 106.826 -33.9174 4.4
      vertex 106.764 -33.825 4.4
    endloop
  endfacet
  facet normal 0.593501 0.395668 0.700859
    outer loop
      vertex 106.826 -33.9174 4.4
      vertex 106.356 -34.2752 5
      vertex 106.357 -34.2767 5
    endloop
  endfacet
  facet normal -0.536369 0.47023 0.700851
    outer loop
      vertex 108.52 -34.417 5
      vertex 108.643 -34.2767 5
      vertex 108.174 -33.9174 4.4
    endloop
  endfacet
  facet normal -0.548874 -0.457395 0.699662
    outer loop
      vertex 108.517 -32.3804 5
      vertex 108.101 -32.799 4.4
      vertex 108.518 -32.3816 5
    endloop
  endfacet
  facet normal -0.469228 -0.537724 0.700484
    outer loop
      vertex 108.101 -32.799 4.4
      vertex 108.517 -32.3804 5
      vertex 108.017 -32.7257 4.4
    endloop
  endfacet
  facet normal 0.699653 0.14146 0.700339
    outer loop
      vertex 106.109 -33.771 5
      vertex 106.657 -33.5109 4.4
      vertex 106.072 -33.588 5
    endloop
  endfacet
  facet normal 0.67506 0.23079 0.700735
    outer loop
      vertex 106.679 -33.62 4.4
      vertex 106.109 -33.7745 5
      vertex 106.715 -33.7253 4.4
    endloop
  endfacet
  facet normal 0.724999 -0 0.688749
    outer loop
      vertex 106.109 -33.7745 5
      vertex 106.679 -33.62 4.4
      vertex 106.109 -33.7727 5
    endloop
  endfacet
  facet normal 0.411942 -0.588488 0.695691
    outer loop
      vertex 106.48 -32.383 5
      vertex 106.899 -32.799 4.4
      vertex 106.482 -32.3816 5
    endloop
  endfacet
  facet normal 0.537427 -0.469285 0.700674
    outer loop
      vertex 106.899 -32.799 4.4
      vertex 106.48 -32.383 5
      vertex 106.826 -32.8826 4.4
    endloop
  endfacet
  facet normal 0.724999 -0 0.688749
    outer loop
      vertex 106.109 -33.029 5
      vertex 106.679 -33.18 4.4
      vertex 106.109 -33.0273 5
    endloop
  endfacet
  facet normal 0.69977 -0.141108 0.700293
    outer loop
      vertex 106.679 -33.18 4.4
      vertex 106.109 -33.029 5
      vertex 106.657 -33.2891 4.4
    endloop
  endfacet
  facet normal -0.32158 -0.643159 0.694934
    outer loop
      vertex 108.375 -32.2564 5
      vertex 108.017 -32.7257 4.4
      vertex 108.377 -32.2574 5
    endloop
  endfacet
  facet normal -0.397858 -0.592281 0.700651
    outer loop
      vertex 108.017 -32.7257 4.4
      vertex 108.375 -32.2564 5
      vertex 107.925 -32.6639 4.4
    endloop
  endfacet
  facet normal 0.315123 0.640493 0.700333
    outer loop
      vertex 107.075 -34.1361 4.4
      vertex 106.782 -34.648 5
      vertex 107.175 -34.1853 4.4
    endloop
  endfacet
  facet normal 0.266114 0.665285 0.697552
    outer loop
      vertex 106.782 -34.648 5
      vertex 107.075 -34.1361 4.4
      vertex 106.78 -34.6472 5
    endloop
  endfacet
  facet normal 0.614544 -0.361496 0.701182
    outer loop
      vertex 106.252 -32.6816 5
      vertex 106.764 -32.975 4.4
      vertex 106.253 -32.6799 5
    endloop
  endfacet
  facet normal 0.640493 -0.314786 0.700484
    outer loop
      vertex 106.764 -32.975 4.4
      vertex 106.252 -32.6816 5
      vertex 106.715 -33.0747 4.4
    endloop
  endfacet
  facet normal 0.594504 -0.394803 0.700497
    outer loop
      vertex 106.764 -32.975 4.4
      vertex 106.356 -32.5248 5
      vertex 106.253 -32.6799 5
    endloop
  endfacet
  facet normal -0.195251 -0.980753 0
    outer loop
      vertex 107.611 -46.5573 -5.72205e-07
      vertex 107.72 -46.579 4.4
      vertex 107.611 -46.5573 4.4
    endloop
  endfacet
  facet normal -0.195251 -0.980753 -0
    outer loop
      vertex 107.72 -46.579 4.4
      vertex 107.611 -46.5573 -5.72205e-07
      vertex 107.72 -46.579 -5.72205e-07
    endloop
  endfacet
  facet normal -0.980268 -0.197671 0
    outer loop
      vertex 108.343 -47.2891 -5.72205e-07
      vertex 108.321 -47.18 4.4
      vertex 108.321 -47.18 -5.72205e-07
    endloop
  endfacet
  facet normal -0.980268 -0.197671 0
    outer loop
      vertex 108.321 -47.18 4.4
      vertex 108.343 -47.2891 -5.72205e-07
      vertex 108.343 -47.2891 4.4
    endloop
  endfacet
  facet normal -0.998014 -0.0629946 0
    outer loop
      vertex 108.35 -47.4 -5.72205e-07
      vertex 108.343 -47.2891 4.4
      vertex 108.343 -47.2891 -5.72205e-07
    endloop
  endfacet
  facet normal -0.998014 -0.0629946 0
    outer loop
      vertex 108.343 -47.2891 4.4
      vertex 108.35 -47.4 -5.72205e-07
      vertex 108.35 -47.4 4.4
    endloop
  endfacet
  facet normal -0.946229 -0.323497 0
    outer loop
      vertex 108.321 -47.18 -5.72205e-07
      vertex 108.285 -47.0747 4.4
      vertex 108.285 -47.0747 -5.72205e-07
    endloop
  endfacet
  facet normal -0.946229 -0.323497 0
    outer loop
      vertex 108.285 -47.0747 4.4
      vertex 108.321 -47.18 -5.72205e-07
      vertex 108.321 -47.18 4.4
    endloop
  endfacet
  facet normal -0.830387 -0.557186 0
    outer loop
      vertex 108.236 -46.975 -5.72205e-07
      vertex 108.174 -46.8826 4.4
      vertex 108.174 -46.8826 -5.72205e-07
    endloop
  endfacet
  facet normal -0.830387 -0.557186 0
    outer loop
      vertex 108.174 -46.8826 4.4
      vertex 108.236 -46.975 -5.72205e-07
      vertex 108.236 -46.975 4.4
    endloop
  endfacet
  facet normal -0.321903 -0.946773 0
    outer loop
      vertex 107.72 -46.579 -5.72205e-07
      vertex 107.825 -46.6147 4.4
      vertex 107.72 -46.579 4.4
    endloop
  endfacet
  facet normal -0.321903 -0.946773 -0
    outer loop
      vertex 107.825 -46.6147 4.4
      vertex 107.72 -46.579 -5.72205e-07
      vertex 107.825 -46.6147 -5.72205e-07
    endloop
  endfacet
  facet normal 0.980268 0.197671 0
    outer loop
      vertex 106.679 -47.62 4.4
      vertex 106.657 -47.5109 -5.72205e-07
      vertex 106.657 -47.5109 4.4
    endloop
  endfacet
  facet normal 0.980268 0.197671 0
    outer loop
      vertex 106.657 -47.5109 -5.72205e-07
      vertex 106.679 -47.62 4.4
      vertex 106.679 -47.62 -5.72205e-07
    endloop
  endfacet
  facet normal -0.998014 0.0629946 0
    outer loop
      vertex 108.343 -47.5109 -5.72205e-07
      vertex 108.35 -47.4 4.4
      vertex 108.35 -47.4 -5.72205e-07
    endloop
  endfacet
  facet normal -0.998014 0.0629946 0
    outer loop
      vertex 108.35 -47.4 4.4
      vertex 108.343 -47.5109 -5.72205e-07
      vertex 108.343 -47.5109 4.4
    endloop
  endfacet
  facet normal 0.998014 0.0629946 0
    outer loop
      vertex 106.657 -47.5109 4.4
      vertex 106.65 -47.4 -5.72205e-07
      vertex 106.65 -47.4 4.4
    endloop
  endfacet
  facet normal 0.998014 0.0629946 0
    outer loop
      vertex 106.65 -47.4 -5.72205e-07
      vertex 106.657 -47.5109 4.4
      vertex 106.657 -47.5109 -5.72205e-07
    endloop
  endfacet
  facet normal 0.321903 0.946773 -0
    outer loop
      vertex 107.28 -48.221 -5.72205e-07
      vertex 107.175 -48.1853 4.4
      vertex 107.28 -48.221 4.4
    endloop
  endfacet
  facet normal 0.321903 0.946773 0
    outer loop
      vertex 107.175 -48.1853 4.4
      vertex 107.28 -48.221 -5.72205e-07
      vertex 107.175 -48.1853 -5.72205e-07
    endloop
  endfacet
  facet normal -0.897467 -0.441082 0
    outer loop
      vertex 108.285 -47.0747 -5.72205e-07
      vertex 108.236 -46.975 4.4
      vertex 108.236 -46.975 -5.72205e-07
    endloop
  endfacet
  facet normal -0.897467 -0.441082 0
    outer loop
      vertex 108.236 -46.975 4.4
      vertex 108.285 -47.0747 -5.72205e-07
      vertex 108.285 -47.0747 4.4
    endloop
  endfacet
  facet normal -0.753246 -0.657739 0
    outer loop
      vertex 108.174 -46.8826 -5.72205e-07
      vertex 108.101 -46.799 4.4
      vertex 108.101 -46.799 -5.72205e-07
    endloop
  endfacet
  facet normal -0.753246 -0.657739 0
    outer loop
      vertex 108.101 -46.799 4.4
      vertex 108.174 -46.8826 -5.72205e-07
      vertex 108.174 -46.8826 4.4
    endloop
  endfacet
  facet normal -0.946229 0.323497 0
    outer loop
      vertex 108.285 -47.7253 -5.72205e-07
      vertex 108.321 -47.62 4.4
      vertex 108.321 -47.62 -5.72205e-07
    endloop
  endfacet
  facet normal -0.946229 0.323497 0
    outer loop
      vertex 108.321 -47.62 4.4
      vertex 108.285 -47.7253 -5.72205e-07
      vertex 108.285 -47.7253 4.4
    endloop
  endfacet
  facet normal 0.753246 0.657739 0
    outer loop
      vertex 106.899 -48.001 4.4
      vertex 106.826 -47.9174 -5.72205e-07
      vertex 106.826 -47.9174 4.4
    endloop
  endfacet
  facet normal 0.753246 0.657739 0
    outer loop
      vertex 106.826 -47.9174 -5.72205e-07
      vertex 106.899 -48.001 4.4
      vertex 106.899 -48.001 -5.72205e-07
    endloop
  endfacet
  facet normal -0.980268 0.197671 0
    outer loop
      vertex 108.321 -47.62 -5.72205e-07
      vertex 108.343 -47.5109 4.4
      vertex 108.343 -47.5109 -5.72205e-07
    endloop
  endfacet
  facet normal -0.980268 0.197671 0
    outer loop
      vertex 108.343 -47.5109 4.4
      vertex 108.321 -47.62 -5.72205e-07
      vertex 108.321 -47.62 4.4
    endloop
  endfacet
  facet normal -0.065624 0.997844 0
    outer loop
      vertex 107.611 -48.2427 -5.72205e-07
      vertex 107.5 -48.25 4.4
      vertex 107.611 -48.2427 4.4
    endloop
  endfacet
  facet normal -0.065624 0.997844 0
    outer loop
      vertex 107.5 -48.25 4.4
      vertex 107.611 -48.2427 -5.72205e-07
      vertex 107.5 -48.25 -5.72205e-07
    endloop
  endfacet
  facet normal 0.946229 0.323497 0
    outer loop
      vertex 106.715 -47.7253 4.4
      vertex 106.679 -47.62 -5.72205e-07
      vertex 106.679 -47.62 4.4
    endloop
  endfacet
  facet normal 0.946229 0.323497 0
    outer loop
      vertex 106.679 -47.62 -5.72205e-07
      vertex 106.715 -47.7253 4.4
      vertex 106.715 -47.7253 -5.72205e-07
    endloop
  endfacet
  facet normal -0.830387 0.557186 0
    outer loop
      vertex 108.174 -47.9174 -5.72205e-07
      vertex 108.236 -47.825 4.4
      vertex 108.236 -47.825 -5.72205e-07
    endloop
  endfacet
  facet normal -0.830387 0.557186 0
    outer loop
      vertex 108.236 -47.825 4.4
      vertex 108.174 -47.9174 -5.72205e-07
      vertex 108.174 -47.9174 4.4
    endloop
  endfacet
  facet normal -0.441462 -0.89728 0
    outer loop
      vertex 107.825 -46.6147 -5.72205e-07
      vertex 107.925 -46.6639 4.4
      vertex 107.825 -46.6147 4.4
    endloop
  endfacet
  facet normal -0.441462 -0.89728 -0
    outer loop
      vertex 107.925 -46.6639 4.4
      vertex 107.825 -46.6147 -5.72205e-07
      vertex 107.925 -46.6639 -5.72205e-07
    endloop
  endfacet
  facet normal 0.441462 -0.89728 0
    outer loop
      vertex 107.075 -46.6639 -5.72205e-07
      vertex 107.175 -46.6147 4.4
      vertex 107.075 -46.6639 4.4
    endloop
  endfacet
  facet normal 0.441462 -0.89728 0
    outer loop
      vertex 107.175 -46.6147 4.4
      vertex 107.075 -46.6639 -5.72205e-07
      vertex 107.175 -46.6147 -5.72205e-07
    endloop
  endfacet
  facet normal -0.441462 0.89728 0
    outer loop
      vertex 107.925 -48.1361 -5.72205e-07
      vertex 107.825 -48.1853 4.4
      vertex 107.925 -48.1361 4.4
    endloop
  endfacet
  facet normal -0.441462 0.89728 0
    outer loop
      vertex 107.825 -48.1853 4.4
      vertex 107.925 -48.1361 -5.72205e-07
      vertex 107.825 -48.1853 -5.72205e-07
    endloop
  endfacet
  facet normal -0.321903 0.946773 0
    outer loop
      vertex 107.825 -48.1853 -5.72205e-07
      vertex 107.72 -48.221 4.4
      vertex 107.825 -48.1853 4.4
    endloop
  endfacet
  facet normal -0.321903 0.946773 0
    outer loop
      vertex 107.72 -48.221 4.4
      vertex 107.825 -48.1853 -5.72205e-07
      vertex 107.72 -48.221 -5.72205e-07
    endloop
  endfacet
  facet normal 0.195251 0.980753 -0
    outer loop
      vertex 107.389 -48.2427 -5.72205e-07
      vertex 107.28 -48.221 4.4
      vertex 107.389 -48.2427 4.4
    endloop
  endfacet
  facet normal 0.195251 0.980753 0
    outer loop
      vertex 107.28 -48.221 4.4
      vertex 107.389 -48.2427 -5.72205e-07
      vertex 107.28 -48.221 -5.72205e-07
    endloop
  endfacet
  facet normal 0.946229 -0.323497 0
    outer loop
      vertex 106.679 -47.18 4.4
      vertex 106.715 -47.0747 -5.72205e-07
      vertex 106.715 -47.0747 4.4
    endloop
  endfacet
  facet normal 0.946229 -0.323497 0
    outer loop
      vertex 106.715 -47.0747 -5.72205e-07
      vertex 106.679 -47.18 4.4
      vertex 106.679 -47.18 -5.72205e-07
    endloop
  endfacet
  facet normal 0.195251 -0.980753 0
    outer loop
      vertex 107.28 -46.579 -5.72205e-07
      vertex 107.389 -46.5573 4.4
      vertex 107.28 -46.579 4.4
    endloop
  endfacet
  facet normal 0.195251 -0.980753 0
    outer loop
      vertex 107.389 -46.5573 4.4
      vertex 107.28 -46.579 -5.72205e-07
      vertex 107.389 -46.5573 -5.72205e-07
    endloop
  endfacet
  facet normal 0.557612 -0.830102 0
    outer loop
      vertex 106.983 -46.7257 -5.72205e-07
      vertex 107.075 -46.6639 4.4
      vertex 106.983 -46.7257 4.4
    endloop
  endfacet
  facet normal 0.557612 -0.830102 0
    outer loop
      vertex 107.075 -46.6639 4.4
      vertex 106.983 -46.7257 -5.72205e-07
      vertex 107.075 -46.6639 -5.72205e-07
    endloop
  endfacet
  facet normal -0.557612 0.830102 0
    outer loop
      vertex 108.017 -48.0743 -5.72205e-07
      vertex 107.925 -48.1361 4.4
      vertex 108.017 -48.0743 4.4
    endloop
  endfacet
  facet normal -0.557612 0.830102 0
    outer loop
      vertex 107.925 -48.1361 4.4
      vertex 108.017 -48.0743 -5.72205e-07
      vertex 107.925 -48.1361 -5.72205e-07
    endloop
  endfacet
  facet normal -0.195251 0.980753 0
    outer loop
      vertex 107.72 -48.221 -5.72205e-07
      vertex 107.611 -48.2427 4.4
      vertex 107.72 -48.221 4.4
    endloop
  endfacet
  facet normal -0.195251 0.980753 0
    outer loop
      vertex 107.611 -48.2427 4.4
      vertex 107.72 -48.221 -5.72205e-07
      vertex 107.611 -48.2427 -5.72205e-07
    endloop
  endfacet
  facet normal 0.897467 -0.441082 0
    outer loop
      vertex 106.715 -47.0747 4.4
      vertex 106.764 -46.975 -5.72205e-07
      vertex 106.764 -46.975 4.4
    endloop
  endfacet
  facet normal 0.897467 -0.441082 0
    outer loop
      vertex 106.764 -46.975 -5.72205e-07
      vertex 106.715 -47.0747 4.4
      vertex 106.715 -47.0747 -5.72205e-07
    endloop
  endfacet
  facet normal 0.830387 -0.557186 0
    outer loop
      vertex 106.764 -46.975 4.4
      vertex 106.826 -46.8826 -5.72205e-07
      vertex 106.826 -46.8826 4.4
    endloop
  endfacet
  facet normal 0.830387 -0.557186 0
    outer loop
      vertex 106.826 -46.8826 -5.72205e-07
      vertex 106.764 -46.975 4.4
      vertex 106.764 -46.975 -5.72205e-07
    endloop
  endfacet
  facet normal 0.065624 0.997844 -0
    outer loop
      vertex 107.5 -48.25 -5.72205e-07
      vertex 107.389 -48.2427 4.4
      vertex 107.5 -48.25 4.4
    endloop
  endfacet
  facet normal 0.065624 0.997844 0
    outer loop
      vertex 107.389 -48.2427 4.4
      vertex 107.5 -48.25 -5.72205e-07
      vertex 107.389 -48.2427 -5.72205e-07
    endloop
  endfacet
  facet normal 0.657488 -0.753465 0
    outer loop
      vertex 106.899 -46.799 -5.72205e-07
      vertex 106.983 -46.7257 4.4
      vertex 106.899 -46.799 4.4
    endloop
  endfacet
  facet normal 0.657488 -0.753465 0
    outer loop
      vertex 106.983 -46.7257 4.4
      vertex 106.899 -46.799 -5.72205e-07
      vertex 106.983 -46.7257 -5.72205e-07
    endloop
  endfacet
  facet normal 0.657488 0.753465 -0
    outer loop
      vertex 106.983 -48.0743 -5.72205e-07
      vertex 106.899 -48.001 4.4
      vertex 106.983 -48.0743 4.4
    endloop
  endfacet
  facet normal 0.657488 0.753465 0
    outer loop
      vertex 106.899 -48.001 4.4
      vertex 106.983 -48.0743 -5.72205e-07
      vertex 106.899 -48.001 -5.72205e-07
    endloop
  endfacet
  facet normal 0.753246 -0.657739 0
    outer loop
      vertex 106.826 -46.8826 4.4
      vertex 106.899 -46.799 -5.72205e-07
      vertex 106.899 -46.799 4.4
    endloop
  endfacet
  facet normal 0.753246 -0.657739 0
    outer loop
      vertex 106.899 -46.799 -5.72205e-07
      vertex 106.826 -46.8826 4.4
      vertex 106.826 -46.8826 -5.72205e-07
    endloop
  endfacet
  facet normal -0.753246 0.657739 0
    outer loop
      vertex 108.101 -48.001 -5.72205e-07
      vertex 108.174 -47.9174 4.4
      vertex 108.174 -47.9174 -5.72205e-07
    endloop
  endfacet
  facet normal -0.753246 0.657739 0
    outer loop
      vertex 108.174 -47.9174 4.4
      vertex 108.101 -48.001 -5.72205e-07
      vertex 108.101 -48.001 4.4
    endloop
  endfacet
  facet normal -0.897467 0.441082 0
    outer loop
      vertex 108.236 -47.825 -5.72205e-07
      vertex 108.285 -47.7253 4.4
      vertex 108.285 -47.7253 -5.72205e-07
    endloop
  endfacet
  facet normal -0.897467 0.441082 0
    outer loop
      vertex 108.285 -47.7253 4.4
      vertex 108.236 -47.825 -5.72205e-07
      vertex 108.236 -47.825 4.4
    endloop
  endfacet
  facet normal 0.557612 0.830102 -0
    outer loop
      vertex 107.075 -48.1361 -5.72205e-07
      vertex 106.983 -48.0743 4.4
      vertex 107.075 -48.1361 4.4
    endloop
  endfacet
  facet normal 0.557612 0.830102 0
    outer loop
      vertex 106.983 -48.0743 4.4
      vertex 107.075 -48.1361 -5.72205e-07
      vertex 106.983 -48.0743 -5.72205e-07
    endloop
  endfacet
  facet normal 0.980268 -0.197671 0
    outer loop
      vertex 106.657 -47.2891 4.4
      vertex 106.679 -47.18 -5.72205e-07
      vertex 106.679 -47.18 4.4
    endloop
  endfacet
  facet normal 0.980268 -0.197671 0
    outer loop
      vertex 106.679 -47.18 -5.72205e-07
      vertex 106.657 -47.2891 4.4
      vertex 106.657 -47.2891 -5.72205e-07
    endloop
  endfacet
  facet normal -0.065624 -0.997844 0
    outer loop
      vertex 107.5 -46.55 -5.72205e-07
      vertex 107.611 -46.5573 4.4
      vertex 107.5 -46.55 4.4
    endloop
  endfacet
  facet normal -0.065624 -0.997844 -0
    outer loop
      vertex 107.611 -46.5573 4.4
      vertex 107.5 -46.55 -5.72205e-07
      vertex 107.611 -46.5573 -5.72205e-07
    endloop
  endfacet
  facet normal -0.557612 -0.830102 0
    outer loop
      vertex 107.925 -46.6639 -5.72205e-07
      vertex 108.017 -46.7257 4.4
      vertex 107.925 -46.6639 4.4
    endloop
  endfacet
  facet normal -0.557612 -0.830102 -0
    outer loop
      vertex 108.017 -46.7257 4.4
      vertex 107.925 -46.6639 -5.72205e-07
      vertex 108.017 -46.7257 -5.72205e-07
    endloop
  endfacet
  facet normal 0.321903 -0.946773 0
    outer loop
      vertex 107.175 -46.6147 -5.72205e-07
      vertex 107.28 -46.579 4.4
      vertex 107.175 -46.6147 4.4
    endloop
  endfacet
  facet normal 0.321903 -0.946773 0
    outer loop
      vertex 107.28 -46.579 4.4
      vertex 107.175 -46.6147 -5.72205e-07
      vertex 107.28 -46.579 -5.72205e-07
    endloop
  endfacet
  facet normal 0.065624 -0.997844 0
    outer loop
      vertex 107.389 -46.5573 -5.72205e-07
      vertex 107.5 -46.55 4.4
      vertex 107.389 -46.5573 4.4
    endloop
  endfacet
  facet normal 0.065624 -0.997844 0
    outer loop
      vertex 107.5 -46.55 4.4
      vertex 107.389 -46.5573 -5.72205e-07
      vertex 107.5 -46.55 -5.72205e-07
    endloop
  endfacet
  facet normal 0.998014 -0.0629946 0
    outer loop
      vertex 106.65 -47.4 4.4
      vertex 106.657 -47.2891 -5.72205e-07
      vertex 106.657 -47.2891 4.4
    endloop
  endfacet
  facet normal 0.998014 -0.0629946 0
    outer loop
      vertex 106.657 -47.2891 -5.72205e-07
      vertex 106.65 -47.4 4.4
      vertex 106.65 -47.4 -5.72205e-07
    endloop
  endfacet
  facet normal -0.657488 -0.753465 0
    outer loop
      vertex 108.017 -46.7257 -5.72205e-07
      vertex 108.101 -46.799 4.4
      vertex 108.017 -46.7257 4.4
    endloop
  endfacet
  facet normal -0.657488 -0.753465 -0
    outer loop
      vertex 108.101 -46.799 4.4
      vertex 108.017 -46.7257 -5.72205e-07
      vertex 108.101 -46.799 -5.72205e-07
    endloop
  endfacet
  facet normal 0.897467 0.441082 0
    outer loop
      vertex 106.764 -47.825 4.4
      vertex 106.715 -47.7253 -5.72205e-07
      vertex 106.715 -47.7253 4.4
    endloop
  endfacet
  facet normal 0.897467 0.441082 0
    outer loop
      vertex 106.715 -47.7253 -5.72205e-07
      vertex 106.764 -47.825 4.4
      vertex 106.764 -47.825 -5.72205e-07
    endloop
  endfacet
  facet normal 0.441462 0.89728 -0
    outer loop
      vertex 107.175 -48.1853 -5.72205e-07
      vertex 107.075 -48.1361 4.4
      vertex 107.175 -48.1853 4.4
    endloop
  endfacet
  facet normal 0.441462 0.89728 0
    outer loop
      vertex 107.075 -48.1361 4.4
      vertex 107.175 -48.1853 -5.72205e-07
      vertex 107.075 -48.1361 -5.72205e-07
    endloop
  endfacet
  facet normal -0.657488 0.753465 0
    outer loop
      vertex 108.101 -48.001 -5.72205e-07
      vertex 108.017 -48.0743 4.4
      vertex 108.101 -48.001 4.4
    endloop
  endfacet
  facet normal -0.657488 0.753465 0
    outer loop
      vertex 108.017 -48.0743 4.4
      vertex 108.101 -48.001 -5.72205e-07
      vertex 108.017 -48.0743 -5.72205e-07
    endloop
  endfacet
  facet normal 0.830387 0.557186 0
    outer loop
      vertex 106.826 -47.9174 4.4
      vertex 106.764 -47.825 -5.72205e-07
      vertex 106.764 -47.825 4.4
    endloop
  endfacet
  facet normal 0.830387 0.557186 0
    outer loop
      vertex 106.764 -47.825 -5.72205e-07
      vertex 106.826 -47.9174 4.4
      vertex 106.826 -47.9174 -5.72205e-07
    endloop
  endfacet
  facet normal -0.712235 -0.0449562 0.7005
    outer loop
      vertex 108.35 -47.4 4.4
      vertex 108.94 -47.3982 5
      vertex 108.343 -47.2891 4.4
    endloop
  endfacet
  facet normal -0.713024 0 0.70114
    outer loop
      vertex 108.94 -47.3982 5
      vertex 108.35 -47.4 4.4
      vertex 108.94 -47.4 5
    endloop
  endfacet
  facet normal -0.229119 -0.675902 0.700472
    outer loop
      vertex 108.051 -46.0695 5
      vertex 107.874 -46.0095 5
      vertex 107.825 -46.6147 4.4
    endloop
  endfacet
  facet normal 0.396599 -0.593368 0.700445
    outer loop
      vertex 107.075 -46.6639 4.4
      vertex 106.78 -46.1528 5
      vertex 106.625 -46.2564 5
    endloop
  endfacet
  facet normal 0.470841 0.535916 0.700787
    outer loop
      vertex 106.623 -48.5426 5
      vertex 106.983 -48.0743 4.4
      vertex 106.483 -48.4196 5
    endloop
  endfacet
  facet normal 0.397858 0.592281 0.700651
    outer loop
      vertex 106.983 -48.0743 4.4
      vertex 106.625 -48.5436 5
      vertex 107.075 -48.1361 4.4
    endloop
  endfacet
  facet normal 0.32158 0.643159 0.694934
    outer loop
      vertex 106.625 -48.5436 5
      vertex 106.983 -48.0743 4.4
      vertex 106.623 -48.5426 5
    endloop
  endfacet
  facet normal 0.469228 -0.537724 0.700484
    outer loop
      vertex 106.483 -46.3804 5
      vertex 106.899 -46.799 4.4
      vertex 106.983 -46.7257 4.4
    endloop
  endfacet
  facet normal 0.548874 -0.457395 0.699662
    outer loop
      vertex 106.899 -46.799 4.4
      vertex 106.483 -46.3804 5
      vertex 106.482 -46.3816 5
    endloop
  endfacet
  facet normal -0.548874 0.457395 0.699662
    outer loop
      vertex 108.101 -48.001 4.4
      vertex 108.517 -48.4196 5
      vertex 108.518 -48.4184 5
    endloop
  endfacet
  facet normal -0.469228 0.537724 0.700484
    outer loop
      vertex 108.517 -48.4196 5
      vertex 108.101 -48.001 4.4
      vertex 108.017 -48.0743 4.4
    endloop
  endfacet
  facet normal 0.315123 -0.640493 0.700333
    outer loop
      vertex 106.782 -46.152 5
      vertex 107.075 -46.6639 4.4
      vertex 107.175 -46.6147 4.4
    endloop
  endfacet
  facet normal 0.266114 -0.665285 0.697552
    outer loop
      vertex 107.075 -46.6639 4.4
      vertex 106.782 -46.152 5
      vertex 106.78 -46.1528 5
    endloop
  endfacet
  facet normal -0.592262 0.397405 0.700924
    outer loop
      vertex 108.174 -47.9174 4.4
      vertex 108.644 -48.2752 5
      vertex 108.236 -47.825 4.4
    endloop
  endfacet
  facet normal -0.593501 0.395668 0.700859
    outer loop
      vertex 108.644 -48.2752 5
      vertex 108.174 -47.9174 4.4
      vertex 108.643 -48.2767 5
    endloop
  endfacet
  facet normal 0.536369 -0.47023 0.700851
    outer loop
      vertex 106.826 -46.8826 4.4
      vertex 106.48 -46.383 5
      vertex 106.357 -46.5233 5
    endloop
  endfacet
  facet normal 0.536369 0.47023 0.700851
    outer loop
      vertex 106.48 -48.417 5
      vertex 106.826 -47.9174 4.4
      vertex 106.357 -48.2767 5
    endloop
  endfacet
  facet normal 0.229762 0.675769 0.70039
    outer loop
      vertex 107.126 -48.7905 5
      vertex 107.28 -48.221 4.4
      vertex 107.175 -48.1853 4.4
    endloop
  endfacet
  facet normal 0.373763 0.622938 0.687204
    outer loop
      vertex 107.28 -48.221 4.4
      vertex 107.126 -48.7905 5
      vertex 107.127 -48.7911 5
    endloop
  endfacet
  facet normal 0.229119 -0.675902 0.700472
    outer loop
      vertex 107.175 -46.6147 4.4
      vertex 107.126 -46.0095 5
      vertex 106.949 -46.0695 5
    endloop
  endfacet
  facet normal 0.316096 0.639855 0.700478
    outer loop
      vertex 106.949 -48.7305 5
      vertex 107.175 -48.1853 4.4
      vertex 106.782 -48.648 5
    endloop
  endfacet
  facet normal -0.13923 0.699977 0.700462
    outer loop
      vertex 107.688 -48.8278 5
      vertex 107.871 -48.7914 5
      vertex 107.611 -48.2427 4.4
    endloop
  endfacet
  facet normal -0.396599 0.593368 0.700445
    outer loop
      vertex 108.22 -48.6472 5
      vertex 108.375 -48.5436 5
      vertex 107.925 -48.1361 4.4
    endloop
  endfacet
  facet normal -0.593501 -0.395668 0.700859
    outer loop
      vertex 108.174 -46.8826 4.4
      vertex 108.644 -46.5248 5
      vertex 108.643 -46.5233 5
    endloop
  endfacet
  facet normal -0.592262 -0.397405 0.700924
    outer loop
      vertex 108.644 -46.5248 5
      vertex 108.174 -46.8826 4.4
      vertex 108.236 -46.975 4.4
    endloop
  endfacet
  facet normal 0.675339 0.229447 0.700907
    outer loop
      vertex 106.169 -47.9511 5
      vertex 106.715 -47.7253 4.4
      vertex 106.109 -47.7745 5
    endloop
  endfacet
  facet normal 0.397858 -0.592281 0.700651
    outer loop
      vertex 106.625 -46.2564 5
      vertex 106.983 -46.7257 4.4
      vertex 107.075 -46.6639 4.4
    endloop
  endfacet
  facet normal 0.32158 -0.643159 0.694934
    outer loop
      vertex 106.983 -46.7257 4.4
      vertex 106.625 -46.2564 5
      vertex 106.623 -46.2574 5
    endloop
  endfacet
  facet normal 0.469228 0.537724 0.700484
    outer loop
      vertex 106.899 -48.001 4.4
      vertex 106.483 -48.4196 5
      vertex 106.983 -48.0743 4.4
    endloop
  endfacet
  facet normal 0.548874 0.457395 0.699662
    outer loop
      vertex 106.483 -48.4196 5
      vertex 106.899 -48.001 4.4
      vertex 106.482 -48.4184 5
    endloop
  endfacet
  facet normal -0.229762 0.675769 0.70039
    outer loop
      vertex 107.72 -48.221 4.4
      vertex 107.874 -48.7905 5
      vertex 107.825 -48.1853 4.4
    endloop
  endfacet
  facet normal -0.373763 0.622938 0.687204
    outer loop
      vertex 107.874 -48.7905 5
      vertex 107.72 -48.221 4.4
      vertex 107.873 -48.7911 5
    endloop
  endfacet
  facet normal 0.0467113 0.712156 0.700465
    outer loop
      vertex 107.498 -48.84 5
      vertex 107.389 -48.2427 4.4
      vertex 107.312 -48.8278 5
    endloop
  endfacet
  facet normal -0.675339 0.229447 0.700907
    outer loop
      vertex 108.831 -47.9511 5
      vertex 108.891 -47.7745 5
      vertex 108.285 -47.7253 4.4
    endloop
  endfacet
  facet normal 0.046836 -0.712163 0.70045
    outer loop
      vertex 107.5 -46.55 4.4
      vertex 107.498 -45.96 5
      vertex 107.389 -46.5573 4.4
    endloop
  endfacet
  facet normal 0.07111 -0.7111 0.699485
    outer loop
      vertex 107.498 -45.96 5
      vertex 107.5 -46.55 4.4
      vertex 107.5 -45.9598 5
    endloop
  endfacet
  facet normal 0.713024 -0 0.70114
    outer loop
      vertex 106.06 -47.4018 5
      vertex 106.65 -47.4 4.4
      vertex 106.06 -47.4 5
    endloop
  endfacet
  facet normal 0.712235 0.0449562 0.7005
    outer loop
      vertex 106.65 -47.4 4.4
      vertex 106.06 -47.4018 5
      vertex 106.657 -47.5109 4.4
    endloop
  endfacet
  facet normal 0.675339 -0.229447 0.700907
    outer loop
      vertex 106.715 -47.0747 4.4
      vertex 106.169 -46.8489 5
      vertex 106.109 -47.0255 5
    endloop
  endfacet
  facet normal -0.046836 0.712163 0.70045
    outer loop
      vertex 107.5 -48.25 4.4
      vertex 107.502 -48.84 5
      vertex 107.611 -48.2427 4.4
    endloop
  endfacet
  facet normal -0.07111 0.7111 0.699485
    outer loop
      vertex 107.502 -48.84 5
      vertex 107.5 -48.25 4.4
      vertex 107.5 -48.8402 5
    endloop
  endfacet
  facet normal -0.229119 0.675902 0.700472
    outer loop
      vertex 107.874 -48.7905 5
      vertex 108.051 -48.7305 5
      vertex 107.825 -48.1853 4.4
    endloop
  endfacet
  facet normal -0.699653 -0.14146 0.700339
    outer loop
      vertex 108.928 -47.212 5
      vertex 108.891 -47.029 5
      vertex 108.343 -47.2891 4.4
    endloop
  endfacet
  facet normal 0.139346 0.699939 0.700477
    outer loop
      vertex 107.28 -48.221 4.4
      vertex 107.129 -48.7914 5
      vertex 107.389 -48.2427 4.4
    endloop
  endfacet
  facet normal 0.10608 0.707201 0.699009
    outer loop
      vertex 107.129 -48.7914 5
      vertex 107.28 -48.221 4.4
      vertex 107.127 -48.7911 5
    endloop
  endfacet
  facet normal -0.373763 -0.622938 0.687204
    outer loop
      vertex 107.72 -46.579 4.4
      vertex 107.874 -46.0095 5
      vertex 107.873 -46.0089 5
    endloop
  endfacet
  facet normal -0.229762 -0.675769 0.70039
    outer loop
      vertex 107.874 -46.0095 5
      vertex 107.72 -46.579 4.4
      vertex 107.825 -46.6147 4.4
    endloop
  endfacet
  facet normal -0.537427 0.469285 0.700674
    outer loop
      vertex 108.101 -48.001 4.4
      vertex 108.52 -48.417 5
      vertex 108.174 -47.9174 4.4
    endloop
  endfacet
  facet normal -0.411942 0.588488 0.695691
    outer loop
      vertex 108.52 -48.417 5
      vertex 108.101 -48.001 4.4
      vertex 108.518 -48.4184 5
    endloop
  endfacet
  facet normal 0.712291 0.0459049 0.700382
    outer loop
      vertex 106.072 -47.588 5
      vertex 106.657 -47.5109 4.4
      vertex 106.06 -47.4018 5
    endloop
  endfacet
  facet normal -0.411942 -0.588488 0.695691
    outer loop
      vertex 108.101 -46.799 4.4
      vertex 108.52 -46.383 5
      vertex 108.518 -46.3816 5
    endloop
  endfacet
  facet normal -0.537427 -0.469285 0.700674
    outer loop
      vertex 108.52 -46.383 5
      vertex 108.101 -46.799 4.4
      vertex 108.174 -46.8826 4.4
    endloop
  endfacet
  facet normal 0.639021 -0.317028 0.700817
    outer loop
      vertex 106.715 -47.0747 4.4
      vertex 106.252 -46.6816 5
      vertex 106.169 -46.8489 5
    endloop
  endfacet
  facet normal -0.13923 -0.699977 0.700462
    outer loop
      vertex 107.871 -46.0086 5
      vertex 107.688 -45.9722 5
      vertex 107.611 -46.5573 4.4
    endloop
  endfacet
  facet normal 0.139346 -0.699939 0.700477
    outer loop
      vertex 107.129 -46.0086 5
      vertex 107.28 -46.579 4.4
      vertex 107.389 -46.5573 4.4
    endloop
  endfacet
  facet normal 0.10608 -0.707201 0.699009
    outer loop
      vertex 107.28 -46.579 4.4
      vertex 107.129 -46.0086 5
      vertex 107.127 -46.0089 5
    endloop
  endfacet
  facet normal 0.537427 0.469285 0.700674
    outer loop
      vertex 106.48 -48.417 5
      vertex 106.899 -48.001 4.4
      vertex 106.826 -47.9174 4.4
    endloop
  endfacet
  facet normal 0.411942 0.588488 0.695691
    outer loop
      vertex 106.899 -48.001 4.4
      vertex 106.48 -48.417 5
      vertex 106.482 -48.4184 5
    endloop
  endfacet
  facet normal -0.266114 -0.665285 0.697552
    outer loop
      vertex 108.218 -46.152 5
      vertex 107.925 -46.6639 4.4
      vertex 108.22 -46.1528 5
    endloop
  endfacet
  facet normal -0.315123 -0.640493 0.700333
    outer loop
      vertex 107.925 -46.6639 4.4
      vertex 108.218 -46.152 5
      vertex 107.825 -46.6147 4.4
    endloop
  endfacet
  facet normal 0.712291 -0.0459049 0.700382
    outer loop
      vertex 106.657 -47.2891 4.4
      vertex 106.072 -47.212 5
      vertex 106.06 -47.3982 5
    endloop
  endfacet
  facet normal 0.594504 0.394803 0.700497
    outer loop
      vertex 106.356 -48.2752 5
      vertex 106.764 -47.825 4.4
      vertex 106.253 -48.1201 5
    endloop
  endfacet
  facet normal -0.0467113 -0.712156 0.700465
    outer loop
      vertex 107.611 -46.5573 4.4
      vertex 107.688 -45.9722 5
      vertex 107.502 -45.96 5
    endloop
  endfacet
  facet normal -0.32158 0.643159 0.694934
    outer loop
      vertex 108.017 -48.0743 4.4
      vertex 108.375 -48.5436 5
      vertex 108.377 -48.5426 5
    endloop
  endfacet
  facet normal -0.397858 0.592281 0.700651
    outer loop
      vertex 108.375 -48.5436 5
      vertex 108.017 -48.0743 4.4
      vertex 107.925 -48.1361 4.4
    endloop
  endfacet
  facet normal -0.0467113 0.712156 0.700465
    outer loop
      vertex 107.688 -48.8278 5
      vertex 107.611 -48.2427 4.4
      vertex 107.502 -48.84 5
    endloop
  endfacet
  facet normal -0.316096 -0.639855 0.700478
    outer loop
      vertex 108.218 -46.152 5
      vertex 108.051 -46.0695 5
      vertex 107.825 -46.6147 4.4
    endloop
  endfacet
  facet normal -0.724999 0 0.688749
    outer loop
      vertex 108.321 -47.62 4.4
      vertex 108.891 -47.7745 5
      vertex 108.891 -47.7727 5
    endloop
  endfacet
  facet normal -0.67506 0.23079 0.700735
    outer loop
      vertex 108.891 -47.7745 5
      vertex 108.321 -47.62 4.4
      vertex 108.285 -47.7253 4.4
    endloop
  endfacet
  facet normal 0.713024 0 0.70114
    outer loop
      vertex 106.65 -47.4 4.4
      vertex 106.06 -47.3982 5
      vertex 106.06 -47.4 5
    endloop
  endfacet
  facet normal 0.712235 -0.0449562 0.7005
    outer loop
      vertex 106.06 -47.3982 5
      vertex 106.65 -47.4 4.4
      vertex 106.657 -47.2891 4.4
    endloop
  endfacet
  facet normal 0.13923 0.699977 0.700462
    outer loop
      vertex 107.312 -48.8278 5
      vertex 107.389 -48.2427 4.4
      vertex 107.129 -48.7914 5
    endloop
  endfacet
  facet normal -0.699653 0.14146 0.700339
    outer loop
      vertex 108.891 -47.771 5
      vertex 108.928 -47.588 5
      vertex 108.343 -47.5109 4.4
    endloop
  endfacet
  facet normal -0.639021 0.317028 0.700817
    outer loop
      vertex 108.748 -48.1184 5
      vertex 108.831 -47.9511 5
      vertex 108.285 -47.7253 4.4
    endloop
  endfacet
  facet normal -0.712291 -0.0459049 0.700382
    outer loop
      vertex 108.94 -47.3982 5
      vertex 108.928 -47.212 5
      vertex 108.343 -47.2891 4.4
    endloop
  endfacet
  facet normal -0.713024 0 0.70114
    outer loop
      vertex 108.35 -47.4 4.4
      vertex 108.94 -47.4018 5
      vertex 108.94 -47.4 5
    endloop
  endfacet
  facet normal -0.712235 0.0449562 0.7005
    outer loop
      vertex 108.94 -47.4018 5
      vertex 108.35 -47.4 4.4
      vertex 108.343 -47.5109 4.4
    endloop
  endfacet
  facet normal -0.712291 0.0459049 0.700382
    outer loop
      vertex 108.928 -47.588 5
      vertex 108.94 -47.4018 5
      vertex 108.343 -47.5109 4.4
    endloop
  endfacet
  facet normal 0.396599 0.593368 0.700445
    outer loop
      vertex 106.78 -48.6472 5
      vertex 107.075 -48.1361 4.4
      vertex 106.625 -48.5436 5
    endloop
  endfacet
  facet normal -0.639021 -0.317028 0.700817
    outer loop
      vertex 108.831 -46.8489 5
      vertex 108.748 -46.6816 5
      vertex 108.285 -47.0747 4.4
    endloop
  endfacet
  facet normal 0.07111 0.7111 0.699485
    outer loop
      vertex 107.5 -48.25 4.4
      vertex 107.498 -48.84 5
      vertex 107.5 -48.8402 5
    endloop
  endfacet
  facet normal 0.046836 0.712163 0.70045
    outer loop
      vertex 107.498 -48.84 5
      vertex 107.5 -48.25 4.4
      vertex 107.389 -48.2427 4.4
    endloop
  endfacet
  facet normal 0.640493 0.314786 0.700484
    outer loop
      vertex 106.252 -48.1184 5
      vertex 106.764 -47.825 4.4
      vertex 106.715 -47.7253 4.4
    endloop
  endfacet
  facet normal 0.614544 0.361496 0.701182
    outer loop
      vertex 106.764 -47.825 4.4
      vertex 106.252 -48.1184 5
      vertex 106.253 -48.1201 5
    endloop
  endfacet
  facet normal -0.594504 0.394803 0.700497
    outer loop
      vertex 108.644 -48.2752 5
      vertex 108.747 -48.1201 5
      vertex 108.236 -47.825 4.4
    endloop
  endfacet
  facet normal -0.396599 -0.593368 0.700445
    outer loop
      vertex 108.375 -46.2564 5
      vertex 108.22 -46.1528 5
      vertex 107.925 -46.6639 4.4
    endloop
  endfacet
  facet normal -0.470841 0.535916 0.700787
    outer loop
      vertex 108.377 -48.5426 5
      vertex 108.517 -48.4196 5
      vertex 108.017 -48.0743 4.4
    endloop
  endfacet
  facet normal 0.593501 -0.395668 0.700859
    outer loop
      vertex 106.356 -46.5248 5
      vertex 106.826 -46.8826 4.4
      vertex 106.357 -46.5233 5
    endloop
  endfacet
  facet normal 0.592262 -0.397405 0.700924
    outer loop
      vertex 106.826 -46.8826 4.4
      vertex 106.356 -46.5248 5
      vertex 106.764 -46.975 4.4
    endloop
  endfacet
  facet normal -0.266114 0.665285 0.697552
    outer loop
      vertex 107.925 -48.1361 4.4
      vertex 108.218 -48.648 5
      vertex 108.22 -48.6472 5
    endloop
  endfacet
  facet normal -0.315123 0.640493 0.700333
    outer loop
      vertex 108.218 -48.648 5
      vertex 107.925 -48.1361 4.4
      vertex 107.825 -48.1853 4.4
    endloop
  endfacet
  facet normal -0.316096 0.639855 0.700478
    outer loop
      vertex 108.051 -48.7305 5
      vertex 108.218 -48.648 5
      vertex 107.825 -48.1853 4.4
    endloop
  endfacet
  facet normal -0.675339 -0.229447 0.700907
    outer loop
      vertex 108.891 -47.0255 5
      vertex 108.831 -46.8489 5
      vertex 108.285 -47.0747 4.4
    endloop
  endfacet
  facet normal -0.614544 -0.361496 0.701182
    outer loop
      vertex 108.236 -46.975 4.4
      vertex 108.748 -46.6816 5
      vertex 108.747 -46.6799 5
    endloop
  endfacet
  facet normal -0.640493 -0.314786 0.700484
    outer loop
      vertex 108.748 -46.6816 5
      vertex 108.236 -46.975 4.4
      vertex 108.285 -47.0747 4.4
    endloop
  endfacet
  facet normal 0.229119 0.675902 0.700472
    outer loop
      vertex 107.126 -48.7905 5
      vertex 107.175 -48.1853 4.4
      vertex 106.949 -48.7305 5
    endloop
  endfacet
  facet normal 0.316096 -0.639855 0.700478
    outer loop
      vertex 107.175 -46.6147 4.4
      vertex 106.949 -46.0695 5
      vertex 106.782 -46.152 5
    endloop
  endfacet
  facet normal 0.470841 -0.535916 0.700787
    outer loop
      vertex 106.983 -46.7257 4.4
      vertex 106.623 -46.2574 5
      vertex 106.483 -46.3804 5
    endloop
  endfacet
  facet normal 0.699653 -0.14146 0.700339
    outer loop
      vertex 106.657 -47.2891 4.4
      vertex 106.109 -47.029 5
      vertex 106.072 -47.212 5
    endloop
  endfacet
  facet normal 0.639021 0.317028 0.700817
    outer loop
      vertex 106.252 -48.1184 5
      vertex 106.715 -47.7253 4.4
      vertex 106.169 -47.9511 5
    endloop
  endfacet
  facet normal 0.373763 -0.622938 0.687204
    outer loop
      vertex 107.126 -46.0095 5
      vertex 107.28 -46.579 4.4
      vertex 107.127 -46.0089 5
    endloop
  endfacet
  facet normal 0.229762 -0.675769 0.70039
    outer loop
      vertex 107.28 -46.579 4.4
      vertex 107.126 -46.0095 5
      vertex 107.175 -46.6147 4.4
    endloop
  endfacet
  facet normal 0.0467113 -0.712156 0.700465
    outer loop
      vertex 107.389 -46.5573 4.4
      vertex 107.498 -45.96 5
      vertex 107.312 -45.9722 5
    endloop
  endfacet
  facet normal 0.13923 -0.699977 0.700462
    outer loop
      vertex 107.389 -46.5573 4.4
      vertex 107.312 -45.9722 5
      vertex 107.129 -46.0086 5
    endloop
  endfacet
  facet normal -0.536369 -0.47023 0.700851
    outer loop
      vertex 108.643 -46.5233 5
      vertex 108.52 -46.383 5
      vertex 108.174 -46.8826 4.4
    endloop
  endfacet
  facet normal 0.67506 -0.23079 0.700735
    outer loop
      vertex 106.109 -47.0255 5
      vertex 106.679 -47.18 4.4
      vertex 106.715 -47.0747 4.4
    endloop
  endfacet
  facet normal 0.724999 0 0.688749
    outer loop
      vertex 106.679 -47.18 4.4
      vertex 106.109 -47.0255 5
      vertex 106.109 -47.0273 5
    endloop
  endfacet
  facet normal -0.10608 -0.707201 0.699009
    outer loop
      vertex 107.871 -46.0086 5
      vertex 107.72 -46.579 4.4
      vertex 107.873 -46.0089 5
    endloop
  endfacet
  facet normal -0.139346 -0.699939 0.700477
    outer loop
      vertex 107.72 -46.579 4.4
      vertex 107.871 -46.0086 5
      vertex 107.611 -46.5573 4.4
    endloop
  endfacet
  facet normal 0.69977 0.141108 0.700293
    outer loop
      vertex 106.109 -47.771 5
      vertex 106.679 -47.62 4.4
      vertex 106.657 -47.5109 4.4
    endloop
  endfacet
  facet normal 0.724999 0 0.688749
    outer loop
      vertex 106.679 -47.62 4.4
      vertex 106.109 -47.771 5
      vertex 106.109 -47.7727 5
    endloop
  endfacet
  facet normal -0.07111 -0.7111 0.699485
    outer loop
      vertex 107.5 -46.55 4.4
      vertex 107.502 -45.96 5
      vertex 107.5 -45.9598 5
    endloop
  endfacet
  facet normal -0.046836 -0.712163 0.70045
    outer loop
      vertex 107.502 -45.96 5
      vertex 107.5 -46.55 4.4
      vertex 107.611 -46.5573 4.4
    endloop
  endfacet
  facet normal -0.69977 0.141108 0.700293
    outer loop
      vertex 108.321 -47.62 4.4
      vertex 108.891 -47.771 5
      vertex 108.343 -47.5109 4.4
    endloop
  endfacet
  facet normal -0.724999 0 0.688749
    outer loop
      vertex 108.891 -47.771 5
      vertex 108.321 -47.62 4.4
      vertex 108.891 -47.7727 5
    endloop
  endfacet
  facet normal -0.470841 -0.535916 0.700787
    outer loop
      vertex 108.517 -46.3804 5
      vertex 108.377 -46.2574 5
      vertex 108.017 -46.7257 4.4
    endloop
  endfacet
  facet normal -0.10608 0.707201 0.699009
    outer loop
      vertex 107.72 -48.221 4.4
      vertex 107.871 -48.7914 5
      vertex 107.873 -48.7911 5
    endloop
  endfacet
  facet normal -0.139346 0.699939 0.700477
    outer loop
      vertex 107.871 -48.7914 5
      vertex 107.72 -48.221 4.4
      vertex 107.611 -48.2427 4.4
    endloop
  endfacet
  facet normal -0.640493 0.314786 0.700484
    outer loop
      vertex 108.236 -47.825 4.4
      vertex 108.748 -48.1184 5
      vertex 108.285 -47.7253 4.4
    endloop
  endfacet
  facet normal -0.614544 0.361496 0.701182
    outer loop
      vertex 108.748 -48.1184 5
      vertex 108.236 -47.825 4.4
      vertex 108.747 -48.1201 5
    endloop
  endfacet
  facet normal -0.594504 -0.394803 0.700497
    outer loop
      vertex 108.747 -46.6799 5
      vertex 108.644 -46.5248 5
      vertex 108.236 -46.975 4.4
    endloop
  endfacet
  facet normal -0.724999 0 0.688749
    outer loop
      vertex 108.891 -47.0255 5
      vertex 108.321 -47.18 4.4
      vertex 108.891 -47.0273 5
    endloop
  endfacet
  facet normal -0.67506 -0.23079 0.700735
    outer loop
      vertex 108.321 -47.18 4.4
      vertex 108.891 -47.0255 5
      vertex 108.285 -47.0747 4.4
    endloop
  endfacet
  facet normal -0.724999 0 0.688749
    outer loop
      vertex 108.321 -47.18 4.4
      vertex 108.891 -47.029 5
      vertex 108.891 -47.0273 5
    endloop
  endfacet
  facet normal -0.69977 -0.141108 0.700293
    outer loop
      vertex 108.891 -47.029 5
      vertex 108.321 -47.18 4.4
      vertex 108.343 -47.2891 4.4
    endloop
  endfacet
  facet normal 0.592262 0.397405 0.700924
    outer loop
      vertex 106.356 -48.2752 5
      vertex 106.826 -47.9174 4.4
      vertex 106.764 -47.825 4.4
    endloop
  endfacet
  facet normal 0.593501 0.395668 0.700859
    outer loop
      vertex 106.826 -47.9174 4.4
      vertex 106.356 -48.2752 5
      vertex 106.357 -48.2767 5
    endloop
  endfacet
  facet normal -0.536369 0.47023 0.700851
    outer loop
      vertex 108.52 -48.417 5
      vertex 108.643 -48.2767 5
      vertex 108.174 -47.9174 4.4
    endloop
  endfacet
  facet normal -0.548874 -0.457395 0.699662
    outer loop
      vertex 108.517 -46.3804 5
      vertex 108.101 -46.799 4.4
      vertex 108.518 -46.3816 5
    endloop
  endfacet
  facet normal -0.469228 -0.537724 0.700484
    outer loop
      vertex 108.101 -46.799 4.4
      vertex 108.517 -46.3804 5
      vertex 108.017 -46.7257 4.4
    endloop
  endfacet
  facet normal 0.699653 0.14146 0.700339
    outer loop
      vertex 106.109 -47.771 5
      vertex 106.657 -47.5109 4.4
      vertex 106.072 -47.588 5
    endloop
  endfacet
  facet normal 0.67506 0.23079 0.700735
    outer loop
      vertex 106.679 -47.62 4.4
      vertex 106.109 -47.7745 5
      vertex 106.715 -47.7253 4.4
    endloop
  endfacet
  facet normal 0.724999 -0 0.688749
    outer loop
      vertex 106.109 -47.7745 5
      vertex 106.679 -47.62 4.4
      vertex 106.109 -47.7727 5
    endloop
  endfacet
  facet normal 0.411942 -0.588488 0.695691
    outer loop
      vertex 106.48 -46.383 5
      vertex 106.899 -46.799 4.4
      vertex 106.482 -46.3816 5
    endloop
  endfacet
  facet normal 0.537427 -0.469285 0.700674
    outer loop
      vertex 106.899 -46.799 4.4
      vertex 106.48 -46.383 5
      vertex 106.826 -46.8826 4.4
    endloop
  endfacet
  facet normal 0.724999 -0 0.688749
    outer loop
      vertex 106.109 -47.029 5
      vertex 106.679 -47.18 4.4
      vertex 106.109 -47.0273 5
    endloop
  endfacet
  facet normal 0.69977 -0.141108 0.700293
    outer loop
      vertex 106.679 -47.18 4.4
      vertex 106.109 -47.029 5
      vertex 106.657 -47.2891 4.4
    endloop
  endfacet
  facet normal -0.32158 -0.643159 0.694934
    outer loop
      vertex 108.375 -46.2564 5
      vertex 108.017 -46.7257 4.4
      vertex 108.377 -46.2574 5
    endloop
  endfacet
  facet normal -0.397858 -0.592281 0.700651
    outer loop
      vertex 108.017 -46.7257 4.4
      vertex 108.375 -46.2564 5
      vertex 107.925 -46.6639 4.4
    endloop
  endfacet
  facet normal 0.315123 0.640493 0.700333
    outer loop
      vertex 107.075 -48.1361 4.4
      vertex 106.782 -48.648 5
      vertex 107.175 -48.1853 4.4
    endloop
  endfacet
  facet normal 0.266114 0.665285 0.697552
    outer loop
      vertex 106.782 -48.648 5
      vertex 107.075 -48.1361 4.4
      vertex 106.78 -48.6472 5
    endloop
  endfacet
  facet normal 0.614544 -0.361496 0.701182
    outer loop
      vertex 106.252 -46.6816 5
      vertex 106.764 -46.975 4.4
      vertex 106.253 -46.6799 5
    endloop
  endfacet
  facet normal 0.640493 -0.314786 0.700484
    outer loop
      vertex 106.764 -46.975 4.4
      vertex 106.252 -46.6816 5
      vertex 106.715 -47.0747 4.4
    endloop
  endfacet
  facet normal 0.594504 -0.394803 0.700497
    outer loop
      vertex 106.764 -46.975 4.4
      vertex 106.356 -46.5248 5
      vertex 106.253 -46.6799 5
    endloop
  endfacet
  facet normal 0.98077 -0.195165 0
    outer loop
      vertex 27.8145 -53.6781 2.5
      vertex 27.8579 -53.46 -5.72205e-07
      vertex 27.8579 -53.46 2.5
    endloop
  endfacet
  facet normal 0.98077 -0.195165 0
    outer loop
      vertex 27.8579 -53.46 -5.72205e-07
      vertex 27.8145 -53.6781 2.5
      vertex 27.8145 -53.6781 -5.72205e-07
    endloop
  endfacet
  facet normal -0.0652057 -0.997872 0
    outer loop
      vertex 29.5 -52.2 -5.72205e-07
      vertex 29.7219 -52.2145 2.5
      vertex 29.5 -52.2 2.5
    endloop
  endfacet
  facet normal -0.0652057 -0.997872 -0
    outer loop
      vertex 29.7219 -52.2145 2.5
      vertex 29.5 -52.2 -5.72205e-07
      vertex 29.7219 -52.2145 -5.72205e-07
    endloop
  endfacet
  facet normal -0.195165 0.98077 0
    outer loop
      vertex 29.94 -55.5421 -5.72205e-07
      vertex 29.7219 -55.5855 2.5
      vertex 29.94 -55.5421 2.5
    endloop
  endfacet
  facet normal -0.195165 0.98077 0
    outer loop
      vertex 29.7219 -55.5855 2.5
      vertex 29.94 -55.5421 -5.72205e-07
      vertex 29.7219 -55.5855 -5.72205e-07
    endloop
  endfacet
  facet normal -0.555426 0.831566 0
    outer loop
      vertex 30.5349 -55.2487 -5.72205e-07
      vertex 30.35 -55.3722 2.5
      vertex 30.5349 -55.2487 2.5
    endloop
  endfacet
  facet normal -0.555426 0.831566 0
    outer loop
      vertex 30.35 -55.3722 2.5
      vertex 30.5349 -55.2487 -5.72205e-07
      vertex 30.35 -55.3722 -5.72205e-07
    endloop
  endfacet
  facet normal 0.831566 -0.555426 0
    outer loop
      vertex 28.0278 -53.05 2.5
      vertex 28.1513 -52.8651 -5.72205e-07
      vertex 28.1513 -52.8651 2.5
    endloop
  endfacet
  facet normal 0.831566 -0.555426 0
    outer loop
      vertex 28.1513 -52.8651 -5.72205e-07
      vertex 28.0278 -53.05 2.5
      vertex 28.0278 -53.05 -5.72205e-07
    endloop
  endfacet
  facet normal -0.751908 0.659268 0
    outer loop
      vertex 30.7021 -55.1021 -5.72205e-07
      vertex 30.8487 -54.9349 2.5
      vertex 30.8487 -54.9349 -5.72205e-07
    endloop
  endfacet
  facet normal -0.751908 0.659268 0
    outer loop
      vertex 30.8487 -54.9349 2.5
      vertex 30.7021 -55.1021 -5.72205e-07
      vertex 30.7021 -55.1021 2.5
    endloop
  endfacet
  facet normal 0.659268 0.751908 -0
    outer loop
      vertex 28.4651 -55.2487 -5.72205e-07
      vertex 28.2979 -55.1021 2.5
      vertex 28.4651 -55.2487 2.5
    endloop
  endfacet
  facet normal 0.659268 0.751908 0
    outer loop
      vertex 28.2979 -55.1021 2.5
      vertex 28.4651 -55.2487 -5.72205e-07
      vertex 28.2979 -55.1021 -5.72205e-07
    endloop
  endfacet
  facet normal 0.997872 0.0652057 0
    outer loop
      vertex 27.8145 -54.1219 2.5
      vertex 27.8 -53.9 -5.72205e-07
      vertex 27.8 -53.9 2.5
    endloop
  endfacet
  facet normal 0.997872 0.0652057 0
    outer loop
      vertex 27.8 -53.9 -5.72205e-07
      vertex 27.8145 -54.1219 2.5
      vertex 27.8145 -54.1219 -5.72205e-07
    endloop
  endfacet
  facet normal -0.997872 -0.0652057 0
    outer loop
      vertex 31.2 -53.9 -5.72205e-07
      vertex 31.1855 -53.6781 2.5
      vertex 31.1855 -53.6781 -5.72205e-07
    endloop
  endfacet
  facet normal -0.997872 -0.0652057 0
    outer loop
      vertex 31.1855 -53.6781 2.5
      vertex 31.2 -53.9 -5.72205e-07
      vertex 31.2 -53.9 2.5
    endloop
  endfacet
  facet normal 0.321484 -0.946915 0
    outer loop
      vertex 28.8494 -52.3294 -5.72205e-07
      vertex 29.06 -52.2579 2.5
      vertex 28.8494 -52.3294 2.5
    endloop
  endfacet
  facet normal 0.321484 -0.946915 0
    outer loop
      vertex 29.06 -52.2579 2.5
      vertex 28.8494 -52.3294 -5.72205e-07
      vertex 29.06 -52.2579 -5.72205e-07
    endloop
  endfacet
  facet normal -0.0652057 0.997872 0
    outer loop
      vertex 29.7219 -55.5855 -5.72205e-07
      vertex 29.5 -55.6 2.5
      vertex 29.7219 -55.5855 2.5
    endloop
  endfacet
  facet normal -0.0652057 0.997872 0
    outer loop
      vertex 29.5 -55.6 2.5
      vertex 29.7219 -55.5855 -5.72205e-07
      vertex 29.5 -55.6 -5.72205e-07
    endloop
  endfacet
  facet normal 0.997872 -0.0652057 0
    outer loop
      vertex 27.8 -53.9 2.5
      vertex 27.8145 -53.6781 -5.72205e-07
      vertex 27.8145 -53.6781 2.5
    endloop
  endfacet
  facet normal 0.997872 -0.0652057 0
    outer loop
      vertex 27.8145 -53.6781 -5.72205e-07
      vertex 27.8 -53.9 2.5
      vertex 27.8 -53.9 -5.72205e-07
    endloop
  endfacet
  facet normal 0.896754 -0.44253 0
    outer loop
      vertex 27.9294 -53.2494 2.5
      vertex 28.0278 -53.05 -5.72205e-07
      vertex 28.0278 -53.05 2.5
    endloop
  endfacet
  facet normal 0.896754 -0.44253 0
    outer loop
      vertex 28.0278 -53.05 -5.72205e-07
      vertex 27.9294 -53.2494 2.5
      vertex 27.9294 -53.2494 -5.72205e-07
    endloop
  endfacet
  facet normal -0.831566 0.555426 0
    outer loop
      vertex 30.8487 -54.9349 -5.72205e-07
      vertex 30.9722 -54.75 2.5
      vertex 30.9722 -54.75 -5.72205e-07
    endloop
  endfacet
  facet normal -0.831566 0.555426 0
    outer loop
      vertex 30.9722 -54.75 2.5
      vertex 30.8487 -54.9349 -5.72205e-07
      vertex 30.8487 -54.9349 2.5
    endloop
  endfacet
  facet normal -0.44253 -0.896754 0
    outer loop
      vertex 30.1506 -52.3294 -5.72205e-07
      vertex 30.35 -52.4278 2.5
      vertex 30.1506 -52.3294 2.5
    endloop
  endfacet
  facet normal -0.44253 -0.896754 -0
    outer loop
      vertex 30.35 -52.4278 2.5
      vertex 30.1506 -52.3294 -5.72205e-07
      vertex 30.35 -52.4278 -5.72205e-07
    endloop
  endfacet
  facet normal 0.195165 -0.98077 0
    outer loop
      vertex 29.06 -52.2579 -5.72205e-07
      vertex 29.2781 -52.2145 2.5
      vertex 29.06 -52.2579 2.5
    endloop
  endfacet
  facet normal 0.195165 -0.98077 0
    outer loop
      vertex 29.2781 -52.2145 2.5
      vertex 29.06 -52.2579 -5.72205e-07
      vertex 29.2781 -52.2145 -5.72205e-07
    endloop
  endfacet
  facet normal -0.98077 -0.195165 0
    outer loop
      vertex 31.1855 -53.6781 -5.72205e-07
      vertex 31.1421 -53.46 2.5
      vertex 31.1421 -53.46 -5.72205e-07
    endloop
  endfacet
  facet normal -0.98077 -0.195165 0
    outer loop
      vertex 31.1421 -53.46 2.5
      vertex 31.1855 -53.6781 -5.72205e-07
      vertex 31.1855 -53.6781 2.5
    endloop
  endfacet
  facet normal -0.997872 0.0652057 0
    outer loop
      vertex 31.1855 -54.1219 -5.72205e-07
      vertex 31.2 -53.9 2.5
      vertex 31.2 -53.9 -5.72205e-07
    endloop
  endfacet
  facet normal -0.997872 0.0652057 0
    outer loop
      vertex 31.2 -53.9 2.5
      vertex 31.1855 -54.1219 -5.72205e-07
      vertex 31.1855 -54.1219 2.5
    endloop
  endfacet
  facet normal 0.659268 -0.751908 0
    outer loop
      vertex 28.2979 -52.6979 -5.72205e-07
      vertex 28.4651 -52.5513 2.5
      vertex 28.2979 -52.6979 2.5
    endloop
  endfacet
  facet normal 0.659268 -0.751908 0
    outer loop
      vertex 28.4651 -52.5513 2.5
      vertex 28.2979 -52.6979 -5.72205e-07
      vertex 28.4651 -52.5513 -5.72205e-07
    endloop
  endfacet
  facet normal -0.659268 -0.751908 0
    outer loop
      vertex 30.5349 -52.5513 -5.72205e-07
      vertex 30.7021 -52.6979 2.5
      vertex 30.5349 -52.5513 2.5
    endloop
  endfacet
  facet normal -0.659268 -0.751908 -0
    outer loop
      vertex 30.7021 -52.6979 2.5
      vertex 30.5349 -52.5513 -5.72205e-07
      vertex 30.7021 -52.6979 -5.72205e-07
    endloop
  endfacet
  facet normal -0.946915 -0.321484 0
    outer loop
      vertex 31.1421 -53.46 -5.72205e-07
      vertex 31.0706 -53.2494 2.5
      vertex 31.0706 -53.2494 -5.72205e-07
    endloop
  endfacet
  facet normal -0.946915 -0.321484 0
    outer loop
      vertex 31.0706 -53.2494 2.5
      vertex 31.1421 -53.46 -5.72205e-07
      vertex 31.1421 -53.46 2.5
    endloop
  endfacet
  facet normal -0.946915 0.321484 0
    outer loop
      vertex 31.0706 -54.5506 -5.72205e-07
      vertex 31.1421 -54.34 2.5
      vertex 31.1421 -54.34 -5.72205e-07
    endloop
  endfacet
  facet normal -0.946915 0.321484 0
    outer loop
      vertex 31.1421 -54.34 2.5
      vertex 31.0706 -54.5506 -5.72205e-07
      vertex 31.0706 -54.5506 2.5
    endloop
  endfacet
  facet normal 0.321484 0.946915 -0
    outer loop
      vertex 29.06 -55.5421 -5.72205e-07
      vertex 28.8494 -55.4706 2.5
      vertex 29.06 -55.5421 2.5
    endloop
  endfacet
  facet normal 0.321484 0.946915 0
    outer loop
      vertex 28.8494 -55.4706 2.5
      vertex 29.06 -55.5421 -5.72205e-07
      vertex 28.8494 -55.4706 -5.72205e-07
    endloop
  endfacet
  facet normal -0.831566 -0.555426 0
    outer loop
      vertex 30.9722 -53.05 -5.72205e-07
      vertex 30.8487 -52.8651 2.5
      vertex 30.8487 -52.8651 -5.72205e-07
    endloop
  endfacet
  facet normal -0.831566 -0.555426 0
    outer loop
      vertex 30.8487 -52.8651 2.5
      vertex 30.9722 -53.05 -5.72205e-07
      vertex 30.9722 -53.05 2.5
    endloop
  endfacet
  facet normal -0.896754 0.44253 0
    outer loop
      vertex 30.9722 -54.75 -5.72205e-07
      vertex 31.0706 -54.5506 2.5
      vertex 31.0706 -54.5506 -5.72205e-07
    endloop
  endfacet
  facet normal -0.896754 0.44253 0
    outer loop
      vertex 31.0706 -54.5506 2.5
      vertex 30.9722 -54.75 -5.72205e-07
      vertex 30.9722 -54.75 2.5
    endloop
  endfacet
  facet normal -0.321484 -0.946915 0
    outer loop
      vertex 29.94 -52.2579 -5.72205e-07
      vertex 30.1506 -52.3294 2.5
      vertex 29.94 -52.2579 2.5
    endloop
  endfacet
  facet normal -0.321484 -0.946915 -0
    outer loop
      vertex 30.1506 -52.3294 2.5
      vertex 29.94 -52.2579 -5.72205e-07
      vertex 30.1506 -52.3294 -5.72205e-07
    endloop
  endfacet
  facet normal 0.831566 0.555426 0
    outer loop
      vertex 28.1513 -54.9349 2.5
      vertex 28.0278 -54.75 -5.72205e-07
      vertex 28.0278 -54.75 2.5
    endloop
  endfacet
  facet normal 0.831566 0.555426 0
    outer loop
      vertex 28.0278 -54.75 -5.72205e-07
      vertex 28.1513 -54.9349 2.5
      vertex 28.1513 -54.9349 -5.72205e-07
    endloop
  endfacet
  facet normal 0.44253 0.896754 -0
    outer loop
      vertex 28.8494 -55.4706 -5.72205e-07
      vertex 28.65 -55.3722 2.5
      vertex 28.8494 -55.4706 2.5
    endloop
  endfacet
  facet normal 0.44253 0.896754 0
    outer loop
      vertex 28.65 -55.3722 2.5
      vertex 28.8494 -55.4706 -5.72205e-07
      vertex 28.65 -55.3722 -5.72205e-07
    endloop
  endfacet
  facet normal -0.751908 -0.659268 0
    outer loop
      vertex 30.8487 -52.8651 -5.72205e-07
      vertex 30.7021 -52.6979 2.5
      vertex 30.7021 -52.6979 -5.72205e-07
    endloop
  endfacet
  facet normal -0.751908 -0.659268 0
    outer loop
      vertex 30.7021 -52.6979 2.5
      vertex 30.8487 -52.8651 -5.72205e-07
      vertex 30.8487 -52.8651 2.5
    endloop
  endfacet
  facet normal 0.555426 -0.831566 0
    outer loop
      vertex 28.4651 -52.5513 -5.72205e-07
      vertex 28.65 -52.4278 2.5
      vertex 28.4651 -52.5513 2.5
    endloop
  endfacet
  facet normal 0.555426 -0.831566 0
    outer loop
      vertex 28.65 -52.4278 2.5
      vertex 28.4651 -52.5513 -5.72205e-07
      vertex 28.65 -52.4278 -5.72205e-07
    endloop
  endfacet
  facet normal 0.0652057 0.997872 -0
    outer loop
      vertex 29.5 -55.6 -5.72205e-07
      vertex 29.2781 -55.5855 2.5
      vertex 29.5 -55.6 2.5
    endloop
  endfacet
  facet normal 0.0652057 0.997872 0
    outer loop
      vertex 29.2781 -55.5855 2.5
      vertex 29.5 -55.6 -5.72205e-07
      vertex 29.2781 -55.5855 -5.72205e-07
    endloop
  endfacet
  facet normal -0.44253 0.896754 0
    outer loop
      vertex 30.35 -55.3722 -5.72205e-07
      vertex 30.1506 -55.4706 2.5
      vertex 30.35 -55.3722 2.5
    endloop
  endfacet
  facet normal -0.44253 0.896754 0
    outer loop
      vertex 30.1506 -55.4706 2.5
      vertex 30.35 -55.3722 -5.72205e-07
      vertex 30.1506 -55.4706 -5.72205e-07
    endloop
  endfacet
  facet normal -0.321484 0.946915 0
    outer loop
      vertex 30.1506 -55.4706 -5.72205e-07
      vertex 29.94 -55.5421 2.5
      vertex 30.1506 -55.4706 2.5
    endloop
  endfacet
  facet normal -0.321484 0.946915 0
    outer loop
      vertex 29.94 -55.5421 2.5
      vertex 30.1506 -55.4706 -5.72205e-07
      vertex 29.94 -55.5421 -5.72205e-07
    endloop
  endfacet
  facet normal 0.44253 -0.896754 0
    outer loop
      vertex 28.65 -52.4278 -5.72205e-07
      vertex 28.8494 -52.3294 2.5
      vertex 28.65 -52.4278 2.5
    endloop
  endfacet
  facet normal 0.44253 -0.896754 0
    outer loop
      vertex 28.8494 -52.3294 2.5
      vertex 28.65 -52.4278 -5.72205e-07
      vertex 28.8494 -52.3294 -5.72205e-07
    endloop
  endfacet
  facet normal 0.896754 0.44253 0
    outer loop
      vertex 28.0278 -54.75 2.5
      vertex 27.9294 -54.5506 -5.72205e-07
      vertex 27.9294 -54.5506 2.5
    endloop
  endfacet
  facet normal 0.896754 0.44253 0
    outer loop
      vertex 27.9294 -54.5506 -5.72205e-07
      vertex 28.0278 -54.75 2.5
      vertex 28.0278 -54.75 -5.72205e-07
    endloop
  endfacet
  facet normal -0.98077 0.195165 0
    outer loop
      vertex 31.1421 -54.34 -5.72205e-07
      vertex 31.1855 -54.1219 2.5
      vertex 31.1855 -54.1219 -5.72205e-07
    endloop
  endfacet
  facet normal -0.98077 0.195165 0
    outer loop
      vertex 31.1855 -54.1219 2.5
      vertex 31.1421 -54.34 -5.72205e-07
      vertex 31.1421 -54.34 2.5
    endloop
  endfacet
  facet normal -0.195165 -0.98077 0
    outer loop
      vertex 29.7219 -52.2145 -5.72205e-07
      vertex 29.94 -52.2579 2.5
      vertex 29.7219 -52.2145 2.5
    endloop
  endfacet
  facet normal -0.195165 -0.98077 -0
    outer loop
      vertex 29.94 -52.2579 2.5
      vertex 29.7219 -52.2145 -5.72205e-07
      vertex 29.94 -52.2579 -5.72205e-07
    endloop
  endfacet
  facet normal -0.555426 -0.831566 0
    outer loop
      vertex 30.35 -52.4278 -5.72205e-07
      vertex 30.5349 -52.5513 2.5
      vertex 30.35 -52.4278 2.5
    endloop
  endfacet
  facet normal -0.555426 -0.831566 -0
    outer loop
      vertex 30.5349 -52.5513 2.5
      vertex 30.35 -52.4278 -5.72205e-07
      vertex 30.5349 -52.5513 -5.72205e-07
    endloop
  endfacet
  facet normal -0.659268 0.751908 0
    outer loop
      vertex 30.7021 -55.1021 -5.72205e-07
      vertex 30.5349 -55.2487 2.5
      vertex 30.7021 -55.1021 2.5
    endloop
  endfacet
  facet normal -0.659268 0.751908 0
    outer loop
      vertex 30.5349 -55.2487 2.5
      vertex 30.7021 -55.1021 -5.72205e-07
      vertex 30.5349 -55.2487 -5.72205e-07
    endloop
  endfacet
  facet normal 0.946915 -0.321484 0
    outer loop
      vertex 27.8579 -53.46 2.5
      vertex 27.9294 -53.2494 -5.72205e-07
      vertex 27.9294 -53.2494 2.5
    endloop
  endfacet
  facet normal 0.946915 -0.321484 0
    outer loop
      vertex 27.9294 -53.2494 -5.72205e-07
      vertex 27.8579 -53.46 2.5
      vertex 27.8579 -53.46 -5.72205e-07
    endloop
  endfacet
  facet normal 0.751908 0.659268 0
    outer loop
      vertex 28.2979 -55.1021 2.5
      vertex 28.1513 -54.9349 -5.72205e-07
      vertex 28.1513 -54.9349 2.5
    endloop
  endfacet
  facet normal 0.751908 0.659268 0
    outer loop
      vertex 28.1513 -54.9349 -5.72205e-07
      vertex 28.2979 -55.1021 2.5
      vertex 28.2979 -55.1021 -5.72205e-07
    endloop
  endfacet
  facet normal 0.0652057 -0.997872 0
    outer loop
      vertex 29.2781 -52.2145 -5.72205e-07
      vertex 29.5 -52.2 2.5
      vertex 29.2781 -52.2145 2.5
    endloop
  endfacet
  facet normal 0.0652057 -0.997872 0
    outer loop
      vertex 29.5 -52.2 2.5
      vertex 29.2781 -52.2145 -5.72205e-07
      vertex 29.5 -52.2 -5.72205e-07
    endloop
  endfacet
  facet normal -0.896754 -0.44253 0
    outer loop
      vertex 31.0706 -53.2494 -5.72205e-07
      vertex 30.9722 -53.05 2.5
      vertex 30.9722 -53.05 -5.72205e-07
    endloop
  endfacet
  facet normal -0.896754 -0.44253 0
    outer loop
      vertex 30.9722 -53.05 2.5
      vertex 31.0706 -53.2494 -5.72205e-07
      vertex 31.0706 -53.2494 2.5
    endloop
  endfacet
  facet normal 0.751908 -0.659268 0
    outer loop
      vertex 28.1513 -52.8651 2.5
      vertex 28.2979 -52.6979 -5.72205e-07
      vertex 28.2979 -52.6979 2.5
    endloop
  endfacet
  facet normal 0.751908 -0.659268 0
    outer loop
      vertex 28.2979 -52.6979 -5.72205e-07
      vertex 28.1513 -52.8651 2.5
      vertex 28.1513 -52.8651 -5.72205e-07
    endloop
  endfacet
  facet normal 0.555426 0.831566 -0
    outer loop
      vertex 28.65 -55.3722 -5.72205e-07
      vertex 28.4651 -55.2487 2.5
      vertex 28.65 -55.3722 2.5
    endloop
  endfacet
  facet normal 0.555426 0.831566 0
    outer loop
      vertex 28.4651 -55.2487 2.5
      vertex 28.65 -55.3722 -5.72205e-07
      vertex 28.4651 -55.2487 -5.72205e-07
    endloop
  endfacet
  facet normal 0.946915 0.321484 0
    outer loop
      vertex 27.9294 -54.5506 2.5
      vertex 27.8579 -54.34 -5.72205e-07
      vertex 27.8579 -54.34 2.5
    endloop
  endfacet
  facet normal 0.946915 0.321484 0
    outer loop
      vertex 27.8579 -54.34 -5.72205e-07
      vertex 27.9294 -54.5506 2.5
      vertex 27.9294 -54.5506 -5.72205e-07
    endloop
  endfacet
  facet normal 0.98077 0.195165 0
    outer loop
      vertex 27.8579 -54.34 2.5
      vertex 27.8145 -54.1219 -5.72205e-07
      vertex 27.8145 -54.1219 2.5
    endloop
  endfacet
  facet normal 0.98077 0.195165 0
    outer loop
      vertex 27.8145 -54.1219 -5.72205e-07
      vertex 27.8579 -54.34 2.5
      vertex 27.8579 -54.34 -5.72205e-07
    endloop
  endfacet
  facet normal 0.195165 0.98077 -0
    outer loop
      vertex 29.2781 -55.5855 -5.72205e-07
      vertex 29.06 -55.5421 2.5
      vertex 29.2781 -55.5855 2.5
    endloop
  endfacet
  facet normal 0.195165 0.98077 0
    outer loop
      vertex 29.06 -55.5421 2.5
      vertex 29.2781 -55.5855 -5.72205e-07
      vertex 29.06 -55.5421 -5.72205e-07
    endloop
  endfacet
  facet normal 0.981113 -0.193434 0
    outer loop
      vertex 106.815 -53.6781 2.5
      vertex 106.858 -53.46 -5.72205e-07
      vertex 106.858 -53.46 2.5
    endloop
  endfacet
  facet normal 0.981113 -0.193434 0
    outer loop
      vertex 106.858 -53.46 -5.72205e-07
      vertex 106.815 -53.6781 2.5
      vertex 106.815 -53.6781 -5.72205e-07
    endloop
  endfacet
  facet normal -0.0651764 -0.997874 0
    outer loop
      vertex 108.5 -52.2 -5.72205e-07
      vertex 108.722 -52.2145 2.5
      vertex 108.5 -52.2 2.5
    endloop
  endfacet
  facet normal -0.0651764 -0.997874 -0
    outer loop
      vertex 108.722 -52.2145 2.5
      vertex 108.5 -52.2 -5.72205e-07
      vertex 108.722 -52.2145 -5.72205e-07
    endloop
  endfacet
  facet normal -0.195251 0.980753 0
    outer loop
      vertex 108.94 -55.5421 -5.72205e-07
      vertex 108.722 -55.5855 2.5
      vertex 108.94 -55.5421 2.5
    endloop
  endfacet
  facet normal -0.195251 0.980753 0
    outer loop
      vertex 108.722 -55.5855 2.5
      vertex 108.94 -55.5421 -5.72205e-07
      vertex 108.722 -55.5855 -5.72205e-07
    endloop
  endfacet
  facet normal -0.555219 0.831704 0
    outer loop
      vertex 109.535 -55.2487 -5.72205e-07
      vertex 109.35 -55.3722 2.5
      vertex 109.535 -55.2487 2.5
    endloop
  endfacet
  facet normal -0.555219 0.831704 0
    outer loop
      vertex 109.35 -55.3722 2.5
      vertex 109.535 -55.2487 -5.72205e-07
      vertex 109.35 -55.3722 -5.72205e-07
    endloop
  endfacet
  facet normal 0.832604 -0.553869 0
    outer loop
      vertex 107.028 -53.05 2.5
      vertex 107.151 -52.8651 -5.72205e-07
      vertex 107.151 -52.8651 2.5
    endloop
  endfacet
  facet normal 0.832604 -0.553869 0
    outer loop
      vertex 107.151 -52.8651 -5.72205e-07
      vertex 107.028 -53.05 2.5
      vertex 107.028 -53.05 -5.72205e-07
    endloop
  endfacet
  facet normal -0.751016 0.660284 0
    outer loop
      vertex 109.702 -55.1021 -5.72205e-07
      vertex 109.849 -54.9349 2.5
      vertex 109.849 -54.9349 -5.72205e-07
    endloop
  endfacet
  facet normal -0.751016 0.660284 0
    outer loop
      vertex 109.849 -54.9349 2.5
      vertex 109.702 -55.1021 -5.72205e-07
      vertex 109.702 -55.1021 2.5
    endloop
  endfacet
  facet normal 0.659714 0.751516 -0
    outer loop
      vertex 107.465 -55.2487 -5.72205e-07
      vertex 107.298 -55.1021 2.5
      vertex 107.465 -55.2487 2.5
    endloop
  endfacet
  facet normal 0.659714 0.751516 0
    outer loop
      vertex 107.298 -55.1021 2.5
      vertex 107.465 -55.2487 -5.72205e-07
      vertex 107.298 -55.1021 -5.72205e-07
    endloop
  endfacet
  facet normal 0.997723 0.0674441 0
    outer loop
      vertex 106.815 -54.1219 2.5
      vertex 106.8 -53.9 -5.72205e-07
      vertex 106.8 -53.9 2.5
    endloop
  endfacet
  facet normal 0.997723 0.0674441 0
    outer loop
      vertex 106.8 -53.9 -5.72205e-07
      vertex 106.815 -54.1219 2.5
      vertex 106.815 -54.1219 -5.72205e-07
    endloop
  endfacet
  facet normal -0.997723 -0.0674441 0
    outer loop
      vertex 110.2 -53.9 -5.72205e-07
      vertex 110.185 -53.6781 2.5
      vertex 110.185 -53.6781 -5.72205e-07
    endloop
  endfacet
  facet normal -0.997723 -0.0674441 0
    outer loop
      vertex 110.185 -53.6781 2.5
      vertex 110.2 -53.9 -5.72205e-07
      vertex 110.2 -53.9 2.5
    endloop
  endfacet
  facet normal 0.320937 -0.947101 0
    outer loop
      vertex 107.849 -52.3294 -5.72205e-07
      vertex 108.06 -52.2579 2.5
      vertex 107.849 -52.3294 2.5
    endloop
  endfacet
  facet normal 0.320937 -0.947101 0
    outer loop
      vertex 108.06 -52.2579 2.5
      vertex 107.849 -52.3294 -5.72205e-07
      vertex 108.06 -52.2579 -5.72205e-07
    endloop
  endfacet
  facet normal -0.0651764 0.997874 0
    outer loop
      vertex 108.722 -55.5855 -5.72205e-07
      vertex 108.5 -55.6 2.5
      vertex 108.722 -55.5855 2.5
    endloop
  endfacet
  facet normal -0.0651764 0.997874 0
    outer loop
      vertex 108.5 -55.6 2.5
      vertex 108.722 -55.5855 -5.72205e-07
      vertex 108.5 -55.6 -5.72205e-07
    endloop
  endfacet
  facet normal 0.997723 -0.0674441 0
    outer loop
      vertex 106.8 -53.9 2.5
      vertex 106.815 -53.6781 -5.72205e-07
      vertex 106.815 -53.6781 2.5
    endloop
  endfacet
  facet normal 0.997723 -0.0674441 0
    outer loop
      vertex 106.815 -53.6781 -5.72205e-07
      vertex 106.8 -53.9 2.5
      vertex 106.8 -53.9 -5.72205e-07
    endloop
  endfacet
  facet normal 0.895681 -0.444696 0
    outer loop
      vertex 106.929 -53.2494 2.5
      vertex 107.028 -53.05 -5.72205e-07
      vertex 107.028 -53.05 2.5
    endloop
  endfacet
  facet normal 0.895681 -0.444696 0
    outer loop
      vertex 107.028 -53.05 -5.72205e-07
      vertex 106.929 -53.2494 2.5
      vertex 106.929 -53.2494 -5.72205e-07
    endloop
  endfacet
  facet normal -0.832604 0.553869 0
    outer loop
      vertex 109.849 -54.9349 -5.72205e-07
      vertex 109.972 -54.75 2.5
      vertex 109.972 -54.75 -5.72205e-07
    endloop
  endfacet
  facet normal -0.832604 0.553869 0
    outer loop
      vertex 109.972 -54.75 2.5
      vertex 109.849 -54.9349 -5.72205e-07
      vertex 109.849 -54.9349 2.5
    endloop
  endfacet
  facet normal -0.443245 -0.8964 0
    outer loop
      vertex 109.151 -52.3294 -5.72205e-07
      vertex 109.35 -52.4278 2.5
      vertex 109.151 -52.3294 2.5
    endloop
  endfacet
  facet normal -0.443245 -0.8964 -0
    outer loop
      vertex 109.35 -52.4278 2.5
      vertex 109.151 -52.3294 -5.72205e-07
      vertex 109.35 -52.4278 -5.72205e-07
    endloop
  endfacet
  facet normal 0.195251 -0.980753 0
    outer loop
      vertex 108.06 -52.2579 -5.72205e-07
      vertex 108.278 -52.2145 2.5
      vertex 108.06 -52.2579 2.5
    endloop
  endfacet
  facet normal 0.195251 -0.980753 0
    outer loop
      vertex 108.278 -52.2145 2.5
      vertex 108.06 -52.2579 -5.72205e-07
      vertex 108.278 -52.2145 -5.72205e-07
    endloop
  endfacet
  facet normal -0.981113 -0.193434 0
    outer loop
      vertex 110.185 -53.6781 -5.72205e-07
      vertex 110.142 -53.46 2.5
      vertex 110.142 -53.46 -5.72205e-07
    endloop
  endfacet
  facet normal -0.981113 -0.193434 0
    outer loop
      vertex 110.142 -53.46 2.5
      vertex 110.185 -53.6781 -5.72205e-07
      vertex 110.185 -53.6781 2.5
    endloop
  endfacet
  facet normal -0.997723 0.0674441 0
    outer loop
      vertex 110.185 -54.1219 -5.72205e-07
      vertex 110.2 -53.9 2.5
      vertex 110.2 -53.9 -5.72205e-07
    endloop
  endfacet
  facet normal -0.997723 0.0674441 0
    outer loop
      vertex 110.2 -53.9 2.5
      vertex 110.185 -54.1219 -5.72205e-07
      vertex 110.185 -54.1219 2.5
    endloop
  endfacet
  facet normal 0.659714 -0.751516 0
    outer loop
      vertex 107.298 -52.6979 -5.72205e-07
      vertex 107.465 -52.5513 2.5
      vertex 107.298 -52.6979 2.5
    endloop
  endfacet
  facet normal 0.659714 -0.751516 0
    outer loop
      vertex 107.465 -52.5513 2.5
      vertex 107.298 -52.6979 -5.72205e-07
      vertex 107.465 -52.5513 -5.72205e-07
    endloop
  endfacet
  facet normal -0.659714 -0.751516 0
    outer loop
      vertex 109.535 -52.5513 -5.72205e-07
      vertex 109.702 -52.6979 2.5
      vertex 109.535 -52.5513 2.5
    endloop
  endfacet
  facet normal -0.659714 -0.751516 -0
    outer loop
      vertex 109.702 -52.6979 2.5
      vertex 109.535 -52.5513 -5.72205e-07
      vertex 109.702 -52.6979 -5.72205e-07
    endloop
  endfacet
  facet normal -0.947598 -0.319466 0
    outer loop
      vertex 110.142 -53.46 -5.72205e-07
      vertex 110.071 -53.2494 2.5
      vertex 110.071 -53.2494 -5.72205e-07
    endloop
  endfacet
  facet normal -0.947598 -0.319466 0
    outer loop
      vertex 110.071 -53.2494 2.5
      vertex 110.142 -53.46 -5.72205e-07
      vertex 110.142 -53.46 2.5
    endloop
  endfacet
  facet normal -0.947598 0.319466 0
    outer loop
      vertex 110.071 -54.5506 -5.72205e-07
      vertex 110.142 -54.34 2.5
      vertex 110.142 -54.34 -5.72205e-07
    endloop
  endfacet
  facet normal -0.947598 0.319466 0
    outer loop
      vertex 110.142 -54.34 2.5
      vertex 110.071 -54.5506 -5.72205e-07
      vertex 110.071 -54.5506 2.5
    endloop
  endfacet
  facet normal 0.320937 0.947101 -0
    outer loop
      vertex 108.06 -55.5421 -5.72205e-07
      vertex 107.849 -55.4706 2.5
      vertex 108.06 -55.5421 2.5
    endloop
  endfacet
  facet normal 0.320937 0.947101 0
    outer loop
      vertex 107.849 -55.4706 2.5
      vertex 108.06 -55.5421 -5.72205e-07
      vertex 107.849 -55.4706 -5.72205e-07
    endloop
  endfacet
  facet normal -0.832604 -0.553869 0
    outer loop
      vertex 109.972 -53.05 -5.72205e-07
      vertex 109.849 -52.8651 2.5
      vertex 109.849 -52.8651 -5.72205e-07
    endloop
  endfacet
  facet normal -0.832604 -0.553869 0
    outer loop
      vertex 109.849 -52.8651 2.5
      vertex 109.972 -53.05 -5.72205e-07
      vertex 109.972 -53.05 2.5
    endloop
  endfacet
  facet normal -0.895681 0.444696 0
    outer loop
      vertex 109.972 -54.75 -5.72205e-07
      vertex 110.071 -54.5506 2.5
      vertex 110.071 -54.5506 -5.72205e-07
    endloop
  endfacet
  facet normal -0.895681 0.444696 0
    outer loop
      vertex 110.071 -54.5506 2.5
      vertex 109.972 -54.75 -5.72205e-07
      vertex 109.972 -54.75 2.5
    endloop
  endfacet
  facet normal -0.320937 -0.947101 0
    outer loop
      vertex 108.94 -52.2579 -5.72205e-07
      vertex 109.151 -52.3294 2.5
      vertex 108.94 -52.2579 2.5
    endloop
  endfacet
  facet normal -0.320937 -0.947101 -0
    outer loop
      vertex 109.151 -52.3294 2.5
      vertex 108.94 -52.2579 -5.72205e-07
      vertex 109.151 -52.3294 -5.72205e-07
    endloop
  endfacet
  facet normal 0.832604 0.553869 0
    outer loop
      vertex 107.151 -54.9349 2.5
      vertex 107.028 -54.75 -5.72205e-07
      vertex 107.028 -54.75 2.5
    endloop
  endfacet
  facet normal 0.832604 0.553869 0
    outer loop
      vertex 107.028 -54.75 -5.72205e-07
      vertex 107.151 -54.9349 2.5
      vertex 107.151 -54.9349 -5.72205e-07
    endloop
  endfacet
  facet normal 0.443245 0.8964 -0
    outer loop
      vertex 107.849 -55.4706 -5.72205e-07
      vertex 107.65 -55.3722 2.5
      vertex 107.849 -55.4706 2.5
    endloop
  endfacet
  facet normal 0.443245 0.8964 0
    outer loop
      vertex 107.65 -55.3722 2.5
      vertex 107.849 -55.4706 -5.72205e-07
      vertex 107.65 -55.3722 -5.72205e-07
    endloop
  endfacet
  facet normal -0.751016 -0.660284 0
    outer loop
      vertex 109.849 -52.8651 -5.72205e-07
      vertex 109.702 -52.6979 2.5
      vertex 109.702 -52.6979 -5.72205e-07
    endloop
  endfacet
  facet normal -0.751016 -0.660284 0
    outer loop
      vertex 109.702 -52.6979 2.5
      vertex 109.849 -52.8651 -5.72205e-07
      vertex 109.849 -52.8651 2.5
    endloop
  endfacet
  facet normal 0.555219 -0.831704 0
    outer loop
      vertex 107.465 -52.5513 -5.72205e-07
      vertex 107.65 -52.4278 2.5
      vertex 107.465 -52.5513 2.5
    endloop
  endfacet
  facet normal 0.555219 -0.831704 0
    outer loop
      vertex 107.65 -52.4278 2.5
      vertex 107.465 -52.5513 -5.72205e-07
      vertex 107.65 -52.4278 -5.72205e-07
    endloop
  endfacet
  facet normal 0.0651764 0.997874 -0
    outer loop
      vertex 108.5 -55.6 -5.72205e-07
      vertex 108.278 -55.5855 2.5
      vertex 108.5 -55.6 2.5
    endloop
  endfacet
  facet normal 0.0651764 0.997874 0
    outer loop
      vertex 108.278 -55.5855 2.5
      vertex 108.5 -55.6 -5.72205e-07
      vertex 108.278 -55.5855 -5.72205e-07
    endloop
  endfacet
  facet normal -0.443245 0.8964 0
    outer loop
      vertex 109.35 -55.3722 -5.72205e-07
      vertex 109.151 -55.4706 2.5
      vertex 109.35 -55.3722 2.5
    endloop
  endfacet
  facet normal -0.443245 0.8964 0
    outer loop
      vertex 109.151 -55.4706 2.5
      vertex 109.35 -55.3722 -5.72205e-07
      vertex 109.151 -55.4706 -5.72205e-07
    endloop
  endfacet
  facet normal -0.320937 0.947101 0
    outer loop
      vertex 109.151 -55.4706 -5.72205e-07
      vertex 108.94 -55.5421 2.5
      vertex 109.151 -55.4706 2.5
    endloop
  endfacet
  facet normal -0.320937 0.947101 0
    outer loop
      vertex 108.94 -55.5421 2.5
      vertex 109.151 -55.4706 -5.72205e-07
      vertex 108.94 -55.5421 -5.72205e-07
    endloop
  endfacet
  facet normal 0.443245 -0.8964 0
    outer loop
      vertex 107.65 -52.4278 -5.72205e-07
      vertex 107.849 -52.3294 2.5
      vertex 107.65 -52.4278 2.5
    endloop
  endfacet
  facet normal 0.443245 -0.8964 0
    outer loop
      vertex 107.849 -52.3294 2.5
      vertex 107.65 -52.4278 -5.72205e-07
      vertex 107.849 -52.3294 -5.72205e-07
    endloop
  endfacet
  facet normal 0.895681 0.444696 0
    outer loop
      vertex 107.028 -54.75 2.5
      vertex 106.929 -54.5506 -5.72205e-07
      vertex 106.929 -54.5506 2.5
    endloop
  endfacet
  facet normal 0.895681 0.444696 0
    outer loop
      vertex 106.929 -54.5506 -5.72205e-07
      vertex 107.028 -54.75 2.5
      vertex 107.028 -54.75 -5.72205e-07
    endloop
  endfacet
  facet normal -0.981113 0.193434 0
    outer loop
      vertex 110.142 -54.34 -5.72205e-07
      vertex 110.185 -54.1219 2.5
      vertex 110.185 -54.1219 -5.72205e-07
    endloop
  endfacet
  facet normal -0.981113 0.193434 0
    outer loop
      vertex 110.185 -54.1219 2.5
      vertex 110.142 -54.34 -5.72205e-07
      vertex 110.142 -54.34 2.5
    endloop
  endfacet
  facet normal -0.195251 -0.980753 0
    outer loop
      vertex 108.722 -52.2145 -5.72205e-07
      vertex 108.94 -52.2579 2.5
      vertex 108.722 -52.2145 2.5
    endloop
  endfacet
  facet normal -0.195251 -0.980753 -0
    outer loop
      vertex 108.94 -52.2579 2.5
      vertex 108.722 -52.2145 -5.72205e-07
      vertex 108.94 -52.2579 -5.72205e-07
    endloop
  endfacet
  facet normal -0.555219 -0.831704 0
    outer loop
      vertex 109.35 -52.4278 -5.72205e-07
      vertex 109.535 -52.5513 2.5
      vertex 109.35 -52.4278 2.5
    endloop
  endfacet
  facet normal -0.555219 -0.831704 -0
    outer loop
      vertex 109.535 -52.5513 2.5
      vertex 109.35 -52.4278 -5.72205e-07
      vertex 109.535 -52.5513 -5.72205e-07
    endloop
  endfacet
  facet normal -0.659714 0.751516 0
    outer loop
      vertex 109.702 -55.1021 -5.72205e-07
      vertex 109.535 -55.2487 2.5
      vertex 109.702 -55.1021 2.5
    endloop
  endfacet
  facet normal -0.659714 0.751516 0
    outer loop
      vertex 109.535 -55.2487 2.5
      vertex 109.702 -55.1021 -5.72205e-07
      vertex 109.535 -55.2487 -5.72205e-07
    endloop
  endfacet
  facet normal 0.947598 -0.319466 0
    outer loop
      vertex 106.858 -53.46 2.5
      vertex 106.929 -53.2494 -5.72205e-07
      vertex 106.929 -53.2494 2.5
    endloop
  endfacet
  facet normal 0.947598 -0.319466 0
    outer loop
      vertex 106.929 -53.2494 -5.72205e-07
      vertex 106.858 -53.46 2.5
      vertex 106.858 -53.46 -5.72205e-07
    endloop
  endfacet
  facet normal 0.751016 0.660284 0
    outer loop
      vertex 107.298 -55.1021 2.5
      vertex 107.151 -54.9349 -5.72205e-07
      vertex 107.151 -54.9349 2.5
    endloop
  endfacet
  facet normal 0.751016 0.660284 0
    outer loop
      vertex 107.151 -54.9349 -5.72205e-07
      vertex 107.298 -55.1021 2.5
      vertex 107.298 -55.1021 -5.72205e-07
    endloop
  endfacet
  facet normal 0.0651764 -0.997874 0
    outer loop
      vertex 108.278 -52.2145 -5.72205e-07
      vertex 108.5 -52.2 2.5
      vertex 108.278 -52.2145 2.5
    endloop
  endfacet
  facet normal 0.0651764 -0.997874 0
    outer loop
      vertex 108.5 -52.2 2.5
      vertex 108.278 -52.2145 -5.72205e-07
      vertex 108.5 -52.2 -5.72205e-07
    endloop
  endfacet
  facet normal -0.895681 -0.444696 0
    outer loop
      vertex 110.071 -53.2494 -5.72205e-07
      vertex 109.972 -53.05 2.5
      vertex 109.972 -53.05 -5.72205e-07
    endloop
  endfacet
  facet normal -0.895681 -0.444696 0
    outer loop
      vertex 109.972 -53.05 2.5
      vertex 110.071 -53.2494 -5.72205e-07
      vertex 110.071 -53.2494 2.5
    endloop
  endfacet
  facet normal 0.751016 -0.660284 0
    outer loop
      vertex 107.151 -52.8651 2.5
      vertex 107.298 -52.6979 -5.72205e-07
      vertex 107.298 -52.6979 2.5
    endloop
  endfacet
  facet normal 0.751016 -0.660284 0
    outer loop
      vertex 107.298 -52.6979 -5.72205e-07
      vertex 107.151 -52.8651 2.5
      vertex 107.151 -52.8651 -5.72205e-07
    endloop
  endfacet
  facet normal 0.555219 0.831704 -0
    outer loop
      vertex 107.65 -55.3722 -5.72205e-07
      vertex 107.465 -55.2487 2.5
      vertex 107.65 -55.3722 2.5
    endloop
  endfacet
  facet normal 0.555219 0.831704 0
    outer loop
      vertex 107.465 -55.2487 2.5
      vertex 107.65 -55.3722 -5.72205e-07
      vertex 107.465 -55.2487 -5.72205e-07
    endloop
  endfacet
  facet normal 0.947598 0.319466 0
    outer loop
      vertex 106.929 -54.5506 2.5
      vertex 106.858 -54.34 -5.72205e-07
      vertex 106.858 -54.34 2.5
    endloop
  endfacet
  facet normal 0.947598 0.319466 0
    outer loop
      vertex 106.858 -54.34 -5.72205e-07
      vertex 106.929 -54.5506 2.5
      vertex 106.929 -54.5506 -5.72205e-07
    endloop
  endfacet
  facet normal 0.981113 0.193434 0
    outer loop
      vertex 106.858 -54.34 2.5
      vertex 106.815 -54.1219 -5.72205e-07
      vertex 106.815 -54.1219 2.5
    endloop
  endfacet
  facet normal 0.981113 0.193434 0
    outer loop
      vertex 106.815 -54.1219 -5.72205e-07
      vertex 106.858 -54.34 2.5
      vertex 106.858 -54.34 -5.72205e-07
    endloop
  endfacet
  facet normal 0.195251 0.980753 -0
    outer loop
      vertex 108.278 -55.5855 -5.72205e-07
      vertex 108.06 -55.5421 2.5
      vertex 108.278 -55.5855 2.5
    endloop
  endfacet
  facet normal 0.195251 0.980753 0
    outer loop
      vertex 108.06 -55.5421 2.5
      vertex 108.278 -55.5855 -5.72205e-07
      vertex 108.06 -55.5421 -5.72205e-07
    endloop
  endfacet
endsolid OpenSCAD_Model
