solid OpenSCAD_Model
  facet normal 1 -0 0
    outer loop
      vertex 33.5 -57.9 2.5
      vertex 33.5 -45.9 -5.72205e-07
      vertex 33.5 -45.9 2.5
    endloop
  endfacet
  facet normal 1 0 0
    outer loop
      vertex 33.5 -45.9 -5.72205e-07
      vertex 33.5 -57.9 2.5
      vertex 33.5 -57.9 -5.72205e-07
    endloop
  endfacet
  facet normal 0 -1 0
    outer loop
      vertex 25.5 -57.9 -5.72205e-07
      vertex 33.5 -57.9 2.5
      vertex 25.5 -57.9 2.5
    endloop
  endfacet
  facet normal 0 -1 -0
    outer loop
      vertex 33.5 -57.9 2.5
      vertex 25.5 -57.9 -5.72205e-07
      vertex 33.5 -57.9 -5.72205e-07
    endloop
  endfacet
  facet normal 0 1 -0
    outer loop
      vertex 112.5 -29.9 -5.72205e-07
      vertex 25.5 -29.9 2.5
      vertex 112.5 -29.9 2.5
    endloop
  endfacet
  facet normal 0 1 0
    outer loop
      vertex 25.5 -29.9 2.5
      vertex 112.5 -29.9 -5.72205e-07
      vertex 25.5 -29.9 -5.72205e-07
    endloop
  endfacet
  facet normal -1 0 0
    outer loop
      vertex 25.5 -57.9 -5.72205e-07
      vertex 25.5 -29.9 2.5
      vertex 25.5 -29.9 -5.72205e-07
    endloop
  endfacet
  facet normal -1 -0 0
    outer loop
      vertex 25.5 -29.9 2.5
      vertex 25.5 -57.9 -5.72205e-07
      vertex 25.5 -57.9 2.5
    endloop
  endfacet
  facet normal 0 0 1
    outer loop
      vertex 33.5 -57.9 2.5
      vertex 31.1855 -53.6781 2.5
      vertex 31.2 -53.9 2.5
    endloop
  endfacet
  facet normal 0 0 1
    outer loop
      vertex 31.65 -49.3919 2.5
      vertex 31.1421 -53.46 2.5
      vertex 31.1855 -53.6781 2.5
    endloop
  endfacet
  facet normal 0 0 1
    outer loop
      vertex 30.7021 -52.6979 2.5
      vertex 31.3802 -49.5249 2.5
      vertex 31.0953 -49.6216 2.5
    endloop
  endfacet
  facet normal 0 0 1
    outer loop
      vertex 31.65 -49.3919 2.5
      vertex 31.0706 -53.2494 2.5
      vertex 31.1421 -53.46 2.5
    endloop
  endfacet
  facet normal 0 0 1
    outer loop
      vertex 31.65 -49.3919 2.5
      vertex 30.9722 -53.05 2.5
      vertex 31.0706 -53.2494 2.5
    endloop
  endfacet
  facet normal 0 0 1
    outer loop
      vertex 31.65 -49.3919 2.5
      vertex 30.8487 -52.8651 2.5
      vertex 30.9722 -53.05 2.5
    endloop
  endfacet
  facet normal 0 0 1
    outer loop
      vertex 30.35 -52.4278 2.5
      vertex 31.0953 -49.6216 2.5
      vertex 30.8002 -49.6803 2.5
    endloop
  endfacet
  facet normal 0 0 1
    outer loop
      vertex 31.3802 -49.5249 2.5
      vertex 30.7021 -52.6979 2.5
      vertex 30.8487 -52.8651 2.5
    endloop
  endfacet
  facet normal 0 0 1
    outer loop
      vertex 31.0953 -49.6216 2.5
      vertex 30.5349 -52.5513 2.5
      vertex 30.7021 -52.6979 2.5
    endloop
  endfacet
  facet normal 0 0 1
    outer loop
      vertex 30.1506 -52.3294 2.5
      vertex 30.8002 -49.6803 2.5
      vertex 30.5 -49.7 2.5
    endloop
  endfacet
  facet normal 0 0 1
    outer loop
      vertex 31.0953 -49.6216 2.5
      vertex 30.35 -52.4278 2.5
      vertex 30.5349 -52.5513 2.5
    endloop
  endfacet
  facet normal 0 0 1
    outer loop
      vertex 29.94 -52.2579 2.5
      vertex 30.5 -49.7 2.5
      vertex 30.1998 -49.6803 2.5
    endloop
  endfacet
  facet normal 0 0 1
    outer loop
      vertex 30.8002 -49.6803 2.5
      vertex 30.1506 -52.3294 2.5
      vertex 30.35 -52.4278 2.5
    endloop
  endfacet
  facet normal 0 0 1
    outer loop
      vertex 30.5 -49.7 2.5
      vertex 29.94 -52.2579 2.5
      vertex 30.1506 -52.3294 2.5
    endloop
  endfacet
  facet normal 0 0 1
    outer loop
      vertex 29.7219 -52.2145 2.5
      vertex 30.1998 -49.6803 2.5
      vertex 29.9047 -49.6216 2.5
    endloop
  endfacet
  facet normal 0 0 1
    outer loop
      vertex 30.1998 -49.6803 2.5
      vertex 29.7219 -52.2145 2.5
      vertex 29.94 -52.2579 2.5
    endloop
  endfacet
  facet normal 0 0 1
    outer loop
      vertex 29.5 -52.2 2.5
      vertex 29.9047 -49.6216 2.5
      vertex 29.6198 -49.5249 2.5
    endloop
  endfacet
  facet normal 0 0 1
    outer loop
      vertex 29.9047 -49.6216 2.5
      vertex 29.5 -52.2 2.5
      vertex 29.7219 -52.2145 2.5
    endloop
  endfacet
  facet normal 0 0 1
    outer loop
      vertex 29.06 -52.2579 2.5
      vertex 29.6198 -49.5249 2.5
      vertex 29.35 -49.3919 2.5
    endloop
  endfacet
  facet normal 0 0 1
    outer loop
      vertex 29.6198 -49.5249 2.5
      vertex 29.2781 -52.2145 2.5
      vertex 29.5 -52.2 2.5
    endloop
  endfacet
  facet normal 0 0 1
    outer loop
      vertex 28.8494 -52.3294 2.5
      vertex 29.35 -49.3919 2.5
      vertex 29.0998 -49.2247 2.5
    endloop
  endfacet
  facet normal 0 0 1
    outer loop
      vertex 29.6198 -49.5249 2.5
      vertex 29.06 -52.2579 2.5
      vertex 29.2781 -52.2145 2.5
    endloop
  endfacet
  facet normal 0 0 1
    outer loop
      vertex 28.65 -52.4278 2.5
      vertex 29.0998 -49.2247 2.5
      vertex 28.8737 -49.0263 2.5
    endloop
  endfacet
  facet normal 0 0 1
    outer loop
      vertex 29.35 -49.3919 2.5
      vertex 28.8494 -52.3294 2.5
      vertex 29.06 -52.2579 2.5
    endloop
  endfacet
  facet normal 0 0 1
    outer loop
      vertex 28.4651 -52.5513 2.5
      vertex 28.8737 -49.0263 2.5
      vertex 28.6753 -48.8002 2.5
    endloop
  endfacet
  facet normal 0 0 1
    outer loop
      vertex 29.0998 -49.2247 2.5
      vertex 28.65 -52.4278 2.5
      vertex 28.8494 -52.3294 2.5
    endloop
  endfacet
  facet normal 0 0 1
    outer loop
      vertex 28.2979 -52.6979 2.5
      vertex 28.6753 -48.8002 2.5
      vertex 28.5081 -48.55 2.5
    endloop
  endfacet
  facet normal 0 0 1
    outer loop
      vertex 28.8737 -49.0263 2.5
      vertex 28.4651 -52.5513 2.5
      vertex 28.65 -52.4278 2.5
    endloop
  endfacet
  facet normal 0 0 1
    outer loop
      vertex 28.1513 -52.8651 2.5
      vertex 28.5081 -48.55 2.5
      vertex 28.3751 -48.2802 2.5
    endloop
  endfacet
  facet normal 0 0 1
    outer loop
      vertex 28.6753 -48.8002 2.5
      vertex 28.2979 -52.6979 2.5
      vertex 28.4651 -52.5513 2.5
    endloop
  endfacet
  facet normal 0 0 1
    outer loop
      vertex 28.0278 -53.05 2.5
      vertex 28.3751 -48.2802 2.5
      vertex 28.2784 -47.9953 2.5
    endloop
  endfacet
  facet normal 0 0 1
    outer loop
      vertex 27.9294 -53.2494 2.5
      vertex 28.2784 -47.9953 2.5
      vertex 28.2197 -47.7002 2.5
    endloop
  endfacet
  facet normal 0 0 1
    outer loop
      vertex 25.5 -57.9 2.5
      vertex 28.2197 -47.7002 2.5
      vertex 28.2 -47.4 2.5
    endloop
  endfacet
  facet normal 0 0 1
    outer loop
      vertex 28.5081 -48.55 2.5
      vertex 28.1513 -52.8651 2.5
      vertex 28.2979 -52.6979 2.5
    endloop
  endfacet
  facet normal -0 0 1
    outer loop
      vertex 32.7216 -33.9953 2.5
      vertex 33.5 -45.9 2.5
      vertex 32.7803 -33.7002 2.5
    endloop
  endfacet
  facet normal 0 0 1
    outer loop
      vertex 33.5 -45.9 2.5
      vertex 32.7803 -47.0998 2.5
      vertex 32.8 -47.4 2.5
    endloop
  endfacet
  facet normal -0 0 1
    outer loop
      vertex 32.6249 -34.2802 2.5
      vertex 33.5 -45.9 2.5
      vertex 32.7216 -33.9953 2.5
    endloop
  endfacet
  facet normal 0 0 1
    outer loop
      vertex 33.5 -45.9 2.5
      vertex 32.7216 -46.8047 2.5
      vertex 32.7803 -47.0998 2.5
    endloop
  endfacet
  facet normal -0 0 1
    outer loop
      vertex 32.4919 -34.55 2.5
      vertex 33.5 -45.9 2.5
      vertex 32.6249 -34.2802 2.5
    endloop
  endfacet
  facet normal 0 0 1
    outer loop
      vertex 33.5 -45.9 2.5
      vertex 32.6249 -46.5198 2.5
      vertex 32.7216 -46.8047 2.5
    endloop
  endfacet
  facet normal -0 0 1
    outer loop
      vertex 32.3247 -34.8002 2.5
      vertex 33.5 -45.9 2.5
      vertex 32.4919 -34.55 2.5
    endloop
  endfacet
  facet normal 0 0 1
    outer loop
      vertex 33.5 -45.9 2.5
      vertex 32.4919 -46.25 2.5
      vertex 32.6249 -46.5198 2.5
    endloop
  endfacet
  facet normal -0 0 1
    outer loop
      vertex 32.1263 -35.0263 2.5
      vertex 33.5 -45.9 2.5
      vertex 32.3247 -34.8002 2.5
    endloop
  endfacet
  facet normal 0 0 1
    outer loop
      vertex 33.5 -45.9 2.5
      vertex 32.3247 -45.9998 2.5
      vertex 32.4919 -46.25 2.5
    endloop
  endfacet
  facet normal -0 0 1
    outer loop
      vertex 31.9002 -35.2247 2.5
      vertex 33.5 -45.9 2.5
      vertex 32.1263 -35.0263 2.5
    endloop
  endfacet
  facet normal 0 0 1
    outer loop
      vertex 33.5 -45.9 2.5
      vertex 32.1263 -45.7737 2.5
      vertex 32.3247 -45.9998 2.5
    endloop
  endfacet
  facet normal -0 0 1
    outer loop
      vertex 31.65 -35.3919 2.5
      vertex 33.5 -45.9 2.5
      vertex 31.9002 -35.2247 2.5
    endloop
  endfacet
  facet normal 0 0 1
    outer loop
      vertex 33.5 -45.9 2.5
      vertex 31.9002 -45.5753 2.5
      vertex 32.1263 -45.7737 2.5
    endloop
  endfacet
  facet normal -0 0 1
    outer loop
      vertex 31.65 -45.4081 2.5
      vertex 33.5 -45.9 2.5
      vertex 31.65 -35.3919 2.5
    endloop
  endfacet
  facet normal 0 0 1
    outer loop
      vertex 33.5 -45.9 2.5
      vertex 31.65 -45.4081 2.5
      vertex 31.9002 -45.5753 2.5
    endloop
  endfacet
  facet normal -0 0 1
    outer loop
      vertex 31.3802 -35.5249 2.5
      vertex 31.65 -45.4081 2.5
      vertex 31.65 -35.3919 2.5
    endloop
  endfacet
  facet normal 0 0 1
    outer loop
      vertex 31.3802 -35.5249 2.5
      vertex 31.3802 -45.2751 2.5
      vertex 31.65 -45.4081 2.5
    endloop
  endfacet
  facet normal -0 0 1
    outer loop
      vertex 31.0953 -35.6216 2.5
      vertex 31.3802 -45.2751 2.5
      vertex 31.3802 -35.5249 2.5
    endloop
  endfacet
  facet normal 0 0 1
    outer loop
      vertex 31.0953 -35.6216 2.5
      vertex 31.0953 -45.1784 2.5
      vertex 31.3802 -45.2751 2.5
    endloop
  endfacet
  facet normal -0 0 1
    outer loop
      vertex 30.8002 -35.6803 2.5
      vertex 31.0953 -45.1784 2.5
      vertex 31.0953 -35.6216 2.5
    endloop
  endfacet
  facet normal 0 0 1
    outer loop
      vertex 30.8002 -35.6803 2.5
      vertex 30.8002 -45.1197 2.5
      vertex 31.0953 -45.1784 2.5
    endloop
  endfacet
  facet normal -0 0 1
    outer loop
      vertex 30.5 -35.7 2.5
      vertex 30.8002 -45.1197 2.5
      vertex 30.8002 -35.6803 2.5
    endloop
  endfacet
  facet normal 0 0 1
    outer loop
      vertex 30.5 -35.7 2.5
      vertex 30.5 -45.1 2.5
      vertex 30.8002 -45.1197 2.5
    endloop
  endfacet
  facet normal 0 0 1
    outer loop
      vertex 30.1998 -35.6803 2.5
      vertex 30.5 -45.1 2.5
      vertex 30.5 -35.7 2.5
    endloop
  endfacet
  facet normal 0 0 1
    outer loop
      vertex 30.1998 -35.6803 2.5
      vertex 30.1998 -45.1197 2.5
      vertex 30.5 -45.1 2.5
    endloop
  endfacet
  facet normal 0 0 1
    outer loop
      vertex 29.9047 -35.6216 2.5
      vertex 30.1998 -45.1197 2.5
      vertex 30.1998 -35.6803 2.5
    endloop
  endfacet
  facet normal 0 0 1
    outer loop
      vertex 29.9047 -35.6216 2.5
      vertex 29.9047 -45.1784 2.5
      vertex 30.1998 -45.1197 2.5
    endloop
  endfacet
  facet normal 0 0 1
    outer loop
      vertex 29.6198 -35.5249 2.5
      vertex 29.9047 -45.1784 2.5
      vertex 29.9047 -35.6216 2.5
    endloop
  endfacet
  facet normal 0 0 1
    outer loop
      vertex 29.6198 -35.5249 2.5
      vertex 29.6198 -45.2751 2.5
      vertex 29.9047 -45.1784 2.5
    endloop
  endfacet
  facet normal 0 0 1
    outer loop
      vertex 29.35 -35.3919 2.5
      vertex 29.6198 -45.2751 2.5
      vertex 29.6198 -35.5249 2.5
    endloop
  endfacet
  facet normal 0 0 1
    outer loop
      vertex 29.35 -35.3919 2.5
      vertex 29.35 -45.4081 2.5
      vertex 29.6198 -45.2751 2.5
    endloop
  endfacet
  facet normal 0 0 1
    outer loop
      vertex 29.0998 -35.2247 2.5
      vertex 29.35 -45.4081 2.5
      vertex 29.35 -35.3919 2.5
    endloop
  endfacet
  facet normal 0 0 1
    outer loop
      vertex 29.0998 -35.2247 2.5
      vertex 29.0998 -45.5753 2.5
      vertex 29.35 -45.4081 2.5
    endloop
  endfacet
  facet normal 0 0 1
    outer loop
      vertex 28.8737 -35.0263 2.5
      vertex 29.0998 -45.5753 2.5
      vertex 29.0998 -35.2247 2.5
    endloop
  endfacet
  facet normal 0 0 1
    outer loop
      vertex 28.8737 -35.0263 2.5
      vertex 28.8737 -45.7737 2.5
      vertex 29.0998 -45.5753 2.5
    endloop
  endfacet
  facet normal 0 0 1
    outer loop
      vertex 28.6753 -34.8002 2.5
      vertex 28.8737 -45.7737 2.5
      vertex 28.8737 -35.0263 2.5
    endloop
  endfacet
  facet normal 0 0 1
    outer loop
      vertex 28.6753 -34.8002 2.5
      vertex 28.6753 -45.9998 2.5
      vertex 28.8737 -45.7737 2.5
    endloop
  endfacet
  facet normal 0 0 1
    outer loop
      vertex 28.5081 -34.55 2.5
      vertex 28.6753 -45.9998 2.5
      vertex 28.6753 -34.8002 2.5
    endloop
  endfacet
  facet normal 0 0 1
    outer loop
      vertex 28.5081 -34.55 2.5
      vertex 28.5081 -46.25 2.5
      vertex 28.6753 -45.9998 2.5
    endloop
  endfacet
  facet normal 0 0 1
    outer loop
      vertex 28.3751 -34.2802 2.5
      vertex 28.5081 -46.25 2.5
      vertex 28.5081 -34.55 2.5
    endloop
  endfacet
  facet normal 0 0 1
    outer loop
      vertex 28.3751 -34.2802 2.5
      vertex 28.3751 -46.5198 2.5
      vertex 28.5081 -46.25 2.5
    endloop
  endfacet
  facet normal 0 0 1
    outer loop
      vertex 25.5 -29.9 2.5
      vertex 28.3751 -34.2802 2.5
      vertex 28.2784 -33.9953 2.5
    endloop
  endfacet
  facet normal 0 0 1
    outer loop
      vertex 28.3751 -34.2802 2.5
      vertex 25.5 -29.9 2.5
      vertex 28.3751 -46.5198 2.5
    endloop
  endfacet
  facet normal 0 0 1
    outer loop
      vertex 25.5 -29.9 2.5
      vertex 28.2784 -33.9953 2.5
      vertex 28.2197 -33.7002 2.5
    endloop
  endfacet
  facet normal 0 0 1
    outer loop
      vertex 28.3751 -46.5198 2.5
      vertex 25.5 -29.9 2.5
      vertex 28.2784 -46.8047 2.5
    endloop
  endfacet
  facet normal 0 0 1
    outer loop
      vertex 25.5 -29.9 2.5
      vertex 28.2197 -33.7002 2.5
      vertex 28.2 -33.4 2.5
    endloop
  endfacet
  facet normal 0 0 1
    outer loop
      vertex 28.2784 -46.8047 2.5
      vertex 25.5 -29.9 2.5
      vertex 28.2197 -47.0998 2.5
    endloop
  endfacet
  facet normal 0 0 1
    outer loop
      vertex 32.7803 -47.7002 2.5
      vertex 33.5 -45.9 2.5
      vertex 32.8 -47.4 2.5
    endloop
  endfacet
  facet normal 0 0 1
    outer loop
      vertex 32.7216 -47.9953 2.5
      vertex 33.5 -45.9 2.5
      vertex 32.7803 -47.7002 2.5
    endloop
  endfacet
  facet normal 0 0 1
    outer loop
      vertex 33.5 -45.9 2.5
      vertex 32.7216 -47.9953 2.5
      vertex 33.5 -57.9 2.5
    endloop
  endfacet
  facet normal -0 0 1
    outer loop
      vertex 32.6249 -48.2802 2.5
      vertex 33.5 -57.9 2.5
      vertex 32.7216 -47.9953 2.5
    endloop
  endfacet
  facet normal -0 0 1
    outer loop
      vertex 32.4919 -48.55 2.5
      vertex 33.5 -57.9 2.5
      vertex 32.6249 -48.2802 2.5
    endloop
  endfacet
  facet normal -0 0 1
    outer loop
      vertex 32.3247 -48.8002 2.5
      vertex 33.5 -57.9 2.5
      vertex 32.4919 -48.55 2.5
    endloop
  endfacet
  facet normal 0 0 1
    outer loop
      vertex 31.1855 -53.6781 2.5
      vertex 32.3247 -48.8002 2.5
      vertex 32.1263 -49.0263 2.5
    endloop
  endfacet
  facet normal 0 0 1
    outer loop
      vertex 31.1855 -53.6781 2.5
      vertex 32.1263 -49.0263 2.5
      vertex 31.9002 -49.2247 2.5
    endloop
  endfacet
  facet normal 0 0 1
    outer loop
      vertex 31.1855 -53.6781 2.5
      vertex 31.9002 -49.2247 2.5
      vertex 31.65 -49.3919 2.5
    endloop
  endfacet
  facet normal 0 0 1
    outer loop
      vertex 30.8487 -52.8651 2.5
      vertex 31.65 -49.3919 2.5
      vertex 31.3802 -49.5249 2.5
    endloop
  endfacet
  facet normal -0 0 1
    outer loop
      vertex 31.1855 -53.6781 2.5
      vertex 33.5 -57.9 2.5
      vertex 32.3247 -48.8002 2.5
    endloop
  endfacet
  facet normal -0 0 1
    outer loop
      vertex 31.1855 -54.1219 2.5
      vertex 33.5 -57.9 2.5
      vertex 31.2 -53.9 2.5
    endloop
  endfacet
  facet normal -0 0 1
    outer loop
      vertex 31.1421 -54.34 2.5
      vertex 33.5 -57.9 2.5
      vertex 31.1855 -54.1219 2.5
    endloop
  endfacet
  facet normal -0 0 1
    outer loop
      vertex 31.0706 -54.5506 2.5
      vertex 33.5 -57.9 2.5
      vertex 31.1421 -54.34 2.5
    endloop
  endfacet
  facet normal -0 0 1
    outer loop
      vertex 30.9722 -54.75 2.5
      vertex 33.5 -57.9 2.5
      vertex 31.0706 -54.5506 2.5
    endloop
  endfacet
  facet normal -0 0 1
    outer loop
      vertex 30.8487 -54.9349 2.5
      vertex 33.5 -57.9 2.5
      vertex 30.9722 -54.75 2.5
    endloop
  endfacet
  facet normal -0 0 1
    outer loop
      vertex 30.7021 -55.1021 2.5
      vertex 33.5 -57.9 2.5
      vertex 30.8487 -54.9349 2.5
    endloop
  endfacet
  facet normal -0 0 1
    outer loop
      vertex 30.5349 -55.2487 2.5
      vertex 33.5 -57.9 2.5
      vertex 30.7021 -55.1021 2.5
    endloop
  endfacet
  facet normal -0 0 1
    outer loop
      vertex 30.35 -55.3722 2.5
      vertex 33.5 -57.9 2.5
      vertex 30.5349 -55.2487 2.5
    endloop
  endfacet
  facet normal -0 0 1
    outer loop
      vertex 30.1506 -55.4706 2.5
      vertex 33.5 -57.9 2.5
      vertex 30.35 -55.3722 2.5
    endloop
  endfacet
  facet normal -0 0 1
    outer loop
      vertex 29.94 -55.5421 2.5
      vertex 33.5 -57.9 2.5
      vertex 30.1506 -55.4706 2.5
    endloop
  endfacet
  facet normal -0 0 1
    outer loop
      vertex 29.7219 -55.5855 2.5
      vertex 33.5 -57.9 2.5
      vertex 29.94 -55.5421 2.5
    endloop
  endfacet
  facet normal -0 0 1
    outer loop
      vertex 29.5 -55.6 2.5
      vertex 33.5 -57.9 2.5
      vertex 29.7219 -55.5855 2.5
    endloop
  endfacet
  facet normal 0 0 1
    outer loop
      vertex 25.5 -57.9 2.5
      vertex 29.5 -55.6 2.5
      vertex 29.2781 -55.5855 2.5
    endloop
  endfacet
  facet normal 0 0 1
    outer loop
      vertex 25.5 -57.9 2.5
      vertex 29.2781 -55.5855 2.5
      vertex 29.06 -55.5421 2.5
    endloop
  endfacet
  facet normal 0 0 1
    outer loop
      vertex 25.5 -57.9 2.5
      vertex 29.06 -55.5421 2.5
      vertex 28.8494 -55.4706 2.5
    endloop
  endfacet
  facet normal 0 0 1
    outer loop
      vertex 25.5 -57.9 2.5
      vertex 28.8494 -55.4706 2.5
      vertex 28.65 -55.3722 2.5
    endloop
  endfacet
  facet normal 0 0 1
    outer loop
      vertex 27.8145 -53.6781 2.5
      vertex 25.5 -57.9 2.5
      vertex 27.8 -53.9 2.5
    endloop
  endfacet
  facet normal 0 0 1
    outer loop
      vertex 29.5 -55.6 2.5
      vertex 25.5 -57.9 2.5
      vertex 33.5 -57.9 2.5
    endloop
  endfacet
  facet normal 0 0 1
    outer loop
      vertex 28.4651 -55.2487 2.5
      vertex 25.5 -57.9 2.5
      vertex 28.65 -55.3722 2.5
    endloop
  endfacet
  facet normal 0 0 1
    outer loop
      vertex 28.2979 -55.1021 2.5
      vertex 25.5 -57.9 2.5
      vertex 28.4651 -55.2487 2.5
    endloop
  endfacet
  facet normal 0 0 1
    outer loop
      vertex 28.1513 -54.9349 2.5
      vertex 25.5 -57.9 2.5
      vertex 28.2979 -55.1021 2.5
    endloop
  endfacet
  facet normal 0 0 1
    outer loop
      vertex 28.0278 -54.75 2.5
      vertex 25.5 -57.9 2.5
      vertex 28.1513 -54.9349 2.5
    endloop
  endfacet
  facet normal 0 0 1
    outer loop
      vertex 27.9294 -54.5506 2.5
      vertex 25.5 -57.9 2.5
      vertex 28.0278 -54.75 2.5
    endloop
  endfacet
  facet normal 0 0 1
    outer loop
      vertex 27.8579 -54.34 2.5
      vertex 25.5 -57.9 2.5
      vertex 27.9294 -54.5506 2.5
    endloop
  endfacet
  facet normal 0 0 1
    outer loop
      vertex 27.8145 -54.1219 2.5
      vertex 25.5 -57.9 2.5
      vertex 27.8579 -54.34 2.5
    endloop
  endfacet
  facet normal 0 0 1
    outer loop
      vertex 27.8 -53.9 2.5
      vertex 25.5 -57.9 2.5
      vertex 27.8145 -54.1219 2.5
    endloop
  endfacet
  facet normal 0 0 1
    outer loop
      vertex 109.722 -33.9953 2.5
      vertex 112.5 -29.9 2.5
      vertex 109.78 -33.7002 2.5
    endloop
  endfacet
  facet normal 0 0 1
    outer loop
      vertex 112.5 -29.9 2.5
      vertex 109.78 -47.0998 2.5
      vertex 109.8 -47.4 2.5
    endloop
  endfacet
  facet normal 0 0 1
    outer loop
      vertex 109.625 -34.2802 2.5
      vertex 112.5 -29.9 2.5
      vertex 109.722 -33.9953 2.5
    endloop
  endfacet
  facet normal 0 0 1
    outer loop
      vertex 112.5 -29.9 2.5
      vertex 109.722 -46.8047 2.5
      vertex 109.78 -47.0998 2.5
    endloop
  endfacet
  facet normal 0 0 1
    outer loop
      vertex 109.625 -46.5198 2.5
      vertex 112.5 -29.9 2.5
      vertex 109.625 -34.2802 2.5
    endloop
  endfacet
  facet normal 0 0 1
    outer loop
      vertex 112.5 -29.9 2.5
      vertex 109.625 -46.5198 2.5
      vertex 109.722 -46.8047 2.5
    endloop
  endfacet
  facet normal -0 0 1
    outer loop
      vertex 109.492 -34.55 2.5
      vertex 109.625 -46.5198 2.5
      vertex 109.625 -34.2802 2.5
    endloop
  endfacet
  facet normal 0 0 1
    outer loop
      vertex 109.492 -34.55 2.5
      vertex 109.492 -46.25 2.5
      vertex 109.625 -46.5198 2.5
    endloop
  endfacet
  facet normal -0 0 1
    outer loop
      vertex 109.325 -34.8002 2.5
      vertex 109.492 -46.25 2.5
      vertex 109.492 -34.55 2.5
    endloop
  endfacet
  facet normal 0 0 1
    outer loop
      vertex 109.325 -34.8002 2.5
      vertex 109.325 -45.9998 2.5
      vertex 109.492 -46.25 2.5
    endloop
  endfacet
  facet normal -0 0 1
    outer loop
      vertex 109.126 -35.0263 2.5
      vertex 109.325 -45.9998 2.5
      vertex 109.325 -34.8002 2.5
    endloop
  endfacet
  facet normal 0 0 1
    outer loop
      vertex 109.126 -35.0263 2.5
      vertex 109.126 -45.7737 2.5
      vertex 109.325 -45.9998 2.5
    endloop
  endfacet
  facet normal -0 0 1
    outer loop
      vertex 108.9 -35.2247 2.5
      vertex 109.126 -45.7737 2.5
      vertex 109.126 -35.0263 2.5
    endloop
  endfacet
  facet normal 0 0 1
    outer loop
      vertex 108.9 -35.2247 2.5
      vertex 108.9 -45.5753 2.5
      vertex 109.126 -45.7737 2.5
    endloop
  endfacet
  facet normal -0 0 1
    outer loop
      vertex 108.65 -35.3919 2.5
      vertex 108.9 -45.5753 2.5
      vertex 108.9 -35.2247 2.5
    endloop
  endfacet
  facet normal 0 0 1
    outer loop
      vertex 108.65 -35.3919 2.5
      vertex 108.65 -45.4081 2.5
      vertex 108.9 -45.5753 2.5
    endloop
  endfacet
  facet normal -0 0 1
    outer loop
      vertex 108.38 -35.5249 2.5
      vertex 108.65 -45.4081 2.5
      vertex 108.65 -35.3919 2.5
    endloop
  endfacet
  facet normal 0 0 1
    outer loop
      vertex 108.38 -35.5249 2.5
      vertex 108.38 -45.2751 2.5
      vertex 108.65 -45.4081 2.5
    endloop
  endfacet
  facet normal -0 0 1
    outer loop
      vertex 108.095 -35.6216 2.5
      vertex 108.38 -45.2751 2.5
      vertex 108.38 -35.5249 2.5
    endloop
  endfacet
  facet normal 0 0 1
    outer loop
      vertex 108.095 -35.6216 2.5
      vertex 108.095 -45.1784 2.5
      vertex 108.38 -45.2751 2.5
    endloop
  endfacet
  facet normal -0 0 1
    outer loop
      vertex 107.8 -35.6803 2.5
      vertex 108.095 -45.1784 2.5
      vertex 108.095 -35.6216 2.5
    endloop
  endfacet
  facet normal 0 0 1
    outer loop
      vertex 107.8 -35.6803 2.5
      vertex 107.8 -45.1197 2.5
      vertex 108.095 -45.1784 2.5
    endloop
  endfacet
  facet normal -0 0 1
    outer loop
      vertex 107.5 -35.7 2.5
      vertex 107.8 -45.1197 2.5
      vertex 107.8 -35.6803 2.5
    endloop
  endfacet
  facet normal 0 0 1
    outer loop
      vertex 107.5 -35.7 2.5
      vertex 107.5 -45.1 2.5
      vertex 107.8 -45.1197 2.5
    endloop
  endfacet
  facet normal 0 0 1
    outer loop
      vertex 107.2 -35.6803 2.5
      vertex 107.5 -45.1 2.5
      vertex 107.5 -35.7 2.5
    endloop
  endfacet
  facet normal 0 0 1
    outer loop
      vertex 107.2 -35.6803 2.5
      vertex 107.2 -45.1197 2.5
      vertex 107.5 -45.1 2.5
    endloop
  endfacet
  facet normal 0 0 1
    outer loop
      vertex 106.905 -35.6216 2.5
      vertex 107.2 -45.1197 2.5
      vertex 107.2 -35.6803 2.5
    endloop
  endfacet
  facet normal 0 0 1
    outer loop
      vertex 106.905 -35.6216 2.5
      vertex 106.905 -45.1784 2.5
      vertex 107.2 -45.1197 2.5
    endloop
  endfacet
  facet normal 0 0 1
    outer loop
      vertex 106.62 -35.5249 2.5
      vertex 106.905 -45.1784 2.5
      vertex 106.905 -35.6216 2.5
    endloop
  endfacet
  facet normal 0 0 1
    outer loop
      vertex 106.62 -35.5249 2.5
      vertex 106.62 -45.2751 2.5
      vertex 106.905 -45.1784 2.5
    endloop
  endfacet
  facet normal 0 0 1
    outer loop
      vertex 106.35 -35.3919 2.5
      vertex 106.62 -45.2751 2.5
      vertex 106.62 -35.5249 2.5
    endloop
  endfacet
  facet normal 0 0 1
    outer loop
      vertex 106.35 -35.3919 2.5
      vertex 106.35 -45.4081 2.5
      vertex 106.62 -45.2751 2.5
    endloop
  endfacet
  facet normal 0 0 1
    outer loop
      vertex 104.5 -45.9 2.5
      vertex 106.35 -35.3919 2.5
      vertex 106.1 -35.2247 2.5
    endloop
  endfacet
  facet normal 0 0 1
    outer loop
      vertex 106.35 -35.3919 2.5
      vertex 104.5 -45.9 2.5
      vertex 106.35 -45.4081 2.5
    endloop
  endfacet
  facet normal 0 0 1
    outer loop
      vertex 104.5 -45.9 2.5
      vertex 106.1 -35.2247 2.5
      vertex 105.874 -35.0263 2.5
    endloop
  endfacet
  facet normal 0 0 1
    outer loop
      vertex 106.35 -45.4081 2.5
      vertex 104.5 -45.9 2.5
      vertex 106.1 -45.5753 2.5
    endloop
  endfacet
  facet normal 0 0 1
    outer loop
      vertex 104.5 -45.9 2.5
      vertex 105.874 -35.0263 2.5
      vertex 105.675 -34.8002 2.5
    endloop
  endfacet
  facet normal 0 0 1
    outer loop
      vertex 106.1 -45.5753 2.5
      vertex 104.5 -45.9 2.5
      vertex 105.874 -45.7737 2.5
    endloop
  endfacet
  facet normal 0 0 1
    outer loop
      vertex 104.5 -45.9 2.5
      vertex 105.675 -34.8002 2.5
      vertex 105.508 -34.55 2.5
    endloop
  endfacet
  facet normal 0 0 1
    outer loop
      vertex 105.874 -45.7737 2.5
      vertex 104.5 -45.9 2.5
      vertex 105.675 -45.9998 2.5
    endloop
  endfacet
  facet normal 0 0 1
    outer loop
      vertex 104.5 -45.9 2.5
      vertex 105.508 -34.55 2.5
      vertex 105.375 -34.2802 2.5
    endloop
  endfacet
  facet normal 0 0 1
    outer loop
      vertex 105.675 -45.9998 2.5
      vertex 104.5 -45.9 2.5
      vertex 105.508 -46.25 2.5
    endloop
  endfacet
  facet normal 0 0 1
    outer loop
      vertex 104.5 -45.9 2.5
      vertex 105.375 -34.2802 2.5
      vertex 105.278 -33.9953 2.5
    endloop
  endfacet
  facet normal 0 0 1
    outer loop
      vertex 105.508 -46.25 2.5
      vertex 104.5 -45.9 2.5
      vertex 105.375 -46.5198 2.5
    endloop
  endfacet
  facet normal 0 0 1
    outer loop
      vertex 104.5 -45.9 2.5
      vertex 105.278 -33.9953 2.5
      vertex 105.22 -33.7002 2.5
    endloop
  endfacet
  facet normal 0 0 1
    outer loop
      vertex 105.375 -46.5198 2.5
      vertex 104.5 -45.9 2.5
      vertex 105.278 -46.8047 2.5
    endloop
  endfacet
  facet normal -0 0 1
    outer loop
      vertex 32.8 -33.4 2.5
      vertex 105.22 -33.7002 2.5
      vertex 105.2 -33.4 2.5
    endloop
  endfacet
  facet normal 0 0 1
    outer loop
      vertex 105.278 -46.8047 2.5
      vertex 104.5 -45.9 2.5
      vertex 105.22 -47.0998 2.5
    endloop
  endfacet
  facet normal -0 0 1
    outer loop
      vertex 109.8 -47.4 2.5
      vertex 112.5 -57.9 2.5
      vertex 112.5 -29.9 2.5
    endloop
  endfacet
  facet normal 0 0 1
    outer loop
      vertex 112.5 -57.9 2.5
      vertex 110.185 -53.6781 2.5
      vertex 110.2 -53.9 2.5
    endloop
  endfacet
  facet normal -0 0 1
    outer loop
      vertex 109.78 -47.7002 2.5
      vertex 112.5 -57.9 2.5
      vertex 109.8 -47.4 2.5
    endloop
  endfacet
  facet normal 0 0 1
    outer loop
      vertex 112.5 -57.9 2.5
      vertex 110.142 -53.46 2.5
      vertex 110.185 -53.6781 2.5
    endloop
  endfacet
  facet normal 0 0 1
    outer loop
      vertex 112.5 -57.9 2.5
      vertex 109.78 -47.7002 2.5
      vertex 110.142 -53.46 2.5
    endloop
  endfacet
  facet normal 0 0 1
    outer loop
      vertex 110.142 -53.46 2.5
      vertex 109.78 -47.7002 2.5
      vertex 110.071 -53.2494 2.5
    endloop
  endfacet
  facet normal 0 0 1
    outer loop
      vertex 109.78 -33.7002 2.5
      vertex 112.5 -29.9 2.5
      vertex 109.8 -33.4 2.5
    endloop
  endfacet
  facet normal 0 0 1
    outer loop
      vertex 112.5 -29.9 2.5
      vertex 109.78 -33.0998 2.5
      vertex 109.8 -33.4 2.5
    endloop
  endfacet
  facet normal 0 0 1
    outer loop
      vertex 112.5 -29.9 2.5
      vertex 109.722 -32.8047 2.5
      vertex 109.78 -33.0998 2.5
    endloop
  endfacet
  facet normal 0 0 1
    outer loop
      vertex 112.5 -29.9 2.5
      vertex 109.625 -32.5198 2.5
      vertex 109.722 -32.8047 2.5
    endloop
  endfacet
  facet normal 0 0 1
    outer loop
      vertex 112.5 -29.9 2.5
      vertex 109.492 -32.25 2.5
      vertex 109.625 -32.5198 2.5
    endloop
  endfacet
  facet normal 0 0 1
    outer loop
      vertex 112.5 -29.9 2.5
      vertex 109.325 -31.9998 2.5
      vertex 109.492 -32.25 2.5
    endloop
  endfacet
  facet normal 0 0 1
    outer loop
      vertex 112.5 -29.9 2.5
      vertex 109.126 -31.7737 2.5
      vertex 109.325 -31.9998 2.5
    endloop
  endfacet
  facet normal 0 0 1
    outer loop
      vertex 112.5 -29.9 2.5
      vertex 108.9 -31.5753 2.5
      vertex 109.126 -31.7737 2.5
    endloop
  endfacet
  facet normal 0 0 1
    outer loop
      vertex 112.5 -29.9 2.5
      vertex 108.65 -31.4081 2.5
      vertex 108.9 -31.5753 2.5
    endloop
  endfacet
  facet normal 0 0 1
    outer loop
      vertex 112.5 -29.9 2.5
      vertex 108.38 -31.2751 2.5
      vertex 108.65 -31.4081 2.5
    endloop
  endfacet
  facet normal 0 0 1
    outer loop
      vertex 112.5 -29.9 2.5
      vertex 108.095 -31.1784 2.5
      vertex 108.38 -31.2751 2.5
    endloop
  endfacet
  facet normal 0 0 1
    outer loop
      vertex 112.5 -29.9 2.5
      vertex 107.8 -31.1197 2.5
      vertex 108.095 -31.1784 2.5
    endloop
  endfacet
  facet normal 0 0 1
    outer loop
      vertex 112.5 -29.9 2.5
      vertex 107.5 -31.1 2.5
      vertex 107.8 -31.1197 2.5
    endloop
  endfacet
  facet normal 0 0 1
    outer loop
      vertex 112.5 -29.9 2.5
      vertex 107.2 -31.1197 2.5
      vertex 107.5 -31.1 2.5
    endloop
  endfacet
  facet normal 0 0 1
    outer loop
      vertex 112.5 -29.9 2.5
      vertex 106.905 -31.1784 2.5
      vertex 107.2 -31.1197 2.5
    endloop
  endfacet
  facet normal 0 0 1
    outer loop
      vertex 105.22 -47.0998 2.5
      vertex 104.5 -45.9 2.5
      vertex 105.2 -47.4 2.5
    endloop
  endfacet
  facet normal 0 0 1
    outer loop
      vertex 105.22 -33.7002 2.5
      vertex 33.5 -45.9 2.5
      vertex 104.5 -45.9 2.5
    endloop
  endfacet
  facet normal 0 0 1
    outer loop
      vertex 32.8 -33.4 2.5
      vertex 105.2 -33.4 2.5
      vertex 105.22 -33.0998 2.5
    endloop
  endfacet
  facet normal 0 0 1
    outer loop
      vertex 32.7803 -33.0998 2.5
      vertex 105.22 -33.0998 2.5
      vertex 105.278 -32.8047 2.5
    endloop
  endfacet
  facet normal 0 0 1
    outer loop
      vertex 32.7216 -32.8047 2.5
      vertex 105.278 -32.8047 2.5
      vertex 105.375 -32.5198 2.5
    endloop
  endfacet
  facet normal 0 0 1
    outer loop
      vertex 32.6249 -32.5198 2.5
      vertex 105.375 -32.5198 2.5
      vertex 105.508 -32.25 2.5
    endloop
  endfacet
  facet normal 0 0 1
    outer loop
      vertex 32.4919 -32.25 2.5
      vertex 105.508 -32.25 2.5
      vertex 105.675 -31.9998 2.5
    endloop
  endfacet
  facet normal 0 0 1
    outer loop
      vertex 32.3247 -31.9998 2.5
      vertex 105.675 -31.9998 2.5
      vertex 105.874 -31.7737 2.5
    endloop
  endfacet
  facet normal 0 0 1
    outer loop
      vertex 32.1263 -31.7737 2.5
      vertex 105.874 -31.7737 2.5
      vertex 106.1 -31.5753 2.5
    endloop
  endfacet
  facet normal 0 0 1
    outer loop
      vertex 31.9002 -31.5753 2.5
      vertex 106.1 -31.5753 2.5
      vertex 106.35 -31.4081 2.5
    endloop
  endfacet
  facet normal 0 0 1
    outer loop
      vertex 31.65 -31.4081 2.5
      vertex 106.35 -31.4081 2.5
      vertex 106.62 -31.2751 2.5
    endloop
  endfacet
  facet normal 0 0 1
    outer loop
      vertex 31.3802 -31.2751 2.5
      vertex 106.62 -31.2751 2.5
      vertex 106.905 -31.1784 2.5
    endloop
  endfacet
  facet normal 0 0 1
    outer loop
      vertex 31.0953 -31.1784 2.5
      vertex 106.905 -31.1784 2.5
      vertex 112.5 -29.9 2.5
    endloop
  endfacet
  facet normal 0 0 1
    outer loop
      vertex 105.22 -33.7002 2.5
      vertex 32.7803 -33.7002 2.5
      vertex 33.5 -45.9 2.5
    endloop
  endfacet
  facet normal 0 0 1
    outer loop
      vertex 32.7803 -33.7002 2.5
      vertex 105.22 -33.7002 2.5
      vertex 32.8 -33.4 2.5
    endloop
  endfacet
  facet normal 0 0 1
    outer loop
      vertex 105.22 -33.0998 2.5
      vertex 32.7803 -33.0998 2.5
      vertex 32.8 -33.4 2.5
    endloop
  endfacet
  facet normal 0 0 1
    outer loop
      vertex 105.278 -32.8047 2.5
      vertex 32.7216 -32.8047 2.5
      vertex 32.7803 -33.0998 2.5
    endloop
  endfacet
  facet normal 0 0 1
    outer loop
      vertex 105.375 -32.5198 2.5
      vertex 32.6249 -32.5198 2.5
      vertex 32.7216 -32.8047 2.5
    endloop
  endfacet
  facet normal 0 0 1
    outer loop
      vertex 105.508 -32.25 2.5
      vertex 32.4919 -32.25 2.5
      vertex 32.6249 -32.5198 2.5
    endloop
  endfacet
  facet normal 0 0 1
    outer loop
      vertex 105.675 -31.9998 2.5
      vertex 32.3247 -31.9998 2.5
      vertex 32.4919 -32.25 2.5
    endloop
  endfacet
  facet normal 0 0 1
    outer loop
      vertex 105.874 -31.7737 2.5
      vertex 32.1263 -31.7737 2.5
      vertex 32.3247 -31.9998 2.5
    endloop
  endfacet
  facet normal 0 0 1
    outer loop
      vertex 106.1 -31.5753 2.5
      vertex 31.9002 -31.5753 2.5
      vertex 32.1263 -31.7737 2.5
    endloop
  endfacet
  facet normal 0 0 1
    outer loop
      vertex 106.35 -31.4081 2.5
      vertex 31.65 -31.4081 2.5
      vertex 31.9002 -31.5753 2.5
    endloop
  endfacet
  facet normal 0 0 1
    outer loop
      vertex 106.62 -31.2751 2.5
      vertex 31.3802 -31.2751 2.5
      vertex 31.65 -31.4081 2.5
    endloop
  endfacet
  facet normal 0 0 1
    outer loop
      vertex 106.905 -31.1784 2.5
      vertex 31.0953 -31.1784 2.5
      vertex 31.3802 -31.2751 2.5
    endloop
  endfacet
  facet normal -0 0 1
    outer loop
      vertex 25.5 -29.9 2.5
      vertex 31.0953 -31.1784 2.5
      vertex 112.5 -29.9 2.5
    endloop
  endfacet
  facet normal 0 0 1
    outer loop
      vertex 31.0953 -31.1784 2.5
      vertex 25.5 -29.9 2.5
      vertex 30.8002 -31.1197 2.5
    endloop
  endfacet
  facet normal 0 0 1
    outer loop
      vertex 25.5 -57.9 2.5
      vertex 28.2197 -47.0998 2.5
      vertex 25.5 -29.9 2.5
    endloop
  endfacet
  facet normal 0 0 1
    outer loop
      vertex 28.3751 -48.2802 2.5
      vertex 28.0278 -53.05 2.5
      vertex 28.1513 -52.8651 2.5
    endloop
  endfacet
  facet normal 0 0 1
    outer loop
      vertex 28.2197 -47.0998 2.5
      vertex 25.5 -57.9 2.5
      vertex 28.2 -47.4 2.5
    endloop
  endfacet
  facet normal 0 0 1
    outer loop
      vertex 28.2784 -47.9953 2.5
      vertex 27.9294 -53.2494 2.5
      vertex 28.0278 -53.05 2.5
    endloop
  endfacet
  facet normal 0 0 1
    outer loop
      vertex 28.2197 -47.7002 2.5
      vertex 27.8579 -53.46 2.5
      vertex 27.9294 -53.2494 2.5
    endloop
  endfacet
  facet normal 0 0 1
    outer loop
      vertex 28.2197 -47.7002 2.5
      vertex 25.5 -57.9 2.5
      vertex 27.8579 -53.46 2.5
    endloop
  endfacet
  facet normal 0 0 1
    outer loop
      vertex 27.8579 -53.46 2.5
      vertex 25.5 -57.9 2.5
      vertex 27.8145 -53.6781 2.5
    endloop
  endfacet
  facet normal 0 0 1
    outer loop
      vertex 28.2197 -33.0998 2.5
      vertex 25.5 -29.9 2.5
      vertex 28.2 -33.4 2.5
    endloop
  endfacet
  facet normal 0 0 1
    outer loop
      vertex 28.2784 -32.8047 2.5
      vertex 25.5 -29.9 2.5
      vertex 28.2197 -33.0998 2.5
    endloop
  endfacet
  facet normal 0 0 1
    outer loop
      vertex 28.3751 -32.5198 2.5
      vertex 25.5 -29.9 2.5
      vertex 28.2784 -32.8047 2.5
    endloop
  endfacet
  facet normal 0 0 1
    outer loop
      vertex 28.5081 -32.25 2.5
      vertex 25.5 -29.9 2.5
      vertex 28.3751 -32.5198 2.5
    endloop
  endfacet
  facet normal 0 0 1
    outer loop
      vertex 28.6753 -31.9998 2.5
      vertex 25.5 -29.9 2.5
      vertex 28.5081 -32.25 2.5
    endloop
  endfacet
  facet normal 0 0 1
    outer loop
      vertex 28.8737 -31.7737 2.5
      vertex 25.5 -29.9 2.5
      vertex 28.6753 -31.9998 2.5
    endloop
  endfacet
  facet normal 0 0 1
    outer loop
      vertex 29.0998 -31.5753 2.5
      vertex 25.5 -29.9 2.5
      vertex 28.8737 -31.7737 2.5
    endloop
  endfacet
  facet normal 0 0 1
    outer loop
      vertex 29.35 -31.4081 2.5
      vertex 25.5 -29.9 2.5
      vertex 29.0998 -31.5753 2.5
    endloop
  endfacet
  facet normal 0 0 1
    outer loop
      vertex 29.6198 -31.2751 2.5
      vertex 25.5 -29.9 2.5
      vertex 29.35 -31.4081 2.5
    endloop
  endfacet
  facet normal 0 0 1
    outer loop
      vertex 29.9047 -31.1784 2.5
      vertex 25.5 -29.9 2.5
      vertex 29.6198 -31.2751 2.5
    endloop
  endfacet
  facet normal 0 0 1
    outer loop
      vertex 30.1998 -31.1197 2.5
      vertex 25.5 -29.9 2.5
      vertex 29.9047 -31.1784 2.5
    endloop
  endfacet
  facet normal 0 0 1
    outer loop
      vertex 30.5 -31.1 2.5
      vertex 25.5 -29.9 2.5
      vertex 30.1998 -31.1197 2.5
    endloop
  endfacet
  facet normal 0 0 1
    outer loop
      vertex 30.8002 -31.1197 2.5
      vertex 25.5 -29.9 2.5
      vertex 30.5 -31.1 2.5
    endloop
  endfacet
  facet normal -0 0 1
    outer loop
      vertex 110.185 -54.1219 2.5
      vertex 112.5 -57.9 2.5
      vertex 110.2 -53.9 2.5
    endloop
  endfacet
  facet normal -0 0 1
    outer loop
      vertex 110.142 -54.34 2.5
      vertex 112.5 -57.9 2.5
      vertex 110.185 -54.1219 2.5
    endloop
  endfacet
  facet normal -0 0 1
    outer loop
      vertex 110.071 -54.5506 2.5
      vertex 112.5 -57.9 2.5
      vertex 110.142 -54.34 2.5
    endloop
  endfacet
  facet normal -0 0 1
    outer loop
      vertex 109.972 -54.75 2.5
      vertex 112.5 -57.9 2.5
      vertex 110.071 -54.5506 2.5
    endloop
  endfacet
  facet normal -0 0 1
    outer loop
      vertex 109.849 -54.9349 2.5
      vertex 112.5 -57.9 2.5
      vertex 109.972 -54.75 2.5
    endloop
  endfacet
  facet normal -0 0 1
    outer loop
      vertex 109.702 -55.1021 2.5
      vertex 112.5 -57.9 2.5
      vertex 109.849 -54.9349 2.5
    endloop
  endfacet
  facet normal -0 0 1
    outer loop
      vertex 109.535 -55.2487 2.5
      vertex 112.5 -57.9 2.5
      vertex 109.702 -55.1021 2.5
    endloop
  endfacet
  facet normal -0 0 1
    outer loop
      vertex 109.35 -55.3722 2.5
      vertex 112.5 -57.9 2.5
      vertex 109.535 -55.2487 2.5
    endloop
  endfacet
  facet normal -0 0 1
    outer loop
      vertex 109.151 -55.4706 2.5
      vertex 112.5 -57.9 2.5
      vertex 109.35 -55.3722 2.5
    endloop
  endfacet
  facet normal -0 0 1
    outer loop
      vertex 108.94 -55.5421 2.5
      vertex 112.5 -57.9 2.5
      vertex 109.151 -55.4706 2.5
    endloop
  endfacet
  facet normal -0 0 1
    outer loop
      vertex 108.722 -55.5855 2.5
      vertex 112.5 -57.9 2.5
      vertex 108.94 -55.5421 2.5
    endloop
  endfacet
  facet normal -0 0 1
    outer loop
      vertex 108.5 -55.6 2.5
      vertex 112.5 -57.9 2.5
      vertex 108.722 -55.5855 2.5
    endloop
  endfacet
  facet normal 0 0 1
    outer loop
      vertex 104.5 -57.9 2.5
      vertex 108.5 -55.6 2.5
      vertex 108.278 -55.5855 2.5
    endloop
  endfacet
  facet normal 0 0 1
    outer loop
      vertex 104.5 -57.9 2.5
      vertex 108.278 -55.5855 2.5
      vertex 108.06 -55.5421 2.5
    endloop
  endfacet
  facet normal 0 0 1
    outer loop
      vertex 104.5 -57.9 2.5
      vertex 108.06 -55.5421 2.5
      vertex 107.849 -55.4706 2.5
    endloop
  endfacet
  facet normal 0 0 1
    outer loop
      vertex 104.5 -57.9 2.5
      vertex 107.849 -55.4706 2.5
      vertex 107.65 -55.3722 2.5
    endloop
  endfacet
  facet normal 0 0 1
    outer loop
      vertex 106.929 -53.2494 2.5
      vertex 105.874 -49.0263 2.5
      vertex 106.858 -53.46 2.5
    endloop
  endfacet
  facet normal 0 0 1
    outer loop
      vertex 105.675 -48.8002 2.5
      vertex 106.858 -53.46 2.5
      vertex 105.874 -49.0263 2.5
    endloop
  endfacet
  facet normal 0 0 1
    outer loop
      vertex 106.858 -53.46 2.5
      vertex 105.675 -48.8002 2.5
      vertex 106.815 -53.6781 2.5
    endloop
  endfacet
  facet normal 0 0 1
    outer loop
      vertex 104.5 -57.9 2.5
      vertex 106.815 -53.6781 2.5
      vertex 105.675 -48.8002 2.5
    endloop
  endfacet
  facet normal 0 0 1
    outer loop
      vertex 106.815 -53.6781 2.5
      vertex 104.5 -57.9 2.5
      vertex 106.8 -53.9 2.5
    endloop
  endfacet
  facet normal 0 0 1
    outer loop
      vertex 106.8 -53.9 2.5
      vertex 104.5 -57.9 2.5
      vertex 106.815 -54.1219 2.5
    endloop
  endfacet
  facet normal 0 0 1
    outer loop
      vertex 104.5 -57.9 2.5
      vertex 105.675 -48.8002 2.5
      vertex 105.508 -48.55 2.5
    endloop
  endfacet
  facet normal 0 0 1
    outer loop
      vertex 104.5 -57.9 2.5
      vertex 105.508 -48.55 2.5
      vertex 105.375 -48.2802 2.5
    endloop
  endfacet
  facet normal 0 0 1
    outer loop
      vertex 104.5 -57.9 2.5
      vertex 105.375 -48.2802 2.5
      vertex 105.278 -47.9953 2.5
    endloop
  endfacet
  facet normal 0 0 1
    outer loop
      vertex 104.5 -45.9 2.5
      vertex 105.22 -47.7002 2.5
      vertex 105.2 -47.4 2.5
    endloop
  endfacet
  facet normal 0 0 1
    outer loop
      vertex 104.5 -45.9 2.5
      vertex 105.278 -47.9953 2.5
      vertex 105.22 -47.7002 2.5
    endloop
  endfacet
  facet normal 0 0 1
    outer loop
      vertex 104.5 -57.9 2.5
      vertex 105.278 -47.9953 2.5
      vertex 104.5 -45.9 2.5
    endloop
  endfacet
  facet normal 0 0 1
    outer loop
      vertex 108.5 -55.6 2.5
      vertex 104.5 -57.9 2.5
      vertex 112.5 -57.9 2.5
    endloop
  endfacet
  facet normal 0 0 1
    outer loop
      vertex 107.465 -55.2487 2.5
      vertex 104.5 -57.9 2.5
      vertex 107.65 -55.3722 2.5
    endloop
  endfacet
  facet normal 0 0 1
    outer loop
      vertex 107.298 -55.1021 2.5
      vertex 104.5 -57.9 2.5
      vertex 107.465 -55.2487 2.5
    endloop
  endfacet
  facet normal 0 0 1
    outer loop
      vertex 107.151 -54.9349 2.5
      vertex 104.5 -57.9 2.5
      vertex 107.298 -55.1021 2.5
    endloop
  endfacet
  facet normal 0 0 1
    outer loop
      vertex 107.028 -54.75 2.5
      vertex 104.5 -57.9 2.5
      vertex 107.151 -54.9349 2.5
    endloop
  endfacet
  facet normal 0 0 1
    outer loop
      vertex 106.929 -54.5506 2.5
      vertex 104.5 -57.9 2.5
      vertex 107.028 -54.75 2.5
    endloop
  endfacet
  facet normal 0 0 1
    outer loop
      vertex 106.858 -54.34 2.5
      vertex 104.5 -57.9 2.5
      vertex 106.929 -54.5506 2.5
    endloop
  endfacet
  facet normal 0 0 1
    outer loop
      vertex 106.815 -54.1219 2.5
      vertex 104.5 -57.9 2.5
      vertex 106.858 -54.34 2.5
    endloop
  endfacet
  facet normal -0 0 1
    outer loop
      vertex 109.722 -47.9953 2.5
      vertex 110.071 -53.2494 2.5
      vertex 109.78 -47.7002 2.5
    endloop
  endfacet
  facet normal 0 0 1
    outer loop
      vertex 110.071 -53.2494 2.5
      vertex 109.722 -47.9953 2.5
      vertex 109.972 -53.05 2.5
    endloop
  endfacet
  facet normal -0 0 1
    outer loop
      vertex 109.625 -48.2802 2.5
      vertex 109.972 -53.05 2.5
      vertex 109.722 -47.9953 2.5
    endloop
  endfacet
  facet normal 0 0 1
    outer loop
      vertex 109.972 -53.05 2.5
      vertex 109.625 -48.2802 2.5
      vertex 109.849 -52.8651 2.5
    endloop
  endfacet
  facet normal -0 0 1
    outer loop
      vertex 109.492 -48.55 2.5
      vertex 109.849 -52.8651 2.5
      vertex 109.625 -48.2802 2.5
    endloop
  endfacet
  facet normal 0 0 1
    outer loop
      vertex 109.849 -52.8651 2.5
      vertex 109.492 -48.55 2.5
      vertex 109.702 -52.6979 2.5
    endloop
  endfacet
  facet normal -0 0 1
    outer loop
      vertex 109.325 -48.8002 2.5
      vertex 109.702 -52.6979 2.5
      vertex 109.492 -48.55 2.5
    endloop
  endfacet
  facet normal 0 0 1
    outer loop
      vertex 109.702 -52.6979 2.5
      vertex 109.325 -48.8002 2.5
      vertex 109.535 -52.5513 2.5
    endloop
  endfacet
  facet normal -0 0 1
    outer loop
      vertex 109.126 -49.0263 2.5
      vertex 109.535 -52.5513 2.5
      vertex 109.325 -48.8002 2.5
    endloop
  endfacet
  facet normal 0 0 1
    outer loop
      vertex 109.535 -52.5513 2.5
      vertex 109.126 -49.0263 2.5
      vertex 109.35 -52.4278 2.5
    endloop
  endfacet
  facet normal -0 0 1
    outer loop
      vertex 108.9 -49.2247 2.5
      vertex 109.35 -52.4278 2.5
      vertex 109.126 -49.0263 2.5
    endloop
  endfacet
  facet normal 0 0 1
    outer loop
      vertex 109.35 -52.4278 2.5
      vertex 108.9 -49.2247 2.5
      vertex 109.151 -52.3294 2.5
    endloop
  endfacet
  facet normal -0 0 1
    outer loop
      vertex 108.65 -49.3919 2.5
      vertex 109.151 -52.3294 2.5
      vertex 108.9 -49.2247 2.5
    endloop
  endfacet
  facet normal 0 0 1
    outer loop
      vertex 109.151 -52.3294 2.5
      vertex 108.65 -49.3919 2.5
      vertex 108.94 -52.2579 2.5
    endloop
  endfacet
  facet normal -0 0 1
    outer loop
      vertex 108.38 -49.5249 2.5
      vertex 108.94 -52.2579 2.5
      vertex 108.65 -49.3919 2.5
    endloop
  endfacet
  facet normal 0 0 1
    outer loop
      vertex 108.94 -52.2579 2.5
      vertex 108.38 -49.5249 2.5
      vertex 108.722 -52.2145 2.5
    endloop
  endfacet
  facet normal 0 0 1
    outer loop
      vertex 108.722 -52.2145 2.5
      vertex 108.38 -49.5249 2.5
      vertex 108.5 -52.2 2.5
    endloop
  endfacet
  facet normal -0 0 1
    outer loop
      vertex 108.095 -49.6216 2.5
      vertex 108.5 -52.2 2.5
      vertex 108.38 -49.5249 2.5
    endloop
  endfacet
  facet normal 0 0 1
    outer loop
      vertex 108.5 -52.2 2.5
      vertex 108.095 -49.6216 2.5
      vertex 108.278 -52.2145 2.5
    endloop
  endfacet
  facet normal -0 0 1
    outer loop
      vertex 107.8 -49.6803 2.5
      vertex 108.278 -52.2145 2.5
      vertex 108.095 -49.6216 2.5
    endloop
  endfacet
  facet normal 0 0 1
    outer loop
      vertex 108.278 -52.2145 2.5
      vertex 107.8 -49.6803 2.5
      vertex 108.06 -52.2579 2.5
    endloop
  endfacet
  facet normal -0 0 1
    outer loop
      vertex 107.5 -49.7 2.5
      vertex 108.06 -52.2579 2.5
      vertex 107.8 -49.6803 2.5
    endloop
  endfacet
  facet normal 0 0 1
    outer loop
      vertex 108.06 -52.2579 2.5
      vertex 107.5 -49.7 2.5
      vertex 107.849 -52.3294 2.5
    endloop
  endfacet
  facet normal 0 0 1
    outer loop
      vertex 107.2 -49.6803 2.5
      vertex 107.849 -52.3294 2.5
      vertex 107.5 -49.7 2.5
    endloop
  endfacet
  facet normal 0 0 1
    outer loop
      vertex 107.849 -52.3294 2.5
      vertex 107.2 -49.6803 2.5
      vertex 107.65 -52.4278 2.5
    endloop
  endfacet
  facet normal 0 0 1
    outer loop
      vertex 106.905 -49.6216 2.5
      vertex 107.65 -52.4278 2.5
      vertex 107.2 -49.6803 2.5
    endloop
  endfacet
  facet normal 0 0 1
    outer loop
      vertex 107.65 -52.4278 2.5
      vertex 106.905 -49.6216 2.5
      vertex 107.465 -52.5513 2.5
    endloop
  endfacet
  facet normal 0 0 1
    outer loop
      vertex 107.465 -52.5513 2.5
      vertex 106.905 -49.6216 2.5
      vertex 107.298 -52.6979 2.5
    endloop
  endfacet
  facet normal 0 0 1
    outer loop
      vertex 106.62 -49.5249 2.5
      vertex 107.298 -52.6979 2.5
      vertex 106.905 -49.6216 2.5
    endloop
  endfacet
  facet normal 0 0 1
    outer loop
      vertex 107.298 -52.6979 2.5
      vertex 106.62 -49.5249 2.5
      vertex 107.151 -52.8651 2.5
    endloop
  endfacet
  facet normal 0 0 1
    outer loop
      vertex 106.35 -49.3919 2.5
      vertex 107.151 -52.8651 2.5
      vertex 106.62 -49.5249 2.5
    endloop
  endfacet
  facet normal 0 0 1
    outer loop
      vertex 107.151 -52.8651 2.5
      vertex 106.35 -49.3919 2.5
      vertex 107.028 -53.05 2.5
    endloop
  endfacet
  facet normal 0 0 1
    outer loop
      vertex 106.1 -49.2247 2.5
      vertex 107.028 -53.05 2.5
      vertex 106.35 -49.3919 2.5
    endloop
  endfacet
  facet normal 0 0 1
    outer loop
      vertex 107.028 -53.05 2.5
      vertex 106.1 -49.2247 2.5
      vertex 106.929 -53.2494 2.5
    endloop
  endfacet
  facet normal 0 0 1
    outer loop
      vertex 105.874 -49.0263 2.5
      vertex 106.929 -53.2494 2.5
      vertex 106.1 -49.2247 2.5
    endloop
  endfacet
  facet normal 0 0 -1
    outer loop
      vertex 31.7074 -47.0765 -5.72205e-07
      vertex 33.5 -45.9 -5.72205e-07
      vertex 31.7393 -47.2368 -5.72205e-07
    endloop
  endfacet
  facet normal 0 0 -1
    outer loop
      vertex 33.5 -45.9 -5.72205e-07
      vertex 31.7393 -33.5632 -5.72205e-07
      vertex 31.75 -33.4 -5.72205e-07
    endloop
  endfacet
  facet normal 0 0 -1
    outer loop
      vertex 31.6549 -46.9216 -5.72205e-07
      vertex 33.5 -45.9 -5.72205e-07
      vertex 31.7074 -47.0765 -5.72205e-07
    endloop
  endfacet
  facet normal 0 0 -1
    outer loop
      vertex 33.5 -45.9 -5.72205e-07
      vertex 31.7074 -33.7235 -5.72205e-07
      vertex 31.7393 -33.5632 -5.72205e-07
    endloop
  endfacet
  facet normal 0 0 -1
    outer loop
      vertex 31.5825 -46.775 -5.72205e-07
      vertex 33.5 -45.9 -5.72205e-07
      vertex 31.6549 -46.9216 -5.72205e-07
    endloop
  endfacet
  facet normal 0 0 -1
    outer loop
      vertex 33.5 -45.9 -5.72205e-07
      vertex 31.6549 -33.8784 -5.72205e-07
      vertex 31.7074 -33.7235 -5.72205e-07
    endloop
  endfacet
  facet normal 0 0 -1
    outer loop
      vertex 31.4917 -46.639 -5.72205e-07
      vertex 33.5 -45.9 -5.72205e-07
      vertex 31.5825 -46.775 -5.72205e-07
    endloop
  endfacet
  facet normal 0 0 -1
    outer loop
      vertex 33.5 -45.9 -5.72205e-07
      vertex 31.5825 -34.025 -5.72205e-07
      vertex 31.6549 -33.8784 -5.72205e-07
    endloop
  endfacet
  facet normal 0 0 -1
    outer loop
      vertex 31.3839 -46.5161 -5.72205e-07
      vertex 33.5 -45.9 -5.72205e-07
      vertex 31.4917 -46.639 -5.72205e-07
    endloop
  endfacet
  facet normal 0 0 -1
    outer loop
      vertex 33.5 -45.9 -5.72205e-07
      vertex 31.4917 -34.1609 -5.72205e-07
      vertex 31.5825 -34.025 -5.72205e-07
    endloop
  endfacet
  facet normal 0 0 -1
    outer loop
      vertex 31.261 -46.4083 -5.72205e-07
      vertex 33.5 -45.9 -5.72205e-07
      vertex 31.3839 -46.5161 -5.72205e-07
    endloop
  endfacet
  facet normal 0 0 -1
    outer loop
      vertex 33.5 -45.9 -5.72205e-07
      vertex 31.3839 -34.2839 -5.72205e-07
      vertex 31.4917 -34.1609 -5.72205e-07
    endloop
  endfacet
  facet normal 0 0 -1
    outer loop
      vertex 31.125 -46.3175 -5.72205e-07
      vertex 33.5 -45.9 -5.72205e-07
      vertex 31.261 -46.4083 -5.72205e-07
    endloop
  endfacet
  facet normal 0 0 -1
    outer loop
      vertex 33.5 -45.9 -5.72205e-07
      vertex 31.261 -34.3917 -5.72205e-07
      vertex 31.3839 -34.2839 -5.72205e-07
    endloop
  endfacet
  facet normal 0 0 -1
    outer loop
      vertex 30.9784 -46.2452 -5.72205e-07
      vertex 33.5 -45.9 -5.72205e-07
      vertex 31.125 -46.3175 -5.72205e-07
    endloop
  endfacet
  facet normal 0 0 -1
    outer loop
      vertex 33.5 -45.9 -5.72205e-07
      vertex 31.125 -34.4825 -5.72205e-07
      vertex 31.261 -34.3917 -5.72205e-07
    endloop
  endfacet
  facet normal 0 0 -1
    outer loop
      vertex 30.8235 -46.1926 -5.72205e-07
      vertex 33.5 -45.9 -5.72205e-07
      vertex 30.9784 -46.2452 -5.72205e-07
    endloop
  endfacet
  facet normal 0 0 -1
    outer loop
      vertex 33.5 -45.9 -5.72205e-07
      vertex 30.9784 -34.5548 -5.72205e-07
      vertex 31.125 -34.4825 -5.72205e-07
    endloop
  endfacet
  facet normal 0 0 -1
    outer loop
      vertex 30.6632 -46.1607 -5.72205e-07
      vertex 33.5 -45.9 -5.72205e-07
      vertex 30.8235 -46.1926 -5.72205e-07
    endloop
  endfacet
  facet normal 0 0 -1
    outer loop
      vertex 33.5 -45.9 -5.72205e-07
      vertex 30.8235 -34.6074 -5.72205e-07
      vertex 30.9784 -34.5548 -5.72205e-07
    endloop
  endfacet
  facet normal 0 0 -1
    outer loop
      vertex 30.6632 -34.6393 -5.72205e-07
      vertex 33.5 -45.9 -5.72205e-07
      vertex 30.6632 -46.1607 -5.72205e-07
    endloop
  endfacet
  facet normal 0 0 -1
    outer loop
      vertex 33.5 -45.9 -5.72205e-07
      vertex 30.6632 -34.6393 -5.72205e-07
      vertex 30.8235 -34.6074 -5.72205e-07
    endloop
  endfacet
  facet normal 0 0 -1
    outer loop
      vertex 30.5 -46.15 -5.72205e-07
      vertex 30.6632 -34.6393 -5.72205e-07
      vertex 30.6632 -46.1607 -5.72205e-07
    endloop
  endfacet
  facet normal 0 0 -1
    outer loop
      vertex 30.5 -46.15 -5.72205e-07
      vertex 30.5 -34.65 -5.72205e-07
      vertex 30.6632 -34.6393 -5.72205e-07
    endloop
  endfacet
  facet normal 0 0 -1
    outer loop
      vertex 30.3368 -46.1607 -5.72205e-07
      vertex 30.5 -34.65 -5.72205e-07
      vertex 30.5 -46.15 -5.72205e-07
    endloop
  endfacet
  facet normal 0 0 -1
    outer loop
      vertex 30.3368 -46.1607 -5.72205e-07
      vertex 30.3368 -34.6393 -5.72205e-07
      vertex 30.5 -34.65 -5.72205e-07
    endloop
  endfacet
  facet normal 0 0 -1
    outer loop
      vertex 30.1765 -46.1926 -5.72205e-07
      vertex 30.3368 -34.6393 -5.72205e-07
      vertex 30.3368 -46.1607 -5.72205e-07
    endloop
  endfacet
  facet normal 0 0 -1
    outer loop
      vertex 30.1765 -46.1926 -5.72205e-07
      vertex 30.1765 -34.6074 -5.72205e-07
      vertex 30.3368 -34.6393 -5.72205e-07
    endloop
  endfacet
  facet normal 0 0 -1
    outer loop
      vertex 30.0216 -46.2452 -5.72205e-07
      vertex 30.1765 -34.6074 -5.72205e-07
      vertex 30.1765 -46.1926 -5.72205e-07
    endloop
  endfacet
  facet normal 0 0 -1
    outer loop
      vertex 30.0216 -46.2452 -5.72205e-07
      vertex 30.0216 -34.5548 -5.72205e-07
      vertex 30.1765 -34.6074 -5.72205e-07
    endloop
  endfacet
  facet normal 0 0 -1
    outer loop
      vertex 29.875 -46.3175 -5.72205e-07
      vertex 30.0216 -34.5548 -5.72205e-07
      vertex 30.0216 -46.2452 -5.72205e-07
    endloop
  endfacet
  facet normal 0 0 -1
    outer loop
      vertex 29.875 -46.3175 -5.72205e-07
      vertex 29.875 -34.4825 -5.72205e-07
      vertex 30.0216 -34.5548 -5.72205e-07
    endloop
  endfacet
  facet normal 0 0 -1
    outer loop
      vertex 29.739 -46.4083 -5.72205e-07
      vertex 29.875 -34.4825 -5.72205e-07
      vertex 29.875 -46.3175 -5.72205e-07
    endloop
  endfacet
  facet normal 0 0 -1
    outer loop
      vertex 29.739 -46.4083 -5.72205e-07
      vertex 29.739 -34.3917 -5.72205e-07
      vertex 29.875 -34.4825 -5.72205e-07
    endloop
  endfacet
  facet normal 0 0 -1
    outer loop
      vertex 29.6161 -46.5161 -5.72205e-07
      vertex 29.739 -34.3917 -5.72205e-07
      vertex 29.739 -46.4083 -5.72205e-07
    endloop
  endfacet
  facet normal 0 0 -1
    outer loop
      vertex 29.6161 -46.5161 -5.72205e-07
      vertex 29.6161 -34.2839 -5.72205e-07
      vertex 29.739 -34.3917 -5.72205e-07
    endloop
  endfacet
  facet normal 0 0 -1
    outer loop
      vertex 29.5083 -46.639 -5.72205e-07
      vertex 29.6161 -34.2839 -5.72205e-07
      vertex 29.6161 -46.5161 -5.72205e-07
    endloop
  endfacet
  facet normal 0 0 -1
    outer loop
      vertex 29.5083 -46.639 -5.72205e-07
      vertex 29.5083 -34.1609 -5.72205e-07
      vertex 29.6161 -34.2839 -5.72205e-07
    endloop
  endfacet
  facet normal 0 0 -1
    outer loop
      vertex 29.4175 -46.775 -5.72205e-07
      vertex 29.5083 -34.1609 -5.72205e-07
      vertex 29.5083 -46.639 -5.72205e-07
    endloop
  endfacet
  facet normal 0 0 -1
    outer loop
      vertex 29.4175 -46.775 -5.72205e-07
      vertex 29.4175 -34.025 -5.72205e-07
      vertex 29.5083 -34.1609 -5.72205e-07
    endloop
  endfacet
  facet normal 0 0 -1
    outer loop
      vertex 25.5 -29.9 -5.72205e-07
      vertex 29.4175 -46.775 -5.72205e-07
      vertex 29.3451 -46.9216 -5.72205e-07
    endloop
  endfacet
  facet normal 0 0 -1
    outer loop
      vertex 29.4175 -46.775 -5.72205e-07
      vertex 25.5 -29.9 -5.72205e-07
      vertex 29.4175 -34.025 -5.72205e-07
    endloop
  endfacet
  facet normal 0 0 -1
    outer loop
      vertex 25.5 -29.9 -5.72205e-07
      vertex 29.3451 -46.9216 -5.72205e-07
      vertex 29.2926 -47.0765 -5.72205e-07
    endloop
  endfacet
  facet normal 0 0 -1
    outer loop
      vertex 29.4175 -34.025 -5.72205e-07
      vertex 25.5 -29.9 -5.72205e-07
      vertex 29.3451 -33.8784 -5.72205e-07
    endloop
  endfacet
  facet normal 0 0 -1
    outer loop
      vertex 25.5 -29.9 -5.72205e-07
      vertex 29.2926 -47.0765 -5.72205e-07
      vertex 29.2607 -47.2368 -5.72205e-07
    endloop
  endfacet
  facet normal 0 0 -1
    outer loop
      vertex 29.3451 -33.8784 -5.72205e-07
      vertex 25.5 -29.9 -5.72205e-07
      vertex 29.2926 -33.7235 -5.72205e-07
    endloop
  endfacet
  facet normal 0 0 -1
    outer loop
      vertex 27.9294 -53.2494 -5.72205e-07
      vertex 29.2607 -47.2368 -5.72205e-07
      vertex 29.25 -47.4 -5.72205e-07
    endloop
  endfacet
  facet normal 0 0 -1
    outer loop
      vertex 29.2926 -33.7235 -5.72205e-07
      vertex 25.5 -29.9 -5.72205e-07
      vertex 29.2607 -33.5632 -5.72205e-07
    endloop
  endfacet
  facet normal 0 0 -1
    outer loop
      vertex 31.1421 -53.46 -5.72205e-07
      vertex 33.5 -45.9 -5.72205e-07
      vertex 33.5 -57.9 -5.72205e-07
    endloop
  endfacet
  facet normal 0 0 -1
    outer loop
      vertex 33.5 -45.9 -5.72205e-07
      vertex 31.7393 -47.5632 -5.72205e-07
      vertex 31.75 -47.4 -5.72205e-07
    endloop
  endfacet
  facet normal 0 0 -1
    outer loop
      vertex 33.5 -45.9 -5.72205e-07
      vertex 31.7074 -47.7235 -5.72205e-07
      vertex 31.7393 -47.5632 -5.72205e-07
    endloop
  endfacet
  facet normal 0 0 -1
    outer loop
      vertex 33.5 -45.9 -5.72205e-07
      vertex 31.6549 -47.8784 -5.72205e-07
      vertex 31.7074 -47.7235 -5.72205e-07
    endloop
  endfacet
  facet normal 0 -0 -1
    outer loop
      vertex 31.5825 -48.025 -5.72205e-07
      vertex 33.5 -45.9 -5.72205e-07
      vertex 31.1421 -53.46 -5.72205e-07
    endloop
  endfacet
  facet normal 0 0 -1
    outer loop
      vertex 33.5 -45.9 -5.72205e-07
      vertex 31.5825 -48.025 -5.72205e-07
      vertex 31.6549 -47.8784 -5.72205e-07
    endloop
  endfacet
  facet normal 0 0 -1
    outer loop
      vertex 31.0706 -53.2494 -5.72205e-07
      vertex 31.5825 -48.025 -5.72205e-07
      vertex 31.1421 -53.46 -5.72205e-07
    endloop
  endfacet
  facet normal 0 0 -1
    outer loop
      vertex 31.5825 -48.025 -5.72205e-07
      vertex 31.0706 -53.2494 -5.72205e-07
      vertex 31.4917 -48.1609 -5.72205e-07
    endloop
  endfacet
  facet normal 0 0 -1
    outer loop
      vertex 31.1855 -53.6781 -5.72205e-07
      vertex 33.5 -57.9 -5.72205e-07
      vertex 31.2 -53.9 -5.72205e-07
    endloop
  endfacet
  facet normal 0 0 -1
    outer loop
      vertex 33.5 -57.9 -5.72205e-07
      vertex 31.1855 -54.1219 -5.72205e-07
      vertex 31.2 -53.9 -5.72205e-07
    endloop
  endfacet
  facet normal 0 0 -1
    outer loop
      vertex 33.5 -57.9 -5.72205e-07
      vertex 31.1421 -54.34 -5.72205e-07
      vertex 31.1855 -54.1219 -5.72205e-07
    endloop
  endfacet
  facet normal 0 0 -1
    outer loop
      vertex 33.5 -57.9 -5.72205e-07
      vertex 31.0706 -54.5506 -5.72205e-07
      vertex 31.1421 -54.34 -5.72205e-07
    endloop
  endfacet
  facet normal 0 0 -1
    outer loop
      vertex 33.5 -57.9 -5.72205e-07
      vertex 30.9722 -54.75 -5.72205e-07
      vertex 31.0706 -54.5506 -5.72205e-07
    endloop
  endfacet
  facet normal 0 0 -1
    outer loop
      vertex 33.5 -57.9 -5.72205e-07
      vertex 30.8487 -54.9349 -5.72205e-07
      vertex 30.9722 -54.75 -5.72205e-07
    endloop
  endfacet
  facet normal 0 0 -1
    outer loop
      vertex 33.5 -57.9 -5.72205e-07
      vertex 30.7021 -55.1021 -5.72205e-07
      vertex 30.8487 -54.9349 -5.72205e-07
    endloop
  endfacet
  facet normal 0 0 -1
    outer loop
      vertex 33.5 -57.9 -5.72205e-07
      vertex 30.5349 -55.2487 -5.72205e-07
      vertex 30.7021 -55.1021 -5.72205e-07
    endloop
  endfacet
  facet normal 0 0 -1
    outer loop
      vertex 33.5 -57.9 -5.72205e-07
      vertex 30.35 -55.3722 -5.72205e-07
      vertex 30.5349 -55.2487 -5.72205e-07
    endloop
  endfacet
  facet normal 0 0 -1
    outer loop
      vertex 33.5 -57.9 -5.72205e-07
      vertex 30.1506 -55.4706 -5.72205e-07
      vertex 30.35 -55.3722 -5.72205e-07
    endloop
  endfacet
  facet normal 0 0 -1
    outer loop
      vertex 33.5 -57.9 -5.72205e-07
      vertex 29.94 -55.5421 -5.72205e-07
      vertex 30.1506 -55.4706 -5.72205e-07
    endloop
  endfacet
  facet normal 0 0 -1
    outer loop
      vertex 33.5 -57.9 -5.72205e-07
      vertex 29.7219 -55.5855 -5.72205e-07
      vertex 29.94 -55.5421 -5.72205e-07
    endloop
  endfacet
  facet normal 0 0 -1
    outer loop
      vertex 33.5 -57.9 -5.72205e-07
      vertex 29.5 -55.6 -5.72205e-07
      vertex 29.7219 -55.5855 -5.72205e-07
    endloop
  endfacet
  facet normal 0 0 -1
    outer loop
      vertex 25.5 -57.9 -5.72205e-07
      vertex 29.5 -55.6 -5.72205e-07
      vertex 33.5 -57.9 -5.72205e-07
    endloop
  endfacet
  facet normal -0 0 -1
    outer loop
      vertex 29.5 -55.6 -5.72205e-07
      vertex 25.5 -57.9 -5.72205e-07
      vertex 29.2781 -55.5855 -5.72205e-07
    endloop
  endfacet
  facet normal -0 0 -1
    outer loop
      vertex 29.2781 -55.5855 -5.72205e-07
      vertex 25.5 -57.9 -5.72205e-07
      vertex 29.06 -55.5421 -5.72205e-07
    endloop
  endfacet
  facet normal -0 0 -1
    outer loop
      vertex 29.06 -55.5421 -5.72205e-07
      vertex 25.5 -57.9 -5.72205e-07
      vertex 28.8494 -55.4706 -5.72205e-07
    endloop
  endfacet
  facet normal -0 0 -1
    outer loop
      vertex 27.8145 -54.1219 -5.72205e-07
      vertex 25.5 -57.9 -5.72205e-07
      vertex 27.8 -53.9 -5.72205e-07
    endloop
  endfacet
  facet normal -0 0 -1
    outer loop
      vertex 27.8579 -54.34 -5.72205e-07
      vertex 25.5 -57.9 -5.72205e-07
      vertex 27.8145 -54.1219 -5.72205e-07
    endloop
  endfacet
  facet normal -0 0 -1
    outer loop
      vertex 27.9294 -54.5506 -5.72205e-07
      vertex 25.5 -57.9 -5.72205e-07
      vertex 27.8579 -54.34 -5.72205e-07
    endloop
  endfacet
  facet normal -0 0 -1
    outer loop
      vertex 28.0278 -54.75 -5.72205e-07
      vertex 25.5 -57.9 -5.72205e-07
      vertex 27.9294 -54.5506 -5.72205e-07
    endloop
  endfacet
  facet normal -0 0 -1
    outer loop
      vertex 28.1513 -54.9349 -5.72205e-07
      vertex 25.5 -57.9 -5.72205e-07
      vertex 28.0278 -54.75 -5.72205e-07
    endloop
  endfacet
  facet normal -0 0 -1
    outer loop
      vertex 28.2979 -55.1021 -5.72205e-07
      vertex 25.5 -57.9 -5.72205e-07
      vertex 28.1513 -54.9349 -5.72205e-07
    endloop
  endfacet
  facet normal -0 0 -1
    outer loop
      vertex 28.4651 -55.2487 -5.72205e-07
      vertex 25.5 -57.9 -5.72205e-07
      vertex 28.2979 -55.1021 -5.72205e-07
    endloop
  endfacet
  facet normal -0 0 -1
    outer loop
      vertex 28.65 -55.3722 -5.72205e-07
      vertex 25.5 -57.9 -5.72205e-07
      vertex 28.4651 -55.2487 -5.72205e-07
    endloop
  endfacet
  facet normal -0 0 -1
    outer loop
      vertex 28.8494 -55.4706 -5.72205e-07
      vertex 25.5 -57.9 -5.72205e-07
      vertex 28.65 -55.3722 -5.72205e-07
    endloop
  endfacet
  facet normal 0 0 -1
    outer loop
      vertex 31.1421 -53.46 -5.72205e-07
      vertex 33.5 -57.9 -5.72205e-07
      vertex 31.1855 -53.6781 -5.72205e-07
    endloop
  endfacet
  facet normal 0 0 -1
    outer loop
      vertex 30.9722 -53.05 -5.72205e-07
      vertex 31.4917 -48.1609 -5.72205e-07
      vertex 31.0706 -53.2494 -5.72205e-07
    endloop
  endfacet
  facet normal 0 0 -1
    outer loop
      vertex 31.4917 -48.1609 -5.72205e-07
      vertex 30.9722 -53.05 -5.72205e-07
      vertex 31.3839 -48.2839 -5.72205e-07
    endloop
  endfacet
  facet normal 0 0 -1
    outer loop
      vertex 30.8487 -52.8651 -5.72205e-07
      vertex 31.3839 -48.2839 -5.72205e-07
      vertex 30.9722 -53.05 -5.72205e-07
    endloop
  endfacet
  facet normal 0 0 -1
    outer loop
      vertex 31.3839 -48.2839 -5.72205e-07
      vertex 30.8487 -52.8651 -5.72205e-07
      vertex 31.261 -48.3917 -5.72205e-07
    endloop
  endfacet
  facet normal 0 0 -1
    outer loop
      vertex 30.7021 -52.6979 -5.72205e-07
      vertex 31.261 -48.3917 -5.72205e-07
      vertex 30.8487 -52.8651 -5.72205e-07
    endloop
  endfacet
  facet normal 0 0 -1
    outer loop
      vertex 31.261 -48.3917 -5.72205e-07
      vertex 30.7021 -52.6979 -5.72205e-07
      vertex 31.125 -48.4825 -5.72205e-07
    endloop
  endfacet
  facet normal 0 0 -1
    outer loop
      vertex 30.5349 -52.5513 -5.72205e-07
      vertex 31.125 -48.4825 -5.72205e-07
      vertex 30.7021 -52.6979 -5.72205e-07
    endloop
  endfacet
  facet normal 0 0 -1
    outer loop
      vertex 31.125 -48.4825 -5.72205e-07
      vertex 30.5349 -52.5513 -5.72205e-07
      vertex 30.9784 -48.5548 -5.72205e-07
    endloop
  endfacet
  facet normal 0 0 -1
    outer loop
      vertex 30.35 -52.4278 -5.72205e-07
      vertex 30.9784 -48.5548 -5.72205e-07
      vertex 30.5349 -52.5513 -5.72205e-07
    endloop
  endfacet
  facet normal 0 0 -1
    outer loop
      vertex 30.9784 -48.5548 -5.72205e-07
      vertex 30.35 -52.4278 -5.72205e-07
      vertex 30.8235 -48.6074 -5.72205e-07
    endloop
  endfacet
  facet normal 0 0 -1
    outer loop
      vertex 30.8235 -48.6074 -5.72205e-07
      vertex 30.35 -52.4278 -5.72205e-07
      vertex 30.6632 -48.6393 -5.72205e-07
    endloop
  endfacet
  facet normal 0 0 -1
    outer loop
      vertex 30.1506 -52.3294 -5.72205e-07
      vertex 30.6632 -48.6393 -5.72205e-07
      vertex 30.35 -52.4278 -5.72205e-07
    endloop
  endfacet
  facet normal 0 0 -1
    outer loop
      vertex 30.6632 -48.6393 -5.72205e-07
      vertex 30.1506 -52.3294 -5.72205e-07
      vertex 30.5 -48.65 -5.72205e-07
    endloop
  endfacet
  facet normal 0 0 -1
    outer loop
      vertex 29.94 -52.2579 -5.72205e-07
      vertex 30.5 -48.65 -5.72205e-07
      vertex 30.1506 -52.3294 -5.72205e-07
    endloop
  endfacet
  facet normal -0 0 -1
    outer loop
      vertex 30.5 -48.65 -5.72205e-07
      vertex 29.94 -52.2579 -5.72205e-07
      vertex 30.3368 -48.6393 -5.72205e-07
    endloop
  endfacet
  facet normal 0 0 -1
    outer loop
      vertex 29.7219 -52.2145 -5.72205e-07
      vertex 30.3368 -48.6393 -5.72205e-07
      vertex 29.94 -52.2579 -5.72205e-07
    endloop
  endfacet
  facet normal -0 0 -1
    outer loop
      vertex 30.3368 -48.6393 -5.72205e-07
      vertex 29.7219 -52.2145 -5.72205e-07
      vertex 30.1765 -48.6074 -5.72205e-07
    endloop
  endfacet
  facet normal 0 0 -1
    outer loop
      vertex 29.5 -52.2 -5.72205e-07
      vertex 30.1765 -48.6074 -5.72205e-07
      vertex 29.7219 -52.2145 -5.72205e-07
    endloop
  endfacet
  facet normal -0 0 -1
    outer loop
      vertex 30.1765 -48.6074 -5.72205e-07
      vertex 29.5 -52.2 -5.72205e-07
      vertex 30.0216 -48.5548 -5.72205e-07
    endloop
  endfacet
  facet normal 0 0 -1
    outer loop
      vertex 29.2781 -52.2145 -5.72205e-07
      vertex 30.0216 -48.5548 -5.72205e-07
      vertex 29.5 -52.2 -5.72205e-07
    endloop
  endfacet
  facet normal -0 0 -1
    outer loop
      vertex 30.0216 -48.5548 -5.72205e-07
      vertex 29.2781 -52.2145 -5.72205e-07
      vertex 29.875 -48.4825 -5.72205e-07
    endloop
  endfacet
  facet normal 0 0 -1
    outer loop
      vertex 29.06 -52.2579 -5.72205e-07
      vertex 29.875 -48.4825 -5.72205e-07
      vertex 29.2781 -52.2145 -5.72205e-07
    endloop
  endfacet
  facet normal -0 0 -1
    outer loop
      vertex 29.875 -48.4825 -5.72205e-07
      vertex 29.06 -52.2579 -5.72205e-07
      vertex 29.739 -48.3917 -5.72205e-07
    endloop
  endfacet
  facet normal 0 0 -1
    outer loop
      vertex 28.8494 -52.3294 -5.72205e-07
      vertex 29.739 -48.3917 -5.72205e-07
      vertex 29.06 -52.2579 -5.72205e-07
    endloop
  endfacet
  facet normal -0 0 -1
    outer loop
      vertex 29.739 -48.3917 -5.72205e-07
      vertex 28.8494 -52.3294 -5.72205e-07
      vertex 29.6161 -48.2839 -5.72205e-07
    endloop
  endfacet
  facet normal -0 0 -1
    outer loop
      vertex 29.6161 -48.2839 -5.72205e-07
      vertex 28.8494 -52.3294 -5.72205e-07
      vertex 29.5083 -48.1609 -5.72205e-07
    endloop
  endfacet
  facet normal 0 0 -1
    outer loop
      vertex 28.65 -52.4278 -5.72205e-07
      vertex 29.5083 -48.1609 -5.72205e-07
      vertex 28.8494 -52.3294 -5.72205e-07
    endloop
  endfacet
  facet normal -0 0 -1
    outer loop
      vertex 29.5083 -48.1609 -5.72205e-07
      vertex 28.65 -52.4278 -5.72205e-07
      vertex 29.4175 -48.025 -5.72205e-07
    endloop
  endfacet
  facet normal 0 0 -1
    outer loop
      vertex 28.4651 -52.5513 -5.72205e-07
      vertex 29.4175 -48.025 -5.72205e-07
      vertex 28.65 -52.4278 -5.72205e-07
    endloop
  endfacet
  facet normal 0 0 -1
    outer loop
      vertex 28.2979 -52.6979 -5.72205e-07
      vertex 29.3451 -47.8784 -5.72205e-07
      vertex 28.4651 -52.5513 -5.72205e-07
    endloop
  endfacet
  facet normal -0 0 -1
    outer loop
      vertex 29.4175 -48.025 -5.72205e-07
      vertex 28.4651 -52.5513 -5.72205e-07
      vertex 29.3451 -47.8784 -5.72205e-07
    endloop
  endfacet
  facet normal 0 0 -1
    outer loop
      vertex 108.707 -47.0765 -5.72205e-07
      vertex 112.5 -29.9 -5.72205e-07
      vertex 108.739 -47.2368 -5.72205e-07
    endloop
  endfacet
  facet normal 0 0 -1
    outer loop
      vertex 112.5 -29.9 -5.72205e-07
      vertex 108.739 -33.5632 -5.72205e-07
      vertex 108.75 -33.4 -5.72205e-07
    endloop
  endfacet
  facet normal 0 0 -1
    outer loop
      vertex 108.655 -46.9216 -5.72205e-07
      vertex 112.5 -29.9 -5.72205e-07
      vertex 108.707 -47.0765 -5.72205e-07
    endloop
  endfacet
  facet normal 0 0 -1
    outer loop
      vertex 112.5 -29.9 -5.72205e-07
      vertex 108.707 -33.7235 -5.72205e-07
      vertex 108.739 -33.5632 -5.72205e-07
    endloop
  endfacet
  facet normal 0 0 -1
    outer loop
      vertex 108.583 -46.775 -5.72205e-07
      vertex 112.5 -29.9 -5.72205e-07
      vertex 108.655 -46.9216 -5.72205e-07
    endloop
  endfacet
  facet normal 0 0 -1
    outer loop
      vertex 112.5 -29.9 -5.72205e-07
      vertex 108.655 -33.8784 -5.72205e-07
      vertex 108.707 -33.7235 -5.72205e-07
    endloop
  endfacet
  facet normal 0 0 -1
    outer loop
      vertex 108.583 -34.025 -5.72205e-07
      vertex 112.5 -29.9 -5.72205e-07
      vertex 108.583 -46.775 -5.72205e-07
    endloop
  endfacet
  facet normal 0 0 -1
    outer loop
      vertex 112.5 -29.9 -5.72205e-07
      vertex 108.583 -34.025 -5.72205e-07
      vertex 108.655 -33.8784 -5.72205e-07
    endloop
  endfacet
  facet normal 0 0 -1
    outer loop
      vertex 108.492 -46.639 -5.72205e-07
      vertex 108.583 -34.025 -5.72205e-07
      vertex 108.583 -46.775 -5.72205e-07
    endloop
  endfacet
  facet normal 0 0 -1
    outer loop
      vertex 108.492 -46.639 -5.72205e-07
      vertex 108.492 -34.1609 -5.72205e-07
      vertex 108.583 -34.025 -5.72205e-07
    endloop
  endfacet
  facet normal 0 0 -1
    outer loop
      vertex 108.384 -46.5161 -5.72205e-07
      vertex 108.492 -34.1609 -5.72205e-07
      vertex 108.492 -46.639 -5.72205e-07
    endloop
  endfacet
  facet normal 0 0 -1
    outer loop
      vertex 108.384 -46.5161 -5.72205e-07
      vertex 108.384 -34.2839 -5.72205e-07
      vertex 108.492 -34.1609 -5.72205e-07
    endloop
  endfacet
  facet normal 0 0 -1
    outer loop
      vertex 108.261 -46.4083 -5.72205e-07
      vertex 108.384 -34.2839 -5.72205e-07
      vertex 108.384 -46.5161 -5.72205e-07
    endloop
  endfacet
  facet normal 0 0 -1
    outer loop
      vertex 108.261 -46.4083 -5.72205e-07
      vertex 108.261 -34.3917 -5.72205e-07
      vertex 108.384 -34.2839 -5.72205e-07
    endloop
  endfacet
  facet normal 0 0 -1
    outer loop
      vertex 108.125 -46.3175 -5.72205e-07
      vertex 108.261 -34.3917 -5.72205e-07
      vertex 108.261 -46.4083 -5.72205e-07
    endloop
  endfacet
  facet normal 0 0 -1
    outer loop
      vertex 108.125 -46.3175 -5.72205e-07
      vertex 108.125 -34.4825 -5.72205e-07
      vertex 108.261 -34.3917 -5.72205e-07
    endloop
  endfacet
  facet normal 0 0 -1
    outer loop
      vertex 107.978 -46.2452 -5.72205e-07
      vertex 108.125 -34.4825 -5.72205e-07
      vertex 108.125 -46.3175 -5.72205e-07
    endloop
  endfacet
  facet normal 0 0 -1
    outer loop
      vertex 107.978 -46.2452 -5.72205e-07
      vertex 107.978 -34.5548 -5.72205e-07
      vertex 108.125 -34.4825 -5.72205e-07
    endloop
  endfacet
  facet normal 0 0 -1
    outer loop
      vertex 107.824 -46.1926 -5.72205e-07
      vertex 107.978 -34.5548 -5.72205e-07
      vertex 107.978 -46.2452 -5.72205e-07
    endloop
  endfacet
  facet normal 0 0 -1
    outer loop
      vertex 107.824 -46.1926 -5.72205e-07
      vertex 107.824 -34.6074 -5.72205e-07
      vertex 107.978 -34.5548 -5.72205e-07
    endloop
  endfacet
  facet normal 0 0 -1
    outer loop
      vertex 107.663 -46.1607 -5.72205e-07
      vertex 107.824 -34.6074 -5.72205e-07
      vertex 107.824 -46.1926 -5.72205e-07
    endloop
  endfacet
  facet normal 0 0 -1
    outer loop
      vertex 107.663 -46.1607 -5.72205e-07
      vertex 107.663 -34.6393 -5.72205e-07
      vertex 107.824 -34.6074 -5.72205e-07
    endloop
  endfacet
  facet normal 0 0 -1
    outer loop
      vertex 107.5 -46.15 -5.72205e-07
      vertex 107.663 -34.6393 -5.72205e-07
      vertex 107.663 -46.1607 -5.72205e-07
    endloop
  endfacet
  facet normal 0 0 -1
    outer loop
      vertex 107.5 -46.15 -5.72205e-07
      vertex 107.5 -34.65 -5.72205e-07
      vertex 107.663 -34.6393 -5.72205e-07
    endloop
  endfacet
  facet normal 0 0 -1
    outer loop
      vertex 107.337 -46.1607 -5.72205e-07
      vertex 107.5 -34.65 -5.72205e-07
      vertex 107.5 -46.15 -5.72205e-07
    endloop
  endfacet
  facet normal 0 0 -1
    outer loop
      vertex 107.337 -46.1607 -5.72205e-07
      vertex 107.337 -34.6393 -5.72205e-07
      vertex 107.5 -34.65 -5.72205e-07
    endloop
  endfacet
  facet normal 0 0 -1
    outer loop
      vertex 104.5 -45.9 -5.72205e-07
      vertex 107.337 -46.1607 -5.72205e-07
      vertex 107.176 -46.1926 -5.72205e-07
    endloop
  endfacet
  facet normal 0 0 -1
    outer loop
      vertex 107.337 -46.1607 -5.72205e-07
      vertex 104.5 -45.9 -5.72205e-07
      vertex 107.337 -34.6393 -5.72205e-07
    endloop
  endfacet
  facet normal 0 0 -1
    outer loop
      vertex 104.5 -45.9 -5.72205e-07
      vertex 107.176 -46.1926 -5.72205e-07
      vertex 107.022 -46.2452 -5.72205e-07
    endloop
  endfacet
  facet normal -0 0 -1
    outer loop
      vertex 107.337 -34.6393 -5.72205e-07
      vertex 104.5 -45.9 -5.72205e-07
      vertex 107.176 -34.6074 -5.72205e-07
    endloop
  endfacet
  facet normal 0 0 -1
    outer loop
      vertex 104.5 -45.9 -5.72205e-07
      vertex 107.022 -46.2452 -5.72205e-07
      vertex 106.875 -46.3175 -5.72205e-07
    endloop
  endfacet
  facet normal -0 0 -1
    outer loop
      vertex 107.176 -34.6074 -5.72205e-07
      vertex 104.5 -45.9 -5.72205e-07
      vertex 107.022 -34.5548 -5.72205e-07
    endloop
  endfacet
  facet normal 0 0 -1
    outer loop
      vertex 104.5 -45.9 -5.72205e-07
      vertex 106.875 -46.3175 -5.72205e-07
      vertex 106.739 -46.4083 -5.72205e-07
    endloop
  endfacet
  facet normal -0 0 -1
    outer loop
      vertex 107.022 -34.5548 -5.72205e-07
      vertex 104.5 -45.9 -5.72205e-07
      vertex 106.875 -34.4825 -5.72205e-07
    endloop
  endfacet
  facet normal 0 0 -1
    outer loop
      vertex 104.5 -45.9 -5.72205e-07
      vertex 106.739 -46.4083 -5.72205e-07
      vertex 106.616 -46.5161 -5.72205e-07
    endloop
  endfacet
  facet normal -0 0 -1
    outer loop
      vertex 106.875 -34.4825 -5.72205e-07
      vertex 104.5 -45.9 -5.72205e-07
      vertex 106.739 -34.3917 -5.72205e-07
    endloop
  endfacet
  facet normal 0 0 -1
    outer loop
      vertex 104.5 -45.9 -5.72205e-07
      vertex 106.616 -46.5161 -5.72205e-07
      vertex 106.508 -46.639 -5.72205e-07
    endloop
  endfacet
  facet normal -0 0 -1
    outer loop
      vertex 106.739 -34.3917 -5.72205e-07
      vertex 104.5 -45.9 -5.72205e-07
      vertex 106.616 -34.2839 -5.72205e-07
    endloop
  endfacet
  facet normal 0 0 -1
    outer loop
      vertex 104.5 -45.9 -5.72205e-07
      vertex 106.508 -46.639 -5.72205e-07
      vertex 106.417 -46.775 -5.72205e-07
    endloop
  endfacet
  facet normal -0 0 -1
    outer loop
      vertex 106.616 -34.2839 -5.72205e-07
      vertex 104.5 -45.9 -5.72205e-07
      vertex 106.508 -34.1609 -5.72205e-07
    endloop
  endfacet
  facet normal 0 0 -1
    outer loop
      vertex 104.5 -45.9 -5.72205e-07
      vertex 106.417 -46.775 -5.72205e-07
      vertex 106.345 -46.9216 -5.72205e-07
    endloop
  endfacet
  facet normal -0 0 -1
    outer loop
      vertex 106.508 -34.1609 -5.72205e-07
      vertex 104.5 -45.9 -5.72205e-07
      vertex 106.417 -34.025 -5.72205e-07
    endloop
  endfacet
  facet normal 0 0 -1
    outer loop
      vertex 104.5 -45.9 -5.72205e-07
      vertex 106.345 -46.9216 -5.72205e-07
      vertex 106.293 -47.0765 -5.72205e-07
    endloop
  endfacet
  facet normal -0 0 -1
    outer loop
      vertex 106.417 -34.025 -5.72205e-07
      vertex 104.5 -45.9 -5.72205e-07
      vertex 106.345 -33.8784 -5.72205e-07
    endloop
  endfacet
  facet normal 0 0 -1
    outer loop
      vertex 104.5 -45.9 -5.72205e-07
      vertex 106.293 -47.0765 -5.72205e-07
      vertex 106.261 -47.2368 -5.72205e-07
    endloop
  endfacet
  facet normal -0 0 -1
    outer loop
      vertex 106.345 -33.8784 -5.72205e-07
      vertex 104.5 -45.9 -5.72205e-07
      vertex 106.293 -33.7235 -5.72205e-07
    endloop
  endfacet
  facet normal 0 0 -1
    outer loop
      vertex 104.5 -45.9 -5.72205e-07
      vertex 106.261 -47.2368 -5.72205e-07
      vertex 106.25 -47.4 -5.72205e-07
    endloop
  endfacet
  facet normal -0 0 -1
    outer loop
      vertex 106.293 -33.7235 -5.72205e-07
      vertex 104.5 -45.9 -5.72205e-07
      vertex 106.261 -33.5632 -5.72205e-07
    endloop
  endfacet
  facet normal 0 0 -1
    outer loop
      vertex 109.972 -53.05 -5.72205e-07
      vertex 108.739 -47.5632 -5.72205e-07
      vertex 108.75 -47.4 -5.72205e-07
    endloop
  endfacet
  facet normal 0 0 -1
    outer loop
      vertex 108.125 -48.4825 -5.72205e-07
      vertex 108.94 -52.2579 -5.72205e-07
      vertex 108.722 -52.2145 -5.72205e-07
    endloop
  endfacet
  facet normal 0 0 -1
    outer loop
      vertex 109.151 -52.3294 -5.72205e-07
      vertex 108.707 -47.7235 -5.72205e-07
      vertex 108.739 -47.5632 -5.72205e-07
    endloop
  endfacet
  facet normal 0 0 -1
    outer loop
      vertex 109.151 -52.3294 -5.72205e-07
      vertex 108.655 -47.8784 -5.72205e-07
      vertex 108.707 -47.7235 -5.72205e-07
    endloop
  endfacet
  facet normal 0 0 -1
    outer loop
      vertex 109.151 -52.3294 -5.72205e-07
      vertex 108.583 -48.025 -5.72205e-07
      vertex 108.655 -47.8784 -5.72205e-07
    endloop
  endfacet
  facet normal 0 0 -1
    outer loop
      vertex 107.978 -48.5548 -5.72205e-07
      vertex 108.722 -52.2145 -5.72205e-07
      vertex 108.5 -52.2 -5.72205e-07
    endloop
  endfacet
  facet normal 0 0 -1
    outer loop
      vertex 109.151 -52.3294 -5.72205e-07
      vertex 108.492 -48.1609 -5.72205e-07
      vertex 108.583 -48.025 -5.72205e-07
    endloop
  endfacet
  facet normal 0 0 -1
    outer loop
      vertex 109.151 -52.3294 -5.72205e-07
      vertex 108.384 -48.2839 -5.72205e-07
      vertex 108.492 -48.1609 -5.72205e-07
    endloop
  endfacet
  facet normal 0 0 -1
    outer loop
      vertex 107.824 -48.6074 -5.72205e-07
      vertex 108.5 -52.2 -5.72205e-07
      vertex 108.278 -52.2145 -5.72205e-07
    endloop
  endfacet
  facet normal 0 0 -1
    outer loop
      vertex 109.151 -52.3294 -5.72205e-07
      vertex 108.261 -48.3917 -5.72205e-07
      vertex 108.384 -48.2839 -5.72205e-07
    endloop
  endfacet
  facet normal 0 0 -1
    outer loop
      vertex 108.94 -52.2579 -5.72205e-07
      vertex 108.125 -48.4825 -5.72205e-07
      vertex 108.261 -48.3917 -5.72205e-07
    endloop
  endfacet
  facet normal 0 0 -1
    outer loop
      vertex 107.663 -48.6393 -5.72205e-07
      vertex 108.278 -52.2145 -5.72205e-07
      vertex 108.06 -52.2579 -5.72205e-07
    endloop
  endfacet
  facet normal 0 0 -1
    outer loop
      vertex 108.722 -52.2145 -5.72205e-07
      vertex 107.978 -48.5548 -5.72205e-07
      vertex 108.125 -48.4825 -5.72205e-07
    endloop
  endfacet
  facet normal 0 0 -1
    outer loop
      vertex 107.5 -48.65 -5.72205e-07
      vertex 108.06 -52.2579 -5.72205e-07
      vertex 107.849 -52.3294 -5.72205e-07
    endloop
  endfacet
  facet normal 0 0 -1
    outer loop
      vertex 108.5 -52.2 -5.72205e-07
      vertex 107.824 -48.6074 -5.72205e-07
      vertex 107.978 -48.5548 -5.72205e-07
    endloop
  endfacet
  facet normal 0 0 -1
    outer loop
      vertex 108.278 -52.2145 -5.72205e-07
      vertex 107.663 -48.6393 -5.72205e-07
      vertex 107.824 -48.6074 -5.72205e-07
    endloop
  endfacet
  facet normal 0 0 -1
    outer loop
      vertex 107.337 -48.6393 -5.72205e-07
      vertex 107.849 -52.3294 -5.72205e-07
      vertex 107.65 -52.4278 -5.72205e-07
    endloop
  endfacet
  facet normal 0 0 -1
    outer loop
      vertex 108.06 -52.2579 -5.72205e-07
      vertex 107.5 -48.65 -5.72205e-07
      vertex 107.663 -48.6393 -5.72205e-07
    endloop
  endfacet
  facet normal 0 0 -1
    outer loop
      vertex 107.022 -48.5548 -5.72205e-07
      vertex 107.65 -52.4278 -5.72205e-07
      vertex 107.465 -52.5513 -5.72205e-07
    endloop
  endfacet
  facet normal 0 0 -1
    outer loop
      vertex 107.849 -52.3294 -5.72205e-07
      vertex 107.337 -48.6393 -5.72205e-07
      vertex 107.5 -48.65 -5.72205e-07
    endloop
  endfacet
  facet normal 0 0 -1
    outer loop
      vertex 106.875 -48.4825 -5.72205e-07
      vertex 107.465 -52.5513 -5.72205e-07
      vertex 107.298 -52.6979 -5.72205e-07
    endloop
  endfacet
  facet normal 0 0 -1
    outer loop
      vertex 107.65 -52.4278 -5.72205e-07
      vertex 107.176 -48.6074 -5.72205e-07
      vertex 107.337 -48.6393 -5.72205e-07
    endloop
  endfacet
  facet normal 0 0 -1
    outer loop
      vertex 106.739 -48.3917 -5.72205e-07
      vertex 107.298 -52.6979 -5.72205e-07
      vertex 107.151 -52.8651 -5.72205e-07
    endloop
  endfacet
  facet normal 0 0 -1
    outer loop
      vertex 106.616 -48.2839 -5.72205e-07
      vertex 107.151 -52.8651 -5.72205e-07
      vertex 107.028 -53.05 -5.72205e-07
    endloop
  endfacet
  facet normal 0 0 -1
    outer loop
      vertex 107.65 -52.4278 -5.72205e-07
      vertex 107.022 -48.5548 -5.72205e-07
      vertex 107.176 -48.6074 -5.72205e-07
    endloop
  endfacet
  facet normal 0 0 -1
    outer loop
      vertex 106.508 -48.1609 -5.72205e-07
      vertex 107.028 -53.05 -5.72205e-07
      vertex 106.929 -53.2494 -5.72205e-07
    endloop
  endfacet
  facet normal 0 0 -1
    outer loop
      vertex 107.465 -52.5513 -5.72205e-07
      vertex 106.875 -48.4825 -5.72205e-07
      vertex 107.022 -48.5548 -5.72205e-07
    endloop
  endfacet
  facet normal 0 0 -1
    outer loop
      vertex 106.417 -48.025 -5.72205e-07
      vertex 106.929 -53.2494 -5.72205e-07
      vertex 106.858 -53.46 -5.72205e-07
    endloop
  endfacet
  facet normal 0 0 -1
    outer loop
      vertex 104.5 -45.9 -5.72205e-07
      vertex 106.858 -53.46 -5.72205e-07
      vertex 106.815 -53.6781 -5.72205e-07
    endloop
  endfacet
  facet normal 0 0 -1
    outer loop
      vertex 104.5 -57.9 -5.72205e-07
      vertex 106.815 -53.6781 -5.72205e-07
      vertex 106.8 -53.9 -5.72205e-07
    endloop
  endfacet
  facet normal 0 0 -1
    outer loop
      vertex 107.298 -52.6979 -5.72205e-07
      vertex 106.739 -48.3917 -5.72205e-07
      vertex 106.875 -48.4825 -5.72205e-07
    endloop
  endfacet
  facet normal 0 0 -1
    outer loop
      vertex 110.185 -53.6781 -5.72205e-07
      vertex 112.5 -57.9 -5.72205e-07
      vertex 110.2 -53.9 -5.72205e-07
    endloop
  endfacet
  facet normal 0 0 -1
    outer loop
      vertex 112.5 -57.9 -5.72205e-07
      vertex 110.185 -54.1219 -5.72205e-07
      vertex 110.2 -53.9 -5.72205e-07
    endloop
  endfacet
  facet normal 0 0 -1
    outer loop
      vertex 112.5 -57.9 -5.72205e-07
      vertex 110.142 -54.34 -5.72205e-07
      vertex 110.185 -54.1219 -5.72205e-07
    endloop
  endfacet
  facet normal 0 0 -1
    outer loop
      vertex 112.5 -57.9 -5.72205e-07
      vertex 110.071 -54.5506 -5.72205e-07
      vertex 110.142 -54.34 -5.72205e-07
    endloop
  endfacet
  facet normal 0 0 -1
    outer loop
      vertex 112.5 -57.9 -5.72205e-07
      vertex 109.972 -54.75 -5.72205e-07
      vertex 110.071 -54.5506 -5.72205e-07
    endloop
  endfacet
  facet normal 0 0 -1
    outer loop
      vertex 112.5 -57.9 -5.72205e-07
      vertex 109.849 -54.9349 -5.72205e-07
      vertex 109.972 -54.75 -5.72205e-07
    endloop
  endfacet
  facet normal 0 0 -1
    outer loop
      vertex 112.5 -57.9 -5.72205e-07
      vertex 109.702 -55.1021 -5.72205e-07
      vertex 109.849 -54.9349 -5.72205e-07
    endloop
  endfacet
  facet normal 0 0 -1
    outer loop
      vertex 112.5 -57.9 -5.72205e-07
      vertex 109.535 -55.2487 -5.72205e-07
      vertex 109.702 -55.1021 -5.72205e-07
    endloop
  endfacet
  facet normal 0 0 -1
    outer loop
      vertex 112.5 -57.9 -5.72205e-07
      vertex 109.35 -55.3722 -5.72205e-07
      vertex 109.535 -55.2487 -5.72205e-07
    endloop
  endfacet
  facet normal 0 0 -1
    outer loop
      vertex 112.5 -57.9 -5.72205e-07
      vertex 109.151 -55.4706 -5.72205e-07
      vertex 109.35 -55.3722 -5.72205e-07
    endloop
  endfacet
  facet normal 0 0 -1
    outer loop
      vertex 112.5 -57.9 -5.72205e-07
      vertex 108.94 -55.5421 -5.72205e-07
      vertex 109.151 -55.4706 -5.72205e-07
    endloop
  endfacet
  facet normal 0 0 -1
    outer loop
      vertex 112.5 -57.9 -5.72205e-07
      vertex 108.722 -55.5855 -5.72205e-07
      vertex 108.94 -55.5421 -5.72205e-07
    endloop
  endfacet
  facet normal 0 0 -1
    outer loop
      vertex 112.5 -57.9 -5.72205e-07
      vertex 108.5 -55.6 -5.72205e-07
      vertex 108.722 -55.5855 -5.72205e-07
    endloop
  endfacet
  facet normal 0 0 -1
    outer loop
      vertex 104.5 -57.9 -5.72205e-07
      vertex 108.5 -55.6 -5.72205e-07
      vertex 112.5 -57.9 -5.72205e-07
    endloop
  endfacet
  facet normal -0 0 -1
    outer loop
      vertex 108.5 -55.6 -5.72205e-07
      vertex 104.5 -57.9 -5.72205e-07
      vertex 108.278 -55.5855 -5.72205e-07
    endloop
  endfacet
  facet normal -0 0 -1
    outer loop
      vertex 108.278 -55.5855 -5.72205e-07
      vertex 104.5 -57.9 -5.72205e-07
      vertex 108.06 -55.5421 -5.72205e-07
    endloop
  endfacet
  facet normal -0 0 -1
    outer loop
      vertex 108.06 -55.5421 -5.72205e-07
      vertex 104.5 -57.9 -5.72205e-07
      vertex 107.849 -55.4706 -5.72205e-07
    endloop
  endfacet
  facet normal 0 0 -1
    outer loop
      vertex 107.151 -52.8651 -5.72205e-07
      vertex 106.616 -48.2839 -5.72205e-07
      vertex 106.739 -48.3917 -5.72205e-07
    endloop
  endfacet
  facet normal 0 0 -1
    outer loop
      vertex 107.028 -53.05 -5.72205e-07
      vertex 106.508 -48.1609 -5.72205e-07
      vertex 106.616 -48.2839 -5.72205e-07
    endloop
  endfacet
  facet normal 0 0 -1
    outer loop
      vertex 106.929 -53.2494 -5.72205e-07
      vertex 106.417 -48.025 -5.72205e-07
      vertex 106.508 -48.1609 -5.72205e-07
    endloop
  endfacet
  facet normal 0 0 -1
    outer loop
      vertex 106.858 -53.46 -5.72205e-07
      vertex 104.5 -45.9 -5.72205e-07
      vertex 106.417 -48.025 -5.72205e-07
    endloop
  endfacet
  facet normal 0 0 -1
    outer loop
      vertex 104.5 -57.9 -5.72205e-07
      vertex 106.8 -53.9 -5.72205e-07
      vertex 106.815 -54.1219 -5.72205e-07
    endloop
  endfacet
  facet normal 0 0 -1
    outer loop
      vertex 106.417 -48.025 -5.72205e-07
      vertex 104.5 -45.9 -5.72205e-07
      vertex 106.345 -47.8784 -5.72205e-07
    endloop
  endfacet
  facet normal 0 0 -1
    outer loop
      vertex 106.345 -47.8784 -5.72205e-07
      vertex 104.5 -45.9 -5.72205e-07
      vertex 106.293 -47.7235 -5.72205e-07
    endloop
  endfacet
  facet normal 0 0 -1
    outer loop
      vertex 106.261 -47.5632 -5.72205e-07
      vertex 104.5 -45.9 -5.72205e-07
      vertex 106.25 -47.4 -5.72205e-07
    endloop
  endfacet
  facet normal 0 0 -1
    outer loop
      vertex 106.293 -47.7235 -5.72205e-07
      vertex 104.5 -45.9 -5.72205e-07
      vertex 106.261 -47.5632 -5.72205e-07
    endloop
  endfacet
  facet normal -0 0 -1
    outer loop
      vertex 106.815 -53.6781 -5.72205e-07
      vertex 104.5 -57.9 -5.72205e-07
      vertex 104.5 -45.9 -5.72205e-07
    endloop
  endfacet
  facet normal -0 0 -1
    outer loop
      vertex 106.858 -54.34 -5.72205e-07
      vertex 104.5 -57.9 -5.72205e-07
      vertex 106.815 -54.1219 -5.72205e-07
    endloop
  endfacet
  facet normal -0 0 -1
    outer loop
      vertex 106.929 -54.5506 -5.72205e-07
      vertex 104.5 -57.9 -5.72205e-07
      vertex 106.858 -54.34 -5.72205e-07
    endloop
  endfacet
  facet normal -0 0 -1
    outer loop
      vertex 107.028 -54.75 -5.72205e-07
      vertex 104.5 -57.9 -5.72205e-07
      vertex 106.929 -54.5506 -5.72205e-07
    endloop
  endfacet
  facet normal -0 0 -1
    outer loop
      vertex 107.151 -54.9349 -5.72205e-07
      vertex 104.5 -57.9 -5.72205e-07
      vertex 107.028 -54.75 -5.72205e-07
    endloop
  endfacet
  facet normal -0 0 -1
    outer loop
      vertex 107.298 -55.1021 -5.72205e-07
      vertex 104.5 -57.9 -5.72205e-07
      vertex 107.151 -54.9349 -5.72205e-07
    endloop
  endfacet
  facet normal -0 0 -1
    outer loop
      vertex 107.465 -55.2487 -5.72205e-07
      vertex 104.5 -57.9 -5.72205e-07
      vertex 107.298 -55.1021 -5.72205e-07
    endloop
  endfacet
  facet normal -0 0 -1
    outer loop
      vertex 107.65 -55.3722 -5.72205e-07
      vertex 104.5 -57.9 -5.72205e-07
      vertex 107.465 -55.2487 -5.72205e-07
    endloop
  endfacet
  facet normal -0 0 -1
    outer loop
      vertex 107.849 -55.4706 -5.72205e-07
      vertex 104.5 -57.9 -5.72205e-07
      vertex 107.65 -55.3722 -5.72205e-07
    endloop
  endfacet
  facet normal 0 0 -1
    outer loop
      vertex 110.142 -53.46 -5.72205e-07
      vertex 112.5 -57.9 -5.72205e-07
      vertex 110.185 -53.6781 -5.72205e-07
    endloop
  endfacet
  facet normal 0 0 -1
    outer loop
      vertex 110.071 -53.2494 -5.72205e-07
      vertex 112.5 -57.9 -5.72205e-07
      vertex 110.142 -53.46 -5.72205e-07
    endloop
  endfacet
  facet normal 0 0 -1
    outer loop
      vertex 108.739 -47.2368 -5.72205e-07
      vertex 110.071 -53.2494 -5.72205e-07
      vertex 108.75 -47.4 -5.72205e-07
    endloop
  endfacet
  facet normal 0 0 -1
    outer loop
      vertex 108.75 -47.4 -5.72205e-07
      vertex 110.071 -53.2494 -5.72205e-07
      vertex 109.972 -53.05 -5.72205e-07
    endloop
  endfacet
  facet normal 0 0 -1
    outer loop
      vertex 108.739 -47.5632 -5.72205e-07
      vertex 109.972 -53.05 -5.72205e-07
      vertex 109.849 -52.8651 -5.72205e-07
    endloop
  endfacet
  facet normal 0 0 -1
    outer loop
      vertex 108.739 -47.5632 -5.72205e-07
      vertex 109.849 -52.8651 -5.72205e-07
      vertex 109.702 -52.6979 -5.72205e-07
    endloop
  endfacet
  facet normal 0 0 -1
    outer loop
      vertex 108.739 -47.5632 -5.72205e-07
      vertex 109.702 -52.6979 -5.72205e-07
      vertex 109.535 -52.5513 -5.72205e-07
    endloop
  endfacet
  facet normal 0 0 -1
    outer loop
      vertex 108.739 -47.5632 -5.72205e-07
      vertex 109.535 -52.5513 -5.72205e-07
      vertex 109.35 -52.4278 -5.72205e-07
    endloop
  endfacet
  facet normal 0 0 -1
    outer loop
      vertex 108.739 -47.5632 -5.72205e-07
      vertex 109.35 -52.4278 -5.72205e-07
      vertex 109.151 -52.3294 -5.72205e-07
    endloop
  endfacet
  facet normal 0 0 -1
    outer loop
      vertex 108.261 -48.3917 -5.72205e-07
      vertex 109.151 -52.3294 -5.72205e-07
      vertex 108.94 -52.2579 -5.72205e-07
    endloop
  endfacet
  facet normal 0 0 -1
    outer loop
      vertex 110.071 -53.2494 -5.72205e-07
      vertex 108.739 -47.2368 -5.72205e-07
      vertex 112.5 -57.9 -5.72205e-07
    endloop
  endfacet
  facet normal 0 0 -1
    outer loop
      vertex 112.5 -57.9 -5.72205e-07
      vertex 108.739 -47.2368 -5.72205e-07
      vertex 112.5 -29.9 -5.72205e-07
    endloop
  endfacet
  facet normal 0 0 -1
    outer loop
      vertex 108.739 -33.2368 -5.72205e-07
      vertex 112.5 -29.9 -5.72205e-07
      vertex 108.75 -33.4 -5.72205e-07
    endloop
  endfacet
  facet normal 0 0 -1
    outer loop
      vertex 108.707 -33.0765 -5.72205e-07
      vertex 112.5 -29.9 -5.72205e-07
      vertex 108.739 -33.2368 -5.72205e-07
    endloop
  endfacet
  facet normal 0 0 -1
    outer loop
      vertex 108.655 -32.9216 -5.72205e-07
      vertex 112.5 -29.9 -5.72205e-07
      vertex 108.707 -33.0765 -5.72205e-07
    endloop
  endfacet
  facet normal 0 0 -1
    outer loop
      vertex 108.583 -32.775 -5.72205e-07
      vertex 112.5 -29.9 -5.72205e-07
      vertex 108.655 -32.9216 -5.72205e-07
    endloop
  endfacet
  facet normal 0 0 -1
    outer loop
      vertex 108.492 -32.639 -5.72205e-07
      vertex 112.5 -29.9 -5.72205e-07
      vertex 108.583 -32.775 -5.72205e-07
    endloop
  endfacet
  facet normal 0 0 -1
    outer loop
      vertex 108.384 -32.5161 -5.72205e-07
      vertex 112.5 -29.9 -5.72205e-07
      vertex 108.492 -32.639 -5.72205e-07
    endloop
  endfacet
  facet normal 0 0 -1
    outer loop
      vertex 108.261 -32.4083 -5.72205e-07
      vertex 112.5 -29.9 -5.72205e-07
      vertex 108.384 -32.5161 -5.72205e-07
    endloop
  endfacet
  facet normal 0 0 -1
    outer loop
      vertex 108.125 -32.3175 -5.72205e-07
      vertex 112.5 -29.9 -5.72205e-07
      vertex 108.261 -32.4083 -5.72205e-07
    endloop
  endfacet
  facet normal 0 0 -1
    outer loop
      vertex 107.978 -32.2452 -5.72205e-07
      vertex 112.5 -29.9 -5.72205e-07
      vertex 108.125 -32.3175 -5.72205e-07
    endloop
  endfacet
  facet normal 0 0 -1
    outer loop
      vertex 107.824 -32.1926 -5.72205e-07
      vertex 112.5 -29.9 -5.72205e-07
      vertex 107.978 -32.2452 -5.72205e-07
    endloop
  endfacet
  facet normal 0 0 -1
    outer loop
      vertex 107.663 -32.1607 -5.72205e-07
      vertex 112.5 -29.9 -5.72205e-07
      vertex 107.824 -32.1926 -5.72205e-07
    endloop
  endfacet
  facet normal 0 0 -1
    outer loop
      vertex 107.5 -32.15 -5.72205e-07
      vertex 112.5 -29.9 -5.72205e-07
      vertex 107.663 -32.1607 -5.72205e-07
    endloop
  endfacet
  facet normal 0 0 -1
    outer loop
      vertex 107.337 -32.1607 -5.72205e-07
      vertex 112.5 -29.9 -5.72205e-07
      vertex 107.5 -32.15 -5.72205e-07
    endloop
  endfacet
  facet normal 0 0 -1
    outer loop
      vertex 107.176 -32.1926 -5.72205e-07
      vertex 112.5 -29.9 -5.72205e-07
      vertex 107.337 -32.1607 -5.72205e-07
    endloop
  endfacet
  facet normal 0 0 -1
    outer loop
      vertex 107.022 -32.2452 -5.72205e-07
      vertex 112.5 -29.9 -5.72205e-07
      vertex 107.176 -32.1926 -5.72205e-07
    endloop
  endfacet
  facet normal -0 0 -1
    outer loop
      vertex 106.261 -33.5632 -5.72205e-07
      vertex 104.5 -45.9 -5.72205e-07
      vertex 106.25 -33.4 -5.72205e-07
    endloop
  endfacet
  facet normal 0 0 -1
    outer loop
      vertex 33.5 -45.9 -5.72205e-07
      vertex 106.25 -33.4 -5.72205e-07
      vertex 104.5 -45.9 -5.72205e-07
    endloop
  endfacet
  facet normal 0 0 -1
    outer loop
      vertex 31.75 -33.4 -5.72205e-07
      vertex 106.25 -33.4 -5.72205e-07
      vertex 33.5 -45.9 -5.72205e-07
    endloop
  endfacet
  facet normal 0 0 -1
    outer loop
      vertex 106.25 -33.4 -5.72205e-07
      vertex 31.75 -33.4 -5.72205e-07
      vertex 106.261 -33.2368 -5.72205e-07
    endloop
  endfacet
  facet normal 0 0 -1
    outer loop
      vertex 31.7393 -33.2368 -5.72205e-07
      vertex 106.261 -33.2368 -5.72205e-07
      vertex 31.75 -33.4 -5.72205e-07
    endloop
  endfacet
  facet normal 0 0 -1
    outer loop
      vertex 106.261 -33.2368 -5.72205e-07
      vertex 31.7393 -33.2368 -5.72205e-07
      vertex 106.293 -33.0765 -5.72205e-07
    endloop
  endfacet
  facet normal 0 0 -1
    outer loop
      vertex 31.7074 -33.0765 -5.72205e-07
      vertex 106.293 -33.0765 -5.72205e-07
      vertex 31.7393 -33.2368 -5.72205e-07
    endloop
  endfacet
  facet normal 0 0 -1
    outer loop
      vertex 106.293 -33.0765 -5.72205e-07
      vertex 31.7074 -33.0765 -5.72205e-07
      vertex 106.345 -32.9216 -5.72205e-07
    endloop
  endfacet
  facet normal 0 0 -1
    outer loop
      vertex 31.6549 -32.9216 -5.72205e-07
      vertex 106.345 -32.9216 -5.72205e-07
      vertex 31.7074 -33.0765 -5.72205e-07
    endloop
  endfacet
  facet normal 0 0 -1
    outer loop
      vertex 106.345 -32.9216 -5.72205e-07
      vertex 31.6549 -32.9216 -5.72205e-07
      vertex 106.417 -32.775 -5.72205e-07
    endloop
  endfacet
  facet normal 0 0 -1
    outer loop
      vertex 31.5825 -32.775 -5.72205e-07
      vertex 106.417 -32.775 -5.72205e-07
      vertex 31.6549 -32.9216 -5.72205e-07
    endloop
  endfacet
  facet normal 0 0 -1
    outer loop
      vertex 106.417 -32.775 -5.72205e-07
      vertex 31.5825 -32.775 -5.72205e-07
      vertex 106.508 -32.639 -5.72205e-07
    endloop
  endfacet
  facet normal 0 0 -1
    outer loop
      vertex 31.7393 -47.2368 -5.72205e-07
      vertex 33.5 -45.9 -5.72205e-07
      vertex 31.75 -47.4 -5.72205e-07
    endloop
  endfacet
  facet normal 0 0 -1
    outer loop
      vertex 31.4917 -32.639 -5.72205e-07
      vertex 106.508 -32.639 -5.72205e-07
      vertex 31.5825 -32.775 -5.72205e-07
    endloop
  endfacet
  facet normal 0 0 -1
    outer loop
      vertex 106.508 -32.639 -5.72205e-07
      vertex 31.4917 -32.639 -5.72205e-07
      vertex 106.616 -32.5161 -5.72205e-07
    endloop
  endfacet
  facet normal 0 0 -1
    outer loop
      vertex 31.3839 -32.5161 -5.72205e-07
      vertex 106.616 -32.5161 -5.72205e-07
      vertex 31.4917 -32.639 -5.72205e-07
    endloop
  endfacet
  facet normal 0 0 -1
    outer loop
      vertex 106.616 -32.5161 -5.72205e-07
      vertex 31.3839 -32.5161 -5.72205e-07
      vertex 106.739 -32.4083 -5.72205e-07
    endloop
  endfacet
  facet normal 0 0 -1
    outer loop
      vertex 31.261 -32.4083 -5.72205e-07
      vertex 106.739 -32.4083 -5.72205e-07
      vertex 31.3839 -32.5161 -5.72205e-07
    endloop
  endfacet
  facet normal 0 0 -1
    outer loop
      vertex 106.739 -32.4083 -5.72205e-07
      vertex 31.261 -32.4083 -5.72205e-07
      vertex 106.875 -32.3175 -5.72205e-07
    endloop
  endfacet
  facet normal 0 0 -1
    outer loop
      vertex 31.125 -32.3175 -5.72205e-07
      vertex 106.875 -32.3175 -5.72205e-07
      vertex 31.261 -32.4083 -5.72205e-07
    endloop
  endfacet
  facet normal 0 0 -1
    outer loop
      vertex 106.875 -32.3175 -5.72205e-07
      vertex 31.125 -32.3175 -5.72205e-07
      vertex 107.022 -32.2452 -5.72205e-07
    endloop
  endfacet
  facet normal 0 0 -1
    outer loop
      vertex 30.9784 -32.2452 -5.72205e-07
      vertex 107.022 -32.2452 -5.72205e-07
      vertex 31.125 -32.3175 -5.72205e-07
    endloop
  endfacet
  facet normal 0 0 -1
    outer loop
      vertex 107.022 -32.2452 -5.72205e-07
      vertex 30.9784 -32.2452 -5.72205e-07
      vertex 112.5 -29.9 -5.72205e-07
    endloop
  endfacet
  facet normal 0 0 -1
    outer loop
      vertex 25.5 -29.9 -5.72205e-07
      vertex 30.9784 -32.2452 -5.72205e-07
      vertex 30.8235 -32.1926 -5.72205e-07
    endloop
  endfacet
  facet normal 0 0 -1
    outer loop
      vertex 25.5 -29.9 -5.72205e-07
      vertex 30.8235 -32.1926 -5.72205e-07
      vertex 30.6632 -32.1607 -5.72205e-07
    endloop
  endfacet
  facet normal 0 0 -1
    outer loop
      vertex 25.5 -29.9 -5.72205e-07
      vertex 30.6632 -32.1607 -5.72205e-07
      vertex 30.5 -32.15 -5.72205e-07
    endloop
  endfacet
  facet normal -0 0 -1
    outer loop
      vertex 29.3451 -47.8784 -5.72205e-07
      vertex 28.2979 -52.6979 -5.72205e-07
      vertex 29.2926 -47.7235 -5.72205e-07
    endloop
  endfacet
  facet normal 0 0 -1
    outer loop
      vertex 28.1513 -52.8651 -5.72205e-07
      vertex 29.2926 -47.7235 -5.72205e-07
      vertex 28.2979 -52.6979 -5.72205e-07
    endloop
  endfacet
  facet normal -0 0 -1
    outer loop
      vertex 29.2926 -47.7235 -5.72205e-07
      vertex 28.1513 -52.8651 -5.72205e-07
      vertex 29.2607 -47.5632 -5.72205e-07
    endloop
  endfacet
  facet normal 0 0 -1
    outer loop
      vertex 28.0278 -53.05 -5.72205e-07
      vertex 29.2607 -47.5632 -5.72205e-07
      vertex 28.1513 -52.8651 -5.72205e-07
    endloop
  endfacet
  facet normal -0 0 -1
    outer loop
      vertex 29.2607 -47.5632 -5.72205e-07
      vertex 28.0278 -53.05 -5.72205e-07
      vertex 29.25 -47.4 -5.72205e-07
    endloop
  endfacet
  facet normal 0 0 -1
    outer loop
      vertex 27.9294 -53.2494 -5.72205e-07
      vertex 29.25 -47.4 -5.72205e-07
      vertex 28.0278 -53.05 -5.72205e-07
    endloop
  endfacet
  facet normal 0 0 -1
    outer loop
      vertex 29.2607 -47.2368 -5.72205e-07
      vertex 27.9294 -53.2494 -5.72205e-07
      vertex 25.5 -57.9 -5.72205e-07
    endloop
  endfacet
  facet normal 0 0 -1
    outer loop
      vertex 29.2607 -33.5632 -5.72205e-07
      vertex 25.5 -29.9 -5.72205e-07
      vertex 29.25 -33.4 -5.72205e-07
    endloop
  endfacet
  facet normal 0 0 -1
    outer loop
      vertex 25.5 -57.9 -5.72205e-07
      vertex 27.9294 -53.2494 -5.72205e-07
      vertex 27.8579 -53.46 -5.72205e-07
    endloop
  endfacet
  facet normal 0 0 -1
    outer loop
      vertex 25.5 -57.9 -5.72205e-07
      vertex 27.8579 -53.46 -5.72205e-07
      vertex 27.8145 -53.6781 -5.72205e-07
    endloop
  endfacet
  facet normal 0 0 -1
    outer loop
      vertex 25.5 -57.9 -5.72205e-07
      vertex 27.8145 -53.6781 -5.72205e-07
      vertex 27.8 -53.9 -5.72205e-07
    endloop
  endfacet
  facet normal -0 0 -1
    outer loop
      vertex 29.2607 -47.2368 -5.72205e-07
      vertex 25.5 -57.9 -5.72205e-07
      vertex 25.5 -29.9 -5.72205e-07
    endloop
  endfacet
  facet normal 0 0 -1
    outer loop
      vertex 30.9784 -32.2452 -5.72205e-07
      vertex 25.5 -29.9 -5.72205e-07
      vertex 112.5 -29.9 -5.72205e-07
    endloop
  endfacet
  facet normal 0 0 -1
    outer loop
      vertex 30.3368 -32.1607 -5.72205e-07
      vertex 25.5 -29.9 -5.72205e-07
      vertex 30.5 -32.15 -5.72205e-07
    endloop
  endfacet
  facet normal 0 0 -1
    outer loop
      vertex 30.1765 -32.1926 -5.72205e-07
      vertex 25.5 -29.9 -5.72205e-07
      vertex 30.3368 -32.1607 -5.72205e-07
    endloop
  endfacet
  facet normal 0 0 -1
    outer loop
      vertex 30.0216 -32.2452 -5.72205e-07
      vertex 25.5 -29.9 -5.72205e-07
      vertex 30.1765 -32.1926 -5.72205e-07
    endloop
  endfacet
  facet normal 0 0 -1
    outer loop
      vertex 29.875 -32.3175 -5.72205e-07
      vertex 25.5 -29.9 -5.72205e-07
      vertex 30.0216 -32.2452 -5.72205e-07
    endloop
  endfacet
  facet normal 0 0 -1
    outer loop
      vertex 29.739 -32.4083 -5.72205e-07
      vertex 25.5 -29.9 -5.72205e-07
      vertex 29.875 -32.3175 -5.72205e-07
    endloop
  endfacet
  facet normal 0 0 -1
    outer loop
      vertex 29.6161 -32.5161 -5.72205e-07
      vertex 25.5 -29.9 -5.72205e-07
      vertex 29.739 -32.4083 -5.72205e-07
    endloop
  endfacet
  facet normal 0 0 -1
    outer loop
      vertex 29.5083 -32.639 -5.72205e-07
      vertex 25.5 -29.9 -5.72205e-07
      vertex 29.6161 -32.5161 -5.72205e-07
    endloop
  endfacet
  facet normal 0 0 -1
    outer loop
      vertex 29.4175 -32.775 -5.72205e-07
      vertex 25.5 -29.9 -5.72205e-07
      vertex 29.5083 -32.639 -5.72205e-07
    endloop
  endfacet
  facet normal 0 0 -1
    outer loop
      vertex 29.3451 -32.9216 -5.72205e-07
      vertex 25.5 -29.9 -5.72205e-07
      vertex 29.4175 -32.775 -5.72205e-07
    endloop
  endfacet
  facet normal 0 0 -1
    outer loop
      vertex 29.2926 -33.0765 -5.72205e-07
      vertex 25.5 -29.9 -5.72205e-07
      vertex 29.3451 -32.9216 -5.72205e-07
    endloop
  endfacet
  facet normal 0 0 -1
    outer loop
      vertex 29.2607 -33.2368 -5.72205e-07
      vertex 25.5 -29.9 -5.72205e-07
      vertex 29.2926 -33.0765 -5.72205e-07
    endloop
  endfacet
  facet normal 0 0 -1
    outer loop
      vertex 29.25 -33.4 -5.72205e-07
      vertex 25.5 -29.9 -5.72205e-07
      vertex 29.2607 -33.2368 -5.72205e-07
    endloop
  endfacet
  facet normal 1 -0 0
    outer loop
      vertex 112.5 -57.9 2.5
      vertex 112.5 -29.9 -5.72205e-07
      vertex 112.5 -29.9 2.5
    endloop
  endfacet
  facet normal 1 0 0
    outer loop
      vertex 112.5 -29.9 -5.72205e-07
      vertex 112.5 -57.9 2.5
      vertex 112.5 -57.9 -5.72205e-07
    endloop
  endfacet
  facet normal 0 -1 0
    outer loop
      vertex 104.5 -57.9 -5.72205e-07
      vertex 112.5 -57.9 2.5
      vertex 104.5 -57.9 2.5
    endloop
  endfacet
  facet normal 0 -1 -0
    outer loop
      vertex 112.5 -57.9 2.5
      vertex 104.5 -57.9 -5.72205e-07
      vertex 112.5 -57.9 -5.72205e-07
    endloop
  endfacet
  facet normal -1 0 0
    outer loop
      vertex 104.5 -57.9 -5.72205e-07
      vertex 104.5 -45.9 2.5
      vertex 104.5 -45.9 -5.72205e-07
    endloop
  endfacet
  facet normal -1 -0 0
    outer loop
      vertex 104.5 -45.9 2.5
      vertex 104.5 -57.9 -5.72205e-07
      vertex 104.5 -57.9 2.5
    endloop
  endfacet
  facet normal 0.980785 0.195093 0
    outer loop
      vertex 32.7803 -33.0998 5
      vertex 32.7216 -32.8047 2.5
      vertex 32.7216 -32.8047 5
    endloop
  endfacet
  facet normal 0.980785 0.195093 0
    outer loop
      vertex 32.7216 -32.8047 2.5
      vertex 32.7803 -33.0998 5
      vertex 32.7803 -33.0998 2.5
    endloop
  endfacet
  facet normal 0.997854 0.0654821 0
    outer loop
      vertex 32.8 -33.4 5
      vertex 32.7803 -33.0998 2.5
      vertex 32.7803 -33.0998 5
    endloop
  endfacet
  facet normal 0.997854 0.0654821 0
    outer loop
      vertex 32.7803 -33.0998 2.5
      vertex 32.8 -33.4 5
      vertex 32.8 -33.4 2.5
    endloop
  endfacet
  facet normal 0.946941 0.321408 0
    outer loop
      vertex 32.7216 -32.8047 5
      vertex 32.6249 -32.5198 2.5
      vertex 32.6249 -32.5198 5
    endloop
  endfacet
  facet normal 0.946941 0.321408 0
    outer loop
      vertex 32.6249 -32.5198 2.5
      vertex 32.7216 -32.8047 5
      vertex 32.7216 -32.8047 2.5
    endloop
  endfacet
  facet normal 0.442153 0.89694 -0
    outer loop
      vertex 31.65 -31.4081 2.5
      vertex 31.3802 -31.2751 5
      vertex 31.65 -31.4081 5
    endloop
  endfacet
  facet normal 0.442153 0.89694 0
    outer loop
      vertex 31.3802 -31.2751 5
      vertex 31.65 -31.4081 2.5
      vertex 31.3802 -31.2751 2.5
    endloop
  endfacet
  facet normal 0.831436 0.55562 0
    outer loop
      vertex 32.4919 -32.25 5
      vertex 32.3247 -31.9998 2.5
      vertex 32.3247 -31.9998 5
    endloop
  endfacet
  facet normal 0.831436 0.55562 0
    outer loop
      vertex 32.3247 -31.9998 2.5
      vertex 32.4919 -32.25 5
      vertex 32.4919 -32.25 2.5
    endloop
  endfacet
  facet normal -0.997854 0.0654821 0
    outer loop
      vertex 28.2 -33.4 2.5
      vertex 28.2197 -33.0998 5
      vertex 28.2197 -33.0998 2.5
    endloop
  endfacet
  facet normal -0.997854 0.0654821 0
    outer loop
      vertex 28.2197 -33.0998 5
      vertex 28.2 -33.4 2.5
      vertex 28.2 -33.4 5
    endloop
  endfacet
  facet normal -0.659563 0.751649 0
    outer loop
      vertex 29.0998 -31.5753 2.5
      vertex 28.8737 -31.7737 5
      vertex 29.0998 -31.5753 5
    endloop
  endfacet
  facet normal -0.659563 0.751649 0
    outer loop
      vertex 28.8737 -31.7737 5
      vertex 29.0998 -31.5753 2.5
      vertex 28.8737 -31.7737 2.5
    endloop
  endfacet
  facet normal 0.751649 0.659563 0
    outer loop
      vertex 32.3247 -31.9998 5
      vertex 32.1263 -31.7737 2.5
      vertex 32.1263 -31.7737 5
    endloop
  endfacet
  facet normal 0.751649 0.659563 0
    outer loop
      vertex 32.1263 -31.7737 2.5
      vertex 32.3247 -31.9998 5
      vertex 32.3247 -31.9998 2.5
    endloop
  endfacet
  facet normal 0.980785 -0.195093 0
    outer loop
      vertex 32.7216 -33.9953 5
      vertex 32.7803 -33.7002 2.5
      vertex 32.7803 -33.7002 5
    endloop
  endfacet
  facet normal 0.980785 -0.195093 0
    outer loop
      vertex 32.7803 -33.7002 2.5
      vertex 32.7216 -33.9953 5
      vertex 32.7216 -33.9953 2.5
    endloop
  endfacet
  facet normal 0.321408 -0.946941 0
    outer loop
      vertex 31.0953 -35.6216 2.5
      vertex 31.3802 -35.5249 5
      vertex 31.0953 -35.6216 5
    endloop
  endfacet
  facet normal 0.321408 -0.946941 0
    outer loop
      vertex 31.3802 -35.5249 5
      vertex 31.0953 -35.6216 2.5
      vertex 31.3802 -35.5249 2.5
    endloop
  endfacet
  facet normal 0.89694 0.442153 0
    outer loop
      vertex 32.6249 -32.5198 5
      vertex 32.4919 -32.25 2.5
      vertex 32.4919 -32.25 5
    endloop
  endfacet
  facet normal 0.89694 0.442153 0
    outer loop
      vertex 32.4919 -32.25 2.5
      vertex 32.6249 -32.5198 5
      vertex 32.6249 -32.5198 2.5
    endloop
  endfacet
  facet normal -0.0654821 -0.997854 0
    outer loop
      vertex 30.1998 -35.6803 2.5
      vertex 30.5 -35.7 5
      vertex 30.1998 -35.6803 5
    endloop
  endfacet
  facet normal -0.0654821 -0.997854 -0
    outer loop
      vertex 30.5 -35.7 5
      vertex 30.1998 -35.6803 2.5
      vertex 30.5 -35.7 2.5
    endloop
  endfacet
  facet normal 0.751649 -0.659563 0
    outer loop
      vertex 32.1263 -35.0263 5
      vertex 32.3247 -34.8002 2.5
      vertex 32.3247 -34.8002 5
    endloop
  endfacet
  facet normal 0.751649 -0.659563 0
    outer loop
      vertex 32.3247 -34.8002 2.5
      vertex 32.1263 -35.0263 5
      vertex 32.1263 -35.0263 2.5
    endloop
  endfacet
  facet normal -0.980785 0.195093 0
    outer loop
      vertex 28.2197 -33.0998 2.5
      vertex 28.2784 -32.8047 5
      vertex 28.2784 -32.8047 2.5
    endloop
  endfacet
  facet normal -0.980785 0.195093 0
    outer loop
      vertex 28.2784 -32.8047 5
      vertex 28.2197 -33.0998 2.5
      vertex 28.2197 -33.0998 5
    endloop
  endfacet
  facet normal -0.442153 -0.89694 0
    outer loop
      vertex 29.35 -35.3919 2.5
      vertex 29.6198 -35.5249 5
      vertex 29.35 -35.3919 5
    endloop
  endfacet
  facet normal -0.442153 -0.89694 -0
    outer loop
      vertex 29.6198 -35.5249 5
      vertex 29.35 -35.3919 2.5
      vertex 29.6198 -35.5249 2.5
    endloop
  endfacet
  facet normal -0.751649 -0.659563 0
    outer loop
      vertex 28.8737 -35.0263 2.5
      vertex 28.6753 -34.8002 5
      vertex 28.6753 -34.8002 2.5
    endloop
  endfacet
  facet normal -0.751649 -0.659563 0
    outer loop
      vertex 28.6753 -34.8002 5
      vertex 28.8737 -35.0263 2.5
      vertex 28.8737 -35.0263 5
    endloop
  endfacet
  facet normal -0.946941 0.321408 0
    outer loop
      vertex 28.2784 -32.8047 2.5
      vertex 28.3751 -32.5198 5
      vertex 28.3751 -32.5198 2.5
    endloop
  endfacet
  facet normal -0.946941 0.321408 0
    outer loop
      vertex 28.3751 -32.5198 5
      vertex 28.2784 -32.8047 2.5
      vertex 28.2784 -32.8047 5
    endloop
  endfacet
  facet normal -0.321408 0.946941 0
    outer loop
      vertex 29.9047 -31.1784 2.5
      vertex 29.6198 -31.2751 5
      vertex 29.9047 -31.1784 5
    endloop
  endfacet
  facet normal -0.321408 0.946941 0
    outer loop
      vertex 29.6198 -31.2751 5
      vertex 29.9047 -31.1784 2.5
      vertex 29.6198 -31.2751 2.5
    endloop
  endfacet
  facet normal -0.751649 0.659563 0
    outer loop
      vertex 28.6753 -31.9998 2.5
      vertex 28.8737 -31.7737 5
      vertex 28.8737 -31.7737 2.5
    endloop
  endfacet
  facet normal -0.751649 0.659563 0
    outer loop
      vertex 28.8737 -31.7737 5
      vertex 28.6753 -31.9998 2.5
      vertex 28.6753 -31.9998 5
    endloop
  endfacet
  facet normal 0.946941 -0.321408 0
    outer loop
      vertex 32.6249 -34.2802 5
      vertex 32.7216 -33.9953 2.5
      vertex 32.7216 -33.9953 5
    endloop
  endfacet
  facet normal 0.946941 -0.321408 0
    outer loop
      vertex 32.7216 -33.9953 2.5
      vertex 32.6249 -34.2802 5
      vertex 32.6249 -34.2802 2.5
    endloop
  endfacet
  facet normal 0.89694 -0.442153 0
    outer loop
      vertex 32.4919 -34.55 5
      vertex 32.6249 -34.2802 2.5
      vertex 32.6249 -34.2802 5
    endloop
  endfacet
  facet normal 0.89694 -0.442153 0
    outer loop
      vertex 32.6249 -34.2802 2.5
      vertex 32.4919 -34.55 5
      vertex 32.4919 -34.55 2.5
    endloop
  endfacet
  facet normal 0.997854 -0.0654821 0
    outer loop
      vertex 32.7803 -33.7002 5
      vertex 32.8 -33.4 2.5
      vertex 32.8 -33.4 5
    endloop
  endfacet
  facet normal 0.997854 -0.0654821 0
    outer loop
      vertex 32.8 -33.4 2.5
      vertex 32.7803 -33.7002 5
      vertex 32.7803 -33.7002 2.5
    endloop
  endfacet
  facet normal 0.659563 -0.751649 0
    outer loop
      vertex 31.9002 -35.2247 2.5
      vertex 32.1263 -35.0263 5
      vertex 31.9002 -35.2247 5
    endloop
  endfacet
  facet normal 0.659563 -0.751649 0
    outer loop
      vertex 32.1263 -35.0263 5
      vertex 31.9002 -35.2247 2.5
      vertex 32.1263 -35.0263 2.5
    endloop
  endfacet
  facet normal 0.659563 0.751649 -0
    outer loop
      vertex 32.1263 -31.7737 2.5
      vertex 31.9002 -31.5753 5
      vertex 32.1263 -31.7737 5
    endloop
  endfacet
  facet normal 0.659563 0.751649 0
    outer loop
      vertex 31.9002 -31.5753 5
      vertex 32.1263 -31.7737 2.5
      vertex 31.9002 -31.5753 2.5
    endloop
  endfacet
  facet normal 0.55562 0.831436 -0
    outer loop
      vertex 31.9002 -31.5753 2.5
      vertex 31.65 -31.4081 5
      vertex 31.9002 -31.5753 5
    endloop
  endfacet
  facet normal 0.55562 0.831436 0
    outer loop
      vertex 31.65 -31.4081 5
      vertex 31.9002 -31.5753 2.5
      vertex 31.65 -31.4081 2.5
    endloop
  endfacet
  facet normal 0.195093 -0.980785 0
    outer loop
      vertex 30.8002 -35.6803 2.5
      vertex 31.0953 -35.6216 5
      vertex 30.8002 -35.6803 5
    endloop
  endfacet
  facet normal 0.195093 -0.980785 0
    outer loop
      vertex 31.0953 -35.6216 5
      vertex 30.8002 -35.6803 2.5
      vertex 31.0953 -35.6216 2.5
    endloop
  endfacet
  facet normal 0.831436 -0.55562 0
    outer loop
      vertex 32.3247 -34.8002 5
      vertex 32.4919 -34.55 2.5
      vertex 32.4919 -34.55 5
    endloop
  endfacet
  facet normal 0.831436 -0.55562 0
    outer loop
      vertex 32.4919 -34.55 2.5
      vertex 32.3247 -34.8002 5
      vertex 32.3247 -34.8002 2.5
    endloop
  endfacet
  facet normal -0.0654821 0.997854 0
    outer loop
      vertex 30.5 -31.1 2.5
      vertex 30.1998 -31.1197 5
      vertex 30.5 -31.1 5
    endloop
  endfacet
  facet normal -0.0654821 0.997854 0
    outer loop
      vertex 30.1998 -31.1197 5
      vertex 30.5 -31.1 2.5
      vertex 30.1998 -31.1197 2.5
    endloop
  endfacet
  facet normal 0.0654821 -0.997854 0
    outer loop
      vertex 30.5 -35.7 2.5
      vertex 30.8002 -35.6803 5
      vertex 30.5 -35.7 5
    endloop
  endfacet
  facet normal 0.0654821 -0.997854 0
    outer loop
      vertex 30.8002 -35.6803 5
      vertex 30.5 -35.7 2.5
      vertex 30.8002 -35.6803 2.5
    endloop
  endfacet
  facet normal 0.321408 0.946941 -0
    outer loop
      vertex 31.3802 -31.2751 2.5
      vertex 31.0953 -31.1784 5
      vertex 31.3802 -31.2751 5
    endloop
  endfacet
  facet normal 0.321408 0.946941 0
    outer loop
      vertex 31.0953 -31.1784 5
      vertex 31.3802 -31.2751 2.5
      vertex 31.0953 -31.1784 2.5
    endloop
  endfacet
  facet normal -0.55562 0.831436 0
    outer loop
      vertex 29.35 -31.4081 2.5
      vertex 29.0998 -31.5753 5
      vertex 29.35 -31.4081 5
    endloop
  endfacet
  facet normal -0.55562 0.831436 0
    outer loop
      vertex 29.0998 -31.5753 5
      vertex 29.35 -31.4081 2.5
      vertex 29.0998 -31.5753 2.5
    endloop
  endfacet
  facet normal -0.980785 -0.195093 0
    outer loop
      vertex 28.2784 -33.9953 2.5
      vertex 28.2197 -33.7002 5
      vertex 28.2197 -33.7002 2.5
    endloop
  endfacet
  facet normal -0.980785 -0.195093 0
    outer loop
      vertex 28.2197 -33.7002 5
      vertex 28.2784 -33.9953 2.5
      vertex 28.2784 -33.9953 5
    endloop
  endfacet
  facet normal 0.0654821 0.997854 -0
    outer loop
      vertex 30.8002 -31.1197 2.5
      vertex 30.5 -31.1 5
      vertex 30.8002 -31.1197 5
    endloop
  endfacet
  facet normal 0.0654821 0.997854 0
    outer loop
      vertex 30.5 -31.1 5
      vertex 30.8002 -31.1197 2.5
      vertex 30.5 -31.1 2.5
    endloop
  endfacet
  facet normal -0.997854 -0.0654821 0
    outer loop
      vertex 28.2197 -33.7002 2.5
      vertex 28.2 -33.4 5
      vertex 28.2 -33.4 2.5
    endloop
  endfacet
  facet normal -0.997854 -0.0654821 0
    outer loop
      vertex 28.2 -33.4 5
      vertex 28.2197 -33.7002 2.5
      vertex 28.2197 -33.7002 5
    endloop
  endfacet
  facet normal -0.195093 -0.980785 0
    outer loop
      vertex 29.9047 -35.6216 2.5
      vertex 30.1998 -35.6803 5
      vertex 29.9047 -35.6216 5
    endloop
  endfacet
  facet normal -0.195093 -0.980785 -0
    outer loop
      vertex 30.1998 -35.6803 5
      vertex 29.9047 -35.6216 2.5
      vertex 30.1998 -35.6803 2.5
    endloop
  endfacet
  facet normal -0.195093 0.980785 0
    outer loop
      vertex 30.1998 -31.1197 2.5
      vertex 29.9047 -31.1784 5
      vertex 30.1998 -31.1197 5
    endloop
  endfacet
  facet normal -0.195093 0.980785 0
    outer loop
      vertex 29.9047 -31.1784 5
      vertex 30.1998 -31.1197 2.5
      vertex 29.9047 -31.1784 2.5
    endloop
  endfacet
  facet normal 0.55562 -0.831436 0
    outer loop
      vertex 31.65 -35.3919 2.5
      vertex 31.9002 -35.2247 5
      vertex 31.65 -35.3919 5
    endloop
  endfacet
  facet normal 0.55562 -0.831436 0
    outer loop
      vertex 31.9002 -35.2247 5
      vertex 31.65 -35.3919 2.5
      vertex 31.9002 -35.2247 2.5
    endloop
  endfacet
  facet normal -0.946941 -0.321408 0
    outer loop
      vertex 28.3751 -34.2802 2.5
      vertex 28.2784 -33.9953 5
      vertex 28.2784 -33.9953 2.5
    endloop
  endfacet
  facet normal -0.946941 -0.321408 0
    outer loop
      vertex 28.2784 -33.9953 5
      vertex 28.3751 -34.2802 2.5
      vertex 28.3751 -34.2802 5
    endloop
  endfacet
  facet normal -0.659563 -0.751649 0
    outer loop
      vertex 28.8737 -35.0263 2.5
      vertex 29.0998 -35.2247 5
      vertex 28.8737 -35.0263 5
    endloop
  endfacet
  facet normal -0.659563 -0.751649 -0
    outer loop
      vertex 29.0998 -35.2247 5
      vertex 28.8737 -35.0263 2.5
      vertex 29.0998 -35.2247 2.5
    endloop
  endfacet
  facet normal -0.442153 0.89694 0
    outer loop
      vertex 29.6198 -31.2751 2.5
      vertex 29.35 -31.4081 5
      vertex 29.6198 -31.2751 5
    endloop
  endfacet
  facet normal -0.442153 0.89694 0
    outer loop
      vertex 29.35 -31.4081 5
      vertex 29.6198 -31.2751 2.5
      vertex 29.35 -31.4081 2.5
    endloop
  endfacet
  facet normal 0.442153 -0.89694 0
    outer loop
      vertex 31.3802 -35.5249 2.5
      vertex 31.65 -35.3919 5
      vertex 31.3802 -35.5249 5
    endloop
  endfacet
  facet normal 0.442153 -0.89694 0
    outer loop
      vertex 31.65 -35.3919 5
      vertex 31.3802 -35.5249 2.5
      vertex 31.65 -35.3919 2.5
    endloop
  endfacet
  facet normal 0.195093 0.980785 -0
    outer loop
      vertex 31.0953 -31.1784 2.5
      vertex 30.8002 -31.1197 5
      vertex 31.0953 -31.1784 5
    endloop
  endfacet
  facet normal 0.195093 0.980785 0
    outer loop
      vertex 30.8002 -31.1197 5
      vertex 31.0953 -31.1784 2.5
      vertex 30.8002 -31.1197 2.5
    endloop
  endfacet
  facet normal -0.89694 -0.442153 0
    outer loop
      vertex 28.5081 -34.55 2.5
      vertex 28.3751 -34.2802 5
      vertex 28.3751 -34.2802 2.5
    endloop
  endfacet
  facet normal -0.89694 -0.442153 0
    outer loop
      vertex 28.3751 -34.2802 5
      vertex 28.5081 -34.55 2.5
      vertex 28.5081 -34.55 5
    endloop
  endfacet
  facet normal -0.831436 -0.55562 0
    outer loop
      vertex 28.6753 -34.8002 2.5
      vertex 28.5081 -34.55 5
      vertex 28.5081 -34.55 2.5
    endloop
  endfacet
  facet normal -0.831436 -0.55562 0
    outer loop
      vertex 28.5081 -34.55 5
      vertex 28.6753 -34.8002 2.5
      vertex 28.6753 -34.8002 5
    endloop
  endfacet
  facet normal -0.89694 0.442153 0
    outer loop
      vertex 28.3751 -32.5198 2.5
      vertex 28.5081 -32.25 5
      vertex 28.5081 -32.25 2.5
    endloop
  endfacet
  facet normal -0.89694 0.442153 0
    outer loop
      vertex 28.5081 -32.25 5
      vertex 28.3751 -32.5198 2.5
      vertex 28.3751 -32.5198 5
    endloop
  endfacet
  facet normal -0.831436 0.55562 0
    outer loop
      vertex 28.5081 -32.25 2.5
      vertex 28.6753 -31.9998 5
      vertex 28.6753 -31.9998 2.5
    endloop
  endfacet
  facet normal -0.831436 0.55562 0
    outer loop
      vertex 28.6753 -31.9998 5
      vertex 28.5081 -32.25 2.5
      vertex 28.5081 -32.25 5
    endloop
  endfacet
  facet normal -0.321408 -0.946941 0
    outer loop
      vertex 29.6198 -35.5249 2.5
      vertex 29.9047 -35.6216 5
      vertex 29.6198 -35.5249 5
    endloop
  endfacet
  facet normal -0.321408 -0.946941 -0
    outer loop
      vertex 29.9047 -35.6216 5
      vertex 29.6198 -35.5249 2.5
      vertex 29.9047 -35.6216 2.5
    endloop
  endfacet
  facet normal -0.55562 -0.831436 0
    outer loop
      vertex 29.0998 -35.2247 2.5
      vertex 29.35 -35.3919 5
      vertex 29.0998 -35.2247 5
    endloop
  endfacet
  facet normal -0.55562 -0.831436 -0
    outer loop
      vertex 29.35 -35.3919 5
      vertex 29.0998 -35.2247 2.5
      vertex 29.35 -35.3919 2.5
    endloop
  endfacet
  facet normal 0 0 1
    outer loop
      vertex 32.3402 -33.4 5
      vertex 32.8 -33.4 5
      vertex 32.7803 -33.0998 5
    endloop
  endfacet
  facet normal 0 0 1
    outer loop
      vertex 32.3244 -33.1598 5
      vertex 32.7803 -33.0998 5
      vertex 32.7216 -32.8047 5
    endloop
  endfacet
  facet normal 0 0 1
    outer loop
      vertex 32.8 -33.4 5
      vertex 32.3402 -33.4 5
      vertex 32.7803 -33.7002 5
    endloop
  endfacet
  facet normal 0 0 1
    outer loop
      vertex 32.2775 -32.9237 5
      vertex 32.7216 -32.8047 5
      vertex 32.6249 -32.5198 5
    endloop
  endfacet
  facet normal -0 0 1
    outer loop
      vertex 32.3246 -33.6375 5
      vertex 32.7803 -33.7002 5
      vertex 32.3402 -33.4 5
    endloop
  endfacet
  facet normal 0 0 1
    outer loop
      vertex 32.1989 -32.6934 5
      vertex 32.6249 -32.5198 5
      vertex 32.4919 -32.25 5
    endloop
  endfacet
  facet normal -0 0 1
    outer loop
      vertex 32.3244 -33.6402 5
      vertex 32.7803 -33.7002 5
      vertex 32.3246 -33.6375 5
    endloop
  endfacet
  facet normal 0 0 1
    outer loop
      vertex 32.7803 -33.7002 5
      vertex 32.3244 -33.6402 5
      vertex 32.7216 -33.9953 5
    endloop
  endfacet
  facet normal 0 0 1
    outer loop
      vertex 32.0936 -32.4799 5
      vertex 32.4919 -32.25 5
      vertex 32.3247 -31.9998 5
    endloop
  endfacet
  facet normal 0 0 1
    outer loop
      vertex 32.7803 -33.0998 5
      vertex 32.3246 -33.1625 5
      vertex 32.3402 -33.4 5
    endloop
  endfacet
  facet normal 0 0 1
    outer loop
      vertex 32.7803 -33.0998 5
      vertex 32.3244 -33.1598 5
      vertex 32.3246 -33.1625 5
    endloop
  endfacet
  facet normal 0 0 1
    outer loop
      vertex 32.7216 -32.8047 5
      vertex 32.278 -32.9264 5
      vertex 32.3244 -33.1598 5
    endloop
  endfacet
  facet normal 0 0 1
    outer loop
      vertex 32.7216 -32.8047 5
      vertex 32.2775 -32.9237 5
      vertex 32.278 -32.9264 5
    endloop
  endfacet
  facet normal 0 0 1
    outer loop
      vertex 32.6249 -32.5198 5
      vertex 32.201 -32.6983 5
      vertex 32.2775 -32.9237 5
    endloop
  endfacet
  facet normal 0 0 1
    outer loop
      vertex 32.6249 -32.5198 5
      vertex 32.2001 -32.6958 5
      vertex 32.201 -32.6983 5
    endloop
  endfacet
  facet normal 0 0 1
    outer loop
      vertex 32.6249 -32.5198 5
      vertex 32.1989 -32.6934 5
      vertex 32.2001 -32.6958 5
    endloop
  endfacet
  facet normal 0 0 1
    outer loop
      vertex 31.9581 -32.2778 5
      vertex 32.3247 -31.9998 5
      vertex 32.1263 -31.7737 5
    endloop
  endfacet
  facet normal 0 0 1
    outer loop
      vertex 32.4919 -32.25 5
      vertex 32.0936 -32.4799 5
      vertex 32.1989 -32.6934 5
    endloop
  endfacet
  facet normal 0 0 1
    outer loop
      vertex 32.3247 -31.9998 5
      vertex 31.9614 -32.282 5
      vertex 32.0936 -32.4799 5
    endloop
  endfacet
  facet normal 0 0 1
    outer loop
      vertex 32.3247 -31.9998 5
      vertex 31.9599 -32.2798 5
      vertex 31.9614 -32.282 5
    endloop
  endfacet
  facet normal 0 0 1
    outer loop
      vertex 32.3247 -31.9998 5
      vertex 31.9581 -32.2778 5
      vertex 31.9599 -32.2798 5
    endloop
  endfacet
  facet normal 0 0 1
    outer loop
      vertex 31.8012 -32.0988 5
      vertex 32.1263 -31.7737 5
      vertex 31.9002 -31.5753 5
    endloop
  endfacet
  facet normal 0 0 1
    outer loop
      vertex 32.1263 -31.7737 5
      vertex 31.8012 -32.0988 5
      vertex 31.9581 -32.2778 5
    endloop
  endfacet
  facet normal 0 0 1
    outer loop
      vertex 31.618 -31.9386 5
      vertex 31.9002 -31.5753 5
      vertex 31.65 -31.4081 5
    endloop
  endfacet
  facet normal 0 0 1
    outer loop
      vertex 31.9002 -31.5753 5
      vertex 31.6222 -31.9419 5
      vertex 31.8012 -32.0988 5
    endloop
  endfacet
  facet normal 0 0 1
    outer loop
      vertex 31.9002 -31.5753 5
      vertex 31.6202 -31.9401 5
      vertex 31.6222 -31.9419 5
    endloop
  endfacet
  facet normal 0 0 1
    outer loop
      vertex 31.9002 -31.5753 5
      vertex 31.618 -31.9386 5
      vertex 31.6202 -31.9401 5
    endloop
  endfacet
  facet normal 0 0 1
    outer loop
      vertex 31.65 -31.4081 5
      vertex 31.4201 -31.8064 5
      vertex 31.618 -31.9386 5
    endloop
  endfacet
  facet normal 0 0 1
    outer loop
      vertex 31.3802 -31.2751 5
      vertex 31.4201 -31.8064 5
      vertex 31.65 -31.4081 5
    endloop
  endfacet
  facet normal 0 0 1
    outer loop
      vertex 31.3802 -31.2751 5
      vertex 31.2066 -31.7011 5
      vertex 31.4201 -31.8064 5
    endloop
  endfacet
  facet normal 0 0 1
    outer loop
      vertex 31.3802 -31.2751 5
      vertex 31.2042 -31.6999 5
      vertex 31.2066 -31.7011 5
    endloop
  endfacet
  facet normal 0 0 1
    outer loop
      vertex 31.3802 -31.2751 5
      vertex 31.2017 -31.699 5
      vertex 31.2042 -31.6999 5
    endloop
  endfacet
  facet normal 0 0 1
    outer loop
      vertex 31.0953 -31.1784 5
      vertex 31.2017 -31.699 5
      vertex 31.3802 -31.2751 5
    endloop
  endfacet
  facet normal 0 0 1
    outer loop
      vertex 31.0953 -31.1784 5
      vertex 30.9763 -31.6225 5
      vertex 31.2017 -31.699 5
    endloop
  endfacet
  facet normal 0 0 1
    outer loop
      vertex 31.0953 -31.1784 5
      vertex 30.9736 -31.622 5
      vertex 30.9763 -31.6225 5
    endloop
  endfacet
  facet normal 0 0 1
    outer loop
      vertex 30.8002 -31.1197 5
      vertex 30.9736 -31.622 5
      vertex 31.0953 -31.1784 5
    endloop
  endfacet
  facet normal 0 0 1
    outer loop
      vertex 30.8002 -31.1197 5
      vertex 30.7402 -31.5756 5
      vertex 30.9736 -31.622 5
    endloop
  endfacet
  facet normal 0 0 1
    outer loop
      vertex 30.8002 -31.1197 5
      vertex 30.7375 -31.5754 5
      vertex 30.7402 -31.5756 5
    endloop
  endfacet
  facet normal 0 0 1
    outer loop
      vertex 30.5 -31.1 5
      vertex 30.7375 -31.5754 5
      vertex 30.8002 -31.1197 5
    endloop
  endfacet
  facet normal 0 0 1
    outer loop
      vertex 30.5 -31.1 5
      vertex 30.5 -31.5598 5
      vertex 30.7375 -31.5754 5
    endloop
  endfacet
  facet normal 0 0 1
    outer loop
      vertex 30.5 -31.1 5
      vertex 30.2625 -31.5754 5
      vertex 30.5 -31.5598 5
    endloop
  endfacet
  facet normal -0 0 1
    outer loop
      vertex 30.1998 -31.1197 5
      vertex 30.2625 -31.5754 5
      vertex 30.5 -31.1 5
    endloop
  endfacet
  facet normal 0 0 1
    outer loop
      vertex 30.2625 -31.5754 5
      vertex 30.1998 -31.1197 5
      vertex 30.2598 -31.5756 5
    endloop
  endfacet
  facet normal 0 0 1
    outer loop
      vertex 30.1998 -31.1197 5
      vertex 30.0264 -31.622 5
      vertex 30.2598 -31.5756 5
    endloop
  endfacet
  facet normal -0 0 1
    outer loop
      vertex 29.9047 -31.1784 5
      vertex 30.0264 -31.622 5
      vertex 30.1998 -31.1197 5
    endloop
  endfacet
  facet normal 0 0 1
    outer loop
      vertex 30.0264 -31.622 5
      vertex 29.9047 -31.1784 5
      vertex 30.0237 -31.6225 5
    endloop
  endfacet
  facet normal 0 0 1
    outer loop
      vertex 29.9047 -31.1784 5
      vertex 29.7983 -31.699 5
      vertex 30.0237 -31.6225 5
    endloop
  endfacet
  facet normal -0 0 1
    outer loop
      vertex 29.6198 -31.2751 5
      vertex 29.7983 -31.699 5
      vertex 29.9047 -31.1784 5
    endloop
  endfacet
  facet normal 0 0 1
    outer loop
      vertex 29.7983 -31.699 5
      vertex 29.6198 -31.2751 5
      vertex 29.7958 -31.6999 5
    endloop
  endfacet
  facet normal 0 0 1
    outer loop
      vertex 29.7958 -31.6999 5
      vertex 29.6198 -31.2751 5
      vertex 29.7934 -31.7011 5
    endloop
  endfacet
  facet normal 0 0 1
    outer loop
      vertex 29.6198 -31.2751 5
      vertex 29.5799 -31.8064 5
      vertex 29.7934 -31.7011 5
    endloop
  endfacet
  facet normal -0 0 1
    outer loop
      vertex 29.35 -31.4081 5
      vertex 29.5799 -31.8064 5
      vertex 29.6198 -31.2751 5
    endloop
  endfacet
  facet normal 0 0 1
    outer loop
      vertex 29.5799 -31.8064 5
      vertex 29.35 -31.4081 5
      vertex 29.382 -31.9386 5
    endloop
  endfacet
  facet normal -0 0 1
    outer loop
      vertex 29.0998 -31.5753 5
      vertex 29.382 -31.9386 5
      vertex 29.35 -31.4081 5
    endloop
  endfacet
  facet normal 0 0 1
    outer loop
      vertex 29.382 -31.9386 5
      vertex 29.0998 -31.5753 5
      vertex 29.3798 -31.9401 5
    endloop
  endfacet
  facet normal 0 0 1
    outer loop
      vertex 29.3798 -31.9401 5
      vertex 29.0998 -31.5753 5
      vertex 29.3778 -31.9419 5
    endloop
  endfacet
  facet normal 0 0 1
    outer loop
      vertex 29.3778 -31.9419 5
      vertex 29.0998 -31.5753 5
      vertex 29.1988 -32.0988 5
    endloop
  endfacet
  facet normal -0 0 1
    outer loop
      vertex 28.8737 -31.7737 5
      vertex 29.1988 -32.0988 5
      vertex 29.0998 -31.5753 5
    endloop
  endfacet
  facet normal 0 0 1
    outer loop
      vertex 29.1988 -32.0988 5
      vertex 28.8737 -31.7737 5
      vertex 29.0419 -32.2778 5
    endloop
  endfacet
  facet normal -0 0 1
    outer loop
      vertex 28.6753 -31.9998 5
      vertex 29.0419 -32.2778 5
      vertex 28.8737 -31.7737 5
    endloop
  endfacet
  facet normal 0 0 1
    outer loop
      vertex 29.0419 -32.2778 5
      vertex 28.6753 -31.9998 5
      vertex 29.0401 -32.2798 5
    endloop
  endfacet
  facet normal 0 0 1
    outer loop
      vertex 29.0401 -32.2798 5
      vertex 28.6753 -31.9998 5
      vertex 29.0386 -32.282 5
    endloop
  endfacet
  facet normal 0 0 1
    outer loop
      vertex 29.0386 -32.282 5
      vertex 28.6753 -31.9998 5
      vertex 28.9064 -32.4799 5
    endloop
  endfacet
  facet normal -0 0 1
    outer loop
      vertex 28.5081 -32.25 5
      vertex 28.9064 -32.4799 5
      vertex 28.6753 -31.9998 5
    endloop
  endfacet
  facet normal 0 0 1
    outer loop
      vertex 28.9064 -32.4799 5
      vertex 28.5081 -32.25 5
      vertex 28.8011 -32.6934 5
    endloop
  endfacet
  facet normal -0 0 1
    outer loop
      vertex 28.3751 -32.5198 5
      vertex 28.8011 -32.6934 5
      vertex 28.5081 -32.25 5
    endloop
  endfacet
  facet normal 0 0 1
    outer loop
      vertex 28.8011 -32.6934 5
      vertex 28.3751 -32.5198 5
      vertex 28.7999 -32.6958 5
    endloop
  endfacet
  facet normal 0 0 1
    outer loop
      vertex 28.7999 -32.6958 5
      vertex 28.3751 -32.5198 5
      vertex 28.799 -32.6983 5
    endloop
  endfacet
  facet normal 0 0 1
    outer loop
      vertex 28.799 -32.6983 5
      vertex 28.3751 -32.5198 5
      vertex 28.7225 -32.9237 5
    endloop
  endfacet
  facet normal -0 0 1
    outer loop
      vertex 28.2784 -32.8047 5
      vertex 28.7225 -32.9237 5
      vertex 28.3751 -32.5198 5
    endloop
  endfacet
  facet normal 0 0 1
    outer loop
      vertex 28.7225 -32.9237 5
      vertex 28.2784 -32.8047 5
      vertex 28.722 -32.9264 5
    endloop
  endfacet
  facet normal 0 0 1
    outer loop
      vertex 28.722 -32.9264 5
      vertex 28.2784 -32.8047 5
      vertex 28.6756 -33.1598 5
    endloop
  endfacet
  facet normal -0 0 1
    outer loop
      vertex 32.278 -33.8736 5
      vertex 32.7216 -33.9953 5
      vertex 32.3244 -33.6402 5
    endloop
  endfacet
  facet normal -0 0 1
    outer loop
      vertex 32.2775 -33.8763 5
      vertex 32.7216 -33.9953 5
      vertex 32.278 -33.8736 5
    endloop
  endfacet
  facet normal 0 0 1
    outer loop
      vertex 32.7216 -33.9953 5
      vertex 32.2775 -33.8763 5
      vertex 32.6249 -34.2802 5
    endloop
  endfacet
  facet normal -0 0 1
    outer loop
      vertex 32.201 -34.1017 5
      vertex 32.6249 -34.2802 5
      vertex 32.2775 -33.8763 5
    endloop
  endfacet
  facet normal -0 0 1
    outer loop
      vertex 32.2001 -34.1042 5
      vertex 32.6249 -34.2802 5
      vertex 32.201 -34.1017 5
    endloop
  endfacet
  facet normal -0 0 1
    outer loop
      vertex 32.1989 -34.1066 5
      vertex 32.6249 -34.2802 5
      vertex 32.2001 -34.1042 5
    endloop
  endfacet
  facet normal 0 0 1
    outer loop
      vertex 32.6249 -34.2802 5
      vertex 32.1989 -34.1066 5
      vertex 32.4919 -34.55 5
    endloop
  endfacet
  facet normal -0 0 1
    outer loop
      vertex 32.0936 -34.3201 5
      vertex 32.4919 -34.55 5
      vertex 32.1989 -34.1066 5
    endloop
  endfacet
  facet normal 0 0 1
    outer loop
      vertex 32.4919 -34.55 5
      vertex 32.0936 -34.3201 5
      vertex 32.3247 -34.8002 5
    endloop
  endfacet
  facet normal -0 0 1
    outer loop
      vertex 31.9614 -34.518 5
      vertex 32.3247 -34.8002 5
      vertex 32.0936 -34.3201 5
    endloop
  endfacet
  facet normal -0 0 1
    outer loop
      vertex 31.9599 -34.5202 5
      vertex 32.3247 -34.8002 5
      vertex 31.9614 -34.518 5
    endloop
  endfacet
  facet normal -0 0 1
    outer loop
      vertex 31.9581 -34.5222 5
      vertex 32.3247 -34.8002 5
      vertex 31.9599 -34.5202 5
    endloop
  endfacet
  facet normal 0 0 1
    outer loop
      vertex 32.3247 -34.8002 5
      vertex 31.9581 -34.5222 5
      vertex 32.1263 -35.0263 5
    endloop
  endfacet
  facet normal -0 0 1
    outer loop
      vertex 31.8012 -34.7012 5
      vertex 32.1263 -35.0263 5
      vertex 31.9581 -34.5222 5
    endloop
  endfacet
  facet normal 0 0 1
    outer loop
      vertex 32.1263 -35.0263 5
      vertex 31.8012 -34.7012 5
      vertex 31.9002 -35.2247 5
    endloop
  endfacet
  facet normal -0 0 1
    outer loop
      vertex 31.6222 -34.8581 5
      vertex 31.9002 -35.2247 5
      vertex 31.8012 -34.7012 5
    endloop
  endfacet
  facet normal -0 0 1
    outer loop
      vertex 31.6202 -34.8599 5
      vertex 31.9002 -35.2247 5
      vertex 31.6222 -34.8581 5
    endloop
  endfacet
  facet normal -0 0 1
    outer loop
      vertex 31.618 -34.8614 5
      vertex 31.9002 -35.2247 5
      vertex 31.6202 -34.8599 5
    endloop
  endfacet
  facet normal 0 0 1
    outer loop
      vertex 31.9002 -35.2247 5
      vertex 31.618 -34.8614 5
      vertex 31.65 -35.3919 5
    endloop
  endfacet
  facet normal -0 0 1
    outer loop
      vertex 31.4201 -34.9936 5
      vertex 31.65 -35.3919 5
      vertex 31.618 -34.8614 5
    endloop
  endfacet
  facet normal 0 0 1
    outer loop
      vertex 31.4201 -34.9936 5
      vertex 31.3802 -35.5249 5
      vertex 31.65 -35.3919 5
    endloop
  endfacet
  facet normal -0 0 1
    outer loop
      vertex 31.2066 -35.0989 5
      vertex 31.3802 -35.5249 5
      vertex 31.4201 -34.9936 5
    endloop
  endfacet
  facet normal -0 0 1
    outer loop
      vertex 31.2042 -35.1001 5
      vertex 31.3802 -35.5249 5
      vertex 31.2066 -35.0989 5
    endloop
  endfacet
  facet normal -0 0 1
    outer loop
      vertex 31.2017 -35.101 5
      vertex 31.3802 -35.5249 5
      vertex 31.2042 -35.1001 5
    endloop
  endfacet
  facet normal 0 0 1
    outer loop
      vertex 31.2017 -35.101 5
      vertex 31.0953 -35.6216 5
      vertex 31.3802 -35.5249 5
    endloop
  endfacet
  facet normal -0 0 1
    outer loop
      vertex 30.9763 -35.1775 5
      vertex 31.0953 -35.6216 5
      vertex 31.2017 -35.101 5
    endloop
  endfacet
  facet normal -0 0 1
    outer loop
      vertex 30.9736 -35.178 5
      vertex 31.0953 -35.6216 5
      vertex 30.9763 -35.1775 5
    endloop
  endfacet
  facet normal 0 0 1
    outer loop
      vertex 30.9736 -35.178 5
      vertex 30.8002 -35.6803 5
      vertex 31.0953 -35.6216 5
    endloop
  endfacet
  facet normal -0 0 1
    outer loop
      vertex 30.7402 -35.2244 5
      vertex 30.8002 -35.6803 5
      vertex 30.9736 -35.178 5
    endloop
  endfacet
  facet normal -0 0 1
    outer loop
      vertex 30.7375 -35.2246 5
      vertex 30.8002 -35.6803 5
      vertex 30.7402 -35.2244 5
    endloop
  endfacet
  facet normal -0 0 1
    outer loop
      vertex 30.5 -35.2402 5
      vertex 30.8002 -35.6803 5
      vertex 30.7375 -35.2246 5
    endloop
  endfacet
  facet normal 0 0 1
    outer loop
      vertex 30.5 -35.2402 5
      vertex 30.5 -35.7 5
      vertex 30.8002 -35.6803 5
    endloop
  endfacet
  facet normal 0 0 1
    outer loop
      vertex 30.2625 -35.2246 5
      vertex 30.5 -35.7 5
      vertex 30.5 -35.2402 5
    endloop
  endfacet
  facet normal 0 0 1
    outer loop
      vertex 30.1998 -35.6803 5
      vertex 30.2625 -35.2246 5
      vertex 30.2598 -35.2244 5
    endloop
  endfacet
  facet normal 0 0 1
    outer loop
      vertex 30.2625 -35.2246 5
      vertex 30.1998 -35.6803 5
      vertex 30.5 -35.7 5
    endloop
  endfacet
  facet normal 0 0 1
    outer loop
      vertex 30.0264 -35.178 5
      vertex 30.1998 -35.6803 5
      vertex 30.2598 -35.2244 5
    endloop
  endfacet
  facet normal 0 0 1
    outer loop
      vertex 29.9047 -35.6216 5
      vertex 30.0264 -35.178 5
      vertex 30.0237 -35.1775 5
    endloop
  endfacet
  facet normal 0 0 1
    outer loop
      vertex 30.0264 -35.178 5
      vertex 29.9047 -35.6216 5
      vertex 30.1998 -35.6803 5
    endloop
  endfacet
  facet normal 0 0 1
    outer loop
      vertex 29.7983 -35.101 5
      vertex 29.9047 -35.6216 5
      vertex 30.0237 -35.1775 5
    endloop
  endfacet
  facet normal 0 0 1
    outer loop
      vertex 29.6198 -35.5249 5
      vertex 29.7983 -35.101 5
      vertex 29.7958 -35.1001 5
    endloop
  endfacet
  facet normal 0 0 1
    outer loop
      vertex 29.6198 -35.5249 5
      vertex 29.7958 -35.1001 5
      vertex 29.7934 -35.0989 5
    endloop
  endfacet
  facet normal 0 0 1
    outer loop
      vertex 29.7983 -35.101 5
      vertex 29.6198 -35.5249 5
      vertex 29.9047 -35.6216 5
    endloop
  endfacet
  facet normal 0 0 1
    outer loop
      vertex 29.5799 -34.9936 5
      vertex 29.6198 -35.5249 5
      vertex 29.7934 -35.0989 5
    endloop
  endfacet
  facet normal 0 0 1
    outer loop
      vertex 29.35 -35.3919 5
      vertex 29.5799 -34.9936 5
      vertex 29.382 -34.8614 5
    endloop
  endfacet
  facet normal 0 0 1
    outer loop
      vertex 29.0998 -35.2247 5
      vertex 29.382 -34.8614 5
      vertex 29.3798 -34.8599 5
    endloop
  endfacet
  facet normal 0 0 1
    outer loop
      vertex 29.0998 -35.2247 5
      vertex 29.3798 -34.8599 5
      vertex 29.3778 -34.8581 5
    endloop
  endfacet
  facet normal 0 0 1
    outer loop
      vertex 29.5799 -34.9936 5
      vertex 29.35 -35.3919 5
      vertex 29.6198 -35.5249 5
    endloop
  endfacet
  facet normal 0 0 1
    outer loop
      vertex 29.0998 -35.2247 5
      vertex 29.3778 -34.8581 5
      vertex 29.1988 -34.7012 5
    endloop
  endfacet
  facet normal 0 0 1
    outer loop
      vertex 29.382 -34.8614 5
      vertex 29.0998 -35.2247 5
      vertex 29.35 -35.3919 5
    endloop
  endfacet
  facet normal 0 0 1
    outer loop
      vertex 28.8737 -35.0263 5
      vertex 29.1988 -34.7012 5
      vertex 29.0419 -34.5222 5
    endloop
  endfacet
  facet normal 0 0 1
    outer loop
      vertex 28.6753 -34.8002 5
      vertex 29.0419 -34.5222 5
      vertex 29.0401 -34.5202 5
    endloop
  endfacet
  facet normal 0 0 1
    outer loop
      vertex 28.6753 -34.8002 5
      vertex 29.0401 -34.5202 5
      vertex 29.0386 -34.518 5
    endloop
  endfacet
  facet normal 0 0 1
    outer loop
      vertex 28.6753 -34.8002 5
      vertex 29.0386 -34.518 5
      vertex 28.9064 -34.3201 5
    endloop
  endfacet
  facet normal 0 0 1
    outer loop
      vertex 29.1988 -34.7012 5
      vertex 28.8737 -35.0263 5
      vertex 29.0998 -35.2247 5
    endloop
  endfacet
  facet normal 0 0 1
    outer loop
      vertex 28.5081 -34.55 5
      vertex 28.9064 -34.3201 5
      vertex 28.8011 -34.1066 5
    endloop
  endfacet
  facet normal 0 0 1
    outer loop
      vertex 28.3751 -34.2802 5
      vertex 28.8011 -34.1066 5
      vertex 28.7999 -34.1042 5
    endloop
  endfacet
  facet normal 0 0 1
    outer loop
      vertex 28.3751 -34.2802 5
      vertex 28.7999 -34.1042 5
      vertex 28.799 -34.1017 5
    endloop
  endfacet
  facet normal 0 0 1
    outer loop
      vertex 28.3751 -34.2802 5
      vertex 28.799 -34.1017 5
      vertex 28.7225 -33.8763 5
    endloop
  endfacet
  facet normal 0 0 1
    outer loop
      vertex 28.2784 -33.9953 5
      vertex 28.7225 -33.8763 5
      vertex 28.722 -33.8736 5
    endloop
  endfacet
  facet normal 0 0 1
    outer loop
      vertex 28.2784 -33.9953 5
      vertex 28.722 -33.8736 5
      vertex 28.6756 -33.6402 5
    endloop
  endfacet
  facet normal 0 0 1
    outer loop
      vertex 29.0419 -34.5222 5
      vertex 28.6753 -34.8002 5
      vertex 28.8737 -35.0263 5
    endloop
  endfacet
  facet normal 0 0 1
    outer loop
      vertex 28.2197 -33.7002 5
      vertex 28.6756 -33.6402 5
      vertex 28.6754 -33.6375 5
    endloop
  endfacet
  facet normal 0 0 1
    outer loop
      vertex 28.2197 -33.7002 5
      vertex 28.6754 -33.6375 5
      vertex 28.6598 -33.4 5
    endloop
  endfacet
  facet normal -0 0 1
    outer loop
      vertex 28.2197 -33.0998 5
      vertex 28.6756 -33.1598 5
      vertex 28.2784 -32.8047 5
    endloop
  endfacet
  facet normal 0 0 1
    outer loop
      vertex 28.9064 -34.3201 5
      vertex 28.5081 -34.55 5
      vertex 28.6753 -34.8002 5
    endloop
  endfacet
  facet normal 0 0 1
    outer loop
      vertex 28.6756 -33.1598 5
      vertex 28.2197 -33.0998 5
      vertex 28.6754 -33.1625 5
    endloop
  endfacet
  facet normal 0 0 1
    outer loop
      vertex 28.8011 -34.1066 5
      vertex 28.3751 -34.2802 5
      vertex 28.5081 -34.55 5
    endloop
  endfacet
  facet normal 0 0 1
    outer loop
      vertex 28.6754 -33.1625 5
      vertex 28.2197 -33.0998 5
      vertex 28.6598 -33.4 5
    endloop
  endfacet
  facet normal 0 0 1
    outer loop
      vertex 28.7225 -33.8763 5
      vertex 28.2784 -33.9953 5
      vertex 28.3751 -34.2802 5
    endloop
  endfacet
  facet normal 0 0 1
    outer loop
      vertex 28.2 -33.4 5
      vertex 28.6598 -33.4 5
      vertex 28.2197 -33.0998 5
    endloop
  endfacet
  facet normal 0 0 1
    outer loop
      vertex 28.6756 -33.6402 5
      vertex 28.2197 -33.7002 5
      vertex 28.2784 -33.9953 5
    endloop
  endfacet
  facet normal 0 0 1
    outer loop
      vertex 28.6598 -33.4 5
      vertex 28.2 -33.4 5
      vertex 28.2197 -33.7002 5
    endloop
  endfacet
  facet normal 0.980785 0.195093 0
    outer loop
      vertex 32.7803 -47.0998 5
      vertex 32.7216 -46.8047 2.5
      vertex 32.7216 -46.8047 5
    endloop
  endfacet
  facet normal 0.980785 0.195093 0
    outer loop
      vertex 32.7216 -46.8047 2.5
      vertex 32.7803 -47.0998 5
      vertex 32.7803 -47.0998 2.5
    endloop
  endfacet
  facet normal 0.997854 0.0654821 0
    outer loop
      vertex 32.8 -47.4 5
      vertex 32.7803 -47.0998 2.5
      vertex 32.7803 -47.0998 5
    endloop
  endfacet
  facet normal 0.997854 0.0654821 0
    outer loop
      vertex 32.7803 -47.0998 2.5
      vertex 32.8 -47.4 5
      vertex 32.8 -47.4 2.5
    endloop
  endfacet
  facet normal 0.946941 0.321408 0
    outer loop
      vertex 32.7216 -46.8047 5
      vertex 32.6249 -46.5198 2.5
      vertex 32.6249 -46.5198 5
    endloop
  endfacet
  facet normal 0.946941 0.321408 0
    outer loop
      vertex 32.6249 -46.5198 2.5
      vertex 32.7216 -46.8047 5
      vertex 32.7216 -46.8047 2.5
    endloop
  endfacet
  facet normal 0.442153 0.89694 -0
    outer loop
      vertex 31.65 -45.4081 2.5
      vertex 31.3802 -45.2751 5
      vertex 31.65 -45.4081 5
    endloop
  endfacet
  facet normal 0.442153 0.89694 0
    outer loop
      vertex 31.3802 -45.2751 5
      vertex 31.65 -45.4081 2.5
      vertex 31.3802 -45.2751 2.5
    endloop
  endfacet
  facet normal 0.831436 0.55562 0
    outer loop
      vertex 32.4919 -46.25 5
      vertex 32.3247 -45.9998 2.5
      vertex 32.3247 -45.9998 5
    endloop
  endfacet
  facet normal 0.831436 0.55562 0
    outer loop
      vertex 32.3247 -45.9998 2.5
      vertex 32.4919 -46.25 5
      vertex 32.4919 -46.25 2.5
    endloop
  endfacet
  facet normal -0.997854 0.0654821 0
    outer loop
      vertex 28.2 -47.4 2.5
      vertex 28.2197 -47.0998 5
      vertex 28.2197 -47.0998 2.5
    endloop
  endfacet
  facet normal -0.997854 0.0654821 0
    outer loop
      vertex 28.2197 -47.0998 5
      vertex 28.2 -47.4 2.5
      vertex 28.2 -47.4 5
    endloop
  endfacet
  facet normal -0.659563 0.751649 0
    outer loop
      vertex 29.0998 -45.5753 2.5
      vertex 28.8737 -45.7737 5
      vertex 29.0998 -45.5753 5
    endloop
  endfacet
  facet normal -0.659563 0.751649 0
    outer loop
      vertex 28.8737 -45.7737 5
      vertex 29.0998 -45.5753 2.5
      vertex 28.8737 -45.7737 2.5
    endloop
  endfacet
  facet normal 0.751649 0.659563 0
    outer loop
      vertex 32.3247 -45.9998 5
      vertex 32.1263 -45.7737 2.5
      vertex 32.1263 -45.7737 5
    endloop
  endfacet
  facet normal 0.751649 0.659563 0
    outer loop
      vertex 32.1263 -45.7737 2.5
      vertex 32.3247 -45.9998 5
      vertex 32.3247 -45.9998 2.5
    endloop
  endfacet
  facet normal 0.980785 -0.195093 0
    outer loop
      vertex 32.7216 -47.9953 5
      vertex 32.7803 -47.7002 2.5
      vertex 32.7803 -47.7002 5
    endloop
  endfacet
  facet normal 0.980785 -0.195093 0
    outer loop
      vertex 32.7803 -47.7002 2.5
      vertex 32.7216 -47.9953 5
      vertex 32.7216 -47.9953 2.5
    endloop
  endfacet
  facet normal 0.321408 -0.946941 0
    outer loop
      vertex 31.0953 -49.6216 2.5
      vertex 31.3802 -49.5249 5
      vertex 31.0953 -49.6216 5
    endloop
  endfacet
  facet normal 0.321408 -0.946941 0
    outer loop
      vertex 31.3802 -49.5249 5
      vertex 31.0953 -49.6216 2.5
      vertex 31.3802 -49.5249 2.5
    endloop
  endfacet
  facet normal 0.89694 0.442153 0
    outer loop
      vertex 32.6249 -46.5198 5
      vertex 32.4919 -46.25 2.5
      vertex 32.4919 -46.25 5
    endloop
  endfacet
  facet normal 0.89694 0.442153 0
    outer loop
      vertex 32.4919 -46.25 2.5
      vertex 32.6249 -46.5198 5
      vertex 32.6249 -46.5198 2.5
    endloop
  endfacet
  facet normal -0.0654821 -0.997854 0
    outer loop
      vertex 30.1998 -49.6803 2.5
      vertex 30.5 -49.7 5
      vertex 30.1998 -49.6803 5
    endloop
  endfacet
  facet normal -0.0654821 -0.997854 -0
    outer loop
      vertex 30.5 -49.7 5
      vertex 30.1998 -49.6803 2.5
      vertex 30.5 -49.7 2.5
    endloop
  endfacet
  facet normal 0.751649 -0.659563 0
    outer loop
      vertex 32.1263 -49.0263 5
      vertex 32.3247 -48.8002 2.5
      vertex 32.3247 -48.8002 5
    endloop
  endfacet
  facet normal 0.751649 -0.659563 0
    outer loop
      vertex 32.3247 -48.8002 2.5
      vertex 32.1263 -49.0263 5
      vertex 32.1263 -49.0263 2.5
    endloop
  endfacet
  facet normal -0.442153 -0.89694 0
    outer loop
      vertex 29.35 -49.3919 2.5
      vertex 29.6198 -49.5249 5
      vertex 29.35 -49.3919 5
    endloop
  endfacet
  facet normal -0.442153 -0.89694 -0
    outer loop
      vertex 29.6198 -49.5249 5
      vertex 29.35 -49.3919 2.5
      vertex 29.6198 -49.5249 2.5
    endloop
  endfacet
  facet normal -0.751649 -0.659563 0
    outer loop
      vertex 28.8737 -49.0263 2.5
      vertex 28.6753 -48.8002 5
      vertex 28.6753 -48.8002 2.5
    endloop
  endfacet
  facet normal -0.751649 -0.659563 0
    outer loop
      vertex 28.6753 -48.8002 5
      vertex 28.8737 -49.0263 2.5
      vertex 28.8737 -49.0263 5
    endloop
  endfacet
  facet normal -0.946941 0.321408 0
    outer loop
      vertex 28.2784 -46.8047 2.5
      vertex 28.3751 -46.5198 5
      vertex 28.3751 -46.5198 2.5
    endloop
  endfacet
  facet normal -0.946941 0.321408 0
    outer loop
      vertex 28.3751 -46.5198 5
      vertex 28.2784 -46.8047 2.5
      vertex 28.2784 -46.8047 5
    endloop
  endfacet
  facet normal -0.321408 0.946941 0
    outer loop
      vertex 29.9047 -45.1784 2.5
      vertex 29.6198 -45.2751 5
      vertex 29.9047 -45.1784 5
    endloop
  endfacet
  facet normal -0.321408 0.946941 0
    outer loop
      vertex 29.6198 -45.2751 5
      vertex 29.9047 -45.1784 2.5
      vertex 29.6198 -45.2751 2.5
    endloop
  endfacet
  facet normal -0.751649 0.659563 0
    outer loop
      vertex 28.6753 -45.9998 2.5
      vertex 28.8737 -45.7737 5
      vertex 28.8737 -45.7737 2.5
    endloop
  endfacet
  facet normal -0.751649 0.659563 0
    outer loop
      vertex 28.8737 -45.7737 5
      vertex 28.6753 -45.9998 2.5
      vertex 28.6753 -45.9998 5
    endloop
  endfacet
  facet normal -0.321408 -0.946941 0
    outer loop
      vertex 29.6198 -49.5249 2.5
      vertex 29.9047 -49.6216 5
      vertex 29.6198 -49.5249 5
    endloop
  endfacet
  facet normal -0.321408 -0.946941 -0
    outer loop
      vertex 29.9047 -49.6216 5
      vertex 29.6198 -49.5249 2.5
      vertex 29.9047 -49.6216 2.5
    endloop
  endfacet
  facet normal 0.946941 -0.321408 0
    outer loop
      vertex 32.6249 -48.2802 5
      vertex 32.7216 -47.9953 2.5
      vertex 32.7216 -47.9953 5
    endloop
  endfacet
  facet normal 0.946941 -0.321408 0
    outer loop
      vertex 32.7216 -47.9953 2.5
      vertex 32.6249 -48.2802 5
      vertex 32.6249 -48.2802 2.5
    endloop
  endfacet
  facet normal 0.89694 -0.442153 0
    outer loop
      vertex 32.4919 -48.55 5
      vertex 32.6249 -48.2802 2.5
      vertex 32.6249 -48.2802 5
    endloop
  endfacet
  facet normal 0.89694 -0.442153 0
    outer loop
      vertex 32.6249 -48.2802 2.5
      vertex 32.4919 -48.55 5
      vertex 32.4919 -48.55 2.5
    endloop
  endfacet
  facet normal 0.997854 -0.0654821 0
    outer loop
      vertex 32.7803 -47.7002 5
      vertex 32.8 -47.4 2.5
      vertex 32.8 -47.4 5
    endloop
  endfacet
  facet normal 0.997854 -0.0654821 0
    outer loop
      vertex 32.8 -47.4 2.5
      vertex 32.7803 -47.7002 5
      vertex 32.7803 -47.7002 2.5
    endloop
  endfacet
  facet normal 0.659563 -0.751649 0
    outer loop
      vertex 31.9002 -49.2247 2.5
      vertex 32.1263 -49.0263 5
      vertex 31.9002 -49.2247 5
    endloop
  endfacet
  facet normal 0.659563 -0.751649 0
    outer loop
      vertex 32.1263 -49.0263 5
      vertex 31.9002 -49.2247 2.5
      vertex 32.1263 -49.0263 2.5
    endloop
  endfacet
  facet normal 0.659563 0.751649 -0
    outer loop
      vertex 32.1263 -45.7737 2.5
      vertex 31.9002 -45.5753 5
      vertex 32.1263 -45.7737 5
    endloop
  endfacet
  facet normal 0.659563 0.751649 0
    outer loop
      vertex 31.9002 -45.5753 5
      vertex 32.1263 -45.7737 2.5
      vertex 31.9002 -45.5753 2.5
    endloop
  endfacet
  facet normal 0.55562 0.831436 -0
    outer loop
      vertex 31.9002 -45.5753 2.5
      vertex 31.65 -45.4081 5
      vertex 31.9002 -45.5753 5
    endloop
  endfacet
  facet normal 0.55562 0.831436 0
    outer loop
      vertex 31.65 -45.4081 5
      vertex 31.9002 -45.5753 2.5
      vertex 31.65 -45.4081 2.5
    endloop
  endfacet
  facet normal 0.195093 -0.980785 0
    outer loop
      vertex 30.8002 -49.6803 2.5
      vertex 31.0953 -49.6216 5
      vertex 30.8002 -49.6803 5
    endloop
  endfacet
  facet normal 0.195093 -0.980785 0
    outer loop
      vertex 31.0953 -49.6216 5
      vertex 30.8002 -49.6803 2.5
      vertex 31.0953 -49.6216 2.5
    endloop
  endfacet
  facet normal 0.831436 -0.55562 0
    outer loop
      vertex 32.3247 -48.8002 5
      vertex 32.4919 -48.55 2.5
      vertex 32.4919 -48.55 5
    endloop
  endfacet
  facet normal 0.831436 -0.55562 0
    outer loop
      vertex 32.4919 -48.55 2.5
      vertex 32.3247 -48.8002 5
      vertex 32.3247 -48.8002 2.5
    endloop
  endfacet
  facet normal -0.0654821 0.997854 0
    outer loop
      vertex 30.5 -45.1 2.5
      vertex 30.1998 -45.1197 5
      vertex 30.5 -45.1 5
    endloop
  endfacet
  facet normal -0.0654821 0.997854 0
    outer loop
      vertex 30.1998 -45.1197 5
      vertex 30.5 -45.1 2.5
      vertex 30.1998 -45.1197 2.5
    endloop
  endfacet
  facet normal 0.0654821 -0.997854 0
    outer loop
      vertex 30.5 -49.7 2.5
      vertex 30.8002 -49.6803 5
      vertex 30.5 -49.7 5
    endloop
  endfacet
  facet normal 0.0654821 -0.997854 0
    outer loop
      vertex 30.8002 -49.6803 5
      vertex 30.5 -49.7 2.5
      vertex 30.8002 -49.6803 2.5
    endloop
  endfacet
  facet normal 0.321408 0.946941 -0
    outer loop
      vertex 31.3802 -45.2751 2.5
      vertex 31.0953 -45.1784 5
      vertex 31.3802 -45.2751 5
    endloop
  endfacet
  facet normal 0.321408 0.946941 0
    outer loop
      vertex 31.0953 -45.1784 5
      vertex 31.3802 -45.2751 2.5
      vertex 31.0953 -45.1784 2.5
    endloop
  endfacet
  facet normal -0.55562 0.831436 0
    outer loop
      vertex 29.35 -45.4081 2.5
      vertex 29.0998 -45.5753 5
      vertex 29.35 -45.4081 5
    endloop
  endfacet
  facet normal -0.55562 0.831436 0
    outer loop
      vertex 29.0998 -45.5753 5
      vertex 29.35 -45.4081 2.5
      vertex 29.0998 -45.5753 2.5
    endloop
  endfacet
  facet normal -0.980785 -0.195093 0
    outer loop
      vertex 28.2784 -47.9953 2.5
      vertex 28.2197 -47.7002 5
      vertex 28.2197 -47.7002 2.5
    endloop
  endfacet
  facet normal -0.980785 -0.195093 0
    outer loop
      vertex 28.2197 -47.7002 5
      vertex 28.2784 -47.9953 2.5
      vertex 28.2784 -47.9953 5
    endloop
  endfacet
  facet normal 0.0654821 0.997854 -0
    outer loop
      vertex 30.8002 -45.1197 2.5
      vertex 30.5 -45.1 5
      vertex 30.8002 -45.1197 5
    endloop
  endfacet
  facet normal 0.0654821 0.997854 0
    outer loop
      vertex 30.5 -45.1 5
      vertex 30.8002 -45.1197 2.5
      vertex 30.5 -45.1 2.5
    endloop
  endfacet
  facet normal -0.997854 -0.0654821 0
    outer loop
      vertex 28.2197 -47.7002 2.5
      vertex 28.2 -47.4 5
      vertex 28.2 -47.4 2.5
    endloop
  endfacet
  facet normal -0.997854 -0.0654821 0
    outer loop
      vertex 28.2 -47.4 5
      vertex 28.2197 -47.7002 2.5
      vertex 28.2197 -47.7002 5
    endloop
  endfacet
  facet normal -0.195093 -0.980785 0
    outer loop
      vertex 29.9047 -49.6216 2.5
      vertex 30.1998 -49.6803 5
      vertex 29.9047 -49.6216 5
    endloop
  endfacet
  facet normal -0.195093 -0.980785 -0
    outer loop
      vertex 30.1998 -49.6803 5
      vertex 29.9047 -49.6216 2.5
      vertex 30.1998 -49.6803 2.5
    endloop
  endfacet
  facet normal -0.980785 0.195093 0
    outer loop
      vertex 28.2197 -47.0998 2.5
      vertex 28.2784 -46.8047 5
      vertex 28.2784 -46.8047 2.5
    endloop
  endfacet
  facet normal -0.980785 0.195093 0
    outer loop
      vertex 28.2784 -46.8047 5
      vertex 28.2197 -47.0998 2.5
      vertex 28.2197 -47.0998 5
    endloop
  endfacet
  facet normal -0.195093 0.980785 0
    outer loop
      vertex 30.1998 -45.1197 2.5
      vertex 29.9047 -45.1784 5
      vertex 30.1998 -45.1197 5
    endloop
  endfacet
  facet normal -0.195093 0.980785 0
    outer loop
      vertex 29.9047 -45.1784 5
      vertex 30.1998 -45.1197 2.5
      vertex 29.9047 -45.1784 2.5
    endloop
  endfacet
  facet normal 0.55562 -0.831436 0
    outer loop
      vertex 31.65 -49.3919 2.5
      vertex 31.9002 -49.2247 5
      vertex 31.65 -49.3919 5
    endloop
  endfacet
  facet normal 0.55562 -0.831436 0
    outer loop
      vertex 31.9002 -49.2247 5
      vertex 31.65 -49.3919 2.5
      vertex 31.9002 -49.2247 2.5
    endloop
  endfacet
  facet normal -0.946941 -0.321408 0
    outer loop
      vertex 28.3751 -48.2802 2.5
      vertex 28.2784 -47.9953 5
      vertex 28.2784 -47.9953 2.5
    endloop
  endfacet
  facet normal -0.946941 -0.321408 0
    outer loop
      vertex 28.2784 -47.9953 5
      vertex 28.3751 -48.2802 2.5
      vertex 28.3751 -48.2802 5
    endloop
  endfacet
  facet normal -0.659563 -0.751649 0
    outer loop
      vertex 28.8737 -49.0263 2.5
      vertex 29.0998 -49.2247 5
      vertex 28.8737 -49.0263 5
    endloop
  endfacet
  facet normal -0.659563 -0.751649 -0
    outer loop
      vertex 29.0998 -49.2247 5
      vertex 28.8737 -49.0263 2.5
      vertex 29.0998 -49.2247 2.5
    endloop
  endfacet
  facet normal -0.442153 0.89694 0
    outer loop
      vertex 29.6198 -45.2751 2.5
      vertex 29.35 -45.4081 5
      vertex 29.6198 -45.2751 5
    endloop
  endfacet
  facet normal -0.442153 0.89694 0
    outer loop
      vertex 29.35 -45.4081 5
      vertex 29.6198 -45.2751 2.5
      vertex 29.35 -45.4081 2.5
    endloop
  endfacet
  facet normal 0.442153 -0.89694 0
    outer loop
      vertex 31.3802 -49.5249 2.5
      vertex 31.65 -49.3919 5
      vertex 31.3802 -49.5249 5
    endloop
  endfacet
  facet normal 0.442153 -0.89694 0
    outer loop
      vertex 31.65 -49.3919 5
      vertex 31.3802 -49.5249 2.5
      vertex 31.65 -49.3919 2.5
    endloop
  endfacet
  facet normal 0.195093 0.980785 -0
    outer loop
      vertex 31.0953 -45.1784 2.5
      vertex 30.8002 -45.1197 5
      vertex 31.0953 -45.1784 5
    endloop
  endfacet
  facet normal 0.195093 0.980785 0
    outer loop
      vertex 30.8002 -45.1197 5
      vertex 31.0953 -45.1784 2.5
      vertex 30.8002 -45.1197 2.5
    endloop
  endfacet
  facet normal -0.89694 -0.442153 0
    outer loop
      vertex 28.5081 -48.55 2.5
      vertex 28.3751 -48.2802 5
      vertex 28.3751 -48.2802 2.5
    endloop
  endfacet
  facet normal -0.89694 -0.442153 0
    outer loop
      vertex 28.3751 -48.2802 5
      vertex 28.5081 -48.55 2.5
      vertex 28.5081 -48.55 5
    endloop
  endfacet
  facet normal -0.831436 -0.55562 0
    outer loop
      vertex 28.6753 -48.8002 2.5
      vertex 28.5081 -48.55 5
      vertex 28.5081 -48.55 2.5
    endloop
  endfacet
  facet normal -0.831436 -0.55562 0
    outer loop
      vertex 28.5081 -48.55 5
      vertex 28.6753 -48.8002 2.5
      vertex 28.6753 -48.8002 5
    endloop
  endfacet
  facet normal -0.89694 0.442153 0
    outer loop
      vertex 28.3751 -46.5198 2.5
      vertex 28.5081 -46.25 5
      vertex 28.5081 -46.25 2.5
    endloop
  endfacet
  facet normal -0.89694 0.442153 0
    outer loop
      vertex 28.5081 -46.25 5
      vertex 28.3751 -46.5198 2.5
      vertex 28.3751 -46.5198 5
    endloop
  endfacet
  facet normal -0.831436 0.55562 0
    outer loop
      vertex 28.5081 -46.25 2.5
      vertex 28.6753 -45.9998 5
      vertex 28.6753 -45.9998 2.5
    endloop
  endfacet
  facet normal -0.831436 0.55562 0
    outer loop
      vertex 28.6753 -45.9998 5
      vertex 28.5081 -46.25 2.5
      vertex 28.5081 -46.25 5
    endloop
  endfacet
  facet normal -0.55562 -0.831436 0
    outer loop
      vertex 29.0998 -49.2247 2.5
      vertex 29.35 -49.3919 5
      vertex 29.0998 -49.2247 5
    endloop
  endfacet
  facet normal -0.55562 -0.831436 -0
    outer loop
      vertex 29.35 -49.3919 5
      vertex 29.0998 -49.2247 2.5
      vertex 29.35 -49.3919 2.5
    endloop
  endfacet
  facet normal 0 0 1
    outer loop
      vertex 32.3402 -47.4 5
      vertex 32.8 -47.4 5
      vertex 32.7803 -47.0998 5
    endloop
  endfacet
  facet normal 0 0 1
    outer loop
      vertex 32.3244 -47.1598 5
      vertex 32.7803 -47.0998 5
      vertex 32.7216 -46.8047 5
    endloop
  endfacet
  facet normal 0 0 1
    outer loop
      vertex 32.8 -47.4 5
      vertex 32.3402 -47.4 5
      vertex 32.7803 -47.7002 5
    endloop
  endfacet
  facet normal 0 0 1
    outer loop
      vertex 32.2775 -46.9237 5
      vertex 32.7216 -46.8047 5
      vertex 32.6249 -46.5198 5
    endloop
  endfacet
  facet normal -0 0 1
    outer loop
      vertex 32.3246 -47.6375 5
      vertex 32.7803 -47.7002 5
      vertex 32.3402 -47.4 5
    endloop
  endfacet
  facet normal 0 0 1
    outer loop
      vertex 32.1989 -46.6934 5
      vertex 32.6249 -46.5198 5
      vertex 32.4919 -46.25 5
    endloop
  endfacet
  facet normal -0 0 1
    outer loop
      vertex 32.3244 -47.6402 5
      vertex 32.7803 -47.7002 5
      vertex 32.3246 -47.6375 5
    endloop
  endfacet
  facet normal 0 0 1
    outer loop
      vertex 32.7803 -47.7002 5
      vertex 32.3244 -47.6402 5
      vertex 32.7216 -47.9953 5
    endloop
  endfacet
  facet normal 0 0 1
    outer loop
      vertex 32.0936 -46.4799 5
      vertex 32.4919 -46.25 5
      vertex 32.3247 -45.9998 5
    endloop
  endfacet
  facet normal 0 0 1
    outer loop
      vertex 32.7803 -47.0998 5
      vertex 32.3246 -47.1625 5
      vertex 32.3402 -47.4 5
    endloop
  endfacet
  facet normal 0 0 1
    outer loop
      vertex 32.7803 -47.0998 5
      vertex 32.3244 -47.1598 5
      vertex 32.3246 -47.1625 5
    endloop
  endfacet
  facet normal 0 0 1
    outer loop
      vertex 32.7216 -46.8047 5
      vertex 32.278 -46.9264 5
      vertex 32.3244 -47.1598 5
    endloop
  endfacet
  facet normal 0 0 1
    outer loop
      vertex 32.7216 -46.8047 5
      vertex 32.2775 -46.9237 5
      vertex 32.278 -46.9264 5
    endloop
  endfacet
  facet normal 0 0 1
    outer loop
      vertex 32.6249 -46.5198 5
      vertex 32.201 -46.6983 5
      vertex 32.2775 -46.9237 5
    endloop
  endfacet
  facet normal 0 0 1
    outer loop
      vertex 32.6249 -46.5198 5
      vertex 32.2001 -46.6958 5
      vertex 32.201 -46.6983 5
    endloop
  endfacet
  facet normal 0 0 1
    outer loop
      vertex 32.6249 -46.5198 5
      vertex 32.1989 -46.6934 5
      vertex 32.2001 -46.6958 5
    endloop
  endfacet
  facet normal 0 0 1
    outer loop
      vertex 31.9581 -46.2778 5
      vertex 32.3247 -45.9998 5
      vertex 32.1263 -45.7737 5
    endloop
  endfacet
  facet normal 0 0 1
    outer loop
      vertex 32.4919 -46.25 5
      vertex 32.0936 -46.4799 5
      vertex 32.1989 -46.6934 5
    endloop
  endfacet
  facet normal 0 0 1
    outer loop
      vertex 32.3247 -45.9998 5
      vertex 31.9614 -46.282 5
      vertex 32.0936 -46.4799 5
    endloop
  endfacet
  facet normal 0 0 1
    outer loop
      vertex 32.3247 -45.9998 5
      vertex 31.9599 -46.2798 5
      vertex 31.9614 -46.282 5
    endloop
  endfacet
  facet normal 0 0 1
    outer loop
      vertex 32.3247 -45.9998 5
      vertex 31.9581 -46.2778 5
      vertex 31.9599 -46.2798 5
    endloop
  endfacet
  facet normal 0 0 1
    outer loop
      vertex 31.8012 -46.0988 5
      vertex 32.1263 -45.7737 5
      vertex 31.9002 -45.5753 5
    endloop
  endfacet
  facet normal 0 0 1
    outer loop
      vertex 32.1263 -45.7737 5
      vertex 31.8012 -46.0988 5
      vertex 31.9581 -46.2778 5
    endloop
  endfacet
  facet normal 0 0 1
    outer loop
      vertex 31.618 -45.9386 5
      vertex 31.9002 -45.5753 5
      vertex 31.65 -45.4081 5
    endloop
  endfacet
  facet normal 0 0 1
    outer loop
      vertex 31.9002 -45.5753 5
      vertex 31.6222 -45.9419 5
      vertex 31.8012 -46.0988 5
    endloop
  endfacet
  facet normal 0 0 1
    outer loop
      vertex 31.9002 -45.5753 5
      vertex 31.6202 -45.9401 5
      vertex 31.6222 -45.9419 5
    endloop
  endfacet
  facet normal 0 0 1
    outer loop
      vertex 31.9002 -45.5753 5
      vertex 31.618 -45.9386 5
      vertex 31.6202 -45.9401 5
    endloop
  endfacet
  facet normal 0 0 1
    outer loop
      vertex 31.65 -45.4081 5
      vertex 31.4201 -45.8064 5
      vertex 31.618 -45.9386 5
    endloop
  endfacet
  facet normal 0 0 1
    outer loop
      vertex 31.3802 -45.2751 5
      vertex 31.4201 -45.8064 5
      vertex 31.65 -45.4081 5
    endloop
  endfacet
  facet normal 0 0 1
    outer loop
      vertex 31.3802 -45.2751 5
      vertex 31.2066 -45.7011 5
      vertex 31.4201 -45.8064 5
    endloop
  endfacet
  facet normal 0 0 1
    outer loop
      vertex 31.3802 -45.2751 5
      vertex 31.2042 -45.6999 5
      vertex 31.2066 -45.7011 5
    endloop
  endfacet
  facet normal 0 0 1
    outer loop
      vertex 31.3802 -45.2751 5
      vertex 31.2017 -45.699 5
      vertex 31.2042 -45.6999 5
    endloop
  endfacet
  facet normal 0 0 1
    outer loop
      vertex 31.0953 -45.1784 5
      vertex 31.2017 -45.699 5
      vertex 31.3802 -45.2751 5
    endloop
  endfacet
  facet normal 0 0 1
    outer loop
      vertex 31.0953 -45.1784 5
      vertex 30.9763 -45.6225 5
      vertex 31.2017 -45.699 5
    endloop
  endfacet
  facet normal 0 0 1
    outer loop
      vertex 31.0953 -45.1784 5
      vertex 30.9736 -45.622 5
      vertex 30.9763 -45.6225 5
    endloop
  endfacet
  facet normal 0 0 1
    outer loop
      vertex 30.8002 -45.1197 5
      vertex 30.9736 -45.622 5
      vertex 31.0953 -45.1784 5
    endloop
  endfacet
  facet normal 0 0 1
    outer loop
      vertex 30.8002 -45.1197 5
      vertex 30.7402 -45.5756 5
      vertex 30.9736 -45.622 5
    endloop
  endfacet
  facet normal 0 0 1
    outer loop
      vertex 30.8002 -45.1197 5
      vertex 30.7375 -45.5754 5
      vertex 30.7402 -45.5756 5
    endloop
  endfacet
  facet normal 0 0 1
    outer loop
      vertex 30.5 -45.1 5
      vertex 30.7375 -45.5754 5
      vertex 30.8002 -45.1197 5
    endloop
  endfacet
  facet normal 0 0 1
    outer loop
      vertex 30.5 -45.1 5
      vertex 30.5 -45.5598 5
      vertex 30.7375 -45.5754 5
    endloop
  endfacet
  facet normal 0 0 1
    outer loop
      vertex 30.5 -45.1 5
      vertex 30.2625 -45.5754 5
      vertex 30.5 -45.5598 5
    endloop
  endfacet
  facet normal -0 0 1
    outer loop
      vertex 30.1998 -45.1197 5
      vertex 30.2625 -45.5754 5
      vertex 30.5 -45.1 5
    endloop
  endfacet
  facet normal 0 0 1
    outer loop
      vertex 30.2625 -45.5754 5
      vertex 30.1998 -45.1197 5
      vertex 30.2598 -45.5756 5
    endloop
  endfacet
  facet normal 0 0 1
    outer loop
      vertex 30.1998 -45.1197 5
      vertex 30.0264 -45.622 5
      vertex 30.2598 -45.5756 5
    endloop
  endfacet
  facet normal -0 0 1
    outer loop
      vertex 29.9047 -45.1784 5
      vertex 30.0264 -45.622 5
      vertex 30.1998 -45.1197 5
    endloop
  endfacet
  facet normal 0 0 1
    outer loop
      vertex 30.0264 -45.622 5
      vertex 29.9047 -45.1784 5
      vertex 30.0237 -45.6225 5
    endloop
  endfacet
  facet normal 0 0 1
    outer loop
      vertex 29.9047 -45.1784 5
      vertex 29.7983 -45.699 5
      vertex 30.0237 -45.6225 5
    endloop
  endfacet
  facet normal -0 0 1
    outer loop
      vertex 29.6198 -45.2751 5
      vertex 29.7983 -45.699 5
      vertex 29.9047 -45.1784 5
    endloop
  endfacet
  facet normal 0 0 1
    outer loop
      vertex 29.7983 -45.699 5
      vertex 29.6198 -45.2751 5
      vertex 29.7958 -45.6999 5
    endloop
  endfacet
  facet normal 0 0 1
    outer loop
      vertex 29.7958 -45.6999 5
      vertex 29.6198 -45.2751 5
      vertex 29.7934 -45.7011 5
    endloop
  endfacet
  facet normal 0 0 1
    outer loop
      vertex 29.6198 -45.2751 5
      vertex 29.5799 -45.8064 5
      vertex 29.7934 -45.7011 5
    endloop
  endfacet
  facet normal -0 0 1
    outer loop
      vertex 29.35 -45.4081 5
      vertex 29.5799 -45.8064 5
      vertex 29.6198 -45.2751 5
    endloop
  endfacet
  facet normal 0 0 1
    outer loop
      vertex 29.5799 -45.8064 5
      vertex 29.35 -45.4081 5
      vertex 29.382 -45.9386 5
    endloop
  endfacet
  facet normal -0 0 1
    outer loop
      vertex 29.0998 -45.5753 5
      vertex 29.382 -45.9386 5
      vertex 29.35 -45.4081 5
    endloop
  endfacet
  facet normal 0 0 1
    outer loop
      vertex 29.382 -45.9386 5
      vertex 29.0998 -45.5753 5
      vertex 29.3798 -45.9401 5
    endloop
  endfacet
  facet normal 0 0 1
    outer loop
      vertex 29.3798 -45.9401 5
      vertex 29.0998 -45.5753 5
      vertex 29.3778 -45.9419 5
    endloop
  endfacet
  facet normal 0 0 1
    outer loop
      vertex 29.3778 -45.9419 5
      vertex 29.0998 -45.5753 5
      vertex 29.1988 -46.0988 5
    endloop
  endfacet
  facet normal -0 0 1
    outer loop
      vertex 28.8737 -45.7737 5
      vertex 29.1988 -46.0988 5
      vertex 29.0998 -45.5753 5
    endloop
  endfacet
  facet normal 0 0 1
    outer loop
      vertex 29.1988 -46.0988 5
      vertex 28.8737 -45.7737 5
      vertex 29.0419 -46.2778 5
    endloop
  endfacet
  facet normal -0 0 1
    outer loop
      vertex 28.6753 -45.9998 5
      vertex 29.0419 -46.2778 5
      vertex 28.8737 -45.7737 5
    endloop
  endfacet
  facet normal 0 0 1
    outer loop
      vertex 29.0419 -46.2778 5
      vertex 28.6753 -45.9998 5
      vertex 29.0401 -46.2798 5
    endloop
  endfacet
  facet normal 0 0 1
    outer loop
      vertex 29.0401 -46.2798 5
      vertex 28.6753 -45.9998 5
      vertex 29.0386 -46.282 5
    endloop
  endfacet
  facet normal 0 0 1
    outer loop
      vertex 29.0386 -46.282 5
      vertex 28.6753 -45.9998 5
      vertex 28.9064 -46.4799 5
    endloop
  endfacet
  facet normal -0 0 1
    outer loop
      vertex 28.5081 -46.25 5
      vertex 28.9064 -46.4799 5
      vertex 28.6753 -45.9998 5
    endloop
  endfacet
  facet normal 0 0 1
    outer loop
      vertex 28.9064 -46.4799 5
      vertex 28.5081 -46.25 5
      vertex 28.8011 -46.6934 5
    endloop
  endfacet
  facet normal -0 0 1
    outer loop
      vertex 28.3751 -46.5198 5
      vertex 28.8011 -46.6934 5
      vertex 28.5081 -46.25 5
    endloop
  endfacet
  facet normal 0 0 1
    outer loop
      vertex 28.8011 -46.6934 5
      vertex 28.3751 -46.5198 5
      vertex 28.7999 -46.6958 5
    endloop
  endfacet
  facet normal 0 0 1
    outer loop
      vertex 28.7999 -46.6958 5
      vertex 28.3751 -46.5198 5
      vertex 28.799 -46.6983 5
    endloop
  endfacet
  facet normal 0 0 1
    outer loop
      vertex 28.799 -46.6983 5
      vertex 28.3751 -46.5198 5
      vertex 28.7225 -46.9237 5
    endloop
  endfacet
  facet normal -0 0 1
    outer loop
      vertex 28.2784 -46.8047 5
      vertex 28.7225 -46.9237 5
      vertex 28.3751 -46.5198 5
    endloop
  endfacet
  facet normal 0 0 1
    outer loop
      vertex 28.7225 -46.9237 5
      vertex 28.2784 -46.8047 5
      vertex 28.722 -46.9264 5
    endloop
  endfacet
  facet normal 0 0 1
    outer loop
      vertex 28.722 -46.9264 5
      vertex 28.2784 -46.8047 5
      vertex 28.6756 -47.1598 5
    endloop
  endfacet
  facet normal -0 0 1
    outer loop
      vertex 32.278 -47.8736 5
      vertex 32.7216 -47.9953 5
      vertex 32.3244 -47.6402 5
    endloop
  endfacet
  facet normal -0 0 1
    outer loop
      vertex 32.2775 -47.8763 5
      vertex 32.7216 -47.9953 5
      vertex 32.278 -47.8736 5
    endloop
  endfacet
  facet normal 0 0 1
    outer loop
      vertex 32.7216 -47.9953 5
      vertex 32.2775 -47.8763 5
      vertex 32.6249 -48.2802 5
    endloop
  endfacet
  facet normal -0 0 1
    outer loop
      vertex 32.201 -48.1017 5
      vertex 32.6249 -48.2802 5
      vertex 32.2775 -47.8763 5
    endloop
  endfacet
  facet normal -0 0 1
    outer loop
      vertex 32.2001 -48.1042 5
      vertex 32.6249 -48.2802 5
      vertex 32.201 -48.1017 5
    endloop
  endfacet
  facet normal -0 0 1
    outer loop
      vertex 32.1989 -48.1066 5
      vertex 32.6249 -48.2802 5
      vertex 32.2001 -48.1042 5
    endloop
  endfacet
  facet normal 0 0 1
    outer loop
      vertex 32.6249 -48.2802 5
      vertex 32.1989 -48.1066 5
      vertex 32.4919 -48.55 5
    endloop
  endfacet
  facet normal -0 0 1
    outer loop
      vertex 32.0936 -48.3201 5
      vertex 32.4919 -48.55 5
      vertex 32.1989 -48.1066 5
    endloop
  endfacet
  facet normal 0 0 1
    outer loop
      vertex 32.4919 -48.55 5
      vertex 32.0936 -48.3201 5
      vertex 32.3247 -48.8002 5
    endloop
  endfacet
  facet normal -0 0 1
    outer loop
      vertex 31.9614 -48.518 5
      vertex 32.3247 -48.8002 5
      vertex 32.0936 -48.3201 5
    endloop
  endfacet
  facet normal -0 0 1
    outer loop
      vertex 31.9599 -48.5202 5
      vertex 32.3247 -48.8002 5
      vertex 31.9614 -48.518 5
    endloop
  endfacet
  facet normal -0 0 1
    outer loop
      vertex 31.9581 -48.5222 5
      vertex 32.3247 -48.8002 5
      vertex 31.9599 -48.5202 5
    endloop
  endfacet
  facet normal 0 0 1
    outer loop
      vertex 32.3247 -48.8002 5
      vertex 31.9581 -48.5222 5
      vertex 32.1263 -49.0263 5
    endloop
  endfacet
  facet normal -0 0 1
    outer loop
      vertex 31.8012 -48.7012 5
      vertex 32.1263 -49.0263 5
      vertex 31.9581 -48.5222 5
    endloop
  endfacet
  facet normal 0 0 1
    outer loop
      vertex 32.1263 -49.0263 5
      vertex 31.8012 -48.7012 5
      vertex 31.9002 -49.2247 5
    endloop
  endfacet
  facet normal -0 0 1
    outer loop
      vertex 31.6222 -48.8581 5
      vertex 31.9002 -49.2247 5
      vertex 31.8012 -48.7012 5
    endloop
  endfacet
  facet normal -0 0 1
    outer loop
      vertex 31.6202 -48.8599 5
      vertex 31.9002 -49.2247 5
      vertex 31.6222 -48.8581 5
    endloop
  endfacet
  facet normal -0 0 1
    outer loop
      vertex 31.618 -48.8614 5
      vertex 31.9002 -49.2247 5
      vertex 31.6202 -48.8599 5
    endloop
  endfacet
  facet normal 0 0 1
    outer loop
      vertex 31.9002 -49.2247 5
      vertex 31.618 -48.8614 5
      vertex 31.65 -49.3919 5
    endloop
  endfacet
  facet normal -0 0 1
    outer loop
      vertex 31.4201 -48.9936 5
      vertex 31.65 -49.3919 5
      vertex 31.618 -48.8614 5
    endloop
  endfacet
  facet normal 0 0 1
    outer loop
      vertex 31.4201 -48.9936 5
      vertex 31.3802 -49.5249 5
      vertex 31.65 -49.3919 5
    endloop
  endfacet
  facet normal -0 0 1
    outer loop
      vertex 31.2066 -49.0989 5
      vertex 31.3802 -49.5249 5
      vertex 31.4201 -48.9936 5
    endloop
  endfacet
  facet normal -0 0 1
    outer loop
      vertex 31.2042 -49.1001 5
      vertex 31.3802 -49.5249 5
      vertex 31.2066 -49.0989 5
    endloop
  endfacet
  facet normal -0 0 1
    outer loop
      vertex 31.2017 -49.101 5
      vertex 31.3802 -49.5249 5
      vertex 31.2042 -49.1001 5
    endloop
  endfacet
  facet normal 0 0 1
    outer loop
      vertex 31.2017 -49.101 5
      vertex 31.0953 -49.6216 5
      vertex 31.3802 -49.5249 5
    endloop
  endfacet
  facet normal -0 0 1
    outer loop
      vertex 30.9763 -49.1775 5
      vertex 31.0953 -49.6216 5
      vertex 31.2017 -49.101 5
    endloop
  endfacet
  facet normal -0 0 1
    outer loop
      vertex 30.9736 -49.178 5
      vertex 31.0953 -49.6216 5
      vertex 30.9763 -49.1775 5
    endloop
  endfacet
  facet normal 0 0 1
    outer loop
      vertex 30.9736 -49.178 5
      vertex 30.8002 -49.6803 5
      vertex 31.0953 -49.6216 5
    endloop
  endfacet
  facet normal -0 0 1
    outer loop
      vertex 30.7402 -49.2244 5
      vertex 30.8002 -49.6803 5
      vertex 30.9736 -49.178 5
    endloop
  endfacet
  facet normal -0 0 1
    outer loop
      vertex 30.7375 -49.2246 5
      vertex 30.8002 -49.6803 5
      vertex 30.7402 -49.2244 5
    endloop
  endfacet
  facet normal -0 0 1
    outer loop
      vertex 30.5 -49.2402 5
      vertex 30.8002 -49.6803 5
      vertex 30.7375 -49.2246 5
    endloop
  endfacet
  facet normal 0 0 1
    outer loop
      vertex 30.5 -49.2402 5
      vertex 30.5 -49.7 5
      vertex 30.8002 -49.6803 5
    endloop
  endfacet
  facet normal 0 0 1
    outer loop
      vertex 30.2625 -49.2246 5
      vertex 30.5 -49.7 5
      vertex 30.5 -49.2402 5
    endloop
  endfacet
  facet normal 0 0 1
    outer loop
      vertex 30.1998 -49.6803 5
      vertex 30.2625 -49.2246 5
      vertex 30.2598 -49.2244 5
    endloop
  endfacet
  facet normal 0 0 1
    outer loop
      vertex 30.2625 -49.2246 5
      vertex 30.1998 -49.6803 5
      vertex 30.5 -49.7 5
    endloop
  endfacet
  facet normal 0 0 1
    outer loop
      vertex 30.0264 -49.178 5
      vertex 30.1998 -49.6803 5
      vertex 30.2598 -49.2244 5
    endloop
  endfacet
  facet normal 0 0 1
    outer loop
      vertex 29.9047 -49.6216 5
      vertex 30.0264 -49.178 5
      vertex 30.0237 -49.1775 5
    endloop
  endfacet
  facet normal 0 0 1
    outer loop
      vertex 30.0264 -49.178 5
      vertex 29.9047 -49.6216 5
      vertex 30.1998 -49.6803 5
    endloop
  endfacet
  facet normal 0 0 1
    outer loop
      vertex 29.7983 -49.101 5
      vertex 29.9047 -49.6216 5
      vertex 30.0237 -49.1775 5
    endloop
  endfacet
  facet normal 0 0 1
    outer loop
      vertex 29.6198 -49.5249 5
      vertex 29.7983 -49.101 5
      vertex 29.7958 -49.1001 5
    endloop
  endfacet
  facet normal 0 0 1
    outer loop
      vertex 29.6198 -49.5249 5
      vertex 29.7958 -49.1001 5
      vertex 29.7934 -49.0989 5
    endloop
  endfacet
  facet normal 0 0 1
    outer loop
      vertex 29.7983 -49.101 5
      vertex 29.6198 -49.5249 5
      vertex 29.9047 -49.6216 5
    endloop
  endfacet
  facet normal 0 0 1
    outer loop
      vertex 29.5799 -48.9936 5
      vertex 29.6198 -49.5249 5
      vertex 29.7934 -49.0989 5
    endloop
  endfacet
  facet normal 0 0 1
    outer loop
      vertex 29.35 -49.3919 5
      vertex 29.5799 -48.9936 5
      vertex 29.382 -48.8614 5
    endloop
  endfacet
  facet normal 0 0 1
    outer loop
      vertex 29.0998 -49.2247 5
      vertex 29.382 -48.8614 5
      vertex 29.3798 -48.8599 5
    endloop
  endfacet
  facet normal 0 0 1
    outer loop
      vertex 29.0998 -49.2247 5
      vertex 29.3798 -48.8599 5
      vertex 29.3778 -48.8581 5
    endloop
  endfacet
  facet normal 0 0 1
    outer loop
      vertex 29.5799 -48.9936 5
      vertex 29.35 -49.3919 5
      vertex 29.6198 -49.5249 5
    endloop
  endfacet
  facet normal 0 0 1
    outer loop
      vertex 29.0998 -49.2247 5
      vertex 29.3778 -48.8581 5
      vertex 29.1988 -48.7012 5
    endloop
  endfacet
  facet normal 0 0 1
    outer loop
      vertex 29.382 -48.8614 5
      vertex 29.0998 -49.2247 5
      vertex 29.35 -49.3919 5
    endloop
  endfacet
  facet normal 0 0 1
    outer loop
      vertex 28.8737 -49.0263 5
      vertex 29.1988 -48.7012 5
      vertex 29.0419 -48.5222 5
    endloop
  endfacet
  facet normal 0 0 1
    outer loop
      vertex 28.6753 -48.8002 5
      vertex 29.0419 -48.5222 5
      vertex 29.0401 -48.5202 5
    endloop
  endfacet
  facet normal 0 0 1
    outer loop
      vertex 28.6753 -48.8002 5
      vertex 29.0401 -48.5202 5
      vertex 29.0386 -48.518 5
    endloop
  endfacet
  facet normal 0 0 1
    outer loop
      vertex 28.6753 -48.8002 5
      vertex 29.0386 -48.518 5
      vertex 28.9064 -48.3201 5
    endloop
  endfacet
  facet normal 0 0 1
    outer loop
      vertex 29.1988 -48.7012 5
      vertex 28.8737 -49.0263 5
      vertex 29.0998 -49.2247 5
    endloop
  endfacet
  facet normal 0 0 1
    outer loop
      vertex 28.5081 -48.55 5
      vertex 28.9064 -48.3201 5
      vertex 28.8011 -48.1066 5
    endloop
  endfacet
  facet normal 0 0 1
    outer loop
      vertex 28.3751 -48.2802 5
      vertex 28.8011 -48.1066 5
      vertex 28.7999 -48.1042 5
    endloop
  endfacet
  facet normal 0 0 1
    outer loop
      vertex 28.3751 -48.2802 5
      vertex 28.7999 -48.1042 5
      vertex 28.799 -48.1017 5
    endloop
  endfacet
  facet normal 0 0 1
    outer loop
      vertex 28.3751 -48.2802 5
      vertex 28.799 -48.1017 5
      vertex 28.7225 -47.8763 5
    endloop
  endfacet
  facet normal 0 0 1
    outer loop
      vertex 28.2784 -47.9953 5
      vertex 28.7225 -47.8763 5
      vertex 28.722 -47.8736 5
    endloop
  endfacet
  facet normal 0 0 1
    outer loop
      vertex 28.2784 -47.9953 5
      vertex 28.722 -47.8736 5
      vertex 28.6756 -47.6402 5
    endloop
  endfacet
  facet normal 0 0 1
    outer loop
      vertex 29.0419 -48.5222 5
      vertex 28.6753 -48.8002 5
      vertex 28.8737 -49.0263 5
    endloop
  endfacet
  facet normal 0 0 1
    outer loop
      vertex 28.2197 -47.7002 5
      vertex 28.6756 -47.6402 5
      vertex 28.6754 -47.6375 5
    endloop
  endfacet
  facet normal 0 0 1
    outer loop
      vertex 28.2197 -47.7002 5
      vertex 28.6754 -47.6375 5
      vertex 28.6598 -47.4 5
    endloop
  endfacet
  facet normal -0 0 1
    outer loop
      vertex 28.2197 -47.0998 5
      vertex 28.6756 -47.1598 5
      vertex 28.2784 -46.8047 5
    endloop
  endfacet
  facet normal 0 0 1
    outer loop
      vertex 28.9064 -48.3201 5
      vertex 28.5081 -48.55 5
      vertex 28.6753 -48.8002 5
    endloop
  endfacet
  facet normal 0 0 1
    outer loop
      vertex 28.6756 -47.1598 5
      vertex 28.2197 -47.0998 5
      vertex 28.6754 -47.1625 5
    endloop
  endfacet
  facet normal 0 0 1
    outer loop
      vertex 28.8011 -48.1066 5
      vertex 28.3751 -48.2802 5
      vertex 28.5081 -48.55 5
    endloop
  endfacet
  facet normal 0 0 1
    outer loop
      vertex 28.6754 -47.1625 5
      vertex 28.2197 -47.0998 5
      vertex 28.6598 -47.4 5
    endloop
  endfacet
  facet normal 0 0 1
    outer loop
      vertex 28.7225 -47.8763 5
      vertex 28.2784 -47.9953 5
      vertex 28.3751 -48.2802 5
    endloop
  endfacet
  facet normal 0 0 1
    outer loop
      vertex 28.2 -47.4 5
      vertex 28.6598 -47.4 5
      vertex 28.2197 -47.0998 5
    endloop
  endfacet
  facet normal 0 0 1
    outer loop
      vertex 28.6756 -47.6402 5
      vertex 28.2197 -47.7002 5
      vertex 28.2784 -47.9953 5
    endloop
  endfacet
  facet normal 0 0 1
    outer loop
      vertex 28.6598 -47.4 5
      vertex 28.2 -47.4 5
      vertex 28.2197 -47.7002 5
    endloop
  endfacet
  facet normal 0.981227 0.192854 0
    outer loop
      vertex 109.78 -33.0998 5
      vertex 109.722 -32.8047 2.5
      vertex 109.722 -32.8047 5
    endloop
  endfacet
  facet normal 0.981227 0.192854 0
    outer loop
      vertex 109.722 -32.8047 2.5
      vertex 109.78 -33.0998 5
      vertex 109.78 -33.0998 2.5
    endloop
  endfacet
  facet normal 0.997788 0.0664749 0
    outer loop
      vertex 109.8 -33.4 5
      vertex 109.78 -33.0998 2.5
      vertex 109.78 -33.0998 5
    endloop
  endfacet
  facet normal 0.997788 0.0664749 0
    outer loop
      vertex 109.78 -33.0998 2.5
      vertex 109.8 -33.4 5
      vertex 109.8 -33.4 2.5
    endloop
  endfacet
  facet normal 0.946637 0.322302 0
    outer loop
      vertex 109.722 -32.8047 5
      vertex 109.625 -32.5198 2.5
      vertex 109.625 -32.5198 5
    endloop
  endfacet
  facet normal 0.946637 0.322302 0
    outer loop
      vertex 109.625 -32.5198 2.5
      vertex 109.722 -32.8047 5
      vertex 109.722 -32.8047 2.5
    endloop
  endfacet
  facet normal 0.44189 0.897069 -0
    outer loop
      vertex 108.65 -31.4081 2.5
      vertex 108.38 -31.2751 5
      vertex 108.65 -31.4081 5
    endloop
  endfacet
  facet normal 0.44189 0.897069 0
    outer loop
      vertex 108.38 -31.2751 5
      vertex 108.65 -31.4081 2.5
      vertex 108.38 -31.2751 2.5
    endloop
  endfacet
  facet normal 0.831743 0.55516 0
    outer loop
      vertex 109.492 -32.25 5
      vertex 109.325 -31.9998 2.5
      vertex 109.325 -31.9998 5
    endloop
  endfacet
  facet normal 0.831743 0.55516 0
    outer loop
      vertex 109.325 -31.9998 2.5
      vertex 109.492 -32.25 5
      vertex 109.492 -32.25 2.5
    endloop
  endfacet
  facet normal -0.997788 0.0664749 0
    outer loop
      vertex 105.2 -33.4 2.5
      vertex 105.22 -33.0998 5
      vertex 105.22 -33.0998 2.5
    endloop
  endfacet
  facet normal -0.997788 0.0664749 0
    outer loop
      vertex 105.22 -33.0998 5
      vertex 105.2 -33.4 2.5
      vertex 105.2 -33.4 5
    endloop
  endfacet
  facet normal -0.659728 0.751505 0
    outer loop
      vertex 106.1 -31.5753 2.5
      vertex 105.874 -31.7737 5
      vertex 106.1 -31.5753 5
    endloop
  endfacet
  facet normal -0.659728 0.751505 0
    outer loop
      vertex 105.874 -31.7737 5
      vertex 106.1 -31.5753 2.5
      vertex 105.874 -31.7737 2.5
    endloop
  endfacet
  facet normal 0.750661 0.660688 0
    outer loop
      vertex 109.325 -31.9998 5
      vertex 109.126 -31.7737 2.5
      vertex 109.126 -31.7737 5
    endloop
  endfacet
  facet normal 0.750661 0.660688 0
    outer loop
      vertex 109.126 -31.7737 2.5
      vertex 109.325 -31.9998 5
      vertex 109.325 -31.9998 2.5
    endloop
  endfacet
  facet normal 0.981227 -0.192854 0
    outer loop
      vertex 109.722 -33.9953 5
      vertex 109.78 -33.7002 2.5
      vertex 109.78 -33.7002 5
    endloop
  endfacet
  facet normal 0.981227 -0.192854 0
    outer loop
      vertex 109.78 -33.7002 2.5
      vertex 109.722 -33.9953 5
      vertex 109.722 -33.9953 2.5
    endloop
  endfacet
  facet normal 0.321307 -0.946975 0
    outer loop
      vertex 108.095 -35.6216 2.5
      vertex 108.38 -35.5249 5
      vertex 108.095 -35.6216 5
    endloop
  endfacet
  facet normal 0.321307 -0.946975 0
    outer loop
      vertex 108.38 -35.5249 5
      vertex 108.095 -35.6216 2.5
      vertex 108.38 -35.5249 2.5
    endloop
  endfacet
  facet normal 0.89694 0.442153 0
    outer loop
      vertex 109.625 -32.5198 5
      vertex 109.492 -32.25 2.5
      vertex 109.492 -32.25 5
    endloop
  endfacet
  facet normal 0.89694 0.442153 0
    outer loop
      vertex 109.492 -32.25 2.5
      vertex 109.625 -32.5198 5
      vertex 109.625 -32.5198 2.5
    endloop
  endfacet
  facet normal -0.0655255 -0.997851 0
    outer loop
      vertex 107.2 -35.6803 2.5
      vertex 107.5 -35.7 5
      vertex 107.2 -35.6803 5
    endloop
  endfacet
  facet normal -0.0655255 -0.997851 -0
    outer loop
      vertex 107.5 -35.7 5
      vertex 107.2 -35.6803 2.5
      vertex 107.5 -35.7 2.5
    endloop
  endfacet
  facet normal 0.750661 -0.660688 0
    outer loop
      vertex 109.126 -35.0263 5
      vertex 109.325 -34.8002 2.5
      vertex 109.325 -34.8002 5
    endloop
  endfacet
  facet normal 0.750661 -0.660688 0
    outer loop
      vertex 109.325 -34.8002 2.5
      vertex 109.126 -35.0263 5
      vertex 109.126 -35.0263 2.5
    endloop
  endfacet
  facet normal -0.981227 0.192854 0
    outer loop
      vertex 105.22 -33.0998 2.5
      vertex 105.278 -32.8047 5
      vertex 105.278 -32.8047 2.5
    endloop
  endfacet
  facet normal -0.981227 0.192854 0
    outer loop
      vertex 105.278 -32.8047 5
      vertex 105.22 -33.0998 2.5
      vertex 105.22 -33.0998 5
    endloop
  endfacet
  facet normal -0.44189 -0.897069 0
    outer loop
      vertex 106.35 -35.3919 2.5
      vertex 106.62 -35.5249 5
      vertex 106.35 -35.3919 5
    endloop
  endfacet
  facet normal -0.44189 -0.897069 -0
    outer loop
      vertex 106.62 -35.5249 5
      vertex 106.35 -35.3919 2.5
      vertex 106.62 -35.5249 2.5
    endloop
  endfacet
  facet normal -0.750661 -0.660688 0
    outer loop
      vertex 105.874 -35.0263 2.5
      vertex 105.675 -34.8002 5
      vertex 105.675 -34.8002 2.5
    endloop
  endfacet
  facet normal -0.750661 -0.660688 0
    outer loop
      vertex 105.675 -34.8002 5
      vertex 105.874 -35.0263 2.5
      vertex 105.874 -35.0263 5
    endloop
  endfacet
  facet normal -0.946637 0.322302 0
    outer loop
      vertex 105.278 -32.8047 2.5
      vertex 105.375 -32.5198 5
      vertex 105.375 -32.5198 2.5
    endloop
  endfacet
  facet normal -0.946637 0.322302 0
    outer loop
      vertex 105.375 -32.5198 5
      vertex 105.278 -32.8047 2.5
      vertex 105.278 -32.8047 5
    endloop
  endfacet
  facet normal -0.321307 0.946975 0
    outer loop
      vertex 106.905 -31.1784 2.5
      vertex 106.62 -31.2751 5
      vertex 106.905 -31.1784 5
    endloop
  endfacet
  facet normal -0.321307 0.946975 0
    outer loop
      vertex 106.62 -31.2751 5
      vertex 106.905 -31.1784 2.5
      vertex 106.62 -31.2751 2.5
    endloop
  endfacet
  facet normal -0.946637 -0.322302 0
    outer loop
      vertex 105.375 -34.2802 2.5
      vertex 105.278 -33.9953 5
      vertex 105.278 -33.9953 2.5
    endloop
  endfacet
  facet normal -0.946637 -0.322302 0
    outer loop
      vertex 105.278 -33.9953 5
      vertex 105.375 -34.2802 2.5
      vertex 105.375 -34.2802 5
    endloop
  endfacet
  facet normal -0.750661 0.660688 0
    outer loop
      vertex 105.675 -31.9998 2.5
      vertex 105.874 -31.7737 5
      vertex 105.874 -31.7737 2.5
    endloop
  endfacet
  facet normal -0.750661 0.660688 0
    outer loop
      vertex 105.874 -31.7737 5
      vertex 105.675 -31.9998 2.5
      vertex 105.675 -31.9998 5
    endloop
  endfacet
  facet normal 0.946637 -0.322302 0
    outer loop
      vertex 109.625 -34.2802 5
      vertex 109.722 -33.9953 2.5
      vertex 109.722 -33.9953 5
    endloop
  endfacet
  facet normal 0.946637 -0.322302 0
    outer loop
      vertex 109.722 -33.9953 2.5
      vertex 109.625 -34.2802 5
      vertex 109.625 -34.2802 2.5
    endloop
  endfacet
  facet normal 0.89694 -0.442153 0
    outer loop
      vertex 109.492 -34.55 5
      vertex 109.625 -34.2802 2.5
      vertex 109.625 -34.2802 5
    endloop
  endfacet
  facet normal 0.89694 -0.442153 0
    outer loop
      vertex 109.625 -34.2802 2.5
      vertex 109.492 -34.55 5
      vertex 109.492 -34.55 2.5
    endloop
  endfacet
  facet normal 0.997788 -0.0664749 0
    outer loop
      vertex 109.78 -33.7002 5
      vertex 109.8 -33.4 2.5
      vertex 109.8 -33.4 5
    endloop
  endfacet
  facet normal 0.997788 -0.0664749 0
    outer loop
      vertex 109.8 -33.4 2.5
      vertex 109.78 -33.7002 5
      vertex 109.78 -33.7002 2.5
    endloop
  endfacet
  facet normal 0.659728 -0.751505 0
    outer loop
      vertex 108.9 -35.2247 2.5
      vertex 109.126 -35.0263 5
      vertex 108.9 -35.2247 5
    endloop
  endfacet
  facet normal 0.659728 -0.751505 0
    outer loop
      vertex 109.126 -35.0263 5
      vertex 108.9 -35.2247 2.5
      vertex 109.126 -35.0263 2.5
    endloop
  endfacet
  facet normal 0.659728 0.751505 -0
    outer loop
      vertex 109.126 -31.7737 2.5
      vertex 108.9 -31.5753 5
      vertex 109.126 -31.7737 5
    endloop
  endfacet
  facet normal 0.659728 0.751505 0
    outer loop
      vertex 108.9 -31.5753 5
      vertex 109.126 -31.7737 2.5
      vertex 108.9 -31.5753 2.5
    endloop
  endfacet
  facet normal 0.555927 0.831231 -0
    outer loop
      vertex 108.9 -31.5753 2.5
      vertex 108.65 -31.4081 5
      vertex 108.9 -31.5753 5
    endloop
  endfacet
  facet normal 0.555927 0.831231 0
    outer loop
      vertex 108.65 -31.4081 5
      vertex 108.9 -31.5753 2.5
      vertex 108.65 -31.4081 2.5
    endloop
  endfacet
  facet normal 0.195157 -0.980772 0
    outer loop
      vertex 107.8 -35.6803 2.5
      vertex 108.095 -35.6216 5
      vertex 107.8 -35.6803 5
    endloop
  endfacet
  facet normal 0.195157 -0.980772 0
    outer loop
      vertex 108.095 -35.6216 5
      vertex 107.8 -35.6803 2.5
      vertex 108.095 -35.6216 2.5
    endloop
  endfacet
  facet normal 0.831743 -0.55516 0
    outer loop
      vertex 109.325 -34.8002 5
      vertex 109.492 -34.55 2.5
      vertex 109.492 -34.55 5
    endloop
  endfacet
  facet normal 0.831743 -0.55516 0
    outer loop
      vertex 109.492 -34.55 2.5
      vertex 109.325 -34.8002 5
      vertex 109.325 -34.8002 2.5
    endloop
  endfacet
  facet normal -0.0655255 0.997851 0
    outer loop
      vertex 107.5 -31.1 2.5
      vertex 107.2 -31.1197 5
      vertex 107.5 -31.1 5
    endloop
  endfacet
  facet normal -0.0655255 0.997851 0
    outer loop
      vertex 107.2 -31.1197 5
      vertex 107.5 -31.1 2.5
      vertex 107.2 -31.1197 2.5
    endloop
  endfacet
  facet normal 0.0655255 -0.997851 0
    outer loop
      vertex 107.5 -35.7 2.5
      vertex 107.8 -35.6803 5
      vertex 107.5 -35.7 5
    endloop
  endfacet
  facet normal 0.0655255 -0.997851 0
    outer loop
      vertex 107.8 -35.6803 5
      vertex 107.5 -35.7 2.5
      vertex 107.8 -35.6803 2.5
    endloop
  endfacet
  facet normal 0.321307 0.946975 -0
    outer loop
      vertex 108.38 -31.2751 2.5
      vertex 108.095 -31.1784 5
      vertex 108.38 -31.2751 5
    endloop
  endfacet
  facet normal 0.321307 0.946975 0
    outer loop
      vertex 108.095 -31.1784 5
      vertex 108.38 -31.2751 2.5
      vertex 108.095 -31.1784 2.5
    endloop
  endfacet
  facet normal -0.981227 -0.192854 0
    outer loop
      vertex 105.278 -33.9953 2.5
      vertex 105.22 -33.7002 5
      vertex 105.22 -33.7002 2.5
    endloop
  endfacet
  facet normal -0.981227 -0.192854 0
    outer loop
      vertex 105.22 -33.7002 5
      vertex 105.278 -33.9953 2.5
      vertex 105.278 -33.9953 5
    endloop
  endfacet
  facet normal 0.0655255 0.997851 -0
    outer loop
      vertex 107.8 -31.1197 2.5
      vertex 107.5 -31.1 5
      vertex 107.8 -31.1197 5
    endloop
  endfacet
  facet normal 0.0655255 0.997851 0
    outer loop
      vertex 107.5 -31.1 5
      vertex 107.8 -31.1197 2.5
      vertex 107.5 -31.1 2.5
    endloop
  endfacet
  facet normal -0.997788 -0.0664749 0
    outer loop
      vertex 105.22 -33.7002 2.5
      vertex 105.2 -33.4 5
      vertex 105.2 -33.4 2.5
    endloop
  endfacet
  facet normal -0.997788 -0.0664749 0
    outer loop
      vertex 105.2 -33.4 5
      vertex 105.22 -33.7002 2.5
      vertex 105.22 -33.7002 5
    endloop
  endfacet
  facet normal -0.195157 -0.980772 0
    outer loop
      vertex 106.905 -35.6216 2.5
      vertex 107.2 -35.6803 5
      vertex 106.905 -35.6216 5
    endloop
  endfacet
  facet normal -0.195157 -0.980772 -0
    outer loop
      vertex 107.2 -35.6803 5
      vertex 106.905 -35.6216 2.5
      vertex 107.2 -35.6803 2.5
    endloop
  endfacet
  facet normal -0.195157 0.980772 0
    outer loop
      vertex 107.2 -31.1197 2.5
      vertex 106.905 -31.1784 5
      vertex 107.2 -31.1197 5
    endloop
  endfacet
  facet normal -0.195157 0.980772 0
    outer loop
      vertex 106.905 -31.1784 5
      vertex 107.2 -31.1197 2.5
      vertex 106.905 -31.1784 2.5
    endloop
  endfacet
  facet normal 0.555927 -0.831231 0
    outer loop
      vertex 108.65 -35.3919 2.5
      vertex 108.9 -35.2247 5
      vertex 108.65 -35.3919 5
    endloop
  endfacet
  facet normal 0.555927 -0.831231 0
    outer loop
      vertex 108.9 -35.2247 5
      vertex 108.65 -35.3919 2.5
      vertex 108.9 -35.2247 2.5
    endloop
  endfacet
  facet normal -0.659728 -0.751505 0
    outer loop
      vertex 105.874 -35.0263 2.5
      vertex 106.1 -35.2247 5
      vertex 105.874 -35.0263 5
    endloop
  endfacet
  facet normal -0.659728 -0.751505 -0
    outer loop
      vertex 106.1 -35.2247 5
      vertex 105.874 -35.0263 2.5
      vertex 106.1 -35.2247 2.5
    endloop
  endfacet
  facet normal -0.44189 0.897069 0
    outer loop
      vertex 106.62 -31.2751 2.5
      vertex 106.35 -31.4081 5
      vertex 106.62 -31.2751 5
    endloop
  endfacet
  facet normal -0.44189 0.897069 0
    outer loop
      vertex 106.35 -31.4081 5
      vertex 106.62 -31.2751 2.5
      vertex 106.35 -31.4081 2.5
    endloop
  endfacet
  facet normal -0.555927 0.831231 0
    outer loop
      vertex 106.35 -31.4081 2.5
      vertex 106.1 -31.5753 5
      vertex 106.35 -31.4081 5
    endloop
  endfacet
  facet normal -0.555927 0.831231 0
    outer loop
      vertex 106.1 -31.5753 5
      vertex 106.35 -31.4081 2.5
      vertex 106.1 -31.5753 2.5
    endloop
  endfacet
  facet normal 0.44189 -0.897069 0
    outer loop
      vertex 108.38 -35.5249 2.5
      vertex 108.65 -35.3919 5
      vertex 108.38 -35.5249 5
    endloop
  endfacet
  facet normal 0.44189 -0.897069 0
    outer loop
      vertex 108.65 -35.3919 5
      vertex 108.38 -35.5249 2.5
      vertex 108.65 -35.3919 2.5
    endloop
  endfacet
  facet normal 0.195157 0.980772 -0
    outer loop
      vertex 108.095 -31.1784 2.5
      vertex 107.8 -31.1197 5
      vertex 108.095 -31.1784 5
    endloop
  endfacet
  facet normal 0.195157 0.980772 0
    outer loop
      vertex 107.8 -31.1197 5
      vertex 108.095 -31.1784 2.5
      vertex 107.8 -31.1197 2.5
    endloop
  endfacet
  facet normal -0.89694 -0.442153 0
    outer loop
      vertex 105.508 -34.55 2.5
      vertex 105.375 -34.2802 5
      vertex 105.375 -34.2802 2.5
    endloop
  endfacet
  facet normal -0.89694 -0.442153 0
    outer loop
      vertex 105.375 -34.2802 5
      vertex 105.508 -34.55 2.5
      vertex 105.508 -34.55 5
    endloop
  endfacet
  facet normal -0.831743 -0.55516 0
    outer loop
      vertex 105.675 -34.8002 2.5
      vertex 105.508 -34.55 5
      vertex 105.508 -34.55 2.5
    endloop
  endfacet
  facet normal -0.831743 -0.55516 0
    outer loop
      vertex 105.508 -34.55 5
      vertex 105.675 -34.8002 2.5
      vertex 105.675 -34.8002 5
    endloop
  endfacet
  facet normal -0.89694 0.442153 0
    outer loop
      vertex 105.375 -32.5198 2.5
      vertex 105.508 -32.25 5
      vertex 105.508 -32.25 2.5
    endloop
  endfacet
  facet normal -0.89694 0.442153 0
    outer loop
      vertex 105.508 -32.25 5
      vertex 105.375 -32.5198 2.5
      vertex 105.375 -32.5198 5
    endloop
  endfacet
  facet normal -0.831743 0.55516 0
    outer loop
      vertex 105.508 -32.25 2.5
      vertex 105.675 -31.9998 5
      vertex 105.675 -31.9998 2.5
    endloop
  endfacet
  facet normal -0.831743 0.55516 0
    outer loop
      vertex 105.675 -31.9998 5
      vertex 105.508 -32.25 2.5
      vertex 105.508 -32.25 5
    endloop
  endfacet
  facet normal -0.321307 -0.946975 0
    outer loop
      vertex 106.62 -35.5249 2.5
      vertex 106.905 -35.6216 5
      vertex 106.62 -35.5249 5
    endloop
  endfacet
  facet normal -0.321307 -0.946975 -0
    outer loop
      vertex 106.905 -35.6216 5
      vertex 106.62 -35.5249 2.5
      vertex 106.905 -35.6216 2.5
    endloop
  endfacet
  facet normal -0.555927 -0.831231 0
    outer loop
      vertex 106.1 -35.2247 2.5
      vertex 106.35 -35.3919 5
      vertex 106.1 -35.2247 5
    endloop
  endfacet
  facet normal -0.555927 -0.831231 -0
    outer loop
      vertex 106.35 -35.3919 5
      vertex 106.1 -35.2247 2.5
      vertex 106.35 -35.3919 2.5
    endloop
  endfacet
  facet normal 0 0 1
    outer loop
      vertex 109.34 -33.4 5
      vertex 109.8 -33.4 5
      vertex 109.78 -33.0998 5
    endloop
  endfacet
  facet normal 0 0 1
    outer loop
      vertex 109.324 -33.1598 5
      vertex 109.78 -33.0998 5
      vertex 109.722 -32.8047 5
    endloop
  endfacet
  facet normal 0 0 1
    outer loop
      vertex 109.8 -33.4 5
      vertex 109.34 -33.4 5
      vertex 109.78 -33.7002 5
    endloop
  endfacet
  facet normal 0 0 1
    outer loop
      vertex 109.277 -32.9237 5
      vertex 109.722 -32.8047 5
      vertex 109.625 -32.5198 5
    endloop
  endfacet
  facet normal -0 0 1
    outer loop
      vertex 109.325 -33.6375 5
      vertex 109.78 -33.7002 5
      vertex 109.34 -33.4 5
    endloop
  endfacet
  facet normal 0 0 1
    outer loop
      vertex 109.199 -32.6934 5
      vertex 109.625 -32.5198 5
      vertex 109.492 -32.25 5
    endloop
  endfacet
  facet normal -0 0 1
    outer loop
      vertex 109.324 -33.6402 5
      vertex 109.78 -33.7002 5
      vertex 109.325 -33.6375 5
    endloop
  endfacet
  facet normal 0 0 1
    outer loop
      vertex 109.78 -33.7002 5
      vertex 109.324 -33.6402 5
      vertex 109.722 -33.9953 5
    endloop
  endfacet
  facet normal 0 0 1
    outer loop
      vertex 109.094 -32.4799 5
      vertex 109.492 -32.25 5
      vertex 109.325 -31.9998 5
    endloop
  endfacet
  facet normal 0 0 1
    outer loop
      vertex 109.78 -33.0998 5
      vertex 109.325 -33.1625 5
      vertex 109.34 -33.4 5
    endloop
  endfacet
  facet normal 0 0 1
    outer loop
      vertex 109.78 -33.0998 5
      vertex 109.324 -33.1598 5
      vertex 109.325 -33.1625 5
    endloop
  endfacet
  facet normal 0 0 1
    outer loop
      vertex 109.722 -32.8047 5
      vertex 109.278 -32.9264 5
      vertex 109.324 -33.1598 5
    endloop
  endfacet
  facet normal 0 0 1
    outer loop
      vertex 109.722 -32.8047 5
      vertex 109.277 -32.9237 5
      vertex 109.278 -32.9264 5
    endloop
  endfacet
  facet normal 0 0 1
    outer loop
      vertex 109.625 -32.5198 5
      vertex 109.201 -32.6983 5
      vertex 109.277 -32.9237 5
    endloop
  endfacet
  facet normal 0 0 1
    outer loop
      vertex 109.625 -32.5198 5
      vertex 109.2 -32.6958 5
      vertex 109.201 -32.6983 5
    endloop
  endfacet
  facet normal 0 0 1
    outer loop
      vertex 109.625 -32.5198 5
      vertex 109.199 -32.6934 5
      vertex 109.2 -32.6958 5
    endloop
  endfacet
  facet normal 0 0 1
    outer loop
      vertex 108.958 -32.2778 5
      vertex 109.325 -31.9998 5
      vertex 109.126 -31.7737 5
    endloop
  endfacet
  facet normal 0 0 1
    outer loop
      vertex 109.492 -32.25 5
      vertex 109.094 -32.4799 5
      vertex 109.199 -32.6934 5
    endloop
  endfacet
  facet normal 0 0 1
    outer loop
      vertex 109.325 -31.9998 5
      vertex 108.961 -32.282 5
      vertex 109.094 -32.4799 5
    endloop
  endfacet
  facet normal 0 0 1
    outer loop
      vertex 109.325 -31.9998 5
      vertex 108.96 -32.2798 5
      vertex 108.961 -32.282 5
    endloop
  endfacet
  facet normal 0 0 1
    outer loop
      vertex 109.325 -31.9998 5
      vertex 108.958 -32.2778 5
      vertex 108.96 -32.2798 5
    endloop
  endfacet
  facet normal 0 0 1
    outer loop
      vertex 108.801 -32.0988 5
      vertex 109.126 -31.7737 5
      vertex 108.9 -31.5753 5
    endloop
  endfacet
  facet normal 0 0 1
    outer loop
      vertex 109.126 -31.7737 5
      vertex 108.801 -32.0988 5
      vertex 108.958 -32.2778 5
    endloop
  endfacet
  facet normal 0 0 1
    outer loop
      vertex 108.618 -31.9386 5
      vertex 108.9 -31.5753 5
      vertex 108.65 -31.4081 5
    endloop
  endfacet
  facet normal 0 0 1
    outer loop
      vertex 108.9 -31.5753 5
      vertex 108.622 -31.9419 5
      vertex 108.801 -32.0988 5
    endloop
  endfacet
  facet normal 0 0 1
    outer loop
      vertex 108.9 -31.5753 5
      vertex 108.62 -31.9401 5
      vertex 108.622 -31.9419 5
    endloop
  endfacet
  facet normal 0 0 1
    outer loop
      vertex 108.9 -31.5753 5
      vertex 108.618 -31.9386 5
      vertex 108.62 -31.9401 5
    endloop
  endfacet
  facet normal 0 0 1
    outer loop
      vertex 108.65 -31.4081 5
      vertex 108.42 -31.8064 5
      vertex 108.618 -31.9386 5
    endloop
  endfacet
  facet normal 0 0 1
    outer loop
      vertex 108.38 -31.2751 5
      vertex 108.42 -31.8064 5
      vertex 108.65 -31.4081 5
    endloop
  endfacet
  facet normal 0 0 1
    outer loop
      vertex 108.38 -31.2751 5
      vertex 108.207 -31.7011 5
      vertex 108.42 -31.8064 5
    endloop
  endfacet
  facet normal 0 0 1
    outer loop
      vertex 108.38 -31.2751 5
      vertex 108.204 -31.6999 5
      vertex 108.207 -31.7011 5
    endloop
  endfacet
  facet normal 0 0 1
    outer loop
      vertex 108.38 -31.2751 5
      vertex 108.202 -31.699 5
      vertex 108.204 -31.6999 5
    endloop
  endfacet
  facet normal 0 0 1
    outer loop
      vertex 108.095 -31.1784 5
      vertex 108.202 -31.699 5
      vertex 108.38 -31.2751 5
    endloop
  endfacet
  facet normal 0 0 1
    outer loop
      vertex 108.095 -31.1784 5
      vertex 107.976 -31.6225 5
      vertex 108.202 -31.699 5
    endloop
  endfacet
  facet normal 0 0 1
    outer loop
      vertex 108.095 -31.1784 5
      vertex 107.974 -31.622 5
      vertex 107.976 -31.6225 5
    endloop
  endfacet
  facet normal 0 0 1
    outer loop
      vertex 107.8 -31.1197 5
      vertex 107.974 -31.622 5
      vertex 108.095 -31.1784 5
    endloop
  endfacet
  facet normal 0 0 1
    outer loop
      vertex 107.8 -31.1197 5
      vertex 107.74 -31.5756 5
      vertex 107.974 -31.622 5
    endloop
  endfacet
  facet normal 0 0 1
    outer loop
      vertex 107.8 -31.1197 5
      vertex 107.738 -31.5754 5
      vertex 107.74 -31.5756 5
    endloop
  endfacet
  facet normal 0 0 1
    outer loop
      vertex 107.5 -31.1 5
      vertex 107.738 -31.5754 5
      vertex 107.8 -31.1197 5
    endloop
  endfacet
  facet normal 0 0 1
    outer loop
      vertex 107.5 -31.1 5
      vertex 107.5 -31.5598 5
      vertex 107.738 -31.5754 5
    endloop
  endfacet
  facet normal 0 0 1
    outer loop
      vertex 107.5 -31.1 5
      vertex 107.262 -31.5754 5
      vertex 107.5 -31.5598 5
    endloop
  endfacet
  facet normal -0 0 1
    outer loop
      vertex 107.2 -31.1197 5
      vertex 107.262 -31.5754 5
      vertex 107.5 -31.1 5
    endloop
  endfacet
  facet normal 0 0 1
    outer loop
      vertex 107.262 -31.5754 5
      vertex 107.2 -31.1197 5
      vertex 107.26 -31.5756 5
    endloop
  endfacet
  facet normal 0 0 1
    outer loop
      vertex 107.2 -31.1197 5
      vertex 107.026 -31.622 5
      vertex 107.26 -31.5756 5
    endloop
  endfacet
  facet normal -0 0 1
    outer loop
      vertex 106.905 -31.1784 5
      vertex 107.026 -31.622 5
      vertex 107.2 -31.1197 5
    endloop
  endfacet
  facet normal 0 0 1
    outer loop
      vertex 107.026 -31.622 5
      vertex 106.905 -31.1784 5
      vertex 107.024 -31.6225 5
    endloop
  endfacet
  facet normal 0 0 1
    outer loop
      vertex 106.905 -31.1784 5
      vertex 106.798 -31.699 5
      vertex 107.024 -31.6225 5
    endloop
  endfacet
  facet normal -0 0 1
    outer loop
      vertex 106.62 -31.2751 5
      vertex 106.798 -31.699 5
      vertex 106.905 -31.1784 5
    endloop
  endfacet
  facet normal 0 0 1
    outer loop
      vertex 106.798 -31.699 5
      vertex 106.62 -31.2751 5
      vertex 106.796 -31.6999 5
    endloop
  endfacet
  facet normal 0 0 1
    outer loop
      vertex 106.796 -31.6999 5
      vertex 106.62 -31.2751 5
      vertex 106.793 -31.7011 5
    endloop
  endfacet
  facet normal 0 0 1
    outer loop
      vertex 106.62 -31.2751 5
      vertex 106.58 -31.8064 5
      vertex 106.793 -31.7011 5
    endloop
  endfacet
  facet normal -0 0 1
    outer loop
      vertex 106.35 -31.4081 5
      vertex 106.58 -31.8064 5
      vertex 106.62 -31.2751 5
    endloop
  endfacet
  facet normal 0 0 1
    outer loop
      vertex 106.58 -31.8064 5
      vertex 106.35 -31.4081 5
      vertex 106.382 -31.9386 5
    endloop
  endfacet
  facet normal -0 0 1
    outer loop
      vertex 106.1 -31.5753 5
      vertex 106.382 -31.9386 5
      vertex 106.35 -31.4081 5
    endloop
  endfacet
  facet normal 0 0 1
    outer loop
      vertex 106.382 -31.9386 5
      vertex 106.1 -31.5753 5
      vertex 106.38 -31.9401 5
    endloop
  endfacet
  facet normal 0 0 1
    outer loop
      vertex 106.38 -31.9401 5
      vertex 106.1 -31.5753 5
      vertex 106.378 -31.9419 5
    endloop
  endfacet
  facet normal 0 0 1
    outer loop
      vertex 106.378 -31.9419 5
      vertex 106.1 -31.5753 5
      vertex 106.199 -32.0988 5
    endloop
  endfacet
  facet normal -0 0 1
    outer loop
      vertex 105.874 -31.7737 5
      vertex 106.199 -32.0988 5
      vertex 106.1 -31.5753 5
    endloop
  endfacet
  facet normal 0 0 1
    outer loop
      vertex 106.199 -32.0988 5
      vertex 105.874 -31.7737 5
      vertex 106.042 -32.2778 5
    endloop
  endfacet
  facet normal -0 0 1
    outer loop
      vertex 105.675 -31.9998 5
      vertex 106.042 -32.2778 5
      vertex 105.874 -31.7737 5
    endloop
  endfacet
  facet normal 0 0 1
    outer loop
      vertex 106.042 -32.2778 5
      vertex 105.675 -31.9998 5
      vertex 106.04 -32.2798 5
    endloop
  endfacet
  facet normal 0 0 1
    outer loop
      vertex 106.04 -32.2798 5
      vertex 105.675 -31.9998 5
      vertex 106.039 -32.282 5
    endloop
  endfacet
  facet normal 0 0 1
    outer loop
      vertex 106.039 -32.282 5
      vertex 105.675 -31.9998 5
      vertex 105.906 -32.4799 5
    endloop
  endfacet
  facet normal -0 0 1
    outer loop
      vertex 105.508 -32.25 5
      vertex 105.906 -32.4799 5
      vertex 105.675 -31.9998 5
    endloop
  endfacet
  facet normal 0 0 1
    outer loop
      vertex 105.906 -32.4799 5
      vertex 105.508 -32.25 5
      vertex 105.801 -32.6934 5
    endloop
  endfacet
  facet normal -0 0 1
    outer loop
      vertex 105.375 -32.5198 5
      vertex 105.801 -32.6934 5
      vertex 105.508 -32.25 5
    endloop
  endfacet
  facet normal 0 0 1
    outer loop
      vertex 105.801 -32.6934 5
      vertex 105.375 -32.5198 5
      vertex 105.8 -32.6958 5
    endloop
  endfacet
  facet normal 0 0 1
    outer loop
      vertex 105.8 -32.6958 5
      vertex 105.375 -32.5198 5
      vertex 105.799 -32.6983 5
    endloop
  endfacet
  facet normal 0 0 1
    outer loop
      vertex 105.799 -32.6983 5
      vertex 105.375 -32.5198 5
      vertex 105.723 -32.9237 5
    endloop
  endfacet
  facet normal -0 0 1
    outer loop
      vertex 105.278 -32.8047 5
      vertex 105.723 -32.9237 5
      vertex 105.375 -32.5198 5
    endloop
  endfacet
  facet normal 0 0 1
    outer loop
      vertex 105.723 -32.9237 5
      vertex 105.278 -32.8047 5
      vertex 105.722 -32.9264 5
    endloop
  endfacet
  facet normal 0 0 1
    outer loop
      vertex 105.722 -32.9264 5
      vertex 105.278 -32.8047 5
      vertex 105.676 -33.1598 5
    endloop
  endfacet
  facet normal -0 0 1
    outer loop
      vertex 109.278 -33.8736 5
      vertex 109.722 -33.9953 5
      vertex 109.324 -33.6402 5
    endloop
  endfacet
  facet normal -0 0 1
    outer loop
      vertex 109.277 -33.8763 5
      vertex 109.722 -33.9953 5
      vertex 109.278 -33.8736 5
    endloop
  endfacet
  facet normal 0 0 1
    outer loop
      vertex 109.722 -33.9953 5
      vertex 109.277 -33.8763 5
      vertex 109.625 -34.2802 5
    endloop
  endfacet
  facet normal -0 0 1
    outer loop
      vertex 109.201 -34.1017 5
      vertex 109.625 -34.2802 5
      vertex 109.277 -33.8763 5
    endloop
  endfacet
  facet normal -0 0 1
    outer loop
      vertex 109.2 -34.1042 5
      vertex 109.625 -34.2802 5
      vertex 109.201 -34.1017 5
    endloop
  endfacet
  facet normal -0 0 1
    outer loop
      vertex 109.199 -34.1066 5
      vertex 109.625 -34.2802 5
      vertex 109.2 -34.1042 5
    endloop
  endfacet
  facet normal 0 0 1
    outer loop
      vertex 109.625 -34.2802 5
      vertex 109.199 -34.1066 5
      vertex 109.492 -34.55 5
    endloop
  endfacet
  facet normal -0 0 1
    outer loop
      vertex 109.094 -34.3201 5
      vertex 109.492 -34.55 5
      vertex 109.199 -34.1066 5
    endloop
  endfacet
  facet normal 0 0 1
    outer loop
      vertex 109.492 -34.55 5
      vertex 109.094 -34.3201 5
      vertex 109.325 -34.8002 5
    endloop
  endfacet
  facet normal -0 0 1
    outer loop
      vertex 108.961 -34.518 5
      vertex 109.325 -34.8002 5
      vertex 109.094 -34.3201 5
    endloop
  endfacet
  facet normal -0 0 1
    outer loop
      vertex 108.96 -34.5202 5
      vertex 109.325 -34.8002 5
      vertex 108.961 -34.518 5
    endloop
  endfacet
  facet normal -0 0 1
    outer loop
      vertex 108.958 -34.5222 5
      vertex 109.325 -34.8002 5
      vertex 108.96 -34.5202 5
    endloop
  endfacet
  facet normal 0 0 1
    outer loop
      vertex 109.325 -34.8002 5
      vertex 108.958 -34.5222 5
      vertex 109.126 -35.0263 5
    endloop
  endfacet
  facet normal -0 0 1
    outer loop
      vertex 108.801 -34.7012 5
      vertex 109.126 -35.0263 5
      vertex 108.958 -34.5222 5
    endloop
  endfacet
  facet normal 0 0 1
    outer loop
      vertex 109.126 -35.0263 5
      vertex 108.801 -34.7012 5
      vertex 108.9 -35.2247 5
    endloop
  endfacet
  facet normal -0 0 1
    outer loop
      vertex 108.622 -34.8581 5
      vertex 108.9 -35.2247 5
      vertex 108.801 -34.7012 5
    endloop
  endfacet
  facet normal -0 0 1
    outer loop
      vertex 108.62 -34.8599 5
      vertex 108.9 -35.2247 5
      vertex 108.622 -34.8581 5
    endloop
  endfacet
  facet normal -0 0 1
    outer loop
      vertex 108.618 -34.8614 5
      vertex 108.9 -35.2247 5
      vertex 108.62 -34.8599 5
    endloop
  endfacet
  facet normal 0 0 1
    outer loop
      vertex 108.9 -35.2247 5
      vertex 108.618 -34.8614 5
      vertex 108.65 -35.3919 5
    endloop
  endfacet
  facet normal -0 0 1
    outer loop
      vertex 108.42 -34.9936 5
      vertex 108.65 -35.3919 5
      vertex 108.618 -34.8614 5
    endloop
  endfacet
  facet normal 0 0 1
    outer loop
      vertex 108.42 -34.9936 5
      vertex 108.38 -35.5249 5
      vertex 108.65 -35.3919 5
    endloop
  endfacet
  facet normal -0 0 1
    outer loop
      vertex 108.207 -35.0989 5
      vertex 108.38 -35.5249 5
      vertex 108.42 -34.9936 5
    endloop
  endfacet
  facet normal -0 0 1
    outer loop
      vertex 108.204 -35.1001 5
      vertex 108.38 -35.5249 5
      vertex 108.207 -35.0989 5
    endloop
  endfacet
  facet normal -0 0 1
    outer loop
      vertex 108.202 -35.101 5
      vertex 108.38 -35.5249 5
      vertex 108.204 -35.1001 5
    endloop
  endfacet
  facet normal 0 0 1
    outer loop
      vertex 108.202 -35.101 5
      vertex 108.095 -35.6216 5
      vertex 108.38 -35.5249 5
    endloop
  endfacet
  facet normal -0 0 1
    outer loop
      vertex 107.976 -35.1775 5
      vertex 108.095 -35.6216 5
      vertex 108.202 -35.101 5
    endloop
  endfacet
  facet normal -0 0 1
    outer loop
      vertex 107.974 -35.178 5
      vertex 108.095 -35.6216 5
      vertex 107.976 -35.1775 5
    endloop
  endfacet
  facet normal 0 0 1
    outer loop
      vertex 107.974 -35.178 5
      vertex 107.8 -35.6803 5
      vertex 108.095 -35.6216 5
    endloop
  endfacet
  facet normal -0 0 1
    outer loop
      vertex 107.74 -35.2244 5
      vertex 107.8 -35.6803 5
      vertex 107.974 -35.178 5
    endloop
  endfacet
  facet normal -0 0 1
    outer loop
      vertex 107.738 -35.2246 5
      vertex 107.8 -35.6803 5
      vertex 107.74 -35.2244 5
    endloop
  endfacet
  facet normal -0 0 1
    outer loop
      vertex 107.5 -35.2402 5
      vertex 107.8 -35.6803 5
      vertex 107.738 -35.2246 5
    endloop
  endfacet
  facet normal 0 0 1
    outer loop
      vertex 107.5 -35.2402 5
      vertex 107.5 -35.7 5
      vertex 107.8 -35.6803 5
    endloop
  endfacet
  facet normal 0 0 1
    outer loop
      vertex 107.262 -35.2246 5
      vertex 107.5 -35.7 5
      vertex 107.5 -35.2402 5
    endloop
  endfacet
  facet normal 0 0 1
    outer loop
      vertex 107.2 -35.6803 5
      vertex 107.262 -35.2246 5
      vertex 107.26 -35.2244 5
    endloop
  endfacet
  facet normal 0 0 1
    outer loop
      vertex 107.262 -35.2246 5
      vertex 107.2 -35.6803 5
      vertex 107.5 -35.7 5
    endloop
  endfacet
  facet normal 0 0 1
    outer loop
      vertex 107.026 -35.178 5
      vertex 107.2 -35.6803 5
      vertex 107.26 -35.2244 5
    endloop
  endfacet
  facet normal 0 0 1
    outer loop
      vertex 106.905 -35.6216 5
      vertex 107.026 -35.178 5
      vertex 107.024 -35.1775 5
    endloop
  endfacet
  facet normal 0 0 1
    outer loop
      vertex 107.026 -35.178 5
      vertex 106.905 -35.6216 5
      vertex 107.2 -35.6803 5
    endloop
  endfacet
  facet normal 0 0 1
    outer loop
      vertex 106.798 -35.101 5
      vertex 106.905 -35.6216 5
      vertex 107.024 -35.1775 5
    endloop
  endfacet
  facet normal 0 0 1
    outer loop
      vertex 106.62 -35.5249 5
      vertex 106.798 -35.101 5
      vertex 106.796 -35.1001 5
    endloop
  endfacet
  facet normal 0 0 1
    outer loop
      vertex 106.62 -35.5249 5
      vertex 106.796 -35.1001 5
      vertex 106.793 -35.0989 5
    endloop
  endfacet
  facet normal 0 0 1
    outer loop
      vertex 106.798 -35.101 5
      vertex 106.62 -35.5249 5
      vertex 106.905 -35.6216 5
    endloop
  endfacet
  facet normal 0 0 1
    outer loop
      vertex 106.58 -34.9936 5
      vertex 106.62 -35.5249 5
      vertex 106.793 -35.0989 5
    endloop
  endfacet
  facet normal 0 0 1
    outer loop
      vertex 106.35 -35.3919 5
      vertex 106.58 -34.9936 5
      vertex 106.382 -34.8614 5
    endloop
  endfacet
  facet normal 0 0 1
    outer loop
      vertex 106.1 -35.2247 5
      vertex 106.382 -34.8614 5
      vertex 106.38 -34.8599 5
    endloop
  endfacet
  facet normal 0 0 1
    outer loop
      vertex 106.1 -35.2247 5
      vertex 106.38 -34.8599 5
      vertex 106.378 -34.8581 5
    endloop
  endfacet
  facet normal 0 0 1
    outer loop
      vertex 106.58 -34.9936 5
      vertex 106.35 -35.3919 5
      vertex 106.62 -35.5249 5
    endloop
  endfacet
  facet normal 0 0 1
    outer loop
      vertex 106.1 -35.2247 5
      vertex 106.378 -34.8581 5
      vertex 106.199 -34.7012 5
    endloop
  endfacet
  facet normal 0 0 1
    outer loop
      vertex 106.382 -34.8614 5
      vertex 106.1 -35.2247 5
      vertex 106.35 -35.3919 5
    endloop
  endfacet
  facet normal 0 0 1
    outer loop
      vertex 105.874 -35.0263 5
      vertex 106.199 -34.7012 5
      vertex 106.042 -34.5222 5
    endloop
  endfacet
  facet normal 0 0 1
    outer loop
      vertex 105.675 -34.8002 5
      vertex 106.042 -34.5222 5
      vertex 106.04 -34.5202 5
    endloop
  endfacet
  facet normal 0 0 1
    outer loop
      vertex 105.675 -34.8002 5
      vertex 106.04 -34.5202 5
      vertex 106.039 -34.518 5
    endloop
  endfacet
  facet normal 0 0 1
    outer loop
      vertex 105.675 -34.8002 5
      vertex 106.039 -34.518 5
      vertex 105.906 -34.3201 5
    endloop
  endfacet
  facet normal 0 0 1
    outer loop
      vertex 106.199 -34.7012 5
      vertex 105.874 -35.0263 5
      vertex 106.1 -35.2247 5
    endloop
  endfacet
  facet normal 0 0 1
    outer loop
      vertex 105.508 -34.55 5
      vertex 105.906 -34.3201 5
      vertex 105.801 -34.1066 5
    endloop
  endfacet
  facet normal 0 0 1
    outer loop
      vertex 105.375 -34.2802 5
      vertex 105.801 -34.1066 5
      vertex 105.8 -34.1042 5
    endloop
  endfacet
  facet normal 0 0 1
    outer loop
      vertex 105.375 -34.2802 5
      vertex 105.8 -34.1042 5
      vertex 105.799 -34.1017 5
    endloop
  endfacet
  facet normal 0 0 1
    outer loop
      vertex 105.375 -34.2802 5
      vertex 105.799 -34.1017 5
      vertex 105.723 -33.8763 5
    endloop
  endfacet
  facet normal 0 0 1
    outer loop
      vertex 105.278 -33.9953 5
      vertex 105.723 -33.8763 5
      vertex 105.722 -33.8736 5
    endloop
  endfacet
  facet normal 0 0 1
    outer loop
      vertex 105.278 -33.9953 5
      vertex 105.722 -33.8736 5
      vertex 105.676 -33.6402 5
    endloop
  endfacet
  facet normal 0 0 1
    outer loop
      vertex 106.042 -34.5222 5
      vertex 105.675 -34.8002 5
      vertex 105.874 -35.0263 5
    endloop
  endfacet
  facet normal 0 0 1
    outer loop
      vertex 105.22 -33.7002 5
      vertex 105.676 -33.6402 5
      vertex 105.675 -33.6375 5
    endloop
  endfacet
  facet normal 0 0 1
    outer loop
      vertex 105.22 -33.7002 5
      vertex 105.675 -33.6375 5
      vertex 105.66 -33.4 5
    endloop
  endfacet
  facet normal -0 0 1
    outer loop
      vertex 105.22 -33.0998 5
      vertex 105.676 -33.1598 5
      vertex 105.278 -32.8047 5
    endloop
  endfacet
  facet normal 0 0 1
    outer loop
      vertex 105.906 -34.3201 5
      vertex 105.508 -34.55 5
      vertex 105.675 -34.8002 5
    endloop
  endfacet
  facet normal 0 0 1
    outer loop
      vertex 105.676 -33.1598 5
      vertex 105.22 -33.0998 5
      vertex 105.675 -33.1625 5
    endloop
  endfacet
  facet normal 0 0 1
    outer loop
      vertex 105.801 -34.1066 5
      vertex 105.375 -34.2802 5
      vertex 105.508 -34.55 5
    endloop
  endfacet
  facet normal 0 0 1
    outer loop
      vertex 105.675 -33.1625 5
      vertex 105.22 -33.0998 5
      vertex 105.66 -33.4 5
    endloop
  endfacet
  facet normal 0 0 1
    outer loop
      vertex 105.723 -33.8763 5
      vertex 105.278 -33.9953 5
      vertex 105.375 -34.2802 5
    endloop
  endfacet
  facet normal 0 0 1
    outer loop
      vertex 105.2 -33.4 5
      vertex 105.66 -33.4 5
      vertex 105.22 -33.0998 5
    endloop
  endfacet
  facet normal 0 0 1
    outer loop
      vertex 105.676 -33.6402 5
      vertex 105.22 -33.7002 5
      vertex 105.278 -33.9953 5
    endloop
  endfacet
  facet normal 0 0 1
    outer loop
      vertex 105.66 -33.4 5
      vertex 105.2 -33.4 5
      vertex 105.22 -33.7002 5
    endloop
  endfacet
  facet normal 0.981227 0.192854 0
    outer loop
      vertex 109.78 -47.0998 5
      vertex 109.722 -46.8047 2.5
      vertex 109.722 -46.8047 5
    endloop
  endfacet
  facet normal 0.981227 0.192854 0
    outer loop
      vertex 109.722 -46.8047 2.5
      vertex 109.78 -47.0998 5
      vertex 109.78 -47.0998 2.5
    endloop
  endfacet
  facet normal 0.997788 0.0664749 0
    outer loop
      vertex 109.8 -47.4 5
      vertex 109.78 -47.0998 2.5
      vertex 109.78 -47.0998 5
    endloop
  endfacet
  facet normal 0.997788 0.0664749 0
    outer loop
      vertex 109.78 -47.0998 2.5
      vertex 109.8 -47.4 5
      vertex 109.8 -47.4 2.5
    endloop
  endfacet
  facet normal 0.946637 0.322302 0
    outer loop
      vertex 109.722 -46.8047 5
      vertex 109.625 -46.5198 2.5
      vertex 109.625 -46.5198 5
    endloop
  endfacet
  facet normal 0.946637 0.322302 0
    outer loop
      vertex 109.625 -46.5198 2.5
      vertex 109.722 -46.8047 5
      vertex 109.722 -46.8047 2.5
    endloop
  endfacet
  facet normal 0.44189 0.897069 -0
    outer loop
      vertex 108.65 -45.4081 2.5
      vertex 108.38 -45.2751 5
      vertex 108.65 -45.4081 5
    endloop
  endfacet
  facet normal 0.44189 0.897069 0
    outer loop
      vertex 108.38 -45.2751 5
      vertex 108.65 -45.4081 2.5
      vertex 108.38 -45.2751 2.5
    endloop
  endfacet
  facet normal 0.831743 0.55516 0
    outer loop
      vertex 109.492 -46.25 5
      vertex 109.325 -45.9998 2.5
      vertex 109.325 -45.9998 5
    endloop
  endfacet
  facet normal 0.831743 0.55516 0
    outer loop
      vertex 109.325 -45.9998 2.5
      vertex 109.492 -46.25 5
      vertex 109.492 -46.25 2.5
    endloop
  endfacet
  facet normal -0.997788 0.0664749 0
    outer loop
      vertex 105.2 -47.4 2.5
      vertex 105.22 -47.0998 5
      vertex 105.22 -47.0998 2.5
    endloop
  endfacet
  facet normal -0.997788 0.0664749 0
    outer loop
      vertex 105.22 -47.0998 5
      vertex 105.2 -47.4 2.5
      vertex 105.2 -47.4 5
    endloop
  endfacet
  facet normal -0.659728 0.751505 0
    outer loop
      vertex 106.1 -45.5753 2.5
      vertex 105.874 -45.7737 5
      vertex 106.1 -45.5753 5
    endloop
  endfacet
  facet normal -0.659728 0.751505 0
    outer loop
      vertex 105.874 -45.7737 5
      vertex 106.1 -45.5753 2.5
      vertex 105.874 -45.7737 2.5
    endloop
  endfacet
  facet normal 0.750661 0.660688 0
    outer loop
      vertex 109.325 -45.9998 5
      vertex 109.126 -45.7737 2.5
      vertex 109.126 -45.7737 5
    endloop
  endfacet
  facet normal 0.750661 0.660688 0
    outer loop
      vertex 109.126 -45.7737 2.5
      vertex 109.325 -45.9998 5
      vertex 109.325 -45.9998 2.5
    endloop
  endfacet
  facet normal 0.981227 -0.192854 0
    outer loop
      vertex 109.722 -47.9953 5
      vertex 109.78 -47.7002 2.5
      vertex 109.78 -47.7002 5
    endloop
  endfacet
  facet normal 0.981227 -0.192854 0
    outer loop
      vertex 109.78 -47.7002 2.5
      vertex 109.722 -47.9953 5
      vertex 109.722 -47.9953 2.5
    endloop
  endfacet
  facet normal 0.321307 -0.946975 0
    outer loop
      vertex 108.095 -49.6216 2.5
      vertex 108.38 -49.5249 5
      vertex 108.095 -49.6216 5
    endloop
  endfacet
  facet normal 0.321307 -0.946975 0
    outer loop
      vertex 108.38 -49.5249 5
      vertex 108.095 -49.6216 2.5
      vertex 108.38 -49.5249 2.5
    endloop
  endfacet
  facet normal 0.89694 0.442153 0
    outer loop
      vertex 109.625 -46.5198 5
      vertex 109.492 -46.25 2.5
      vertex 109.492 -46.25 5
    endloop
  endfacet
  facet normal 0.89694 0.442153 0
    outer loop
      vertex 109.492 -46.25 2.5
      vertex 109.625 -46.5198 5
      vertex 109.625 -46.5198 2.5
    endloop
  endfacet
  facet normal -0.0655255 -0.997851 0
    outer loop
      vertex 107.2 -49.6803 2.5
      vertex 107.5 -49.7 5
      vertex 107.2 -49.6803 5
    endloop
  endfacet
  facet normal -0.0655255 -0.997851 -0
    outer loop
      vertex 107.5 -49.7 5
      vertex 107.2 -49.6803 2.5
      vertex 107.5 -49.7 2.5
    endloop
  endfacet
  facet normal 0.750661 -0.660688 0
    outer loop
      vertex 109.126 -49.0263 5
      vertex 109.325 -48.8002 2.5
      vertex 109.325 -48.8002 5
    endloop
  endfacet
  facet normal 0.750661 -0.660688 0
    outer loop
      vertex 109.325 -48.8002 2.5
      vertex 109.126 -49.0263 5
      vertex 109.126 -49.0263 2.5
    endloop
  endfacet
  facet normal -0.44189 -0.897069 0
    outer loop
      vertex 106.35 -49.3919 2.5
      vertex 106.62 -49.5249 5
      vertex 106.35 -49.3919 5
    endloop
  endfacet
  facet normal -0.44189 -0.897069 -0
    outer loop
      vertex 106.62 -49.5249 5
      vertex 106.35 -49.3919 2.5
      vertex 106.62 -49.5249 2.5
    endloop
  endfacet
  facet normal -0.750661 -0.660688 0
    outer loop
      vertex 105.874 -49.0263 2.5
      vertex 105.675 -48.8002 5
      vertex 105.675 -48.8002 2.5
    endloop
  endfacet
  facet normal -0.750661 -0.660688 0
    outer loop
      vertex 105.675 -48.8002 5
      vertex 105.874 -49.0263 2.5
      vertex 105.874 -49.0263 5
    endloop
  endfacet
  facet normal -0.946637 0.322302 0
    outer loop
      vertex 105.278 -46.8047 2.5
      vertex 105.375 -46.5198 5
      vertex 105.375 -46.5198 2.5
    endloop
  endfacet
  facet normal -0.946637 0.322302 0
    outer loop
      vertex 105.375 -46.5198 5
      vertex 105.278 -46.8047 2.5
      vertex 105.278 -46.8047 5
    endloop
  endfacet
  facet normal -0.321307 0.946975 0
    outer loop
      vertex 106.905 -45.1784 2.5
      vertex 106.62 -45.2751 5
      vertex 106.905 -45.1784 5
    endloop
  endfacet
  facet normal -0.321307 0.946975 0
    outer loop
      vertex 106.62 -45.2751 5
      vertex 106.905 -45.1784 2.5
      vertex 106.62 -45.2751 2.5
    endloop
  endfacet
  facet normal -0.750661 0.660688 0
    outer loop
      vertex 105.675 -45.9998 2.5
      vertex 105.874 -45.7737 5
      vertex 105.874 -45.7737 2.5
    endloop
  endfacet
  facet normal -0.750661 0.660688 0
    outer loop
      vertex 105.874 -45.7737 5
      vertex 105.675 -45.9998 2.5
      vertex 105.675 -45.9998 5
    endloop
  endfacet
  facet normal -0.321307 -0.946975 0
    outer loop
      vertex 106.62 -49.5249 2.5
      vertex 106.905 -49.6216 5
      vertex 106.62 -49.5249 5
    endloop
  endfacet
  facet normal -0.321307 -0.946975 -0
    outer loop
      vertex 106.905 -49.6216 5
      vertex 106.62 -49.5249 2.5
      vertex 106.905 -49.6216 2.5
    endloop
  endfacet
  facet normal 0.946637 -0.322302 0
    outer loop
      vertex 109.625 -48.2802 5
      vertex 109.722 -47.9953 2.5
      vertex 109.722 -47.9953 5
    endloop
  endfacet
  facet normal 0.946637 -0.322302 0
    outer loop
      vertex 109.722 -47.9953 2.5
      vertex 109.625 -48.2802 5
      vertex 109.625 -48.2802 2.5
    endloop
  endfacet
  facet normal 0.89694 -0.442153 0
    outer loop
      vertex 109.492 -48.55 5
      vertex 109.625 -48.2802 2.5
      vertex 109.625 -48.2802 5
    endloop
  endfacet
  facet normal 0.89694 -0.442153 0
    outer loop
      vertex 109.625 -48.2802 2.5
      vertex 109.492 -48.55 5
      vertex 109.492 -48.55 2.5
    endloop
  endfacet
  facet normal 0.997788 -0.0664749 0
    outer loop
      vertex 109.78 -47.7002 5
      vertex 109.8 -47.4 2.5
      vertex 109.8 -47.4 5
    endloop
  endfacet
  facet normal 0.997788 -0.0664749 0
    outer loop
      vertex 109.8 -47.4 2.5
      vertex 109.78 -47.7002 5
      vertex 109.78 -47.7002 2.5
    endloop
  endfacet
  facet normal 0.555927 0.831231 -0
    outer loop
      vertex 108.9 -45.5753 2.5
      vertex 108.65 -45.4081 5
      vertex 108.9 -45.5753 5
    endloop
  endfacet
  facet normal 0.555927 0.831231 0
    outer loop
      vertex 108.65 -45.4081 5
      vertex 108.9 -45.5753 2.5
      vertex 108.65 -45.4081 2.5
    endloop
  endfacet
  facet normal 0.659728 -0.751505 0
    outer loop
      vertex 108.9 -49.2247 2.5
      vertex 109.126 -49.0263 5
      vertex 108.9 -49.2247 5
    endloop
  endfacet
  facet normal 0.659728 -0.751505 0
    outer loop
      vertex 109.126 -49.0263 5
      vertex 108.9 -49.2247 2.5
      vertex 109.126 -49.0263 2.5
    endloop
  endfacet
  facet normal 0.659728 0.751505 -0
    outer loop
      vertex 109.126 -45.7737 2.5
      vertex 108.9 -45.5753 5
      vertex 109.126 -45.7737 5
    endloop
  endfacet
  facet normal 0.659728 0.751505 0
    outer loop
      vertex 108.9 -45.5753 5
      vertex 109.126 -45.7737 2.5
      vertex 108.9 -45.5753 2.5
    endloop
  endfacet
  facet normal 0.195157 -0.980772 0
    outer loop
      vertex 107.8 -49.6803 2.5
      vertex 108.095 -49.6216 5
      vertex 107.8 -49.6803 5
    endloop
  endfacet
  facet normal 0.195157 -0.980772 0
    outer loop
      vertex 108.095 -49.6216 5
      vertex 107.8 -49.6803 2.5
      vertex 108.095 -49.6216 2.5
    endloop
  endfacet
  facet normal 0.831743 -0.55516 0
    outer loop
      vertex 109.325 -48.8002 5
      vertex 109.492 -48.55 2.5
      vertex 109.492 -48.55 5
    endloop
  endfacet
  facet normal 0.831743 -0.55516 0
    outer loop
      vertex 109.492 -48.55 2.5
      vertex 109.325 -48.8002 5
      vertex 109.325 -48.8002 2.5
    endloop
  endfacet
  facet normal -0.0655255 0.997851 0
    outer loop
      vertex 107.5 -45.1 2.5
      vertex 107.2 -45.1197 5
      vertex 107.5 -45.1 5
    endloop
  endfacet
  facet normal -0.0655255 0.997851 0
    outer loop
      vertex 107.2 -45.1197 5
      vertex 107.5 -45.1 2.5
      vertex 107.2 -45.1197 2.5
    endloop
  endfacet
  facet normal 0.0655255 -0.997851 0
    outer loop
      vertex 107.5 -49.7 2.5
      vertex 107.8 -49.6803 5
      vertex 107.5 -49.7 5
    endloop
  endfacet
  facet normal 0.0655255 -0.997851 0
    outer loop
      vertex 107.8 -49.6803 5
      vertex 107.5 -49.7 2.5
      vertex 107.8 -49.6803 2.5
    endloop
  endfacet
  facet normal 0.321307 0.946975 -0
    outer loop
      vertex 108.38 -45.2751 2.5
      vertex 108.095 -45.1784 5
      vertex 108.38 -45.2751 5
    endloop
  endfacet
  facet normal 0.321307 0.946975 0
    outer loop
      vertex 108.095 -45.1784 5
      vertex 108.38 -45.2751 2.5
      vertex 108.095 -45.1784 2.5
    endloop
  endfacet
  facet normal -0.555927 0.831231 0
    outer loop
      vertex 106.35 -45.4081 2.5
      vertex 106.1 -45.5753 5
      vertex 106.35 -45.4081 5
    endloop
  endfacet
  facet normal -0.555927 0.831231 0
    outer loop
      vertex 106.1 -45.5753 5
      vertex 106.35 -45.4081 2.5
      vertex 106.1 -45.5753 2.5
    endloop
  endfacet
  facet normal -0.981227 -0.192854 0
    outer loop
      vertex 105.278 -47.9953 2.5
      vertex 105.22 -47.7002 5
      vertex 105.22 -47.7002 2.5
    endloop
  endfacet
  facet normal -0.981227 -0.192854 0
    outer loop
      vertex 105.22 -47.7002 5
      vertex 105.278 -47.9953 2.5
      vertex 105.278 -47.9953 5
    endloop
  endfacet
  facet normal 0.0655255 0.997851 -0
    outer loop
      vertex 107.8 -45.1197 2.5
      vertex 107.5 -45.1 5
      vertex 107.8 -45.1197 5
    endloop
  endfacet
  facet normal 0.0655255 0.997851 0
    outer loop
      vertex 107.5 -45.1 5
      vertex 107.8 -45.1197 2.5
      vertex 107.5 -45.1 2.5
    endloop
  endfacet
  facet normal -0.997788 -0.0664749 0
    outer loop
      vertex 105.22 -47.7002 2.5
      vertex 105.2 -47.4 5
      vertex 105.2 -47.4 2.5
    endloop
  endfacet
  facet normal -0.997788 -0.0664749 0
    outer loop
      vertex 105.2 -47.4 5
      vertex 105.22 -47.7002 2.5
      vertex 105.22 -47.7002 5
    endloop
  endfacet
  facet normal -0.195157 -0.980772 0
    outer loop
      vertex 106.905 -49.6216 2.5
      vertex 107.2 -49.6803 5
      vertex 106.905 -49.6216 5
    endloop
  endfacet
  facet normal -0.195157 -0.980772 -0
    outer loop
      vertex 107.2 -49.6803 5
      vertex 106.905 -49.6216 2.5
      vertex 107.2 -49.6803 2.5
    endloop
  endfacet
  facet normal -0.981227 0.192854 0
    outer loop
      vertex 105.22 -47.0998 2.5
      vertex 105.278 -46.8047 5
      vertex 105.278 -46.8047 2.5
    endloop
  endfacet
  facet normal -0.981227 0.192854 0
    outer loop
      vertex 105.278 -46.8047 5
      vertex 105.22 -47.0998 2.5
      vertex 105.22 -47.0998 5
    endloop
  endfacet
  facet normal -0.195157 0.980772 0
    outer loop
      vertex 107.2 -45.1197 2.5
      vertex 106.905 -45.1784 5
      vertex 107.2 -45.1197 5
    endloop
  endfacet
  facet normal -0.195157 0.980772 0
    outer loop
      vertex 106.905 -45.1784 5
      vertex 107.2 -45.1197 2.5
      vertex 106.905 -45.1784 2.5
    endloop
  endfacet
  facet normal 0.555927 -0.831231 0
    outer loop
      vertex 108.65 -49.3919 2.5
      vertex 108.9 -49.2247 5
      vertex 108.65 -49.3919 5
    endloop
  endfacet
  facet normal 0.555927 -0.831231 0
    outer loop
      vertex 108.9 -49.2247 5
      vertex 108.65 -49.3919 2.5
      vertex 108.9 -49.2247 2.5
    endloop
  endfacet
  facet normal -0.946637 -0.322302 0
    outer loop
      vertex 105.375 -48.2802 2.5
      vertex 105.278 -47.9953 5
      vertex 105.278 -47.9953 2.5
    endloop
  endfacet
  facet normal -0.946637 -0.322302 0
    outer loop
      vertex 105.278 -47.9953 5
      vertex 105.375 -48.2802 2.5
      vertex 105.375 -48.2802 5
    endloop
  endfacet
  facet normal -0.659728 -0.751505 0
    outer loop
      vertex 105.874 -49.0263 2.5
      vertex 106.1 -49.2247 5
      vertex 105.874 -49.0263 5
    endloop
  endfacet
  facet normal -0.659728 -0.751505 -0
    outer loop
      vertex 106.1 -49.2247 5
      vertex 105.874 -49.0263 2.5
      vertex 106.1 -49.2247 2.5
    endloop
  endfacet
  facet normal -0.44189 0.897069 0
    outer loop
      vertex 106.62 -45.2751 2.5
      vertex 106.35 -45.4081 5
      vertex 106.62 -45.2751 5
    endloop
  endfacet
  facet normal -0.44189 0.897069 0
    outer loop
      vertex 106.35 -45.4081 5
      vertex 106.62 -45.2751 2.5
      vertex 106.35 -45.4081 2.5
    endloop
  endfacet
  facet normal 0.44189 -0.897069 0
    outer loop
      vertex 108.38 -49.5249 2.5
      vertex 108.65 -49.3919 5
      vertex 108.38 -49.5249 5
    endloop
  endfacet
  facet normal 0.44189 -0.897069 0
    outer loop
      vertex 108.65 -49.3919 5
      vertex 108.38 -49.5249 2.5
      vertex 108.65 -49.3919 2.5
    endloop
  endfacet
  facet normal 0.195157 0.980772 -0
    outer loop
      vertex 108.095 -45.1784 2.5
      vertex 107.8 -45.1197 5
      vertex 108.095 -45.1784 5
    endloop
  endfacet
  facet normal 0.195157 0.980772 0
    outer loop
      vertex 107.8 -45.1197 5
      vertex 108.095 -45.1784 2.5
      vertex 107.8 -45.1197 2.5
    endloop
  endfacet
  facet normal -0.89694 -0.442153 0
    outer loop
      vertex 105.508 -48.55 2.5
      vertex 105.375 -48.2802 5
      vertex 105.375 -48.2802 2.5
    endloop
  endfacet
  facet normal -0.89694 -0.442153 0
    outer loop
      vertex 105.375 -48.2802 5
      vertex 105.508 -48.55 2.5
      vertex 105.508 -48.55 5
    endloop
  endfacet
  facet normal -0.831743 -0.55516 0
    outer loop
      vertex 105.675 -48.8002 2.5
      vertex 105.508 -48.55 5
      vertex 105.508 -48.55 2.5
    endloop
  endfacet
  facet normal -0.831743 -0.55516 0
    outer loop
      vertex 105.508 -48.55 5
      vertex 105.675 -48.8002 2.5
      vertex 105.675 -48.8002 5
    endloop
  endfacet
  facet normal -0.89694 0.442153 0
    outer loop
      vertex 105.375 -46.5198 2.5
      vertex 105.508 -46.25 5
      vertex 105.508 -46.25 2.5
    endloop
  endfacet
  facet normal -0.89694 0.442153 0
    outer loop
      vertex 105.508 -46.25 5
      vertex 105.375 -46.5198 2.5
      vertex 105.375 -46.5198 5
    endloop
  endfacet
  facet normal -0.831743 0.55516 0
    outer loop
      vertex 105.508 -46.25 2.5
      vertex 105.675 -45.9998 5
      vertex 105.675 -45.9998 2.5
    endloop
  endfacet
  facet normal -0.831743 0.55516 0
    outer loop
      vertex 105.675 -45.9998 5
      vertex 105.508 -46.25 2.5
      vertex 105.508 -46.25 5
    endloop
  endfacet
  facet normal -0.555927 -0.831231 0
    outer loop
      vertex 106.1 -49.2247 2.5
      vertex 106.35 -49.3919 5
      vertex 106.1 -49.2247 5
    endloop
  endfacet
  facet normal -0.555927 -0.831231 -0
    outer loop
      vertex 106.35 -49.3919 5
      vertex 106.1 -49.2247 2.5
      vertex 106.35 -49.3919 2.5
    endloop
  endfacet
  facet normal 0 0 1
    outer loop
      vertex 109.34 -47.4 5
      vertex 109.8 -47.4 5
      vertex 109.78 -47.0998 5
    endloop
  endfacet
  facet normal 0 0 1
    outer loop
      vertex 109.324 -47.1598 5
      vertex 109.78 -47.0998 5
      vertex 109.722 -46.8047 5
    endloop
  endfacet
  facet normal 0 0 1
    outer loop
      vertex 109.8 -47.4 5
      vertex 109.34 -47.4 5
      vertex 109.78 -47.7002 5
    endloop
  endfacet
  facet normal 0 0 1
    outer loop
      vertex 109.277 -46.9237 5
      vertex 109.722 -46.8047 5
      vertex 109.625 -46.5198 5
    endloop
  endfacet
  facet normal -0 0 1
    outer loop
      vertex 109.325 -47.6375 5
      vertex 109.78 -47.7002 5
      vertex 109.34 -47.4 5
    endloop
  endfacet
  facet normal 0 0 1
    outer loop
      vertex 109.199 -46.6934 5
      vertex 109.625 -46.5198 5
      vertex 109.492 -46.25 5
    endloop
  endfacet
  facet normal -0 0 1
    outer loop
      vertex 109.324 -47.6402 5
      vertex 109.78 -47.7002 5
      vertex 109.325 -47.6375 5
    endloop
  endfacet
  facet normal 0 0 1
    outer loop
      vertex 109.78 -47.7002 5
      vertex 109.324 -47.6402 5
      vertex 109.722 -47.9953 5
    endloop
  endfacet
  facet normal 0 0 1
    outer loop
      vertex 109.094 -46.4799 5
      vertex 109.492 -46.25 5
      vertex 109.325 -45.9998 5
    endloop
  endfacet
  facet normal 0 0 1
    outer loop
      vertex 109.78 -47.0998 5
      vertex 109.325 -47.1625 5
      vertex 109.34 -47.4 5
    endloop
  endfacet
  facet normal 0 0 1
    outer loop
      vertex 109.78 -47.0998 5
      vertex 109.324 -47.1598 5
      vertex 109.325 -47.1625 5
    endloop
  endfacet
  facet normal 0 0 1
    outer loop
      vertex 109.722 -46.8047 5
      vertex 109.278 -46.9264 5
      vertex 109.324 -47.1598 5
    endloop
  endfacet
  facet normal 0 0 1
    outer loop
      vertex 109.722 -46.8047 5
      vertex 109.277 -46.9237 5
      vertex 109.278 -46.9264 5
    endloop
  endfacet
  facet normal 0 0 1
    outer loop
      vertex 109.625 -46.5198 5
      vertex 109.201 -46.6983 5
      vertex 109.277 -46.9237 5
    endloop
  endfacet
  facet normal 0 0 1
    outer loop
      vertex 109.625 -46.5198 5
      vertex 109.2 -46.6958 5
      vertex 109.201 -46.6983 5
    endloop
  endfacet
  facet normal 0 0 1
    outer loop
      vertex 109.625 -46.5198 5
      vertex 109.199 -46.6934 5
      vertex 109.2 -46.6958 5
    endloop
  endfacet
  facet normal 0 0 1
    outer loop
      vertex 108.958 -46.2778 5
      vertex 109.325 -45.9998 5
      vertex 109.126 -45.7737 5
    endloop
  endfacet
  facet normal 0 0 1
    outer loop
      vertex 109.492 -46.25 5
      vertex 109.094 -46.4799 5
      vertex 109.199 -46.6934 5
    endloop
  endfacet
  facet normal 0 0 1
    outer loop
      vertex 109.325 -45.9998 5
      vertex 108.961 -46.282 5
      vertex 109.094 -46.4799 5
    endloop
  endfacet
  facet normal 0 0 1
    outer loop
      vertex 109.325 -45.9998 5
      vertex 108.96 -46.2798 5
      vertex 108.961 -46.282 5
    endloop
  endfacet
  facet normal 0 0 1
    outer loop
      vertex 109.325 -45.9998 5
      vertex 108.958 -46.2778 5
      vertex 108.96 -46.2798 5
    endloop
  endfacet
  facet normal 0 0 1
    outer loop
      vertex 108.801 -46.0988 5
      vertex 109.126 -45.7737 5
      vertex 108.9 -45.5753 5
    endloop
  endfacet
  facet normal 0 0 1
    outer loop
      vertex 109.126 -45.7737 5
      vertex 108.801 -46.0988 5
      vertex 108.958 -46.2778 5
    endloop
  endfacet
  facet normal 0 0 1
    outer loop
      vertex 108.618 -45.9386 5
      vertex 108.9 -45.5753 5
      vertex 108.65 -45.4081 5
    endloop
  endfacet
  facet normal 0 0 1
    outer loop
      vertex 108.9 -45.5753 5
      vertex 108.622 -45.9419 5
      vertex 108.801 -46.0988 5
    endloop
  endfacet
  facet normal 0 0 1
    outer loop
      vertex 108.9 -45.5753 5
      vertex 108.62 -45.9401 5
      vertex 108.622 -45.9419 5
    endloop
  endfacet
  facet normal 0 0 1
    outer loop
      vertex 108.9 -45.5753 5
      vertex 108.618 -45.9386 5
      vertex 108.62 -45.9401 5
    endloop
  endfacet
  facet normal 0 0 1
    outer loop
      vertex 108.65 -45.4081 5
      vertex 108.42 -45.8064 5
      vertex 108.618 -45.9386 5
    endloop
  endfacet
  facet normal 0 0 1
    outer loop
      vertex 108.38 -45.2751 5
      vertex 108.42 -45.8064 5
      vertex 108.65 -45.4081 5
    endloop
  endfacet
  facet normal 0 0 1
    outer loop
      vertex 108.38 -45.2751 5
      vertex 108.207 -45.7011 5
      vertex 108.42 -45.8064 5
    endloop
  endfacet
  facet normal 0 0 1
    outer loop
      vertex 108.38 -45.2751 5
      vertex 108.204 -45.6999 5
      vertex 108.207 -45.7011 5
    endloop
  endfacet
  facet normal 0 0 1
    outer loop
      vertex 108.38 -45.2751 5
      vertex 108.202 -45.699 5
      vertex 108.204 -45.6999 5
    endloop
  endfacet
  facet normal 0 0 1
    outer loop
      vertex 108.095 -45.1784 5
      vertex 108.202 -45.699 5
      vertex 108.38 -45.2751 5
    endloop
  endfacet
  facet normal 0 0 1
    outer loop
      vertex 108.095 -45.1784 5
      vertex 107.976 -45.6225 5
      vertex 108.202 -45.699 5
    endloop
  endfacet
  facet normal 0 0 1
    outer loop
      vertex 108.095 -45.1784 5
      vertex 107.974 -45.622 5
      vertex 107.976 -45.6225 5
    endloop
  endfacet
  facet normal 0 0 1
    outer loop
      vertex 107.8 -45.1197 5
      vertex 107.974 -45.622 5
      vertex 108.095 -45.1784 5
    endloop
  endfacet
  facet normal 0 0 1
    outer loop
      vertex 107.8 -45.1197 5
      vertex 107.74 -45.5756 5
      vertex 107.974 -45.622 5
    endloop
  endfacet
  facet normal 0 0 1
    outer loop
      vertex 107.8 -45.1197 5
      vertex 107.738 -45.5754 5
      vertex 107.74 -45.5756 5
    endloop
  endfacet
  facet normal 0 0 1
    outer loop
      vertex 107.5 -45.1 5
      vertex 107.738 -45.5754 5
      vertex 107.8 -45.1197 5
    endloop
  endfacet
  facet normal 0 0 1
    outer loop
      vertex 107.5 -45.1 5
      vertex 107.5 -45.5598 5
      vertex 107.738 -45.5754 5
    endloop
  endfacet
  facet normal 0 0 1
    outer loop
      vertex 107.5 -45.1 5
      vertex 107.262 -45.5754 5
      vertex 107.5 -45.5598 5
    endloop
  endfacet
  facet normal -0 0 1
    outer loop
      vertex 107.2 -45.1197 5
      vertex 107.262 -45.5754 5
      vertex 107.5 -45.1 5
    endloop
  endfacet
  facet normal 0 0 1
    outer loop
      vertex 107.262 -45.5754 5
      vertex 107.2 -45.1197 5
      vertex 107.26 -45.5756 5
    endloop
  endfacet
  facet normal 0 0 1
    outer loop
      vertex 107.2 -45.1197 5
      vertex 107.026 -45.622 5
      vertex 107.26 -45.5756 5
    endloop
  endfacet
  facet normal -0 0 1
    outer loop
      vertex 106.905 -45.1784 5
      vertex 107.026 -45.622 5
      vertex 107.2 -45.1197 5
    endloop
  endfacet
  facet normal 0 0 1
    outer loop
      vertex 107.026 -45.622 5
      vertex 106.905 -45.1784 5
      vertex 107.024 -45.6225 5
    endloop
  endfacet
  facet normal 0 0 1
    outer loop
      vertex 106.905 -45.1784 5
      vertex 106.798 -45.699 5
      vertex 107.024 -45.6225 5
    endloop
  endfacet
  facet normal -0 0 1
    outer loop
      vertex 106.62 -45.2751 5
      vertex 106.798 -45.699 5
      vertex 106.905 -45.1784 5
    endloop
  endfacet
  facet normal 0 0 1
    outer loop
      vertex 106.798 -45.699 5
      vertex 106.62 -45.2751 5
      vertex 106.796 -45.6999 5
    endloop
  endfacet
  facet normal 0 0 1
    outer loop
      vertex 106.796 -45.6999 5
      vertex 106.62 -45.2751 5
      vertex 106.793 -45.7011 5
    endloop
  endfacet
  facet normal 0 0 1
    outer loop
      vertex 106.62 -45.2751 5
      vertex 106.58 -45.8064 5
      vertex 106.793 -45.7011 5
    endloop
  endfacet
  facet normal -0 0 1
    outer loop
      vertex 106.35 -45.4081 5
      vertex 106.58 -45.8064 5
      vertex 106.62 -45.2751 5
    endloop
  endfacet
  facet normal 0 0 1
    outer loop
      vertex 106.58 -45.8064 5
      vertex 106.35 -45.4081 5
      vertex 106.382 -45.9386 5
    endloop
  endfacet
  facet normal -0 0 1
    outer loop
      vertex 106.1 -45.5753 5
      vertex 106.382 -45.9386 5
      vertex 106.35 -45.4081 5
    endloop
  endfacet
  facet normal 0 0 1
    outer loop
      vertex 106.382 -45.9386 5
      vertex 106.1 -45.5753 5
      vertex 106.38 -45.9401 5
    endloop
  endfacet
  facet normal 0 0 1
    outer loop
      vertex 106.38 -45.9401 5
      vertex 106.1 -45.5753 5
      vertex 106.378 -45.9419 5
    endloop
  endfacet
  facet normal 0 0 1
    outer loop
      vertex 106.378 -45.9419 5
      vertex 106.1 -45.5753 5
      vertex 106.199 -46.0988 5
    endloop
  endfacet
  facet normal -0 0 1
    outer loop
      vertex 105.874 -45.7737 5
      vertex 106.199 -46.0988 5
      vertex 106.1 -45.5753 5
    endloop
  endfacet
  facet normal 0 0 1
    outer loop
      vertex 106.199 -46.0988 5
      vertex 105.874 -45.7737 5
      vertex 106.042 -46.2778 5
    endloop
  endfacet
  facet normal -0 0 1
    outer loop
      vertex 105.675 -45.9998 5
      vertex 106.042 -46.2778 5
      vertex 105.874 -45.7737 5
    endloop
  endfacet
  facet normal 0 0 1
    outer loop
      vertex 106.042 -46.2778 5
      vertex 105.675 -45.9998 5
      vertex 106.04 -46.2798 5
    endloop
  endfacet
  facet normal 0 0 1
    outer loop
      vertex 106.04 -46.2798 5
      vertex 105.675 -45.9998 5
      vertex 106.039 -46.282 5
    endloop
  endfacet
  facet normal 0 0 1
    outer loop
      vertex 106.039 -46.282 5
      vertex 105.675 -45.9998 5
      vertex 105.906 -46.4799 5
    endloop
  endfacet
  facet normal -0 0 1
    outer loop
      vertex 105.508 -46.25 5
      vertex 105.906 -46.4799 5
      vertex 105.675 -45.9998 5
    endloop
  endfacet
  facet normal 0 0 1
    outer loop
      vertex 105.906 -46.4799 5
      vertex 105.508 -46.25 5
      vertex 105.801 -46.6934 5
    endloop
  endfacet
  facet normal -0 0 1
    outer loop
      vertex 105.375 -46.5198 5
      vertex 105.801 -46.6934 5
      vertex 105.508 -46.25 5
    endloop
  endfacet
  facet normal 0 0 1
    outer loop
      vertex 105.801 -46.6934 5
      vertex 105.375 -46.5198 5
      vertex 105.8 -46.6958 5
    endloop
  endfacet
  facet normal 0 0 1
    outer loop
      vertex 105.8 -46.6958 5
      vertex 105.375 -46.5198 5
      vertex 105.799 -46.6983 5
    endloop
  endfacet
  facet normal 0 0 1
    outer loop
      vertex 105.799 -46.6983 5
      vertex 105.375 -46.5198 5
      vertex 105.723 -46.9237 5
    endloop
  endfacet
  facet normal -0 0 1
    outer loop
      vertex 105.278 -46.8047 5
      vertex 105.723 -46.9237 5
      vertex 105.375 -46.5198 5
    endloop
  endfacet
  facet normal 0 0 1
    outer loop
      vertex 105.723 -46.9237 5
      vertex 105.278 -46.8047 5
      vertex 105.722 -46.9264 5
    endloop
  endfacet
  facet normal 0 0 1
    outer loop
      vertex 105.722 -46.9264 5
      vertex 105.278 -46.8047 5
      vertex 105.676 -47.1598 5
    endloop
  endfacet
  facet normal -0 0 1
    outer loop
      vertex 109.278 -47.8736 5
      vertex 109.722 -47.9953 5
      vertex 109.324 -47.6402 5
    endloop
  endfacet
  facet normal -0 0 1
    outer loop
      vertex 109.277 -47.8763 5
      vertex 109.722 -47.9953 5
      vertex 109.278 -47.8736 5
    endloop
  endfacet
  facet normal 0 0 1
    outer loop
      vertex 109.722 -47.9953 5
      vertex 109.277 -47.8763 5
      vertex 109.625 -48.2802 5
    endloop
  endfacet
  facet normal -0 0 1
    outer loop
      vertex 109.201 -48.1017 5
      vertex 109.625 -48.2802 5
      vertex 109.277 -47.8763 5
    endloop
  endfacet
  facet normal -0 0 1
    outer loop
      vertex 109.2 -48.1042 5
      vertex 109.625 -48.2802 5
      vertex 109.201 -48.1017 5
    endloop
  endfacet
  facet normal -0 0 1
    outer loop
      vertex 109.199 -48.1066 5
      vertex 109.625 -48.2802 5
      vertex 109.2 -48.1042 5
    endloop
  endfacet
  facet normal 0 0 1
    outer loop
      vertex 109.625 -48.2802 5
      vertex 109.199 -48.1066 5
      vertex 109.492 -48.55 5
    endloop
  endfacet
  facet normal -0 0 1
    outer loop
      vertex 109.094 -48.3201 5
      vertex 109.492 -48.55 5
      vertex 109.199 -48.1066 5
    endloop
  endfacet
  facet normal 0 0 1
    outer loop
      vertex 109.492 -48.55 5
      vertex 109.094 -48.3201 5
      vertex 109.325 -48.8002 5
    endloop
  endfacet
  facet normal -0 0 1
    outer loop
      vertex 108.961 -48.518 5
      vertex 109.325 -48.8002 5
      vertex 109.094 -48.3201 5
    endloop
  endfacet
  facet normal -0 0 1
    outer loop
      vertex 108.96 -48.5202 5
      vertex 109.325 -48.8002 5
      vertex 108.961 -48.518 5
    endloop
  endfacet
  facet normal -0 0 1
    outer loop
      vertex 108.958 -48.5222 5
      vertex 109.325 -48.8002 5
      vertex 108.96 -48.5202 5
    endloop
  endfacet
  facet normal 0 0 1
    outer loop
      vertex 109.325 -48.8002 5
      vertex 108.958 -48.5222 5
      vertex 109.126 -49.0263 5
    endloop
  endfacet
  facet normal -0 0 1
    outer loop
      vertex 108.801 -48.7012 5
      vertex 109.126 -49.0263 5
      vertex 108.958 -48.5222 5
    endloop
  endfacet
  facet normal 0 0 1
    outer loop
      vertex 109.126 -49.0263 5
      vertex 108.801 -48.7012 5
      vertex 108.9 -49.2247 5
    endloop
  endfacet
  facet normal -0 0 1
    outer loop
      vertex 108.622 -48.8581 5
      vertex 108.9 -49.2247 5
      vertex 108.801 -48.7012 5
    endloop
  endfacet
  facet normal -0 0 1
    outer loop
      vertex 108.62 -48.8599 5
      vertex 108.9 -49.2247 5
      vertex 108.622 -48.8581 5
    endloop
  endfacet
  facet normal -0 0 1
    outer loop
      vertex 108.618 -48.8614 5
      vertex 108.9 -49.2247 5
      vertex 108.62 -48.8599 5
    endloop
  endfacet
  facet normal 0 0 1
    outer loop
      vertex 108.9 -49.2247 5
      vertex 108.618 -48.8614 5
      vertex 108.65 -49.3919 5
    endloop
  endfacet
  facet normal -0 0 1
    outer loop
      vertex 108.42 -48.9936 5
      vertex 108.65 -49.3919 5
      vertex 108.618 -48.8614 5
    endloop
  endfacet
  facet normal 0 0 1
    outer loop
      vertex 108.42 -48.9936 5
      vertex 108.38 -49.5249 5
      vertex 108.65 -49.3919 5
    endloop
  endfacet
  facet normal -0 0 1
    outer loop
      vertex 108.207 -49.0989 5
      vertex 108.38 -49.5249 5
      vertex 108.42 -48.9936 5
    endloop
  endfacet
  facet normal -0 0 1
    outer loop
      vertex 108.204 -49.1001 5
      vertex 108.38 -49.5249 5
      vertex 108.207 -49.0989 5
    endloop
  endfacet
  facet normal -0 0 1
    outer loop
      vertex 108.202 -49.101 5
      vertex 108.38 -49.5249 5
      vertex 108.204 -49.1001 5
    endloop
  endfacet
  facet normal 0 0 1
    outer loop
      vertex 108.202 -49.101 5
      vertex 108.095 -49.6216 5
      vertex 108.38 -49.5249 5
    endloop
  endfacet
  facet normal -0 0 1
    outer loop
      vertex 107.976 -49.1775 5
      vertex 108.095 -49.6216 5
      vertex 108.202 -49.101 5
    endloop
  endfacet
  facet normal -0 0 1
    outer loop
      vertex 107.974 -49.178 5
      vertex 108.095 -49.6216 5
      vertex 107.976 -49.1775 5
    endloop
  endfacet
  facet normal 0 0 1
    outer loop
      vertex 107.974 -49.178 5
      vertex 107.8 -49.6803 5
      vertex 108.095 -49.6216 5
    endloop
  endfacet
  facet normal -0 0 1
    outer loop
      vertex 107.74 -49.2244 5
      vertex 107.8 -49.6803 5
      vertex 107.974 -49.178 5
    endloop
  endfacet
  facet normal -0 0 1
    outer loop
      vertex 107.738 -49.2246 5
      vertex 107.8 -49.6803 5
      vertex 107.74 -49.2244 5
    endloop
  endfacet
  facet normal -0 0 1
    outer loop
      vertex 107.5 -49.2402 5
      vertex 107.8 -49.6803 5
      vertex 107.738 -49.2246 5
    endloop
  endfacet
  facet normal 0 0 1
    outer loop
      vertex 107.5 -49.2402 5
      vertex 107.5 -49.7 5
      vertex 107.8 -49.6803 5
    endloop
  endfacet
  facet normal 0 0 1
    outer loop
      vertex 107.262 -49.2246 5
      vertex 107.5 -49.7 5
      vertex 107.5 -49.2402 5
    endloop
  endfacet
  facet normal 0 0 1
    outer loop
      vertex 107.2 -49.6803 5
      vertex 107.262 -49.2246 5
      vertex 107.26 -49.2244 5
    endloop
  endfacet
  facet normal 0 0 1
    outer loop
      vertex 107.262 -49.2246 5
      vertex 107.2 -49.6803 5
      vertex 107.5 -49.7 5
    endloop
  endfacet
  facet normal 0 0 1
    outer loop
      vertex 107.026 -49.178 5
      vertex 107.2 -49.6803 5
      vertex 107.26 -49.2244 5
    endloop
  endfacet
  facet normal 0 0 1
    outer loop
      vertex 106.905 -49.6216 5
      vertex 107.026 -49.178 5
      vertex 107.024 -49.1775 5
    endloop
  endfacet
  facet normal 0 0 1
    outer loop
      vertex 107.026 -49.178 5
      vertex 106.905 -49.6216 5
      vertex 107.2 -49.6803 5
    endloop
  endfacet
  facet normal 0 0 1
    outer loop
      vertex 106.798 -49.101 5
      vertex 106.905 -49.6216 5
      vertex 107.024 -49.1775 5
    endloop
  endfacet
  facet normal 0 0 1
    outer loop
      vertex 106.62 -49.5249 5
      vertex 106.798 -49.101 5
      vertex 106.796 -49.1001 5
    endloop
  endfacet
  facet normal 0 0 1
    outer loop
      vertex 106.62 -49.5249 5
      vertex 106.796 -49.1001 5
      vertex 106.793 -49.0989 5
    endloop
  endfacet
  facet normal 0 0 1
    outer loop
      vertex 106.798 -49.101 5
      vertex 106.62 -49.5249 5
      vertex 106.905 -49.6216 5
    endloop
  endfacet
  facet normal 0 0 1
    outer loop
      vertex 106.58 -48.9936 5
      vertex 106.62 -49.5249 5
      vertex 106.793 -49.0989 5
    endloop
  endfacet
  facet normal 0 0 1
    outer loop
      vertex 106.35 -49.3919 5
      vertex 106.58 -48.9936 5
      vertex 106.382 -48.8614 5
    endloop
  endfacet
  facet normal 0 0 1
    outer loop
      vertex 106.1 -49.2247 5
      vertex 106.382 -48.8614 5
      vertex 106.38 -48.8599 5
    endloop
  endfacet
  facet normal 0 0 1
    outer loop
      vertex 106.1 -49.2247 5
      vertex 106.38 -48.8599 5
      vertex 106.378 -48.8581 5
    endloop
  endfacet
  facet normal 0 0 1
    outer loop
      vertex 106.58 -48.9936 5
      vertex 106.35 -49.3919 5
      vertex 106.62 -49.5249 5
    endloop
  endfacet
  facet normal 0 0 1
    outer loop
      vertex 106.1 -49.2247 5
      vertex 106.378 -48.8581 5
      vertex 106.199 -48.7012 5
    endloop
  endfacet
  facet normal 0 0 1
    outer loop
      vertex 106.382 -48.8614 5
      vertex 106.1 -49.2247 5
      vertex 106.35 -49.3919 5
    endloop
  endfacet
  facet normal 0 0 1
    outer loop
      vertex 105.874 -49.0263 5
      vertex 106.199 -48.7012 5
      vertex 106.042 -48.5222 5
    endloop
  endfacet
  facet normal 0 0 1
    outer loop
      vertex 105.675 -48.8002 5
      vertex 106.042 -48.5222 5
      vertex 106.04 -48.5202 5
    endloop
  endfacet
  facet normal 0 0 1
    outer loop
      vertex 105.675 -48.8002 5
      vertex 106.04 -48.5202 5
      vertex 106.039 -48.518 5
    endloop
  endfacet
  facet normal 0 0 1
    outer loop
      vertex 105.675 -48.8002 5
      vertex 106.039 -48.518 5
      vertex 105.906 -48.3201 5
    endloop
  endfacet
  facet normal 0 0 1
    outer loop
      vertex 106.199 -48.7012 5
      vertex 105.874 -49.0263 5
      vertex 106.1 -49.2247 5
    endloop
  endfacet
  facet normal 0 0 1
    outer loop
      vertex 105.508 -48.55 5
      vertex 105.906 -48.3201 5
      vertex 105.801 -48.1066 5
    endloop
  endfacet
  facet normal 0 0 1
    outer loop
      vertex 105.375 -48.2802 5
      vertex 105.801 -48.1066 5
      vertex 105.8 -48.1042 5
    endloop
  endfacet
  facet normal 0 0 1
    outer loop
      vertex 105.375 -48.2802 5
      vertex 105.8 -48.1042 5
      vertex 105.799 -48.1017 5
    endloop
  endfacet
  facet normal 0 0 1
    outer loop
      vertex 105.375 -48.2802 5
      vertex 105.799 -48.1017 5
      vertex 105.723 -47.8763 5
    endloop
  endfacet
  facet normal 0 0 1
    outer loop
      vertex 105.278 -47.9953 5
      vertex 105.723 -47.8763 5
      vertex 105.722 -47.8736 5
    endloop
  endfacet
  facet normal 0 0 1
    outer loop
      vertex 105.278 -47.9953 5
      vertex 105.722 -47.8736 5
      vertex 105.676 -47.6402 5
    endloop
  endfacet
  facet normal 0 0 1
    outer loop
      vertex 106.042 -48.5222 5
      vertex 105.675 -48.8002 5
      vertex 105.874 -49.0263 5
    endloop
  endfacet
  facet normal 0 0 1
    outer loop
      vertex 105.22 -47.7002 5
      vertex 105.676 -47.6402 5
      vertex 105.675 -47.6375 5
    endloop
  endfacet
  facet normal 0 0 1
    outer loop
      vertex 105.22 -47.7002 5
      vertex 105.675 -47.6375 5
      vertex 105.66 -47.4 5
    endloop
  endfacet
  facet normal -0 0 1
    outer loop
      vertex 105.22 -47.0998 5
      vertex 105.676 -47.1598 5
      vertex 105.278 -46.8047 5
    endloop
  endfacet
  facet normal 0 0 1
    outer loop
      vertex 105.906 -48.3201 5
      vertex 105.508 -48.55 5
      vertex 105.675 -48.8002 5
    endloop
  endfacet
  facet normal 0 0 1
    outer loop
      vertex 105.676 -47.1598 5
      vertex 105.22 -47.0998 5
      vertex 105.675 -47.1625 5
    endloop
  endfacet
  facet normal 0 0 1
    outer loop
      vertex 105.801 -48.1066 5
      vertex 105.375 -48.2802 5
      vertex 105.508 -48.55 5
    endloop
  endfacet
  facet normal 0 0 1
    outer loop
      vertex 105.675 -47.1625 5
      vertex 105.22 -47.0998 5
      vertex 105.66 -47.4 5
    endloop
  endfacet
  facet normal 0 0 1
    outer loop
      vertex 105.723 -47.8763 5
      vertex 105.278 -47.9953 5
      vertex 105.375 -48.2802 5
    endloop
  endfacet
  facet normal 0 0 1
    outer loop
      vertex 105.2 -47.4 5
      vertex 105.66 -47.4 5
      vertex 105.22 -47.0998 5
    endloop
  endfacet
  facet normal 0 0 1
    outer loop
      vertex 105.676 -47.6402 5
      vertex 105.22 -47.7002 5
      vertex 105.278 -47.9953 5
    endloop
  endfacet
  facet normal 0 0 1
    outer loop
      vertex 105.66 -47.4 5
      vertex 105.2 -47.4 5
      vertex 105.22 -47.7002 5
    endloop
  endfacet
  facet normal 0 -1 0
    outer loop
      vertex 33.5 -45.9 -5.72205e-07
      vertex 104.5 -45.9 2.5
      vertex 33.5 -45.9 2.5
    endloop
  endfacet
  facet normal 0 -1 -0
    outer loop
      vertex 104.5 -45.9 2.5
      vertex 33.5 -45.9 -5.72205e-07
      vertex 104.5 -45.9 -5.72205e-07
    endloop
  endfacet
  facet normal -0.980768 0.195175 0
    outer loop
      vertex 31.7074 -33.7235 -5.72205e-07
      vertex 31.7393 -33.5632 4.4
      vertex 31.7393 -33.5632 -5.72205e-07
    endloop
  endfacet
  facet normal -0.980768 0.195175 0
    outer loop
      vertex 31.7393 -33.5632 4.4
      vertex 31.7074 -33.7235 -5.72205e-07
      vertex 31.7074 -33.7235 4.4
    endloop
  endfacet
  facet normal -0.980768 -0.195175 0
    outer loop
      vertex 31.7393 -33.2368 -5.72205e-07
      vertex 31.7074 -33.0765 4.4
      vertex 31.7074 -33.0765 -5.72205e-07
    endloop
  endfacet
  facet normal -0.980768 -0.195175 0
    outer loop
      vertex 31.7074 -33.0765 4.4
      vertex 31.7393 -33.2368 -5.72205e-07
      vertex 31.7393 -33.2368 4.4
    endloop
  endfacet
  facet normal -0.997858 -0.0654233 0
    outer loop
      vertex 31.75 -33.4 -5.72205e-07
      vertex 31.7393 -33.2368 4.4
      vertex 31.7393 -33.2368 -5.72205e-07
    endloop
  endfacet
  facet normal -0.997858 -0.0654233 0
    outer loop
      vertex 31.7393 -33.2368 4.4
      vertex 31.75 -33.4 -5.72205e-07
      vertex 31.75 -33.4 4.4
    endloop
  endfacet
  facet normal -0.947082 -0.320993 0
    outer loop
      vertex 31.7074 -33.0765 -5.72205e-07
      vertex 31.6549 -32.9216 4.4
      vertex 31.6549 -32.9216 -5.72205e-07
    endloop
  endfacet
  facet normal -0.947082 -0.320993 0
    outer loop
      vertex 31.6549 -32.9216 4.4
      vertex 31.7074 -33.0765 -5.72205e-07
      vertex 31.7074 -33.0765 4.4
    endloop
  endfacet
  facet normal 0.997858 -0.0654233 0
    outer loop
      vertex 29.25 -33.4 4.4
      vertex 29.2607 -33.2368 -5.72205e-07
      vertex 29.2607 -33.2368 4.4
    endloop
  endfacet
  facet normal 0.997858 -0.0654233 0
    outer loop
      vertex 29.2607 -33.2368 -5.72205e-07
      vertex 29.25 -33.4 4.4
      vertex 29.25 -33.4 -5.72205e-07
    endloop
  endfacet
  facet normal -0.442313 0.896861 0
    outer loop
      vertex 31.125 -34.4825 -5.72205e-07
      vertex 30.9784 -34.5548 4.4
      vertex 31.125 -34.4825 4.4
    endloop
  endfacet
  facet normal -0.442313 0.896861 0
    outer loop
      vertex 30.9784 -34.5548 4.4
      vertex 31.125 -34.4825 -5.72205e-07
      vertex 30.9784 -34.5548 -5.72205e-07
    endloop
  endfacet
  facet normal -0.195175 -0.980768 0
    outer loop
      vertex 30.6632 -32.1607 -5.72205e-07
      vertex 30.8235 -32.1926 4.4
      vertex 30.6632 -32.1607 4.4
    endloop
  endfacet
  facet normal -0.195175 -0.980768 -0
    outer loop
      vertex 30.8235 -32.1926 4.4
      vertex 30.6632 -32.1607 -5.72205e-07
      vertex 30.8235 -32.1926 -5.72205e-07
    endloop
  endfacet
  facet normal -0.195175 0.980768 0
    outer loop
      vertex 30.8235 -34.6074 -5.72205e-07
      vertex 30.6632 -34.6393 4.4
      vertex 30.8235 -34.6074 4.4
    endloop
  endfacet
  facet normal -0.195175 0.980768 0
    outer loop
      vertex 30.6632 -34.6393 4.4
      vertex 30.8235 -34.6074 -5.72205e-07
      vertex 30.6632 -34.6393 -5.72205e-07
    endloop
  endfacet
  facet normal -0.0654233 0.997858 0
    outer loop
      vertex 30.6632 -34.6393 -5.72205e-07
      vertex 30.5 -34.65 4.4
      vertex 30.6632 -34.6393 4.4
    endloop
  endfacet
  facet normal -0.0654233 0.997858 0
    outer loop
      vertex 30.5 -34.65 4.4
      vertex 30.6632 -34.6393 -5.72205e-07
      vertex 30.5 -34.65 -5.72205e-07
    endloop
  endfacet
  facet normal 0.659414 -0.75178 0
    outer loop
      vertex 29.6161 -32.5161 -5.72205e-07
      vertex 29.739 -32.4083 4.4
      vertex 29.6161 -32.5161 4.4
    endloop
  endfacet
  facet normal 0.659414 -0.75178 0
    outer loop
      vertex 29.739 -32.4083 4.4
      vertex 29.6161 -32.5161 -5.72205e-07
      vertex 29.739 -32.4083 -5.72205e-07
    endloop
  endfacet
  facet normal 0.831674 -0.555265 0
    outer loop
      vertex 29.4175 -32.775 4.4
      vertex 29.5083 -32.639 -5.72205e-07
      vertex 29.5083 -32.639 4.4
    endloop
  endfacet
  facet normal 0.831674 -0.555265 0
    outer loop
      vertex 29.5083 -32.639 -5.72205e-07
      vertex 29.4175 -32.775 4.4
      vertex 29.4175 -32.775 -5.72205e-07
    endloop
  endfacet
  facet normal -0.321541 -0.946896 0
    outer loop
      vertex 30.8235 -32.1926 -5.72205e-07
      vertex 30.9784 -32.2452 4.4
      vertex 30.8235 -32.1926 4.4
    endloop
  endfacet
  facet normal -0.321541 -0.946896 -0
    outer loop
      vertex 30.9784 -32.2452 4.4
      vertex 30.8235 -32.1926 -5.72205e-07
      vertex 30.9784 -32.2452 -5.72205e-07
    endloop
  endfacet
  facet normal -0.659414 0.75178 0
    outer loop
      vertex 31.3839 -34.2839 -5.72205e-07
      vertex 31.261 -34.3917 4.4
      vertex 31.3839 -34.2839 4.4
    endloop
  endfacet
  facet normal -0.659414 0.75178 0
    outer loop
      vertex 31.261 -34.3917 4.4
      vertex 31.3839 -34.2839 -5.72205e-07
      vertex 31.261 -34.3917 -5.72205e-07
    endloop
  endfacet
  facet normal 0.442313 -0.896861 0
    outer loop
      vertex 29.875 -32.3175 -5.72205e-07
      vertex 30.0216 -32.2452 4.4
      vertex 29.875 -32.3175 4.4
    endloop
  endfacet
  facet normal 0.442313 -0.896861 0
    outer loop
      vertex 30.0216 -32.2452 4.4
      vertex 29.875 -32.3175 -5.72205e-07
      vertex 30.0216 -32.2452 -5.72205e-07
    endloop
  endfacet
  facet normal 0.0654233 0.997858 -0
    outer loop
      vertex 30.5 -34.65 -5.72205e-07
      vertex 30.3368 -34.6393 4.4
      vertex 30.5 -34.65 4.4
    endloop
  endfacet
  facet normal 0.0654233 0.997858 0
    outer loop
      vertex 30.3368 -34.6393 4.4
      vertex 30.5 -34.65 -5.72205e-07
      vertex 30.3368 -34.6393 -5.72205e-07
    endloop
  endfacet
  facet normal -0.752046 0.65911 0
    outer loop
      vertex 31.3839 -34.2839 -5.72205e-07
      vertex 31.4917 -34.1609 4.4
      vertex 31.4917 -34.1609 -5.72205e-07
    endloop
  endfacet
  facet normal -0.752046 0.65911 0
    outer loop
      vertex 31.4917 -34.1609 4.4
      vertex 31.3839 -34.2839 -5.72205e-07
      vertex 31.3839 -34.2839 4.4
    endloop
  endfacet
  facet normal 0.947082 0.320993 0
    outer loop
      vertex 29.3451 -33.8784 4.4
      vertex 29.2926 -33.7235 -5.72205e-07
      vertex 29.2926 -33.7235 4.4
    endloop
  endfacet
  facet normal 0.947082 0.320993 0
    outer loop
      vertex 29.2926 -33.7235 -5.72205e-07
      vertex 29.3451 -33.8784 4.4
      vertex 29.3451 -33.8784 -5.72205e-07
    endloop
  endfacet
  facet normal -0.321541 0.946896 0
    outer loop
      vertex 30.9784 -34.5548 -5.72205e-07
      vertex 30.8235 -34.6074 4.4
      vertex 30.9784 -34.5548 4.4
    endloop
  endfacet
  facet normal -0.321541 0.946896 0
    outer loop
      vertex 30.8235 -34.6074 4.4
      vertex 30.9784 -34.5548 -5.72205e-07
      vertex 30.8235 -34.6074 -5.72205e-07
    endloop
  endfacet
  facet normal 0.321541 -0.946896 0
    outer loop
      vertex 30.0216 -32.2452 -5.72205e-07
      vertex 30.1765 -32.1926 4.4
      vertex 30.0216 -32.2452 4.4
    endloop
  endfacet
  facet normal 0.321541 -0.946896 0
    outer loop
      vertex 30.1765 -32.1926 4.4
      vertex 30.0216 -32.2452 -5.72205e-07
      vertex 30.1765 -32.1926 -5.72205e-07
    endloop
  endfacet
  facet normal 0.555265 -0.831674 0
    outer loop
      vertex 29.739 -32.4083 -5.72205e-07
      vertex 29.875 -32.3175 4.4
      vertex 29.739 -32.4083 4.4
    endloop
  endfacet
  facet normal 0.555265 -0.831674 0
    outer loop
      vertex 29.875 -32.3175 4.4
      vertex 29.739 -32.4083 -5.72205e-07
      vertex 29.875 -32.3175 -5.72205e-07
    endloop
  endfacet
  facet normal 0.947082 -0.320993 0
    outer loop
      vertex 29.2926 -33.0765 4.4
      vertex 29.3451 -32.9216 -5.72205e-07
      vertex 29.3451 -32.9216 4.4
    endloop
  endfacet
  facet normal 0.947082 -0.320993 0
    outer loop
      vertex 29.3451 -32.9216 -5.72205e-07
      vertex 29.2926 -33.0765 4.4
      vertex 29.2926 -33.0765 -5.72205e-07
    endloop
  endfacet
  facet normal -0.896618 -0.442805 0
    outer loop
      vertex 31.6549 -32.9216 -5.72205e-07
      vertex 31.5825 -32.775 4.4
      vertex 31.5825 -32.775 -5.72205e-07
    endloop
  endfacet
  facet normal -0.896618 -0.442805 0
    outer loop
      vertex 31.5825 -32.775 4.4
      vertex 31.6549 -32.9216 -5.72205e-07
      vertex 31.6549 -32.9216 4.4
    endloop
  endfacet
  facet normal 0.195175 -0.980768 0
    outer loop
      vertex 30.1765 -32.1926 -5.72205e-07
      vertex 30.3368 -32.1607 4.4
      vertex 30.1765 -32.1926 4.4
    endloop
  endfacet
  facet normal 0.195175 -0.980768 0
    outer loop
      vertex 30.3368 -32.1607 4.4
      vertex 30.1765 -32.1926 -5.72205e-07
      vertex 30.3368 -32.1607 -5.72205e-07
    endloop
  endfacet
  facet normal -0.659414 -0.75178 0
    outer loop
      vertex 31.261 -32.4083 -5.72205e-07
      vertex 31.3839 -32.5161 4.4
      vertex 31.261 -32.4083 4.4
    endloop
  endfacet
  facet normal -0.659414 -0.75178 -0
    outer loop
      vertex 31.3839 -32.5161 4.4
      vertex 31.261 -32.4083 -5.72205e-07
      vertex 31.3839 -32.5161 -5.72205e-07
    endloop
  endfacet
  facet normal -0.997858 0.0654233 0
    outer loop
      vertex 31.7393 -33.5632 -5.72205e-07
      vertex 31.75 -33.4 4.4
      vertex 31.75 -33.4 -5.72205e-07
    endloop
  endfacet
  facet normal -0.997858 0.0654233 0
    outer loop
      vertex 31.75 -33.4 4.4
      vertex 31.7393 -33.5632 -5.72205e-07
      vertex 31.7393 -33.5632 4.4
    endloop
  endfacet
  facet normal -0.442313 -0.896861 0
    outer loop
      vertex 30.9784 -32.2452 -5.72205e-07
      vertex 31.125 -32.3175 4.4
      vertex 30.9784 -32.2452 4.4
    endloop
  endfacet
  facet normal -0.442313 -0.896861 -0
    outer loop
      vertex 31.125 -32.3175 4.4
      vertex 30.9784 -32.2452 -5.72205e-07
      vertex 31.125 -32.3175 -5.72205e-07
    endloop
  endfacet
  facet normal 0.321541 0.946896 -0
    outer loop
      vertex 30.1765 -34.6074 -5.72205e-07
      vertex 30.0216 -34.5548 4.4
      vertex 30.1765 -34.6074 4.4
    endloop
  endfacet
  facet normal 0.321541 0.946896 0
    outer loop
      vertex 30.0216 -34.5548 4.4
      vertex 30.1765 -34.6074 -5.72205e-07
      vertex 30.0216 -34.5548 -5.72205e-07
    endloop
  endfacet
  facet normal 0.980768 -0.195175 0
    outer loop
      vertex 29.2607 -33.2368 4.4
      vertex 29.2926 -33.0765 -5.72205e-07
      vertex 29.2926 -33.0765 4.4
    endloop
  endfacet
  facet normal 0.980768 -0.195175 0
    outer loop
      vertex 29.2926 -33.0765 -5.72205e-07
      vertex 29.2607 -33.2368 4.4
      vertex 29.2607 -33.2368 -5.72205e-07
    endloop
  endfacet
  facet normal 0.0654233 -0.997858 0
    outer loop
      vertex 30.3368 -32.1607 -5.72205e-07
      vertex 30.5 -32.15 4.4
      vertex 30.3368 -32.1607 4.4
    endloop
  endfacet
  facet normal 0.0654233 -0.997858 0
    outer loop
      vertex 30.5 -32.15 4.4
      vertex 30.3368 -32.1607 -5.72205e-07
      vertex 30.5 -32.15 -5.72205e-07
    endloop
  endfacet
  facet normal 0.195175 0.980768 -0
    outer loop
      vertex 30.3368 -34.6393 -5.72205e-07
      vertex 30.1765 -34.6074 4.4
      vertex 30.3368 -34.6393 4.4
    endloop
  endfacet
  facet normal 0.195175 0.980768 0
    outer loop
      vertex 30.1765 -34.6074 4.4
      vertex 30.3368 -34.6393 -5.72205e-07
      vertex 30.1765 -34.6074 -5.72205e-07
    endloop
  endfacet
  facet normal -0.947082 0.320993 0
    outer loop
      vertex 31.6549 -33.8784 -5.72205e-07
      vertex 31.7074 -33.7235 4.4
      vertex 31.7074 -33.7235 -5.72205e-07
    endloop
  endfacet
  facet normal -0.947082 0.320993 0
    outer loop
      vertex 31.7074 -33.7235 4.4
      vertex 31.6549 -33.8784 -5.72205e-07
      vertex 31.6549 -33.8784 4.4
    endloop
  endfacet
  facet normal -0.831674 -0.555265 0
    outer loop
      vertex 31.5825 -32.775 -5.72205e-07
      vertex 31.4917 -32.639 4.4
      vertex 31.4917 -32.639 -5.72205e-07
    endloop
  endfacet
  facet normal -0.831674 -0.555265 0
    outer loop
      vertex 31.4917 -32.639 4.4
      vertex 31.5825 -32.775 -5.72205e-07
      vertex 31.5825 -32.775 4.4
    endloop
  endfacet
  facet normal -0.75178 -0.659414 0
    outer loop
      vertex 31.4917 -32.639 -5.72205e-07
      vertex 31.3839 -32.5161 4.4
      vertex 31.3839 -32.5161 -5.72205e-07
    endloop
  endfacet
  facet normal -0.75178 -0.659414 0
    outer loop
      vertex 31.3839 -32.5161 4.4
      vertex 31.4917 -32.639 -5.72205e-07
      vertex 31.4917 -32.639 4.4
    endloop
  endfacet
  facet normal 0.896618 0.442805 0
    outer loop
      vertex 29.4175 -34.025 4.4
      vertex 29.3451 -33.8784 -5.72205e-07
      vertex 29.3451 -33.8784 4.4
    endloop
  endfacet
  facet normal 0.896618 0.442805 0
    outer loop
      vertex 29.3451 -33.8784 -5.72205e-07
      vertex 29.4175 -34.025 4.4
      vertex 29.4175 -34.025 -5.72205e-07
    endloop
  endfacet
  facet normal -0.896618 0.442805 0
    outer loop
      vertex 31.5825 -34.025 -5.72205e-07
      vertex 31.6549 -33.8784 4.4
      vertex 31.6549 -33.8784 -5.72205e-07
    endloop
  endfacet
  facet normal -0.896618 0.442805 0
    outer loop
      vertex 31.6549 -33.8784 4.4
      vertex 31.5825 -34.025 -5.72205e-07
      vertex 31.5825 -34.025 4.4
    endloop
  endfacet
  facet normal 0.752046 0.65911 0
    outer loop
      vertex 29.6161 -34.2839 4.4
      vertex 29.5083 -34.1609 -5.72205e-07
      vertex 29.5083 -34.1609 4.4
    endloop
  endfacet
  facet normal 0.752046 0.65911 0
    outer loop
      vertex 29.5083 -34.1609 -5.72205e-07
      vertex 29.6161 -34.2839 4.4
      vertex 29.6161 -34.2839 -5.72205e-07
    endloop
  endfacet
  facet normal -0.831485 0.555547 0
    outer loop
      vertex 31.4917 -34.1609 -5.72205e-07
      vertex 31.5825 -34.025 4.4
      vertex 31.5825 -34.025 -5.72205e-07
    endloop
  endfacet
  facet normal -0.831485 0.555547 0
    outer loop
      vertex 31.5825 -34.025 4.4
      vertex 31.4917 -34.1609 -5.72205e-07
      vertex 31.4917 -34.1609 4.4
    endloop
  endfacet
  facet normal 0.75178 -0.659414 0
    outer loop
      vertex 29.5083 -32.639 4.4
      vertex 29.6161 -32.5161 -5.72205e-07
      vertex 29.6161 -32.5161 4.4
    endloop
  endfacet
  facet normal 0.75178 -0.659414 0
    outer loop
      vertex 29.6161 -32.5161 -5.72205e-07
      vertex 29.5083 -32.639 4.4
      vertex 29.5083 -32.639 -5.72205e-07
    endloop
  endfacet
  facet normal -0.0654233 -0.997858 0
    outer loop
      vertex 30.5 -32.15 -5.72205e-07
      vertex 30.6632 -32.1607 4.4
      vertex 30.5 -32.15 4.4
    endloop
  endfacet
  facet normal -0.0654233 -0.997858 -0
    outer loop
      vertex 30.6632 -32.1607 4.4
      vertex 30.5 -32.15 -5.72205e-07
      vertex 30.6632 -32.1607 -5.72205e-07
    endloop
  endfacet
  facet normal -0.555265 -0.831674 0
    outer loop
      vertex 31.125 -32.3175 -5.72205e-07
      vertex 31.261 -32.4083 4.4
      vertex 31.125 -32.3175 4.4
    endloop
  endfacet
  facet normal -0.555265 -0.831674 -0
    outer loop
      vertex 31.261 -32.4083 4.4
      vertex 31.125 -32.3175 -5.72205e-07
      vertex 31.261 -32.4083 -5.72205e-07
    endloop
  endfacet
  facet normal 0.442313 0.896861 -0
    outer loop
      vertex 30.0216 -34.5548 -5.72205e-07
      vertex 29.875 -34.4825 4.4
      vertex 30.0216 -34.5548 4.4
    endloop
  endfacet
  facet normal 0.442313 0.896861 0
    outer loop
      vertex 29.875 -34.4825 4.4
      vertex 30.0216 -34.5548 -5.72205e-07
      vertex 29.875 -34.4825 -5.72205e-07
    endloop
  endfacet
  facet normal 0.831485 0.555547 0
    outer loop
      vertex 29.5083 -34.1609 4.4
      vertex 29.4175 -34.025 -5.72205e-07
      vertex 29.4175 -34.025 4.4
    endloop
  endfacet
  facet normal 0.831485 0.555547 0
    outer loop
      vertex 29.4175 -34.025 -5.72205e-07
      vertex 29.5083 -34.1609 4.4
      vertex 29.5083 -34.1609 -5.72205e-07
    endloop
  endfacet
  facet normal 0.980768 0.195175 0
    outer loop
      vertex 29.2926 -33.7235 4.4
      vertex 29.2607 -33.5632 -5.72205e-07
      vertex 29.2607 -33.5632 4.4
    endloop
  endfacet
  facet normal 0.980768 0.195175 0
    outer loop
      vertex 29.2607 -33.5632 -5.72205e-07
      vertex 29.2926 -33.7235 4.4
      vertex 29.2926 -33.7235 -5.72205e-07
    endloop
  endfacet
  facet normal 0.659414 0.75178 -0
    outer loop
      vertex 29.739 -34.3917 -5.72205e-07
      vertex 29.6161 -34.2839 4.4
      vertex 29.739 -34.3917 4.4
    endloop
  endfacet
  facet normal 0.659414 0.75178 0
    outer loop
      vertex 29.6161 -34.2839 4.4
      vertex 29.739 -34.3917 -5.72205e-07
      vertex 29.6161 -34.2839 -5.72205e-07
    endloop
  endfacet
  facet normal 0.896618 -0.442805 0
    outer loop
      vertex 29.3451 -32.9216 4.4
      vertex 29.4175 -32.775 -5.72205e-07
      vertex 29.4175 -32.775 4.4
    endloop
  endfacet
  facet normal 0.896618 -0.442805 0
    outer loop
      vertex 29.4175 -32.775 -5.72205e-07
      vertex 29.3451 -32.9216 4.4
      vertex 29.3451 -32.9216 -5.72205e-07
    endloop
  endfacet
  facet normal 0.997858 0.0654233 0
    outer loop
      vertex 29.2607 -33.5632 4.4
      vertex 29.25 -33.4 -5.72205e-07
      vertex 29.25 -33.4 4.4
    endloop
  endfacet
  facet normal 0.997858 0.0654233 0
    outer loop
      vertex 29.25 -33.4 -5.72205e-07
      vertex 29.2607 -33.5632 4.4
      vertex 29.2607 -33.5632 -5.72205e-07
    endloop
  endfacet
  facet normal -0.555265 0.831674 0
    outer loop
      vertex 31.261 -34.3917 -5.72205e-07
      vertex 31.125 -34.4825 4.4
      vertex 31.261 -34.3917 4.4
    endloop
  endfacet
  facet normal -0.555265 0.831674 0
    outer loop
      vertex 31.125 -34.4825 4.4
      vertex 31.261 -34.3917 -5.72205e-07
      vertex 31.125 -34.4825 -5.72205e-07
    endloop
  endfacet
  facet normal 0.555265 0.831674 -0
    outer loop
      vertex 29.875 -34.4825 -5.72205e-07
      vertex 29.739 -34.3917 4.4
      vertex 29.875 -34.4825 4.4
    endloop
  endfacet
  facet normal 0.555265 0.831674 0
    outer loop
      vertex 29.739 -34.3917 4.4
      vertex 29.875 -34.4825 -5.72205e-07
      vertex 29.739 -34.3917 -5.72205e-07
    endloop
  endfacet
  facet normal 0.67118 -0.241625 0.70081
    outer loop
      vertex 28.799 -32.6983 5
      vertex 29.3451 -32.9216 4.4
      vertex 28.7999 -32.6958 5
    endloop
  endfacet
  facet normal 0.675923 -0.229089 0.700462
    outer loop
      vertex 29.3451 -32.9216 4.4
      vertex 28.799 -32.6983 5
      vertex 29.2926 -33.0765 4.4
    endloop
  endfacet
  facet normal 0.229357 -0.675779 0.700512
    outer loop
      vertex 30.1765 -32.1926 4.4
      vertex 30.0237 -31.6225 5
      vertex 29.7983 -31.699 5
    endloop
  endfacet
  facet normal 0.139289 -0.699939 0.700488
    outer loop
      vertex 30.0264 -31.622 5
      vertex 30.1765 -32.1926 4.4
      vertex 30.3368 -32.1607 4.4
    endloop
  endfacet
  facet normal 0.130008 -0.702043 0.700167
    outer loop
      vertex 30.1765 -32.1926 4.4
      vertex 30.0264 -31.622 5
      vertex 30.0237 -31.6225 5
    endloop
  endfacet
  facet normal 0.702043 -0.130008 0.700167
    outer loop
      vertex 28.722 -32.9264 5
      vertex 29.2926 -33.0765 4.4
      vertex 28.7225 -32.9237 5
    endloop
  endfacet
  facet normal 0.699939 -0.139289 0.700488
    outer loop
      vertex 29.2926 -33.0765 4.4
      vertex 28.722 -32.9264 5
      vertex 29.2607 -33.2368 4.4
    endloop
  endfacet
  facet normal -0.712125 -0.0467753 0.700493
    outer loop
      vertex 32.3402 -33.4 5
      vertex 32.3246 -33.1625 5
      vertex 31.75 -33.4 4.4
    endloop
  endfacet
  facet normal -0.711556 -0.0527078 0.70065
    outer loop
      vertex 31.7393 -33.2368 4.4
      vertex 32.3246 -33.1625 5
      vertex 32.3244 -33.1598 5
    endloop
  endfacet
  facet normal -0.712144 -0.0466908 0.700479
    outer loop
      vertex 32.3246 -33.1625 5
      vertex 31.7393 -33.2368 4.4
      vertex 31.75 -33.4 4.4
    endloop
  endfacet
  facet normal -0.229357 -0.675779 0.700512
    outer loop
      vertex 31.2017 -31.699 5
      vertex 30.9763 -31.6225 5
      vertex 30.8235 -32.1926 4.4
    endloop
  endfacet
  facet normal -0.593438 0.396425 0.700485
    outer loop
      vertex 31.9614 -34.518 5
      vertex 32.0936 -34.3201 5
      vertex 31.5825 -34.025 4.4
    endloop
  endfacet
  facet normal -0.536698 0.470435 0.700461
    outer loop
      vertex 31.8012 -34.7012 5
      vertex 31.9581 -34.5222 5
      vertex 31.3839 -34.2839 4.4
    endloop
  endfacet
  facet normal -0.712144 0.0466908 0.700479
    outer loop
      vertex 31.7393 -33.5632 4.4
      vertex 32.3246 -33.6375 5
      vertex 31.75 -33.4 4.4
    endloop
  endfacet
  facet normal -0.711556 0.0527078 0.70065
    outer loop
      vertex 32.3246 -33.6375 5
      vertex 31.7393 -33.5632 4.4
      vertex 32.3244 -33.6402 5
    endloop
  endfacet
  facet normal 0.593438 0.396425 0.700485
    outer loop
      vertex 29.0386 -34.518 5
      vertex 29.4175 -34.025 4.4
      vertex 28.9064 -34.3201 5
    endloop
  endfacet
  facet normal -0.229357 0.675779 0.700512
    outer loop
      vertex 30.9763 -35.1775 5
      vertex 31.2017 -35.101 5
      vertex 30.8235 -34.6074 4.4
    endloop
  endfacet
  facet normal -0.530707 0.477636 0.700153
    outer loop
      vertex 31.4917 -34.1609 4.4
      vertex 31.9581 -34.5222 5
      vertex 31.9599 -34.5202 5
    endloop
  endfacet
  facet normal -0.536722 0.470396 0.700469
    outer loop
      vertex 31.9581 -34.5222 5
      vertex 31.4917 -34.1609 4.4
      vertex 31.3839 -34.2839 4.4
    endloop
  endfacet
  facet normal -0.470644 0.536569 0.70042
    outer loop
      vertex 31.261 -34.3917 4.4
      vertex 31.6222 -34.8581 5
      vertex 31.3839 -34.2839 4.4
    endloop
  endfacet
  facet normal -0.477663 0.530736 0.700112
    outer loop
      vertex 31.6222 -34.8581 5
      vertex 31.261 -34.3917 4.4
      vertex 31.6202 -34.8599 5
    endloop
  endfacet
  facet normal 0.536698 0.470435 0.700461
    outer loop
      vertex 29.1988 -34.7012 5
      vertex 29.6161 -34.2839 4.4
      vertex 29.0419 -34.5222 5
    endloop
  endfacet
  facet normal -0.470435 0.536698 0.700461
    outer loop
      vertex 31.6222 -34.8581 5
      vertex 31.8012 -34.7012 5
      vertex 31.3839 -34.2839 4.4
    endloop
  endfacet
  facet normal -0.593395 0.39647 0.700495
    outer loop
      vertex 31.4917 -34.1609 4.4
      vertex 31.9614 -34.518 5
      vertex 31.5825 -34.025 4.4
    endloop
  endfacet
  facet normal -0.58949 0.401925 0.700684
    outer loop
      vertex 31.9614 -34.518 5
      vertex 31.4917 -34.1609 4.4
      vertex 31.9599 -34.5202 5
    endloop
  endfacet
  facet normal -0.699989 0.139158 0.700465
    outer loop
      vertex 32.278 -33.8736 5
      vertex 32.3244 -33.6402 5
      vertex 31.7393 -33.5632 4.4
    endloop
  endfacet
  facet normal 0.675923 0.229089 0.700462
    outer loop
      vertex 28.799 -34.1017 5
      vertex 29.3451 -33.8784 4.4
      vertex 29.2926 -33.7235 4.4
    endloop
  endfacet
  facet normal 0.67118 0.241625 0.70081
    outer loop
      vertex 29.3451 -33.8784 4.4
      vertex 28.799 -34.1017 5
      vertex 28.7999 -34.1042 5
    endloop
  endfacet
  facet normal -0.130008 0.702043 0.700167
    outer loop
      vertex 30.8235 -34.6074 4.4
      vertex 30.9736 -35.178 5
      vertex 30.9763 -35.1775 5
    endloop
  endfacet
  facet normal -0.139289 0.699939 0.700488
    outer loop
      vertex 30.9736 -35.178 5
      vertex 30.8235 -34.6074 4.4
      vertex 30.6632 -34.6393 4.4
    endloop
  endfacet
  facet normal -0.0466908 -0.712144 0.700479
    outer loop
      vertex 30.6632 -32.1607 4.4
      vertex 30.7375 -31.5754 5
      vertex 30.5 -32.15 4.4
    endloop
  endfacet
  facet normal -0.0527078 -0.711556 0.70065
    outer loop
      vertex 30.7375 -31.5754 5
      vertex 30.6632 -32.1607 4.4
      vertex 30.7402 -31.5756 5
    endloop
  endfacet
  facet normal -0.401944 0.589517 0.70065
    outer loop
      vertex 31.261 -34.3917 4.4
      vertex 31.618 -34.8614 5
      vertex 31.6202 -34.8599 5
    endloop
  endfacet
  facet normal -0.396291 0.593563 0.700454
    outer loop
      vertex 31.618 -34.8614 5
      vertex 31.261 -34.3917 4.4
      vertex 31.125 -34.4825 4.4
    endloop
  endfacet
  facet normal 0.712125 -0.0467753 0.700493
    outer loop
      vertex 29.25 -33.4 4.4
      vertex 28.6754 -33.1625 5
      vertex 28.6598 -33.4 5
    endloop
  endfacet
  facet normal -0.675923 0.229089 0.700462
    outer loop
      vertex 31.6549 -33.8784 4.4
      vertex 32.201 -34.1017 5
      vertex 31.7074 -33.7235 4.4
    endloop
  endfacet
  facet normal -0.67118 0.241625 0.70081
    outer loop
      vertex 32.201 -34.1017 5
      vertex 31.6549 -33.8784 4.4
      vertex 32.2001 -34.1042 5
    endloop
  endfacet
  facet normal -0.130008 -0.702043 0.700167
    outer loop
      vertex 30.9736 -31.622 5
      vertex 30.8235 -32.1926 4.4
      vertex 30.9763 -31.6225 5
    endloop
  endfacet
  facet normal -0.139289 -0.699939 0.700488
    outer loop
      vertex 30.8235 -32.1926 4.4
      vertex 30.9736 -31.622 5
      vertex 30.6632 -32.1607 4.4
    endloop
  endfacet
  facet normal -0.593438 -0.396425 0.700485
    outer loop
      vertex 32.0936 -32.4799 5
      vertex 31.9614 -32.282 5
      vertex 31.5825 -32.775 4.4
    endloop
  endfacet
  facet normal 0.0467753 0.712125 0.700493
    outer loop
      vertex 30.5 -35.2402 5
      vertex 30.5 -34.65 4.4
      vertex 30.2625 -35.2246 5
    endloop
  endfacet
  facet normal 0.139158 0.699989 0.700465
    outer loop
      vertex 30.2598 -35.2244 5
      vertex 30.3368 -34.6393 4.4
      vertex 30.0264 -35.178 5
    endloop
  endfacet
  facet normal -0.63848 0.31924 0.700306
    outer loop
      vertex 31.6549 -33.8784 4.4
      vertex 32.1989 -34.1066 5
      vertex 32.2001 -34.1042 5
    endloop
  endfacet
  facet normal -0.639945 0.316044 0.700419
    outer loop
      vertex 32.1989 -34.1066 5
      vertex 31.6549 -33.8784 4.4
      vertex 31.5825 -34.025 4.4
    endloop
  endfacet
  facet normal 0.0466908 0.712144 0.700479
    outer loop
      vertex 30.3368 -34.6393 4.4
      vertex 30.2625 -35.2246 5
      vertex 30.5 -34.65 4.4
    endloop
  endfacet
  facet normal 0.0527078 0.711556 0.70065
    outer loop
      vertex 30.2625 -35.2246 5
      vertex 30.3368 -34.6393 4.4
      vertex 30.2598 -35.2244 5
    endloop
  endfacet
  facet normal -0.0467753 0.712125 0.700493
    outer loop
      vertex 30.5 -35.2402 5
      vertex 30.7375 -35.2246 5
      vertex 30.5 -34.65 4.4
    endloop
  endfacet
  facet normal 0.536569 -0.470644 0.70042
    outer loop
      vertex 29.0419 -32.2778 5
      vertex 29.5083 -32.639 4.4
      vertex 29.6161 -32.5161 4.4
    endloop
  endfacet
  facet normal 0.530736 -0.477663 0.700112
    outer loop
      vertex 29.5083 -32.639 4.4
      vertex 29.0419 -32.2778 5
      vertex 29.0401 -32.2798 5
    endloop
  endfacet
  facet normal 0.675779 -0.229357 0.700512
    outer loop
      vertex 29.2926 -33.0765 4.4
      vertex 28.799 -32.6983 5
      vertex 28.7225 -32.9237 5
    endloop
  endfacet
  facet normal -0.675779 0.229357 0.700512
    outer loop
      vertex 32.201 -34.1017 5
      vertex 32.2775 -33.8763 5
      vertex 31.7074 -33.7235 4.4
    endloop
  endfacet
  facet normal -0.712125 0.0467753 0.700493
    outer loop
      vertex 32.3246 -33.6375 5
      vertex 32.3402 -33.4 5
      vertex 31.75 -33.4 4.4
    endloop
  endfacet
  facet normal -0.470435 -0.536698 0.700461
    outer loop
      vertex 31.8012 -32.0988 5
      vertex 31.6222 -31.9419 5
      vertex 31.3839 -32.5161 4.4
    endloop
  endfacet
  facet normal -0.241606 0.671127 0.700867
    outer loop
      vertex 30.9784 -34.5548 4.4
      vertex 31.2017 -35.101 5
      vertex 31.2042 -35.1001 5
    endloop
  endfacet
  facet normal -0.229459 0.675725 0.700532
    outer loop
      vertex 31.2017 -35.101 5
      vertex 30.9784 -34.5548 4.4
      vertex 30.8235 -34.6074 4.4
    endloop
  endfacet
  facet normal 0.593395 0.39647 0.700495
    outer loop
      vertex 29.0386 -34.518 5
      vertex 29.5083 -34.1609 4.4
      vertex 29.4175 -34.025 4.4
    endloop
  endfacet
  facet normal 0.58949 0.401925 0.700684
    outer loop
      vertex 29.5083 -34.1609 4.4
      vertex 29.0386 -34.518 5
      vertex 29.0401 -34.5202 5
    endloop
  endfacet
  facet normal -0.315664 0.64006 0.700485
    outer loop
      vertex 30.9784 -34.5548 4.4
      vertex 31.2066 -35.0989 5
      vertex 31.125 -34.4825 4.4
    endloop
  endfacet
  facet normal -0.319216 0.638433 0.700361
    outer loop
      vertex 31.2066 -35.0989 5
      vertex 30.9784 -34.5548 4.4
      vertex 31.2042 -35.1001 5
    endloop
  endfacet
  facet normal 0.699989 0.139158 0.700465
    outer loop
      vertex 28.722 -33.8736 5
      vertex 29.2607 -33.5632 4.4
      vertex 28.6756 -33.6402 5
    endloop
  endfacet
  facet normal -0.31568 0.640055 0.700482
    outer loop
      vertex 31.2066 -35.0989 5
      vertex 31.4201 -34.9936 5
      vertex 31.125 -34.4825 4.4
    endloop
  endfacet
  facet normal -0.396425 0.593438 0.700485
    outer loop
      vertex 31.4201 -34.9936 5
      vertex 31.618 -34.8614 5
      vertex 31.125 -34.4825 4.4
    endloop
  endfacet
  facet normal 0.589517 -0.401944 0.70065
    outer loop
      vertex 29.0386 -32.282 5
      vertex 29.5083 -32.639 4.4
      vertex 29.0401 -32.2798 5
    endloop
  endfacet
  facet normal 0.593563 -0.396291 0.700454
    outer loop
      vertex 29.5083 -32.639 4.4
      vertex 29.0386 -32.282 5
      vertex 29.4175 -32.775 4.4
    endloop
  endfacet
  facet normal -0.401944 -0.589517 0.70065
    outer loop
      vertex 31.618 -31.9386 5
      vertex 31.261 -32.4083 4.4
      vertex 31.6202 -31.9401 5
    endloop
  endfacet
  facet normal -0.396291 -0.593563 0.700454
    outer loop
      vertex 31.261 -32.4083 4.4
      vertex 31.618 -31.9386 5
      vertex 31.125 -32.3175 4.4
    endloop
  endfacet
  facet normal -0.699939 0.139289 0.700488
    outer loop
      vertex 31.7074 -33.7235 4.4
      vertex 32.278 -33.8736 5
      vertex 31.7393 -33.5632 4.4
    endloop
  endfacet
  facet normal -0.702043 0.130008 0.700167
    outer loop
      vertex 32.278 -33.8736 5
      vertex 31.7074 -33.7235 4.4
      vertex 32.2775 -33.8763 5
    endloop
  endfacet
  facet normal 0.536698 -0.470435 0.700461
    outer loop
      vertex 29.6161 -32.5161 4.4
      vertex 29.1988 -32.0988 5
      vertex 29.0419 -32.2778 5
    endloop
  endfacet
  facet normal 0.536722 0.470396 0.700469
    outer loop
      vertex 29.5083 -34.1609 4.4
      vertex 29.0419 -34.5222 5
      vertex 29.6161 -34.2839 4.4
    endloop
  endfacet
  facet normal 0.530707 0.477636 0.700153
    outer loop
      vertex 29.0419 -34.5222 5
      vertex 29.5083 -34.1609 4.4
      vertex 29.0401 -34.5202 5
    endloop
  endfacet
  facet normal 0.31568 -0.640055 0.700482
    outer loop
      vertex 29.875 -32.3175 4.4
      vertex 29.7934 -31.7011 5
      vertex 29.5799 -31.8064 5
    endloop
  endfacet
  facet normal -0.589517 -0.401944 0.70065
    outer loop
      vertex 31.4917 -32.639 4.4
      vertex 31.9614 -32.282 5
      vertex 31.9599 -32.2798 5
    endloop
  endfacet
  facet normal -0.593563 -0.396291 0.700454
    outer loop
      vertex 31.9614 -32.282 5
      vertex 31.4917 -32.639 4.4
      vertex 31.5825 -32.775 4.4
    endloop
  endfacet
  facet normal -0.319216 -0.638433 0.700361
    outer loop
      vertex 30.9784 -32.2452 4.4
      vertex 31.2066 -31.7011 5
      vertex 31.2042 -31.6999 5
    endloop
  endfacet
  facet normal -0.315664 -0.64006 0.700485
    outer loop
      vertex 31.2066 -31.7011 5
      vertex 30.9784 -32.2452 4.4
      vertex 31.125 -32.3175 4.4
    endloop
  endfacet
  facet normal -0.640055 0.31568 0.700482
    outer loop
      vertex 32.0936 -34.3201 5
      vertex 32.1989 -34.1066 5
      vertex 31.5825 -34.025 4.4
    endloop
  endfacet
  facet normal 0.640055 -0.31568 0.700482
    outer loop
      vertex 29.4175 -32.775 4.4
      vertex 28.9064 -32.4799 5
      vertex 28.8011 -32.6934 5
    endloop
  endfacet
  facet normal 0.675779 0.229357 0.700512
    outer loop
      vertex 28.799 -34.1017 5
      vertex 29.2926 -33.7235 4.4
      vertex 28.7225 -33.8763 5
    endloop
  endfacet
  facet normal 0.699939 0.139289 0.700488
    outer loop
      vertex 28.722 -33.8736 5
      vertex 29.2926 -33.7235 4.4
      vertex 29.2607 -33.5632 4.4
    endloop
  endfacet
  facet normal 0.702043 0.130008 0.700167
    outer loop
      vertex 29.2926 -33.7235 4.4
      vertex 28.722 -33.8736 5
      vertex 28.7225 -33.8763 5
    endloop
  endfacet
  facet normal -0.139158 0.699989 0.700465
    outer loop
      vertex 30.7402 -35.2244 5
      vertex 30.9736 -35.178 5
      vertex 30.6632 -34.6393 4.4
    endloop
  endfacet
  facet normal -0.0527078 0.711556 0.70065
    outer loop
      vertex 30.6632 -34.6393 4.4
      vertex 30.7375 -35.2246 5
      vertex 30.7402 -35.2244 5
    endloop
  endfacet
  facet normal -0.0466908 0.712144 0.700479
    outer loop
      vertex 30.7375 -35.2246 5
      vertex 30.6632 -34.6393 4.4
      vertex 30.5 -34.65 4.4
    endloop
  endfacet
  facet normal 0.470644 0.536569 0.70042
    outer loop
      vertex 29.3778 -34.8581 5
      vertex 29.739 -34.3917 4.4
      vertex 29.6161 -34.2839 4.4
    endloop
  endfacet
  facet normal 0.477663 0.530736 0.700112
    outer loop
      vertex 29.739 -34.3917 4.4
      vertex 29.3778 -34.8581 5
      vertex 29.3798 -34.8599 5
    endloop
  endfacet
  facet normal 0.470435 0.536698 0.700461
    outer loop
      vertex 29.3778 -34.8581 5
      vertex 29.6161 -34.2839 4.4
      vertex 29.1988 -34.7012 5
    endloop
  endfacet
  facet normal 0.396291 -0.593563 0.700454
    outer loop
      vertex 29.382 -31.9386 5
      vertex 29.739 -32.4083 4.4
      vertex 29.875 -32.3175 4.4
    endloop
  endfacet
  facet normal 0.401944 -0.589517 0.70065
    outer loop
      vertex 29.739 -32.4083 4.4
      vertex 29.382 -31.9386 5
      vertex 29.3798 -31.9401 5
    endloop
  endfacet
  facet normal 0.711556 -0.0527078 0.70065
    outer loop
      vertex 28.6754 -33.1625 5
      vertex 29.2607 -33.2368 4.4
      vertex 28.6756 -33.1598 5
    endloop
  endfacet
  facet normal 0.712144 -0.0466908 0.700479
    outer loop
      vertex 29.2607 -33.2368 4.4
      vertex 28.6754 -33.1625 5
      vertex 29.25 -33.4 4.4
    endloop
  endfacet
  facet normal -0.530736 -0.477663 0.700112
    outer loop
      vertex 31.9581 -32.2778 5
      vertex 31.4917 -32.639 4.4
      vertex 31.9599 -32.2798 5
    endloop
  endfacet
  facet normal -0.536569 -0.470644 0.70042
    outer loop
      vertex 31.4917 -32.639 4.4
      vertex 31.9581 -32.2778 5
      vertex 31.3839 -32.5161 4.4
    endloop
  endfacet
  facet normal 0.699989 -0.139158 0.700465
    outer loop
      vertex 29.2607 -33.2368 4.4
      vertex 28.722 -32.9264 5
      vertex 28.6756 -33.1598 5
    endloop
  endfacet
  facet normal 0.139158 -0.699989 0.700465
    outer loop
      vertex 30.3368 -32.1607 4.4
      vertex 30.2598 -31.5756 5
      vertex 30.0264 -31.622 5
    endloop
  endfacet
  facet normal 0.712144 0.0466908 0.700479
    outer loop
      vertex 28.6754 -33.6375 5
      vertex 29.2607 -33.5632 4.4
      vertex 29.25 -33.4 4.4
    endloop
  endfacet
  facet normal 0.711556 0.0527078 0.70065
    outer loop
      vertex 29.2607 -33.5632 4.4
      vertex 28.6754 -33.6375 5
      vertex 28.6756 -33.6402 5
    endloop
  endfacet
  facet normal -0.640055 -0.31568 0.700482
    outer loop
      vertex 32.1989 -32.6934 5
      vertex 32.0936 -32.4799 5
      vertex 31.5825 -32.775 4.4
    endloop
  endfacet
  facet normal -0.396425 -0.593438 0.700485
    outer loop
      vertex 31.618 -31.9386 5
      vertex 31.4201 -31.8064 5
      vertex 31.125 -32.3175 4.4
    endloop
  endfacet
  facet normal -0.63848 -0.31924 0.700306
    outer loop
      vertex 32.1989 -32.6934 5
      vertex 31.6549 -32.9216 4.4
      vertex 32.2001 -32.6958 5
    endloop
  endfacet
  facet normal -0.639945 -0.316044 0.700419
    outer loop
      vertex 31.6549 -32.9216 4.4
      vertex 32.1989 -32.6934 5
      vertex 31.5825 -32.775 4.4
    endloop
  endfacet
  facet normal 0.229459 0.675725 0.700532
    outer loop
      vertex 30.0216 -34.5548 4.4
      vertex 29.7983 -35.101 5
      vertex 30.1765 -34.6074 4.4
    endloop
  endfacet
  facet normal 0.241606 0.671127 0.700867
    outer loop
      vertex 29.7983 -35.101 5
      vertex 30.0216 -34.5548 4.4
      vertex 29.7958 -35.1001 5
    endloop
  endfacet
  facet normal 0.639945 0.316044 0.700419
    outer loop
      vertex 29.3451 -33.8784 4.4
      vertex 28.8011 -34.1066 5
      vertex 29.4175 -34.025 4.4
    endloop
  endfacet
  facet normal 0.63848 0.31924 0.700306
    outer loop
      vertex 28.8011 -34.1066 5
      vertex 29.3451 -33.8784 4.4
      vertex 28.7999 -34.1042 5
    endloop
  endfacet
  facet normal 0.640055 0.31568 0.700482
    outer loop
      vertex 28.9064 -34.3201 5
      vertex 29.4175 -34.025 4.4
      vertex 28.8011 -34.1066 5
    endloop
  endfacet
  facet normal -0.536698 -0.470435 0.700461
    outer loop
      vertex 31.9581 -32.2778 5
      vertex 31.8012 -32.0988 5
      vertex 31.3839 -32.5161 4.4
    endloop
  endfacet
  facet normal -0.31568 -0.640055 0.700482
    outer loop
      vertex 31.4201 -31.8064 5
      vertex 31.2066 -31.7011 5
      vertex 31.125 -32.3175 4.4
    endloop
  endfacet
  facet normal -0.477663 -0.530736 0.700112
    outer loop
      vertex 31.261 -32.4083 4.4
      vertex 31.6222 -31.9419 5
      vertex 31.6202 -31.9401 5
    endloop
  endfacet
  facet normal -0.470644 -0.536569 0.70042
    outer loop
      vertex 31.6222 -31.9419 5
      vertex 31.261 -32.4083 4.4
      vertex 31.3839 -32.5161 4.4
    endloop
  endfacet
  facet normal 0.139289 0.699939 0.700488
    outer loop
      vertex 30.1765 -34.6074 4.4
      vertex 30.0264 -35.178 5
      vertex 30.3368 -34.6393 4.4
    endloop
  endfacet
  facet normal 0.130008 0.702043 0.700167
    outer loop
      vertex 30.0264 -35.178 5
      vertex 30.1765 -34.6074 4.4
      vertex 30.0237 -35.1775 5
    endloop
  endfacet
  facet normal 0.396425 -0.593438 0.700485
    outer loop
      vertex 29.875 -32.3175 4.4
      vertex 29.5799 -31.8064 5
      vertex 29.382 -31.9386 5
    endloop
  endfacet
  facet normal 0.712125 0.0467753 0.700493
    outer loop
      vertex 28.6754 -33.6375 5
      vertex 29.25 -33.4 4.4
      vertex 28.6598 -33.4 5
    endloop
  endfacet
  facet normal 0.593438 -0.396425 0.700485
    outer loop
      vertex 29.4175 -32.775 4.4
      vertex 29.0386 -32.282 5
      vertex 28.9064 -32.4799 5
    endloop
  endfacet
  facet normal 0.315664 0.64006 0.700485
    outer loop
      vertex 29.7934 -35.0989 5
      vertex 30.0216 -34.5548 4.4
      vertex 29.875 -34.4825 4.4
    endloop
  endfacet
  facet normal 0.319216 0.638433 0.700361
    outer loop
      vertex 30.0216 -34.5548 4.4
      vertex 29.7934 -35.0989 5
      vertex 29.7958 -35.1001 5
    endloop
  endfacet
  facet normal 0.229357 0.675779 0.700512
    outer loop
      vertex 30.0237 -35.1775 5
      vertex 30.1765 -34.6074 4.4
      vertex 29.7983 -35.101 5
    endloop
  endfacet
  facet normal 0.0467753 -0.712125 0.700493
    outer loop
      vertex 30.5 -32.15 4.4
      vertex 30.5 -31.5598 5
      vertex 30.2625 -31.5754 5
    endloop
  endfacet
  facet normal 0.470435 -0.536698 0.700461
    outer loop
      vertex 29.6161 -32.5161 4.4
      vertex 29.3778 -31.9419 5
      vertex 29.1988 -32.0988 5
    endloop
  endfacet
  facet normal -0.0467753 -0.712125 0.700493
    outer loop
      vertex 30.7375 -31.5754 5
      vertex 30.5 -31.5598 5
      vertex 30.5 -32.15 4.4
    endloop
  endfacet
  facet normal 0.31568 0.640055 0.700482
    outer loop
      vertex 29.7934 -35.0989 5
      vertex 29.875 -34.4825 4.4
      vertex 29.5799 -34.9936 5
    endloop
  endfacet
  facet normal 0.396425 0.593438 0.700485
    outer loop
      vertex 29.5799 -34.9936 5
      vertex 29.875 -34.4825 4.4
      vertex 29.382 -34.8614 5
    endloop
  endfacet
  facet normal 0.396291 0.593563 0.700454
    outer loop
      vertex 29.739 -34.3917 4.4
      vertex 29.382 -34.8614 5
      vertex 29.875 -34.4825 4.4
    endloop
  endfacet
  facet normal 0.401944 0.589517 0.70065
    outer loop
      vertex 29.382 -34.8614 5
      vertex 29.739 -34.3917 4.4
      vertex 29.3798 -34.8599 5
    endloop
  endfacet
  facet normal 0.477663 -0.530736 0.700112
    outer loop
      vertex 29.3778 -31.9419 5
      vertex 29.739 -32.4083 4.4
      vertex 29.3798 -31.9401 5
    endloop
  endfacet
  facet normal 0.470644 -0.536569 0.70042
    outer loop
      vertex 29.739 -32.4083 4.4
      vertex 29.3778 -31.9419 5
      vertex 29.6161 -32.5161 4.4
    endloop
  endfacet
  facet normal -0.241606 -0.671127 0.700867
    outer loop
      vertex 31.2017 -31.699 5
      vertex 30.9784 -32.2452 4.4
      vertex 31.2042 -31.6999 5
    endloop
  endfacet
  facet normal -0.229459 -0.675725 0.700532
    outer loop
      vertex 30.9784 -32.2452 4.4
      vertex 31.2017 -31.699 5
      vertex 30.8235 -32.1926 4.4
    endloop
  endfacet
  facet normal 0.639945 -0.316044 0.700419
    outer loop
      vertex 28.8011 -32.6934 5
      vertex 29.3451 -32.9216 4.4
      vertex 29.4175 -32.775 4.4
    endloop
  endfacet
  facet normal 0.63848 -0.31924 0.700306
    outer loop
      vertex 29.3451 -32.9216 4.4
      vertex 28.8011 -32.6934 5
      vertex 28.7999 -32.6958 5
    endloop
  endfacet
  facet normal 0.229459 -0.675725 0.700532
    outer loop
      vertex 29.7983 -31.699 5
      vertex 30.0216 -32.2452 4.4
      vertex 30.1765 -32.1926 4.4
    endloop
  endfacet
  facet normal 0.241606 -0.671127 0.700867
    outer loop
      vertex 30.0216 -32.2452 4.4
      vertex 29.7983 -31.699 5
      vertex 29.7958 -31.6999 5
    endloop
  endfacet
  facet normal 0.319216 -0.638433 0.700361
    outer loop
      vertex 29.7934 -31.7011 5
      vertex 30.0216 -32.2452 4.4
      vertex 29.7958 -31.6999 5
    endloop
  endfacet
  facet normal 0.315664 -0.64006 0.700485
    outer loop
      vertex 30.0216 -32.2452 4.4
      vertex 29.7934 -31.7011 5
      vertex 29.875 -32.3175 4.4
    endloop
  endfacet
  facet normal -0.702043 -0.130008 0.700167
    outer loop
      vertex 31.7074 -33.0765 4.4
      vertex 32.278 -32.9264 5
      vertex 32.2775 -32.9237 5
    endloop
  endfacet
  facet normal -0.699939 -0.139289 0.700488
    outer loop
      vertex 32.278 -32.9264 5
      vertex 31.7074 -33.0765 4.4
      vertex 31.7393 -33.2368 4.4
    endloop
  endfacet
  facet normal -0.675779 -0.229357 0.700512
    outer loop
      vertex 32.2775 -32.9237 5
      vertex 32.201 -32.6983 5
      vertex 31.7074 -33.0765 4.4
    endloop
  endfacet
  facet normal -0.139158 -0.699989 0.700465
    outer loop
      vertex 30.9736 -31.622 5
      vertex 30.7402 -31.5756 5
      vertex 30.6632 -32.1607 4.4
    endloop
  endfacet
  facet normal 0.0527078 -0.711556 0.70065
    outer loop
      vertex 30.3368 -32.1607 4.4
      vertex 30.2625 -31.5754 5
      vertex 30.2598 -31.5756 5
    endloop
  endfacet
  facet normal 0.0466908 -0.712144 0.700479
    outer loop
      vertex 30.2625 -31.5754 5
      vertex 30.3368 -32.1607 4.4
      vertex 30.5 -32.15 4.4
    endloop
  endfacet
  facet normal -0.67118 -0.241625 0.70081
    outer loop
      vertex 31.6549 -32.9216 4.4
      vertex 32.201 -32.6983 5
      vertex 32.2001 -32.6958 5
    endloop
  endfacet
  facet normal -0.675923 -0.229089 0.700462
    outer loop
      vertex 32.201 -32.6983 5
      vertex 31.6549 -32.9216 4.4
      vertex 31.7074 -33.0765 4.4
    endloop
  endfacet
  facet normal -0.699989 -0.139158 0.700465
    outer loop
      vertex 32.3244 -33.1598 5
      vertex 32.278 -32.9264 5
      vertex 31.7393 -33.2368 4.4
    endloop
  endfacet
  facet normal -0.980768 0.195175 0
    outer loop
      vertex 31.7074 -47.7235 -5.72205e-07
      vertex 31.7393 -47.5632 4.4
      vertex 31.7393 -47.5632 -5.72205e-07
    endloop
  endfacet
  facet normal -0.980768 0.195175 0
    outer loop
      vertex 31.7393 -47.5632 4.4
      vertex 31.7074 -47.7235 -5.72205e-07
      vertex 31.7074 -47.7235 4.4
    endloop
  endfacet
  facet normal -0.980768 -0.195175 0
    outer loop
      vertex 31.7393 -47.2368 -5.72205e-07
      vertex 31.7074 -47.0765 4.4
      vertex 31.7074 -47.0765 -5.72205e-07
    endloop
  endfacet
  facet normal -0.980768 -0.195175 0
    outer loop
      vertex 31.7074 -47.0765 4.4
      vertex 31.7393 -47.2368 -5.72205e-07
      vertex 31.7393 -47.2368 4.4
    endloop
  endfacet
  facet normal -0.997858 -0.0654233 0
    outer loop
      vertex 31.75 -47.4 -5.72205e-07
      vertex 31.7393 -47.2368 4.4
      vertex 31.7393 -47.2368 -5.72205e-07
    endloop
  endfacet
  facet normal -0.997858 -0.0654233 0
    outer loop
      vertex 31.7393 -47.2368 4.4
      vertex 31.75 -47.4 -5.72205e-07
      vertex 31.75 -47.4 4.4
    endloop
  endfacet
  facet normal -0.947082 -0.320993 0
    outer loop
      vertex 31.7074 -47.0765 -5.72205e-07
      vertex 31.6549 -46.9216 4.4
      vertex 31.6549 -46.9216 -5.72205e-07
    endloop
  endfacet
  facet normal -0.947082 -0.320993 0
    outer loop
      vertex 31.6549 -46.9216 4.4
      vertex 31.7074 -47.0765 -5.72205e-07
      vertex 31.7074 -47.0765 4.4
    endloop
  endfacet
  facet normal 0.997858 -0.0654233 0
    outer loop
      vertex 29.25 -47.4 4.4
      vertex 29.2607 -47.2368 -5.72205e-07
      vertex 29.2607 -47.2368 4.4
    endloop
  endfacet
  facet normal 0.997858 -0.0654233 0
    outer loop
      vertex 29.2607 -47.2368 -5.72205e-07
      vertex 29.25 -47.4 4.4
      vertex 29.25 -47.4 -5.72205e-07
    endloop
  endfacet
  facet normal -0.442313 0.896861 0
    outer loop
      vertex 31.125 -48.4825 -5.72205e-07
      vertex 30.9784 -48.5548 4.4
      vertex 31.125 -48.4825 4.4
    endloop
  endfacet
  facet normal -0.442313 0.896861 0
    outer loop
      vertex 30.9784 -48.5548 4.4
      vertex 31.125 -48.4825 -5.72205e-07
      vertex 30.9784 -48.5548 -5.72205e-07
    endloop
  endfacet
  facet normal -0.195175 -0.980768 0
    outer loop
      vertex 30.6632 -46.1607 -5.72205e-07
      vertex 30.8235 -46.1926 4.4
      vertex 30.6632 -46.1607 4.4
    endloop
  endfacet
  facet normal -0.195175 -0.980768 -0
    outer loop
      vertex 30.8235 -46.1926 4.4
      vertex 30.6632 -46.1607 -5.72205e-07
      vertex 30.8235 -46.1926 -5.72205e-07
    endloop
  endfacet
  facet normal -0.195175 0.980768 0
    outer loop
      vertex 30.8235 -48.6074 -5.72205e-07
      vertex 30.6632 -48.6393 4.4
      vertex 30.8235 -48.6074 4.4
    endloop
  endfacet
  facet normal -0.195175 0.980768 0
    outer loop
      vertex 30.6632 -48.6393 4.4
      vertex 30.8235 -48.6074 -5.72205e-07
      vertex 30.6632 -48.6393 -5.72205e-07
    endloop
  endfacet
  facet normal -0.0654233 0.997858 0
    outer loop
      vertex 30.6632 -48.6393 -5.72205e-07
      vertex 30.5 -48.65 4.4
      vertex 30.6632 -48.6393 4.4
    endloop
  endfacet
  facet normal -0.0654233 0.997858 0
    outer loop
      vertex 30.5 -48.65 4.4
      vertex 30.6632 -48.6393 -5.72205e-07
      vertex 30.5 -48.65 -5.72205e-07
    endloop
  endfacet
  facet normal 0.659414 -0.75178 0
    outer loop
      vertex 29.6161 -46.5161 -5.72205e-07
      vertex 29.739 -46.4083 4.4
      vertex 29.6161 -46.5161 4.4
    endloop
  endfacet
  facet normal 0.659414 -0.75178 0
    outer loop
      vertex 29.739 -46.4083 4.4
      vertex 29.6161 -46.5161 -5.72205e-07
      vertex 29.739 -46.4083 -5.72205e-07
    endloop
  endfacet
  facet normal 0.831674 -0.555265 0
    outer loop
      vertex 29.4175 -46.775 4.4
      vertex 29.5083 -46.639 -5.72205e-07
      vertex 29.5083 -46.639 4.4
    endloop
  endfacet
  facet normal 0.831674 -0.555265 0
    outer loop
      vertex 29.5083 -46.639 -5.72205e-07
      vertex 29.4175 -46.775 4.4
      vertex 29.4175 -46.775 -5.72205e-07
    endloop
  endfacet
  facet normal -0.321541 -0.946896 0
    outer loop
      vertex 30.8235 -46.1926 -5.72205e-07
      vertex 30.9784 -46.2452 4.4
      vertex 30.8235 -46.1926 4.4
    endloop
  endfacet
  facet normal -0.321541 -0.946896 -0
    outer loop
      vertex 30.9784 -46.2452 4.4
      vertex 30.8235 -46.1926 -5.72205e-07
      vertex 30.9784 -46.2452 -5.72205e-07
    endloop
  endfacet
  facet normal -0.659414 0.75178 0
    outer loop
      vertex 31.3839 -48.2839 -5.72205e-07
      vertex 31.261 -48.3917 4.4
      vertex 31.3839 -48.2839 4.4
    endloop
  endfacet
  facet normal -0.659414 0.75178 0
    outer loop
      vertex 31.261 -48.3917 4.4
      vertex 31.3839 -48.2839 -5.72205e-07
      vertex 31.261 -48.3917 -5.72205e-07
    endloop
  endfacet
  facet normal 0.442313 -0.896861 0
    outer loop
      vertex 29.875 -46.3175 -5.72205e-07
      vertex 30.0216 -46.2452 4.4
      vertex 29.875 -46.3175 4.4
    endloop
  endfacet
  facet normal 0.442313 -0.896861 0
    outer loop
      vertex 30.0216 -46.2452 4.4
      vertex 29.875 -46.3175 -5.72205e-07
      vertex 30.0216 -46.2452 -5.72205e-07
    endloop
  endfacet
  facet normal 0.0654233 0.997858 -0
    outer loop
      vertex 30.5 -48.65 -5.72205e-07
      vertex 30.3368 -48.6393 4.4
      vertex 30.5 -48.65 4.4
    endloop
  endfacet
  facet normal 0.0654233 0.997858 0
    outer loop
      vertex 30.3368 -48.6393 4.4
      vertex 30.5 -48.65 -5.72205e-07
      vertex 30.3368 -48.6393 -5.72205e-07
    endloop
  endfacet
  facet normal -0.752046 0.65911 0
    outer loop
      vertex 31.3839 -48.2839 -5.72205e-07
      vertex 31.4917 -48.1609 4.4
      vertex 31.4917 -48.1609 -5.72205e-07
    endloop
  endfacet
  facet normal -0.752046 0.65911 0
    outer loop
      vertex 31.4917 -48.1609 4.4
      vertex 31.3839 -48.2839 -5.72205e-07
      vertex 31.3839 -48.2839 4.4
    endloop
  endfacet
  facet normal 0.947082 0.320993 0
    outer loop
      vertex 29.3451 -47.8784 4.4
      vertex 29.2926 -47.7235 -5.72205e-07
      vertex 29.2926 -47.7235 4.4
    endloop
  endfacet
  facet normal 0.947082 0.320993 0
    outer loop
      vertex 29.2926 -47.7235 -5.72205e-07
      vertex 29.3451 -47.8784 4.4
      vertex 29.3451 -47.8784 -5.72205e-07
    endloop
  endfacet
  facet normal -0.321541 0.946896 0
    outer loop
      vertex 30.9784 -48.5548 -5.72205e-07
      vertex 30.8235 -48.6074 4.4
      vertex 30.9784 -48.5548 4.4
    endloop
  endfacet
  facet normal -0.321541 0.946896 0
    outer loop
      vertex 30.8235 -48.6074 4.4
      vertex 30.9784 -48.5548 -5.72205e-07
      vertex 30.8235 -48.6074 -5.72205e-07
    endloop
  endfacet
  facet normal 0.321541 -0.946896 0
    outer loop
      vertex 30.0216 -46.2452 -5.72205e-07
      vertex 30.1765 -46.1926 4.4
      vertex 30.0216 -46.2452 4.4
    endloop
  endfacet
  facet normal 0.321541 -0.946896 0
    outer loop
      vertex 30.1765 -46.1926 4.4
      vertex 30.0216 -46.2452 -5.72205e-07
      vertex 30.1765 -46.1926 -5.72205e-07
    endloop
  endfacet
  facet normal 0.555265 -0.831674 0
    outer loop
      vertex 29.739 -46.4083 -5.72205e-07
      vertex 29.875 -46.3175 4.4
      vertex 29.739 -46.4083 4.4
    endloop
  endfacet
  facet normal 0.555265 -0.831674 0
    outer loop
      vertex 29.875 -46.3175 4.4
      vertex 29.739 -46.4083 -5.72205e-07
      vertex 29.875 -46.3175 -5.72205e-07
    endloop
  endfacet
  facet normal 0.947082 -0.320993 0
    outer loop
      vertex 29.2926 -47.0765 4.4
      vertex 29.3451 -46.9216 -5.72205e-07
      vertex 29.3451 -46.9216 4.4
    endloop
  endfacet
  facet normal 0.947082 -0.320993 0
    outer loop
      vertex 29.3451 -46.9216 -5.72205e-07
      vertex 29.2926 -47.0765 4.4
      vertex 29.2926 -47.0765 -5.72205e-07
    endloop
  endfacet
  facet normal -0.896618 -0.442805 0
    outer loop
      vertex 31.6549 -46.9216 -5.72205e-07
      vertex 31.5825 -46.775 4.4
      vertex 31.5825 -46.775 -5.72205e-07
    endloop
  endfacet
  facet normal -0.896618 -0.442805 0
    outer loop
      vertex 31.5825 -46.775 4.4
      vertex 31.6549 -46.9216 -5.72205e-07
      vertex 31.6549 -46.9216 4.4
    endloop
  endfacet
  facet normal 0.195175 -0.980768 0
    outer loop
      vertex 30.1765 -46.1926 -5.72205e-07
      vertex 30.3368 -46.1607 4.4
      vertex 30.1765 -46.1926 4.4
    endloop
  endfacet
  facet normal 0.195175 -0.980768 0
    outer loop
      vertex 30.3368 -46.1607 4.4
      vertex 30.1765 -46.1926 -5.72205e-07
      vertex 30.3368 -46.1607 -5.72205e-07
    endloop
  endfacet
  facet normal -0.659414 -0.75178 0
    outer loop
      vertex 31.261 -46.4083 -5.72205e-07
      vertex 31.3839 -46.5161 4.4
      vertex 31.261 -46.4083 4.4
    endloop
  endfacet
  facet normal -0.659414 -0.75178 -0
    outer loop
      vertex 31.3839 -46.5161 4.4
      vertex 31.261 -46.4083 -5.72205e-07
      vertex 31.3839 -46.5161 -5.72205e-07
    endloop
  endfacet
  facet normal -0.997858 0.0654233 0
    outer loop
      vertex 31.7393 -47.5632 -5.72205e-07
      vertex 31.75 -47.4 4.4
      vertex 31.75 -47.4 -5.72205e-07
    endloop
  endfacet
  facet normal -0.997858 0.0654233 0
    outer loop
      vertex 31.75 -47.4 4.4
      vertex 31.7393 -47.5632 -5.72205e-07
      vertex 31.7393 -47.5632 4.4
    endloop
  endfacet
  facet normal -0.442313 -0.896861 0
    outer loop
      vertex 30.9784 -46.2452 -5.72205e-07
      vertex 31.125 -46.3175 4.4
      vertex 30.9784 -46.2452 4.4
    endloop
  endfacet
  facet normal -0.442313 -0.896861 -0
    outer loop
      vertex 31.125 -46.3175 4.4
      vertex 30.9784 -46.2452 -5.72205e-07
      vertex 31.125 -46.3175 -5.72205e-07
    endloop
  endfacet
  facet normal 0.321541 0.946896 -0
    outer loop
      vertex 30.1765 -48.6074 -5.72205e-07
      vertex 30.0216 -48.5548 4.4
      vertex 30.1765 -48.6074 4.4
    endloop
  endfacet
  facet normal 0.321541 0.946896 0
    outer loop
      vertex 30.0216 -48.5548 4.4
      vertex 30.1765 -48.6074 -5.72205e-07
      vertex 30.0216 -48.5548 -5.72205e-07
    endloop
  endfacet
  facet normal 0.980768 -0.195175 0
    outer loop
      vertex 29.2607 -47.2368 4.4
      vertex 29.2926 -47.0765 -5.72205e-07
      vertex 29.2926 -47.0765 4.4
    endloop
  endfacet
  facet normal 0.980768 -0.195175 0
    outer loop
      vertex 29.2926 -47.0765 -5.72205e-07
      vertex 29.2607 -47.2368 4.4
      vertex 29.2607 -47.2368 -5.72205e-07
    endloop
  endfacet
  facet normal 0.0654233 -0.997858 0
    outer loop
      vertex 30.3368 -46.1607 -5.72205e-07
      vertex 30.5 -46.15 4.4
      vertex 30.3368 -46.1607 4.4
    endloop
  endfacet
  facet normal 0.0654233 -0.997858 0
    outer loop
      vertex 30.5 -46.15 4.4
      vertex 30.3368 -46.1607 -5.72205e-07
      vertex 30.5 -46.15 -5.72205e-07
    endloop
  endfacet
  facet normal 0.195175 0.980768 -0
    outer loop
      vertex 30.3368 -48.6393 -5.72205e-07
      vertex 30.1765 -48.6074 4.4
      vertex 30.3368 -48.6393 4.4
    endloop
  endfacet
  facet normal 0.195175 0.980768 0
    outer loop
      vertex 30.1765 -48.6074 4.4
      vertex 30.3368 -48.6393 -5.72205e-07
      vertex 30.1765 -48.6074 -5.72205e-07
    endloop
  endfacet
  facet normal -0.947082 0.320993 0
    outer loop
      vertex 31.6549 -47.8784 -5.72205e-07
      vertex 31.7074 -47.7235 4.4
      vertex 31.7074 -47.7235 -5.72205e-07
    endloop
  endfacet
  facet normal -0.947082 0.320993 0
    outer loop
      vertex 31.7074 -47.7235 4.4
      vertex 31.6549 -47.8784 -5.72205e-07
      vertex 31.6549 -47.8784 4.4
    endloop
  endfacet
  facet normal -0.831674 -0.555265 0
    outer loop
      vertex 31.5825 -46.775 -5.72205e-07
      vertex 31.4917 -46.639 4.4
      vertex 31.4917 -46.639 -5.72205e-07
    endloop
  endfacet
  facet normal -0.831674 -0.555265 0
    outer loop
      vertex 31.4917 -46.639 4.4
      vertex 31.5825 -46.775 -5.72205e-07
      vertex 31.5825 -46.775 4.4
    endloop
  endfacet
  facet normal -0.75178 -0.659414 0
    outer loop
      vertex 31.4917 -46.639 -5.72205e-07
      vertex 31.3839 -46.5161 4.4
      vertex 31.3839 -46.5161 -5.72205e-07
    endloop
  endfacet
  facet normal -0.75178 -0.659414 0
    outer loop
      vertex 31.3839 -46.5161 4.4
      vertex 31.4917 -46.639 -5.72205e-07
      vertex 31.4917 -46.639 4.4
    endloop
  endfacet
  facet normal 0.896618 0.442805 0
    outer loop
      vertex 29.4175 -48.025 4.4
      vertex 29.3451 -47.8784 -5.72205e-07
      vertex 29.3451 -47.8784 4.4
    endloop
  endfacet
  facet normal 0.896618 0.442805 0
    outer loop
      vertex 29.3451 -47.8784 -5.72205e-07
      vertex 29.4175 -48.025 4.4
      vertex 29.4175 -48.025 -5.72205e-07
    endloop
  endfacet
  facet normal -0.896618 0.442805 0
    outer loop
      vertex 31.5825 -48.025 -5.72205e-07
      vertex 31.6549 -47.8784 4.4
      vertex 31.6549 -47.8784 -5.72205e-07
    endloop
  endfacet
  facet normal -0.896618 0.442805 0
    outer loop
      vertex 31.6549 -47.8784 4.4
      vertex 31.5825 -48.025 -5.72205e-07
      vertex 31.5825 -48.025 4.4
    endloop
  endfacet
  facet normal 0.752046 0.65911 0
    outer loop
      vertex 29.6161 -48.2839 4.4
      vertex 29.5083 -48.1609 -5.72205e-07
      vertex 29.5083 -48.1609 4.4
    endloop
  endfacet
  facet normal 0.752046 0.65911 0
    outer loop
      vertex 29.5083 -48.1609 -5.72205e-07
      vertex 29.6161 -48.2839 4.4
      vertex 29.6161 -48.2839 -5.72205e-07
    endloop
  endfacet
  facet normal -0.831485 0.555547 0
    outer loop
      vertex 31.4917 -48.1609 -5.72205e-07
      vertex 31.5825 -48.025 4.4
      vertex 31.5825 -48.025 -5.72205e-07
    endloop
  endfacet
  facet normal -0.831485 0.555547 0
    outer loop
      vertex 31.5825 -48.025 4.4
      vertex 31.4917 -48.1609 -5.72205e-07
      vertex 31.4917 -48.1609 4.4
    endloop
  endfacet
  facet normal 0.75178 -0.659414 0
    outer loop
      vertex 29.5083 -46.639 4.4
      vertex 29.6161 -46.5161 -5.72205e-07
      vertex 29.6161 -46.5161 4.4
    endloop
  endfacet
  facet normal 0.75178 -0.659414 0
    outer loop
      vertex 29.6161 -46.5161 -5.72205e-07
      vertex 29.5083 -46.639 4.4
      vertex 29.5083 -46.639 -5.72205e-07
    endloop
  endfacet
  facet normal -0.0654233 -0.997858 0
    outer loop
      vertex 30.5 -46.15 -5.72205e-07
      vertex 30.6632 -46.1607 4.4
      vertex 30.5 -46.15 4.4
    endloop
  endfacet
  facet normal -0.0654233 -0.997858 -0
    outer loop
      vertex 30.6632 -46.1607 4.4
      vertex 30.5 -46.15 -5.72205e-07
      vertex 30.6632 -46.1607 -5.72205e-07
    endloop
  endfacet
  facet normal -0.555265 -0.831674 0
    outer loop
      vertex 31.125 -46.3175 -5.72205e-07
      vertex 31.261 -46.4083 4.4
      vertex 31.125 -46.3175 4.4
    endloop
  endfacet
  facet normal -0.555265 -0.831674 -0
    outer loop
      vertex 31.261 -46.4083 4.4
      vertex 31.125 -46.3175 -5.72205e-07
      vertex 31.261 -46.4083 -5.72205e-07
    endloop
  endfacet
  facet normal 0.442313 0.896861 -0
    outer loop
      vertex 30.0216 -48.5548 -5.72205e-07
      vertex 29.875 -48.4825 4.4
      vertex 30.0216 -48.5548 4.4
    endloop
  endfacet
  facet normal 0.442313 0.896861 0
    outer loop
      vertex 29.875 -48.4825 4.4
      vertex 30.0216 -48.5548 -5.72205e-07
      vertex 29.875 -48.4825 -5.72205e-07
    endloop
  endfacet
  facet normal 0.831485 0.555547 0
    outer loop
      vertex 29.5083 -48.1609 4.4
      vertex 29.4175 -48.025 -5.72205e-07
      vertex 29.4175 -48.025 4.4
    endloop
  endfacet
  facet normal 0.831485 0.555547 0
    outer loop
      vertex 29.4175 -48.025 -5.72205e-07
      vertex 29.5083 -48.1609 4.4
      vertex 29.5083 -48.1609 -5.72205e-07
    endloop
  endfacet
  facet normal 0.980768 0.195175 0
    outer loop
      vertex 29.2926 -47.7235 4.4
      vertex 29.2607 -47.5632 -5.72205e-07
      vertex 29.2607 -47.5632 4.4
    endloop
  endfacet
  facet normal 0.980768 0.195175 0
    outer loop
      vertex 29.2607 -47.5632 -5.72205e-07
      vertex 29.2926 -47.7235 4.4
      vertex 29.2926 -47.7235 -5.72205e-07
    endloop
  endfacet
  facet normal 0.659414 0.75178 -0
    outer loop
      vertex 29.739 -48.3917 -5.72205e-07
      vertex 29.6161 -48.2839 4.4
      vertex 29.739 -48.3917 4.4
    endloop
  endfacet
  facet normal 0.659414 0.75178 0
    outer loop
      vertex 29.6161 -48.2839 4.4
      vertex 29.739 -48.3917 -5.72205e-07
      vertex 29.6161 -48.2839 -5.72205e-07
    endloop
  endfacet
  facet normal 0.896618 -0.442805 0
    outer loop
      vertex 29.3451 -46.9216 4.4
      vertex 29.4175 -46.775 -5.72205e-07
      vertex 29.4175 -46.775 4.4
    endloop
  endfacet
  facet normal 0.896618 -0.442805 0
    outer loop
      vertex 29.4175 -46.775 -5.72205e-07
      vertex 29.3451 -46.9216 4.4
      vertex 29.3451 -46.9216 -5.72205e-07
    endloop
  endfacet
  facet normal 0.997858 0.0654233 0
    outer loop
      vertex 29.2607 -47.5632 4.4
      vertex 29.25 -47.4 -5.72205e-07
      vertex 29.25 -47.4 4.4
    endloop
  endfacet
  facet normal 0.997858 0.0654233 0
    outer loop
      vertex 29.25 -47.4 -5.72205e-07
      vertex 29.2607 -47.5632 4.4
      vertex 29.2607 -47.5632 -5.72205e-07
    endloop
  endfacet
  facet normal -0.555265 0.831674 0
    outer loop
      vertex 31.261 -48.3917 -5.72205e-07
      vertex 31.125 -48.4825 4.4
      vertex 31.261 -48.3917 4.4
    endloop
  endfacet
  facet normal -0.555265 0.831674 0
    outer loop
      vertex 31.125 -48.4825 4.4
      vertex 31.261 -48.3917 -5.72205e-07
      vertex 31.125 -48.4825 -5.72205e-07
    endloop
  endfacet
  facet normal 0.555265 0.831674 -0
    outer loop
      vertex 29.875 -48.4825 -5.72205e-07
      vertex 29.739 -48.3917 4.4
      vertex 29.875 -48.4825 4.4
    endloop
  endfacet
  facet normal 0.555265 0.831674 0
    outer loop
      vertex 29.739 -48.3917 4.4
      vertex 29.875 -48.4825 -5.72205e-07
      vertex 29.739 -48.3917 -5.72205e-07
    endloop
  endfacet
  facet normal 0.67118 -0.241625 0.70081
    outer loop
      vertex 28.799 -46.6983 5
      vertex 29.3451 -46.9216 4.4
      vertex 28.7999 -46.6958 5
    endloop
  endfacet
  facet normal 0.675923 -0.229089 0.700462
    outer loop
      vertex 29.3451 -46.9216 4.4
      vertex 28.799 -46.6983 5
      vertex 29.2926 -47.0765 4.4
    endloop
  endfacet
  facet normal 0.229357 -0.675779 0.700512
    outer loop
      vertex 30.1765 -46.1926 4.4
      vertex 30.0237 -45.6225 5
      vertex 29.7983 -45.699 5
    endloop
  endfacet
  facet normal 0.139289 -0.699939 0.700488
    outer loop
      vertex 30.0264 -45.622 5
      vertex 30.1765 -46.1926 4.4
      vertex 30.3368 -46.1607 4.4
    endloop
  endfacet
  facet normal 0.130008 -0.702043 0.700167
    outer loop
      vertex 30.1765 -46.1926 4.4
      vertex 30.0264 -45.622 5
      vertex 30.0237 -45.6225 5
    endloop
  endfacet
  facet normal 0.702043 -0.130008 0.700167
    outer loop
      vertex 28.722 -46.9264 5
      vertex 29.2926 -47.0765 4.4
      vertex 28.7225 -46.9237 5
    endloop
  endfacet
  facet normal 0.699939 -0.139289 0.700488
    outer loop
      vertex 29.2926 -47.0765 4.4
      vertex 28.722 -46.9264 5
      vertex 29.2607 -47.2368 4.4
    endloop
  endfacet
  facet normal -0.712125 -0.0467753 0.700493
    outer loop
      vertex 32.3402 -47.4 5
      vertex 32.3246 -47.1625 5
      vertex 31.75 -47.4 4.4
    endloop
  endfacet
  facet normal -0.711556 -0.0527078 0.70065
    outer loop
      vertex 31.7393 -47.2368 4.4
      vertex 32.3246 -47.1625 5
      vertex 32.3244 -47.1598 5
    endloop
  endfacet
  facet normal -0.712144 -0.0466908 0.700479
    outer loop
      vertex 32.3246 -47.1625 5
      vertex 31.7393 -47.2368 4.4
      vertex 31.75 -47.4 4.4
    endloop
  endfacet
  facet normal -0.229357 -0.675779 0.700512
    outer loop
      vertex 31.2017 -45.699 5
      vertex 30.9763 -45.6225 5
      vertex 30.8235 -46.1926 4.4
    endloop
  endfacet
  facet normal -0.593438 0.396425 0.700485
    outer loop
      vertex 31.9614 -48.518 5
      vertex 32.0936 -48.3201 5
      vertex 31.5825 -48.025 4.4
    endloop
  endfacet
  facet normal -0.536698 0.470435 0.700461
    outer loop
      vertex 31.8012 -48.7012 5
      vertex 31.9581 -48.5222 5
      vertex 31.3839 -48.2839 4.4
    endloop
  endfacet
  facet normal -0.712144 0.0466908 0.700479
    outer loop
      vertex 31.7393 -47.5632 4.4
      vertex 32.3246 -47.6375 5
      vertex 31.75 -47.4 4.4
    endloop
  endfacet
  facet normal -0.711556 0.0527078 0.70065
    outer loop
      vertex 32.3246 -47.6375 5
      vertex 31.7393 -47.5632 4.4
      vertex 32.3244 -47.6402 5
    endloop
  endfacet
  facet normal 0.593438 0.396425 0.700485
    outer loop
      vertex 29.0386 -48.518 5
      vertex 29.4175 -48.025 4.4
      vertex 28.9064 -48.3201 5
    endloop
  endfacet
  facet normal -0.229357 0.675779 0.700512
    outer loop
      vertex 30.9763 -49.1775 5
      vertex 31.2017 -49.101 5
      vertex 30.8235 -48.6074 4.4
    endloop
  endfacet
  facet normal -0.530707 0.477636 0.700153
    outer loop
      vertex 31.4917 -48.1609 4.4
      vertex 31.9581 -48.5222 5
      vertex 31.9599 -48.5202 5
    endloop
  endfacet
  facet normal -0.536722 0.470396 0.700469
    outer loop
      vertex 31.9581 -48.5222 5
      vertex 31.4917 -48.1609 4.4
      vertex 31.3839 -48.2839 4.4
    endloop
  endfacet
  facet normal -0.470644 0.536569 0.70042
    outer loop
      vertex 31.261 -48.3917 4.4
      vertex 31.6222 -48.8581 5
      vertex 31.3839 -48.2839 4.4
    endloop
  endfacet
  facet normal -0.477663 0.530736 0.700112
    outer loop
      vertex 31.6222 -48.8581 5
      vertex 31.261 -48.3917 4.4
      vertex 31.6202 -48.8599 5
    endloop
  endfacet
  facet normal 0.536698 0.470435 0.700461
    outer loop
      vertex 29.1988 -48.7012 5
      vertex 29.6161 -48.2839 4.4
      vertex 29.0419 -48.5222 5
    endloop
  endfacet
  facet normal -0.470435 0.536698 0.700461
    outer loop
      vertex 31.6222 -48.8581 5
      vertex 31.8012 -48.7012 5
      vertex 31.3839 -48.2839 4.4
    endloop
  endfacet
  facet normal -0.593395 0.39647 0.700495
    outer loop
      vertex 31.4917 -48.1609 4.4
      vertex 31.9614 -48.518 5
      vertex 31.5825 -48.025 4.4
    endloop
  endfacet
  facet normal -0.58949 0.401925 0.700684
    outer loop
      vertex 31.9614 -48.518 5
      vertex 31.4917 -48.1609 4.4
      vertex 31.9599 -48.5202 5
    endloop
  endfacet
  facet normal -0.699989 0.139158 0.700465
    outer loop
      vertex 32.278 -47.8736 5
      vertex 32.3244 -47.6402 5
      vertex 31.7393 -47.5632 4.4
    endloop
  endfacet
  facet normal 0.675923 0.229089 0.700462
    outer loop
      vertex 28.799 -48.1017 5
      vertex 29.3451 -47.8784 4.4
      vertex 29.2926 -47.7235 4.4
    endloop
  endfacet
  facet normal 0.67118 0.241625 0.70081
    outer loop
      vertex 29.3451 -47.8784 4.4
      vertex 28.799 -48.1017 5
      vertex 28.7999 -48.1042 5
    endloop
  endfacet
  facet normal -0.130008 0.702043 0.700167
    outer loop
      vertex 30.8235 -48.6074 4.4
      vertex 30.9736 -49.178 5
      vertex 30.9763 -49.1775 5
    endloop
  endfacet
  facet normal -0.139289 0.699939 0.700488
    outer loop
      vertex 30.9736 -49.178 5
      vertex 30.8235 -48.6074 4.4
      vertex 30.6632 -48.6393 4.4
    endloop
  endfacet
  facet normal -0.0466908 -0.712144 0.700479
    outer loop
      vertex 30.6632 -46.1607 4.4
      vertex 30.7375 -45.5754 5
      vertex 30.5 -46.15 4.4
    endloop
  endfacet
  facet normal -0.0527078 -0.711556 0.70065
    outer loop
      vertex 30.7375 -45.5754 5
      vertex 30.6632 -46.1607 4.4
      vertex 30.7402 -45.5756 5
    endloop
  endfacet
  facet normal -0.401944 0.589517 0.70065
    outer loop
      vertex 31.261 -48.3917 4.4
      vertex 31.618 -48.8614 5
      vertex 31.6202 -48.8599 5
    endloop
  endfacet
  facet normal -0.396291 0.593563 0.700454
    outer loop
      vertex 31.618 -48.8614 5
      vertex 31.261 -48.3917 4.4
      vertex 31.125 -48.4825 4.4
    endloop
  endfacet
  facet normal 0.712125 -0.0467753 0.700493
    outer loop
      vertex 29.25 -47.4 4.4
      vertex 28.6754 -47.1625 5
      vertex 28.6598 -47.4 5
    endloop
  endfacet
  facet normal -0.675923 0.229089 0.700462
    outer loop
      vertex 31.6549 -47.8784 4.4
      vertex 32.201 -48.1017 5
      vertex 31.7074 -47.7235 4.4
    endloop
  endfacet
  facet normal -0.67118 0.241625 0.70081
    outer loop
      vertex 32.201 -48.1017 5
      vertex 31.6549 -47.8784 4.4
      vertex 32.2001 -48.1042 5
    endloop
  endfacet
  facet normal -0.130008 -0.702043 0.700167
    outer loop
      vertex 30.9736 -45.622 5
      vertex 30.8235 -46.1926 4.4
      vertex 30.9763 -45.6225 5
    endloop
  endfacet
  facet normal -0.139289 -0.699939 0.700488
    outer loop
      vertex 30.8235 -46.1926 4.4
      vertex 30.9736 -45.622 5
      vertex 30.6632 -46.1607 4.4
    endloop
  endfacet
  facet normal -0.593438 -0.396425 0.700485
    outer loop
      vertex 32.0936 -46.4799 5
      vertex 31.9614 -46.282 5
      vertex 31.5825 -46.775 4.4
    endloop
  endfacet
  facet normal 0.0467753 0.712125 0.700493
    outer loop
      vertex 30.5 -49.2402 5
      vertex 30.5 -48.65 4.4
      vertex 30.2625 -49.2246 5
    endloop
  endfacet
  facet normal 0.139158 0.699989 0.700465
    outer loop
      vertex 30.2598 -49.2244 5
      vertex 30.3368 -48.6393 4.4
      vertex 30.0264 -49.178 5
    endloop
  endfacet
  facet normal -0.63848 0.31924 0.700306
    outer loop
      vertex 31.6549 -47.8784 4.4
      vertex 32.1989 -48.1066 5
      vertex 32.2001 -48.1042 5
    endloop
  endfacet
  facet normal -0.639945 0.316044 0.700419
    outer loop
      vertex 32.1989 -48.1066 5
      vertex 31.6549 -47.8784 4.4
      vertex 31.5825 -48.025 4.4
    endloop
  endfacet
  facet normal 0.0466908 0.712144 0.700479
    outer loop
      vertex 30.3368 -48.6393 4.4
      vertex 30.2625 -49.2246 5
      vertex 30.5 -48.65 4.4
    endloop
  endfacet
  facet normal 0.0527078 0.711556 0.70065
    outer loop
      vertex 30.2625 -49.2246 5
      vertex 30.3368 -48.6393 4.4
      vertex 30.2598 -49.2244 5
    endloop
  endfacet
  facet normal -0.0467753 0.712125 0.700493
    outer loop
      vertex 30.5 -49.2402 5
      vertex 30.7375 -49.2246 5
      vertex 30.5 -48.65 4.4
    endloop
  endfacet
  facet normal 0.536569 -0.470644 0.70042
    outer loop
      vertex 29.0419 -46.2778 5
      vertex 29.5083 -46.639 4.4
      vertex 29.6161 -46.5161 4.4
    endloop
  endfacet
  facet normal 0.530736 -0.477663 0.700112
    outer loop
      vertex 29.5083 -46.639 4.4
      vertex 29.0419 -46.2778 5
      vertex 29.0401 -46.2798 5
    endloop
  endfacet
  facet normal 0.675779 -0.229357 0.700512
    outer loop
      vertex 29.2926 -47.0765 4.4
      vertex 28.799 -46.6983 5
      vertex 28.7225 -46.9237 5
    endloop
  endfacet
  facet normal -0.675779 0.229357 0.700512
    outer loop
      vertex 32.201 -48.1017 5
      vertex 32.2775 -47.8763 5
      vertex 31.7074 -47.7235 4.4
    endloop
  endfacet
  facet normal -0.712125 0.0467753 0.700493
    outer loop
      vertex 32.3246 -47.6375 5
      vertex 32.3402 -47.4 5
      vertex 31.75 -47.4 4.4
    endloop
  endfacet
  facet normal -0.470435 -0.536698 0.700461
    outer loop
      vertex 31.8012 -46.0988 5
      vertex 31.6222 -45.9419 5
      vertex 31.3839 -46.5161 4.4
    endloop
  endfacet
  facet normal -0.241606 0.671127 0.700867
    outer loop
      vertex 30.9784 -48.5548 4.4
      vertex 31.2017 -49.101 5
      vertex 31.2042 -49.1001 5
    endloop
  endfacet
  facet normal -0.229459 0.675725 0.700532
    outer loop
      vertex 31.2017 -49.101 5
      vertex 30.9784 -48.5548 4.4
      vertex 30.8235 -48.6074 4.4
    endloop
  endfacet
  facet normal 0.593395 0.39647 0.700495
    outer loop
      vertex 29.0386 -48.518 5
      vertex 29.5083 -48.1609 4.4
      vertex 29.4175 -48.025 4.4
    endloop
  endfacet
  facet normal 0.58949 0.401925 0.700684
    outer loop
      vertex 29.5083 -48.1609 4.4
      vertex 29.0386 -48.518 5
      vertex 29.0401 -48.5202 5
    endloop
  endfacet
  facet normal -0.315664 0.64006 0.700485
    outer loop
      vertex 30.9784 -48.5548 4.4
      vertex 31.2066 -49.0989 5
      vertex 31.125 -48.4825 4.4
    endloop
  endfacet
  facet normal -0.319216 0.638433 0.700361
    outer loop
      vertex 31.2066 -49.0989 5
      vertex 30.9784 -48.5548 4.4
      vertex 31.2042 -49.1001 5
    endloop
  endfacet
  facet normal 0.699989 0.139158 0.700465
    outer loop
      vertex 28.722 -47.8736 5
      vertex 29.2607 -47.5632 4.4
      vertex 28.6756 -47.6402 5
    endloop
  endfacet
  facet normal -0.31568 0.640055 0.700482
    outer loop
      vertex 31.2066 -49.0989 5
      vertex 31.4201 -48.9936 5
      vertex 31.125 -48.4825 4.4
    endloop
  endfacet
  facet normal -0.396425 0.593438 0.700485
    outer loop
      vertex 31.4201 -48.9936 5
      vertex 31.618 -48.8614 5
      vertex 31.125 -48.4825 4.4
    endloop
  endfacet
  facet normal 0.589517 -0.401944 0.70065
    outer loop
      vertex 29.0386 -46.282 5
      vertex 29.5083 -46.639 4.4
      vertex 29.0401 -46.2798 5
    endloop
  endfacet
  facet normal 0.593563 -0.396291 0.700454
    outer loop
      vertex 29.5083 -46.639 4.4
      vertex 29.0386 -46.282 5
      vertex 29.4175 -46.775 4.4
    endloop
  endfacet
  facet normal -0.401944 -0.589517 0.70065
    outer loop
      vertex 31.618 -45.9386 5
      vertex 31.261 -46.4083 4.4
      vertex 31.6202 -45.9401 5
    endloop
  endfacet
  facet normal -0.396291 -0.593563 0.700454
    outer loop
      vertex 31.261 -46.4083 4.4
      vertex 31.618 -45.9386 5
      vertex 31.125 -46.3175 4.4
    endloop
  endfacet
  facet normal -0.699939 0.139289 0.700488
    outer loop
      vertex 31.7074 -47.7235 4.4
      vertex 32.278 -47.8736 5
      vertex 31.7393 -47.5632 4.4
    endloop
  endfacet
  facet normal -0.702043 0.130008 0.700167
    outer loop
      vertex 32.278 -47.8736 5
      vertex 31.7074 -47.7235 4.4
      vertex 32.2775 -47.8763 5
    endloop
  endfacet
  facet normal 0.536698 -0.470435 0.700461
    outer loop
      vertex 29.6161 -46.5161 4.4
      vertex 29.1988 -46.0988 5
      vertex 29.0419 -46.2778 5
    endloop
  endfacet
  facet normal 0.536722 0.470396 0.700469
    outer loop
      vertex 29.5083 -48.1609 4.4
      vertex 29.0419 -48.5222 5
      vertex 29.6161 -48.2839 4.4
    endloop
  endfacet
  facet normal 0.530707 0.477636 0.700153
    outer loop
      vertex 29.0419 -48.5222 5
      vertex 29.5083 -48.1609 4.4
      vertex 29.0401 -48.5202 5
    endloop
  endfacet
  facet normal 0.31568 -0.640055 0.700482
    outer loop
      vertex 29.875 -46.3175 4.4
      vertex 29.7934 -45.7011 5
      vertex 29.5799 -45.8064 5
    endloop
  endfacet
  facet normal -0.589517 -0.401944 0.70065
    outer loop
      vertex 31.4917 -46.639 4.4
      vertex 31.9614 -46.282 5
      vertex 31.9599 -46.2798 5
    endloop
  endfacet
  facet normal -0.593563 -0.396291 0.700454
    outer loop
      vertex 31.9614 -46.282 5
      vertex 31.4917 -46.639 4.4
      vertex 31.5825 -46.775 4.4
    endloop
  endfacet
  facet normal -0.319216 -0.638433 0.700361
    outer loop
      vertex 30.9784 -46.2452 4.4
      vertex 31.2066 -45.7011 5
      vertex 31.2042 -45.6999 5
    endloop
  endfacet
  facet normal -0.315664 -0.64006 0.700485
    outer loop
      vertex 31.2066 -45.7011 5
      vertex 30.9784 -46.2452 4.4
      vertex 31.125 -46.3175 4.4
    endloop
  endfacet
  facet normal -0.640055 0.31568 0.700482
    outer loop
      vertex 32.0936 -48.3201 5
      vertex 32.1989 -48.1066 5
      vertex 31.5825 -48.025 4.4
    endloop
  endfacet
  facet normal 0.640055 -0.31568 0.700482
    outer loop
      vertex 29.4175 -46.775 4.4
      vertex 28.9064 -46.4799 5
      vertex 28.8011 -46.6934 5
    endloop
  endfacet
  facet normal 0.675779 0.229357 0.700512
    outer loop
      vertex 28.799 -48.1017 5
      vertex 29.2926 -47.7235 4.4
      vertex 28.7225 -47.8763 5
    endloop
  endfacet
  facet normal 0.699939 0.139289 0.700488
    outer loop
      vertex 28.722 -47.8736 5
      vertex 29.2926 -47.7235 4.4
      vertex 29.2607 -47.5632 4.4
    endloop
  endfacet
  facet normal 0.702043 0.130008 0.700167
    outer loop
      vertex 29.2926 -47.7235 4.4
      vertex 28.722 -47.8736 5
      vertex 28.7225 -47.8763 5
    endloop
  endfacet
  facet normal -0.139158 0.699989 0.700465
    outer loop
      vertex 30.7402 -49.2244 5
      vertex 30.9736 -49.178 5
      vertex 30.6632 -48.6393 4.4
    endloop
  endfacet
  facet normal -0.0527078 0.711556 0.70065
    outer loop
      vertex 30.6632 -48.6393 4.4
      vertex 30.7375 -49.2246 5
      vertex 30.7402 -49.2244 5
    endloop
  endfacet
  facet normal -0.0466908 0.712144 0.700479
    outer loop
      vertex 30.7375 -49.2246 5
      vertex 30.6632 -48.6393 4.4
      vertex 30.5 -48.65 4.4
    endloop
  endfacet
  facet normal 0.470644 0.536569 0.70042
    outer loop
      vertex 29.3778 -48.8581 5
      vertex 29.739 -48.3917 4.4
      vertex 29.6161 -48.2839 4.4
    endloop
  endfacet
  facet normal 0.477663 0.530736 0.700112
    outer loop
      vertex 29.739 -48.3917 4.4
      vertex 29.3778 -48.8581 5
      vertex 29.3798 -48.8599 5
    endloop
  endfacet
  facet normal 0.470435 0.536698 0.700461
    outer loop
      vertex 29.3778 -48.8581 5
      vertex 29.6161 -48.2839 4.4
      vertex 29.1988 -48.7012 5
    endloop
  endfacet
  facet normal 0.396291 -0.593563 0.700454
    outer loop
      vertex 29.382 -45.9386 5
      vertex 29.739 -46.4083 4.4
      vertex 29.875 -46.3175 4.4
    endloop
  endfacet
  facet normal 0.401944 -0.589517 0.70065
    outer loop
      vertex 29.739 -46.4083 4.4
      vertex 29.382 -45.9386 5
      vertex 29.3798 -45.9401 5
    endloop
  endfacet
  facet normal 0.711556 -0.0527078 0.70065
    outer loop
      vertex 28.6754 -47.1625 5
      vertex 29.2607 -47.2368 4.4
      vertex 28.6756 -47.1598 5
    endloop
  endfacet
  facet normal 0.712144 -0.0466908 0.700479
    outer loop
      vertex 29.2607 -47.2368 4.4
      vertex 28.6754 -47.1625 5
      vertex 29.25 -47.4 4.4
    endloop
  endfacet
  facet normal -0.530736 -0.477663 0.700112
    outer loop
      vertex 31.9581 -46.2778 5
      vertex 31.4917 -46.639 4.4
      vertex 31.9599 -46.2798 5
    endloop
  endfacet
  facet normal -0.536569 -0.470644 0.70042
    outer loop
      vertex 31.4917 -46.639 4.4
      vertex 31.9581 -46.2778 5
      vertex 31.3839 -46.5161 4.4
    endloop
  endfacet
  facet normal 0.699989 -0.139158 0.700465
    outer loop
      vertex 29.2607 -47.2368 4.4
      vertex 28.722 -46.9264 5
      vertex 28.6756 -47.1598 5
    endloop
  endfacet
  facet normal 0.139158 -0.699989 0.700465
    outer loop
      vertex 30.3368 -46.1607 4.4
      vertex 30.2598 -45.5756 5
      vertex 30.0264 -45.622 5
    endloop
  endfacet
  facet normal 0.712144 0.0466908 0.700479
    outer loop
      vertex 28.6754 -47.6375 5
      vertex 29.2607 -47.5632 4.4
      vertex 29.25 -47.4 4.4
    endloop
  endfacet
  facet normal 0.711556 0.0527078 0.70065
    outer loop
      vertex 29.2607 -47.5632 4.4
      vertex 28.6754 -47.6375 5
      vertex 28.6756 -47.6402 5
    endloop
  endfacet
  facet normal -0.640055 -0.31568 0.700482
    outer loop
      vertex 32.1989 -46.6934 5
      vertex 32.0936 -46.4799 5
      vertex 31.5825 -46.775 4.4
    endloop
  endfacet
  facet normal -0.396425 -0.593438 0.700485
    outer loop
      vertex 31.618 -45.9386 5
      vertex 31.4201 -45.8064 5
      vertex 31.125 -46.3175 4.4
    endloop
  endfacet
  facet normal -0.63848 -0.31924 0.700306
    outer loop
      vertex 32.1989 -46.6934 5
      vertex 31.6549 -46.9216 4.4
      vertex 32.2001 -46.6958 5
    endloop
  endfacet
  facet normal -0.639945 -0.316044 0.700419
    outer loop
      vertex 31.6549 -46.9216 4.4
      vertex 32.1989 -46.6934 5
      vertex 31.5825 -46.775 4.4
    endloop
  endfacet
  facet normal 0.229459 0.675725 0.700532
    outer loop
      vertex 30.0216 -48.5548 4.4
      vertex 29.7983 -49.101 5
      vertex 30.1765 -48.6074 4.4
    endloop
  endfacet
  facet normal 0.241606 0.671127 0.700867
    outer loop
      vertex 29.7983 -49.101 5
      vertex 30.0216 -48.5548 4.4
      vertex 29.7958 -49.1001 5
    endloop
  endfacet
  facet normal 0.639945 0.316044 0.700419
    outer loop
      vertex 29.3451 -47.8784 4.4
      vertex 28.8011 -48.1066 5
      vertex 29.4175 -48.025 4.4
    endloop
  endfacet
  facet normal 0.63848 0.31924 0.700306
    outer loop
      vertex 28.8011 -48.1066 5
      vertex 29.3451 -47.8784 4.4
      vertex 28.7999 -48.1042 5
    endloop
  endfacet
  facet normal 0.640055 0.31568 0.700482
    outer loop
      vertex 28.9064 -48.3201 5
      vertex 29.4175 -48.025 4.4
      vertex 28.8011 -48.1066 5
    endloop
  endfacet
  facet normal -0.536698 -0.470435 0.700461
    outer loop
      vertex 31.9581 -46.2778 5
      vertex 31.8012 -46.0988 5
      vertex 31.3839 -46.5161 4.4
    endloop
  endfacet
  facet normal -0.31568 -0.640055 0.700482
    outer loop
      vertex 31.4201 -45.8064 5
      vertex 31.2066 -45.7011 5
      vertex 31.125 -46.3175 4.4
    endloop
  endfacet
  facet normal -0.477663 -0.530736 0.700112
    outer loop
      vertex 31.261 -46.4083 4.4
      vertex 31.6222 -45.9419 5
      vertex 31.6202 -45.9401 5
    endloop
  endfacet
  facet normal -0.470644 -0.536569 0.70042
    outer loop
      vertex 31.6222 -45.9419 5
      vertex 31.261 -46.4083 4.4
      vertex 31.3839 -46.5161 4.4
    endloop
  endfacet
  facet normal 0.139289 0.699939 0.700488
    outer loop
      vertex 30.1765 -48.6074 4.4
      vertex 30.0264 -49.178 5
      vertex 30.3368 -48.6393 4.4
    endloop
  endfacet
  facet normal 0.130008 0.702043 0.700167
    outer loop
      vertex 30.0264 -49.178 5
      vertex 30.1765 -48.6074 4.4
      vertex 30.0237 -49.1775 5
    endloop
  endfacet
  facet normal 0.396425 -0.593438 0.700485
    outer loop
      vertex 29.875 -46.3175 4.4
      vertex 29.5799 -45.8064 5
      vertex 29.382 -45.9386 5
    endloop
  endfacet
  facet normal 0.712125 0.0467753 0.700493
    outer loop
      vertex 28.6754 -47.6375 5
      vertex 29.25 -47.4 4.4
      vertex 28.6598 -47.4 5
    endloop
  endfacet
  facet normal 0.593438 -0.396425 0.700485
    outer loop
      vertex 29.4175 -46.775 4.4
      vertex 29.0386 -46.282 5
      vertex 28.9064 -46.4799 5
    endloop
  endfacet
  facet normal 0.315664 0.64006 0.700485
    outer loop
      vertex 29.7934 -49.0989 5
      vertex 30.0216 -48.5548 4.4
      vertex 29.875 -48.4825 4.4
    endloop
  endfacet
  facet normal 0.319216 0.638433 0.700361
    outer loop
      vertex 30.0216 -48.5548 4.4
      vertex 29.7934 -49.0989 5
      vertex 29.7958 -49.1001 5
    endloop
  endfacet
  facet normal 0.229357 0.675779 0.700512
    outer loop
      vertex 30.0237 -49.1775 5
      vertex 30.1765 -48.6074 4.4
      vertex 29.7983 -49.101 5
    endloop
  endfacet
  facet normal 0.0467753 -0.712125 0.700493
    outer loop
      vertex 30.5 -46.15 4.4
      vertex 30.5 -45.5598 5
      vertex 30.2625 -45.5754 5
    endloop
  endfacet
  facet normal 0.470435 -0.536698 0.700461
    outer loop
      vertex 29.6161 -46.5161 4.4
      vertex 29.3778 -45.9419 5
      vertex 29.1988 -46.0988 5
    endloop
  endfacet
  facet normal -0.0467753 -0.712125 0.700493
    outer loop
      vertex 30.7375 -45.5754 5
      vertex 30.5 -45.5598 5
      vertex 30.5 -46.15 4.4
    endloop
  endfacet
  facet normal 0.31568 0.640055 0.700482
    outer loop
      vertex 29.7934 -49.0989 5
      vertex 29.875 -48.4825 4.4
      vertex 29.5799 -48.9936 5
    endloop
  endfacet
  facet normal 0.396425 0.593438 0.700485
    outer loop
      vertex 29.5799 -48.9936 5
      vertex 29.875 -48.4825 4.4
      vertex 29.382 -48.8614 5
    endloop
  endfacet
  facet normal 0.396291 0.593563 0.700454
    outer loop
      vertex 29.739 -48.3917 4.4
      vertex 29.382 -48.8614 5
      vertex 29.875 -48.4825 4.4
    endloop
  endfacet
  facet normal 0.401944 0.589517 0.70065
    outer loop
      vertex 29.382 -48.8614 5
      vertex 29.739 -48.3917 4.4
      vertex 29.3798 -48.8599 5
    endloop
  endfacet
  facet normal 0.477663 -0.530736 0.700112
    outer loop
      vertex 29.3778 -45.9419 5
      vertex 29.739 -46.4083 4.4
      vertex 29.3798 -45.9401 5
    endloop
  endfacet
  facet normal 0.470644 -0.536569 0.70042
    outer loop
      vertex 29.739 -46.4083 4.4
      vertex 29.3778 -45.9419 5
      vertex 29.6161 -46.5161 4.4
    endloop
  endfacet
  facet normal -0.241606 -0.671127 0.700867
    outer loop
      vertex 31.2017 -45.699 5
      vertex 30.9784 -46.2452 4.4
      vertex 31.2042 -45.6999 5
    endloop
  endfacet
  facet normal -0.229459 -0.675725 0.700532
    outer loop
      vertex 30.9784 -46.2452 4.4
      vertex 31.2017 -45.699 5
      vertex 30.8235 -46.1926 4.4
    endloop
  endfacet
  facet normal 0.639945 -0.316044 0.700419
    outer loop
      vertex 28.8011 -46.6934 5
      vertex 29.3451 -46.9216 4.4
      vertex 29.4175 -46.775 4.4
    endloop
  endfacet
  facet normal 0.63848 -0.31924 0.700306
    outer loop
      vertex 29.3451 -46.9216 4.4
      vertex 28.8011 -46.6934 5
      vertex 28.7999 -46.6958 5
    endloop
  endfacet
  facet normal 0.229459 -0.675725 0.700532
    outer loop
      vertex 29.7983 -45.699 5
      vertex 30.0216 -46.2452 4.4
      vertex 30.1765 -46.1926 4.4
    endloop
  endfacet
  facet normal 0.241606 -0.671127 0.700867
    outer loop
      vertex 30.0216 -46.2452 4.4
      vertex 29.7983 -45.699 5
      vertex 29.7958 -45.6999 5
    endloop
  endfacet
  facet normal 0.319216 -0.638433 0.700361
    outer loop
      vertex 29.7934 -45.7011 5
      vertex 30.0216 -46.2452 4.4
      vertex 29.7958 -45.6999 5
    endloop
  endfacet
  facet normal 0.315664 -0.64006 0.700485
    outer loop
      vertex 30.0216 -46.2452 4.4
      vertex 29.7934 -45.7011 5
      vertex 29.875 -46.3175 4.4
    endloop
  endfacet
  facet normal -0.702043 -0.130008 0.700167
    outer loop
      vertex 31.7074 -47.0765 4.4
      vertex 32.278 -46.9264 5
      vertex 32.2775 -46.9237 5
    endloop
  endfacet
  facet normal -0.699939 -0.139289 0.700488
    outer loop
      vertex 32.278 -46.9264 5
      vertex 31.7074 -47.0765 4.4
      vertex 31.7393 -47.2368 4.4
    endloop
  endfacet
  facet normal -0.675779 -0.229357 0.700512
    outer loop
      vertex 32.2775 -46.9237 5
      vertex 32.201 -46.6983 5
      vertex 31.7074 -47.0765 4.4
    endloop
  endfacet
  facet normal -0.139158 -0.699989 0.700465
    outer loop
      vertex 30.9736 -45.622 5
      vertex 30.7402 -45.5756 5
      vertex 30.6632 -46.1607 4.4
    endloop
  endfacet
  facet normal 0.0527078 -0.711556 0.70065
    outer loop
      vertex 30.3368 -46.1607 4.4
      vertex 30.2625 -45.5754 5
      vertex 30.2598 -45.5756 5
    endloop
  endfacet
  facet normal 0.0466908 -0.712144 0.700479
    outer loop
      vertex 30.2625 -45.5754 5
      vertex 30.3368 -46.1607 4.4
      vertex 30.5 -46.15 4.4
    endloop
  endfacet
  facet normal -0.67118 -0.241625 0.70081
    outer loop
      vertex 31.6549 -46.9216 4.4
      vertex 32.201 -46.6983 5
      vertex 32.2001 -46.6958 5
    endloop
  endfacet
  facet normal -0.675923 -0.229089 0.700462
    outer loop
      vertex 32.201 -46.6983 5
      vertex 31.6549 -46.9216 4.4
      vertex 31.7074 -47.0765 4.4
    endloop
  endfacet
  facet normal -0.699989 -0.139158 0.700465
    outer loop
      vertex 32.3244 -47.1598 5
      vertex 32.278 -46.9264 5
      vertex 31.7393 -47.2368 4.4
    endloop
  endfacet
  facet normal -0.980651 0.195763 0
    outer loop
      vertex 108.707 -33.7235 -5.72205e-07
      vertex 108.739 -33.5632 4.4
      vertex 108.739 -33.5632 -5.72205e-07
    endloop
  endfacet
  facet normal -0.980651 0.195763 0
    outer loop
      vertex 108.739 -33.5632 4.4
      vertex 108.707 -33.7235 -5.72205e-07
      vertex 108.707 -33.7235 4.4
    endloop
  endfacet
  facet normal -0.980651 -0.195763 0
    outer loop
      vertex 108.739 -33.2368 -5.72205e-07
      vertex 108.707 -33.0765 4.4
      vertex 108.707 -33.0765 -5.72205e-07
    endloop
  endfacet
  facet normal -0.980651 -0.195763 0
    outer loop
      vertex 108.707 -33.0765 4.4
      vertex 108.739 -33.2368 -5.72205e-07
      vertex 108.739 -33.2368 4.4
    endloop
  endfacet
  facet normal -0.997736 -0.0672494 0
    outer loop
      vertex 108.75 -33.4 -5.72205e-07
      vertex 108.739 -33.2368 4.4
      vertex 108.739 -33.2368 -5.72205e-07
    endloop
  endfacet
  facet normal -0.997736 -0.0672494 0
    outer loop
      vertex 108.739 -33.2368 4.4
      vertex 108.75 -33.4 -5.72205e-07
      vertex 108.75 -33.4 4.4
    endloop
  endfacet
  facet normal -0.948008 -0.318247 0
    outer loop
      vertex 108.707 -33.0765 -5.72205e-07
      vertex 108.655 -32.9216 4.4
      vertex 108.655 -32.9216 -5.72205e-07
    endloop
  endfacet
  facet normal -0.948008 -0.318247 0
    outer loop
      vertex 108.655 -32.9216 4.4
      vertex 108.707 -33.0765 -5.72205e-07
      vertex 108.707 -33.0765 4.4
    endloop
  endfacet
  facet normal 0.997736 -0.0672494 0
    outer loop
      vertex 106.25 -33.4 4.4
      vertex 106.261 -33.2368 -5.72205e-07
      vertex 106.261 -33.2368 4.4
    endloop
  endfacet
  facet normal 0.997736 -0.0672494 0
    outer loop
      vertex 106.261 -33.2368 -5.72205e-07
      vertex 106.25 -33.4 4.4
      vertex 106.25 -33.4 -5.72205e-07
    endloop
  endfacet
  facet normal -0.441344 0.897338 0
    outer loop
      vertex 108.125 -34.4825 -5.72205e-07
      vertex 107.978 -34.5548 4.4
      vertex 108.125 -34.4825 4.4
    endloop
  endfacet
  facet normal -0.441344 0.897338 0
    outer loop
      vertex 107.978 -34.5548 4.4
      vertex 108.125 -34.4825 -5.72205e-07
      vertex 107.978 -34.5548 -5.72205e-07
    endloop
  endfacet
  facet normal -0.194358 -0.980931 0
    outer loop
      vertex 107.663 -32.1607 -5.72205e-07
      vertex 107.824 -32.1926 4.4
      vertex 107.663 -32.1607 4.4
    endloop
  endfacet
  facet normal -0.194358 -0.980931 -0
    outer loop
      vertex 107.824 -32.1926 4.4
      vertex 107.663 -32.1607 -5.72205e-07
      vertex 107.824 -32.1926 -5.72205e-07
    endloop
  endfacet
  facet normal -0.194358 0.980931 0
    outer loop
      vertex 107.824 -34.6074 -5.72205e-07
      vertex 107.663 -34.6393 4.4
      vertex 107.824 -34.6074 4.4
    endloop
  endfacet
  facet normal -0.194358 0.980931 0
    outer loop
      vertex 107.663 -34.6393 4.4
      vertex 107.824 -34.6074 -5.72205e-07
      vertex 107.663 -34.6393 -5.72205e-07
    endloop
  endfacet
  facet normal -0.0655032 0.997852 0
    outer loop
      vertex 107.663 -34.6393 -5.72205e-07
      vertex 107.5 -34.65 4.4
      vertex 107.663 -34.6393 4.4
    endloop
  endfacet
  facet normal -0.0655032 0.997852 0
    outer loop
      vertex 107.5 -34.65 4.4
      vertex 107.663 -34.6393 -5.72205e-07
      vertex 107.5 -34.65 -5.72205e-07
    endloop
  endfacet
  facet normal 0.65911 -0.752046 0
    outer loop
      vertex 106.616 -32.5161 -5.72205e-07
      vertex 106.739 -32.4083 4.4
      vertex 106.616 -32.5161 4.4
    endloop
  endfacet
  facet normal 0.65911 -0.752046 0
    outer loop
      vertex 106.739 -32.4083 4.4
      vertex 106.616 -32.5161 -5.72205e-07
      vertex 106.739 -32.4083 -5.72205e-07
    endloop
  endfacet
  facet normal 0.831109 -0.55611 0
    outer loop
      vertex 106.417 -32.775 4.4
      vertex 106.508 -32.639 -5.72205e-07
      vertex 106.508 -32.639 4.4
    endloop
  endfacet
  facet normal 0.831109 -0.55611 0
    outer loop
      vertex 106.508 -32.639 -5.72205e-07
      vertex 106.417 -32.775 4.4
      vertex 106.417 -32.775 -5.72205e-07
    endloop
  endfacet
  facet normal -0.323224 -0.946322 0
    outer loop
      vertex 107.824 -32.1926 -5.72205e-07
      vertex 107.978 -32.2452 4.4
      vertex 107.824 -32.1926 4.4
    endloop
  endfacet
  facet normal -0.323224 -0.946322 -0
    outer loop
      vertex 107.978 -32.2452 4.4
      vertex 107.824 -32.1926 -5.72205e-07
      vertex 107.978 -32.2452 -5.72205e-07
    endloop
  endfacet
  facet normal -0.65911 0.752046 0
    outer loop
      vertex 108.384 -34.2839 -5.72205e-07
      vertex 108.261 -34.3917 4.4
      vertex 108.384 -34.2839 4.4
    endloop
  endfacet
  facet normal -0.65911 0.752046 0
    outer loop
      vertex 108.261 -34.3917 4.4
      vertex 108.384 -34.2839 -5.72205e-07
      vertex 108.261 -34.3917 -5.72205e-07
    endloop
  endfacet
  facet normal 0.441344 -0.897338 0
    outer loop
      vertex 106.875 -32.3175 -5.72205e-07
      vertex 107.022 -32.2452 4.4
      vertex 106.875 -32.3175 4.4
    endloop
  endfacet
  facet normal 0.441344 -0.897338 0
    outer loop
      vertex 107.022 -32.2452 4.4
      vertex 106.875 -32.3175 -5.72205e-07
      vertex 107.022 -32.2452 -5.72205e-07
    endloop
  endfacet
  facet normal 0.0655032 0.997852 -0
    outer loop
      vertex 107.5 -34.65 -5.72205e-07
      vertex 107.337 -34.6393 4.4
      vertex 107.5 -34.65 4.4
    endloop
  endfacet
  facet normal 0.0655032 0.997852 0
    outer loop
      vertex 107.337 -34.6393 4.4
      vertex 107.5 -34.65 -5.72205e-07
      vertex 107.337 -34.6393 -5.72205e-07
    endloop
  endfacet
  facet normal -0.75144 0.659801 0
    outer loop
      vertex 108.384 -34.2839 -5.72205e-07
      vertex 108.492 -34.1609 4.4
      vertex 108.492 -34.1609 -5.72205e-07
    endloop
  endfacet
  facet normal -0.75144 0.659801 0
    outer loop
      vertex 108.492 -34.1609 4.4
      vertex 108.384 -34.2839 -5.72205e-07
      vertex 108.384 -34.2839 4.4
    endloop
  endfacet
  facet normal 0.948008 0.318247 0
    outer loop
      vertex 106.345 -33.8784 4.4
      vertex 106.293 -33.7235 -5.72205e-07
      vertex 106.293 -33.7235 4.4
    endloop
  endfacet
  facet normal 0.948008 0.318247 0
    outer loop
      vertex 106.293 -33.7235 -5.72205e-07
      vertex 106.345 -33.8784 4.4
      vertex 106.345 -33.8784 -5.72205e-07
    endloop
  endfacet
  facet normal -0.323224 0.946322 0
    outer loop
      vertex 107.978 -34.5548 -5.72205e-07
      vertex 107.824 -34.6074 4.4
      vertex 107.978 -34.5548 4.4
    endloop
  endfacet
  facet normal -0.323224 0.946322 0
    outer loop
      vertex 107.824 -34.6074 4.4
      vertex 107.978 -34.5548 -5.72205e-07
      vertex 107.824 -34.6074 -5.72205e-07
    endloop
  endfacet
  facet normal 0.323224 -0.946322 0
    outer loop
      vertex 107.022 -32.2452 -5.72205e-07
      vertex 107.176 -32.1926 4.4
      vertex 107.022 -32.2452 4.4
    endloop
  endfacet
  facet normal 0.323224 -0.946322 0
    outer loop
      vertex 107.176 -32.1926 4.4
      vertex 107.022 -32.2452 -5.72205e-07
      vertex 107.176 -32.1926 -5.72205e-07
    endloop
  endfacet
  facet normal 0.555265 -0.831674 0
    outer loop
      vertex 106.739 -32.4083 -5.72205e-07
      vertex 106.875 -32.3175 4.4
      vertex 106.739 -32.4083 4.4
    endloop
  endfacet
  facet normal 0.555265 -0.831674 0
    outer loop
      vertex 106.875 -32.3175 4.4
      vertex 106.739 -32.4083 -5.72205e-07
      vertex 106.875 -32.3175 -5.72205e-07
    endloop
  endfacet
  facet normal 0.948008 -0.318247 0
    outer loop
      vertex 106.293 -33.0765 4.4
      vertex 106.345 -32.9216 -5.72205e-07
      vertex 106.345 -32.9216 4.4
    endloop
  endfacet
  facet normal 0.948008 -0.318247 0
    outer loop
      vertex 106.345 -32.9216 -5.72205e-07
      vertex 106.293 -33.0765 4.4
      vertex 106.293 -33.0765 -5.72205e-07
    endloop
  endfacet
  facet normal -0.897588 -0.440835 0
    outer loop
      vertex 108.655 -32.9216 -5.72205e-07
      vertex 108.583 -32.775 4.4
      vertex 108.583 -32.775 -5.72205e-07
    endloop
  endfacet
  facet normal -0.897588 -0.440835 0
    outer loop
      vertex 108.583 -32.775 4.4
      vertex 108.655 -32.9216 -5.72205e-07
      vertex 108.655 -32.9216 4.4
    endloop
  endfacet
  facet normal 0.194358 -0.980931 0
    outer loop
      vertex 107.176 -32.1926 -5.72205e-07
      vertex 107.337 -32.1607 4.4
      vertex 107.176 -32.1926 4.4
    endloop
  endfacet
  facet normal 0.194358 -0.980931 0
    outer loop
      vertex 107.337 -32.1607 4.4
      vertex 107.176 -32.1926 -5.72205e-07
      vertex 107.337 -32.1607 -5.72205e-07
    endloop
  endfacet
  facet normal -0.65911 -0.752046 0
    outer loop
      vertex 108.261 -32.4083 -5.72205e-07
      vertex 108.384 -32.5161 4.4
      vertex 108.261 -32.4083 4.4
    endloop
  endfacet
  facet normal -0.65911 -0.752046 -0
    outer loop
      vertex 108.384 -32.5161 4.4
      vertex 108.261 -32.4083 -5.72205e-07
      vertex 108.384 -32.5161 -5.72205e-07
    endloop
  endfacet
  facet normal -0.997736 0.0672494 0
    outer loop
      vertex 108.739 -33.5632 -5.72205e-07
      vertex 108.75 -33.4 4.4
      vertex 108.75 -33.4 -5.72205e-07
    endloop
  endfacet
  facet normal -0.997736 0.0672494 0
    outer loop
      vertex 108.75 -33.4 4.4
      vertex 108.739 -33.5632 -5.72205e-07
      vertex 108.739 -33.5632 4.4
    endloop
  endfacet
  facet normal -0.441344 -0.897338 0
    outer loop
      vertex 107.978 -32.2452 -5.72205e-07
      vertex 108.125 -32.3175 4.4
      vertex 107.978 -32.2452 4.4
    endloop
  endfacet
  facet normal -0.441344 -0.897338 -0
    outer loop
      vertex 108.125 -32.3175 4.4
      vertex 107.978 -32.2452 -5.72205e-07
      vertex 108.125 -32.3175 -5.72205e-07
    endloop
  endfacet
  facet normal 0.323224 0.946322 -0
    outer loop
      vertex 107.176 -34.6074 -5.72205e-07
      vertex 107.022 -34.5548 4.4
      vertex 107.176 -34.6074 4.4
    endloop
  endfacet
  facet normal 0.323224 0.946322 0
    outer loop
      vertex 107.022 -34.5548 4.4
      vertex 107.176 -34.6074 -5.72205e-07
      vertex 107.022 -34.5548 -5.72205e-07
    endloop
  endfacet
  facet normal 0.980651 -0.195763 0
    outer loop
      vertex 106.261 -33.2368 4.4
      vertex 106.293 -33.0765 -5.72205e-07
      vertex 106.293 -33.0765 4.4
    endloop
  endfacet
  facet normal 0.980651 -0.195763 0
    outer loop
      vertex 106.293 -33.0765 -5.72205e-07
      vertex 106.261 -33.2368 4.4
      vertex 106.261 -33.2368 -5.72205e-07
    endloop
  endfacet
  facet normal 0.0655032 -0.997852 0
    outer loop
      vertex 107.337 -32.1607 -5.72205e-07
      vertex 107.5 -32.15 4.4
      vertex 107.337 -32.1607 4.4
    endloop
  endfacet
  facet normal 0.0655032 -0.997852 0
    outer loop
      vertex 107.5 -32.15 4.4
      vertex 107.337 -32.1607 -5.72205e-07
      vertex 107.5 -32.15 -5.72205e-07
    endloop
  endfacet
  facet normal 0.194358 0.980931 -0
    outer loop
      vertex 107.337 -34.6393 -5.72205e-07
      vertex 107.176 -34.6074 4.4
      vertex 107.337 -34.6393 4.4
    endloop
  endfacet
  facet normal 0.194358 0.980931 0
    outer loop
      vertex 107.176 -34.6074 4.4
      vertex 107.337 -34.6393 -5.72205e-07
      vertex 107.176 -34.6074 -5.72205e-07
    endloop
  endfacet
  facet normal -0.948008 0.318247 0
    outer loop
      vertex 108.655 -33.8784 -5.72205e-07
      vertex 108.707 -33.7235 4.4
      vertex 108.707 -33.7235 -5.72205e-07
    endloop
  endfacet
  facet normal -0.948008 0.318247 0
    outer loop
      vertex 108.707 -33.7235 4.4
      vertex 108.655 -33.8784 -5.72205e-07
      vertex 108.655 -33.8784 4.4
    endloop
  endfacet
  facet normal -0.831109 -0.55611 0
    outer loop
      vertex 108.583 -32.775 -5.72205e-07
      vertex 108.492 -32.639 4.4
      vertex 108.492 -32.639 -5.72205e-07
    endloop
  endfacet
  facet normal -0.831109 -0.55611 0
    outer loop
      vertex 108.492 -32.639 4.4
      vertex 108.583 -32.775 -5.72205e-07
      vertex 108.583 -32.775 4.4
    endloop
  endfacet
  facet normal -0.751174 -0.660104 0
    outer loop
      vertex 108.492 -32.639 -5.72205e-07
      vertex 108.384 -32.5161 4.4
      vertex 108.384 -32.5161 -5.72205e-07
    endloop
  endfacet
  facet normal -0.751174 -0.660104 0
    outer loop
      vertex 108.384 -32.5161 4.4
      vertex 108.492 -32.639 -5.72205e-07
      vertex 108.492 -32.639 4.4
    endloop
  endfacet
  facet normal 0.897588 0.440835 0
    outer loop
      vertex 106.417 -34.025 4.4
      vertex 106.345 -33.8784 -5.72205e-07
      vertex 106.345 -33.8784 4.4
    endloop
  endfacet
  facet normal 0.897588 0.440835 0
    outer loop
      vertex 106.345 -33.8784 -5.72205e-07
      vertex 106.417 -34.025 4.4
      vertex 106.417 -34.025 -5.72205e-07
    endloop
  endfacet
  facet normal -0.897588 0.440835 0
    outer loop
      vertex 108.583 -34.025 -5.72205e-07
      vertex 108.655 -33.8784 4.4
      vertex 108.655 -33.8784 -5.72205e-07
    endloop
  endfacet
  facet normal -0.897588 0.440835 0
    outer loop
      vertex 108.655 -33.8784 4.4
      vertex 108.583 -34.025 -5.72205e-07
      vertex 108.583 -34.025 4.4
    endloop
  endfacet
  facet normal 0.75144 0.659801 0
    outer loop
      vertex 106.616 -34.2839 4.4
      vertex 106.508 -34.1609 -5.72205e-07
      vertex 106.508 -34.1609 4.4
    endloop
  endfacet
  facet normal 0.75144 0.659801 0
    outer loop
      vertex 106.508 -34.1609 -5.72205e-07
      vertex 106.616 -34.2839 4.4
      vertex 106.616 -34.2839 -5.72205e-07
    endloop
  endfacet
  facet normal -0.83092 0.556392 0
    outer loop
      vertex 108.492 -34.1609 -5.72205e-07
      vertex 108.583 -34.025 4.4
      vertex 108.583 -34.025 -5.72205e-07
    endloop
  endfacet
  facet normal -0.83092 0.556392 0
    outer loop
      vertex 108.583 -34.025 4.4
      vertex 108.492 -34.1609 -5.72205e-07
      vertex 108.492 -34.1609 4.4
    endloop
  endfacet
  facet normal 0.751174 -0.660104 0
    outer loop
      vertex 106.508 -32.639 4.4
      vertex 106.616 -32.5161 -5.72205e-07
      vertex 106.616 -32.5161 4.4
    endloop
  endfacet
  facet normal 0.751174 -0.660104 0
    outer loop
      vertex 106.616 -32.5161 -5.72205e-07
      vertex 106.508 -32.639 4.4
      vertex 106.508 -32.639 -5.72205e-07
    endloop
  endfacet
  facet normal -0.0655032 -0.997852 0
    outer loop
      vertex 107.5 -32.15 -5.72205e-07
      vertex 107.663 -32.1607 4.4
      vertex 107.5 -32.15 4.4
    endloop
  endfacet
  facet normal -0.0655032 -0.997852 -0
    outer loop
      vertex 107.663 -32.1607 4.4
      vertex 107.5 -32.15 -5.72205e-07
      vertex 107.663 -32.1607 -5.72205e-07
    endloop
  endfacet
  facet normal -0.555265 -0.831674 0
    outer loop
      vertex 108.125 -32.3175 -5.72205e-07
      vertex 108.261 -32.4083 4.4
      vertex 108.125 -32.3175 4.4
    endloop
  endfacet
  facet normal -0.555265 -0.831674 -0
    outer loop
      vertex 108.261 -32.4083 4.4
      vertex 108.125 -32.3175 -5.72205e-07
      vertex 108.261 -32.4083 -5.72205e-07
    endloop
  endfacet
  facet normal 0.441344 0.897338 -0
    outer loop
      vertex 107.022 -34.5548 -5.72205e-07
      vertex 106.875 -34.4825 4.4
      vertex 107.022 -34.5548 4.4
    endloop
  endfacet
  facet normal 0.441344 0.897338 0
    outer loop
      vertex 106.875 -34.4825 4.4
      vertex 107.022 -34.5548 -5.72205e-07
      vertex 106.875 -34.4825 -5.72205e-07
    endloop
  endfacet
  facet normal 0.83092 0.556392 0
    outer loop
      vertex 106.508 -34.1609 4.4
      vertex 106.417 -34.025 -5.72205e-07
      vertex 106.417 -34.025 4.4
    endloop
  endfacet
  facet normal 0.83092 0.556392 0
    outer loop
      vertex 106.417 -34.025 -5.72205e-07
      vertex 106.508 -34.1609 4.4
      vertex 106.508 -34.1609 -5.72205e-07
    endloop
  endfacet
  facet normal 0.980651 0.195763 0
    outer loop
      vertex 106.293 -33.7235 4.4
      vertex 106.261 -33.5632 -5.72205e-07
      vertex 106.261 -33.5632 4.4
    endloop
  endfacet
  facet normal 0.980651 0.195763 0
    outer loop
      vertex 106.261 -33.5632 -5.72205e-07
      vertex 106.293 -33.7235 4.4
      vertex 106.293 -33.7235 -5.72205e-07
    endloop
  endfacet
  facet normal 0.65911 0.752046 -0
    outer loop
      vertex 106.739 -34.3917 -5.72205e-07
      vertex 106.616 -34.2839 4.4
      vertex 106.739 -34.3917 4.4
    endloop
  endfacet
  facet normal 0.65911 0.752046 0
    outer loop
      vertex 106.616 -34.2839 4.4
      vertex 106.739 -34.3917 -5.72205e-07
      vertex 106.616 -34.2839 -5.72205e-07
    endloop
  endfacet
  facet normal 0.897588 -0.440835 0
    outer loop
      vertex 106.345 -32.9216 4.4
      vertex 106.417 -32.775 -5.72205e-07
      vertex 106.417 -32.775 4.4
    endloop
  endfacet
  facet normal 0.897588 -0.440835 0
    outer loop
      vertex 106.417 -32.775 -5.72205e-07
      vertex 106.345 -32.9216 4.4
      vertex 106.345 -32.9216 -5.72205e-07
    endloop
  endfacet
  facet normal 0.997736 0.0672494 0
    outer loop
      vertex 106.261 -33.5632 4.4
      vertex 106.25 -33.4 -5.72205e-07
      vertex 106.25 -33.4 4.4
    endloop
  endfacet
  facet normal 0.997736 0.0672494 0
    outer loop
      vertex 106.25 -33.4 -5.72205e-07
      vertex 106.261 -33.5632 4.4
      vertex 106.261 -33.5632 -5.72205e-07
    endloop
  endfacet
  facet normal -0.555265 0.831674 0
    outer loop
      vertex 108.261 -34.3917 -5.72205e-07
      vertex 108.125 -34.4825 4.4
      vertex 108.261 -34.3917 4.4
    endloop
  endfacet
  facet normal -0.555265 0.831674 0
    outer loop
      vertex 108.125 -34.4825 4.4
      vertex 108.261 -34.3917 -5.72205e-07
      vertex 108.125 -34.4825 -5.72205e-07
    endloop
  endfacet
  facet normal 0.555265 0.831674 -0
    outer loop
      vertex 106.875 -34.4825 -5.72205e-07
      vertex 106.739 -34.3917 4.4
      vertex 106.875 -34.4825 4.4
    endloop
  endfacet
  facet normal 0.555265 0.831674 0
    outer loop
      vertex 106.739 -34.3917 4.4
      vertex 106.875 -34.4825 -5.72205e-07
      vertex 106.739 -34.3917 -5.72205e-07
    endloop
  endfacet
  facet normal 0.662092 -0.264837 0.701067
    outer loop
      vertex 105.799 -32.6983 5
      vertex 106.345 -32.9216 4.4
      vertex 105.8 -32.6958 5
    endloop
  endfacet
  facet normal 0.676698 -0.227168 0.700339
    outer loop
      vertex 106.345 -32.9216 4.4
      vertex 105.799 -32.6983 5
      vertex 106.293 -33.0765 4.4
    endloop
  endfacet
  facet normal 0.228854 -0.676091 0.700376
    outer loop
      vertex 107.176 -32.1926 4.4
      vertex 107.024 -31.6225 5
      vertex 106.798 -31.699 5
    endloop
  endfacet
  facet normal 0.138712 -0.700084 0.700458
    outer loop
      vertex 107.026 -31.622 5
      vertex 107.176 -32.1926 4.4
      vertex 107.337 -32.1607 4.4
    endloop
  endfacet
  facet normal 0.172942 -0.691767 0.701106
    outer loop
      vertex 107.176 -32.1926 4.4
      vertex 107.026 -31.622 5
      vertex 107.024 -31.6225 5
    endloop
  endfacet
  facet normal 0.669983 -0.248142 0.699677
    outer loop
      vertex 105.722 -32.9264 5
      vertex 106.293 -33.0765 4.4
      vertex 105.723 -32.9237 5
    endloop
  endfacet
  facet normal 0.699615 -0.139661 0.700738
    outer loop
      vertex 106.293 -33.0765 4.4
      vertex 105.722 -32.9264 5
      vertex 106.261 -33.2368 4.4
    endloop
  endfacet
  facet normal -0.712302 -0.0449875 0.70043
    outer loop
      vertex 109.34 -33.4 5
      vertex 109.325 -33.1625 5
      vertex 108.75 -33.4 4.4
    endloop
  endfacet
  facet normal -0.67686 -0.250689 0.69211
    outer loop
      vertex 108.739 -33.2368 4.4
      vertex 109.325 -33.1625 5
      vertex 109.324 -33.1598 5
    endloop
  endfacet
  facet normal -0.711605 -0.0479636 0.700941
    outer loop
      vertex 109.325 -33.1625 5
      vertex 108.739 -33.2368 4.4
      vertex 108.75 -33.4 4.4
    endloop
  endfacet
  facet normal -0.228854 -0.676091 0.700376
    outer loop
      vertex 108.202 -31.699 5
      vertex 107.976 -31.6225 5
      vertex 107.824 -32.1926 4.4
    endloop
  endfacet
  facet normal -0.592425 0.398143 0.700368
    outer loop
      vertex 108.961 -34.518 5
      vertex 109.094 -34.3201 5
      vertex 108.583 -34.025 4.4
    endloop
  endfacet
  facet normal -0.536645 0.470688 0.700332
    outer loop
      vertex 108.801 -34.7012 5
      vertex 108.958 -34.5222 5
      vertex 108.384 -34.2839 4.4
    endloop
  endfacet
  facet normal -0.711605 0.0479636 0.700941
    outer loop
      vertex 108.739 -33.5632 4.4
      vertex 109.325 -33.6375 5
      vertex 108.75 -33.4 4.4
    endloop
  endfacet
  facet normal -0.67686 0.250689 0.69211
    outer loop
      vertex 109.325 -33.6375 5
      vertex 108.739 -33.5632 4.4
      vertex 109.324 -33.6402 5
    endloop
  endfacet
  facet normal 0.592425 0.398143 0.700368
    outer loop
      vertex 106.039 -34.518 5
      vertex 106.417 -34.025 4.4
      vertex 105.906 -34.3201 5
    endloop
  endfacet
  facet normal -0.228854 0.676091 0.700376
    outer loop
      vertex 107.976 -35.1775 5
      vertex 108.202 -35.101 5
      vertex 107.824 -34.6074 4.4
    endloop
  endfacet
  facet normal -0.506293 0.506293 0.698094
    outer loop
      vertex 108.492 -34.1609 4.4
      vertex 108.958 -34.5222 5
      vertex 108.96 -34.5202 5
    endloop
  endfacet
  facet normal -0.536439 0.47102 0.700267
    outer loop
      vertex 108.958 -34.5222 5
      vertex 108.492 -34.1609 4.4
      vertex 108.384 -34.2839 4.4
    endloop
  endfacet
  facet normal -0.470473 0.536811 0.700349
    outer loop
      vertex 108.261 -34.3917 4.4
      vertex 108.622 -34.8581 5
      vertex 108.384 -34.2839 4.4
    endloop
  endfacet
  facet normal -0.477716 0.530796 0.700031
    outer loop
      vertex 108.622 -34.8581 5
      vertex 108.261 -34.3917 4.4
      vertex 108.62 -34.8599 5
    endloop
  endfacet
  facet normal 0.536645 0.470688 0.700332
    outer loop
      vertex 106.199 -34.7012 5
      vertex 106.616 -34.2839 4.4
      vertex 106.042 -34.5222 5
    endloop
  endfacet
  facet normal -0.470513 0.536786 0.700341
    outer loop
      vertex 108.622 -34.8581 5
      vertex 108.801 -34.7012 5
      vertex 108.384 -34.2839 4.4
    endloop
  endfacet
  facet normal -0.593261 0.397254 0.700165
    outer loop
      vertex 108.492 -34.1609 4.4
      vertex 108.961 -34.518 5
      vertex 108.583 -34.025 4.4
    endloop
  endfacet
  facet normal -0.657421 0.298828 0.691737
    outer loop
      vertex 108.961 -34.518 5
      vertex 108.492 -34.1609 4.4
      vertex 108.96 -34.5202 5
    endloop
  endfacet
  facet normal -0.700238 0.138008 0.700443
    outer loop
      vertex 109.278 -33.8736 5
      vertex 109.324 -33.6402 5
      vertex 108.739 -33.5632 4.4
    endloop
  endfacet
  facet normal 0.676698 0.227168 0.700339
    outer loop
      vertex 105.799 -34.1017 5
      vertex 106.345 -33.8784 4.4
      vertex 106.293 -33.7235 4.4
    endloop
  endfacet
  facet normal 0.662092 0.264837 0.701067
    outer loop
      vertex 106.345 -33.8784 4.4
      vertex 105.799 -34.1017 5
      vertex 105.8 -34.1042 5
    endloop
  endfacet
  facet normal -0.172942 0.691767 0.701106
    outer loop
      vertex 107.824 -34.6074 4.4
      vertex 107.974 -35.178 5
      vertex 107.976 -35.1775 5
    endloop
  endfacet
  facet normal -0.138712 0.700084 0.700458
    outer loop
      vertex 107.974 -35.178 5
      vertex 107.824 -34.6074 4.4
      vertex 107.663 -34.6393 4.4
    endloop
  endfacet
  facet normal -0.046746 -0.712112 0.700508
    outer loop
      vertex 107.663 -32.1607 4.4
      vertex 107.738 -31.5754 5
      vertex 107.5 -32.15 4.4
    endloop
  endfacet
  facet normal -0.0709569 -0.709569 0.701054
    outer loop
      vertex 107.738 -31.5754 5
      vertex 107.663 -32.1607 4.4
      vertex 107.74 -31.5756 5
    endloop
  endfacet
  facet normal -0.427828 0.570438 0.701116
    outer loop
      vertex 108.261 -34.3917 4.4
      vertex 108.618 -34.8614 5
      vertex 108.62 -34.8599 5
    endloop
  endfacet
  facet normal -0.396291 0.593563 0.700454
    outer loop
      vertex 108.618 -34.8614 5
      vertex 108.261 -34.3917 4.4
      vertex 108.125 -34.4825 4.4
    endloop
  endfacet
  facet normal 0.712302 -0.0449875 0.70043
    outer loop
      vertex 106.25 -33.4 4.4
      vertex 105.675 -33.1625 5
      vertex 105.66 -33.4 5
    endloop
  endfacet
  facet normal -0.676698 0.227168 0.700339
    outer loop
      vertex 108.655 -33.8784 4.4
      vertex 109.201 -34.1017 5
      vertex 108.707 -33.7235 4.4
    endloop
  endfacet
  facet normal -0.662092 0.264837 0.701067
    outer loop
      vertex 109.201 -34.1017 5
      vertex 108.655 -33.8784 4.4
      vertex 109.2 -34.1042 5
    endloop
  endfacet
  facet normal -0.172942 -0.691767 0.701106
    outer loop
      vertex 107.974 -31.622 5
      vertex 107.824 -32.1926 4.4
      vertex 107.976 -31.6225 5
    endloop
  endfacet
  facet normal -0.138712 -0.700084 0.700458
    outer loop
      vertex 107.824 -32.1926 4.4
      vertex 107.974 -31.622 5
      vertex 107.663 -32.1607 4.4
    endloop
  endfacet
  facet normal -0.592425 -0.398143 0.700368
    outer loop
      vertex 109.094 -32.4799 5
      vertex 108.961 -32.282 5
      vertex 108.583 -32.775 4.4
    endloop
  endfacet
  facet normal 0.0466773 0.712128 0.700496
    outer loop
      vertex 107.5 -35.2402 5
      vertex 107.5 -34.65 4.4
      vertex 107.262 -35.2246 5
    endloop
  endfacet
  facet normal 0.138813 0.700046 0.700476
    outer loop
      vertex 107.26 -35.2244 5
      vertex 107.337 -34.6393 4.4
      vertex 107.026 -35.178 5
    endloop
  endfacet
  facet normal -0.658218 0.274257 0.701093
    outer loop
      vertex 108.655 -33.8784 4.4
      vertex 109.199 -34.1066 5
      vertex 109.2 -34.1042 5
    endloop
  endfacet
  facet normal -0.640596 0.314617 0.700466
    outer loop
      vertex 109.199 -34.1066 5
      vertex 108.655 -33.8784 4.4
      vertex 108.583 -34.025 4.4
    endloop
  endfacet
  facet normal 0.046746 0.712112 0.700508
    outer loop
      vertex 107.337 -34.6393 4.4
      vertex 107.262 -35.2246 5
      vertex 107.5 -34.65 4.4
    endloop
  endfacet
  facet normal 0.0709569 0.709569 0.701054
    outer loop
      vertex 107.262 -35.2246 5
      vertex 107.337 -34.6393 4.4
      vertex 107.26 -35.2244 5
    endloop
  endfacet
  facet normal -0.0466773 0.712128 0.700496
    outer loop
      vertex 107.5 -35.2402 5
      vertex 107.738 -35.2246 5
      vertex 107.5 -34.65 4.4
    endloop
  endfacet
  facet normal 0.536285 -0.471268 0.700218
    outer loop
      vertex 106.042 -32.2778 5
      vertex 106.508 -32.639 4.4
      vertex 106.616 -32.5161 4.4
    endloop
  endfacet
  facet normal 0.506323 -0.506323 0.69805
    outer loop
      vertex 106.508 -32.639 4.4
      vertex 106.042 -32.2778 5
      vertex 106.04 -32.2798 5
    endloop
  endfacet
  facet normal 0.676245 -0.228015 0.700501
    outer loop
      vertex 106.293 -33.0765 4.4
      vertex 105.799 -32.6983 5
      vertex 105.723 -32.9237 5
    endloop
  endfacet
  facet normal -0.676245 0.228015 0.700501
    outer loop
      vertex 109.201 -34.1017 5
      vertex 109.277 -33.8763 5
      vertex 108.707 -33.7235 4.4
    endloop
  endfacet
  facet normal -0.712302 0.0449875 0.70043
    outer loop
      vertex 109.325 -33.6375 5
      vertex 109.34 -33.4 5
      vertex 108.75 -33.4 4.4
    endloop
  endfacet
  facet normal -0.470513 -0.536786 0.700341
    outer loop
      vertex 108.801 -32.0988 5
      vertex 108.622 -31.9419 5
      vertex 108.384 -32.5161 4.4
    endloop
  endfacet
  facet normal -0.292597 0.650214 0.701148
    outer loop
      vertex 107.978 -34.5548 4.4
      vertex 108.202 -35.101 5
      vertex 108.204 -35.1001 5
    endloop
  endfacet
  facet normal -0.230604 0.675153 0.700707
    outer loop
      vertex 108.202 -35.101 5
      vertex 107.978 -34.5548 4.4
      vertex 107.824 -34.6074 4.4
    endloop
  endfacet
  facet normal 0.593261 0.397254 0.700165
    outer loop
      vertex 106.039 -34.518 5
      vertex 106.508 -34.1609 4.4
      vertex 106.417 -34.025 4.4
    endloop
  endfacet
  facet normal 0.657421 0.298828 0.691737
    outer loop
      vertex 106.508 -34.1609 4.4
      vertex 106.039 -34.518 5
      vertex 106.04 -34.5202 5
    endloop
  endfacet
  facet normal -0.31487 0.640192 0.700722
    outer loop
      vertex 107.978 -34.5548 4.4
      vertex 108.207 -35.0989 5
      vertex 108.125 -34.4825 4.4
    endloop
  endfacet
  facet normal -0.264759 0.661898 0.70128
    outer loop
      vertex 108.207 -35.0989 5
      vertex 107.978 -34.5548 4.4
      vertex 108.204 -35.1001 5
    endloop
  endfacet
  facet normal 0.700238 0.138008 0.700443
    outer loop
      vertex 105.722 -33.8736 5
      vertex 106.261 -33.5632 4.4
      vertex 105.676 -33.6402 5
    endloop
  endfacet
  facet normal -0.316278 0.639765 0.700477
    outer loop
      vertex 108.207 -35.0989 5
      vertex 108.42 -34.9936 5
      vertex 108.125 -34.4825 4.4
    endloop
  endfacet
  facet normal -0.396302 0.593553 0.700457
    outer loop
      vertex 108.42 -34.9936 5
      vertex 108.618 -34.8614 5
      vertex 108.125 -34.4825 4.4
    endloop
  endfacet
  facet normal 0.657444 -0.298838 0.691711
    outer loop
      vertex 106.039 -32.282 5
      vertex 106.508 -32.639 4.4
      vertex 106.04 -32.2798 5
    endloop
  endfacet
  facet normal 0.59343 -0.397074 0.700124
    outer loop
      vertex 106.508 -32.639 4.4
      vertex 106.039 -32.282 5
      vertex 106.417 -32.775 4.4
    endloop
  endfacet
  facet normal -0.427828 -0.570438 0.701116
    outer loop
      vertex 108.618 -31.9386 5
      vertex 108.261 -32.4083 4.4
      vertex 108.62 -31.9401 5
    endloop
  endfacet
  facet normal -0.396291 -0.593563 0.700454
    outer loop
      vertex 108.261 -32.4083 4.4
      vertex 108.618 -31.9386 5
      vertex 108.125 -32.3175 4.4
    endloop
  endfacet
  facet normal -0.699615 0.139661 0.700738
    outer loop
      vertex 108.707 -33.7235 4.4
      vertex 109.278 -33.8736 5
      vertex 108.739 -33.5632 4.4
    endloop
  endfacet
  facet normal -0.669983 0.248142 0.699677
    outer loop
      vertex 109.278 -33.8736 5
      vertex 108.707 -33.7235 4.4
      vertex 109.277 -33.8763 5
    endloop
  endfacet
  facet normal 0.536645 -0.470688 0.700332
    outer loop
      vertex 106.616 -32.5161 4.4
      vertex 106.199 -32.0988 5
      vertex 106.042 -32.2778 5
    endloop
  endfacet
  facet normal 0.536439 0.47102 0.700267
    outer loop
      vertex 106.508 -34.1609 4.4
      vertex 106.042 -34.5222 5
      vertex 106.616 -34.2839 4.4
    endloop
  endfacet
  facet normal 0.506293 0.506293 0.698094
    outer loop
      vertex 106.042 -34.5222 5
      vertex 106.508 -34.1609 4.4
      vertex 106.04 -34.5202 5
    endloop
  endfacet
  facet normal 0.316278 -0.639765 0.700477
    outer loop
      vertex 106.875 -32.3175 4.4
      vertex 106.793 -31.7011 5
      vertex 106.58 -31.8064 5
    endloop
  endfacet
  facet normal -0.657444 -0.298838 0.691711
    outer loop
      vertex 108.492 -32.639 4.4
      vertex 108.961 -32.282 5
      vertex 108.96 -32.2798 5
    endloop
  endfacet
  facet normal -0.59343 -0.397074 0.700124
    outer loop
      vertex 108.961 -32.282 5
      vertex 108.492 -32.639 4.4
      vertex 108.583 -32.775 4.4
    endloop
  endfacet
  facet normal -0.264759 -0.661898 0.70128
    outer loop
      vertex 107.978 -32.2452 4.4
      vertex 108.207 -31.7011 5
      vertex 108.204 -31.6999 5
    endloop
  endfacet
  facet normal -0.31487 -0.640192 0.700722
    outer loop
      vertex 108.207 -31.7011 5
      vertex 107.978 -32.2452 4.4
      vertex 108.125 -32.3175 4.4
    endloop
  endfacet
  facet normal -0.640483 0.314992 0.700401
    outer loop
      vertex 109.094 -34.3201 5
      vertex 109.199 -34.1066 5
      vertex 108.583 -34.025 4.4
    endloop
  endfacet
  facet normal 0.640483 -0.314992 0.700401
    outer loop
      vertex 106.417 -32.775 4.4
      vertex 105.906 -32.4799 5
      vertex 105.801 -32.6934 5
    endloop
  endfacet
  facet normal 0.676245 0.228015 0.700501
    outer loop
      vertex 105.799 -34.1017 5
      vertex 106.293 -33.7235 4.4
      vertex 105.723 -33.8763 5
    endloop
  endfacet
  facet normal 0.699615 0.139661 0.700738
    outer loop
      vertex 105.722 -33.8736 5
      vertex 106.293 -33.7235 4.4
      vertex 106.261 -33.5632 4.4
    endloop
  endfacet
  facet normal 0.669983 0.248142 0.699677
    outer loop
      vertex 106.293 -33.7235 4.4
      vertex 105.722 -33.8736 5
      vertex 105.723 -33.8763 5
    endloop
  endfacet
  facet normal -0.138813 0.700046 0.700476
    outer loop
      vertex 107.74 -35.2244 5
      vertex 107.974 -35.178 5
      vertex 107.663 -34.6393 4.4
    endloop
  endfacet
  facet normal -0.0709569 0.709569 0.701054
    outer loop
      vertex 107.663 -34.6393 4.4
      vertex 107.738 -35.2246 5
      vertex 107.74 -35.2244 5
    endloop
  endfacet
  facet normal -0.046746 0.712112 0.700508
    outer loop
      vertex 107.738 -35.2246 5
      vertex 107.663 -34.6393 4.4
      vertex 107.5 -34.65 4.4
    endloop
  endfacet
  facet normal 0.470473 0.536811 0.700349
    outer loop
      vertex 106.378 -34.8581 5
      vertex 106.739 -34.3917 4.4
      vertex 106.616 -34.2839 4.4
    endloop
  endfacet
  facet normal 0.477716 0.530796 0.700031
    outer loop
      vertex 106.739 -34.3917 4.4
      vertex 106.378 -34.8581 5
      vertex 106.38 -34.8599 5
    endloop
  endfacet
  facet normal 0.470513 0.536786 0.700341
    outer loop
      vertex 106.378 -34.8581 5
      vertex 106.616 -34.2839 4.4
      vertex 106.199 -34.7012 5
    endloop
  endfacet
  facet normal 0.396291 -0.593563 0.700454
    outer loop
      vertex 106.382 -31.9386 5
      vertex 106.739 -32.4083 4.4
      vertex 106.875 -32.3175 4.4
    endloop
  endfacet
  facet normal 0.427828 -0.570438 0.701116
    outer loop
      vertex 106.739 -32.4083 4.4
      vertex 106.382 -31.9386 5
      vertex 106.38 -31.9401 5
    endloop
  endfacet
  facet normal 0.67686 -0.250689 0.69211
    outer loop
      vertex 105.675 -33.1625 5
      vertex 106.261 -33.2368 4.4
      vertex 105.676 -33.1598 5
    endloop
  endfacet
  facet normal 0.711605 -0.0479636 0.700941
    outer loop
      vertex 106.261 -33.2368 4.4
      vertex 105.675 -33.1625 5
      vertex 106.25 -33.4 4.4
    endloop
  endfacet
  facet normal -0.506323 -0.506323 0.69805
    outer loop
      vertex 108.958 -32.2778 5
      vertex 108.492 -32.639 4.4
      vertex 108.96 -32.2798 5
    endloop
  endfacet
  facet normal -0.536285 -0.471268 0.700218
    outer loop
      vertex 108.492 -32.639 4.4
      vertex 108.958 -32.2778 5
      vertex 108.384 -32.5161 4.4
    endloop
  endfacet
  facet normal 0.700238 -0.138008 0.700443
    outer loop
      vertex 106.261 -33.2368 4.4
      vertex 105.722 -32.9264 5
      vertex 105.676 -33.1598 5
    endloop
  endfacet
  facet normal 0.138813 -0.700046 0.700476
    outer loop
      vertex 107.337 -32.1607 4.4
      vertex 107.26 -31.5756 5
      vertex 107.026 -31.622 5
    endloop
  endfacet
  facet normal 0.711605 0.0479636 0.700941
    outer loop
      vertex 105.675 -33.6375 5
      vertex 106.261 -33.5632 4.4
      vertex 106.25 -33.4 4.4
    endloop
  endfacet
  facet normal 0.67686 0.250689 0.69211
    outer loop
      vertex 106.261 -33.5632 4.4
      vertex 105.675 -33.6375 5
      vertex 105.676 -33.6402 5
    endloop
  endfacet
  facet normal -0.640483 -0.314992 0.700401
    outer loop
      vertex 109.199 -32.6934 5
      vertex 109.094 -32.4799 5
      vertex 108.583 -32.775 4.4
    endloop
  endfacet
  facet normal -0.396302 -0.593553 0.700457
    outer loop
      vertex 108.618 -31.9386 5
      vertex 108.42 -31.8064 5
      vertex 108.125 -32.3175 4.4
    endloop
  endfacet
  facet normal -0.658218 -0.274257 0.701093
    outer loop
      vertex 109.199 -32.6934 5
      vertex 108.655 -32.9216 4.4
      vertex 109.2 -32.6958 5
    endloop
  endfacet
  facet normal -0.640596 -0.314617 0.700466
    outer loop
      vertex 108.655 -32.9216 4.4
      vertex 109.199 -32.6934 5
      vertex 108.583 -32.775 4.4
    endloop
  endfacet
  facet normal 0.230604 0.675153 0.700707
    outer loop
      vertex 107.022 -34.5548 4.4
      vertex 106.798 -35.101 5
      vertex 107.176 -34.6074 4.4
    endloop
  endfacet
  facet normal 0.292597 0.650214 0.701148
    outer loop
      vertex 106.798 -35.101 5
      vertex 107.022 -34.5548 4.4
      vertex 106.796 -35.1001 5
    endloop
  endfacet
  facet normal 0.640596 0.314617 0.700466
    outer loop
      vertex 106.345 -33.8784 4.4
      vertex 105.801 -34.1066 5
      vertex 106.417 -34.025 4.4
    endloop
  endfacet
  facet normal 0.658218 0.274257 0.701093
    outer loop
      vertex 105.801 -34.1066 5
      vertex 106.345 -33.8784 4.4
      vertex 105.8 -34.1042 5
    endloop
  endfacet
  facet normal 0.640483 0.314992 0.700401
    outer loop
      vertex 105.906 -34.3201 5
      vertex 106.417 -34.025 4.4
      vertex 105.801 -34.1066 5
    endloop
  endfacet
  facet normal -0.536645 -0.470688 0.700332
    outer loop
      vertex 108.958 -32.2778 5
      vertex 108.801 -32.0988 5
      vertex 108.384 -32.5161 4.4
    endloop
  endfacet
  facet normal -0.316278 -0.639765 0.700477
    outer loop
      vertex 108.42 -31.8064 5
      vertex 108.207 -31.7011 5
      vertex 108.125 -32.3175 4.4
    endloop
  endfacet
  facet normal -0.477716 -0.530796 0.700031
    outer loop
      vertex 108.261 -32.4083 4.4
      vertex 108.622 -31.9419 5
      vertex 108.62 -31.9401 5
    endloop
  endfacet
  facet normal -0.470473 -0.536811 0.700349
    outer loop
      vertex 108.622 -31.9419 5
      vertex 108.261 -32.4083 4.4
      vertex 108.384 -32.5161 4.4
    endloop
  endfacet
  facet normal 0.138712 0.700084 0.700458
    outer loop
      vertex 107.176 -34.6074 4.4
      vertex 107.026 -35.178 5
      vertex 107.337 -34.6393 4.4
    endloop
  endfacet
  facet normal 0.172942 0.691767 0.701106
    outer loop
      vertex 107.026 -35.178 5
      vertex 107.176 -34.6074 4.4
      vertex 107.024 -35.1775 5
    endloop
  endfacet
  facet normal 0.396302 -0.593553 0.700457
    outer loop
      vertex 106.875 -32.3175 4.4
      vertex 106.58 -31.8064 5
      vertex 106.382 -31.9386 5
    endloop
  endfacet
  facet normal 0.712302 0.0449875 0.70043
    outer loop
      vertex 105.675 -33.6375 5
      vertex 106.25 -33.4 4.4
      vertex 105.66 -33.4 5
    endloop
  endfacet
  facet normal 0.592425 -0.398143 0.700368
    outer loop
      vertex 106.417 -32.775 4.4
      vertex 106.039 -32.282 5
      vertex 105.906 -32.4799 5
    endloop
  endfacet
  facet normal 0.31487 0.640192 0.700722
    outer loop
      vertex 106.793 -35.0989 5
      vertex 107.022 -34.5548 4.4
      vertex 106.875 -34.4825 4.4
    endloop
  endfacet
  facet normal 0.264759 0.661898 0.70128
    outer loop
      vertex 107.022 -34.5548 4.4
      vertex 106.793 -35.0989 5
      vertex 106.796 -35.1001 5
    endloop
  endfacet
  facet normal 0.228854 0.676091 0.700376
    outer loop
      vertex 107.024 -35.1775 5
      vertex 107.176 -34.6074 4.4
      vertex 106.798 -35.101 5
    endloop
  endfacet
  facet normal 0.0466773 -0.712128 0.700496
    outer loop
      vertex 107.5 -32.15 4.4
      vertex 107.5 -31.5598 5
      vertex 107.262 -31.5754 5
    endloop
  endfacet
  facet normal 0.470513 -0.536786 0.700341
    outer loop
      vertex 106.616 -32.5161 4.4
      vertex 106.378 -31.9419 5
      vertex 106.199 -32.0988 5
    endloop
  endfacet
  facet normal -0.0466773 -0.712128 0.700496
    outer loop
      vertex 107.738 -31.5754 5
      vertex 107.5 -31.5598 5
      vertex 107.5 -32.15 4.4
    endloop
  endfacet
  facet normal 0.316278 0.639765 0.700477
    outer loop
      vertex 106.793 -35.0989 5
      vertex 106.875 -34.4825 4.4
      vertex 106.58 -34.9936 5
    endloop
  endfacet
  facet normal 0.396302 0.593553 0.700457
    outer loop
      vertex 106.58 -34.9936 5
      vertex 106.875 -34.4825 4.4
      vertex 106.382 -34.8614 5
    endloop
  endfacet
  facet normal 0.396291 0.593563 0.700454
    outer loop
      vertex 106.739 -34.3917 4.4
      vertex 106.382 -34.8614 5
      vertex 106.875 -34.4825 4.4
    endloop
  endfacet
  facet normal 0.427828 0.570438 0.701116
    outer loop
      vertex 106.382 -34.8614 5
      vertex 106.739 -34.3917 4.4
      vertex 106.38 -34.8599 5
    endloop
  endfacet
  facet normal 0.477716 -0.530796 0.700031
    outer loop
      vertex 106.378 -31.9419 5
      vertex 106.739 -32.4083 4.4
      vertex 106.38 -31.9401 5
    endloop
  endfacet
  facet normal 0.470473 -0.536811 0.700349
    outer loop
      vertex 106.739 -32.4083 4.4
      vertex 106.378 -31.9419 5
      vertex 106.616 -32.5161 4.4
    endloop
  endfacet
  facet normal -0.292597 -0.650214 0.701148
    outer loop
      vertex 108.202 -31.699 5
      vertex 107.978 -32.2452 4.4
      vertex 108.204 -31.6999 5
    endloop
  endfacet
  facet normal -0.230604 -0.675153 0.700707
    outer loop
      vertex 107.978 -32.2452 4.4
      vertex 108.202 -31.699 5
      vertex 107.824 -32.1926 4.4
    endloop
  endfacet
  facet normal 0.640596 -0.314617 0.700466
    outer loop
      vertex 105.801 -32.6934 5
      vertex 106.345 -32.9216 4.4
      vertex 106.417 -32.775 4.4
    endloop
  endfacet
  facet normal 0.658218 -0.274257 0.701093
    outer loop
      vertex 106.345 -32.9216 4.4
      vertex 105.801 -32.6934 5
      vertex 105.8 -32.6958 5
    endloop
  endfacet
  facet normal 0.230604 -0.675153 0.700707
    outer loop
      vertex 106.798 -31.699 5
      vertex 107.022 -32.2452 4.4
      vertex 107.176 -32.1926 4.4
    endloop
  endfacet
  facet normal 0.292597 -0.650214 0.701148
    outer loop
      vertex 107.022 -32.2452 4.4
      vertex 106.798 -31.699 5
      vertex 106.796 -31.6999 5
    endloop
  endfacet
  facet normal 0.264759 -0.661898 0.70128
    outer loop
      vertex 106.793 -31.7011 5
      vertex 107.022 -32.2452 4.4
      vertex 106.796 -31.6999 5
    endloop
  endfacet
  facet normal 0.31487 -0.640192 0.700722
    outer loop
      vertex 107.022 -32.2452 4.4
      vertex 106.793 -31.7011 5
      vertex 106.875 -32.3175 4.4
    endloop
  endfacet
  facet normal -0.669983 -0.248142 0.699677
    outer loop
      vertex 108.707 -33.0765 4.4
      vertex 109.278 -32.9264 5
      vertex 109.277 -32.9237 5
    endloop
  endfacet
  facet normal -0.699615 -0.139661 0.700738
    outer loop
      vertex 109.278 -32.9264 5
      vertex 108.707 -33.0765 4.4
      vertex 108.739 -33.2368 4.4
    endloop
  endfacet
  facet normal -0.676245 -0.228015 0.700501
    outer loop
      vertex 109.277 -32.9237 5
      vertex 109.201 -32.6983 5
      vertex 108.707 -33.0765 4.4
    endloop
  endfacet
  facet normal -0.138813 -0.700046 0.700476
    outer loop
      vertex 107.974 -31.622 5
      vertex 107.74 -31.5756 5
      vertex 107.663 -32.1607 4.4
    endloop
  endfacet
  facet normal 0.0709569 -0.709569 0.701054
    outer loop
      vertex 107.337 -32.1607 4.4
      vertex 107.262 -31.5754 5
      vertex 107.26 -31.5756 5
    endloop
  endfacet
  facet normal 0.046746 -0.712112 0.700508
    outer loop
      vertex 107.262 -31.5754 5
      vertex 107.337 -32.1607 4.4
      vertex 107.5 -32.15 4.4
    endloop
  endfacet
  facet normal -0.662092 -0.264837 0.701067
    outer loop
      vertex 108.655 -32.9216 4.4
      vertex 109.201 -32.6983 5
      vertex 109.2 -32.6958 5
    endloop
  endfacet
  facet normal -0.676698 -0.227168 0.700339
    outer loop
      vertex 109.201 -32.6983 5
      vertex 108.655 -32.9216 4.4
      vertex 108.707 -33.0765 4.4
    endloop
  endfacet
  facet normal -0.700238 -0.138008 0.700443
    outer loop
      vertex 109.324 -33.1598 5
      vertex 109.278 -32.9264 5
      vertex 108.739 -33.2368 4.4
    endloop
  endfacet
  facet normal -0.980651 0.195763 0
    outer loop
      vertex 108.707 -47.7235 -5.72205e-07
      vertex 108.739 -47.5632 4.4
      vertex 108.739 -47.5632 -5.72205e-07
    endloop
  endfacet
  facet normal -0.980651 0.195763 0
    outer loop
      vertex 108.739 -47.5632 4.4
      vertex 108.707 -47.7235 -5.72205e-07
      vertex 108.707 -47.7235 4.4
    endloop
  endfacet
  facet normal -0.980651 -0.195763 0
    outer loop
      vertex 108.739 -47.2368 -5.72205e-07
      vertex 108.707 -47.0765 4.4
      vertex 108.707 -47.0765 -5.72205e-07
    endloop
  endfacet
  facet normal -0.980651 -0.195763 0
    outer loop
      vertex 108.707 -47.0765 4.4
      vertex 108.739 -47.2368 -5.72205e-07
      vertex 108.739 -47.2368 4.4
    endloop
  endfacet
  facet normal -0.997736 -0.0672494 0
    outer loop
      vertex 108.75 -47.4 -5.72205e-07
      vertex 108.739 -47.2368 4.4
      vertex 108.739 -47.2368 -5.72205e-07
    endloop
  endfacet
  facet normal -0.997736 -0.0672494 0
    outer loop
      vertex 108.739 -47.2368 4.4
      vertex 108.75 -47.4 -5.72205e-07
      vertex 108.75 -47.4 4.4
    endloop
  endfacet
  facet normal -0.948008 -0.318247 0
    outer loop
      vertex 108.707 -47.0765 -5.72205e-07
      vertex 108.655 -46.9216 4.4
      vertex 108.655 -46.9216 -5.72205e-07
    endloop
  endfacet
  facet normal -0.948008 -0.318247 0
    outer loop
      vertex 108.655 -46.9216 4.4
      vertex 108.707 -47.0765 -5.72205e-07
      vertex 108.707 -47.0765 4.4
    endloop
  endfacet
  facet normal 0.997736 -0.0672494 0
    outer loop
      vertex 106.25 -47.4 4.4
      vertex 106.261 -47.2368 -5.72205e-07
      vertex 106.261 -47.2368 4.4
    endloop
  endfacet
  facet normal 0.997736 -0.0672494 0
    outer loop
      vertex 106.261 -47.2368 -5.72205e-07
      vertex 106.25 -47.4 4.4
      vertex 106.25 -47.4 -5.72205e-07
    endloop
  endfacet
  facet normal -0.441344 0.897338 0
    outer loop
      vertex 108.125 -48.4825 -5.72205e-07
      vertex 107.978 -48.5548 4.4
      vertex 108.125 -48.4825 4.4
    endloop
  endfacet
  facet normal -0.441344 0.897338 0
    outer loop
      vertex 107.978 -48.5548 4.4
      vertex 108.125 -48.4825 -5.72205e-07
      vertex 107.978 -48.5548 -5.72205e-07
    endloop
  endfacet
  facet normal -0.194358 -0.980931 0
    outer loop
      vertex 107.663 -46.1607 -5.72205e-07
      vertex 107.824 -46.1926 4.4
      vertex 107.663 -46.1607 4.4
    endloop
  endfacet
  facet normal -0.194358 -0.980931 -0
    outer loop
      vertex 107.824 -46.1926 4.4
      vertex 107.663 -46.1607 -5.72205e-07
      vertex 107.824 -46.1926 -5.72205e-07
    endloop
  endfacet
  facet normal -0.194358 0.980931 0
    outer loop
      vertex 107.824 -48.6074 -5.72205e-07
      vertex 107.663 -48.6393 4.4
      vertex 107.824 -48.6074 4.4
    endloop
  endfacet
  facet normal -0.194358 0.980931 0
    outer loop
      vertex 107.663 -48.6393 4.4
      vertex 107.824 -48.6074 -5.72205e-07
      vertex 107.663 -48.6393 -5.72205e-07
    endloop
  endfacet
  facet normal -0.0655032 0.997852 0
    outer loop
      vertex 107.663 -48.6393 -5.72205e-07
      vertex 107.5 -48.65 4.4
      vertex 107.663 -48.6393 4.4
    endloop
  endfacet
  facet normal -0.0655032 0.997852 0
    outer loop
      vertex 107.5 -48.65 4.4
      vertex 107.663 -48.6393 -5.72205e-07
      vertex 107.5 -48.65 -5.72205e-07
    endloop
  endfacet
  facet normal 0.65911 -0.752046 0
    outer loop
      vertex 106.616 -46.5161 -5.72205e-07
      vertex 106.739 -46.4083 4.4
      vertex 106.616 -46.5161 4.4
    endloop
  endfacet
  facet normal 0.65911 -0.752046 0
    outer loop
      vertex 106.739 -46.4083 4.4
      vertex 106.616 -46.5161 -5.72205e-07
      vertex 106.739 -46.4083 -5.72205e-07
    endloop
  endfacet
  facet normal 0.831109 -0.55611 0
    outer loop
      vertex 106.417 -46.775 4.4
      vertex 106.508 -46.639 -5.72205e-07
      vertex 106.508 -46.639 4.4
    endloop
  endfacet
  facet normal 0.831109 -0.55611 0
    outer loop
      vertex 106.508 -46.639 -5.72205e-07
      vertex 106.417 -46.775 4.4
      vertex 106.417 -46.775 -5.72205e-07
    endloop
  endfacet
  facet normal -0.323224 -0.946322 0
    outer loop
      vertex 107.824 -46.1926 -5.72205e-07
      vertex 107.978 -46.2452 4.4
      vertex 107.824 -46.1926 4.4
    endloop
  endfacet
  facet normal -0.323224 -0.946322 -0
    outer loop
      vertex 107.978 -46.2452 4.4
      vertex 107.824 -46.1926 -5.72205e-07
      vertex 107.978 -46.2452 -5.72205e-07
    endloop
  endfacet
  facet normal -0.65911 0.752046 0
    outer loop
      vertex 108.384 -48.2839 -5.72205e-07
      vertex 108.261 -48.3917 4.4
      vertex 108.384 -48.2839 4.4
    endloop
  endfacet
  facet normal -0.65911 0.752046 0
    outer loop
      vertex 108.261 -48.3917 4.4
      vertex 108.384 -48.2839 -5.72205e-07
      vertex 108.261 -48.3917 -5.72205e-07
    endloop
  endfacet
  facet normal 0.441344 -0.897338 0
    outer loop
      vertex 106.875 -46.3175 -5.72205e-07
      vertex 107.022 -46.2452 4.4
      vertex 106.875 -46.3175 4.4
    endloop
  endfacet
  facet normal 0.441344 -0.897338 0
    outer loop
      vertex 107.022 -46.2452 4.4
      vertex 106.875 -46.3175 -5.72205e-07
      vertex 107.022 -46.2452 -5.72205e-07
    endloop
  endfacet
  facet normal 0.0655032 0.997852 -0
    outer loop
      vertex 107.5 -48.65 -5.72205e-07
      vertex 107.337 -48.6393 4.4
      vertex 107.5 -48.65 4.4
    endloop
  endfacet
  facet normal 0.0655032 0.997852 0
    outer loop
      vertex 107.337 -48.6393 4.4
      vertex 107.5 -48.65 -5.72205e-07
      vertex 107.337 -48.6393 -5.72205e-07
    endloop
  endfacet
  facet normal -0.75144 0.659801 0
    outer loop
      vertex 108.384 -48.2839 -5.72205e-07
      vertex 108.492 -48.1609 4.4
      vertex 108.492 -48.1609 -5.72205e-07
    endloop
  endfacet
  facet normal -0.75144 0.659801 0
    outer loop
      vertex 108.492 -48.1609 4.4
      vertex 108.384 -48.2839 -5.72205e-07
      vertex 108.384 -48.2839 4.4
    endloop
  endfacet
  facet normal 0.948008 0.318247 0
    outer loop
      vertex 106.345 -47.8784 4.4
      vertex 106.293 -47.7235 -5.72205e-07
      vertex 106.293 -47.7235 4.4
    endloop
  endfacet
  facet normal 0.948008 0.318247 0
    outer loop
      vertex 106.293 -47.7235 -5.72205e-07
      vertex 106.345 -47.8784 4.4
      vertex 106.345 -47.8784 -5.72205e-07
    endloop
  endfacet
  facet normal -0.323224 0.946322 0
    outer loop
      vertex 107.978 -48.5548 -5.72205e-07
      vertex 107.824 -48.6074 4.4
      vertex 107.978 -48.5548 4.4
    endloop
  endfacet
  facet normal -0.323224 0.946322 0
    outer loop
      vertex 107.824 -48.6074 4.4
      vertex 107.978 -48.5548 -5.72205e-07
      vertex 107.824 -48.6074 -5.72205e-07
    endloop
  endfacet
  facet normal 0.323224 -0.946322 0
    outer loop
      vertex 107.022 -46.2452 -5.72205e-07
      vertex 107.176 -46.1926 4.4
      vertex 107.022 -46.2452 4.4
    endloop
  endfacet
  facet normal 0.323224 -0.946322 0
    outer loop
      vertex 107.176 -46.1926 4.4
      vertex 107.022 -46.2452 -5.72205e-07
      vertex 107.176 -46.1926 -5.72205e-07
    endloop
  endfacet
  facet normal 0.555265 -0.831674 0
    outer loop
      vertex 106.739 -46.4083 -5.72205e-07
      vertex 106.875 -46.3175 4.4
      vertex 106.739 -46.4083 4.4
    endloop
  endfacet
  facet normal 0.555265 -0.831674 0
    outer loop
      vertex 106.875 -46.3175 4.4
      vertex 106.739 -46.4083 -5.72205e-07
      vertex 106.875 -46.3175 -5.72205e-07
    endloop
  endfacet
  facet normal 0.948008 -0.318247 0
    outer loop
      vertex 106.293 -47.0765 4.4
      vertex 106.345 -46.9216 -5.72205e-07
      vertex 106.345 -46.9216 4.4
    endloop
  endfacet
  facet normal 0.948008 -0.318247 0
    outer loop
      vertex 106.345 -46.9216 -5.72205e-07
      vertex 106.293 -47.0765 4.4
      vertex 106.293 -47.0765 -5.72205e-07
    endloop
  endfacet
  facet normal -0.897588 -0.440835 0
    outer loop
      vertex 108.655 -46.9216 -5.72205e-07
      vertex 108.583 -46.775 4.4
      vertex 108.583 -46.775 -5.72205e-07
    endloop
  endfacet
  facet normal -0.897588 -0.440835 0
    outer loop
      vertex 108.583 -46.775 4.4
      vertex 108.655 -46.9216 -5.72205e-07
      vertex 108.655 -46.9216 4.4
    endloop
  endfacet
  facet normal 0.194358 -0.980931 0
    outer loop
      vertex 107.176 -46.1926 -5.72205e-07
      vertex 107.337 -46.1607 4.4
      vertex 107.176 -46.1926 4.4
    endloop
  endfacet
  facet normal 0.194358 -0.980931 0
    outer loop
      vertex 107.337 -46.1607 4.4
      vertex 107.176 -46.1926 -5.72205e-07
      vertex 107.337 -46.1607 -5.72205e-07
    endloop
  endfacet
  facet normal -0.65911 -0.752046 0
    outer loop
      vertex 108.261 -46.4083 -5.72205e-07
      vertex 108.384 -46.5161 4.4
      vertex 108.261 -46.4083 4.4
    endloop
  endfacet
  facet normal -0.65911 -0.752046 -0
    outer loop
      vertex 108.384 -46.5161 4.4
      vertex 108.261 -46.4083 -5.72205e-07
      vertex 108.384 -46.5161 -5.72205e-07
    endloop
  endfacet
  facet normal -0.997736 0.0672494 0
    outer loop
      vertex 108.739 -47.5632 -5.72205e-07
      vertex 108.75 -47.4 4.4
      vertex 108.75 -47.4 -5.72205e-07
    endloop
  endfacet
  facet normal -0.997736 0.0672494 0
    outer loop
      vertex 108.75 -47.4 4.4
      vertex 108.739 -47.5632 -5.72205e-07
      vertex 108.739 -47.5632 4.4
    endloop
  endfacet
  facet normal -0.441344 -0.897338 0
    outer loop
      vertex 107.978 -46.2452 -5.72205e-07
      vertex 108.125 -46.3175 4.4
      vertex 107.978 -46.2452 4.4
    endloop
  endfacet
  facet normal -0.441344 -0.897338 -0
    outer loop
      vertex 108.125 -46.3175 4.4
      vertex 107.978 -46.2452 -5.72205e-07
      vertex 108.125 -46.3175 -5.72205e-07
    endloop
  endfacet
  facet normal 0.323224 0.946322 -0
    outer loop
      vertex 107.176 -48.6074 -5.72205e-07
      vertex 107.022 -48.5548 4.4
      vertex 107.176 -48.6074 4.4
    endloop
  endfacet
  facet normal 0.323224 0.946322 0
    outer loop
      vertex 107.022 -48.5548 4.4
      vertex 107.176 -48.6074 -5.72205e-07
      vertex 107.022 -48.5548 -5.72205e-07
    endloop
  endfacet
  facet normal 0.980651 -0.195763 0
    outer loop
      vertex 106.261 -47.2368 4.4
      vertex 106.293 -47.0765 -5.72205e-07
      vertex 106.293 -47.0765 4.4
    endloop
  endfacet
  facet normal 0.980651 -0.195763 0
    outer loop
      vertex 106.293 -47.0765 -5.72205e-07
      vertex 106.261 -47.2368 4.4
      vertex 106.261 -47.2368 -5.72205e-07
    endloop
  endfacet
  facet normal 0.0655032 -0.997852 0
    outer loop
      vertex 107.337 -46.1607 -5.72205e-07
      vertex 107.5 -46.15 4.4
      vertex 107.337 -46.1607 4.4
    endloop
  endfacet
  facet normal 0.0655032 -0.997852 0
    outer loop
      vertex 107.5 -46.15 4.4
      vertex 107.337 -46.1607 -5.72205e-07
      vertex 107.5 -46.15 -5.72205e-07
    endloop
  endfacet
  facet normal 0.194358 0.980931 -0
    outer loop
      vertex 107.337 -48.6393 -5.72205e-07
      vertex 107.176 -48.6074 4.4
      vertex 107.337 -48.6393 4.4
    endloop
  endfacet
  facet normal 0.194358 0.980931 0
    outer loop
      vertex 107.176 -48.6074 4.4
      vertex 107.337 -48.6393 -5.72205e-07
      vertex 107.176 -48.6074 -5.72205e-07
    endloop
  endfacet
  facet normal -0.948008 0.318247 0
    outer loop
      vertex 108.655 -47.8784 -5.72205e-07
      vertex 108.707 -47.7235 4.4
      vertex 108.707 -47.7235 -5.72205e-07
    endloop
  endfacet
  facet normal -0.948008 0.318247 0
    outer loop
      vertex 108.707 -47.7235 4.4
      vertex 108.655 -47.8784 -5.72205e-07
      vertex 108.655 -47.8784 4.4
    endloop
  endfacet
  facet normal -0.831109 -0.55611 0
    outer loop
      vertex 108.583 -46.775 -5.72205e-07
      vertex 108.492 -46.639 4.4
      vertex 108.492 -46.639 -5.72205e-07
    endloop
  endfacet
  facet normal -0.831109 -0.55611 0
    outer loop
      vertex 108.492 -46.639 4.4
      vertex 108.583 -46.775 -5.72205e-07
      vertex 108.583 -46.775 4.4
    endloop
  endfacet
  facet normal -0.751174 -0.660104 0
    outer loop
      vertex 108.492 -46.639 -5.72205e-07
      vertex 108.384 -46.5161 4.4
      vertex 108.384 -46.5161 -5.72205e-07
    endloop
  endfacet
  facet normal -0.751174 -0.660104 0
    outer loop
      vertex 108.384 -46.5161 4.4
      vertex 108.492 -46.639 -5.72205e-07
      vertex 108.492 -46.639 4.4
    endloop
  endfacet
  facet normal 0.897588 0.440835 0
    outer loop
      vertex 106.417 -48.025 4.4
      vertex 106.345 -47.8784 -5.72205e-07
      vertex 106.345 -47.8784 4.4
    endloop
  endfacet
  facet normal 0.897588 0.440835 0
    outer loop
      vertex 106.345 -47.8784 -5.72205e-07
      vertex 106.417 -48.025 4.4
      vertex 106.417 -48.025 -5.72205e-07
    endloop
  endfacet
  facet normal -0.897588 0.440835 0
    outer loop
      vertex 108.583 -48.025 -5.72205e-07
      vertex 108.655 -47.8784 4.4
      vertex 108.655 -47.8784 -5.72205e-07
    endloop
  endfacet
  facet normal -0.897588 0.440835 0
    outer loop
      vertex 108.655 -47.8784 4.4
      vertex 108.583 -48.025 -5.72205e-07
      vertex 108.583 -48.025 4.4
    endloop
  endfacet
  facet normal 0.75144 0.659801 0
    outer loop
      vertex 106.616 -48.2839 4.4
      vertex 106.508 -48.1609 -5.72205e-07
      vertex 106.508 -48.1609 4.4
    endloop
  endfacet
  facet normal 0.75144 0.659801 0
    outer loop
      vertex 106.508 -48.1609 -5.72205e-07
      vertex 106.616 -48.2839 4.4
      vertex 106.616 -48.2839 -5.72205e-07
    endloop
  endfacet
  facet normal -0.83092 0.556392 0
    outer loop
      vertex 108.492 -48.1609 -5.72205e-07
      vertex 108.583 -48.025 4.4
      vertex 108.583 -48.025 -5.72205e-07
    endloop
  endfacet
  facet normal -0.83092 0.556392 0
    outer loop
      vertex 108.583 -48.025 4.4
      vertex 108.492 -48.1609 -5.72205e-07
      vertex 108.492 -48.1609 4.4
    endloop
  endfacet
  facet normal 0.751174 -0.660104 0
    outer loop
      vertex 106.508 -46.639 4.4
      vertex 106.616 -46.5161 -5.72205e-07
      vertex 106.616 -46.5161 4.4
    endloop
  endfacet
  facet normal 0.751174 -0.660104 0
    outer loop
      vertex 106.616 -46.5161 -5.72205e-07
      vertex 106.508 -46.639 4.4
      vertex 106.508 -46.639 -5.72205e-07
    endloop
  endfacet
  facet normal -0.0655032 -0.997852 0
    outer loop
      vertex 107.5 -46.15 -5.72205e-07
      vertex 107.663 -46.1607 4.4
      vertex 107.5 -46.15 4.4
    endloop
  endfacet
  facet normal -0.0655032 -0.997852 -0
    outer loop
      vertex 107.663 -46.1607 4.4
      vertex 107.5 -46.15 -5.72205e-07
      vertex 107.663 -46.1607 -5.72205e-07
    endloop
  endfacet
  facet normal -0.555265 -0.831674 0
    outer loop
      vertex 108.125 -46.3175 -5.72205e-07
      vertex 108.261 -46.4083 4.4
      vertex 108.125 -46.3175 4.4
    endloop
  endfacet
  facet normal -0.555265 -0.831674 -0
    outer loop
      vertex 108.261 -46.4083 4.4
      vertex 108.125 -46.3175 -5.72205e-07
      vertex 108.261 -46.4083 -5.72205e-07
    endloop
  endfacet
  facet normal 0.441344 0.897338 -0
    outer loop
      vertex 107.022 -48.5548 -5.72205e-07
      vertex 106.875 -48.4825 4.4
      vertex 107.022 -48.5548 4.4
    endloop
  endfacet
  facet normal 0.441344 0.897338 0
    outer loop
      vertex 106.875 -48.4825 4.4
      vertex 107.022 -48.5548 -5.72205e-07
      vertex 106.875 -48.4825 -5.72205e-07
    endloop
  endfacet
  facet normal 0.83092 0.556392 0
    outer loop
      vertex 106.508 -48.1609 4.4
      vertex 106.417 -48.025 -5.72205e-07
      vertex 106.417 -48.025 4.4
    endloop
  endfacet
  facet normal 0.83092 0.556392 0
    outer loop
      vertex 106.417 -48.025 -5.72205e-07
      vertex 106.508 -48.1609 4.4
      vertex 106.508 -48.1609 -5.72205e-07
    endloop
  endfacet
  facet normal 0.980651 0.195763 0
    outer loop
      vertex 106.293 -47.7235 4.4
      vertex 106.261 -47.5632 -5.72205e-07
      vertex 106.261 -47.5632 4.4
    endloop
  endfacet
  facet normal 0.980651 0.195763 0
    outer loop
      vertex 106.261 -47.5632 -5.72205e-07
      vertex 106.293 -47.7235 4.4
      vertex 106.293 -47.7235 -5.72205e-07
    endloop
  endfacet
  facet normal 0.65911 0.752046 -0
    outer loop
      vertex 106.739 -48.3917 -5.72205e-07
      vertex 106.616 -48.2839 4.4
      vertex 106.739 -48.3917 4.4
    endloop
  endfacet
  facet normal 0.65911 0.752046 0
    outer loop
      vertex 106.616 -48.2839 4.4
      vertex 106.739 -48.3917 -5.72205e-07
      vertex 106.616 -48.2839 -5.72205e-07
    endloop
  endfacet
  facet normal 0.897588 -0.440835 0
    outer loop
      vertex 106.345 -46.9216 4.4
      vertex 106.417 -46.775 -5.72205e-07
      vertex 106.417 -46.775 4.4
    endloop
  endfacet
  facet normal 0.897588 -0.440835 0
    outer loop
      vertex 106.417 -46.775 -5.72205e-07
      vertex 106.345 -46.9216 4.4
      vertex 106.345 -46.9216 -5.72205e-07
    endloop
  endfacet
  facet normal 0.997736 0.0672494 0
    outer loop
      vertex 106.261 -47.5632 4.4
      vertex 106.25 -47.4 -5.72205e-07
      vertex 106.25 -47.4 4.4
    endloop
  endfacet
  facet normal 0.997736 0.0672494 0
    outer loop
      vertex 106.25 -47.4 -5.72205e-07
      vertex 106.261 -47.5632 4.4
      vertex 106.261 -47.5632 -5.72205e-07
    endloop
  endfacet
  facet normal -0.555265 0.831674 0
    outer loop
      vertex 108.261 -48.3917 -5.72205e-07
      vertex 108.125 -48.4825 4.4
      vertex 108.261 -48.3917 4.4
    endloop
  endfacet
  facet normal -0.555265 0.831674 0
    outer loop
      vertex 108.125 -48.4825 4.4
      vertex 108.261 -48.3917 -5.72205e-07
      vertex 108.125 -48.4825 -5.72205e-07
    endloop
  endfacet
  facet normal 0.555265 0.831674 -0
    outer loop
      vertex 106.875 -48.4825 -5.72205e-07
      vertex 106.739 -48.3917 4.4
      vertex 106.875 -48.4825 4.4
    endloop
  endfacet
  facet normal 0.555265 0.831674 0
    outer loop
      vertex 106.739 -48.3917 4.4
      vertex 106.875 -48.4825 -5.72205e-07
      vertex 106.739 -48.3917 -5.72205e-07
    endloop
  endfacet
  facet normal 0.662092 -0.264837 0.701067
    outer loop
      vertex 105.799 -46.6983 5
      vertex 106.345 -46.9216 4.4
      vertex 105.8 -46.6958 5
    endloop
  endfacet
  facet normal 0.676698 -0.227168 0.700339
    outer loop
      vertex 106.345 -46.9216 4.4
      vertex 105.799 -46.6983 5
      vertex 106.293 -47.0765 4.4
    endloop
  endfacet
  facet normal 0.228854 -0.676091 0.700376
    outer loop
      vertex 107.176 -46.1926 4.4
      vertex 107.024 -45.6225 5
      vertex 106.798 -45.699 5
    endloop
  endfacet
  facet normal 0.138712 -0.700084 0.700458
    outer loop
      vertex 107.026 -45.622 5
      vertex 107.176 -46.1926 4.4
      vertex 107.337 -46.1607 4.4
    endloop
  endfacet
  facet normal 0.172942 -0.691767 0.701106
    outer loop
      vertex 107.176 -46.1926 4.4
      vertex 107.026 -45.622 5
      vertex 107.024 -45.6225 5
    endloop
  endfacet
  facet normal 0.669983 -0.248142 0.699677
    outer loop
      vertex 105.722 -46.9264 5
      vertex 106.293 -47.0765 4.4
      vertex 105.723 -46.9237 5
    endloop
  endfacet
  facet normal 0.699615 -0.139661 0.700738
    outer loop
      vertex 106.293 -47.0765 4.4
      vertex 105.722 -46.9264 5
      vertex 106.261 -47.2368 4.4
    endloop
  endfacet
  facet normal -0.712302 -0.0449875 0.70043
    outer loop
      vertex 109.34 -47.4 5
      vertex 109.325 -47.1625 5
      vertex 108.75 -47.4 4.4
    endloop
  endfacet
  facet normal -0.67686 -0.250689 0.69211
    outer loop
      vertex 108.739 -47.2368 4.4
      vertex 109.325 -47.1625 5
      vertex 109.324 -47.1598 5
    endloop
  endfacet
  facet normal -0.711605 -0.0479636 0.700941
    outer loop
      vertex 109.325 -47.1625 5
      vertex 108.739 -47.2368 4.4
      vertex 108.75 -47.4 4.4
    endloop
  endfacet
  facet normal -0.228854 -0.676091 0.700376
    outer loop
      vertex 108.202 -45.699 5
      vertex 107.976 -45.6225 5
      vertex 107.824 -46.1926 4.4
    endloop
  endfacet
  facet normal -0.592425 0.398143 0.700368
    outer loop
      vertex 108.961 -48.518 5
      vertex 109.094 -48.3201 5
      vertex 108.583 -48.025 4.4
    endloop
  endfacet
  facet normal -0.536645 0.470688 0.700332
    outer loop
      vertex 108.801 -48.7012 5
      vertex 108.958 -48.5222 5
      vertex 108.384 -48.2839 4.4
    endloop
  endfacet
  facet normal -0.711605 0.0479636 0.700941
    outer loop
      vertex 108.739 -47.5632 4.4
      vertex 109.325 -47.6375 5
      vertex 108.75 -47.4 4.4
    endloop
  endfacet
  facet normal -0.67686 0.250689 0.69211
    outer loop
      vertex 109.325 -47.6375 5
      vertex 108.739 -47.5632 4.4
      vertex 109.324 -47.6402 5
    endloop
  endfacet
  facet normal 0.592425 0.398143 0.700368
    outer loop
      vertex 106.039 -48.518 5
      vertex 106.417 -48.025 4.4
      vertex 105.906 -48.3201 5
    endloop
  endfacet
  facet normal -0.228854 0.676091 0.700376
    outer loop
      vertex 107.976 -49.1775 5
      vertex 108.202 -49.101 5
      vertex 107.824 -48.6074 4.4
    endloop
  endfacet
  facet normal -0.506293 0.506293 0.698094
    outer loop
      vertex 108.492 -48.1609 4.4
      vertex 108.958 -48.5222 5
      vertex 108.96 -48.5202 5
    endloop
  endfacet
  facet normal -0.536439 0.47102 0.700267
    outer loop
      vertex 108.958 -48.5222 5
      vertex 108.492 -48.1609 4.4
      vertex 108.384 -48.2839 4.4
    endloop
  endfacet
  facet normal -0.470473 0.536811 0.700349
    outer loop
      vertex 108.261 -48.3917 4.4
      vertex 108.622 -48.8581 5
      vertex 108.384 -48.2839 4.4
    endloop
  endfacet
  facet normal -0.477716 0.530796 0.700031
    outer loop
      vertex 108.622 -48.8581 5
      vertex 108.261 -48.3917 4.4
      vertex 108.62 -48.8599 5
    endloop
  endfacet
  facet normal 0.536645 0.470688 0.700332
    outer loop
      vertex 106.199 -48.7012 5
      vertex 106.616 -48.2839 4.4
      vertex 106.042 -48.5222 5
    endloop
  endfacet
  facet normal -0.470513 0.536786 0.700341
    outer loop
      vertex 108.622 -48.8581 5
      vertex 108.801 -48.7012 5
      vertex 108.384 -48.2839 4.4
    endloop
  endfacet
  facet normal -0.593261 0.397254 0.700165
    outer loop
      vertex 108.492 -48.1609 4.4
      vertex 108.961 -48.518 5
      vertex 108.583 -48.025 4.4
    endloop
  endfacet
  facet normal -0.657421 0.298828 0.691737
    outer loop
      vertex 108.961 -48.518 5
      vertex 108.492 -48.1609 4.4
      vertex 108.96 -48.5202 5
    endloop
  endfacet
  facet normal -0.700238 0.138008 0.700443
    outer loop
      vertex 109.278 -47.8736 5
      vertex 109.324 -47.6402 5
      vertex 108.739 -47.5632 4.4
    endloop
  endfacet
  facet normal 0.676698 0.227168 0.700339
    outer loop
      vertex 105.799 -48.1017 5
      vertex 106.345 -47.8784 4.4
      vertex 106.293 -47.7235 4.4
    endloop
  endfacet
  facet normal 0.662092 0.264837 0.701067
    outer loop
      vertex 106.345 -47.8784 4.4
      vertex 105.799 -48.1017 5
      vertex 105.8 -48.1042 5
    endloop
  endfacet
  facet normal -0.172942 0.691767 0.701106
    outer loop
      vertex 107.824 -48.6074 4.4
      vertex 107.974 -49.178 5
      vertex 107.976 -49.1775 5
    endloop
  endfacet
  facet normal -0.138712 0.700084 0.700458
    outer loop
      vertex 107.974 -49.178 5
      vertex 107.824 -48.6074 4.4
      vertex 107.663 -48.6393 4.4
    endloop
  endfacet
  facet normal -0.046746 -0.712112 0.700508
    outer loop
      vertex 107.663 -46.1607 4.4
      vertex 107.738 -45.5754 5
      vertex 107.5 -46.15 4.4
    endloop
  endfacet
  facet normal -0.0709569 -0.709569 0.701054
    outer loop
      vertex 107.738 -45.5754 5
      vertex 107.663 -46.1607 4.4
      vertex 107.74 -45.5756 5
    endloop
  endfacet
  facet normal -0.427828 0.570438 0.701116
    outer loop
      vertex 108.261 -48.3917 4.4
      vertex 108.618 -48.8614 5
      vertex 108.62 -48.8599 5
    endloop
  endfacet
  facet normal -0.396291 0.593563 0.700454
    outer loop
      vertex 108.618 -48.8614 5
      vertex 108.261 -48.3917 4.4
      vertex 108.125 -48.4825 4.4
    endloop
  endfacet
  facet normal 0.712302 -0.0449875 0.70043
    outer loop
      vertex 106.25 -47.4 4.4
      vertex 105.675 -47.1625 5
      vertex 105.66 -47.4 5
    endloop
  endfacet
  facet normal -0.676698 0.227168 0.700339
    outer loop
      vertex 108.655 -47.8784 4.4
      vertex 109.201 -48.1017 5
      vertex 108.707 -47.7235 4.4
    endloop
  endfacet
  facet normal -0.662092 0.264837 0.701067
    outer loop
      vertex 109.201 -48.1017 5
      vertex 108.655 -47.8784 4.4
      vertex 109.2 -48.1042 5
    endloop
  endfacet
  facet normal -0.172942 -0.691767 0.701106
    outer loop
      vertex 107.974 -45.622 5
      vertex 107.824 -46.1926 4.4
      vertex 107.976 -45.6225 5
    endloop
  endfacet
  facet normal -0.138712 -0.700084 0.700458
    outer loop
      vertex 107.824 -46.1926 4.4
      vertex 107.974 -45.622 5
      vertex 107.663 -46.1607 4.4
    endloop
  endfacet
  facet normal -0.592425 -0.398143 0.700368
    outer loop
      vertex 109.094 -46.4799 5
      vertex 108.961 -46.282 5
      vertex 108.583 -46.775 4.4
    endloop
  endfacet
  facet normal 0.0466773 0.712128 0.700496
    outer loop
      vertex 107.5 -49.2402 5
      vertex 107.5 -48.65 4.4
      vertex 107.262 -49.2246 5
    endloop
  endfacet
  facet normal 0.138813 0.700046 0.700476
    outer loop
      vertex 107.26 -49.2244 5
      vertex 107.337 -48.6393 4.4
      vertex 107.026 -49.178 5
    endloop
  endfacet
  facet normal -0.658218 0.274257 0.701093
    outer loop
      vertex 108.655 -47.8784 4.4
      vertex 109.199 -48.1066 5
      vertex 109.2 -48.1042 5
    endloop
  endfacet
  facet normal -0.640596 0.314617 0.700466
    outer loop
      vertex 109.199 -48.1066 5
      vertex 108.655 -47.8784 4.4
      vertex 108.583 -48.025 4.4
    endloop
  endfacet
  facet normal 0.046746 0.712112 0.700508
    outer loop
      vertex 107.337 -48.6393 4.4
      vertex 107.262 -49.2246 5
      vertex 107.5 -48.65 4.4
    endloop
  endfacet
  facet normal 0.0709569 0.709569 0.701054
    outer loop
      vertex 107.262 -49.2246 5
      vertex 107.337 -48.6393 4.4
      vertex 107.26 -49.2244 5
    endloop
  endfacet
  facet normal -0.0466773 0.712128 0.700496
    outer loop
      vertex 107.5 -49.2402 5
      vertex 107.738 -49.2246 5
      vertex 107.5 -48.65 4.4
    endloop
  endfacet
  facet normal 0.536285 -0.471268 0.700218
    outer loop
      vertex 106.042 -46.2778 5
      vertex 106.508 -46.639 4.4
      vertex 106.616 -46.5161 4.4
    endloop
  endfacet
  facet normal 0.506323 -0.506323 0.69805
    outer loop
      vertex 106.508 -46.639 4.4
      vertex 106.042 -46.2778 5
      vertex 106.04 -46.2798 5
    endloop
  endfacet
  facet normal 0.676245 -0.228015 0.700501
    outer loop
      vertex 106.293 -47.0765 4.4
      vertex 105.799 -46.6983 5
      vertex 105.723 -46.9237 5
    endloop
  endfacet
  facet normal -0.676245 0.228015 0.700501
    outer loop
      vertex 109.201 -48.1017 5
      vertex 109.277 -47.8763 5
      vertex 108.707 -47.7235 4.4
    endloop
  endfacet
  facet normal -0.712302 0.0449875 0.70043
    outer loop
      vertex 109.325 -47.6375 5
      vertex 109.34 -47.4 5
      vertex 108.75 -47.4 4.4
    endloop
  endfacet
  facet normal -0.470513 -0.536786 0.700341
    outer loop
      vertex 108.801 -46.0988 5
      vertex 108.622 -45.9419 5
      vertex 108.384 -46.5161 4.4
    endloop
  endfacet
  facet normal -0.292597 0.650214 0.701148
    outer loop
      vertex 107.978 -48.5548 4.4
      vertex 108.202 -49.101 5
      vertex 108.204 -49.1001 5
    endloop
  endfacet
  facet normal -0.230604 0.675153 0.700707
    outer loop
      vertex 108.202 -49.101 5
      vertex 107.978 -48.5548 4.4
      vertex 107.824 -48.6074 4.4
    endloop
  endfacet
  facet normal 0.593261 0.397254 0.700165
    outer loop
      vertex 106.039 -48.518 5
      vertex 106.508 -48.1609 4.4
      vertex 106.417 -48.025 4.4
    endloop
  endfacet
  facet normal 0.657421 0.298828 0.691737
    outer loop
      vertex 106.508 -48.1609 4.4
      vertex 106.039 -48.518 5
      vertex 106.04 -48.5202 5
    endloop
  endfacet
  facet normal -0.31487 0.640192 0.700722
    outer loop
      vertex 107.978 -48.5548 4.4
      vertex 108.207 -49.0989 5
      vertex 108.125 -48.4825 4.4
    endloop
  endfacet
  facet normal -0.264759 0.661898 0.70128
    outer loop
      vertex 108.207 -49.0989 5
      vertex 107.978 -48.5548 4.4
      vertex 108.204 -49.1001 5
    endloop
  endfacet
  facet normal 0.700238 0.138008 0.700443
    outer loop
      vertex 105.722 -47.8736 5
      vertex 106.261 -47.5632 4.4
      vertex 105.676 -47.6402 5
    endloop
  endfacet
  facet normal -0.316278 0.639765 0.700477
    outer loop
      vertex 108.207 -49.0989 5
      vertex 108.42 -48.9936 5
      vertex 108.125 -48.4825 4.4
    endloop
  endfacet
  facet normal -0.396302 0.593553 0.700457
    outer loop
      vertex 108.42 -48.9936 5
      vertex 108.618 -48.8614 5
      vertex 108.125 -48.4825 4.4
    endloop
  endfacet
  facet normal 0.657444 -0.298838 0.691711
    outer loop
      vertex 106.039 -46.282 5
      vertex 106.508 -46.639 4.4
      vertex 106.04 -46.2798 5
    endloop
  endfacet
  facet normal 0.59343 -0.397074 0.700124
    outer loop
      vertex 106.508 -46.639 4.4
      vertex 106.039 -46.282 5
      vertex 106.417 -46.775 4.4
    endloop
  endfacet
  facet normal -0.427828 -0.570438 0.701116
    outer loop
      vertex 108.618 -45.9386 5
      vertex 108.261 -46.4083 4.4
      vertex 108.62 -45.9401 5
    endloop
  endfacet
  facet normal -0.396291 -0.593563 0.700454
    outer loop
      vertex 108.261 -46.4083 4.4
      vertex 108.618 -45.9386 5
      vertex 108.125 -46.3175 4.4
    endloop
  endfacet
  facet normal -0.699615 0.139661 0.700738
    outer loop
      vertex 108.707 -47.7235 4.4
      vertex 109.278 -47.8736 5
      vertex 108.739 -47.5632 4.4
    endloop
  endfacet
  facet normal -0.669983 0.248142 0.699677
    outer loop
      vertex 109.278 -47.8736 5
      vertex 108.707 -47.7235 4.4
      vertex 109.277 -47.8763 5
    endloop
  endfacet
  facet normal 0.536645 -0.470688 0.700332
    outer loop
      vertex 106.616 -46.5161 4.4
      vertex 106.199 -46.0988 5
      vertex 106.042 -46.2778 5
    endloop
  endfacet
  facet normal 0.536439 0.47102 0.700267
    outer loop
      vertex 106.508 -48.1609 4.4
      vertex 106.042 -48.5222 5
      vertex 106.616 -48.2839 4.4
    endloop
  endfacet
  facet normal 0.506293 0.506293 0.698094
    outer loop
      vertex 106.042 -48.5222 5
      vertex 106.508 -48.1609 4.4
      vertex 106.04 -48.5202 5
    endloop
  endfacet
  facet normal 0.316278 -0.639765 0.700477
    outer loop
      vertex 106.875 -46.3175 4.4
      vertex 106.793 -45.7011 5
      vertex 106.58 -45.8064 5
    endloop
  endfacet
  facet normal -0.657444 -0.298838 0.691711
    outer loop
      vertex 108.492 -46.639 4.4
      vertex 108.961 -46.282 5
      vertex 108.96 -46.2798 5
    endloop
  endfacet
  facet normal -0.59343 -0.397074 0.700124
    outer loop
      vertex 108.961 -46.282 5
      vertex 108.492 -46.639 4.4
      vertex 108.583 -46.775 4.4
    endloop
  endfacet
  facet normal -0.264759 -0.661898 0.70128
    outer loop
      vertex 107.978 -46.2452 4.4
      vertex 108.207 -45.7011 5
      vertex 108.204 -45.6999 5
    endloop
  endfacet
  facet normal -0.31487 -0.640192 0.700722
    outer loop
      vertex 108.207 -45.7011 5
      vertex 107.978 -46.2452 4.4
      vertex 108.125 -46.3175 4.4
    endloop
  endfacet
  facet normal -0.640483 0.314992 0.700401
    outer loop
      vertex 109.094 -48.3201 5
      vertex 109.199 -48.1066 5
      vertex 108.583 -48.025 4.4
    endloop
  endfacet
  facet normal 0.640483 -0.314992 0.700401
    outer loop
      vertex 106.417 -46.775 4.4
      vertex 105.906 -46.4799 5
      vertex 105.801 -46.6934 5
    endloop
  endfacet
  facet normal 0.676245 0.228015 0.700501
    outer loop
      vertex 105.799 -48.1017 5
      vertex 106.293 -47.7235 4.4
      vertex 105.723 -47.8763 5
    endloop
  endfacet
  facet normal 0.699615 0.139661 0.700738
    outer loop
      vertex 105.722 -47.8736 5
      vertex 106.293 -47.7235 4.4
      vertex 106.261 -47.5632 4.4
    endloop
  endfacet
  facet normal 0.669983 0.248142 0.699677
    outer loop
      vertex 106.293 -47.7235 4.4
      vertex 105.722 -47.8736 5
      vertex 105.723 -47.8763 5
    endloop
  endfacet
  facet normal -0.138813 0.700046 0.700476
    outer loop
      vertex 107.74 -49.2244 5
      vertex 107.974 -49.178 5
      vertex 107.663 -48.6393 4.4
    endloop
  endfacet
  facet normal -0.0709569 0.709569 0.701054
    outer loop
      vertex 107.663 -48.6393 4.4
      vertex 107.738 -49.2246 5
      vertex 107.74 -49.2244 5
    endloop
  endfacet
  facet normal -0.046746 0.712112 0.700508
    outer loop
      vertex 107.738 -49.2246 5
      vertex 107.663 -48.6393 4.4
      vertex 107.5 -48.65 4.4
    endloop
  endfacet
  facet normal 0.470473 0.536811 0.700349
    outer loop
      vertex 106.378 -48.8581 5
      vertex 106.739 -48.3917 4.4
      vertex 106.616 -48.2839 4.4
    endloop
  endfacet
  facet normal 0.477716 0.530796 0.700031
    outer loop
      vertex 106.739 -48.3917 4.4
      vertex 106.378 -48.8581 5
      vertex 106.38 -48.8599 5
    endloop
  endfacet
  facet normal 0.470513 0.536786 0.700341
    outer loop
      vertex 106.378 -48.8581 5
      vertex 106.616 -48.2839 4.4
      vertex 106.199 -48.7012 5
    endloop
  endfacet
  facet normal 0.396291 -0.593563 0.700454
    outer loop
      vertex 106.382 -45.9386 5
      vertex 106.739 -46.4083 4.4
      vertex 106.875 -46.3175 4.4
    endloop
  endfacet
  facet normal 0.427828 -0.570438 0.701116
    outer loop
      vertex 106.739 -46.4083 4.4
      vertex 106.382 -45.9386 5
      vertex 106.38 -45.9401 5
    endloop
  endfacet
  facet normal 0.67686 -0.250689 0.69211
    outer loop
      vertex 105.675 -47.1625 5
      vertex 106.261 -47.2368 4.4
      vertex 105.676 -47.1598 5
    endloop
  endfacet
  facet normal 0.711605 -0.0479636 0.700941
    outer loop
      vertex 106.261 -47.2368 4.4
      vertex 105.675 -47.1625 5
      vertex 106.25 -47.4 4.4
    endloop
  endfacet
  facet normal -0.506323 -0.506323 0.69805
    outer loop
      vertex 108.958 -46.2778 5
      vertex 108.492 -46.639 4.4
      vertex 108.96 -46.2798 5
    endloop
  endfacet
  facet normal -0.536285 -0.471268 0.700218
    outer loop
      vertex 108.492 -46.639 4.4
      vertex 108.958 -46.2778 5
      vertex 108.384 -46.5161 4.4
    endloop
  endfacet
  facet normal 0.700238 -0.138008 0.700443
    outer loop
      vertex 106.261 -47.2368 4.4
      vertex 105.722 -46.9264 5
      vertex 105.676 -47.1598 5
    endloop
  endfacet
  facet normal 0.138813 -0.700046 0.700476
    outer loop
      vertex 107.337 -46.1607 4.4
      vertex 107.26 -45.5756 5
      vertex 107.026 -45.622 5
    endloop
  endfacet
  facet normal 0.711605 0.0479636 0.700941
    outer loop
      vertex 105.675 -47.6375 5
      vertex 106.261 -47.5632 4.4
      vertex 106.25 -47.4 4.4
    endloop
  endfacet
  facet normal 0.67686 0.250689 0.69211
    outer loop
      vertex 106.261 -47.5632 4.4
      vertex 105.675 -47.6375 5
      vertex 105.676 -47.6402 5
    endloop
  endfacet
  facet normal -0.640483 -0.314992 0.700401
    outer loop
      vertex 109.199 -46.6934 5
      vertex 109.094 -46.4799 5
      vertex 108.583 -46.775 4.4
    endloop
  endfacet
  facet normal -0.396302 -0.593553 0.700457
    outer loop
      vertex 108.618 -45.9386 5
      vertex 108.42 -45.8064 5
      vertex 108.125 -46.3175 4.4
    endloop
  endfacet
  facet normal -0.658218 -0.274257 0.701093
    outer loop
      vertex 109.199 -46.6934 5
      vertex 108.655 -46.9216 4.4
      vertex 109.2 -46.6958 5
    endloop
  endfacet
  facet normal -0.640596 -0.314617 0.700466
    outer loop
      vertex 108.655 -46.9216 4.4
      vertex 109.199 -46.6934 5
      vertex 108.583 -46.775 4.4
    endloop
  endfacet
  facet normal 0.230604 0.675153 0.700707
    outer loop
      vertex 107.022 -48.5548 4.4
      vertex 106.798 -49.101 5
      vertex 107.176 -48.6074 4.4
    endloop
  endfacet
  facet normal 0.292597 0.650214 0.701148
    outer loop
      vertex 106.798 -49.101 5
      vertex 107.022 -48.5548 4.4
      vertex 106.796 -49.1001 5
    endloop
  endfacet
  facet normal 0.640596 0.314617 0.700466
    outer loop
      vertex 106.345 -47.8784 4.4
      vertex 105.801 -48.1066 5
      vertex 106.417 -48.025 4.4
    endloop
  endfacet
  facet normal 0.658218 0.274257 0.701093
    outer loop
      vertex 105.801 -48.1066 5
      vertex 106.345 -47.8784 4.4
      vertex 105.8 -48.1042 5
    endloop
  endfacet
  facet normal 0.640483 0.314992 0.700401
    outer loop
      vertex 105.906 -48.3201 5
      vertex 106.417 -48.025 4.4
      vertex 105.801 -48.1066 5
    endloop
  endfacet
  facet normal -0.536645 -0.470688 0.700332
    outer loop
      vertex 108.958 -46.2778 5
      vertex 108.801 -46.0988 5
      vertex 108.384 -46.5161 4.4
    endloop
  endfacet
  facet normal -0.316278 -0.639765 0.700477
    outer loop
      vertex 108.42 -45.8064 5
      vertex 108.207 -45.7011 5
      vertex 108.125 -46.3175 4.4
    endloop
  endfacet
  facet normal -0.477716 -0.530796 0.700031
    outer loop
      vertex 108.261 -46.4083 4.4
      vertex 108.622 -45.9419 5
      vertex 108.62 -45.9401 5
    endloop
  endfacet
  facet normal -0.470473 -0.536811 0.700349
    outer loop
      vertex 108.622 -45.9419 5
      vertex 108.261 -46.4083 4.4
      vertex 108.384 -46.5161 4.4
    endloop
  endfacet
  facet normal 0.138712 0.700084 0.700458
    outer loop
      vertex 107.176 -48.6074 4.4
      vertex 107.026 -49.178 5
      vertex 107.337 -48.6393 4.4
    endloop
  endfacet
  facet normal 0.172942 0.691767 0.701106
    outer loop
      vertex 107.026 -49.178 5
      vertex 107.176 -48.6074 4.4
      vertex 107.024 -49.1775 5
    endloop
  endfacet
  facet normal 0.396302 -0.593553 0.700457
    outer loop
      vertex 106.875 -46.3175 4.4
      vertex 106.58 -45.8064 5
      vertex 106.382 -45.9386 5
    endloop
  endfacet
  facet normal 0.712302 0.0449875 0.70043
    outer loop
      vertex 105.675 -47.6375 5
      vertex 106.25 -47.4 4.4
      vertex 105.66 -47.4 5
    endloop
  endfacet
  facet normal 0.592425 -0.398143 0.700368
    outer loop
      vertex 106.417 -46.775 4.4
      vertex 106.039 -46.282 5
      vertex 105.906 -46.4799 5
    endloop
  endfacet
  facet normal 0.31487 0.640192 0.700722
    outer loop
      vertex 106.793 -49.0989 5
      vertex 107.022 -48.5548 4.4
      vertex 106.875 -48.4825 4.4
    endloop
  endfacet
  facet normal 0.264759 0.661898 0.70128
    outer loop
      vertex 107.022 -48.5548 4.4
      vertex 106.793 -49.0989 5
      vertex 106.796 -49.1001 5
    endloop
  endfacet
  facet normal 0.228854 0.676091 0.700376
    outer loop
      vertex 107.024 -49.1775 5
      vertex 107.176 -48.6074 4.4
      vertex 106.798 -49.101 5
    endloop
  endfacet
  facet normal 0.0466773 -0.712128 0.700496
    outer loop
      vertex 107.5 -46.15 4.4
      vertex 107.5 -45.5598 5
      vertex 107.262 -45.5754 5
    endloop
  endfacet
  facet normal 0.470513 -0.536786 0.700341
    outer loop
      vertex 106.616 -46.5161 4.4
      vertex 106.378 -45.9419 5
      vertex 106.199 -46.0988 5
    endloop
  endfacet
  facet normal -0.0466773 -0.712128 0.700496
    outer loop
      vertex 107.738 -45.5754 5
      vertex 107.5 -45.5598 5
      vertex 107.5 -46.15 4.4
    endloop
  endfacet
  facet normal 0.316278 0.639765 0.700477
    outer loop
      vertex 106.793 -49.0989 5
      vertex 106.875 -48.4825 4.4
      vertex 106.58 -48.9936 5
    endloop
  endfacet
  facet normal 0.396302 0.593553 0.700457
    outer loop
      vertex 106.58 -48.9936 5
      vertex 106.875 -48.4825 4.4
      vertex 106.382 -48.8614 5
    endloop
  endfacet
  facet normal 0.396291 0.593563 0.700454
    outer loop
      vertex 106.739 -48.3917 4.4
      vertex 106.382 -48.8614 5
      vertex 106.875 -48.4825 4.4
    endloop
  endfacet
  facet normal 0.427828 0.570438 0.701116
    outer loop
      vertex 106.382 -48.8614 5
      vertex 106.739 -48.3917 4.4
      vertex 106.38 -48.8599 5
    endloop
  endfacet
  facet normal 0.477716 -0.530796 0.700031
    outer loop
      vertex 106.378 -45.9419 5
      vertex 106.739 -46.4083 4.4
      vertex 106.38 -45.9401 5
    endloop
  endfacet
  facet normal 0.470473 -0.536811 0.700349
    outer loop
      vertex 106.739 -46.4083 4.4
      vertex 106.378 -45.9419 5
      vertex 106.616 -46.5161 4.4
    endloop
  endfacet
  facet normal -0.292597 -0.650214 0.701148
    outer loop
      vertex 108.202 -45.699 5
      vertex 107.978 -46.2452 4.4
      vertex 108.204 -45.6999 5
    endloop
  endfacet
  facet normal -0.230604 -0.675153 0.700707
    outer loop
      vertex 107.978 -46.2452 4.4
      vertex 108.202 -45.699 5
      vertex 107.824 -46.1926 4.4
    endloop
  endfacet
  facet normal 0.640596 -0.314617 0.700466
    outer loop
      vertex 105.801 -46.6934 5
      vertex 106.345 -46.9216 4.4
      vertex 106.417 -46.775 4.4
    endloop
  endfacet
  facet normal 0.658218 -0.274257 0.701093
    outer loop
      vertex 106.345 -46.9216 4.4
      vertex 105.801 -46.6934 5
      vertex 105.8 -46.6958 5
    endloop
  endfacet
  facet normal 0.230604 -0.675153 0.700707
    outer loop
      vertex 106.798 -45.699 5
      vertex 107.022 -46.2452 4.4
      vertex 107.176 -46.1926 4.4
    endloop
  endfacet
  facet normal 0.292597 -0.650214 0.701148
    outer loop
      vertex 107.022 -46.2452 4.4
      vertex 106.798 -45.699 5
      vertex 106.796 -45.6999 5
    endloop
  endfacet
  facet normal 0.264759 -0.661898 0.70128
    outer loop
      vertex 106.793 -45.7011 5
      vertex 107.022 -46.2452 4.4
      vertex 106.796 -45.6999 5
    endloop
  endfacet
  facet normal 0.31487 -0.640192 0.700722
    outer loop
      vertex 107.022 -46.2452 4.4
      vertex 106.793 -45.7011 5
      vertex 106.875 -46.3175 4.4
    endloop
  endfacet
  facet normal -0.669983 -0.248142 0.699677
    outer loop
      vertex 108.707 -47.0765 4.4
      vertex 109.278 -46.9264 5
      vertex 109.277 -46.9237 5
    endloop
  endfacet
  facet normal -0.699615 -0.139661 0.700738
    outer loop
      vertex 109.278 -46.9264 5
      vertex 108.707 -47.0765 4.4
      vertex 108.739 -47.2368 4.4
    endloop
  endfacet
  facet normal -0.676245 -0.228015 0.700501
    outer loop
      vertex 109.277 -46.9237 5
      vertex 109.201 -46.6983 5
      vertex 108.707 -47.0765 4.4
    endloop
  endfacet
  facet normal -0.138813 -0.700046 0.700476
    outer loop
      vertex 107.974 -45.622 5
      vertex 107.74 -45.5756 5
      vertex 107.663 -46.1607 4.4
    endloop
  endfacet
  facet normal 0.0709569 -0.709569 0.701054
    outer loop
      vertex 107.337 -46.1607 4.4
      vertex 107.262 -45.5754 5
      vertex 107.26 -45.5756 5
    endloop
  endfacet
  facet normal 0.046746 -0.712112 0.700508
    outer loop
      vertex 107.262 -45.5754 5
      vertex 107.337 -46.1607 4.4
      vertex 107.5 -46.15 4.4
    endloop
  endfacet
  facet normal -0.662092 -0.264837 0.701067
    outer loop
      vertex 108.655 -46.9216 4.4
      vertex 109.201 -46.6983 5
      vertex 109.2 -46.6958 5
    endloop
  endfacet
  facet normal -0.676698 -0.227168 0.700339
    outer loop
      vertex 109.201 -46.6983 5
      vertex 108.655 -46.9216 4.4
      vertex 108.707 -47.0765 4.4
    endloop
  endfacet
  facet normal -0.700238 -0.138008 0.700443
    outer loop
      vertex 109.324 -47.1598 5
      vertex 109.278 -46.9264 5
      vertex 108.739 -47.2368 4.4
    endloop
  endfacet
  facet normal 0.946915 -0.321484 0
    outer loop
      vertex 27.8579 -53.46 2.5
      vertex 27.9294 -53.2494 -5.72205e-07
      vertex 27.9294 -53.2494 2.5
    endloop
  endfacet
  facet normal 0.946915 -0.321484 0
    outer loop
      vertex 27.9294 -53.2494 -5.72205e-07
      vertex 27.8579 -53.46 2.5
      vertex 27.8579 -53.46 -5.72205e-07
    endloop
  endfacet
  facet normal -0.321484 -0.946915 0
    outer loop
      vertex 29.94 -52.2579 -5.72205e-07
      vertex 30.1506 -52.3294 2.5
      vertex 29.94 -52.2579 2.5
    endloop
  endfacet
  facet normal -0.321484 -0.946915 -0
    outer loop
      vertex 30.1506 -52.3294 2.5
      vertex 29.94 -52.2579 -5.72205e-07
      vertex 30.1506 -52.3294 -5.72205e-07
    endloop
  endfacet
  facet normal -0.321484 0.946915 0
    outer loop
      vertex 30.1506 -55.4706 -5.72205e-07
      vertex 29.94 -55.5421 2.5
      vertex 30.1506 -55.4706 2.5
    endloop
  endfacet
  facet normal -0.321484 0.946915 0
    outer loop
      vertex 29.94 -55.5421 2.5
      vertex 30.1506 -55.4706 -5.72205e-07
      vertex 29.94 -55.5421 -5.72205e-07
    endloop
  endfacet
  facet normal -0.831566 -0.555426 0
    outer loop
      vertex 30.9722 -53.05 -5.72205e-07
      vertex 30.8487 -52.8651 2.5
      vertex 30.8487 -52.8651 -5.72205e-07
    endloop
  endfacet
  facet normal -0.831566 -0.555426 0
    outer loop
      vertex 30.8487 -52.8651 2.5
      vertex 30.9722 -53.05 -5.72205e-07
      vertex 30.9722 -53.05 2.5
    endloop
  endfacet
  facet normal 0.831566 -0.555426 0
    outer loop
      vertex 28.0278 -53.05 2.5
      vertex 28.1513 -52.8651 -5.72205e-07
      vertex 28.1513 -52.8651 2.5
    endloop
  endfacet
  facet normal 0.831566 -0.555426 0
    outer loop
      vertex 28.1513 -52.8651 -5.72205e-07
      vertex 28.0278 -53.05 2.5
      vertex 28.0278 -53.05 -5.72205e-07
    endloop
  endfacet
  facet normal 0.896754 -0.44253 0
    outer loop
      vertex 27.9294 -53.2494 2.5
      vertex 28.0278 -53.05 -5.72205e-07
      vertex 28.0278 -53.05 2.5
    endloop
  endfacet
  facet normal 0.896754 -0.44253 0
    outer loop
      vertex 28.0278 -53.05 -5.72205e-07
      vertex 27.9294 -53.2494 2.5
      vertex 27.9294 -53.2494 -5.72205e-07
    endloop
  endfacet
  facet normal -0.896754 0.44253 0
    outer loop
      vertex 30.9722 -54.75 -5.72205e-07
      vertex 31.0706 -54.5506 2.5
      vertex 31.0706 -54.5506 -5.72205e-07
    endloop
  endfacet
  facet normal -0.896754 0.44253 0
    outer loop
      vertex 31.0706 -54.5506 2.5
      vertex 30.9722 -54.75 -5.72205e-07
      vertex 30.9722 -54.75 2.5
    endloop
  endfacet
  facet normal 0.98077 0.195165 0
    outer loop
      vertex 27.8579 -54.34 2.5
      vertex 27.8145 -54.1219 -5.72205e-07
      vertex 27.8145 -54.1219 2.5
    endloop
  endfacet
  facet normal 0.98077 0.195165 0
    outer loop
      vertex 27.8145 -54.1219 -5.72205e-07
      vertex 27.8579 -54.34 2.5
      vertex 27.8579 -54.34 -5.72205e-07
    endloop
  endfacet
  facet normal 0.98077 -0.195165 0
    outer loop
      vertex 27.8145 -53.6781 2.5
      vertex 27.8579 -53.46 -5.72205e-07
      vertex 27.8579 -53.46 2.5
    endloop
  endfacet
  facet normal 0.98077 -0.195165 0
    outer loop
      vertex 27.8579 -53.46 -5.72205e-07
      vertex 27.8145 -53.6781 2.5
      vertex 27.8145 -53.6781 -5.72205e-07
    endloop
  endfacet
  facet normal -0.997872 -0.0652057 0
    outer loop
      vertex 31.2 -53.9 -5.72205e-07
      vertex 31.1855 -53.6781 2.5
      vertex 31.1855 -53.6781 -5.72205e-07
    endloop
  endfacet
  facet normal -0.997872 -0.0652057 0
    outer loop
      vertex 31.1855 -53.6781 2.5
      vertex 31.2 -53.9 -5.72205e-07
      vertex 31.2 -53.9 2.5
    endloop
  endfacet
  facet normal 0.751908 -0.659268 0
    outer loop
      vertex 28.1513 -52.8651 2.5
      vertex 28.2979 -52.6979 -5.72205e-07
      vertex 28.2979 -52.6979 2.5
    endloop
  endfacet
  facet normal 0.751908 -0.659268 0
    outer loop
      vertex 28.2979 -52.6979 -5.72205e-07
      vertex 28.1513 -52.8651 2.5
      vertex 28.1513 -52.8651 -5.72205e-07
    endloop
  endfacet
  facet normal -0.44253 0.896754 0
    outer loop
      vertex 30.35 -55.3722 -5.72205e-07
      vertex 30.1506 -55.4706 2.5
      vertex 30.35 -55.3722 2.5
    endloop
  endfacet
  facet normal -0.44253 0.896754 0
    outer loop
      vertex 30.1506 -55.4706 2.5
      vertex 30.35 -55.3722 -5.72205e-07
      vertex 30.1506 -55.4706 -5.72205e-07
    endloop
  endfacet
  facet normal -0.896754 -0.44253 0
    outer loop
      vertex 31.0706 -53.2494 -5.72205e-07
      vertex 30.9722 -53.05 2.5
      vertex 30.9722 -53.05 -5.72205e-07
    endloop
  endfacet
  facet normal -0.896754 -0.44253 0
    outer loop
      vertex 30.9722 -53.05 2.5
      vertex 31.0706 -53.2494 -5.72205e-07
      vertex 31.0706 -53.2494 2.5
    endloop
  endfacet
  facet normal -0.98077 -0.195165 0
    outer loop
      vertex 31.1855 -53.6781 -5.72205e-07
      vertex 31.1421 -53.46 2.5
      vertex 31.1421 -53.46 -5.72205e-07
    endloop
  endfacet
  facet normal -0.98077 -0.195165 0
    outer loop
      vertex 31.1421 -53.46 2.5
      vertex 31.1855 -53.6781 -5.72205e-07
      vertex 31.1855 -53.6781 2.5
    endloop
  endfacet
  facet normal 0.195165 -0.98077 0
    outer loop
      vertex 29.06 -52.2579 -5.72205e-07
      vertex 29.2781 -52.2145 2.5
      vertex 29.06 -52.2579 2.5
    endloop
  endfacet
  facet normal 0.195165 -0.98077 0
    outer loop
      vertex 29.2781 -52.2145 2.5
      vertex 29.06 -52.2579 -5.72205e-07
      vertex 29.2781 -52.2145 -5.72205e-07
    endloop
  endfacet
  facet normal 0.0652057 -0.997872 0
    outer loop
      vertex 29.2781 -52.2145 -5.72205e-07
      vertex 29.5 -52.2 2.5
      vertex 29.2781 -52.2145 2.5
    endloop
  endfacet
  facet normal 0.0652057 -0.997872 0
    outer loop
      vertex 29.5 -52.2 2.5
      vertex 29.2781 -52.2145 -5.72205e-07
      vertex 29.5 -52.2 -5.72205e-07
    endloop
  endfacet
  facet normal -0.0652057 -0.997872 0
    outer loop
      vertex 29.5 -52.2 -5.72205e-07
      vertex 29.7219 -52.2145 2.5
      vertex 29.5 -52.2 2.5
    endloop
  endfacet
  facet normal -0.0652057 -0.997872 -0
    outer loop
      vertex 29.7219 -52.2145 2.5
      vertex 29.5 -52.2 -5.72205e-07
      vertex 29.7219 -52.2145 -5.72205e-07
    endloop
  endfacet
  facet normal -0.555426 -0.831566 0
    outer loop
      vertex 30.35 -52.4278 -5.72205e-07
      vertex 30.5349 -52.5513 2.5
      vertex 30.35 -52.4278 2.5
    endloop
  endfacet
  facet normal -0.555426 -0.831566 -0
    outer loop
      vertex 30.5349 -52.5513 2.5
      vertex 30.35 -52.4278 -5.72205e-07
      vertex 30.5349 -52.5513 -5.72205e-07
    endloop
  endfacet
  facet normal 0.946915 0.321484 0
    outer loop
      vertex 27.9294 -54.5506 2.5
      vertex 27.8579 -54.34 -5.72205e-07
      vertex 27.8579 -54.34 2.5
    endloop
  endfacet
  facet normal 0.946915 0.321484 0
    outer loop
      vertex 27.8579 -54.34 -5.72205e-07
      vertex 27.9294 -54.5506 2.5
      vertex 27.9294 -54.5506 -5.72205e-07
    endloop
  endfacet
  facet normal -0.831566 0.555426 0
    outer loop
      vertex 30.8487 -54.9349 -5.72205e-07
      vertex 30.9722 -54.75 2.5
      vertex 30.9722 -54.75 -5.72205e-07
    endloop
  endfacet
  facet normal -0.831566 0.555426 0
    outer loop
      vertex 30.9722 -54.75 2.5
      vertex 30.8487 -54.9349 -5.72205e-07
      vertex 30.8487 -54.9349 2.5
    endloop
  endfacet
  facet normal 0.751908 0.659268 0
    outer loop
      vertex 28.2979 -55.1021 2.5
      vertex 28.1513 -54.9349 -5.72205e-07
      vertex 28.1513 -54.9349 2.5
    endloop
  endfacet
  facet normal 0.751908 0.659268 0
    outer loop
      vertex 28.1513 -54.9349 -5.72205e-07
      vertex 28.2979 -55.1021 2.5
      vertex 28.2979 -55.1021 -5.72205e-07
    endloop
  endfacet
  facet normal -0.946915 0.321484 0
    outer loop
      vertex 31.0706 -54.5506 -5.72205e-07
      vertex 31.1421 -54.34 2.5
      vertex 31.1421 -54.34 -5.72205e-07
    endloop
  endfacet
  facet normal -0.946915 0.321484 0
    outer loop
      vertex 31.1421 -54.34 2.5
      vertex 31.0706 -54.5506 -5.72205e-07
      vertex 31.0706 -54.5506 2.5
    endloop
  endfacet
  facet normal -0.195165 0.98077 0
    outer loop
      vertex 29.94 -55.5421 -5.72205e-07
      vertex 29.7219 -55.5855 2.5
      vertex 29.94 -55.5421 2.5
    endloop
  endfacet
  facet normal -0.195165 0.98077 0
    outer loop
      vertex 29.7219 -55.5855 2.5
      vertex 29.94 -55.5421 -5.72205e-07
      vertex 29.7219 -55.5855 -5.72205e-07
    endloop
  endfacet
  facet normal -0.44253 -0.896754 0
    outer loop
      vertex 30.1506 -52.3294 -5.72205e-07
      vertex 30.35 -52.4278 2.5
      vertex 30.1506 -52.3294 2.5
    endloop
  endfacet
  facet normal -0.44253 -0.896754 -0
    outer loop
      vertex 30.35 -52.4278 2.5
      vertex 30.1506 -52.3294 -5.72205e-07
      vertex 30.35 -52.4278 -5.72205e-07
    endloop
  endfacet
  facet normal 0.555426 -0.831566 0
    outer loop
      vertex 28.4651 -52.5513 -5.72205e-07
      vertex 28.65 -52.4278 2.5
      vertex 28.4651 -52.5513 2.5
    endloop
  endfacet
  facet normal 0.555426 -0.831566 0
    outer loop
      vertex 28.65 -52.4278 2.5
      vertex 28.4651 -52.5513 -5.72205e-07
      vertex 28.65 -52.4278 -5.72205e-07
    endloop
  endfacet
  facet normal 0.659268 0.751908 -0
    outer loop
      vertex 28.4651 -55.2487 -5.72205e-07
      vertex 28.2979 -55.1021 2.5
      vertex 28.4651 -55.2487 2.5
    endloop
  endfacet
  facet normal 0.659268 0.751908 0
    outer loop
      vertex 28.2979 -55.1021 2.5
      vertex 28.4651 -55.2487 -5.72205e-07
      vertex 28.2979 -55.1021 -5.72205e-07
    endloop
  endfacet
  facet normal 0.321484 -0.946915 0
    outer loop
      vertex 28.8494 -52.3294 -5.72205e-07
      vertex 29.06 -52.2579 2.5
      vertex 28.8494 -52.3294 2.5
    endloop
  endfacet
  facet normal 0.321484 -0.946915 0
    outer loop
      vertex 29.06 -52.2579 2.5
      vertex 28.8494 -52.3294 -5.72205e-07
      vertex 29.06 -52.2579 -5.72205e-07
    endloop
  endfacet
  facet normal 0.44253 -0.896754 0
    outer loop
      vertex 28.65 -52.4278 -5.72205e-07
      vertex 28.8494 -52.3294 2.5
      vertex 28.65 -52.4278 2.5
    endloop
  endfacet
  facet normal 0.44253 -0.896754 0
    outer loop
      vertex 28.8494 -52.3294 2.5
      vertex 28.65 -52.4278 -5.72205e-07
      vertex 28.8494 -52.3294 -5.72205e-07
    endloop
  endfacet
  facet normal -0.98077 0.195165 0
    outer loop
      vertex 31.1421 -54.34 -5.72205e-07
      vertex 31.1855 -54.1219 2.5
      vertex 31.1855 -54.1219 -5.72205e-07
    endloop
  endfacet
  facet normal -0.98077 0.195165 0
    outer loop
      vertex 31.1855 -54.1219 2.5
      vertex 31.1421 -54.34 -5.72205e-07
      vertex 31.1421 -54.34 2.5
    endloop
  endfacet
  facet normal -0.997872 0.0652057 0
    outer loop
      vertex 31.1855 -54.1219 -5.72205e-07
      vertex 31.2 -53.9 2.5
      vertex 31.2 -53.9 -5.72205e-07
    endloop
  endfacet
  facet normal -0.997872 0.0652057 0
    outer loop
      vertex 31.2 -53.9 2.5
      vertex 31.1855 -54.1219 -5.72205e-07
      vertex 31.1855 -54.1219 2.5
    endloop
  endfacet
  facet normal -0.751908 0.659268 0
    outer loop
      vertex 30.7021 -55.1021 -5.72205e-07
      vertex 30.8487 -54.9349 2.5
      vertex 30.8487 -54.9349 -5.72205e-07
    endloop
  endfacet
  facet normal -0.751908 0.659268 0
    outer loop
      vertex 30.8487 -54.9349 2.5
      vertex 30.7021 -55.1021 -5.72205e-07
      vertex 30.7021 -55.1021 2.5
    endloop
  endfacet
  facet normal 0.831566 0.555426 0
    outer loop
      vertex 28.1513 -54.9349 2.5
      vertex 28.0278 -54.75 -5.72205e-07
      vertex 28.0278 -54.75 2.5
    endloop
  endfacet
  facet normal 0.831566 0.555426 0
    outer loop
      vertex 28.0278 -54.75 -5.72205e-07
      vertex 28.1513 -54.9349 2.5
      vertex 28.1513 -54.9349 -5.72205e-07
    endloop
  endfacet
  facet normal 0.0652057 0.997872 -0
    outer loop
      vertex 29.5 -55.6 -5.72205e-07
      vertex 29.2781 -55.5855 2.5
      vertex 29.5 -55.6 2.5
    endloop
  endfacet
  facet normal 0.0652057 0.997872 0
    outer loop
      vertex 29.2781 -55.5855 2.5
      vertex 29.5 -55.6 -5.72205e-07
      vertex 29.2781 -55.5855 -5.72205e-07
    endloop
  endfacet
  facet normal -0.946915 -0.321484 0
    outer loop
      vertex 31.1421 -53.46 -5.72205e-07
      vertex 31.0706 -53.2494 2.5
      vertex 31.0706 -53.2494 -5.72205e-07
    endloop
  endfacet
  facet normal -0.946915 -0.321484 0
    outer loop
      vertex 31.0706 -53.2494 2.5
      vertex 31.1421 -53.46 -5.72205e-07
      vertex 31.1421 -53.46 2.5
    endloop
  endfacet
  facet normal 0.997872 -0.0652057 0
    outer loop
      vertex 27.8 -53.9 2.5
      vertex 27.8145 -53.6781 -5.72205e-07
      vertex 27.8145 -53.6781 2.5
    endloop
  endfacet
  facet normal 0.997872 -0.0652057 0
    outer loop
      vertex 27.8145 -53.6781 -5.72205e-07
      vertex 27.8 -53.9 2.5
      vertex 27.8 -53.9 -5.72205e-07
    endloop
  endfacet
  facet normal -0.195165 -0.98077 0
    outer loop
      vertex 29.7219 -52.2145 -5.72205e-07
      vertex 29.94 -52.2579 2.5
      vertex 29.7219 -52.2145 2.5
    endloop
  endfacet
  facet normal -0.195165 -0.98077 -0
    outer loop
      vertex 29.94 -52.2579 2.5
      vertex 29.7219 -52.2145 -5.72205e-07
      vertex 29.94 -52.2579 -5.72205e-07
    endloop
  endfacet
  facet normal -0.659268 -0.751908 0
    outer loop
      vertex 30.5349 -52.5513 -5.72205e-07
      vertex 30.7021 -52.6979 2.5
      vertex 30.5349 -52.5513 2.5
    endloop
  endfacet
  facet normal -0.659268 -0.751908 -0
    outer loop
      vertex 30.7021 -52.6979 2.5
      vertex 30.5349 -52.5513 -5.72205e-07
      vertex 30.7021 -52.6979 -5.72205e-07
    endloop
  endfacet
  facet normal -0.0652057 0.997872 0
    outer loop
      vertex 29.7219 -55.5855 -5.72205e-07
      vertex 29.5 -55.6 2.5
      vertex 29.7219 -55.5855 2.5
    endloop
  endfacet
  facet normal -0.0652057 0.997872 0
    outer loop
      vertex 29.5 -55.6 2.5
      vertex 29.7219 -55.5855 -5.72205e-07
      vertex 29.5 -55.6 -5.72205e-07
    endloop
  endfacet
  facet normal 0.659268 -0.751908 0
    outer loop
      vertex 28.2979 -52.6979 -5.72205e-07
      vertex 28.4651 -52.5513 2.5
      vertex 28.2979 -52.6979 2.5
    endloop
  endfacet
  facet normal 0.659268 -0.751908 0
    outer loop
      vertex 28.4651 -52.5513 2.5
      vertex 28.2979 -52.6979 -5.72205e-07
      vertex 28.4651 -52.5513 -5.72205e-07
    endloop
  endfacet
  facet normal -0.751908 -0.659268 0
    outer loop
      vertex 30.8487 -52.8651 -5.72205e-07
      vertex 30.7021 -52.6979 2.5
      vertex 30.7021 -52.6979 -5.72205e-07
    endloop
  endfacet
  facet normal -0.751908 -0.659268 0
    outer loop
      vertex 30.7021 -52.6979 2.5
      vertex 30.8487 -52.8651 -5.72205e-07
      vertex 30.8487 -52.8651 2.5
    endloop
  endfacet
  facet normal 0.997872 0.0652057 0
    outer loop
      vertex 27.8145 -54.1219 2.5
      vertex 27.8 -53.9 -5.72205e-07
      vertex 27.8 -53.9 2.5
    endloop
  endfacet
  facet normal 0.997872 0.0652057 0
    outer loop
      vertex 27.8 -53.9 -5.72205e-07
      vertex 27.8145 -54.1219 2.5
      vertex 27.8145 -54.1219 -5.72205e-07
    endloop
  endfacet
  facet normal 0.555426 0.831566 -0
    outer loop
      vertex 28.65 -55.3722 -5.72205e-07
      vertex 28.4651 -55.2487 2.5
      vertex 28.65 -55.3722 2.5
    endloop
  endfacet
  facet normal 0.555426 0.831566 0
    outer loop
      vertex 28.4651 -55.2487 2.5
      vertex 28.65 -55.3722 -5.72205e-07
      vertex 28.4651 -55.2487 -5.72205e-07
    endloop
  endfacet
  facet normal -0.659268 0.751908 0
    outer loop
      vertex 30.7021 -55.1021 -5.72205e-07
      vertex 30.5349 -55.2487 2.5
      vertex 30.7021 -55.1021 2.5
    endloop
  endfacet
  facet normal -0.659268 0.751908 0
    outer loop
      vertex 30.5349 -55.2487 2.5
      vertex 30.7021 -55.1021 -5.72205e-07
      vertex 30.5349 -55.2487 -5.72205e-07
    endloop
  endfacet
  facet normal 0.195165 0.98077 -0
    outer loop
      vertex 29.2781 -55.5855 -5.72205e-07
      vertex 29.06 -55.5421 2.5
      vertex 29.2781 -55.5855 2.5
    endloop
  endfacet
  facet normal 0.195165 0.98077 0
    outer loop
      vertex 29.06 -55.5421 2.5
      vertex 29.2781 -55.5855 -5.72205e-07
      vertex 29.06 -55.5421 -5.72205e-07
    endloop
  endfacet
  facet normal 0.896754 0.44253 0
    outer loop
      vertex 28.0278 -54.75 2.5
      vertex 27.9294 -54.5506 -5.72205e-07
      vertex 27.9294 -54.5506 2.5
    endloop
  endfacet
  facet normal 0.896754 0.44253 0
    outer loop
      vertex 27.9294 -54.5506 -5.72205e-07
      vertex 28.0278 -54.75 2.5
      vertex 28.0278 -54.75 -5.72205e-07
    endloop
  endfacet
  facet normal 0.321484 0.946915 -0
    outer loop
      vertex 29.06 -55.5421 -5.72205e-07
      vertex 28.8494 -55.4706 2.5
      vertex 29.06 -55.5421 2.5
    endloop
  endfacet
  facet normal 0.321484 0.946915 0
    outer loop
      vertex 28.8494 -55.4706 2.5
      vertex 29.06 -55.5421 -5.72205e-07
      vertex 28.8494 -55.4706 -5.72205e-07
    endloop
  endfacet
  facet normal -0.555426 0.831566 0
    outer loop
      vertex 30.5349 -55.2487 -5.72205e-07
      vertex 30.35 -55.3722 2.5
      vertex 30.5349 -55.2487 2.5
    endloop
  endfacet
  facet normal -0.555426 0.831566 0
    outer loop
      vertex 30.35 -55.3722 2.5
      vertex 30.5349 -55.2487 -5.72205e-07
      vertex 30.35 -55.3722 -5.72205e-07
    endloop
  endfacet
  facet normal 0.44253 0.896754 -0
    outer loop
      vertex 28.8494 -55.4706 -5.72205e-07
      vertex 28.65 -55.3722 2.5
      vertex 28.8494 -55.4706 2.5
    endloop
  endfacet
  facet normal 0.44253 0.896754 0
    outer loop
      vertex 28.65 -55.3722 2.5
      vertex 28.8494 -55.4706 -5.72205e-07
      vertex 28.65 -55.3722 -5.72205e-07
    endloop
  endfacet
  facet normal 0.981113 -0.193434 0
    outer loop
      vertex 106.815 -53.6781 2.5
      vertex 106.858 -53.46 -5.72205e-07
      vertex 106.858 -53.46 2.5
    endloop
  endfacet
  facet normal 0.981113 -0.193434 0
    outer loop
      vertex 106.858 -53.46 -5.72205e-07
      vertex 106.815 -53.6781 2.5
      vertex 106.815 -53.6781 -5.72205e-07
    endloop
  endfacet
  facet normal -0.0651764 -0.997874 0
    outer loop
      vertex 108.5 -52.2 -5.72205e-07
      vertex 108.722 -52.2145 2.5
      vertex 108.5 -52.2 2.5
    endloop
  endfacet
  facet normal -0.0651764 -0.997874 -0
    outer loop
      vertex 108.722 -52.2145 2.5
      vertex 108.5 -52.2 -5.72205e-07
      vertex 108.722 -52.2145 -5.72205e-07
    endloop
  endfacet
  facet normal -0.195251 0.980753 0
    outer loop
      vertex 108.94 -55.5421 -5.72205e-07
      vertex 108.722 -55.5855 2.5
      vertex 108.94 -55.5421 2.5
    endloop
  endfacet
  facet normal -0.195251 0.980753 0
    outer loop
      vertex 108.722 -55.5855 2.5
      vertex 108.94 -55.5421 -5.72205e-07
      vertex 108.722 -55.5855 -5.72205e-07
    endloop
  endfacet
  facet normal -0.555219 0.831704 0
    outer loop
      vertex 109.535 -55.2487 -5.72205e-07
      vertex 109.35 -55.3722 2.5
      vertex 109.535 -55.2487 2.5
    endloop
  endfacet
  facet normal -0.555219 0.831704 0
    outer loop
      vertex 109.35 -55.3722 2.5
      vertex 109.535 -55.2487 -5.72205e-07
      vertex 109.35 -55.3722 -5.72205e-07
    endloop
  endfacet
  facet normal 0.832604 -0.553869 0
    outer loop
      vertex 107.028 -53.05 2.5
      vertex 107.151 -52.8651 -5.72205e-07
      vertex 107.151 -52.8651 2.5
    endloop
  endfacet
  facet normal 0.832604 -0.553869 0
    outer loop
      vertex 107.151 -52.8651 -5.72205e-07
      vertex 107.028 -53.05 2.5
      vertex 107.028 -53.05 -5.72205e-07
    endloop
  endfacet
  facet normal -0.751016 0.660284 0
    outer loop
      vertex 109.702 -55.1021 -5.72205e-07
      vertex 109.849 -54.9349 2.5
      vertex 109.849 -54.9349 -5.72205e-07
    endloop
  endfacet
  facet normal -0.751016 0.660284 0
    outer loop
      vertex 109.849 -54.9349 2.5
      vertex 109.702 -55.1021 -5.72205e-07
      vertex 109.702 -55.1021 2.5
    endloop
  endfacet
  facet normal 0.659714 0.751516 -0
    outer loop
      vertex 107.465 -55.2487 -5.72205e-07
      vertex 107.298 -55.1021 2.5
      vertex 107.465 -55.2487 2.5
    endloop
  endfacet
  facet normal 0.659714 0.751516 0
    outer loop
      vertex 107.298 -55.1021 2.5
      vertex 107.465 -55.2487 -5.72205e-07
      vertex 107.298 -55.1021 -5.72205e-07
    endloop
  endfacet
  facet normal 0.997723 0.0674441 0
    outer loop
      vertex 106.815 -54.1219 2.5
      vertex 106.8 -53.9 -5.72205e-07
      vertex 106.8 -53.9 2.5
    endloop
  endfacet
  facet normal 0.997723 0.0674441 0
    outer loop
      vertex 106.8 -53.9 -5.72205e-07
      vertex 106.815 -54.1219 2.5
      vertex 106.815 -54.1219 -5.72205e-07
    endloop
  endfacet
  facet normal -0.997723 -0.0674441 0
    outer loop
      vertex 110.2 -53.9 -5.72205e-07
      vertex 110.185 -53.6781 2.5
      vertex 110.185 -53.6781 -5.72205e-07
    endloop
  endfacet
  facet normal -0.997723 -0.0674441 0
    outer loop
      vertex 110.185 -53.6781 2.5
      vertex 110.2 -53.9 -5.72205e-07
      vertex 110.2 -53.9 2.5
    endloop
  endfacet
  facet normal 0.320937 -0.947101 0
    outer loop
      vertex 107.849 -52.3294 -5.72205e-07
      vertex 108.06 -52.2579 2.5
      vertex 107.849 -52.3294 2.5
    endloop
  endfacet
  facet normal 0.320937 -0.947101 0
    outer loop
      vertex 108.06 -52.2579 2.5
      vertex 107.849 -52.3294 -5.72205e-07
      vertex 108.06 -52.2579 -5.72205e-07
    endloop
  endfacet
  facet normal -0.0651764 0.997874 0
    outer loop
      vertex 108.722 -55.5855 -5.72205e-07
      vertex 108.5 -55.6 2.5
      vertex 108.722 -55.5855 2.5
    endloop
  endfacet
  facet normal -0.0651764 0.997874 0
    outer loop
      vertex 108.5 -55.6 2.5
      vertex 108.722 -55.5855 -5.72205e-07
      vertex 108.5 -55.6 -5.72205e-07
    endloop
  endfacet
  facet normal 0.997723 -0.0674441 0
    outer loop
      vertex 106.8 -53.9 2.5
      vertex 106.815 -53.6781 -5.72205e-07
      vertex 106.815 -53.6781 2.5
    endloop
  endfacet
  facet normal 0.997723 -0.0674441 0
    outer loop
      vertex 106.815 -53.6781 -5.72205e-07
      vertex 106.8 -53.9 2.5
      vertex 106.8 -53.9 -5.72205e-07
    endloop
  endfacet
  facet normal 0.895681 -0.444696 0
    outer loop
      vertex 106.929 -53.2494 2.5
      vertex 107.028 -53.05 -5.72205e-07
      vertex 107.028 -53.05 2.5
    endloop
  endfacet
  facet normal 0.895681 -0.444696 0
    outer loop
      vertex 107.028 -53.05 -5.72205e-07
      vertex 106.929 -53.2494 2.5
      vertex 106.929 -53.2494 -5.72205e-07
    endloop
  endfacet
  facet normal -0.832604 0.553869 0
    outer loop
      vertex 109.849 -54.9349 -5.72205e-07
      vertex 109.972 -54.75 2.5
      vertex 109.972 -54.75 -5.72205e-07
    endloop
  endfacet
  facet normal -0.832604 0.553869 0
    outer loop
      vertex 109.972 -54.75 2.5
      vertex 109.849 -54.9349 -5.72205e-07
      vertex 109.849 -54.9349 2.5
    endloop
  endfacet
  facet normal -0.443245 -0.8964 0
    outer loop
      vertex 109.151 -52.3294 -5.72205e-07
      vertex 109.35 -52.4278 2.5
      vertex 109.151 -52.3294 2.5
    endloop
  endfacet
  facet normal -0.443245 -0.8964 -0
    outer loop
      vertex 109.35 -52.4278 2.5
      vertex 109.151 -52.3294 -5.72205e-07
      vertex 109.35 -52.4278 -5.72205e-07
    endloop
  endfacet
  facet normal 0.195251 -0.980753 0
    outer loop
      vertex 108.06 -52.2579 -5.72205e-07
      vertex 108.278 -52.2145 2.5
      vertex 108.06 -52.2579 2.5
    endloop
  endfacet
  facet normal 0.195251 -0.980753 0
    outer loop
      vertex 108.278 -52.2145 2.5
      vertex 108.06 -52.2579 -5.72205e-07
      vertex 108.278 -52.2145 -5.72205e-07
    endloop
  endfacet
  facet normal -0.981113 -0.193434 0
    outer loop
      vertex 110.185 -53.6781 -5.72205e-07
      vertex 110.142 -53.46 2.5
      vertex 110.142 -53.46 -5.72205e-07
    endloop
  endfacet
  facet normal -0.981113 -0.193434 0
    outer loop
      vertex 110.142 -53.46 2.5
      vertex 110.185 -53.6781 -5.72205e-07
      vertex 110.185 -53.6781 2.5
    endloop
  endfacet
  facet normal -0.997723 0.0674441 0
    outer loop
      vertex 110.185 -54.1219 -5.72205e-07
      vertex 110.2 -53.9 2.5
      vertex 110.2 -53.9 -5.72205e-07
    endloop
  endfacet
  facet normal -0.997723 0.0674441 0
    outer loop
      vertex 110.2 -53.9 2.5
      vertex 110.185 -54.1219 -5.72205e-07
      vertex 110.185 -54.1219 2.5
    endloop
  endfacet
  facet normal 0.659714 -0.751516 0
    outer loop
      vertex 107.298 -52.6979 -5.72205e-07
      vertex 107.465 -52.5513 2.5
      vertex 107.298 -52.6979 2.5
    endloop
  endfacet
  facet normal 0.659714 -0.751516 0
    outer loop
      vertex 107.465 -52.5513 2.5
      vertex 107.298 -52.6979 -5.72205e-07
      vertex 107.465 -52.5513 -5.72205e-07
    endloop
  endfacet
  facet normal -0.659714 -0.751516 0
    outer loop
      vertex 109.535 -52.5513 -5.72205e-07
      vertex 109.702 -52.6979 2.5
      vertex 109.535 -52.5513 2.5
    endloop
  endfacet
  facet normal -0.659714 -0.751516 -0
    outer loop
      vertex 109.702 -52.6979 2.5
      vertex 109.535 -52.5513 -5.72205e-07
      vertex 109.702 -52.6979 -5.72205e-07
    endloop
  endfacet
  facet normal -0.947598 -0.319466 0
    outer loop
      vertex 110.142 -53.46 -5.72205e-07
      vertex 110.071 -53.2494 2.5
      vertex 110.071 -53.2494 -5.72205e-07
    endloop
  endfacet
  facet normal -0.947598 -0.319466 0
    outer loop
      vertex 110.071 -53.2494 2.5
      vertex 110.142 -53.46 -5.72205e-07
      vertex 110.142 -53.46 2.5
    endloop
  endfacet
  facet normal -0.981113 0.193434 0
    outer loop
      vertex 110.142 -54.34 -5.72205e-07
      vertex 110.185 -54.1219 2.5
      vertex 110.185 -54.1219 -5.72205e-07
    endloop
  endfacet
  facet normal -0.981113 0.193434 0
    outer loop
      vertex 110.185 -54.1219 2.5
      vertex 110.142 -54.34 -5.72205e-07
      vertex 110.142 -54.34 2.5
    endloop
  endfacet
  facet normal -0.947598 0.319466 0
    outer loop
      vertex 110.071 -54.5506 -5.72205e-07
      vertex 110.142 -54.34 2.5
      vertex 110.142 -54.34 -5.72205e-07
    endloop
  endfacet
  facet normal -0.947598 0.319466 0
    outer loop
      vertex 110.142 -54.34 2.5
      vertex 110.071 -54.5506 -5.72205e-07
      vertex 110.071 -54.5506 2.5
    endloop
  endfacet
  facet normal 0.320937 0.947101 -0
    outer loop
      vertex 108.06 -55.5421 -5.72205e-07
      vertex 107.849 -55.4706 2.5
      vertex 108.06 -55.5421 2.5
    endloop
  endfacet
  facet normal 0.320937 0.947101 0
    outer loop
      vertex 107.849 -55.4706 2.5
      vertex 108.06 -55.5421 -5.72205e-07
      vertex 107.849 -55.4706 -5.72205e-07
    endloop
  endfacet
  facet normal -0.555219 -0.831704 0
    outer loop
      vertex 109.35 -52.4278 -5.72205e-07
      vertex 109.535 -52.5513 2.5
      vertex 109.35 -52.4278 2.5
    endloop
  endfacet
  facet normal -0.555219 -0.831704 -0
    outer loop
      vertex 109.535 -52.5513 2.5
      vertex 109.35 -52.4278 -5.72205e-07
      vertex 109.535 -52.5513 -5.72205e-07
    endloop
  endfacet
  facet normal -0.832604 -0.553869 0
    outer loop
      vertex 109.972 -53.05 -5.72205e-07
      vertex 109.849 -52.8651 2.5
      vertex 109.849 -52.8651 -5.72205e-07
    endloop
  endfacet
  facet normal -0.832604 -0.553869 0
    outer loop
      vertex 109.849 -52.8651 2.5
      vertex 109.972 -53.05 -5.72205e-07
      vertex 109.972 -53.05 2.5
    endloop
  endfacet
  facet normal -0.895681 0.444696 0
    outer loop
      vertex 109.972 -54.75 -5.72205e-07
      vertex 110.071 -54.5506 2.5
      vertex 110.071 -54.5506 -5.72205e-07
    endloop
  endfacet
  facet normal -0.895681 0.444696 0
    outer loop
      vertex 110.071 -54.5506 2.5
      vertex 109.972 -54.75 -5.72205e-07
      vertex 109.972 -54.75 2.5
    endloop
  endfacet
  facet normal -0.320937 -0.947101 0
    outer loop
      vertex 108.94 -52.2579 -5.72205e-07
      vertex 109.151 -52.3294 2.5
      vertex 108.94 -52.2579 2.5
    endloop
  endfacet
  facet normal -0.320937 -0.947101 -0
    outer loop
      vertex 109.151 -52.3294 2.5
      vertex 108.94 -52.2579 -5.72205e-07
      vertex 109.151 -52.3294 -5.72205e-07
    endloop
  endfacet
  facet normal 0.832604 0.553869 0
    outer loop
      vertex 107.151 -54.9349 2.5
      vertex 107.028 -54.75 -5.72205e-07
      vertex 107.028 -54.75 2.5
    endloop
  endfacet
  facet normal 0.832604 0.553869 0
    outer loop
      vertex 107.028 -54.75 -5.72205e-07
      vertex 107.151 -54.9349 2.5
      vertex 107.151 -54.9349 -5.72205e-07
    endloop
  endfacet
  facet normal 0.443245 0.8964 -0
    outer loop
      vertex 107.849 -55.4706 -5.72205e-07
      vertex 107.65 -55.3722 2.5
      vertex 107.849 -55.4706 2.5
    endloop
  endfacet
  facet normal 0.443245 0.8964 0
    outer loop
      vertex 107.65 -55.3722 2.5
      vertex 107.849 -55.4706 -5.72205e-07
      vertex 107.65 -55.3722 -5.72205e-07
    endloop
  endfacet
  facet normal -0.751016 -0.660284 0
    outer loop
      vertex 109.849 -52.8651 -5.72205e-07
      vertex 109.702 -52.6979 2.5
      vertex 109.702 -52.6979 -5.72205e-07
    endloop
  endfacet
  facet normal -0.751016 -0.660284 0
    outer loop
      vertex 109.702 -52.6979 2.5
      vertex 109.849 -52.8651 -5.72205e-07
      vertex 109.849 -52.8651 2.5
    endloop
  endfacet
  facet normal 0.555219 -0.831704 0
    outer loop
      vertex 107.465 -52.5513 -5.72205e-07
      vertex 107.65 -52.4278 2.5
      vertex 107.465 -52.5513 2.5
    endloop
  endfacet
  facet normal 0.555219 -0.831704 0
    outer loop
      vertex 107.65 -52.4278 2.5
      vertex 107.465 -52.5513 -5.72205e-07
      vertex 107.65 -52.4278 -5.72205e-07
    endloop
  endfacet
  facet normal 0.0651764 0.997874 -0
    outer loop
      vertex 108.5 -55.6 -5.72205e-07
      vertex 108.278 -55.5855 2.5
      vertex 108.5 -55.6 2.5
    endloop
  endfacet
  facet normal 0.0651764 0.997874 0
    outer loop
      vertex 108.278 -55.5855 2.5
      vertex 108.5 -55.6 -5.72205e-07
      vertex 108.278 -55.5855 -5.72205e-07
    endloop
  endfacet
  facet normal -0.443245 0.8964 0
    outer loop
      vertex 109.35 -55.3722 -5.72205e-07
      vertex 109.151 -55.4706 2.5
      vertex 109.35 -55.3722 2.5
    endloop
  endfacet
  facet normal -0.443245 0.8964 0
    outer loop
      vertex 109.151 -55.4706 2.5
      vertex 109.35 -55.3722 -5.72205e-07
      vertex 109.151 -55.4706 -5.72205e-07
    endloop
  endfacet
  facet normal -0.320937 0.947101 0
    outer loop
      vertex 109.151 -55.4706 -5.72205e-07
      vertex 108.94 -55.5421 2.5
      vertex 109.151 -55.4706 2.5
    endloop
  endfacet
  facet normal -0.320937 0.947101 0
    outer loop
      vertex 108.94 -55.5421 2.5
      vertex 109.151 -55.4706 -5.72205e-07
      vertex 108.94 -55.5421 -5.72205e-07
    endloop
  endfacet
  facet normal 0.443245 -0.8964 0
    outer loop
      vertex 107.65 -52.4278 -5.72205e-07
      vertex 107.849 -52.3294 2.5
      vertex 107.65 -52.4278 2.5
    endloop
  endfacet
  facet normal 0.443245 -0.8964 0
    outer loop
      vertex 107.849 -52.3294 2.5
      vertex 107.65 -52.4278 -5.72205e-07
      vertex 107.849 -52.3294 -5.72205e-07
    endloop
  endfacet
  facet normal 0.895681 0.444696 0
    outer loop
      vertex 107.028 -54.75 2.5
      vertex 106.929 -54.5506 -5.72205e-07
      vertex 106.929 -54.5506 2.5
    endloop
  endfacet
  facet normal 0.895681 0.444696 0
    outer loop
      vertex 106.929 -54.5506 -5.72205e-07
      vertex 107.028 -54.75 2.5
      vertex 107.028 -54.75 -5.72205e-07
    endloop
  endfacet
  facet normal -0.195251 -0.980753 0
    outer loop
      vertex 108.722 -52.2145 -5.72205e-07
      vertex 108.94 -52.2579 2.5
      vertex 108.722 -52.2145 2.5
    endloop
  endfacet
  facet normal -0.195251 -0.980753 -0
    outer loop
      vertex 108.94 -52.2579 2.5
      vertex 108.722 -52.2145 -5.72205e-07
      vertex 108.94 -52.2579 -5.72205e-07
    endloop
  endfacet
  facet normal -0.659714 0.751516 0
    outer loop
      vertex 109.702 -55.1021 -5.72205e-07
      vertex 109.535 -55.2487 2.5
      vertex 109.702 -55.1021 2.5
    endloop
  endfacet
  facet normal -0.659714 0.751516 0
    outer loop
      vertex 109.535 -55.2487 2.5
      vertex 109.702 -55.1021 -5.72205e-07
      vertex 109.535 -55.2487 -5.72205e-07
    endloop
  endfacet
  facet normal 0.947598 -0.319466 0
    outer loop
      vertex 106.858 -53.46 2.5
      vertex 106.929 -53.2494 -5.72205e-07
      vertex 106.929 -53.2494 2.5
    endloop
  endfacet
  facet normal 0.947598 -0.319466 0
    outer loop
      vertex 106.929 -53.2494 -5.72205e-07
      vertex 106.858 -53.46 2.5
      vertex 106.858 -53.46 -5.72205e-07
    endloop
  endfacet
  facet normal 0.751016 0.660284 0
    outer loop
      vertex 107.298 -55.1021 2.5
      vertex 107.151 -54.9349 -5.72205e-07
      vertex 107.151 -54.9349 2.5
    endloop
  endfacet
  facet normal 0.751016 0.660284 0
    outer loop
      vertex 107.151 -54.9349 -5.72205e-07
      vertex 107.298 -55.1021 2.5
      vertex 107.298 -55.1021 -5.72205e-07
    endloop
  endfacet
  facet normal 0.0651764 -0.997874 0
    outer loop
      vertex 108.278 -52.2145 -5.72205e-07
      vertex 108.5 -52.2 2.5
      vertex 108.278 -52.2145 2.5
    endloop
  endfacet
  facet normal 0.0651764 -0.997874 0
    outer loop
      vertex 108.5 -52.2 2.5
      vertex 108.278 -52.2145 -5.72205e-07
      vertex 108.5 -52.2 -5.72205e-07
    endloop
  endfacet
  facet normal -0.895681 -0.444696 0
    outer loop
      vertex 110.071 -53.2494 -5.72205e-07
      vertex 109.972 -53.05 2.5
      vertex 109.972 -53.05 -5.72205e-07
    endloop
  endfacet
  facet normal -0.895681 -0.444696 0
    outer loop
      vertex 109.972 -53.05 2.5
      vertex 110.071 -53.2494 -5.72205e-07
      vertex 110.071 -53.2494 2.5
    endloop
  endfacet
  facet normal 0.751016 -0.660284 0
    outer loop
      vertex 107.151 -52.8651 2.5
      vertex 107.298 -52.6979 -5.72205e-07
      vertex 107.298 -52.6979 2.5
    endloop
  endfacet
  facet normal 0.751016 -0.660284 0
    outer loop
      vertex 107.298 -52.6979 -5.72205e-07
      vertex 107.151 -52.8651 2.5
      vertex 107.151 -52.8651 -5.72205e-07
    endloop
  endfacet
  facet normal 0.555219 0.831704 -0
    outer loop
      vertex 107.65 -55.3722 -5.72205e-07
      vertex 107.465 -55.2487 2.5
      vertex 107.65 -55.3722 2.5
    endloop
  endfacet
  facet normal 0.555219 0.831704 0
    outer loop
      vertex 107.465 -55.2487 2.5
      vertex 107.65 -55.3722 -5.72205e-07
      vertex 107.465 -55.2487 -5.72205e-07
    endloop
  endfacet
  facet normal 0.947598 0.319466 0
    outer loop
      vertex 106.929 -54.5506 2.5
      vertex 106.858 -54.34 -5.72205e-07
      vertex 106.858 -54.34 2.5
    endloop
  endfacet
  facet normal 0.947598 0.319466 0
    outer loop
      vertex 106.858 -54.34 -5.72205e-07
      vertex 106.929 -54.5506 2.5
      vertex 106.929 -54.5506 -5.72205e-07
    endloop
  endfacet
  facet normal 0.981113 0.193434 0
    outer loop
      vertex 106.858 -54.34 2.5
      vertex 106.815 -54.1219 -5.72205e-07
      vertex 106.815 -54.1219 2.5
    endloop
  endfacet
  facet normal 0.981113 0.193434 0
    outer loop
      vertex 106.815 -54.1219 -5.72205e-07
      vertex 106.858 -54.34 2.5
      vertex 106.858 -54.34 -5.72205e-07
    endloop
  endfacet
  facet normal 0.195251 0.980753 -0
    outer loop
      vertex 108.278 -55.5855 -5.72205e-07
      vertex 108.06 -55.5421 2.5
      vertex 108.278 -55.5855 2.5
    endloop
  endfacet
  facet normal 0.195251 0.980753 0
    outer loop
      vertex 108.06 -55.5421 2.5
      vertex 108.278 -55.5855 -5.72205e-07
      vertex 108.06 -55.5421 -5.72205e-07
    endloop
  endfacet
endsolid OpenSCAD_Model
