solid OpenSCAD_Model
  facet normal 0.196012 -0.980601 0
    outer loop
      vertex 41.5547 110.786 4
      vertex 42.1 110.895 52
      vertex 41.5547 110.786 52
    endloop
  endfacet
  facet normal 0.196012 -0.980601 0
    outer loop
      vertex 42.1 110.895 52
      vertex 41.5547 110.786 4
      vertex 42.1 110.895 4
    endloop
  endfacet
  facet normal 0.980788 0.195078 0
    outer loop
      vertex 45.2136 115.555 52
      vertex 45.1052 116.1 4
      vertex 45.1052 116.1 52
    endloop
  endfacet
  facet normal 0.980788 0.195078 0
    outer loop
      vertex 45.1052 116.1 4
      vertex 45.2136 115.555 52
      vertex 45.2136 115.555 4
    endloop
  endfacet
  facet normal 0.997856 0.065445 0
    outer loop
      vertex 45.25 115 52
      vertex 45.2136 115.555 4
      vertex 45.2136 115.555 52
    endloop
  endfacet
  facet normal 0.997856 0.065445 0
    outer loop
      vertex 45.2136 115.555 4
      vertex 45.25 115 52
      vertex 45.25 115 4
    endloop
  endfacet
  facet normal -0.555779 0.83133 0
    outer loop
      vertex 38.875 118.681 4
      vertex 38.4128 118.372 52
      vertex 38.875 118.681 52
    endloop
  endfacet
  facet normal -0.555779 0.83133 0
    outer loop
      vertex 38.4128 118.372 52
      vertex 38.875 118.681 4
      vertex 38.4128 118.372 4
    endloop
  endfacet
  facet normal 0.659776 0.751462 -0
    outer loop
      vertex 44.0052 118.005 4
      vertex 43.5872 118.372 52
      vertex 44.0052 118.005 52
    endloop
  endfacet
  facet normal 0.659776 0.751462 0
    outer loop
      vertex 43.5872 118.372 52
      vertex 44.0052 118.005 4
      vertex 43.5872 118.372 4
    endloop
  endfacet
  facet normal -0.897001 -0.442029 0
    outer loop
      vertex 37.3194 112.875 4
      vertex 37.0735 113.374 52
      vertex 37.0735 113.374 4
    endloop
  endfacet
  facet normal -0.897001 -0.442029 0
    outer loop
      vertex 37.0735 113.374 52
      vertex 37.3194 112.875 4
      vertex 37.3194 112.875 52
    endloop
  endfacet
  facet normal 0.0647637 -0.997901 0
    outer loop
      vertex 41 110.75 4
      vertex 41.5547 110.786 52
      vertex 41 110.75 52
    endloop
  endfacet
  facet normal 0.0647637 -0.997901 0
    outer loop
      vertex 41.5547 110.786 52
      vertex 41 110.75 4
      vertex 41.5547 110.786 4
    endloop
  endfacet
  facet normal -0.94685 -0.321677 0
    outer loop
      vertex 37.0735 113.374 4
      vertex 36.8948 113.9 52
      vertex 36.8948 113.9 4
    endloop
  endfacet
  facet normal -0.94685 -0.321677 0
    outer loop
      vertex 36.8948 113.9 52
      vertex 37.0735 113.374 4
      vertex 37.0735 113.374 52
    endloop
  endfacet
  facet normal 0.980788 -0.195078 0
    outer loop
      vertex 45.1052 113.9 52
      vertex 45.2136 114.445 4
      vertex 45.2136 114.445 52
    endloop
  endfacet
  facet normal 0.980788 -0.195078 0
    outer loop
      vertex 45.2136 114.445 4
      vertex 45.1052 113.9 52
      vertex 45.1052 113.9 4
    endloop
  endfacet
  facet normal -0.441011 0.897502 0
    outer loop
      vertex 39.3736 118.926 4
      vertex 38.875 118.681 52
      vertex 39.3736 118.926 52
    endloop
  endfacet
  facet normal -0.441011 0.897502 0
    outer loop
      vertex 38.875 118.681 52
      vertex 39.3736 118.926 4
      vertex 38.875 118.681 4
    endloop
  endfacet
  facet normal 0.831302 -0.555821 0
    outer loop
      vertex 44.3717 112.413 52
      vertex 44.6806 112.875 4
      vertex 44.6806 112.875 52
    endloop
  endfacet
  facet normal 0.831302 -0.555821 0
    outer loop
      vertex 44.6806 112.875 4
      vertex 44.3717 112.413 52
      vertex 44.3717 112.413 4
    endloop
  endfacet
  facet normal -0.831302 0.555821 0
    outer loop
      vertex 37.3194 117.125 4
      vertex 37.6283 117.587 52
      vertex 37.6283 117.587 4
    endloop
  endfacet
  facet normal -0.831302 0.555821 0
    outer loop
      vertex 37.6283 117.587 52
      vertex 37.3194 117.125 4
      vertex 37.3194 117.125 52
    endloop
  endfacet
  facet normal -0.555779 -0.83133 0
    outer loop
      vertex 38.4128 111.628 4
      vertex 38.875 111.319 52
      vertex 38.4128 111.628 52
    endloop
  endfacet
  facet normal -0.555779 -0.83133 -0
    outer loop
      vertex 38.875 111.319 52
      vertex 38.4128 111.628 4
      vertex 38.875 111.319 4
    endloop
  endfacet
  facet normal -0.751908 0.659268 0
    outer loop
      vertex 37.6283 117.587 4
      vertex 37.9948 118.005 52
      vertex 37.9948 118.005 4
    endloop
  endfacet
  facet normal -0.751908 0.659268 0
    outer loop
      vertex 37.9948 118.005 52
      vertex 37.6283 117.587 4
      vertex 37.6283 117.587 52
    endloop
  endfacet
  facet normal 0.94685 0.321677 0
    outer loop
      vertex 45.1052 116.1 52
      vertex 44.9265 116.626 4
      vertex 44.9265 116.626 52
    endloop
  endfacet
  facet normal 0.94685 0.321677 0
    outer loop
      vertex 44.9265 116.626 4
      vertex 45.1052 116.1 52
      vertex 45.1052 116.1 4
    endloop
  endfacet
  facet normal 0.831302 0.555821 0
    outer loop
      vertex 44.6806 117.125 52
      vertex 44.3717 117.587 4
      vertex 44.3717 117.587 52
    endloop
  endfacet
  facet normal 0.831302 0.555821 0
    outer loop
      vertex 44.3717 117.587 4
      vertex 44.6806 117.125 52
      vertex 44.6806 117.125 4
    endloop
  endfacet
  facet normal -0.659776 0.751462 0
    outer loop
      vertex 38.4128 118.372 4
      vertex 37.9948 118.005 52
      vertex 38.4128 118.372 52
    endloop
  endfacet
  facet normal -0.659776 0.751462 0
    outer loop
      vertex 37.9948 118.005 52
      vertex 38.4128 118.372 4
      vertex 37.9948 118.005 4
    endloop
  endfacet
  facet normal 0.441011 0.897502 -0
    outer loop
      vertex 43.125 118.681 4
      vertex 42.6264 118.926 52
      vertex 43.125 118.681 52
    endloop
  endfacet
  facet normal 0.441011 0.897502 0
    outer loop
      vertex 42.6264 118.926 52
      vertex 43.125 118.681 4
      vertex 42.6264 118.926 4
    endloop
  endfacet
  facet normal 0.997856 -0.065445 0
    outer loop
      vertex 45.2136 114.445 52
      vertex 45.25 115 4
      vertex 45.25 115 52
    endloop
  endfacet
  facet normal 0.997856 -0.065445 0
    outer loop
      vertex 45.25 115 4
      vertex 45.2136 114.445 52
      vertex 45.2136 114.445 4
    endloop
  endfacet
  facet normal 0.555779 0.83133 -0
    outer loop
      vertex 43.5872 118.372 4
      vertex 43.125 118.681 52
      vertex 43.5872 118.372 52
    endloop
  endfacet
  facet normal 0.555779 0.83133 0
    outer loop
      vertex 43.125 118.681 52
      vertex 43.5872 118.372 4
      vertex 43.125 118.681 4
    endloop
  endfacet
  facet normal -0.897001 0.442029 0
    outer loop
      vertex 37.0735 116.626 4
      vertex 37.3194 117.125 52
      vertex 37.3194 117.125 4
    endloop
  endfacet
  facet normal -0.897001 0.442029 0
    outer loop
      vertex 37.3194 117.125 52
      vertex 37.0735 116.626 4
      vertex 37.0735 116.626 52
    endloop
  endfacet
  facet normal -0.751908 -0.659268 0
    outer loop
      vertex 37.9948 111.995 4
      vertex 37.6283 112.413 52
      vertex 37.6283 112.413 4
    endloop
  endfacet
  facet normal -0.751908 -0.659268 0
    outer loop
      vertex 37.6283 112.413 52
      vertex 37.9948 111.995 4
      vertex 37.9948 111.995 52
    endloop
  endfacet
  facet normal -0.997856 -0.065445 0
    outer loop
      vertex 36.7864 114.445 4
      vertex 36.75 115 52
      vertex 36.75 115 4
    endloop
  endfacet
  facet normal -0.997856 -0.065445 0
    outer loop
      vertex 36.75 115 52
      vertex 36.7864 114.445 4
      vertex 36.7864 114.445 52
    endloop
  endfacet
  facet normal 0.751908 -0.659268 0
    outer loop
      vertex 44.0052 111.995 52
      vertex 44.3717 112.413 4
      vertex 44.3717 112.413 52
    endloop
  endfacet
  facet normal 0.751908 -0.659268 0
    outer loop
      vertex 44.3717 112.413 4
      vertex 44.0052 111.995 52
      vertex 44.0052 111.995 4
    endloop
  endfacet
  facet normal -0.321941 -0.94676 0
    outer loop
      vertex 39.3736 111.074 4
      vertex 39.9 110.895 52
      vertex 39.3736 111.074 52
    endloop
  endfacet
  facet normal -0.321941 -0.94676 -0
    outer loop
      vertex 39.9 110.895 52
      vertex 39.3736 111.074 4
      vertex 39.9 110.895 4
    endloop
  endfacet
  facet normal -0.997856 0.065445 0
    outer loop
      vertex 36.75 115 4
      vertex 36.7864 115.555 52
      vertex 36.7864 115.555 4
    endloop
  endfacet
  facet normal -0.997856 0.065445 0
    outer loop
      vertex 36.7864 115.555 52
      vertex 36.75 115 4
      vertex 36.75 115 52
    endloop
  endfacet
  facet normal 0.196012 0.980601 -0
    outer loop
      vertex 42.1 119.105 4
      vertex 41.5547 119.214 52
      vertex 42.1 119.105 52
    endloop
  endfacet
  facet normal 0.196012 0.980601 0
    outer loop
      vertex 41.5547 119.214 52
      vertex 42.1 119.105 4
      vertex 41.5547 119.214 4
    endloop
  endfacet
  facet normal -0.659776 -0.751462 0
    outer loop
      vertex 37.9948 111.995 4
      vertex 38.4128 111.628 52
      vertex 37.9948 111.995 52
    endloop
  endfacet
  facet normal -0.659776 -0.751462 -0
    outer loop
      vertex 38.4128 111.628 52
      vertex 37.9948 111.995 4
      vertex 38.4128 111.628 4
    endloop
  endfacet
  facet normal 0.659776 -0.751462 0
    outer loop
      vertex 43.5872 111.628 4
      vertex 44.0052 111.995 52
      vertex 43.5872 111.628 52
    endloop
  endfacet
  facet normal 0.659776 -0.751462 0
    outer loop
      vertex 44.0052 111.995 52
      vertex 43.5872 111.628 4
      vertex 44.0052 111.995 4
    endloop
  endfacet
  facet normal 0.555779 -0.83133 0
    outer loop
      vertex 43.125 111.319 4
      vertex 43.5872 111.628 52
      vertex 43.125 111.319 52
    endloop
  endfacet
  facet normal 0.555779 -0.83133 0
    outer loop
      vertex 43.5872 111.628 52
      vertex 43.125 111.319 4
      vertex 43.5872 111.628 4
    endloop
  endfacet
  facet normal -0.321941 0.94676 0
    outer loop
      vertex 39.9 119.105 4
      vertex 39.3736 118.926 52
      vertex 39.9 119.105 52
    endloop
  endfacet
  facet normal -0.321941 0.94676 0
    outer loop
      vertex 39.3736 118.926 52
      vertex 39.9 119.105 4
      vertex 39.3736 118.926 4
    endloop
  endfacet
  facet normal 0 0 -1
    outer loop
      vertex 39.4172 117.063 0
      vertex 23.9487 119.435 0
      vertex 39.7 117.252 0
    endloop
  endfacet
  facet normal 0 0 -1
    outer loop
      vertex 40.6606 117.578 0
      vertex 24.2855 181.378 0
      vertex 24.3 181.6 0
    endloop
  endfacet
  facet normal 0 0 -1
    outer loop
      vertex 23.8021 119.602 0
      vertex 39.7 117.252 0
      vertex 23.9487 119.435 0
    endloop
  endfacet
  facet normal 0 0 -1
    outer loop
      vertex 40.6606 117.578 0
      vertex 24.2421 181.16 0
      vertex 24.2855 181.378 0
    endloop
  endfacet
  facet normal 0 0 -1
    outer loop
      vertex 39.7 117.252 0
      vertex 23.8021 119.602 0
      vertex 40.005 117.402 0
    endloop
  endfacet
  facet normal 0 0 -1
    outer loop
      vertex 40.6606 117.578 0
      vertex 24.1706 180.949 0
      vertex 24.2421 181.16 0
    endloop
  endfacet
  facet normal 0 0 -1
    outer loop
      vertex 23.6349 119.749 0
      vertex 40.005 117.402 0
      vertex 23.8021 119.602 0
    endloop
  endfacet
  facet normal 0 0 -1
    outer loop
      vertex 40.6606 117.578 0
      vertex 24.0722 180.75 0
      vertex 24.1706 180.949 0
    endloop
  endfacet
  facet normal 0 0 -1
    outer loop
      vertex 40.005 117.402 0
      vertex 23.6349 119.749 0
      vertex 40.3271 117.511 0
    endloop
  endfacet
  facet normal 0 0 -1
    outer loop
      vertex 40.6606 117.578 0
      vertex 23.9487 180.565 0
      vertex 24.0722 180.75 0
    endloop
  endfacet
  facet normal 0 0 -1
    outer loop
      vertex 23.45 119.872 0
      vertex 40.3271 117.511 0
      vertex 23.6349 119.749 0
    endloop
  endfacet
  facet normal 0 0 -1
    outer loop
      vertex 40.6606 117.578 0
      vertex 23.8021 180.398 0
      vertex 23.9487 180.565 0
    endloop
  endfacet
  facet normal 0 0 -1
    outer loop
      vertex 40.3271 117.511 0
      vertex 23.45 119.872 0
      vertex 40.6606 117.578 0
    endloop
  endfacet
  facet normal 0 0 -1
    outer loop
      vertex 40.6606 117.578 0
      vertex 23.6349 180.251 0
      vertex 23.8021 180.398 0
    endloop
  endfacet
  facet normal 0 0 -1
    outer loop
      vertex 23.2506 119.971 0
      vertex 40.6606 117.578 0
      vertex 23.45 119.872 0
    endloop
  endfacet
  facet normal 0 0 -1
    outer loop
      vertex 40.6606 117.578 0
      vertex 23.45 180.128 0
      vertex 23.6349 180.251 0
    endloop
  endfacet
  facet normal 0 0 -1
    outer loop
      vertex 23.2506 180.029 0
      vertex 40.6606 117.578 0
      vertex 23.2506 119.971 0
    endloop
  endfacet
  facet normal 0 0 -1
    outer loop
      vertex 40.6606 117.578 0
      vertex 23.2506 180.029 0
      vertex 23.45 180.128 0
    endloop
  endfacet
  facet normal 0 0 -1
    outer loop
      vertex 23.04 120.042 0
      vertex 23.2506 180.029 0
      vertex 23.2506 119.971 0
    endloop
  endfacet
  facet normal 0 0 -1
    outer loop
      vertex 23.04 120.042 0
      vertex 23.04 179.958 0
      vertex 23.2506 180.029 0
    endloop
  endfacet
  facet normal 0 0 -1
    outer loop
      vertex 22.8219 120.085 0
      vertex 23.04 179.958 0
      vertex 23.04 120.042 0
    endloop
  endfacet
  facet normal 0 0 -1
    outer loop
      vertex 22.8219 120.085 0
      vertex 22.8219 179.915 0
      vertex 23.04 179.958 0
    endloop
  endfacet
  facet normal 0 0 -1
    outer loop
      vertex 22.6 120.1 0
      vertex 22.8219 179.915 0
      vertex 22.8219 120.085 0
    endloop
  endfacet
  facet normal 0 0 -1
    outer loop
      vertex 22.6 120.1 0
      vertex 22.6 179.9 0
      vertex 22.8219 179.915 0
    endloop
  endfacet
  facet normal 0 0 -1
    outer loop
      vertex 22.3781 120.085 0
      vertex 22.6 179.9 0
      vertex 22.6 120.1 0
    endloop
  endfacet
  facet normal 0 0 -1
    outer loop
      vertex 22.3781 120.085 0
      vertex 22.3781 179.915 0
      vertex 22.6 179.9 0
    endloop
  endfacet
  facet normal 0 0 -1
    outer loop
      vertex 22.16 120.042 0
      vertex 22.3781 179.915 0
      vertex 22.3781 120.085 0
    endloop
  endfacet
  facet normal 0 0 -1
    outer loop
      vertex 22.16 120.042 0
      vertex 22.16 179.958 0
      vertex 22.3781 179.915 0
    endloop
  endfacet
  facet normal 0 0 -1
    outer loop
      vertex 21.9494 119.971 0
      vertex 22.16 179.958 0
      vertex 22.16 120.042 0
    endloop
  endfacet
  facet normal 0 0 -1
    outer loop
      vertex 21.9494 119.971 0
      vertex 21.9494 180.029 0
      vertex 22.16 179.958 0
    endloop
  endfacet
  facet normal 0 0 -1
    outer loop
      vertex 21.75 119.872 0
      vertex 21.9494 180.029 0
      vertex 21.9494 119.971 0
    endloop
  endfacet
  facet normal 0 0 -1
    outer loop
      vertex 21.75 119.872 0
      vertex 21.75 180.128 0
      vertex 21.9494 180.029 0
    endloop
  endfacet
  facet normal 0 0 -1
    outer loop
      vertex 21.5651 119.749 0
      vertex 21.75 180.128 0
      vertex 21.75 119.872 0
    endloop
  endfacet
  facet normal 0 0 -1
    outer loop
      vertex 21.5651 119.749 0
      vertex 21.5651 180.251 0
      vertex 21.75 180.128 0
    endloop
  endfacet
  facet normal 0 0 -1
    outer loop
      vertex 21.3979 119.602 0
      vertex 21.5651 180.251 0
      vertex 21.5651 119.749 0
    endloop
  endfacet
  facet normal 0 0 -1
    outer loop
      vertex 21.3979 119.602 0
      vertex 21.3979 180.398 0
      vertex 21.5651 180.251 0
    endloop
  endfacet
  facet normal 0 0 -1
    outer loop
      vertex 21.2513 119.435 0
      vertex 21.3979 180.398 0
      vertex 21.3979 119.602 0
    endloop
  endfacet
  facet normal 0 0 -1
    outer loop
      vertex 21.2513 119.435 0
      vertex 21.2513 180.565 0
      vertex 21.3979 180.398 0
    endloop
  endfacet
  facet normal 0 0 -1
    outer loop
      vertex 21.1278 119.25 0
      vertex 21.2513 180.565 0
      vertex 21.2513 119.435 0
    endloop
  endfacet
  facet normal 0 0 -1
    outer loop
      vertex 21.1278 119.25 0
      vertex 21.1278 180.75 0
      vertex 21.2513 180.565 0
    endloop
  endfacet
  facet normal 0 0 -1
    outer loop
      vertex 21.0294 119.051 0
      vertex 21.1278 180.75 0
      vertex 21.1278 119.25 0
    endloop
  endfacet
  facet normal 0 0 -1
    outer loop
      vertex 21.0294 119.051 0
      vertex 21.0294 180.949 0
      vertex 21.1278 180.75 0
    endloop
  endfacet
  facet normal 0 0 -1
    outer loop
      vertex 18.6 114.4 0
      vertex 21.0294 119.051 0
      vertex 20.9579 118.84 0
    endloop
  endfacet
  facet normal -0 0 -1
    outer loop
      vertex 21.0294 119.051 0
      vertex 18.6 114.4 0
      vertex 21.0294 180.949 0
    endloop
  endfacet
  facet normal 0 0 -1
    outer loop
      vertex 18.6 114.4 0
      vertex 20.9579 118.84 0
      vertex 20.9145 118.622 0
    endloop
  endfacet
  facet normal 0 0 -1
    outer loop
      vertex 18.6 185.6 0
      vertex 21.0294 180.949 0
      vertex 18.6 114.4 0
    endloop
  endfacet
  facet normal 0 0 -1
    outer loop
      vertex 18.6 114.4 0
      vertex 20.9145 118.622 0
      vertex 20.9 118.4 0
    endloop
  endfacet
  facet normal 0 0 -1
    outer loop
      vertex 21.0294 180.949 0
      vertex 18.6 185.6 0
      vertex 20.9579 181.16 0
    endloop
  endfacet
  facet normal 0 0 -1
    outer loop
      vertex 132.971 119.051 0
      vertex 135.4 114.4 0
      vertex 133.042 118.84 0
    endloop
  endfacet
  facet normal 0 0 -1
    outer loop
      vertex 135.4 185.6 0
      vertex 133.085 181.378 0
      vertex 133.1 181.6 0
    endloop
  endfacet
  facet normal 0 0 -1
    outer loop
      vertex 135.4 114.4 0
      vertex 132.971 119.051 0
      vertex 135.4 185.6 0
    endloop
  endfacet
  facet normal 0 0 -1
    outer loop
      vertex 135.4 185.6 0
      vertex 133.042 181.16 0
      vertex 133.085 181.378 0
    endloop
  endfacet
  facet normal 0 0 -1
    outer loop
      vertex 132.971 180.949 0
      vertex 135.4 185.6 0
      vertex 132.971 119.051 0
    endloop
  endfacet
  facet normal 0 0 -1
    outer loop
      vertex 135.4 185.6 0
      vertex 132.971 180.949 0
      vertex 133.042 181.16 0
    endloop
  endfacet
  facet normal 0 0 -1
    outer loop
      vertex 132.872 119.25 0
      vertex 132.971 180.949 0
      vertex 132.971 119.051 0
    endloop
  endfacet
  facet normal 0 0 -1
    outer loop
      vertex 132.872 119.25 0
      vertex 132.872 180.75 0
      vertex 132.971 180.949 0
    endloop
  endfacet
  facet normal 0 0 -1
    outer loop
      vertex 132.749 119.435 0
      vertex 132.872 180.75 0
      vertex 132.872 119.25 0
    endloop
  endfacet
  facet normal 0 0 -1
    outer loop
      vertex 132.749 119.435 0
      vertex 132.749 180.565 0
      vertex 132.872 180.75 0
    endloop
  endfacet
  facet normal 0 0 -1
    outer loop
      vertex 132.602 119.602 0
      vertex 132.749 180.565 0
      vertex 132.749 119.435 0
    endloop
  endfacet
  facet normal 0 0 -1
    outer loop
      vertex 132.602 119.602 0
      vertex 132.602 180.398 0
      vertex 132.749 180.565 0
    endloop
  endfacet
  facet normal 0 0 -1
    outer loop
      vertex 122.1 138.6 0
      vertex 132.602 119.602 0
      vertex 132.435 119.749 0
    endloop
  endfacet
  facet normal 0 0 -1
    outer loop
      vertex 132.602 119.602 0
      vertex 122.1 138.6 0
      vertex 132.602 180.398 0
    endloop
  endfacet
  facet normal 0 0 -1
    outer loop
      vertex 122.1 138.6 0
      vertex 132.435 119.749 0
      vertex 132.25 119.872 0
    endloop
  endfacet
  facet normal 0 0 -1
    outer loop
      vertex 132.602 180.398 0
      vertex 122.1 138.6 0
      vertex 132.435 180.251 0
    endloop
  endfacet
  facet normal 0 0 -1
    outer loop
      vertex 122.1 138.6 0
      vertex 132.25 119.872 0
      vertex 132.051 119.971 0
    endloop
  endfacet
  facet normal 0 0 -1
    outer loop
      vertex 132.435 180.251 0
      vertex 122.1 138.6 0
      vertex 132.25 180.128 0
    endloop
  endfacet
  facet normal 0 0 -1
    outer loop
      vertex 122.1 138.6 0
      vertex 132.051 119.971 0
      vertex 131.84 120.042 0
    endloop
  endfacet
  facet normal 0 0 -1
    outer loop
      vertex 132.25 180.128 0
      vertex 122.1 138.6 0
      vertex 132.051 180.029 0
    endloop
  endfacet
  facet normal 0 0 -1
    outer loop
      vertex 122.1 138.6 0
      vertex 131.84 120.042 0
      vertex 131.622 120.085 0
    endloop
  endfacet
  facet normal 0 0 -1
    outer loop
      vertex 132.051 180.029 0
      vertex 122.1 138.6 0
      vertex 131.84 179.958 0
    endloop
  endfacet
  facet normal 0 0 -1
    outer loop
      vertex 122.1 138.6 0
      vertex 131.622 120.085 0
      vertex 131.4 120.1 0
    endloop
  endfacet
  facet normal 0 0 -1
    outer loop
      vertex 131.84 179.958 0
      vertex 122.1 138.6 0
      vertex 131.622 179.915 0
    endloop
  endfacet
  facet normal 0 0 -1
    outer loop
      vertex 122.1 124.6 0
      vertex 131.4 120.1 0
      vertex 131.178 120.085 0
    endloop
  endfacet
  facet normal 0 0 -1
    outer loop
      vertex 131.622 179.915 0
      vertex 122.1 138.6 0
      vertex 131.4 179.9 0
    endloop
  endfacet
  facet normal 0 0 -1
    outer loop
      vertex 122.1 124.6 0
      vertex 131.178 120.085 0
      vertex 130.96 120.042 0
    endloop
  endfacet
  facet normal -0 0 -1
    outer loop
      vertex 131.4 179.9 0
      vertex 122.1 138.6 0
      vertex 131.178 179.915 0
    endloop
  endfacet
  facet normal 0 0 -1
    outer loop
      vertex 122.1 124.6 0
      vertex 130.96 120.042 0
      vertex 130.749 119.971 0
    endloop
  endfacet
  facet normal -0 0 -1
    outer loop
      vertex 131.178 179.915 0
      vertex 122.1 138.6 0
      vertex 130.96 179.958 0
    endloop
  endfacet
  facet normal 0 0 -1
    outer loop
      vertex 122.1 124.6 0
      vertex 130.749 119.971 0
      vertex 130.55 119.872 0
    endloop
  endfacet
  facet normal -0 0 -1
    outer loop
      vertex 130.96 179.958 0
      vertex 122.1 138.6 0
      vertex 130.749 180.029 0
    endloop
  endfacet
  facet normal 0 0 -1
    outer loop
      vertex 122.1 124.6 0
      vertex 130.55 119.872 0
      vertex 130.365 119.749 0
    endloop
  endfacet
  facet normal -0 0 -1
    outer loop
      vertex 130.749 180.029 0
      vertex 122.1 138.6 0
      vertex 130.55 180.128 0
    endloop
  endfacet
  facet normal 0 0 -1
    outer loop
      vertex 122.1 124.6 0
      vertex 130.365 119.749 0
      vertex 130.198 119.602 0
    endloop
  endfacet
  facet normal -0 0 -1
    outer loop
      vertex 130.55 180.128 0
      vertex 122.1 138.6 0
      vertex 130.365 180.251 0
    endloop
  endfacet
  facet normal 0 0 -1
    outer loop
      vertex 122.1 124.6 0
      vertex 130.198 119.602 0
      vertex 130.051 119.435 0
    endloop
  endfacet
  facet normal 0 0 -1
    outer loop
      vertex 107.1 138.6 0
      vertex 130.365 180.251 0
      vertex 122.1 138.6 0
    endloop
  endfacet
  facet normal 0 0 -1
    outer loop
      vertex 122.1 124.6 0
      vertex 130.051 119.435 0
      vertex 129.928 119.25 0
    endloop
  endfacet
  facet normal -0 0 -1
    outer loop
      vertex 130.365 180.251 0
      vertex 107.1 138.6 0
      vertex 130.198 180.398 0
    endloop
  endfacet
  facet normal 0 0 -1
    outer loop
      vertex 122.1 124.6 0
      vertex 129.928 119.25 0
      vertex 129.829 119.051 0
    endloop
  endfacet
  facet normal -0 0 -1
    outer loop
      vertex 130.198 180.398 0
      vertex 107.1 138.6 0
      vertex 130.051 180.565 0
    endloop
  endfacet
  facet normal 0 0 -1
    outer loop
      vertex 122.1 124.6 0
      vertex 129.829 119.051 0
      vertex 129.758 118.84 0
    endloop
  endfacet
  facet normal 0 0 -1
    outer loop
      vertex 91.5778 184.661 0
      vertex 130.051 180.565 0
      vertex 107.1 138.6 0
    endloop
  endfacet
  facet normal 0 0 -1
    outer loop
      vertex 122.1 124.6 0
      vertex 129.758 118.84 0
      vertex 129.715 118.622 0
    endloop
  endfacet
  facet normal 0 0 -1
    outer loop
      vertex 130.051 180.565 0
      vertex 91.5778 184.661 0
      vertex 129.928 180.75 0
    endloop
  endfacet
  facet normal 0 0 -1
    outer loop
      vertex 122.1 124.6 0
      vertex 129.715 118.622 0
      vertex 129.7 118.4 0
    endloop
  endfacet
  facet normal 0 0 -1
    outer loop
      vertex 129.928 180.75 0
      vertex 91.5778 184.661 0
      vertex 129.829 180.949 0
    endloop
  endfacet
  facet normal 0 0 -1
    outer loop
      vertex 132.051 116.829 0
      vertex 135.4 114.4 0
      vertex 135.366 113.878 0
    endloop
  endfacet
  facet normal 0 0 -1
    outer loop
      vertex 133.085 118.622 0
      vertex 135.4 114.4 0
      vertex 133.1 118.4 0
    endloop
  endfacet
  facet normal 0 0 -1
    outer loop
      vertex 131.84 116.758 0
      vertex 135.366 113.878 0
      vertex 135.264 113.365 0
    endloop
  endfacet
  facet normal 0 0 -1
    outer loop
      vertex 133.042 118.84 0
      vertex 135.4 114.4 0
      vertex 133.085 118.622 0
    endloop
  endfacet
  facet normal 0 0 -1
    outer loop
      vertex 131.84 116.758 0
      vertex 135.264 113.365 0
      vertex 135.096 112.869 0
    endloop
  endfacet
  facet normal 0 0 -1
    outer loop
      vertex 133.085 181.822 0
      vertex 135.4 185.6 0
      vertex 133.1 181.6 0
    endloop
  endfacet
  facet normal 0 0 -1
    outer loop
      vertex 131.84 116.758 0
      vertex 135.096 112.869 0
      vertex 134.864 112.4 0
    endloop
  endfacet
  facet normal 0 0 -1
    outer loop
      vertex 133.042 182.04 0
      vertex 135.4 185.6 0
      vertex 133.085 181.822 0
    endloop
  endfacet
  facet normal 0 0 -1
    outer loop
      vertex 131.622 116.715 0
      vertex 134.864 112.4 0
      vertex 134.573 111.965 0
    endloop
  endfacet
  facet normal 0 0 -1
    outer loop
      vertex 132.971 182.251 0
      vertex 135.4 185.6 0
      vertex 133.042 182.04 0
    endloop
  endfacet
  facet normal 0 0 -1
    outer loop
      vertex 131.622 116.715 0
      vertex 134.573 111.965 0
      vertex 134.228 111.572 0
    endloop
  endfacet
  facet normal 0 0 -1
    outer loop
      vertex 132.872 182.45 0
      vertex 135.4 185.6 0
      vertex 132.971 182.251 0
    endloop
  endfacet
  facet normal 0 0 -1
    outer loop
      vertex 131.622 116.715 0
      vertex 134.228 111.572 0
      vertex 133.835 111.227 0
    endloop
  endfacet
  facet normal 0 0 -1
    outer loop
      vertex 132.749 182.635 0
      vertex 135.4 185.6 0
      vertex 132.872 182.45 0
    endloop
  endfacet
  facet normal 0 0 -1
    outer loop
      vertex 131.622 116.715 0
      vertex 133.835 111.227 0
      vertex 133.4 110.936 0
    endloop
  endfacet
  facet normal 0 0 -1
    outer loop
      vertex 132.602 182.802 0
      vertex 135.4 185.6 0
      vertex 132.749 182.635 0
    endloop
  endfacet
  facet normal 0 0 -1
    outer loop
      vertex 132.435 182.949 0
      vertex 135.4 185.6 0
      vertex 132.602 182.802 0
    endloop
  endfacet
  facet normal 0 0 -1
    outer loop
      vertex 135.4 114.4 0
      vertex 133.085 118.178 0
      vertex 133.1 118.4 0
    endloop
  endfacet
  facet normal 0 0 -1
    outer loop
      vertex 135.4 114.4 0
      vertex 133.042 117.96 0
      vertex 133.085 118.178 0
    endloop
  endfacet
  facet normal 0 0 -1
    outer loop
      vertex 135.4 114.4 0
      vertex 132.971 117.749 0
      vertex 133.042 117.96 0
    endloop
  endfacet
  facet normal 0 0 -1
    outer loop
      vertex 131.622 116.715 0
      vertex 133.4 110.936 0
      vertex 132.931 110.704 0
    endloop
  endfacet
  facet normal 0 0 -1
    outer loop
      vertex 135.4 114.4 0
      vertex 132.872 117.55 0
      vertex 132.971 117.749 0
    endloop
  endfacet
  facet normal 0 0 -1
    outer loop
      vertex 135.4 114.4 0
      vertex 132.749 117.365 0
      vertex 132.872 117.55 0
    endloop
  endfacet
  facet normal 0 0 -1
    outer loop
      vertex 135.4 114.4 0
      vertex 132.602 117.198 0
      vertex 132.749 117.365 0
    endloop
  endfacet
  facet normal 0 0 -1
    outer loop
      vertex 131.4 116.7 0
      vertex 132.931 110.704 0
      vertex 132.435 110.536 0
    endloop
  endfacet
  facet normal 0 0 -1
    outer loop
      vertex 135.4 114.4 0
      vertex 132.435 117.051 0
      vertex 132.602 117.198 0
    endloop
  endfacet
  facet normal 0 0 -1
    outer loop
      vertex 135.4 114.4 0
      vertex 132.25 116.928 0
      vertex 132.435 117.051 0
    endloop
  endfacet
  facet normal 0 0 -1
    outer loop
      vertex 135.4 114.4 0
      vertex 132.051 116.829 0
      vertex 132.25 116.928 0
    endloop
  endfacet
  facet normal 0 0 -1
    outer loop
      vertex 131.4 116.7 0
      vertex 132.435 110.536 0
      vertex 131.922 110.434 0
    endloop
  endfacet
  facet normal 0 0 -1
    outer loop
      vertex 135.366 113.878 0
      vertex 131.84 116.758 0
      vertex 132.051 116.829 0
    endloop
  endfacet
  facet normal 0 0 -1
    outer loop
      vertex 134.864 112.4 0
      vertex 131.622 116.715 0
      vertex 131.84 116.758 0
    endloop
  endfacet
  facet normal 0 0 -1
    outer loop
      vertex 131.4 116.7 0
      vertex 131.922 110.434 0
      vertex 131.4 110.4 0
    endloop
  endfacet
  facet normal 0 0 -1
    outer loop
      vertex 132.931 110.704 0
      vertex 131.4 116.7 0
      vertex 131.622 116.715 0
    endloop
  endfacet
  facet normal 0 0 -1
    outer loop
      vertex 131.4 110.4 0
      vertex 131.178 116.715 0
      vertex 131.4 116.7 0
    endloop
  endfacet
  facet normal 0 0 -1
    outer loop
      vertex 131.4 110.4 0
      vertex 130.96 116.758 0
      vertex 131.178 116.715 0
    endloop
  endfacet
  facet normal 0 0 -1
    outer loop
      vertex 131.4 110.4 0
      vertex 130.749 116.829 0
      vertex 130.96 116.758 0
    endloop
  endfacet
  facet normal 0 0 -1
    outer loop
      vertex 131.4 110.4 0
      vertex 130.55 116.928 0
      vertex 130.749 116.829 0
    endloop
  endfacet
  facet normal 0 0 -1
    outer loop
      vertex 131.4 110.4 0
      vertex 130.365 117.051 0
      vertex 130.55 116.928 0
    endloop
  endfacet
  facet normal 0 0 -1
    outer loop
      vertex 131.4 110.4 0
      vertex 130.198 117.198 0
      vertex 130.365 117.051 0
    endloop
  endfacet
  facet normal 0 0 -1
    outer loop
      vertex 131.4 110.4 0
      vertex 130.051 117.365 0
      vertex 130.198 117.198 0
    endloop
  endfacet
  facet normal 0 0 -1
    outer loop
      vertex 131.4 110.4 0
      vertex 129.928 117.55 0
      vertex 130.051 117.365 0
    endloop
  endfacet
  facet normal 0 0 -1
    outer loop
      vertex 122.1 124.6 0
      vertex 129.928 117.55 0
      vertex 131.4 110.4 0
    endloop
  endfacet
  facet normal 0 0 -1
    outer loop
      vertex 129.928 117.55 0
      vertex 122.1 124.6 0
      vertex 129.829 117.749 0
    endloop
  endfacet
  facet normal 0 0 -1
    outer loop
      vertex 131.4 120.1 0
      vertex 122.1 124.6 0
      vertex 122.1 138.6 0
    endloop
  endfacet
  facet normal 0 0 -1
    outer loop
      vertex 129.715 118.178 0
      vertex 122.1 124.6 0
      vertex 129.7 118.4 0
    endloop
  endfacet
  facet normal 0 0 -1
    outer loop
      vertex 129.758 117.96 0
      vertex 122.1 124.6 0
      vertex 129.715 118.178 0
    endloop
  endfacet
  facet normal 0 0 -1
    outer loop
      vertex 129.829 117.749 0
      vertex 122.1 124.6 0
      vertex 129.758 117.96 0
    endloop
  endfacet
  facet normal 0 0 -1
    outer loop
      vertex 99.5114 114.327 0
      vertex 122.1 124.6 0
      vertex 131.4 110.4 0
    endloop
  endfacet
  facet normal 0 0 -1
    outer loop
      vertex 99.5778 115.339 0
      vertex 107.1 124.6 0
      vertex 99.6 115 0
    endloop
  endfacet
  facet normal -0 0 -1
    outer loop
      vertex 122.1 124.6 0
      vertex 99.5114 114.327 0
      vertex 107.1 124.6 0
    endloop
  endfacet
  facet normal 0 0 -1
    outer loop
      vertex 107.1 124.6 0
      vertex 99.5778 114.661 0
      vertex 99.6 115 0
    endloop
  endfacet
  facet normal 0 0 -1
    outer loop
      vertex 107.1 124.6 0
      vertex 99.5114 114.327 0
      vertex 99.5778 114.661 0
    endloop
  endfacet
  facet normal 0 0 -1
    outer loop
      vertex 131.4 110.4 0
      vertex 99.4021 114.005 0
      vertex 99.5114 114.327 0
    endloop
  endfacet
  facet normal 0 0 -1
    outer loop
      vertex 131.4 110.4 0
      vertex 99.2517 113.7 0
      vertex 99.4021 114.005 0
    endloop
  endfacet
  facet normal 0 0 -1
    outer loop
      vertex 131.4 110.4 0
      vertex 99.0627 113.417 0
      vertex 99.2517 113.7 0
    endloop
  endfacet
  facet normal 0 0 -1
    outer loop
      vertex 131.4 110.4 0
      vertex 98.8385 113.162 0
      vertex 99.0627 113.417 0
    endloop
  endfacet
  facet normal 0 0 -1
    outer loop
      vertex 131.4 110.4 0
      vertex 98.5828 112.937 0
      vertex 98.8385 113.162 0
    endloop
  endfacet
  facet normal 0 0 -1
    outer loop
      vertex 131.4 110.4 0
      vertex 98.3 112.748 0
      vertex 98.5828 112.937 0
    endloop
  endfacet
  facet normal 0 0 -1
    outer loop
      vertex 131.4 110.4 0
      vertex 97.995 112.598 0
      vertex 98.3 112.748 0
    endloop
  endfacet
  facet normal 0 0 -1
    outer loop
      vertex 131.4 110.4 0
      vertex 97.6729 112.489 0
      vertex 97.995 112.598 0
    endloop
  endfacet
  facet normal 0 0 -1
    outer loop
      vertex 131.4 110.4 0
      vertex 97.3394 112.422 0
      vertex 97.6729 112.489 0
    endloop
  endfacet
  facet normal 0 0 -1
    outer loop
      vertex 131.4 110.4 0
      vertex 97 112.4 0
      vertex 97.3394 112.422 0
    endloop
  endfacet
  facet normal 0 0 -1
    outer loop
      vertex 129.715 181.822 0
      vertex 91.5778 184.661 0
      vertex 91.6 185 0
    endloop
  endfacet
  facet normal 0 0 -1
    outer loop
      vertex 94.4222 115.339 0
      vertex 91.5114 184.327 0
      vertex 91.5778 184.661 0
    endloop
  endfacet
  facet normal 0 0 -1
    outer loop
      vertex 94.4222 115.339 0
      vertex 91.4021 184.005 0
      vertex 91.5114 184.327 0
    endloop
  endfacet
  facet normal 0 0 -1
    outer loop
      vertex 94.4222 115.339 0
      vertex 91.2517 183.7 0
      vertex 91.4021 184.005 0
    endloop
  endfacet
  facet normal 0 0 -1
    outer loop
      vertex 94.4222 115.339 0
      vertex 91.0627 183.417 0
      vertex 91.2517 183.7 0
    endloop
  endfacet
  facet normal 0 0 -1
    outer loop
      vertex 94.4222 115.339 0
      vertex 90.8385 183.162 0
      vertex 91.0627 183.417 0
    endloop
  endfacet
  facet normal 0 0 -1
    outer loop
      vertex 94.4222 115.339 0
      vertex 90.5828 182.937 0
      vertex 90.8385 183.162 0
    endloop
  endfacet
  facet normal 0 0 -1
    outer loop
      vertex 94.4222 115.339 0
      vertex 90.3 182.748 0
      vertex 90.5828 182.937 0
    endloop
  endfacet
  facet normal 0 0 -1
    outer loop
      vertex 94.4222 115.339 0
      vertex 89.995 182.598 0
      vertex 90.3 182.748 0
    endloop
  endfacet
  facet normal 0 0 -1
    outer loop
      vertex 94.4222 115.339 0
      vertex 89.6729 182.489 0
      vertex 89.995 182.598 0
    endloop
  endfacet
  facet normal 0 0 -1
    outer loop
      vertex 43.6 115 0
      vertex 94.4 115 0
      vertex 94.4222 114.661 0
    endloop
  endfacet
  facet normal 0 0 -1
    outer loop
      vertex 94.4222 115.339 0
      vertex 89.3394 182.422 0
      vertex 89.6729 182.489 0
    endloop
  endfacet
  facet normal 0 0 -1
    outer loop
      vertex 94.4222 115.339 0
      vertex 89 182.4 0
      vertex 89.3394 182.422 0
    endloop
  endfacet
  facet normal 0 0 -1
    outer loop
      vertex 94.4222 115.339 0
      vertex 88.6606 182.422 0
      vertex 89 182.4 0
    endloop
  endfacet
  facet normal 0 0 -1
    outer loop
      vertex 94.4222 115.339 0
      vertex 88.3271 182.489 0
      vertex 88.6606 182.422 0
    endloop
  endfacet
  facet normal 0 0 -1
    outer loop
      vertex 94.4222 115.339 0
      vertex 88.005 182.598 0
      vertex 88.3271 182.489 0
    endloop
  endfacet
  facet normal 0 0 -1
    outer loop
      vertex 94.4222 115.339 0
      vertex 87.7 182.748 0
      vertex 88.005 182.598 0
    endloop
  endfacet
  facet normal 0 0 -1
    outer loop
      vertex 94.4222 115.339 0
      vertex 42.8385 116.838 0
      vertex 87.7 182.748 0
    endloop
  endfacet
  facet normal 0 -0 -1
    outer loop
      vertex 50.3 182.748 0
      vertex 87.7 182.748 0
      vertex 42.8385 116.838 0
    endloop
  endfacet
  facet normal 0 0 -1
    outer loop
      vertex 87.7 182.748 0
      vertex 50.3 182.748 0
      vertex 87.4172 182.937 0
    endloop
  endfacet
  facet normal 0 -0 -1
    outer loop
      vertex 50.5828 182.937 0
      vertex 87.4172 182.937 0
      vertex 50.3 182.748 0
    endloop
  endfacet
  facet normal 0 0 -1
    outer loop
      vertex 87.4172 182.937 0
      vertex 50.5828 182.937 0
      vertex 87.1615 183.162 0
    endloop
  endfacet
  facet normal 0 0 -1
    outer loop
      vertex 87.1615 183.162 0
      vertex 50.8385 183.162 0
      vertex 86.9373 183.417 0
    endloop
  endfacet
  facet normal 0 -0 -1
    outer loop
      vertex 51.0627 183.417 0
      vertex 86.9373 183.417 0
      vertex 50.8385 183.162 0
    endloop
  endfacet
  facet normal 0 0 -1
    outer loop
      vertex 86.4222 184.661 0
      vertex 51.6 185 0
      vertex 86.4 185 0
    endloop
  endfacet
  facet normal 0 0 -1
    outer loop
      vertex 86.9373 183.417 0
      vertex 51.0627 183.417 0
      vertex 86.7483 183.7 0
    endloop
  endfacet
  facet normal 0 0 -1
    outer loop
      vertex 43.5778 114.661 0
      vertex 94.4222 114.661 0
      vertex 94.4886 114.327 0
    endloop
  endfacet
  facet normal 0 0 -1
    outer loop
      vertex 43.5114 114.327 0
      vertex 94.4886 114.327 0
      vertex 94.5979 114.005 0
    endloop
  endfacet
  facet normal 0 0 -1
    outer loop
      vertex 43.4021 114.005 0
      vertex 94.5979 114.005 0
      vertex 94.7483 113.7 0
    endloop
  endfacet
  facet normal 0 0 -1
    outer loop
      vertex 86.4222 184.661 0
      vertex 51.5778 184.661 0
      vertex 51.6 185 0
    endloop
  endfacet
  facet normal -0 0 -1
    outer loop
      vertex 86.4222 184.661 0
      vertex 51.5114 184.327 0
      vertex 51.5778 184.661 0
    endloop
  endfacet
  facet normal 0 0 -1
    outer loop
      vertex 86.4886 184.327 0
      vertex 51.5114 184.327 0
      vertex 86.4222 184.661 0
    endloop
  endfacet
  facet normal 0 -0 -1
    outer loop
      vertex 51.5114 184.327 0
      vertex 86.4886 184.327 0
      vertex 51.4021 184.005 0
    endloop
  endfacet
  facet normal 0 0 -1
    outer loop
      vertex 86.5979 184.005 0
      vertex 51.4021 184.005 0
      vertex 86.4886 184.327 0
    endloop
  endfacet
  facet normal 0 -0 -1
    outer loop
      vertex 51.4021 184.005 0
      vertex 86.5979 184.005 0
      vertex 51.2517 183.7 0
    endloop
  endfacet
  facet normal 0 0 -1
    outer loop
      vertex 86.7483 183.7 0
      vertex 51.2517 183.7 0
      vertex 86.5979 184.005 0
    endloop
  endfacet
  facet normal 0 -0 -1
    outer loop
      vertex 51.2517 183.7 0
      vertex 86.7483 183.7 0
      vertex 51.0627 183.417 0
    endloop
  endfacet
  facet normal 0 -0 -1
    outer loop
      vertex 50.8385 183.162 0
      vertex 87.1615 183.162 0
      vertex 50.5828 182.937 0
    endloop
  endfacet
  facet normal 0 0 -1
    outer loop
      vertex 42.5828 117.063 0
      vertex 50.3 182.748 0
      vertex 42.8385 116.838 0
    endloop
  endfacet
  facet normal 0 0 -1
    outer loop
      vertex 50.3 182.748 0
      vertex 42.5828 117.063 0
      vertex 49.995 182.598 0
    endloop
  endfacet
  facet normal 0 0 -1
    outer loop
      vertex 42.3 117.252 0
      vertex 49.995 182.598 0
      vertex 42.5828 117.063 0
    endloop
  endfacet
  facet normal 0 0 -1
    outer loop
      vertex 49.995 182.598 0
      vertex 42.3 117.252 0
      vertex 49.6729 182.489 0
    endloop
  endfacet
  facet normal 0 0 -1
    outer loop
      vertex 43.2517 113.7 0
      vertex 94.7483 113.7 0
      vertex 94.9373 113.417 0
    endloop
  endfacet
  facet normal 0 0 -1
    outer loop
      vertex 41.995 117.402 0
      vertex 49.6729 182.489 0
      vertex 42.3 117.252 0
    endloop
  endfacet
  facet normal 0 0 -1
    outer loop
      vertex 49.6729 182.489 0
      vertex 41.995 117.402 0
      vertex 49.3394 182.422 0
    endloop
  endfacet
  facet normal 0 0 -1
    outer loop
      vertex 41.6729 117.511 0
      vertex 49.3394 182.422 0
      vertex 41.995 117.402 0
    endloop
  endfacet
  facet normal 0 0 -1
    outer loop
      vertex 49.3394 182.422 0
      vertex 41.6729 117.511 0
      vertex 49 182.4 0
    endloop
  endfacet
  facet normal 0 0 -1
    outer loop
      vertex 41.3394 117.578 0
      vertex 49 182.4 0
      vertex 41.6729 117.511 0
    endloop
  endfacet
  facet normal -0 0 -1
    outer loop
      vertex 49 182.4 0
      vertex 41.3394 117.578 0
      vertex 48.6606 182.422 0
    endloop
  endfacet
  facet normal 0 0 -1
    outer loop
      vertex 94.4222 115.339 0
      vertex 43.0627 116.583 0
      vertex 42.8385 116.838 0
    endloop
  endfacet
  facet normal 0 0 -1
    outer loop
      vertex 94.4222 115.339 0
      vertex 43.2517 116.3 0
      vertex 43.0627 116.583 0
    endloop
  endfacet
  facet normal 0 0 -1
    outer loop
      vertex 94.4222 115.339 0
      vertex 43.4021 115.995 0
      vertex 43.2517 116.3 0
    endloop
  endfacet
  facet normal 0 0 -1
    outer loop
      vertex 94.4222 115.339 0
      vertex 43.5114 115.673 0
      vertex 43.4021 115.995 0
    endloop
  endfacet
  facet normal 0 0 -1
    outer loop
      vertex 94.4222 115.339 0
      vertex 43.5778 115.339 0
      vertex 43.5114 115.673 0
    endloop
  endfacet
  facet normal 0 0 -1
    outer loop
      vertex 94.4 115 0
      vertex 43.6 115 0
      vertex 43.5778 115.339 0
    endloop
  endfacet
  facet normal 0 0 -1
    outer loop
      vertex 43.0627 113.417 0
      vertex 94.9373 113.417 0
      vertex 95.1615 113.162 0
    endloop
  endfacet
  facet normal 0 0 -1
    outer loop
      vertex 42.8385 113.162 0
      vertex 95.1615 113.162 0
      vertex 95.4172 112.937 0
    endloop
  endfacet
  facet normal 0 0 -1
    outer loop
      vertex 42.5828 112.937 0
      vertex 95.4172 112.937 0
      vertex 95.7 112.748 0
    endloop
  endfacet
  facet normal 0 0 -1
    outer loop
      vertex 42.3 112.748 0
      vertex 95.7 112.748 0
      vertex 96.005 112.598 0
    endloop
  endfacet
  facet normal 0 0 -1
    outer loop
      vertex 41.995 112.598 0
      vertex 96.005 112.598 0
      vertex 96.3271 112.489 0
    endloop
  endfacet
  facet normal 0 0 -1
    outer loop
      vertex 41.6729 112.489 0
      vertex 96.3271 112.489 0
      vertex 96.6606 112.422 0
    endloop
  endfacet
  facet normal 0 0 -1
    outer loop
      vertex 22.6 110.4 0
      vertex 96.6606 112.422 0
      vertex 97 112.4 0
    endloop
  endfacet
  facet normal 0 0 -1
    outer loop
      vertex 22.6 110.4 0
      vertex 97 112.4 0
      vertex 131.4 110.4 0
    endloop
  endfacet
  facet normal 0 0 -1
    outer loop
      vertex 94.4222 114.661 0
      vertex 43.5778 114.661 0
      vertex 43.6 115 0
    endloop
  endfacet
  facet normal 0 0 -1
    outer loop
      vertex 94.4886 114.327 0
      vertex 43.5114 114.327 0
      vertex 43.5778 114.661 0
    endloop
  endfacet
  facet normal 0 0 -1
    outer loop
      vertex 94.5979 114.005 0
      vertex 43.4021 114.005 0
      vertex 43.5114 114.327 0
    endloop
  endfacet
  facet normal 0 0 -1
    outer loop
      vertex 94.7483 113.7 0
      vertex 43.2517 113.7 0
      vertex 43.4021 114.005 0
    endloop
  endfacet
  facet normal 0 0 -1
    outer loop
      vertex 94.9373 113.417 0
      vertex 43.0627 113.417 0
      vertex 43.2517 113.7 0
    endloop
  endfacet
  facet normal 0 0 -1
    outer loop
      vertex 95.1615 113.162 0
      vertex 42.8385 113.162 0
      vertex 43.0627 113.417 0
    endloop
  endfacet
  facet normal 0 0 -1
    outer loop
      vertex 95.4172 112.937 0
      vertex 42.5828 112.937 0
      vertex 42.8385 113.162 0
    endloop
  endfacet
  facet normal 0 0 -1
    outer loop
      vertex 95.7 112.748 0
      vertex 42.3 112.748 0
      vertex 42.5828 112.937 0
    endloop
  endfacet
  facet normal 0 0 -1
    outer loop
      vertex 96.005 112.598 0
      vertex 41.995 112.598 0
      vertex 42.3 112.748 0
    endloop
  endfacet
  facet normal 0 0 -1
    outer loop
      vertex 96.3271 112.489 0
      vertex 41.6729 112.489 0
      vertex 41.995 112.598 0
    endloop
  endfacet
  facet normal 0 0 -1
    outer loop
      vertex 96.6606 112.422 0
      vertex 41.3394 112.422 0
      vertex 41.6729 112.489 0
    endloop
  endfacet
  facet normal -0 0 -1
    outer loop
      vertex 96.6606 112.422 0
      vertex 22.6 110.4 0
      vertex 41.3394 112.422 0
    endloop
  endfacet
  facet normal 0 0 -1
    outer loop
      vertex 24.1706 117.749 0
      vertex 38.4 115 0
      vertex 38.4222 114.661 0
    endloop
  endfacet
  facet normal 0 0 -1
    outer loop
      vertex 23.9487 117.365 0
      vertex 38.4222 114.661 0
      vertex 38.4886 114.327 0
    endloop
  endfacet
  facet normal 0 0 -1
    outer loop
      vertex 22.6 110.4 0
      vertex 38.4886 114.327 0
      vertex 38.5979 114.005 0
    endloop
  endfacet
  facet normal 0 0 -1
    outer loop
      vertex 22.6 110.4 0
      vertex 38.5979 114.005 0
      vertex 38.7483 113.7 0
    endloop
  endfacet
  facet normal 0 0 -1
    outer loop
      vertex 22.6 110.4 0
      vertex 38.7483 113.7 0
      vertex 38.9373 113.417 0
    endloop
  endfacet
  facet normal 0 0 -1
    outer loop
      vertex 22.6 110.4 0
      vertex 38.9373 113.417 0
      vertex 39.1615 113.162 0
    endloop
  endfacet
  facet normal 0 0 -1
    outer loop
      vertex 22.6 110.4 0
      vertex 39.1615 113.162 0
      vertex 39.4172 112.937 0
    endloop
  endfacet
  facet normal 0 0 -1
    outer loop
      vertex 22.6 110.4 0
      vertex 39.4172 112.937 0
      vertex 39.7 112.748 0
    endloop
  endfacet
  facet normal 0 0 -1
    outer loop
      vertex 22.6 110.4 0
      vertex 39.7 112.748 0
      vertex 40.005 112.598 0
    endloop
  endfacet
  facet normal 0 0 -1
    outer loop
      vertex 38.4 115 0
      vertex 24.2855 118.178 0
      vertex 24.3 118.4 0
    endloop
  endfacet
  facet normal 0 0 -1
    outer loop
      vertex 38.4 115 0
      vertex 24.2421 117.96 0
      vertex 24.2855 118.178 0
    endloop
  endfacet
  facet normal 0 0 -1
    outer loop
      vertex 38.4 115 0
      vertex 24.1706 117.749 0
      vertex 24.2421 117.96 0
    endloop
  endfacet
  facet normal 0 0 -1
    outer loop
      vertex 22.6 110.4 0
      vertex 40.005 112.598 0
      vertex 40.3271 112.489 0
    endloop
  endfacet
  facet normal 0 0 -1
    outer loop
      vertex 38.4222 114.661 0
      vertex 24.0722 117.55 0
      vertex 24.1706 117.749 0
    endloop
  endfacet
  facet normal 0 0 -1
    outer loop
      vertex 38.4222 114.661 0
      vertex 23.9487 117.365 0
      vertex 24.0722 117.55 0
    endloop
  endfacet
  facet normal -0 0 -1
    outer loop
      vertex 38.4886 114.327 0
      vertex 22.6 110.4 0
      vertex 23.9487 117.365 0
    endloop
  endfacet
  facet normal 0 0 -1
    outer loop
      vertex 23.9487 117.365 0
      vertex 22.6 110.4 0
      vertex 23.8021 117.198 0
    endloop
  endfacet
  facet normal 0 0 -1
    outer loop
      vertex 23.8021 117.198 0
      vertex 22.6 110.4 0
      vertex 23.6349 117.051 0
    endloop
  endfacet
  facet normal 0 0 -1
    outer loop
      vertex 23.6349 117.051 0
      vertex 22.6 110.4 0
      vertex 23.45 116.928 0
    endloop
  endfacet
  facet normal 0 0 -1
    outer loop
      vertex 23.45 116.928 0
      vertex 22.6 110.4 0
      vertex 23.2506 116.829 0
    endloop
  endfacet
  facet normal 0 0 -1
    outer loop
      vertex 23.2506 116.829 0
      vertex 22.6 110.4 0
      vertex 23.04 116.758 0
    endloop
  endfacet
  facet normal 0 0 -1
    outer loop
      vertex 41.3394 112.422 0
      vertex 22.6 110.4 0
      vertex 41 112.4 0
    endloop
  endfacet
  facet normal 0 0 -1
    outer loop
      vertex 22.6 110.4 0
      vertex 40.6606 112.422 0
      vertex 41 112.4 0
    endloop
  endfacet
  facet normal 0 0 -1
    outer loop
      vertex 22.6 110.4 0
      vertex 40.3271 112.489 0
      vertex 40.6606 112.422 0
    endloop
  endfacet
  facet normal 0 0 -1
    outer loop
      vertex 23.04 116.758 0
      vertex 22.6 110.4 0
      vertex 22.8219 116.715 0
    endloop
  endfacet
  facet normal 0 0 -1
    outer loop
      vertex 22.6 110.4 0
      vertex 22.6 116.7 0
      vertex 22.8219 116.715 0
    endloop
  endfacet
  facet normal 0 0 -1
    outer loop
      vertex 22.0779 110.434 0
      vertex 22.6 116.7 0
      vertex 22.6 110.4 0
    endloop
  endfacet
  facet normal 0 0 -1
    outer loop
      vertex 21.5647 110.536 0
      vertex 22.6 116.7 0
      vertex 22.0779 110.434 0
    endloop
  endfacet
  facet normal 0 0 -1
    outer loop
      vertex 21.0693 110.704 0
      vertex 22.6 116.7 0
      vertex 21.5647 110.536 0
    endloop
  endfacet
  facet normal -0 0 -1
    outer loop
      vertex 22.6 116.7 0
      vertex 21.0693 110.704 0
      vertex 22.3781 116.715 0
    endloop
  endfacet
  facet normal 0 0 -1
    outer loop
      vertex 20.6 110.936 0
      vertex 22.3781 116.715 0
      vertex 21.0693 110.704 0
    endloop
  endfacet
  facet normal 0 0 -1
    outer loop
      vertex 20.165 111.227 0
      vertex 22.3781 116.715 0
      vertex 20.6 110.936 0
    endloop
  endfacet
  facet normal 0 0 -1
    outer loop
      vertex 19.7716 111.572 0
      vertex 22.3781 116.715 0
      vertex 20.165 111.227 0
    endloop
  endfacet
  facet normal 0 0 -1
    outer loop
      vertex 19.4266 111.965 0
      vertex 22.3781 116.715 0
      vertex 19.7716 111.572 0
    endloop
  endfacet
  facet normal 0 0 -1
    outer loop
      vertex 19.1359 112.4 0
      vertex 22.3781 116.715 0
      vertex 19.4266 111.965 0
    endloop
  endfacet
  facet normal -0 0 -1
    outer loop
      vertex 22.3781 116.715 0
      vertex 19.1359 112.4 0
      vertex 22.16 116.758 0
    endloop
  endfacet
  facet normal 0 0 -1
    outer loop
      vertex 18.9045 112.869 0
      vertex 22.16 116.758 0
      vertex 19.1359 112.4 0
    endloop
  endfacet
  facet normal 0 0 -1
    outer loop
      vertex 18.7363 113.365 0
      vertex 22.16 116.758 0
      vertex 18.9045 112.869 0
    endloop
  endfacet
  facet normal 0 0 -1
    outer loop
      vertex 18.6342 113.878 0
      vertex 22.16 116.758 0
      vertex 18.7363 113.365 0
    endloop
  endfacet
  facet normal -0 0 -1
    outer loop
      vertex 22.16 116.758 0
      vertex 18.6342 113.878 0
      vertex 21.9494 116.829 0
    endloop
  endfacet
  facet normal -0 0 -1
    outer loop
      vertex 20.9579 117.96 0
      vertex 18.6 114.4 0
      vertex 20.9145 118.178 0
    endloop
  endfacet
  facet normal -0 0 -1
    outer loop
      vertex 20.9145 118.178 0
      vertex 18.6 114.4 0
      vertex 20.9 118.4 0
    endloop
  endfacet
  facet normal 0 0 -1
    outer loop
      vertex 18.6 114.4 0
      vertex 21.9494 116.829 0
      vertex 18.6342 113.878 0
    endloop
  endfacet
  facet normal 0 0 -1
    outer loop
      vertex 132.25 183.072 0
      vertex 135.4 185.6 0
      vertex 132.435 182.949 0
    endloop
  endfacet
  facet normal 0 0 -1
    outer loop
      vertex 132.051 183.171 0
      vertex 135.4 185.6 0
      vertex 132.25 183.072 0
    endloop
  endfacet
  facet normal -0 0 -1
    outer loop
      vertex 135.4 185.6 0
      vertex 132.051 183.171 0
      vertex 135.366 186.122 0
    endloop
  endfacet
  facet normal 0 0 -1
    outer loop
      vertex 131.84 183.242 0
      vertex 135.366 186.122 0
      vertex 132.051 183.171 0
    endloop
  endfacet
  facet normal -0 0 -1
    outer loop
      vertex 135.366 186.122 0
      vertex 131.84 183.242 0
      vertex 135.264 186.635 0
    endloop
  endfacet
  facet normal -0 0 -1
    outer loop
      vertex 135.264 186.635 0
      vertex 131.84 183.242 0
      vertex 135.096 187.131 0
    endloop
  endfacet
  facet normal -0 0 -1
    outer loop
      vertex 135.096 187.131 0
      vertex 131.84 183.242 0
      vertex 134.864 187.6 0
    endloop
  endfacet
  facet normal 0 0 -1
    outer loop
      vertex 131.622 183.285 0
      vertex 134.864 187.6 0
      vertex 131.84 183.242 0
    endloop
  endfacet
  facet normal -0 0 -1
    outer loop
      vertex 134.864 187.6 0
      vertex 131.622 183.285 0
      vertex 134.573 188.035 0
    endloop
  endfacet
  facet normal -0 0 -1
    outer loop
      vertex 134.573 188.035 0
      vertex 131.622 183.285 0
      vertex 134.228 188.428 0
    endloop
  endfacet
  facet normal -0 0 -1
    outer loop
      vertex 134.228 188.428 0
      vertex 131.622 183.285 0
      vertex 133.835 188.773 0
    endloop
  endfacet
  facet normal -0 0 -1
    outer loop
      vertex 133.835 188.773 0
      vertex 131.622 183.285 0
      vertex 133.4 189.064 0
    endloop
  endfacet
  facet normal -0 0 -1
    outer loop
      vertex 133.4 189.064 0
      vertex 131.622 183.285 0
      vertex 132.931 189.296 0
    endloop
  endfacet
  facet normal 0 0 -1
    outer loop
      vertex 131.4 183.3 0
      vertex 132.931 189.296 0
      vertex 131.622 183.285 0
    endloop
  endfacet
  facet normal -0 0 -1
    outer loop
      vertex 132.931 189.296 0
      vertex 131.4 183.3 0
      vertex 132.435 189.464 0
    endloop
  endfacet
  facet normal -0 0 -1
    outer loop
      vertex 132.435 189.464 0
      vertex 131.4 183.3 0
      vertex 131.922 189.566 0
    endloop
  endfacet
  facet normal 0 0 -1
    outer loop
      vertex 131.4 183.3 0
      vertex 131.4 189.6 0
      vertex 131.922 189.566 0
    endloop
  endfacet
  facet normal 0 0 -1
    outer loop
      vertex 131.178 183.285 0
      vertex 131.4 189.6 0
      vertex 131.4 183.3 0
    endloop
  endfacet
  facet normal 0 0 -1
    outer loop
      vertex 130.96 183.242 0
      vertex 131.4 189.6 0
      vertex 131.178 183.285 0
    endloop
  endfacet
  facet normal 0 0 -1
    outer loop
      vertex 130.749 183.171 0
      vertex 131.4 189.6 0
      vertex 130.96 183.242 0
    endloop
  endfacet
  facet normal 0 0 -1
    outer loop
      vertex 130.55 183.072 0
      vertex 131.4 189.6 0
      vertex 130.749 183.171 0
    endloop
  endfacet
  facet normal 0 0 -1
    outer loop
      vertex 130.365 182.949 0
      vertex 131.4 189.6 0
      vertex 130.55 183.072 0
    endloop
  endfacet
  facet normal 0 0 -1
    outer loop
      vertex 130.198 182.802 0
      vertex 131.4 189.6 0
      vertex 130.365 182.949 0
    endloop
  endfacet
  facet normal 0 0 -1
    outer loop
      vertex 130.051 182.635 0
      vertex 131.4 189.6 0
      vertex 130.198 182.802 0
    endloop
  endfacet
  facet normal 0 0 -1
    outer loop
      vertex 129.928 182.45 0
      vertex 131.4 189.6 0
      vertex 130.051 182.635 0
    endloop
  endfacet
  facet normal 0 0 -1
    outer loop
      vertex 129.829 182.251 0
      vertex 131.4 189.6 0
      vertex 129.928 182.45 0
    endloop
  endfacet
  facet normal 0 0 -1
    outer loop
      vertex 91.5778 185.339 0
      vertex 129.829 182.251 0
      vertex 129.758 182.04 0
    endloop
  endfacet
  facet normal 0 0 -1
    outer loop
      vertex 129.829 180.949 0
      vertex 91.5778 184.661 0
      vertex 129.758 181.16 0
    endloop
  endfacet
  facet normal 0 0 -1
    outer loop
      vertex 129.758 181.16 0
      vertex 91.5778 184.661 0
      vertex 129.715 181.378 0
    endloop
  endfacet
  facet normal 0 0 -1
    outer loop
      vertex 129.715 181.378 0
      vertex 91.5778 184.661 0
      vertex 129.7 181.6 0
    endloop
  endfacet
  facet normal 0 0 -1
    outer loop
      vertex 91.5778 184.661 0
      vertex 129.715 181.822 0
      vertex 129.7 181.6 0
    endloop
  endfacet
  facet normal 0 0 -1
    outer loop
      vertex 129.715 181.822 0
      vertex 91.6 185 0
      vertex 129.758 182.04 0
    endloop
  endfacet
  facet normal 0 0 -1
    outer loop
      vertex 99.5114 115.673 0
      vertex 107.1 124.6 0
      vertex 99.5778 115.339 0
    endloop
  endfacet
  facet normal 0 0 -1
    outer loop
      vertex 99.4021 115.995 0
      vertex 107.1 124.6 0
      vertex 99.5114 115.673 0
    endloop
  endfacet
  facet normal 0 0 -1
    outer loop
      vertex 99.2517 116.3 0
      vertex 107.1 124.6 0
      vertex 99.4021 115.995 0
    endloop
  endfacet
  facet normal 0 0 -1
    outer loop
      vertex 99.0627 116.583 0
      vertex 107.1 124.6 0
      vertex 99.2517 116.3 0
    endloop
  endfacet
  facet normal 0 0 -1
    outer loop
      vertex 98.8385 116.838 0
      vertex 107.1 124.6 0
      vertex 99.0627 116.583 0
    endloop
  endfacet
  facet normal 0 0 -1
    outer loop
      vertex 98.5828 117.063 0
      vertex 107.1 124.6 0
      vertex 98.8385 116.838 0
    endloop
  endfacet
  facet normal 0 0 -1
    outer loop
      vertex 98.3 117.252 0
      vertex 107.1 124.6 0
      vertex 98.5828 117.063 0
    endloop
  endfacet
  facet normal 0 0 -1
    outer loop
      vertex 97.995 117.402 0
      vertex 107.1 124.6 0
      vertex 98.3 117.252 0
    endloop
  endfacet
  facet normal 0 0 -1
    outer loop
      vertex 97.6729 117.511 0
      vertex 107.1 124.6 0
      vertex 97.995 117.402 0
    endloop
  endfacet
  facet normal 0 0 -1
    outer loop
      vertex 97.3394 117.578 0
      vertex 107.1 124.6 0
      vertex 97.6729 117.511 0
    endloop
  endfacet
  facet normal 0 0 -1
    outer loop
      vertex 97 117.6 0
      vertex 107.1 124.6 0
      vertex 97.3394 117.578 0
    endloop
  endfacet
  facet normal 0 0 -1
    outer loop
      vertex 96.6606 117.578 0
      vertex 107.1 124.6 0
      vertex 97 117.6 0
    endloop
  endfacet
  facet normal -0 0 -1
    outer loop
      vertex 107.1 124.6 0
      vertex 96.6606 117.578 0
      vertex 107.1 138.6 0
    endloop
  endfacet
  facet normal 0 0 -1
    outer loop
      vertex 96.3271 117.511 0
      vertex 107.1 138.6 0
      vertex 96.6606 117.578 0
    endloop
  endfacet
  facet normal 0 0 -1
    outer loop
      vertex 96.005 117.402 0
      vertex 107.1 138.6 0
      vertex 96.3271 117.511 0
    endloop
  endfacet
  facet normal 0 0 -1
    outer loop
      vertex 95.7 117.252 0
      vertex 107.1 138.6 0
      vertex 96.005 117.402 0
    endloop
  endfacet
  facet normal 0 0 -1
    outer loop
      vertex 95.4172 117.063 0
      vertex 107.1 138.6 0
      vertex 95.7 117.252 0
    endloop
  endfacet
  facet normal 0 0 -1
    outer loop
      vertex 95.1615 116.838 0
      vertex 107.1 138.6 0
      vertex 95.4172 117.063 0
    endloop
  endfacet
  facet normal 0 0 -1
    outer loop
      vertex 91.5778 184.661 0
      vertex 107.1 138.6 0
      vertex 95.1615 116.838 0
    endloop
  endfacet
  facet normal 0 0 -1
    outer loop
      vertex 91.5778 184.661 0
      vertex 95.1615 116.838 0
      vertex 94.9373 116.583 0
    endloop
  endfacet
  facet normal 0 0 -1
    outer loop
      vertex 91.5778 184.661 0
      vertex 94.9373 116.583 0
      vertex 94.7483 116.3 0
    endloop
  endfacet
  facet normal 0 0 -1
    outer loop
      vertex 43.5778 115.339 0
      vertex 94.4222 115.339 0
      vertex 94.4 115 0
    endloop
  endfacet
  facet normal 0 0 -1
    outer loop
      vertex 91.5778 184.661 0
      vertex 94.4886 115.673 0
      vertex 94.4222 115.339 0
    endloop
  endfacet
  facet normal 0 0 -1
    outer loop
      vertex 91.5778 184.661 0
      vertex 94.5979 115.995 0
      vertex 94.4886 115.673 0
    endloop
  endfacet
  facet normal 0 0 -1
    outer loop
      vertex 91.5778 184.661 0
      vertex 94.7483 116.3 0
      vertex 94.5979 115.995 0
    endloop
  endfacet
  facet normal 0 0 -1
    outer loop
      vertex 91.5778 185.339 0
      vertex 129.758 182.04 0
      vertex 91.6 185 0
    endloop
  endfacet
  facet normal 0 0 -1
    outer loop
      vertex 129.829 182.251 0
      vertex 91.5778 185.339 0
      vertex 91.5114 185.673 0
    endloop
  endfacet
  facet normal 0 0 -1
    outer loop
      vertex 129.829 182.251 0
      vertex 91.5114 185.673 0
      vertex 131.4 189.6 0
    endloop
  endfacet
  facet normal 0 0 -1
    outer loop
      vertex 91.4021 185.995 0
      vertex 131.4 189.6 0
      vertex 91.5114 185.673 0
    endloop
  endfacet
  facet normal 0 0 -1
    outer loop
      vertex 91.2517 186.3 0
      vertex 131.4 189.6 0
      vertex 91.4021 185.995 0
    endloop
  endfacet
  facet normal 0 0 -1
    outer loop
      vertex 91.0627 186.583 0
      vertex 131.4 189.6 0
      vertex 91.2517 186.3 0
    endloop
  endfacet
  facet normal 0 0 -1
    outer loop
      vertex 90.8385 186.838 0
      vertex 131.4 189.6 0
      vertex 91.0627 186.583 0
    endloop
  endfacet
  facet normal 0 0 -1
    outer loop
      vertex 90.5828 187.063 0
      vertex 131.4 189.6 0
      vertex 90.8385 186.838 0
    endloop
  endfacet
  facet normal 0 0 -1
    outer loop
      vertex 90.3 187.252 0
      vertex 131.4 189.6 0
      vertex 90.5828 187.063 0
    endloop
  endfacet
  facet normal 0 0 -1
    outer loop
      vertex 89.995 187.402 0
      vertex 131.4 189.6 0
      vertex 90.3 187.252 0
    endloop
  endfacet
  facet normal 0 0 -1
    outer loop
      vertex 89.6729 187.511 0
      vertex 131.4 189.6 0
      vertex 89.995 187.402 0
    endloop
  endfacet
  facet normal 0 0 -1
    outer loop
      vertex 89.3394 187.578 0
      vertex 131.4 189.6 0
      vertex 89.6729 187.511 0
    endloop
  endfacet
  facet normal 0 0 -1
    outer loop
      vertex 89 187.6 0
      vertex 131.4 189.6 0
      vertex 89.3394 187.578 0
    endloop
  endfacet
  facet normal 0 0 -1
    outer loop
      vertex 51.6 185 0
      vertex 86.4222 185.339 0
      vertex 86.4 185 0
    endloop
  endfacet
  facet normal 0 0 -1
    outer loop
      vertex 51.5778 185.339 0
      vertex 86.4222 185.339 0
      vertex 51.6 185 0
    endloop
  endfacet
  facet normal 0 0 -1
    outer loop
      vertex 86.4222 185.339 0
      vertex 51.5778 185.339 0
      vertex 86.4886 185.673 0
    endloop
  endfacet
  facet normal 0 0 -1
    outer loop
      vertex 51.5114 185.673 0
      vertex 86.4886 185.673 0
      vertex 51.5778 185.339 0
    endloop
  endfacet
  facet normal 0 0 -1
    outer loop
      vertex 86.4886 185.673 0
      vertex 51.5114 185.673 0
      vertex 86.5979 185.995 0
    endloop
  endfacet
  facet normal 0 0 -1
    outer loop
      vertex 51.4021 185.995 0
      vertex 86.5979 185.995 0
      vertex 51.5114 185.673 0
    endloop
  endfacet
  facet normal 0 0 -1
    outer loop
      vertex 86.5979 185.995 0
      vertex 51.4021 185.995 0
      vertex 86.7483 186.3 0
    endloop
  endfacet
  facet normal 0 0 -1
    outer loop
      vertex 51.2517 186.3 0
      vertex 86.7483 186.3 0
      vertex 51.4021 185.995 0
    endloop
  endfacet
  facet normal 0 0 -1
    outer loop
      vertex 86.7483 186.3 0
      vertex 51.2517 186.3 0
      vertex 86.9373 186.583 0
    endloop
  endfacet
  facet normal 0 0 -1
    outer loop
      vertex 51.0627 186.583 0
      vertex 86.9373 186.583 0
      vertex 51.2517 186.3 0
    endloop
  endfacet
  facet normal 0 0 -1
    outer loop
      vertex 86.9373 186.583 0
      vertex 51.0627 186.583 0
      vertex 87.1615 186.838 0
    endloop
  endfacet
  facet normal 0 0 -1
    outer loop
      vertex 50.8385 186.838 0
      vertex 87.1615 186.838 0
      vertex 51.0627 186.583 0
    endloop
  endfacet
  facet normal 0 0 -1
    outer loop
      vertex 87.1615 186.838 0
      vertex 50.8385 186.838 0
      vertex 87.4172 187.063 0
    endloop
  endfacet
  facet normal 0 0 -1
    outer loop
      vertex 50.5828 187.063 0
      vertex 87.4172 187.063 0
      vertex 50.8385 186.838 0
    endloop
  endfacet
  facet normal 0 0 -1
    outer loop
      vertex 87.4172 187.063 0
      vertex 50.5828 187.063 0
      vertex 87.7 187.252 0
    endloop
  endfacet
  facet normal 0 0 -1
    outer loop
      vertex 50.3 187.252 0
      vertex 87.7 187.252 0
      vertex 50.5828 187.063 0
    endloop
  endfacet
  facet normal 0 0 -1
    outer loop
      vertex 87.7 187.252 0
      vertex 50.3 187.252 0
      vertex 88.005 187.402 0
    endloop
  endfacet
  facet normal 0 0 -1
    outer loop
      vertex 49.995 187.402 0
      vertex 88.005 187.402 0
      vertex 50.3 187.252 0
    endloop
  endfacet
  facet normal 0 0 -1
    outer loop
      vertex 88.005 187.402 0
      vertex 49.995 187.402 0
      vertex 88.3271 187.511 0
    endloop
  endfacet
  facet normal 0 0 -1
    outer loop
      vertex 49.6729 187.511 0
      vertex 88.3271 187.511 0
      vertex 49.995 187.402 0
    endloop
  endfacet
  facet normal 0 0 -1
    outer loop
      vertex 88.3271 187.511 0
      vertex 49.6729 187.511 0
      vertex 88.6606 187.578 0
    endloop
  endfacet
  facet normal 0 0 -1
    outer loop
      vertex 49.3394 187.578 0
      vertex 88.6606 187.578 0
      vertex 49.6729 187.511 0
    endloop
  endfacet
  facet normal 0 0 -1
    outer loop
      vertex 88.6606 187.578 0
      vertex 49.3394 187.578 0
      vertex 89 187.6 0
    endloop
  endfacet
  facet normal 0 0 -1
    outer loop
      vertex 49 187.6 0
      vertex 89 187.6 0
      vertex 49.3394 187.578 0
    endloop
  endfacet
  facet normal 0 0 -1
    outer loop
      vertex 22.6 189.6 0
      vertex 89 187.6 0
      vertex 49 187.6 0
    endloop
  endfacet
  facet normal 0 0 -1
    outer loop
      vertex 41 117.6 0
      vertex 48.6606 182.422 0
      vertex 41.3394 117.578 0
    endloop
  endfacet
  facet normal -0 0 -1
    outer loop
      vertex 48.6606 182.422 0
      vertex 41 117.6 0
      vertex 48.3271 182.489 0
    endloop
  endfacet
  facet normal 0 0 -1
    outer loop
      vertex 40.6606 117.578 0
      vertex 48.3271 182.489 0
      vertex 41 117.6 0
    endloop
  endfacet
  facet normal -0 0 -1
    outer loop
      vertex 48.3271 182.489 0
      vertex 40.6606 117.578 0
      vertex 48.005 182.598 0
    endloop
  endfacet
  facet normal 0 0 -1
    outer loop
      vertex 24.3 181.6 0
      vertex 48.005 182.598 0
      vertex 40.6606 117.578 0
    endloop
  endfacet
  facet normal -0 0 -1
    outer loop
      vertex 48.005 182.598 0
      vertex 24.3 181.6 0
      vertex 47.7 182.748 0
    endloop
  endfacet
  facet normal -0 0 -1
    outer loop
      vertex 47.7 182.748 0
      vertex 24.3 181.6 0
      vertex 47.4172 182.937 0
    endloop
  endfacet
  facet normal -0 0 -1
    outer loop
      vertex 47.4172 182.937 0
      vertex 24.3 181.6 0
      vertex 47.1615 183.162 0
    endloop
  endfacet
  facet normal -0 0 -1
    outer loop
      vertex 46.9373 183.417 0
      vertex 24.3 181.6 0
      vertex 46.7483 183.7 0
    endloop
  endfacet
  facet normal -0 0 -1
    outer loop
      vertex 46.7483 183.7 0
      vertex 24.3 181.6 0
      vertex 46.5979 184.005 0
    endloop
  endfacet
  facet normal -0 0 -1
    outer loop
      vertex 46.5979 184.005 0
      vertex 24.3 181.6 0
      vertex 46.4886 184.327 0
    endloop
  endfacet
  facet normal -0 0 -1
    outer loop
      vertex 46.4886 184.327 0
      vertex 24.3 181.6 0
      vertex 46.4222 184.661 0
    endloop
  endfacet
  facet normal 0 0 -1
    outer loop
      vertex 24.2855 181.822 0
      vertex 46.4222 184.661 0
      vertex 24.3 181.6 0
    endloop
  endfacet
  facet normal -0 0 -1
    outer loop
      vertex 47.1615 183.162 0
      vertex 24.3 181.6 0
      vertex 46.9373 183.417 0
    endloop
  endfacet
  facet normal 0 0 -1
    outer loop
      vertex 23.9487 119.435 0
      vertex 39.4172 117.063 0
      vertex 24.0722 119.25 0
    endloop
  endfacet
  facet normal 0 0 -1
    outer loop
      vertex 24.0722 119.25 0
      vertex 39.1615 116.838 0
      vertex 24.1706 119.051 0
    endloop
  endfacet
  facet normal 0 0 -1
    outer loop
      vertex 38.9373 116.583 0
      vertex 24.1706 119.051 0
      vertex 39.1615 116.838 0
    endloop
  endfacet
  facet normal 0 0 -1
    outer loop
      vertex 24.1706 119.051 0
      vertex 38.9373 116.583 0
      vertex 24.2421 118.84 0
    endloop
  endfacet
  facet normal 0 0 -1
    outer loop
      vertex 38.7483 116.3 0
      vertex 24.2421 118.84 0
      vertex 38.9373 116.583 0
    endloop
  endfacet
  facet normal 0 0 -1
    outer loop
      vertex 24.2421 118.84 0
      vertex 38.7483 116.3 0
      vertex 24.2855 118.622 0
    endloop
  endfacet
  facet normal 0 0 -1
    outer loop
      vertex 38.5979 115.995 0
      vertex 24.2855 118.622 0
      vertex 38.7483 116.3 0
    endloop
  endfacet
  facet normal 0 0 -1
    outer loop
      vertex 24.2855 118.622 0
      vertex 38.5979 115.995 0
      vertex 24.3 118.4 0
    endloop
  endfacet
  facet normal 0 0 -1
    outer loop
      vertex 24.3 118.4 0
      vertex 38.5979 115.995 0
      vertex 38.4886 115.673 0
    endloop
  endfacet
  facet normal 0 0 -1
    outer loop
      vertex 24.3 118.4 0
      vertex 38.4886 115.673 0
      vertex 38.4222 115.339 0
    endloop
  endfacet
  facet normal 0 0 -1
    outer loop
      vertex 24.3 118.4 0
      vertex 38.4222 115.339 0
      vertex 38.4 115 0
    endloop
  endfacet
  facet normal 0 0 -1
    outer loop
      vertex 39.1615 116.838 0
      vertex 24.0722 119.25 0
      vertex 39.4172 117.063 0
    endloop
  endfacet
  facet normal -0 0 -1
    outer loop
      vertex 46.4222 184.661 0
      vertex 24.2855 181.822 0
      vertex 46.4 185 0
    endloop
  endfacet
  facet normal 0 0 -1
    outer loop
      vertex 24.2421 182.04 0
      vertex 46.4 185 0
      vertex 24.2855 181.822 0
    endloop
  endfacet
  facet normal -0 0 -1
    outer loop
      vertex 46.4 185 0
      vertex 24.2421 182.04 0
      vertex 46.4222 185.339 0
    endloop
  endfacet
  facet normal 0 0 -1
    outer loop
      vertex 24.1706 182.251 0
      vertex 46.4222 185.339 0
      vertex 24.2421 182.04 0
    endloop
  endfacet
  facet normal 0 0 -1
    outer loop
      vertex 24.0722 182.45 0
      vertex 46.4222 185.339 0
      vertex 24.1706 182.251 0
    endloop
  endfacet
  facet normal -0 0 -1
    outer loop
      vertex 46.4222 185.339 0
      vertex 24.0722 182.45 0
      vertex 46.4886 185.673 0
    endloop
  endfacet
  facet normal 0 0 -1
    outer loop
      vertex 22.6 189.6 0
      vertex 46.4886 185.673 0
      vertex 24.0722 182.45 0
    endloop
  endfacet
  facet normal 0 0 -1
    outer loop
      vertex 46.4886 185.673 0
      vertex 22.6 189.6 0
      vertex 46.5979 185.995 0
    endloop
  endfacet
  facet normal 0 0 -1
    outer loop
      vertex 46.5979 185.995 0
      vertex 22.6 189.6 0
      vertex 46.7483 186.3 0
    endloop
  endfacet
  facet normal 0 0 -1
    outer loop
      vertex 46.7483 186.3 0
      vertex 22.6 189.6 0
      vertex 46.9373 186.583 0
    endloop
  endfacet
  facet normal 0 0 -1
    outer loop
      vertex 46.9373 186.583 0
      vertex 22.6 189.6 0
      vertex 47.1615 186.838 0
    endloop
  endfacet
  facet normal 0 0 -1
    outer loop
      vertex 47.1615 186.838 0
      vertex 22.6 189.6 0
      vertex 47.4172 187.063 0
    endloop
  endfacet
  facet normal 0 0 -1
    outer loop
      vertex 47.4172 187.063 0
      vertex 22.6 189.6 0
      vertex 47.7 187.252 0
    endloop
  endfacet
  facet normal 0 0 -1
    outer loop
      vertex 47.7 187.252 0
      vertex 22.6 189.6 0
      vertex 48.005 187.402 0
    endloop
  endfacet
  facet normal 0 0 -1
    outer loop
      vertex 22.6 189.6 0
      vertex 24.0722 182.45 0
      vertex 23.9487 182.635 0
    endloop
  endfacet
  facet normal 0 0 -1
    outer loop
      vertex 22.6 189.6 0
      vertex 23.9487 182.635 0
      vertex 23.8021 182.802 0
    endloop
  endfacet
  facet normal 0 0 -1
    outer loop
      vertex 48.005 187.402 0
      vertex 22.6 189.6 0
      vertex 48.3271 187.511 0
    endloop
  endfacet
  facet normal 0 0 -1
    outer loop
      vertex 22.6 189.6 0
      vertex 23.8021 182.802 0
      vertex 23.6349 182.949 0
    endloop
  endfacet
  facet normal 0 0 -1
    outer loop
      vertex 22.6 189.6 0
      vertex 23.6349 182.949 0
      vertex 23.45 183.072 0
    endloop
  endfacet
  facet normal 0 0 -1
    outer loop
      vertex 22.6 189.6 0
      vertex 23.45 183.072 0
      vertex 23.2506 183.171 0
    endloop
  endfacet
  facet normal 0 0 -1
    outer loop
      vertex 22.6 189.6 0
      vertex 23.2506 183.171 0
      vertex 23.04 183.242 0
    endloop
  endfacet
  facet normal 0 0 -1
    outer loop
      vertex 22.6 189.6 0
      vertex 23.04 183.242 0
      vertex 22.8219 183.285 0
    endloop
  endfacet
  facet normal 0 0 -1
    outer loop
      vertex 22.6 189.6 0
      vertex 22.8219 183.285 0
      vertex 22.6 183.3 0
    endloop
  endfacet
  facet normal 0 0 -1
    outer loop
      vertex 89 187.6 0
      vertex 22.6 189.6 0
      vertex 131.4 189.6 0
    endloop
  endfacet
  facet normal 0 0 -1
    outer loop
      vertex 48.6606 187.578 0
      vertex 22.6 189.6 0
      vertex 49 187.6 0
    endloop
  endfacet
  facet normal 0 0 -1
    outer loop
      vertex 48.3271 187.511 0
      vertex 22.6 189.6 0
      vertex 48.6606 187.578 0
    endloop
  endfacet
  facet normal 0 0 -1
    outer loop
      vertex 21.0693 189.296 0
      vertex 22.6 183.3 0
      vertex 22.3781 183.285 0
    endloop
  endfacet
  facet normal 0 0 -1
    outer loop
      vertex 19.1359 187.6 0
      vertex 22.3781 183.285 0
      vertex 22.16 183.242 0
    endloop
  endfacet
  facet normal 0 0 -1
    outer loop
      vertex 22.6 183.3 0
      vertex 22.0779 189.566 0
      vertex 22.6 189.6 0
    endloop
  endfacet
  facet normal 0 0 -1
    outer loop
      vertex 18.6342 186.122 0
      vertex 22.16 183.242 0
      vertex 21.9494 183.171 0
    endloop
  endfacet
  facet normal 0 0 -1
    outer loop
      vertex 18.6 185.6 0
      vertex 21.9494 183.171 0
      vertex 21.75 183.072 0
    endloop
  endfacet
  facet normal 0 0 -1
    outer loop
      vertex 18.6 185.6 0
      vertex 21.75 183.072 0
      vertex 21.5651 182.949 0
    endloop
  endfacet
  facet normal 0 0 -1
    outer loop
      vertex 22.6 183.3 0
      vertex 21.5647 189.464 0
      vertex 22.0779 189.566 0
    endloop
  endfacet
  facet normal 0 0 -1
    outer loop
      vertex 18.6 185.6 0
      vertex 21.5651 182.949 0
      vertex 21.3979 182.802 0
    endloop
  endfacet
  facet normal 0 0 -1
    outer loop
      vertex 18.6 185.6 0
      vertex 21.3979 182.802 0
      vertex 21.2513 182.635 0
    endloop
  endfacet
  facet normal 0 0 -1
    outer loop
      vertex 18.6 185.6 0
      vertex 21.2513 182.635 0
      vertex 21.1278 182.45 0
    endloop
  endfacet
  facet normal 0 0 -1
    outer loop
      vertex 22.6 183.3 0
      vertex 21.0693 189.296 0
      vertex 21.5647 189.464 0
    endloop
  endfacet
  facet normal 0 0 -1
    outer loop
      vertex 18.6 185.6 0
      vertex 21.1278 182.45 0
      vertex 21.0294 182.251 0
    endloop
  endfacet
  facet normal 0 0 -1
    outer loop
      vertex 18.6 185.6 0
      vertex 21.0294 182.251 0
      vertex 20.9579 182.04 0
    endloop
  endfacet
  facet normal 0 0 -1
    outer loop
      vertex 18.6 185.6 0
      vertex 20.9579 182.04 0
      vertex 20.9145 181.822 0
    endloop
  endfacet
  facet normal 0 0 -1
    outer loop
      vertex 18.6 185.6 0
      vertex 20.9145 181.822 0
      vertex 20.9 181.6 0
    endloop
  endfacet
  facet normal 0 0 -1
    outer loop
      vertex 21.9494 183.171 0
      vertex 18.6 185.6 0
      vertex 18.6342 186.122 0
    endloop
  endfacet
  facet normal 0 0 -1
    outer loop
      vertex 20.9579 181.16 0
      vertex 18.6 185.6 0
      vertex 20.9145 181.378 0
    endloop
  endfacet
  facet normal -0 0 -1
    outer loop
      vertex 21.0294 117.749 0
      vertex 18.6 114.4 0
      vertex 20.9579 117.96 0
    endloop
  endfacet
  facet normal 0 0 -1
    outer loop
      vertex 20.9145 181.378 0
      vertex 18.6 185.6 0
      vertex 20.9 181.6 0
    endloop
  endfacet
  facet normal -0 0 -1
    outer loop
      vertex 21.9494 116.829 0
      vertex 18.6 114.4 0
      vertex 21.75 116.928 0
    endloop
  endfacet
  facet normal 0 0 -1
    outer loop
      vertex 22.3781 183.285 0
      vertex 20.6 189.064 0
      vertex 21.0693 189.296 0
    endloop
  endfacet
  facet normal -0 0 -1
    outer loop
      vertex 21.75 116.928 0
      vertex 18.6 114.4 0
      vertex 21.5651 117.051 0
    endloop
  endfacet
  facet normal 0 0 -1
    outer loop
      vertex 22.3781 183.285 0
      vertex 20.165 188.773 0
      vertex 20.6 189.064 0
    endloop
  endfacet
  facet normal -0 0 -1
    outer loop
      vertex 21.5651 117.051 0
      vertex 18.6 114.4 0
      vertex 21.3979 117.198 0
    endloop
  endfacet
  facet normal 0 0 -1
    outer loop
      vertex 22.3781 183.285 0
      vertex 19.7716 188.428 0
      vertex 20.165 188.773 0
    endloop
  endfacet
  facet normal -0 0 -1
    outer loop
      vertex 21.3979 117.198 0
      vertex 18.6 114.4 0
      vertex 21.2513 117.365 0
    endloop
  endfacet
  facet normal 0 0 -1
    outer loop
      vertex 22.3781 183.285 0
      vertex 19.4266 188.035 0
      vertex 19.7716 188.428 0
    endloop
  endfacet
  facet normal -0 0 -1
    outer loop
      vertex 21.2513 117.365 0
      vertex 18.6 114.4 0
      vertex 21.1278 117.55 0
    endloop
  endfacet
  facet normal 0 0 -1
    outer loop
      vertex 22.3781 183.285 0
      vertex 19.1359 187.6 0
      vertex 19.4266 188.035 0
    endloop
  endfacet
  facet normal -0 0 -1
    outer loop
      vertex 21.1278 117.55 0
      vertex 18.6 114.4 0
      vertex 21.0294 117.749 0
    endloop
  endfacet
  facet normal 0 0 -1
    outer loop
      vertex 22.16 183.242 0
      vertex 18.9045 187.131 0
      vertex 19.1359 187.6 0
    endloop
  endfacet
  facet normal 0 0 -1
    outer loop
      vertex 22.16 183.242 0
      vertex 18.7363 186.635 0
      vertex 18.9045 187.131 0
    endloop
  endfacet
  facet normal 0 0 -1
    outer loop
      vertex 22.16 183.242 0
      vertex 18.6342 186.122 0
      vertex 18.7363 186.635 0
    endloop
  endfacet
  facet normal 0.321941 0.94676 -0
    outer loop
      vertex 42.6264 118.926 4
      vertex 42.1 119.105 52
      vertex 42.6264 118.926 52
    endloop
  endfacet
  facet normal 0.321941 0.94676 0
    outer loop
      vertex 42.1 119.105 52
      vertex 42.6264 118.926 4
      vertex 42.1 119.105 4
    endloop
  endfacet
  facet normal -0.0647637 -0.997901 0
    outer loop
      vertex 40.4453 110.786 4
      vertex 41 110.75 52
      vertex 40.4453 110.786 52
    endloop
  endfacet
  facet normal -0.0647637 -0.997901 -0
    outer loop
      vertex 41 110.75 52
      vertex 40.4453 110.786 4
      vertex 41 110.75 4
    endloop
  endfacet
  facet normal -0.980788 -0.195078 0
    outer loop
      vertex 36.8948 113.9 4
      vertex 36.7864 114.445 52
      vertex 36.7864 114.445 4
    endloop
  endfacet
  facet normal -0.980788 -0.195078 0
    outer loop
      vertex 36.7864 114.445 52
      vertex 36.8948 113.9 4
      vertex 36.8948 113.9 52
    endloop
  endfacet
  facet normal -0.0647637 0.997901 0
    outer loop
      vertex 41 119.25 4
      vertex 40.4453 119.214 52
      vertex 41 119.25 52
    endloop
  endfacet
  facet normal -0.0647637 0.997901 0
    outer loop
      vertex 40.4453 119.214 52
      vertex 41 119.25 4
      vertex 40.4453 119.214 4
    endloop
  endfacet
  facet normal -0.980788 0.195078 0
    outer loop
      vertex 36.7864 115.555 4
      vertex 36.8948 116.1 52
      vertex 36.8948 116.1 4
    endloop
  endfacet
  facet normal -0.980788 0.195078 0
    outer loop
      vertex 36.8948 116.1 52
      vertex 36.7864 115.555 4
      vertex 36.7864 115.555 52
    endloop
  endfacet
  facet normal 0.897001 -0.442029 0
    outer loop
      vertex 44.6806 112.875 52
      vertex 44.9265 113.374 4
      vertex 44.9265 113.374 52
    endloop
  endfacet
  facet normal 0.897001 -0.442029 0
    outer loop
      vertex 44.9265 113.374 4
      vertex 44.6806 112.875 52
      vertex 44.6806 112.875 4
    endloop
  endfacet
  facet normal 0.897001 0.442029 0
    outer loop
      vertex 44.9265 116.626 52
      vertex 44.6806 117.125 4
      vertex 44.6806 117.125 52
    endloop
  endfacet
  facet normal 0.897001 0.442029 0
    outer loop
      vertex 44.6806 117.125 4
      vertex 44.9265 116.626 52
      vertex 44.9265 116.626 4
    endloop
  endfacet
  facet normal 0.751908 0.659268 0
    outer loop
      vertex 44.3717 117.587 52
      vertex 44.0052 118.005 4
      vertex 44.0052 118.005 52
    endloop
  endfacet
  facet normal 0.751908 0.659268 0
    outer loop
      vertex 44.0052 118.005 4
      vertex 44.3717 117.587 52
      vertex 44.3717 117.587 4
    endloop
  endfacet
  facet normal 0.441011 -0.897502 0
    outer loop
      vertex 42.6264 111.074 4
      vertex 43.125 111.319 52
      vertex 42.6264 111.074 52
    endloop
  endfacet
  facet normal 0.441011 -0.897502 0
    outer loop
      vertex 43.125 111.319 52
      vertex 42.6264 111.074 4
      vertex 43.125 111.319 4
    endloop
  endfacet
  facet normal 0.321941 -0.94676 0
    outer loop
      vertex 42.1 110.895 4
      vertex 42.6264 111.074 52
      vertex 42.1 110.895 52
    endloop
  endfacet
  facet normal 0.321941 -0.94676 0
    outer loop
      vertex 42.6264 111.074 52
      vertex 42.1 110.895 4
      vertex 42.6264 111.074 4
    endloop
  endfacet
  facet normal -0.196012 0.980601 0
    outer loop
      vertex 40.4453 119.214 4
      vertex 39.9 119.105 52
      vertex 40.4453 119.214 52
    endloop
  endfacet
  facet normal -0.196012 0.980601 0
    outer loop
      vertex 39.9 119.105 52
      vertex 40.4453 119.214 4
      vertex 39.9 119.105 4
    endloop
  endfacet
  facet normal 0.94685 -0.321677 0
    outer loop
      vertex 44.9265 113.374 52
      vertex 45.1052 113.9 4
      vertex 45.1052 113.9 52
    endloop
  endfacet
  facet normal 0.94685 -0.321677 0
    outer loop
      vertex 45.1052 113.9 4
      vertex 44.9265 113.374 52
      vertex 44.9265 113.374 4
    endloop
  endfacet
  facet normal 0 0 1
    outer loop
      vertex 42.45 115 52
      vertex 45.25 115 52
      vertex 45.2136 115.555 52
    endloop
  endfacet
  facet normal 0 0 1
    outer loop
      vertex 42.4376 115.189 52
      vertex 45.2136 115.555 52
      vertex 45.1052 116.1 52
    endloop
  endfacet
  facet normal 0 0 1
    outer loop
      vertex 45.25 115 52
      vertex 42.45 115 52
      vertex 45.2136 114.445 52
    endloop
  endfacet
  facet normal 0 0 1
    outer loop
      vertex 42.4006 115.375 52
      vertex 45.1052 116.1 52
      vertex 44.9265 116.626 52
    endloop
  endfacet
  facet normal -0 0 1
    outer loop
      vertex 42.4376 114.811 52
      vertex 45.2136 114.445 52
      vertex 42.45 115 52
    endloop
  endfacet
  facet normal 0 0 1
    outer loop
      vertex 42.3396 115.555 52
      vertex 44.9265 116.626 52
      vertex 44.6806 117.125 52
    endloop
  endfacet
  facet normal 0 0 1
    outer loop
      vertex 45.2136 114.445 52
      vertex 42.4376 114.811 52
      vertex 45.1052 113.9 52
    endloop
  endfacet
  facet normal 0 0 1
    outer loop
      vertex 42.2557 115.725 52
      vertex 44.6806 117.125 52
      vertex 44.3717 117.587 52
    endloop
  endfacet
  facet normal -0 0 1
    outer loop
      vertex 42.4006 114.625 52
      vertex 45.1052 113.9 52
      vertex 42.4376 114.811 52
    endloop
  endfacet
  facet normal 0 0 1
    outer loop
      vertex 42.1504 115.883 52
      vertex 44.3717 117.587 52
      vertex 44.0052 118.005 52
    endloop
  endfacet
  facet normal 0 0 1
    outer loop
      vertex 45.1052 113.9 52
      vertex 42.4006 114.625 52
      vertex 44.9265 113.374 52
    endloop
  endfacet
  facet normal 0 0 1
    outer loop
      vertex 42.0253 116.025 52
      vertex 44.0052 118.005 52
      vertex 43.5872 118.372 52
    endloop
  endfacet
  facet normal -0 0 1
    outer loop
      vertex 42.3396 114.445 52
      vertex 44.9265 113.374 52
      vertex 42.4006 114.625 52
    endloop
  endfacet
  facet normal 0 0 1
    outer loop
      vertex 41.8827 116.15 52
      vertex 43.5872 118.372 52
      vertex 43.125 118.681 52
    endloop
  endfacet
  facet normal 0 0 1
    outer loop
      vertex 44.9265 113.374 52
      vertex 42.3396 114.445 52
      vertex 44.6806 112.875 52
    endloop
  endfacet
  facet normal 0 0 1
    outer loop
      vertex 41.725 116.256 52
      vertex 43.125 118.681 52
      vertex 42.6264 118.926 52
    endloop
  endfacet
  facet normal -0 0 1
    outer loop
      vertex 42.2557 114.275 52
      vertex 44.6806 112.875 52
      vertex 42.3396 114.445 52
    endloop
  endfacet
  facet normal 0 0 1
    outer loop
      vertex 44.6806 112.875 52
      vertex 42.2557 114.275 52
      vertex 44.3717 112.413 52
    endloop
  endfacet
  facet normal 0 0 1
    outer loop
      vertex 45.2136 115.555 52
      vertex 42.4376 115.189 52
      vertex 42.45 115 52
    endloop
  endfacet
  facet normal 0 0 1
    outer loop
      vertex 45.1052 116.1 52
      vertex 42.4006 115.375 52
      vertex 42.4376 115.189 52
    endloop
  endfacet
  facet normal 0 0 1
    outer loop
      vertex 44.9265 116.626 52
      vertex 42.3396 115.555 52
      vertex 42.4006 115.375 52
    endloop
  endfacet
  facet normal 0 0 1
    outer loop
      vertex 44.6806 117.125 52
      vertex 42.2557 115.725 52
      vertex 42.3396 115.555 52
    endloop
  endfacet
  facet normal 0 0 1
    outer loop
      vertex 44.3717 117.587 52
      vertex 42.1504 115.883 52
      vertex 42.2557 115.725 52
    endloop
  endfacet
  facet normal 0 0 1
    outer loop
      vertex 41.5549 116.34 52
      vertex 42.6264 118.926 52
      vertex 42.1 119.105 52
    endloop
  endfacet
  facet normal 0 0 1
    outer loop
      vertex 44.0052 118.005 52
      vertex 42.0253 116.025 52
      vertex 42.1504 115.883 52
    endloop
  endfacet
  facet normal 0 0 1
    outer loop
      vertex 43.5872 118.372 52
      vertex 41.8827 116.15 52
      vertex 42.0253 116.025 52
    endloop
  endfacet
  facet normal 0 0 1
    outer loop
      vertex 43.125 118.681 52
      vertex 41.725 116.256 52
      vertex 41.8827 116.15 52
    endloop
  endfacet
  facet normal 0 0 1
    outer loop
      vertex 42.6264 118.926 52
      vertex 41.5549 116.34 52
      vertex 41.725 116.256 52
    endloop
  endfacet
  facet normal 0 0 1
    outer loop
      vertex 41.3753 116.401 52
      vertex 42.1 119.105 52
      vertex 41.5547 119.214 52
    endloop
  endfacet
  facet normal 0 0 1
    outer loop
      vertex 42.1 119.105 52
      vertex 41.3753 116.401 52
      vertex 41.5549 116.34 52
    endloop
  endfacet
  facet normal 0 0 1
    outer loop
      vertex 41.5547 119.214 52
      vertex 41.1893 116.438 52
      vertex 41.3753 116.401 52
    endloop
  endfacet
  facet normal 0 0 1
    outer loop
      vertex 41 119.25 52
      vertex 41.1893 116.438 52
      vertex 41.5547 119.214 52
    endloop
  endfacet
  facet normal 0 0 1
    outer loop
      vertex 41 119.25 52
      vertex 41 116.45 52
      vertex 41.1893 116.438 52
    endloop
  endfacet
  facet normal 0 0 1
    outer loop
      vertex 41 119.25 52
      vertex 40.8107 116.438 52
      vertex 41 116.45 52
    endloop
  endfacet
  facet normal -0 0 1
    outer loop
      vertex 40.4453 119.214 52
      vertex 40.8107 116.438 52
      vertex 41 119.25 52
    endloop
  endfacet
  facet normal 0 0 1
    outer loop
      vertex 40.8107 116.438 52
      vertex 40.4453 119.214 52
      vertex 40.6247 116.401 52
    endloop
  endfacet
  facet normal -0 0 1
    outer loop
      vertex 39.9 119.105 52
      vertex 40.6247 116.401 52
      vertex 40.4453 119.214 52
    endloop
  endfacet
  facet normal 0 0 1
    outer loop
      vertex 40.6247 116.401 52
      vertex 39.9 119.105 52
      vertex 40.4451 116.34 52
    endloop
  endfacet
  facet normal -0 0 1
    outer loop
      vertex 39.3736 118.926 52
      vertex 40.4451 116.34 52
      vertex 39.9 119.105 52
    endloop
  endfacet
  facet normal 0 0 1
    outer loop
      vertex 40.4451 116.34 52
      vertex 39.3736 118.926 52
      vertex 40.275 116.256 52
    endloop
  endfacet
  facet normal -0 0 1
    outer loop
      vertex 38.875 118.681 52
      vertex 40.275 116.256 52
      vertex 39.3736 118.926 52
    endloop
  endfacet
  facet normal 0 0 1
    outer loop
      vertex 40.275 116.256 52
      vertex 38.875 118.681 52
      vertex 40.1173 116.15 52
    endloop
  endfacet
  facet normal -0 0 1
    outer loop
      vertex 38.4128 118.372 52
      vertex 40.1173 116.15 52
      vertex 38.875 118.681 52
    endloop
  endfacet
  facet normal 0 0 1
    outer loop
      vertex 40.1173 116.15 52
      vertex 38.4128 118.372 52
      vertex 39.9747 116.025 52
    endloop
  endfacet
  facet normal -0 0 1
    outer loop
      vertex 37.9948 118.005 52
      vertex 39.9747 116.025 52
      vertex 38.4128 118.372 52
    endloop
  endfacet
  facet normal 0 0 1
    outer loop
      vertex 39.9747 116.025 52
      vertex 37.9948 118.005 52
      vertex 39.8496 115.883 52
    endloop
  endfacet
  facet normal 0 0 1
    outer loop
      vertex 39.8496 115.883 52
      vertex 37.6283 117.587 52
      vertex 39.7443 115.725 52
    endloop
  endfacet
  facet normal -0 0 1
    outer loop
      vertex 37.6283 117.587 52
      vertex 39.8496 115.883 52
      vertex 37.9948 118.005 52
    endloop
  endfacet
  facet normal -0 0 1
    outer loop
      vertex 42.1504 114.117 52
      vertex 44.3717 112.413 52
      vertex 42.2557 114.275 52
    endloop
  endfacet
  facet normal 0 0 1
    outer loop
      vertex 44.3717 112.413 52
      vertex 42.1504 114.117 52
      vertex 44.0052 111.995 52
    endloop
  endfacet
  facet normal -0 0 1
    outer loop
      vertex 42.0253 113.975 52
      vertex 44.0052 111.995 52
      vertex 42.1504 114.117 52
    endloop
  endfacet
  facet normal 0 0 1
    outer loop
      vertex 44.0052 111.995 52
      vertex 42.0253 113.975 52
      vertex 43.5872 111.628 52
    endloop
  endfacet
  facet normal -0 0 1
    outer loop
      vertex 41.8827 113.85 52
      vertex 43.5872 111.628 52
      vertex 42.0253 113.975 52
    endloop
  endfacet
  facet normal 0 0 1
    outer loop
      vertex 43.5872 111.628 52
      vertex 41.8827 113.85 52
      vertex 43.125 111.319 52
    endloop
  endfacet
  facet normal -0 0 1
    outer loop
      vertex 41.725 113.744 52
      vertex 43.125 111.319 52
      vertex 41.8827 113.85 52
    endloop
  endfacet
  facet normal 0 0 1
    outer loop
      vertex 43.125 111.319 52
      vertex 41.725 113.744 52
      vertex 42.6264 111.074 52
    endloop
  endfacet
  facet normal -0 0 1
    outer loop
      vertex 41.5549 113.66 52
      vertex 42.6264 111.074 52
      vertex 41.725 113.744 52
    endloop
  endfacet
  facet normal 0 0 1
    outer loop
      vertex 42.6264 111.074 52
      vertex 41.5549 113.66 52
      vertex 42.1 110.895 52
    endloop
  endfacet
  facet normal -0 0 1
    outer loop
      vertex 41.3753 113.599 52
      vertex 42.1 110.895 52
      vertex 41.5549 113.66 52
    endloop
  endfacet
  facet normal 0 0 1
    outer loop
      vertex 42.1 110.895 52
      vertex 41.3753 113.599 52
      vertex 41.5547 110.786 52
    endloop
  endfacet
  facet normal -0 0 1
    outer loop
      vertex 41.1893 113.562 52
      vertex 41.5547 110.786 52
      vertex 41.3753 113.599 52
    endloop
  endfacet
  facet normal -0 0 1
    outer loop
      vertex 41 113.55 52
      vertex 41.5547 110.786 52
      vertex 41.1893 113.562 52
    endloop
  endfacet
  facet normal 0 0 1
    outer loop
      vertex 41 113.55 52
      vertex 41 110.75 52
      vertex 41.5547 110.786 52
    endloop
  endfacet
  facet normal 0 0 1
    outer loop
      vertex 40.8107 113.562 52
      vertex 41 110.75 52
      vertex 41 113.55 52
    endloop
  endfacet
  facet normal 0 0 1
    outer loop
      vertex 40.4453 110.786 52
      vertex 40.8107 113.562 52
      vertex 40.6247 113.599 52
    endloop
  endfacet
  facet normal 0 0 1
    outer loop
      vertex 40.8107 113.562 52
      vertex 40.4453 110.786 52
      vertex 41 110.75 52
    endloop
  endfacet
  facet normal 0 0 1
    outer loop
      vertex 39.9 110.895 52
      vertex 40.6247 113.599 52
      vertex 40.4451 113.66 52
    endloop
  endfacet
  facet normal 0 0 1
    outer loop
      vertex 39.3736 111.074 52
      vertex 40.4451 113.66 52
      vertex 40.275 113.744 52
    endloop
  endfacet
  facet normal 0 0 1
    outer loop
      vertex 38.875 111.319 52
      vertex 40.275 113.744 52
      vertex 40.1173 113.85 52
    endloop
  endfacet
  facet normal 0 0 1
    outer loop
      vertex 38.4128 111.628 52
      vertex 40.1173 113.85 52
      vertex 39.9747 113.975 52
    endloop
  endfacet
  facet normal 0 0 1
    outer loop
      vertex 40.6247 113.599 52
      vertex 39.9 110.895 52
      vertex 40.4453 110.786 52
    endloop
  endfacet
  facet normal 0 0 1
    outer loop
      vertex 37.9948 111.995 52
      vertex 39.9747 113.975 52
      vertex 39.8496 114.117 52
    endloop
  endfacet
  facet normal 0 0 1
    outer loop
      vertex 37.6283 112.413 52
      vertex 39.8496 114.117 52
      vertex 39.7443 114.275 52
    endloop
  endfacet
  facet normal 0 0 1
    outer loop
      vertex 37.3194 112.875 52
      vertex 39.7443 114.275 52
      vertex 39.6604 114.445 52
    endloop
  endfacet
  facet normal 0 0 1
    outer loop
      vertex 37.0735 113.374 52
      vertex 39.6604 114.445 52
      vertex 39.5994 114.625 52
    endloop
  endfacet
  facet normal 0 0 1
    outer loop
      vertex 36.8948 113.9 52
      vertex 39.5994 114.625 52
      vertex 39.5624 114.811 52
    endloop
  endfacet
  facet normal 0 0 1
    outer loop
      vertex 40.4451 113.66 52
      vertex 39.3736 111.074 52
      vertex 39.9 110.895 52
    endloop
  endfacet
  facet normal 0 0 1
    outer loop
      vertex 36.7864 114.445 52
      vertex 39.5624 114.811 52
      vertex 39.55 115 52
    endloop
  endfacet
  facet normal -0 0 1
    outer loop
      vertex 37.3194 117.125 52
      vertex 39.7443 115.725 52
      vertex 37.6283 117.587 52
    endloop
  endfacet
  facet normal 0 0 1
    outer loop
      vertex 39.7443 115.725 52
      vertex 37.3194 117.125 52
      vertex 39.6604 115.555 52
    endloop
  endfacet
  facet normal 0 0 1
    outer loop
      vertex 40.275 113.744 52
      vertex 38.875 111.319 52
      vertex 39.3736 111.074 52
    endloop
  endfacet
  facet normal -0 0 1
    outer loop
      vertex 37.0735 116.626 52
      vertex 39.6604 115.555 52
      vertex 37.3194 117.125 52
    endloop
  endfacet
  facet normal 0 0 1
    outer loop
      vertex 40.1173 113.85 52
      vertex 38.4128 111.628 52
      vertex 38.875 111.319 52
    endloop
  endfacet
  facet normal 0 0 1
    outer loop
      vertex 39.6604 115.555 52
      vertex 37.0735 116.626 52
      vertex 39.5994 115.375 52
    endloop
  endfacet
  facet normal 0 0 1
    outer loop
      vertex 39.9747 113.975 52
      vertex 37.9948 111.995 52
      vertex 38.4128 111.628 52
    endloop
  endfacet
  facet normal -0 0 1
    outer loop
      vertex 36.8948 116.1 52
      vertex 39.5994 115.375 52
      vertex 37.0735 116.626 52
    endloop
  endfacet
  facet normal 0 0 1
    outer loop
      vertex 39.8496 114.117 52
      vertex 37.6283 112.413 52
      vertex 37.9948 111.995 52
    endloop
  endfacet
  facet normal 0 0 1
    outer loop
      vertex 39.5994 115.375 52
      vertex 36.8948 116.1 52
      vertex 39.5624 115.189 52
    endloop
  endfacet
  facet normal 0 0 1
    outer loop
      vertex 39.7443 114.275 52
      vertex 37.3194 112.875 52
      vertex 37.6283 112.413 52
    endloop
  endfacet
  facet normal -0 0 1
    outer loop
      vertex 36.7864 115.555 52
      vertex 39.5624 115.189 52
      vertex 36.8948 116.1 52
    endloop
  endfacet
  facet normal 0 0 1
    outer loop
      vertex 39.6604 114.445 52
      vertex 37.0735 113.374 52
      vertex 37.3194 112.875 52
    endloop
  endfacet
  facet normal 0 0 1
    outer loop
      vertex 39.5624 115.189 52
      vertex 36.7864 115.555 52
      vertex 39.55 115 52
    endloop
  endfacet
  facet normal 0 0 1
    outer loop
      vertex 39.5994 114.625 52
      vertex 36.8948 113.9 52
      vertex 37.0735 113.374 52
    endloop
  endfacet
  facet normal 0 0 1
    outer loop
      vertex 36.75 115 52
      vertex 39.55 115 52
      vertex 36.7864 115.555 52
    endloop
  endfacet
  facet normal 0 0 1
    outer loop
      vertex 39.5624 114.811 52
      vertex 36.7864 114.445 52
      vertex 36.8948 113.9 52
    endloop
  endfacet
  facet normal 0 0 1
    outer loop
      vertex 39.55 115 52
      vertex 36.75 115 52
      vertex 36.7864 114.445 52
    endloop
  endfacet
  facet normal -0.196012 -0.980601 0
    outer loop
      vertex 39.9 110.895 4
      vertex 40.4453 110.786 52
      vertex 39.9 110.895 52
    endloop
  endfacet
  facet normal -0.196012 -0.980601 -0
    outer loop
      vertex 40.4453 110.786 52
      vertex 39.9 110.895 4
      vertex 40.4453 110.786 4
    endloop
  endfacet
  facet normal 0.0647637 0.997901 -0
    outer loop
      vertex 41.5547 119.214 4
      vertex 41 119.25 52
      vertex 41.5547 119.214 52
    endloop
  endfacet
  facet normal 0.0647637 0.997901 0
    outer loop
      vertex 41 119.25 52
      vertex 41.5547 119.214 4
      vertex 41 119.25 4
    endloop
  endfacet
  facet normal -0.441011 -0.897502 0
    outer loop
      vertex 38.875 111.319 4
      vertex 39.3736 111.074 52
      vertex 38.875 111.319 52
    endloop
  endfacet
  facet normal -0.441011 -0.897502 -0
    outer loop
      vertex 39.3736 111.074 52
      vertex 38.875 111.319 4
      vertex 39.3736 111.074 4
    endloop
  endfacet
  facet normal -0.831302 -0.555821 0
    outer loop
      vertex 37.6283 112.413 4
      vertex 37.3194 112.875 52
      vertex 37.3194 112.875 4
    endloop
  endfacet
  facet normal -0.831302 -0.555821 0
    outer loop
      vertex 37.3194 112.875 52
      vertex 37.6283 112.413 4
      vertex 37.6283 112.413 52
    endloop
  endfacet
  facet normal -0.94685 0.321677 0
    outer loop
      vertex 36.8948 116.1 4
      vertex 37.0735 116.626 52
      vertex 37.0735 116.626 4
    endloop
  endfacet
  facet normal -0.94685 0.321677 0
    outer loop
      vertex 37.0735 116.626 52
      vertex 36.8948 116.1 4
      vertex 36.8948 116.1 52
    endloop
  endfacet
  facet normal 0.196012 -0.980601 0
    outer loop
      vertex 97.5547 110.786 4
      vertex 98.1 110.895 52
      vertex 97.5547 110.786 52
    endloop
  endfacet
  facet normal 0.196012 -0.980601 0
    outer loop
      vertex 98.1 110.895 52
      vertex 97.5547 110.786 4
      vertex 98.1 110.895 4
    endloop
  endfacet
  facet normal 0.980581 0.196116 0
    outer loop
      vertex 101.214 115.555 52
      vertex 101.105 116.1 4
      vertex 101.105 116.1 52
    endloop
  endfacet
  facet normal 0.980581 0.196116 0
    outer loop
      vertex 101.105 116.1 4
      vertex 101.214 115.555 52
      vertex 101.214 115.555 4
    endloop
  endfacet
  facet normal 0.997903 0.0647288 0
    outer loop
      vertex 101.25 115 52
      vertex 101.214 115.555 4
      vertex 101.214 115.555 52
    endloop
  endfacet
  facet normal 0.997903 0.0647288 0
    outer loop
      vertex 101.214 115.555 4
      vertex 101.25 115 52
      vertex 101.25 115 4
    endloop
  endfacet
  facet normal -0.555779 0.83133 0
    outer loop
      vertex 94.875 118.681 4
      vertex 94.4128 118.372 52
      vertex 94.875 118.681 52
    endloop
  endfacet
  facet normal -0.555779 0.83133 0
    outer loop
      vertex 94.4128 118.372 52
      vertex 94.875 118.681 4
      vertex 94.4128 118.372 4
    endloop
  endfacet
  facet normal 0.659955 0.751305 -0
    outer loop
      vertex 100.005 118.005 4
      vertex 99.5872 118.372 52
      vertex 100.005 118.005 52
    endloop
  endfacet
  facet normal 0.659955 0.751305 0
    outer loop
      vertex 99.5872 118.372 52
      vertex 100.005 118.005 4
      vertex 99.5872 118.372 4
    endloop
  endfacet
  facet normal -0.897001 -0.442029 0
    outer loop
      vertex 93.3194 112.875 4
      vertex 93.0735 113.374 52
      vertex 93.0735 113.374 4
    endloop
  endfacet
  facet normal -0.897001 -0.442029 0
    outer loop
      vertex 93.0735 113.374 52
      vertex 93.3194 112.875 4
      vertex 93.3194 112.875 52
    endloop
  endfacet
  facet normal 0.0647637 -0.997901 0
    outer loop
      vertex 97 110.75 4
      vertex 97.5547 110.786 52
      vertex 97 110.75 52
    endloop
  endfacet
  facet normal 0.0647637 -0.997901 0
    outer loop
      vertex 97.5547 110.786 52
      vertex 97 110.75 4
      vertex 97.5547 110.786 4
    endloop
  endfacet
  facet normal -0.94685 -0.321677 0
    outer loop
      vertex 93.0735 113.374 4
      vertex 92.8948 113.9 52
      vertex 92.8948 113.9 4
    endloop
  endfacet
  facet normal -0.94685 -0.321677 0
    outer loop
      vertex 92.8948 113.9 52
      vertex 93.0735 113.374 4
      vertex 93.0735 113.374 52
    endloop
  endfacet
  facet normal 0.980581 -0.196116 0
    outer loop
      vertex 101.105 113.9 52
      vertex 101.214 114.445 4
      vertex 101.214 114.445 52
    endloop
  endfacet
  facet normal 0.980581 -0.196116 0
    outer loop
      vertex 101.214 114.445 4
      vertex 101.105 113.9 52
      vertex 101.105 113.9 4
    endloop
  endfacet
  facet normal -0.441011 0.897502 0
    outer loop
      vertex 95.3736 118.926 4
      vertex 94.875 118.681 52
      vertex 95.3736 118.926 52
    endloop
  endfacet
  facet normal -0.441011 0.897502 0
    outer loop
      vertex 94.875 118.681 52
      vertex 95.3736 118.926 4
      vertex 94.875 118.681 4
    endloop
  endfacet
  facet normal 0.831219 -0.555945 0
    outer loop
      vertex 100.372 112.413 52
      vertex 100.681 112.875 4
      vertex 100.681 112.875 52
    endloop
  endfacet
  facet normal 0.831219 -0.555945 0
    outer loop
      vertex 100.681 112.875 4
      vertex 100.372 112.413 52
      vertex 100.372 112.413 4
    endloop
  endfacet
  facet normal -0.831302 0.555821 0
    outer loop
      vertex 93.3194 117.125 4
      vertex 93.6283 117.587 52
      vertex 93.6283 117.587 4
    endloop
  endfacet
  facet normal -0.831302 0.555821 0
    outer loop
      vertex 93.6283 117.587 52
      vertex 93.3194 117.125 4
      vertex 93.3194 117.125 52
    endloop
  endfacet
  facet normal -0.555779 -0.83133 0
    outer loop
      vertex 94.4128 111.628 4
      vertex 94.875 111.319 52
      vertex 94.4128 111.628 52
    endloop
  endfacet
  facet normal -0.555779 -0.83133 -0
    outer loop
      vertex 94.875 111.319 52
      vertex 94.4128 111.628 4
      vertex 94.875 111.319 4
    endloop
  endfacet
  facet normal -0.751908 0.659268 0
    outer loop
      vertex 93.6283 117.587 4
      vertex 93.9948 118.005 52
      vertex 93.9948 118.005 4
    endloop
  endfacet
  facet normal -0.751908 0.659268 0
    outer loop
      vertex 93.9948 118.005 52
      vertex 93.6283 117.587 4
      vertex 93.6283 117.587 52
    endloop
  endfacet
  facet normal 0.946685 0.322161 0
    outer loop
      vertex 101.105 116.1 52
      vertex 100.926 116.626 4
      vertex 100.926 116.626 52
    endloop
  endfacet
  facet normal 0.946685 0.322161 0
    outer loop
      vertex 100.926 116.626 4
      vertex 101.105 116.1 52
      vertex 101.105 116.1 4
    endloop
  endfacet
  facet normal 0.831219 0.555945 0
    outer loop
      vertex 100.681 117.125 52
      vertex 100.372 117.587 4
      vertex 100.372 117.587 52
    endloop
  endfacet
  facet normal 0.831219 0.555945 0
    outer loop
      vertex 100.372 117.587 4
      vertex 100.681 117.125 52
      vertex 100.681 117.125 4
    endloop
  endfacet
  facet normal -0.831302 -0.555821 0
    outer loop
      vertex 93.6283 112.413 4
      vertex 93.3194 112.875 52
      vertex 93.3194 112.875 4
    endloop
  endfacet
  facet normal -0.831302 -0.555821 0
    outer loop
      vertex 93.3194 112.875 52
      vertex 93.6283 112.413 4
      vertex 93.6283 112.413 52
    endloop
  endfacet
  facet normal -0.196012 -0.980601 0
    outer loop
      vertex 95.9 110.895 4
      vertex 96.4453 110.786 52
      vertex 95.9 110.895 52
    endloop
  endfacet
  facet normal -0.196012 -0.980601 -0
    outer loop
      vertex 96.4453 110.786 52
      vertex 95.9 110.895 4
      vertex 96.4453 110.786 4
    endloop
  endfacet
  facet normal -0.659776 0.751462 0
    outer loop
      vertex 94.4128 118.372 4
      vertex 93.9948 118.005 52
      vertex 94.4128 118.372 52
    endloop
  endfacet
  facet normal -0.659776 0.751462 0
    outer loop
      vertex 93.9948 118.005 52
      vertex 94.4128 118.372 4
      vertex 93.9948 118.005 4
    endloop
  endfacet
  facet normal 0.441011 0.897502 -0
    outer loop
      vertex 99.125 118.681 4
      vertex 98.6264 118.926 52
      vertex 99.125 118.681 52
    endloop
  endfacet
  facet normal 0.441011 0.897502 0
    outer loop
      vertex 98.6264 118.926 52
      vertex 99.125 118.681 4
      vertex 98.6264 118.926 4
    endloop
  endfacet
  facet normal 0.997903 -0.0647288 0
    outer loop
      vertex 101.214 114.445 52
      vertex 101.25 115 4
      vertex 101.25 115 52
    endloop
  endfacet
  facet normal 0.997903 -0.0647288 0
    outer loop
      vertex 101.25 115 4
      vertex 101.214 114.445 52
      vertex 101.214 114.445 4
    endloop
  endfacet
  facet normal 0.555779 0.83133 -0
    outer loop
      vertex 99.5872 118.372 4
      vertex 99.125 118.681 52
      vertex 99.5872 118.372 52
    endloop
  endfacet
  facet normal 0.555779 0.83133 0
    outer loop
      vertex 99.125 118.681 52
      vertex 99.5872 118.372 4
      vertex 99.125 118.681 4
    endloop
  endfacet
  facet normal -0.897001 0.442029 0
    outer loop
      vertex 93.0735 116.626 4
      vertex 93.3194 117.125 52
      vertex 93.3194 117.125 4
    endloop
  endfacet
  facet normal -0.897001 0.442029 0
    outer loop
      vertex 93.3194 117.125 52
      vertex 93.0735 116.626 4
      vertex 93.0735 116.626 52
    endloop
  endfacet
  facet normal -0.751908 -0.659268 0
    outer loop
      vertex 93.9948 111.995 4
      vertex 93.6283 112.413 52
      vertex 93.6283 112.413 4
    endloop
  endfacet
  facet normal -0.751908 -0.659268 0
    outer loop
      vertex 93.6283 112.413 52
      vertex 93.9948 111.995 4
      vertex 93.9948 111.995 52
    endloop
  endfacet
  facet normal -0.997856 -0.065445 0
    outer loop
      vertex 92.7864 114.445 4
      vertex 92.75 115 52
      vertex 92.75 115 4
    endloop
  endfacet
  facet normal -0.997856 -0.065445 0
    outer loop
      vertex 92.75 115 52
      vertex 92.7864 114.445 4
      vertex 92.7864 114.445 52
    endloop
  endfacet
  facet normal 0.751462 -0.659776 0
    outer loop
      vertex 100.005 111.995 52
      vertex 100.372 112.413 4
      vertex 100.372 112.413 52
    endloop
  endfacet
  facet normal 0.751462 -0.659776 0
    outer loop
      vertex 100.372 112.413 4
      vertex 100.005 111.995 52
      vertex 100.005 111.995 4
    endloop
  endfacet
  facet normal 0.946685 -0.322161 0
    outer loop
      vertex 100.926 113.374 52
      vertex 101.105 113.9 4
      vertex 101.105 113.9 52
    endloop
  endfacet
  facet normal 0.946685 -0.322161 0
    outer loop
      vertex 101.105 113.9 4
      vertex 100.926 113.374 52
      vertex 100.926 113.374 4
    endloop
  endfacet
  facet normal -0.321941 -0.94676 0
    outer loop
      vertex 95.3736 111.074 4
      vertex 95.9 110.895 52
      vertex 95.3736 111.074 52
    endloop
  endfacet
  facet normal -0.321941 -0.94676 -0
    outer loop
      vertex 95.9 110.895 52
      vertex 95.3736 111.074 4
      vertex 95.9 110.895 4
    endloop
  endfacet
  facet normal -0.997856 0.065445 0
    outer loop
      vertex 92.75 115 4
      vertex 92.7864 115.555 52
      vertex 92.7864 115.555 4
    endloop
  endfacet
  facet normal -0.997856 0.065445 0
    outer loop
      vertex 92.7864 115.555 52
      vertex 92.75 115 4
      vertex 92.75 115 52
    endloop
  endfacet
  facet normal 0.196012 0.980601 -0
    outer loop
      vertex 98.1 119.105 4
      vertex 97.5547 119.214 52
      vertex 98.1 119.105 52
    endloop
  endfacet
  facet normal 0.196012 0.980601 0
    outer loop
      vertex 97.5547 119.214 52
      vertex 98.1 119.105 4
      vertex 97.5547 119.214 4
    endloop
  endfacet
  facet normal -0.659776 -0.751462 0
    outer loop
      vertex 93.9948 111.995 4
      vertex 94.4128 111.628 52
      vertex 93.9948 111.995 52
    endloop
  endfacet
  facet normal -0.659776 -0.751462 -0
    outer loop
      vertex 94.4128 111.628 52
      vertex 93.9948 111.995 4
      vertex 94.4128 111.628 4
    endloop
  endfacet
  facet normal 0.659955 -0.751305 0
    outer loop
      vertex 99.5872 111.628 4
      vertex 100.005 111.995 52
      vertex 99.5872 111.628 52
    endloop
  endfacet
  facet normal 0.659955 -0.751305 0
    outer loop
      vertex 100.005 111.995 52
      vertex 99.5872 111.628 4
      vertex 100.005 111.995 4
    endloop
  endfacet
  facet normal 0.555779 -0.83133 0
    outer loop
      vertex 99.125 111.319 4
      vertex 99.5872 111.628 52
      vertex 99.125 111.319 52
    endloop
  endfacet
  facet normal 0.555779 -0.83133 0
    outer loop
      vertex 99.5872 111.628 52
      vertex 99.125 111.319 4
      vertex 99.5872 111.628 4
    endloop
  endfacet
  facet normal -0.321941 0.94676 0
    outer loop
      vertex 95.9 119.105 4
      vertex 95.3736 118.926 52
      vertex 95.9 119.105 52
    endloop
  endfacet
  facet normal -0.321941 0.94676 0
    outer loop
      vertex 95.3736 118.926 52
      vertex 95.9 119.105 4
      vertex 95.3736 118.926 4
    endloop
  endfacet
  facet normal 0.321941 0.94676 -0
    outer loop
      vertex 98.6264 118.926 4
      vertex 98.1 119.105 52
      vertex 98.6264 118.926 52
    endloop
  endfacet
  facet normal 0.321941 0.94676 0
    outer loop
      vertex 98.1 119.105 52
      vertex 98.6264 118.926 4
      vertex 98.1 119.105 4
    endloop
  endfacet
  facet normal -0.0647637 -0.997901 0
    outer loop
      vertex 96.4453 110.786 4
      vertex 97 110.75 52
      vertex 96.4453 110.786 52
    endloop
  endfacet
  facet normal -0.0647637 -0.997901 -0
    outer loop
      vertex 97 110.75 52
      vertex 96.4453 110.786 4
      vertex 97 110.75 4
    endloop
  endfacet
  facet normal -0.980788 -0.195078 0
    outer loop
      vertex 92.8948 113.9 4
      vertex 92.7864 114.445 52
      vertex 92.7864 114.445 4
    endloop
  endfacet
  facet normal -0.980788 -0.195078 0
    outer loop
      vertex 92.7864 114.445 52
      vertex 92.8948 113.9 4
      vertex 92.8948 113.9 52
    endloop
  endfacet
  facet normal -0.0647637 0.997901 0
    outer loop
      vertex 97 119.25 4
      vertex 96.4453 119.214 52
      vertex 97 119.25 52
    endloop
  endfacet
  facet normal -0.0647637 0.997901 0
    outer loop
      vertex 96.4453 119.214 52
      vertex 97 119.25 4
      vertex 96.4453 119.214 4
    endloop
  endfacet
  facet normal -0.980788 0.195078 0
    outer loop
      vertex 92.7864 115.555 4
      vertex 92.8948 116.1 52
      vertex 92.8948 116.1 4
    endloop
  endfacet
  facet normal -0.980788 0.195078 0
    outer loop
      vertex 92.8948 116.1 52
      vertex 92.7864 115.555 4
      vertex 92.7864 115.555 52
    endloop
  endfacet
  facet normal 0.897642 -0.440726 0
    outer loop
      vertex 100.681 112.875 52
      vertex 100.926 113.374 4
      vertex 100.926 113.374 52
    endloop
  endfacet
  facet normal 0.897642 -0.440726 0
    outer loop
      vertex 100.926 113.374 4
      vertex 100.681 112.875 52
      vertex 100.681 112.875 4
    endloop
  endfacet
  facet normal 0.897642 0.440726 0
    outer loop
      vertex 100.926 116.626 52
      vertex 100.681 117.125 4
      vertex 100.681 117.125 52
    endloop
  endfacet
  facet normal 0.897642 0.440726 0
    outer loop
      vertex 100.681 117.125 4
      vertex 100.926 116.626 52
      vertex 100.926 116.626 4
    endloop
  endfacet
  facet normal 0 0 1
    outer loop
      vertex 98.45 115 52
      vertex 101.25 115 52
      vertex 101.214 115.555 52
    endloop
  endfacet
  facet normal 0 0 1
    outer loop
      vertex 98.4376 115.189 52
      vertex 101.214 115.555 52
      vertex 101.105 116.1 52
    endloop
  endfacet
  facet normal 0 0 1
    outer loop
      vertex 101.25 115 52
      vertex 98.45 115 52
      vertex 101.214 114.445 52
    endloop
  endfacet
  facet normal 0 0 1
    outer loop
      vertex 98.4006 115.375 52
      vertex 101.105 116.1 52
      vertex 100.926 116.626 52
    endloop
  endfacet
  facet normal -0 0 1
    outer loop
      vertex 98.4376 114.811 52
      vertex 101.214 114.445 52
      vertex 98.45 115 52
    endloop
  endfacet
  facet normal 0 0 1
    outer loop
      vertex 98.3396 115.555 52
      vertex 100.926 116.626 52
      vertex 100.681 117.125 52
    endloop
  endfacet
  facet normal 0 0 1
    outer loop
      vertex 101.214 114.445 52
      vertex 98.4376 114.811 52
      vertex 101.105 113.9 52
    endloop
  endfacet
  facet normal 0 0 1
    outer loop
      vertex 98.2557 115.725 52
      vertex 100.681 117.125 52
      vertex 100.372 117.587 52
    endloop
  endfacet
  facet normal -0 0 1
    outer loop
      vertex 98.4006 114.625 52
      vertex 101.105 113.9 52
      vertex 98.4376 114.811 52
    endloop
  endfacet
  facet normal 0 0 1
    outer loop
      vertex 98.1504 115.883 52
      vertex 100.372 117.587 52
      vertex 100.005 118.005 52
    endloop
  endfacet
  facet normal 0 0 1
    outer loop
      vertex 101.105 113.9 52
      vertex 98.4006 114.625 52
      vertex 100.926 113.374 52
    endloop
  endfacet
  facet normal 0 0 1
    outer loop
      vertex 98.0253 116.025 52
      vertex 100.005 118.005 52
      vertex 99.5872 118.372 52
    endloop
  endfacet
  facet normal -0 0 1
    outer loop
      vertex 98.3396 114.445 52
      vertex 100.926 113.374 52
      vertex 98.4006 114.625 52
    endloop
  endfacet
  facet normal 0 0 1
    outer loop
      vertex 97.8827 116.15 52
      vertex 99.5872 118.372 52
      vertex 99.125 118.681 52
    endloop
  endfacet
  facet normal 0 0 1
    outer loop
      vertex 100.926 113.374 52
      vertex 98.3396 114.445 52
      vertex 100.681 112.875 52
    endloop
  endfacet
  facet normal 0 0 1
    outer loop
      vertex 97.725 116.256 52
      vertex 99.125 118.681 52
      vertex 98.6264 118.926 52
    endloop
  endfacet
  facet normal -0 0 1
    outer loop
      vertex 98.2557 114.275 52
      vertex 100.681 112.875 52
      vertex 98.3396 114.445 52
    endloop
  endfacet
  facet normal 0 0 1
    outer loop
      vertex 100.681 112.875 52
      vertex 98.2557 114.275 52
      vertex 100.372 112.413 52
    endloop
  endfacet
  facet normal 0 0 1
    outer loop
      vertex 101.214 115.555 52
      vertex 98.4376 115.189 52
      vertex 98.45 115 52
    endloop
  endfacet
  facet normal 0 0 1
    outer loop
      vertex 101.105 116.1 52
      vertex 98.4006 115.375 52
      vertex 98.4376 115.189 52
    endloop
  endfacet
  facet normal 0 0 1
    outer loop
      vertex 100.926 116.626 52
      vertex 98.3396 115.555 52
      vertex 98.4006 115.375 52
    endloop
  endfacet
  facet normal 0 0 1
    outer loop
      vertex 100.681 117.125 52
      vertex 98.2557 115.725 52
      vertex 98.3396 115.555 52
    endloop
  endfacet
  facet normal 0 0 1
    outer loop
      vertex 100.372 117.587 52
      vertex 98.1504 115.883 52
      vertex 98.2557 115.725 52
    endloop
  endfacet
  facet normal 0 0 1
    outer loop
      vertex 97.5549 116.34 52
      vertex 98.6264 118.926 52
      vertex 98.1 119.105 52
    endloop
  endfacet
  facet normal 0 0 1
    outer loop
      vertex 100.005 118.005 52
      vertex 98.0253 116.025 52
      vertex 98.1504 115.883 52
    endloop
  endfacet
  facet normal 0 0 1
    outer loop
      vertex 99.5872 118.372 52
      vertex 97.8827 116.15 52
      vertex 98.0253 116.025 52
    endloop
  endfacet
  facet normal 0 0 1
    outer loop
      vertex 99.125 118.681 52
      vertex 97.725 116.256 52
      vertex 97.8827 116.15 52
    endloop
  endfacet
  facet normal 0 0 1
    outer loop
      vertex 98.6264 118.926 52
      vertex 97.5549 116.34 52
      vertex 97.725 116.256 52
    endloop
  endfacet
  facet normal 0 0 1
    outer loop
      vertex 97.3753 116.401 52
      vertex 98.1 119.105 52
      vertex 97.5547 119.214 52
    endloop
  endfacet
  facet normal 0 0 1
    outer loop
      vertex 98.1 119.105 52
      vertex 97.3753 116.401 52
      vertex 97.5549 116.34 52
    endloop
  endfacet
  facet normal 0 0 1
    outer loop
      vertex 97.5547 119.214 52
      vertex 97.1893 116.438 52
      vertex 97.3753 116.401 52
    endloop
  endfacet
  facet normal 0 0 1
    outer loop
      vertex 97 119.25 52
      vertex 97.1893 116.438 52
      vertex 97.5547 119.214 52
    endloop
  endfacet
  facet normal 0 0 1
    outer loop
      vertex 97 119.25 52
      vertex 97 116.45 52
      vertex 97.1893 116.438 52
    endloop
  endfacet
  facet normal 0 0 1
    outer loop
      vertex 97 119.25 52
      vertex 96.8107 116.438 52
      vertex 97 116.45 52
    endloop
  endfacet
  facet normal -0 0 1
    outer loop
      vertex 96.4453 119.214 52
      vertex 96.8107 116.438 52
      vertex 97 119.25 52
    endloop
  endfacet
  facet normal 0 0 1
    outer loop
      vertex 96.8107 116.438 52
      vertex 96.4453 119.214 52
      vertex 96.6247 116.401 52
    endloop
  endfacet
  facet normal -0 0 1
    outer loop
      vertex 95.9 119.105 52
      vertex 96.6247 116.401 52
      vertex 96.4453 119.214 52
    endloop
  endfacet
  facet normal 0 0 1
    outer loop
      vertex 96.6247 116.401 52
      vertex 95.9 119.105 52
      vertex 96.4451 116.34 52
    endloop
  endfacet
  facet normal -0 0 1
    outer loop
      vertex 95.3736 118.926 52
      vertex 96.4451 116.34 52
      vertex 95.9 119.105 52
    endloop
  endfacet
  facet normal 0 0 1
    outer loop
      vertex 96.4451 116.34 52
      vertex 95.3736 118.926 52
      vertex 96.275 116.256 52
    endloop
  endfacet
  facet normal -0 0 1
    outer loop
      vertex 94.875 118.681 52
      vertex 96.275 116.256 52
      vertex 95.3736 118.926 52
    endloop
  endfacet
  facet normal 0 0 1
    outer loop
      vertex 96.275 116.256 52
      vertex 94.875 118.681 52
      vertex 96.1173 116.15 52
    endloop
  endfacet
  facet normal -0 0 1
    outer loop
      vertex 94.4128 118.372 52
      vertex 96.1173 116.15 52
      vertex 94.875 118.681 52
    endloop
  endfacet
  facet normal 0 0 1
    outer loop
      vertex 96.1173 116.15 52
      vertex 94.4128 118.372 52
      vertex 95.9747 116.025 52
    endloop
  endfacet
  facet normal -0 0 1
    outer loop
      vertex 93.9948 118.005 52
      vertex 95.9747 116.025 52
      vertex 94.4128 118.372 52
    endloop
  endfacet
  facet normal 0 0 1
    outer loop
      vertex 95.9747 116.025 52
      vertex 93.9948 118.005 52
      vertex 95.8496 115.883 52
    endloop
  endfacet
  facet normal 0 0 1
    outer loop
      vertex 95.8496 115.883 52
      vertex 93.6283 117.587 52
      vertex 95.7443 115.725 52
    endloop
  endfacet
  facet normal -0 0 1
    outer loop
      vertex 93.6283 117.587 52
      vertex 95.8496 115.883 52
      vertex 93.9948 118.005 52
    endloop
  endfacet
  facet normal -0 0 1
    outer loop
      vertex 98.1504 114.117 52
      vertex 100.372 112.413 52
      vertex 98.2557 114.275 52
    endloop
  endfacet
  facet normal 0 0 1
    outer loop
      vertex 100.372 112.413 52
      vertex 98.1504 114.117 52
      vertex 100.005 111.995 52
    endloop
  endfacet
  facet normal -0 0 1
    outer loop
      vertex 98.0253 113.975 52
      vertex 100.005 111.995 52
      vertex 98.1504 114.117 52
    endloop
  endfacet
  facet normal 0 0 1
    outer loop
      vertex 100.005 111.995 52
      vertex 98.0253 113.975 52
      vertex 99.5872 111.628 52
    endloop
  endfacet
  facet normal -0 0 1
    outer loop
      vertex 97.8827 113.85 52
      vertex 99.5872 111.628 52
      vertex 98.0253 113.975 52
    endloop
  endfacet
  facet normal 0 0 1
    outer loop
      vertex 99.5872 111.628 52
      vertex 97.8827 113.85 52
      vertex 99.125 111.319 52
    endloop
  endfacet
  facet normal -0 0 1
    outer loop
      vertex 97.725 113.744 52
      vertex 99.125 111.319 52
      vertex 97.8827 113.85 52
    endloop
  endfacet
  facet normal 0 0 1
    outer loop
      vertex 99.125 111.319 52
      vertex 97.725 113.744 52
      vertex 98.6264 111.074 52
    endloop
  endfacet
  facet normal -0 0 1
    outer loop
      vertex 97.5549 113.66 52
      vertex 98.6264 111.074 52
      vertex 97.725 113.744 52
    endloop
  endfacet
  facet normal 0 0 1
    outer loop
      vertex 98.6264 111.074 52
      vertex 97.5549 113.66 52
      vertex 98.1 110.895 52
    endloop
  endfacet
  facet normal -0 0 1
    outer loop
      vertex 97.3753 113.599 52
      vertex 98.1 110.895 52
      vertex 97.5549 113.66 52
    endloop
  endfacet
  facet normal 0 0 1
    outer loop
      vertex 98.1 110.895 52
      vertex 97.3753 113.599 52
      vertex 97.5547 110.786 52
    endloop
  endfacet
  facet normal -0 0 1
    outer loop
      vertex 97.1893 113.562 52
      vertex 97.5547 110.786 52
      vertex 97.3753 113.599 52
    endloop
  endfacet
  facet normal -0 0 1
    outer loop
      vertex 97 113.55 52
      vertex 97.5547 110.786 52
      vertex 97.1893 113.562 52
    endloop
  endfacet
  facet normal 0 0 1
    outer loop
      vertex 97 113.55 52
      vertex 97 110.75 52
      vertex 97.5547 110.786 52
    endloop
  endfacet
  facet normal 0 0 1
    outer loop
      vertex 96.8107 113.562 52
      vertex 97 110.75 52
      vertex 97 113.55 52
    endloop
  endfacet
  facet normal 0 0 1
    outer loop
      vertex 96.4453 110.786 52
      vertex 96.8107 113.562 52
      vertex 96.6247 113.599 52
    endloop
  endfacet
  facet normal 0 0 1
    outer loop
      vertex 96.8107 113.562 52
      vertex 96.4453 110.786 52
      vertex 97 110.75 52
    endloop
  endfacet
  facet normal 0 0 1
    outer loop
      vertex 95.9 110.895 52
      vertex 96.6247 113.599 52
      vertex 96.4451 113.66 52
    endloop
  endfacet
  facet normal 0 0 1
    outer loop
      vertex 95.3736 111.074 52
      vertex 96.4451 113.66 52
      vertex 96.275 113.744 52
    endloop
  endfacet
  facet normal 0 0 1
    outer loop
      vertex 94.875 111.319 52
      vertex 96.275 113.744 52
      vertex 96.1173 113.85 52
    endloop
  endfacet
  facet normal 0 0 1
    outer loop
      vertex 94.4128 111.628 52
      vertex 96.1173 113.85 52
      vertex 95.9747 113.975 52
    endloop
  endfacet
  facet normal 0 0 1
    outer loop
      vertex 96.6247 113.599 52
      vertex 95.9 110.895 52
      vertex 96.4453 110.786 52
    endloop
  endfacet
  facet normal 0 0 1
    outer loop
      vertex 93.9948 111.995 52
      vertex 95.9747 113.975 52
      vertex 95.8496 114.117 52
    endloop
  endfacet
  facet normal 0 0 1
    outer loop
      vertex 93.6283 112.413 52
      vertex 95.8496 114.117 52
      vertex 95.7443 114.275 52
    endloop
  endfacet
  facet normal 0 0 1
    outer loop
      vertex 93.3194 112.875 52
      vertex 95.7443 114.275 52
      vertex 95.6604 114.445 52
    endloop
  endfacet
  facet normal 0 0 1
    outer loop
      vertex 93.0735 113.374 52
      vertex 95.6604 114.445 52
      vertex 95.5994 114.625 52
    endloop
  endfacet
  facet normal 0 0 1
    outer loop
      vertex 92.8948 113.9 52
      vertex 95.5994 114.625 52
      vertex 95.5624 114.811 52
    endloop
  endfacet
  facet normal 0 0 1
    outer loop
      vertex 96.4451 113.66 52
      vertex 95.3736 111.074 52
      vertex 95.9 110.895 52
    endloop
  endfacet
  facet normal 0 0 1
    outer loop
      vertex 92.7864 114.445 52
      vertex 95.5624 114.811 52
      vertex 95.55 115 52
    endloop
  endfacet
  facet normal -0 0 1
    outer loop
      vertex 93.3194 117.125 52
      vertex 95.7443 115.725 52
      vertex 93.6283 117.587 52
    endloop
  endfacet
  facet normal 0 0 1
    outer loop
      vertex 95.7443 115.725 52
      vertex 93.3194 117.125 52
      vertex 95.6604 115.555 52
    endloop
  endfacet
  facet normal 0 0 1
    outer loop
      vertex 96.275 113.744 52
      vertex 94.875 111.319 52
      vertex 95.3736 111.074 52
    endloop
  endfacet
  facet normal -0 0 1
    outer loop
      vertex 93.0735 116.626 52
      vertex 95.6604 115.555 52
      vertex 93.3194 117.125 52
    endloop
  endfacet
  facet normal 0 0 1
    outer loop
      vertex 96.1173 113.85 52
      vertex 94.4128 111.628 52
      vertex 94.875 111.319 52
    endloop
  endfacet
  facet normal 0 0 1
    outer loop
      vertex 95.6604 115.555 52
      vertex 93.0735 116.626 52
      vertex 95.5994 115.375 52
    endloop
  endfacet
  facet normal 0 0 1
    outer loop
      vertex 95.9747 113.975 52
      vertex 93.9948 111.995 52
      vertex 94.4128 111.628 52
    endloop
  endfacet
  facet normal -0 0 1
    outer loop
      vertex 92.8948 116.1 52
      vertex 95.5994 115.375 52
      vertex 93.0735 116.626 52
    endloop
  endfacet
  facet normal 0 0 1
    outer loop
      vertex 95.8496 114.117 52
      vertex 93.6283 112.413 52
      vertex 93.9948 111.995 52
    endloop
  endfacet
  facet normal 0 0 1
    outer loop
      vertex 95.5994 115.375 52
      vertex 92.8948 116.1 52
      vertex 95.5624 115.189 52
    endloop
  endfacet
  facet normal 0 0 1
    outer loop
      vertex 95.7443 114.275 52
      vertex 93.3194 112.875 52
      vertex 93.6283 112.413 52
    endloop
  endfacet
  facet normal -0 0 1
    outer loop
      vertex 92.7864 115.555 52
      vertex 95.5624 115.189 52
      vertex 92.8948 116.1 52
    endloop
  endfacet
  facet normal 0 0 1
    outer loop
      vertex 95.6604 114.445 52
      vertex 93.0735 113.374 52
      vertex 93.3194 112.875 52
    endloop
  endfacet
  facet normal 0 0 1
    outer loop
      vertex 95.5624 115.189 52
      vertex 92.7864 115.555 52
      vertex 95.55 115 52
    endloop
  endfacet
  facet normal 0 0 1
    outer loop
      vertex 95.5994 114.625 52
      vertex 92.8948 113.9 52
      vertex 93.0735 113.374 52
    endloop
  endfacet
  facet normal 0 0 1
    outer loop
      vertex 92.75 115 52
      vertex 95.55 115 52
      vertex 92.7864 115.555 52
    endloop
  endfacet
  facet normal 0 0 1
    outer loop
      vertex 95.5624 114.811 52
      vertex 92.7864 114.445 52
      vertex 92.8948 113.9 52
    endloop
  endfacet
  facet normal 0 0 1
    outer loop
      vertex 95.55 115 52
      vertex 92.75 115 52
      vertex 92.7864 114.445 52
    endloop
  endfacet
  facet normal 0.751462 0.659776 0
    outer loop
      vertex 100.372 117.587 52
      vertex 100.005 118.005 4
      vertex 100.005 118.005 52
    endloop
  endfacet
  facet normal 0.751462 0.659776 0
    outer loop
      vertex 100.005 118.005 4
      vertex 100.372 117.587 52
      vertex 100.372 117.587 4
    endloop
  endfacet
  facet normal 0.441011 -0.897502 0
    outer loop
      vertex 98.6264 111.074 4
      vertex 99.125 111.319 52
      vertex 98.6264 111.074 52
    endloop
  endfacet
  facet normal 0.441011 -0.897502 0
    outer loop
      vertex 99.125 111.319 52
      vertex 98.6264 111.074 4
      vertex 99.125 111.319 4
    endloop
  endfacet
  facet normal 0.321941 -0.94676 0
    outer loop
      vertex 98.1 110.895 4
      vertex 98.6264 111.074 52
      vertex 98.1 110.895 52
    endloop
  endfacet
  facet normal 0.321941 -0.94676 0
    outer loop
      vertex 98.6264 111.074 52
      vertex 98.1 110.895 4
      vertex 98.6264 111.074 4
    endloop
  endfacet
  facet normal -0.196012 0.980601 0
    outer loop
      vertex 96.4453 119.214 4
      vertex 95.9 119.105 52
      vertex 96.4453 119.214 52
    endloop
  endfacet
  facet normal -0.196012 0.980601 0
    outer loop
      vertex 95.9 119.105 52
      vertex 96.4453 119.214 4
      vertex 95.9 119.105 4
    endloop
  endfacet
  facet normal 0.0647637 0.997901 -0
    outer loop
      vertex 97.5547 119.214 4
      vertex 97 119.25 52
      vertex 97.5547 119.214 52
    endloop
  endfacet
  facet normal 0.0647637 0.997901 0
    outer loop
      vertex 97 119.25 52
      vertex 97.5547 119.214 4
      vertex 97 119.25 4
    endloop
  endfacet
  facet normal -0.441011 -0.897502 0
    outer loop
      vertex 94.875 111.319 4
      vertex 95.3736 111.074 52
      vertex 94.875 111.319 52
    endloop
  endfacet
  facet normal -0.441011 -0.897502 -0
    outer loop
      vertex 95.3736 111.074 52
      vertex 94.875 111.319 4
      vertex 95.3736 111.074 4
    endloop
  endfacet
  facet normal -0.94685 0.321677 0
    outer loop
      vertex 92.8948 116.1 4
      vertex 93.0735 116.626 52
      vertex 93.0735 116.626 4
    endloop
  endfacet
  facet normal -0.94685 0.321677 0
    outer loop
      vertex 93.0735 116.626 52
      vertex 92.8948 116.1 4
      vertex 92.8948 116.1 52
    endloop
  endfacet
  facet normal 0.196012 -0.980601 0
    outer loop
      vertex 49.5547 180.786 4
      vertex 50.1 180.895 52
      vertex 49.5547 180.786 52
    endloop
  endfacet
  facet normal 0.196012 -0.980601 0
    outer loop
      vertex 50.1 180.895 52
      vertex 49.5547 180.786 4
      vertex 50.1 180.895 4
    endloop
  endfacet
  facet normal 0.980788 0.195078 0
    outer loop
      vertex 53.2136 185.555 52
      vertex 53.1052 186.1 4
      vertex 53.1052 186.1 52
    endloop
  endfacet
  facet normal 0.980788 0.195078 0
    outer loop
      vertex 53.1052 186.1 4
      vertex 53.2136 185.555 52
      vertex 53.2136 185.555 4
    endloop
  endfacet
  facet normal 0.997856 0.065445 0
    outer loop
      vertex 53.25 185 52
      vertex 53.2136 185.555 4
      vertex 53.2136 185.555 52
    endloop
  endfacet
  facet normal 0.997856 0.065445 0
    outer loop
      vertex 53.2136 185.555 4
      vertex 53.25 185 52
      vertex 53.25 185 4
    endloop
  endfacet
  facet normal -0.555779 0.83133 0
    outer loop
      vertex 46.875 188.681 4
      vertex 46.4128 188.372 52
      vertex 46.875 188.681 52
    endloop
  endfacet
  facet normal -0.555779 0.83133 0
    outer loop
      vertex 46.4128 188.372 52
      vertex 46.875 188.681 4
      vertex 46.4128 188.372 4
    endloop
  endfacet
  facet normal 0.659776 0.751462 -0
    outer loop
      vertex 52.0052 188.005 4
      vertex 51.5872 188.372 52
      vertex 52.0052 188.005 52
    endloop
  endfacet
  facet normal 0.659776 0.751462 0
    outer loop
      vertex 51.5872 188.372 52
      vertex 52.0052 188.005 4
      vertex 51.5872 188.372 4
    endloop
  endfacet
  facet normal -0.897001 -0.442029 0
    outer loop
      vertex 45.3194 182.875 4
      vertex 45.0735 183.374 52
      vertex 45.0735 183.374 4
    endloop
  endfacet
  facet normal -0.897001 -0.442029 0
    outer loop
      vertex 45.0735 183.374 52
      vertex 45.3194 182.875 4
      vertex 45.3194 182.875 52
    endloop
  endfacet
  facet normal 0.0647637 -0.997901 0
    outer loop
      vertex 49 180.75 4
      vertex 49.5547 180.786 52
      vertex 49 180.75 52
    endloop
  endfacet
  facet normal 0.0647637 -0.997901 0
    outer loop
      vertex 49.5547 180.786 52
      vertex 49 180.75 4
      vertex 49.5547 180.786 4
    endloop
  endfacet
  facet normal -0.94685 -0.321677 0
    outer loop
      vertex 45.0735 183.374 4
      vertex 44.8948 183.9 52
      vertex 44.8948 183.9 4
    endloop
  endfacet
  facet normal -0.94685 -0.321677 0
    outer loop
      vertex 44.8948 183.9 52
      vertex 45.0735 183.374 4
      vertex 45.0735 183.374 52
    endloop
  endfacet
  facet normal 0.980788 -0.195078 0
    outer loop
      vertex 53.1052 183.9 52
      vertex 53.2136 184.445 4
      vertex 53.2136 184.445 52
    endloop
  endfacet
  facet normal 0.980788 -0.195078 0
    outer loop
      vertex 53.2136 184.445 4
      vertex 53.1052 183.9 52
      vertex 53.1052 183.9 4
    endloop
  endfacet
  facet normal -0.441011 0.897502 0
    outer loop
      vertex 47.3736 188.926 4
      vertex 46.875 188.681 52
      vertex 47.3736 188.926 52
    endloop
  endfacet
  facet normal -0.441011 0.897502 0
    outer loop
      vertex 46.875 188.681 52
      vertex 47.3736 188.926 4
      vertex 46.875 188.681 4
    endloop
  endfacet
  facet normal 0.831302 -0.555821 0
    outer loop
      vertex 52.3717 182.413 52
      vertex 52.6806 182.875 4
      vertex 52.6806 182.875 52
    endloop
  endfacet
  facet normal 0.831302 -0.555821 0
    outer loop
      vertex 52.6806 182.875 4
      vertex 52.3717 182.413 52
      vertex 52.3717 182.413 4
    endloop
  endfacet
  facet normal -0.831302 0.555821 0
    outer loop
      vertex 45.3194 187.125 4
      vertex 45.6283 187.587 52
      vertex 45.6283 187.587 4
    endloop
  endfacet
  facet normal -0.831302 0.555821 0
    outer loop
      vertex 45.6283 187.587 52
      vertex 45.3194 187.125 4
      vertex 45.3194 187.125 52
    endloop
  endfacet
  facet normal -0.555779 -0.83133 0
    outer loop
      vertex 46.4128 181.628 4
      vertex 46.875 181.319 52
      vertex 46.4128 181.628 52
    endloop
  endfacet
  facet normal -0.555779 -0.83133 -0
    outer loop
      vertex 46.875 181.319 52
      vertex 46.4128 181.628 4
      vertex 46.875 181.319 4
    endloop
  endfacet
  facet normal -0.751908 0.659268 0
    outer loop
      vertex 45.6283 187.587 4
      vertex 45.9948 188.005 52
      vertex 45.9948 188.005 4
    endloop
  endfacet
  facet normal -0.751908 0.659268 0
    outer loop
      vertex 45.9948 188.005 52
      vertex 45.6283 187.587 4
      vertex 45.6283 187.587 52
    endloop
  endfacet
  facet normal 0.94685 0.321677 0
    outer loop
      vertex 53.1052 186.1 52
      vertex 52.9265 186.626 4
      vertex 52.9265 186.626 52
    endloop
  endfacet
  facet normal 0.94685 0.321677 0
    outer loop
      vertex 52.9265 186.626 4
      vertex 53.1052 186.1 52
      vertex 53.1052 186.1 4
    endloop
  endfacet
  facet normal 0.831302 0.555821 0
    outer loop
      vertex 52.6806 187.125 52
      vertex 52.3717 187.587 4
      vertex 52.3717 187.587 52
    endloop
  endfacet
  facet normal 0.831302 0.555821 0
    outer loop
      vertex 52.3717 187.587 4
      vertex 52.6806 187.125 52
      vertex 52.6806 187.125 4
    endloop
  endfacet
  facet normal -0.196012 -0.980601 0
    outer loop
      vertex 47.9 180.895 4
      vertex 48.4453 180.786 52
      vertex 47.9 180.895 52
    endloop
  endfacet
  facet normal -0.196012 -0.980601 -0
    outer loop
      vertex 48.4453 180.786 52
      vertex 47.9 180.895 4
      vertex 48.4453 180.786 4
    endloop
  endfacet
  facet normal -0.659776 0.751462 0
    outer loop
      vertex 46.4128 188.372 4
      vertex 45.9948 188.005 52
      vertex 46.4128 188.372 52
    endloop
  endfacet
  facet normal -0.659776 0.751462 0
    outer loop
      vertex 45.9948 188.005 52
      vertex 46.4128 188.372 4
      vertex 45.9948 188.005 4
    endloop
  endfacet
  facet normal 0.441011 0.897502 -0
    outer loop
      vertex 51.125 188.681 4
      vertex 50.6264 188.926 52
      vertex 51.125 188.681 52
    endloop
  endfacet
  facet normal 0.441011 0.897502 0
    outer loop
      vertex 50.6264 188.926 52
      vertex 51.125 188.681 4
      vertex 50.6264 188.926 4
    endloop
  endfacet
  facet normal 0.997856 -0.065445 0
    outer loop
      vertex 53.2136 184.445 52
      vertex 53.25 185 4
      vertex 53.25 185 52
    endloop
  endfacet
  facet normal 0.997856 -0.065445 0
    outer loop
      vertex 53.25 185 4
      vertex 53.2136 184.445 52
      vertex 53.2136 184.445 4
    endloop
  endfacet
  facet normal 0.555779 0.83133 -0
    outer loop
      vertex 51.5872 188.372 4
      vertex 51.125 188.681 52
      vertex 51.5872 188.372 52
    endloop
  endfacet
  facet normal 0.555779 0.83133 0
    outer loop
      vertex 51.125 188.681 52
      vertex 51.5872 188.372 4
      vertex 51.125 188.681 4
    endloop
  endfacet
  facet normal -0.897001 0.442029 0
    outer loop
      vertex 45.0735 186.626 4
      vertex 45.3194 187.125 52
      vertex 45.3194 187.125 4
    endloop
  endfacet
  facet normal -0.897001 0.442029 0
    outer loop
      vertex 45.3194 187.125 52
      vertex 45.0735 186.626 4
      vertex 45.0735 186.626 52
    endloop
  endfacet
  facet normal -0.751908 -0.659268 0
    outer loop
      vertex 45.9948 181.995 4
      vertex 45.6283 182.413 52
      vertex 45.6283 182.413 4
    endloop
  endfacet
  facet normal -0.751908 -0.659268 0
    outer loop
      vertex 45.6283 182.413 52
      vertex 45.9948 181.995 4
      vertex 45.9948 181.995 52
    endloop
  endfacet
  facet normal -0.997856 -0.065445 0
    outer loop
      vertex 44.7864 184.445 4
      vertex 44.75 185 52
      vertex 44.75 185 4
    endloop
  endfacet
  facet normal -0.997856 -0.065445 0
    outer loop
      vertex 44.75 185 52
      vertex 44.7864 184.445 4
      vertex 44.7864 184.445 52
    endloop
  endfacet
  facet normal 0.751908 -0.659268 0
    outer loop
      vertex 52.0052 181.995 52
      vertex 52.3717 182.413 4
      vertex 52.3717 182.413 52
    endloop
  endfacet
  facet normal 0.751908 -0.659268 0
    outer loop
      vertex 52.3717 182.413 4
      vertex 52.0052 181.995 52
      vertex 52.0052 181.995 4
    endloop
  endfacet
  facet normal 0.94685 -0.321677 0
    outer loop
      vertex 52.9265 183.374 52
      vertex 53.1052 183.9 4
      vertex 53.1052 183.9 52
    endloop
  endfacet
  facet normal 0.94685 -0.321677 0
    outer loop
      vertex 53.1052 183.9 4
      vertex 52.9265 183.374 52
      vertex 52.9265 183.374 4
    endloop
  endfacet
  facet normal -0.321941 -0.94676 0
    outer loop
      vertex 47.3736 181.074 4
      vertex 47.9 180.895 52
      vertex 47.3736 181.074 52
    endloop
  endfacet
  facet normal -0.321941 -0.94676 -0
    outer loop
      vertex 47.9 180.895 52
      vertex 47.3736 181.074 4
      vertex 47.9 180.895 4
    endloop
  endfacet
  facet normal -0.997856 0.065445 0
    outer loop
      vertex 44.75 185 4
      vertex 44.7864 185.555 52
      vertex 44.7864 185.555 4
    endloop
  endfacet
  facet normal -0.997856 0.065445 0
    outer loop
      vertex 44.7864 185.555 52
      vertex 44.75 185 4
      vertex 44.75 185 52
    endloop
  endfacet
  facet normal 0.196012 0.980601 -0
    outer loop
      vertex 50.1 189.105 4
      vertex 49.5547 189.214 52
      vertex 50.1 189.105 52
    endloop
  endfacet
  facet normal 0.196012 0.980601 0
    outer loop
      vertex 49.5547 189.214 52
      vertex 50.1 189.105 4
      vertex 49.5547 189.214 4
    endloop
  endfacet
  facet normal -0.659776 -0.751462 0
    outer loop
      vertex 45.9948 181.995 4
      vertex 46.4128 181.628 52
      vertex 45.9948 181.995 52
    endloop
  endfacet
  facet normal -0.659776 -0.751462 -0
    outer loop
      vertex 46.4128 181.628 52
      vertex 45.9948 181.995 4
      vertex 46.4128 181.628 4
    endloop
  endfacet
  facet normal 0.659776 -0.751462 0
    outer loop
      vertex 51.5872 181.628 4
      vertex 52.0052 181.995 52
      vertex 51.5872 181.628 52
    endloop
  endfacet
  facet normal 0.659776 -0.751462 0
    outer loop
      vertex 52.0052 181.995 52
      vertex 51.5872 181.628 4
      vertex 52.0052 181.995 4
    endloop
  endfacet
  facet normal 0.555779 -0.83133 0
    outer loop
      vertex 51.125 181.319 4
      vertex 51.5872 181.628 52
      vertex 51.125 181.319 52
    endloop
  endfacet
  facet normal 0.555779 -0.83133 0
    outer loop
      vertex 51.5872 181.628 52
      vertex 51.125 181.319 4
      vertex 51.5872 181.628 4
    endloop
  endfacet
  facet normal -0.321941 0.94676 0
    outer loop
      vertex 47.9 189.105 4
      vertex 47.3736 188.926 52
      vertex 47.9 189.105 52
    endloop
  endfacet
  facet normal -0.321941 0.94676 0
    outer loop
      vertex 47.3736 188.926 52
      vertex 47.9 189.105 4
      vertex 47.3736 188.926 4
    endloop
  endfacet
  facet normal 0.321941 0.94676 -0
    outer loop
      vertex 50.6264 188.926 4
      vertex 50.1 189.105 52
      vertex 50.6264 188.926 52
    endloop
  endfacet
  facet normal 0.321941 0.94676 0
    outer loop
      vertex 50.1 189.105 52
      vertex 50.6264 188.926 4
      vertex 50.1 189.105 4
    endloop
  endfacet
  facet normal -0.0647637 -0.997901 0
    outer loop
      vertex 48.4453 180.786 4
      vertex 49 180.75 52
      vertex 48.4453 180.786 52
    endloop
  endfacet
  facet normal -0.0647637 -0.997901 -0
    outer loop
      vertex 49 180.75 52
      vertex 48.4453 180.786 4
      vertex 49 180.75 4
    endloop
  endfacet
  facet normal -0.980788 -0.195078 0
    outer loop
      vertex 44.8948 183.9 4
      vertex 44.7864 184.445 52
      vertex 44.7864 184.445 4
    endloop
  endfacet
  facet normal -0.980788 -0.195078 0
    outer loop
      vertex 44.7864 184.445 52
      vertex 44.8948 183.9 4
      vertex 44.8948 183.9 52
    endloop
  endfacet
  facet normal -0.0647637 0.997901 0
    outer loop
      vertex 49 189.25 4
      vertex 48.4453 189.214 52
      vertex 49 189.25 52
    endloop
  endfacet
  facet normal -0.0647637 0.997901 0
    outer loop
      vertex 48.4453 189.214 52
      vertex 49 189.25 4
      vertex 48.4453 189.214 4
    endloop
  endfacet
  facet normal -0.980788 0.195078 0
    outer loop
      vertex 44.7864 185.555 4
      vertex 44.8948 186.1 52
      vertex 44.8948 186.1 4
    endloop
  endfacet
  facet normal -0.980788 0.195078 0
    outer loop
      vertex 44.8948 186.1 52
      vertex 44.7864 185.555 4
      vertex 44.7864 185.555 52
    endloop
  endfacet
  facet normal 0.897001 -0.442029 0
    outer loop
      vertex 52.6806 182.875 52
      vertex 52.9265 183.374 4
      vertex 52.9265 183.374 52
    endloop
  endfacet
  facet normal 0.897001 -0.442029 0
    outer loop
      vertex 52.9265 183.374 4
      vertex 52.6806 182.875 52
      vertex 52.6806 182.875 4
    endloop
  endfacet
  facet normal 0.897001 0.442029 0
    outer loop
      vertex 52.9265 186.626 52
      vertex 52.6806 187.125 4
      vertex 52.6806 187.125 52
    endloop
  endfacet
  facet normal 0.897001 0.442029 0
    outer loop
      vertex 52.6806 187.125 4
      vertex 52.9265 186.626 52
      vertex 52.9265 186.626 4
    endloop
  endfacet
  facet normal 0 0 1
    outer loop
      vertex 50.45 185 52
      vertex 53.25 185 52
      vertex 53.2136 185.555 52
    endloop
  endfacet
  facet normal 0 0 1
    outer loop
      vertex 50.4376 185.189 52
      vertex 53.2136 185.555 52
      vertex 53.1052 186.1 52
    endloop
  endfacet
  facet normal 0 0 1
    outer loop
      vertex 53.25 185 52
      vertex 50.45 185 52
      vertex 53.2136 184.445 52
    endloop
  endfacet
  facet normal 0 0 1
    outer loop
      vertex 50.4006 185.375 52
      vertex 53.1052 186.1 52
      vertex 52.9265 186.626 52
    endloop
  endfacet
  facet normal -0 0 1
    outer loop
      vertex 50.4376 184.811 52
      vertex 53.2136 184.445 52
      vertex 50.45 185 52
    endloop
  endfacet
  facet normal 0 0 1
    outer loop
      vertex 50.3396 185.555 52
      vertex 52.9265 186.626 52
      vertex 52.6806 187.125 52
    endloop
  endfacet
  facet normal 0 0 1
    outer loop
      vertex 53.2136 184.445 52
      vertex 50.4376 184.811 52
      vertex 53.1052 183.9 52
    endloop
  endfacet
  facet normal 0 0 1
    outer loop
      vertex 50.2557 185.725 52
      vertex 52.6806 187.125 52
      vertex 52.3717 187.587 52
    endloop
  endfacet
  facet normal -0 0 1
    outer loop
      vertex 50.4006 184.625 52
      vertex 53.1052 183.9 52
      vertex 50.4376 184.811 52
    endloop
  endfacet
  facet normal 0 0 1
    outer loop
      vertex 50.1504 185.883 52
      vertex 52.3717 187.587 52
      vertex 52.0052 188.005 52
    endloop
  endfacet
  facet normal 0 0 1
    outer loop
      vertex 53.1052 183.9 52
      vertex 50.4006 184.625 52
      vertex 52.9265 183.374 52
    endloop
  endfacet
  facet normal 0 0 1
    outer loop
      vertex 50.0253 186.025 52
      vertex 52.0052 188.005 52
      vertex 51.5872 188.372 52
    endloop
  endfacet
  facet normal -0 0 1
    outer loop
      vertex 50.3396 184.445 52
      vertex 52.9265 183.374 52
      vertex 50.4006 184.625 52
    endloop
  endfacet
  facet normal 0 0 1
    outer loop
      vertex 49.8827 186.15 52
      vertex 51.5872 188.372 52
      vertex 51.125 188.681 52
    endloop
  endfacet
  facet normal 0 0 1
    outer loop
      vertex 52.9265 183.374 52
      vertex 50.3396 184.445 52
      vertex 52.6806 182.875 52
    endloop
  endfacet
  facet normal 0 0 1
    outer loop
      vertex 49.725 186.256 52
      vertex 51.125 188.681 52
      vertex 50.6264 188.926 52
    endloop
  endfacet
  facet normal -0 0 1
    outer loop
      vertex 50.2557 184.275 52
      vertex 52.6806 182.875 52
      vertex 50.3396 184.445 52
    endloop
  endfacet
  facet normal 0 0 1
    outer loop
      vertex 52.6806 182.875 52
      vertex 50.2557 184.275 52
      vertex 52.3717 182.413 52
    endloop
  endfacet
  facet normal 0 0 1
    outer loop
      vertex 53.2136 185.555 52
      vertex 50.4376 185.189 52
      vertex 50.45 185 52
    endloop
  endfacet
  facet normal 0 0 1
    outer loop
      vertex 53.1052 186.1 52
      vertex 50.4006 185.375 52
      vertex 50.4376 185.189 52
    endloop
  endfacet
  facet normal 0 0 1
    outer loop
      vertex 52.9265 186.626 52
      vertex 50.3396 185.555 52
      vertex 50.4006 185.375 52
    endloop
  endfacet
  facet normal 0 0 1
    outer loop
      vertex 52.6806 187.125 52
      vertex 50.2557 185.725 52
      vertex 50.3396 185.555 52
    endloop
  endfacet
  facet normal 0 0 1
    outer loop
      vertex 52.3717 187.587 52
      vertex 50.1504 185.883 52
      vertex 50.2557 185.725 52
    endloop
  endfacet
  facet normal 0 0 1
    outer loop
      vertex 49.5549 186.34 52
      vertex 50.6264 188.926 52
      vertex 50.1 189.105 52
    endloop
  endfacet
  facet normal 0 0 1
    outer loop
      vertex 52.0052 188.005 52
      vertex 50.0253 186.025 52
      vertex 50.1504 185.883 52
    endloop
  endfacet
  facet normal 0 0 1
    outer loop
      vertex 51.5872 188.372 52
      vertex 49.8827 186.15 52
      vertex 50.0253 186.025 52
    endloop
  endfacet
  facet normal 0 0 1
    outer loop
      vertex 51.125 188.681 52
      vertex 49.725 186.256 52
      vertex 49.8827 186.15 52
    endloop
  endfacet
  facet normal 0 0 1
    outer loop
      vertex 50.6264 188.926 52
      vertex 49.5549 186.34 52
      vertex 49.725 186.256 52
    endloop
  endfacet
  facet normal 0 0 1
    outer loop
      vertex 49.3753 186.401 52
      vertex 50.1 189.105 52
      vertex 49.5547 189.214 52
    endloop
  endfacet
  facet normal 0 0 1
    outer loop
      vertex 50.1 189.105 52
      vertex 49.3753 186.401 52
      vertex 49.5549 186.34 52
    endloop
  endfacet
  facet normal 0 0 1
    outer loop
      vertex 49.5547 189.214 52
      vertex 49.1893 186.438 52
      vertex 49.3753 186.401 52
    endloop
  endfacet
  facet normal 0 0 1
    outer loop
      vertex 49 189.25 52
      vertex 49.1893 186.438 52
      vertex 49.5547 189.214 52
    endloop
  endfacet
  facet normal 0 0 1
    outer loop
      vertex 49 189.25 52
      vertex 49 186.45 52
      vertex 49.1893 186.438 52
    endloop
  endfacet
  facet normal 0 0 1
    outer loop
      vertex 49 189.25 52
      vertex 48.8107 186.438 52
      vertex 49 186.45 52
    endloop
  endfacet
  facet normal -0 0 1
    outer loop
      vertex 48.4453 189.214 52
      vertex 48.8107 186.438 52
      vertex 49 189.25 52
    endloop
  endfacet
  facet normal 0 0 1
    outer loop
      vertex 48.8107 186.438 52
      vertex 48.4453 189.214 52
      vertex 48.6247 186.401 52
    endloop
  endfacet
  facet normal -0 0 1
    outer loop
      vertex 47.9 189.105 52
      vertex 48.6247 186.401 52
      vertex 48.4453 189.214 52
    endloop
  endfacet
  facet normal 0 0 1
    outer loop
      vertex 48.6247 186.401 52
      vertex 47.9 189.105 52
      vertex 48.4451 186.34 52
    endloop
  endfacet
  facet normal -0 0 1
    outer loop
      vertex 47.3736 188.926 52
      vertex 48.4451 186.34 52
      vertex 47.9 189.105 52
    endloop
  endfacet
  facet normal 0 0 1
    outer loop
      vertex 48.4451 186.34 52
      vertex 47.3736 188.926 52
      vertex 48.275 186.256 52
    endloop
  endfacet
  facet normal -0 0 1
    outer loop
      vertex 46.875 188.681 52
      vertex 48.275 186.256 52
      vertex 47.3736 188.926 52
    endloop
  endfacet
  facet normal 0 0 1
    outer loop
      vertex 48.275 186.256 52
      vertex 46.875 188.681 52
      vertex 48.1173 186.15 52
    endloop
  endfacet
  facet normal -0 0 1
    outer loop
      vertex 46.4128 188.372 52
      vertex 48.1173 186.15 52
      vertex 46.875 188.681 52
    endloop
  endfacet
  facet normal 0 0 1
    outer loop
      vertex 48.1173 186.15 52
      vertex 46.4128 188.372 52
      vertex 47.9747 186.025 52
    endloop
  endfacet
  facet normal -0 0 1
    outer loop
      vertex 45.9948 188.005 52
      vertex 47.9747 186.025 52
      vertex 46.4128 188.372 52
    endloop
  endfacet
  facet normal 0 0 1
    outer loop
      vertex 47.9747 186.025 52
      vertex 45.9948 188.005 52
      vertex 47.8496 185.883 52
    endloop
  endfacet
  facet normal 0 0 1
    outer loop
      vertex 47.8496 185.883 52
      vertex 45.6283 187.587 52
      vertex 47.7443 185.725 52
    endloop
  endfacet
  facet normal -0 0 1
    outer loop
      vertex 45.6283 187.587 52
      vertex 47.8496 185.883 52
      vertex 45.9948 188.005 52
    endloop
  endfacet
  facet normal -0 0 1
    outer loop
      vertex 50.1504 184.117 52
      vertex 52.3717 182.413 52
      vertex 50.2557 184.275 52
    endloop
  endfacet
  facet normal 0 0 1
    outer loop
      vertex 52.3717 182.413 52
      vertex 50.1504 184.117 52
      vertex 52.0052 181.995 52
    endloop
  endfacet
  facet normal -0 0 1
    outer loop
      vertex 50.0253 183.975 52
      vertex 52.0052 181.995 52
      vertex 50.1504 184.117 52
    endloop
  endfacet
  facet normal 0 0 1
    outer loop
      vertex 52.0052 181.995 52
      vertex 50.0253 183.975 52
      vertex 51.5872 181.628 52
    endloop
  endfacet
  facet normal -0 0 1
    outer loop
      vertex 49.8827 183.85 52
      vertex 51.5872 181.628 52
      vertex 50.0253 183.975 52
    endloop
  endfacet
  facet normal 0 0 1
    outer loop
      vertex 51.5872 181.628 52
      vertex 49.8827 183.85 52
      vertex 51.125 181.319 52
    endloop
  endfacet
  facet normal -0 0 1
    outer loop
      vertex 49.725 183.744 52
      vertex 51.125 181.319 52
      vertex 49.8827 183.85 52
    endloop
  endfacet
  facet normal 0 0 1
    outer loop
      vertex 51.125 181.319 52
      vertex 49.725 183.744 52
      vertex 50.6264 181.074 52
    endloop
  endfacet
  facet normal -0 0 1
    outer loop
      vertex 49.5549 183.66 52
      vertex 50.6264 181.074 52
      vertex 49.725 183.744 52
    endloop
  endfacet
  facet normal 0 0 1
    outer loop
      vertex 50.6264 181.074 52
      vertex 49.5549 183.66 52
      vertex 50.1 180.895 52
    endloop
  endfacet
  facet normal -0 0 1
    outer loop
      vertex 49.3753 183.599 52
      vertex 50.1 180.895 52
      vertex 49.5549 183.66 52
    endloop
  endfacet
  facet normal 0 0 1
    outer loop
      vertex 50.1 180.895 52
      vertex 49.3753 183.599 52
      vertex 49.5547 180.786 52
    endloop
  endfacet
  facet normal -0 0 1
    outer loop
      vertex 49.1893 183.562 52
      vertex 49.5547 180.786 52
      vertex 49.3753 183.599 52
    endloop
  endfacet
  facet normal -0 0 1
    outer loop
      vertex 49 183.55 52
      vertex 49.5547 180.786 52
      vertex 49.1893 183.562 52
    endloop
  endfacet
  facet normal 0 0 1
    outer loop
      vertex 49 183.55 52
      vertex 49 180.75 52
      vertex 49.5547 180.786 52
    endloop
  endfacet
  facet normal 0 0 1
    outer loop
      vertex 48.8107 183.562 52
      vertex 49 180.75 52
      vertex 49 183.55 52
    endloop
  endfacet
  facet normal 0 0 1
    outer loop
      vertex 48.4453 180.786 52
      vertex 48.8107 183.562 52
      vertex 48.6247 183.599 52
    endloop
  endfacet
  facet normal 0 0 1
    outer loop
      vertex 48.8107 183.562 52
      vertex 48.4453 180.786 52
      vertex 49 180.75 52
    endloop
  endfacet
  facet normal 0 0 1
    outer loop
      vertex 47.9 180.895 52
      vertex 48.6247 183.599 52
      vertex 48.4451 183.66 52
    endloop
  endfacet
  facet normal 0 0 1
    outer loop
      vertex 47.3736 181.074 52
      vertex 48.4451 183.66 52
      vertex 48.275 183.744 52
    endloop
  endfacet
  facet normal 0 0 1
    outer loop
      vertex 46.875 181.319 52
      vertex 48.275 183.744 52
      vertex 48.1173 183.85 52
    endloop
  endfacet
  facet normal 0 0 1
    outer loop
      vertex 46.4128 181.628 52
      vertex 48.1173 183.85 52
      vertex 47.9747 183.975 52
    endloop
  endfacet
  facet normal 0 0 1
    outer loop
      vertex 48.6247 183.599 52
      vertex 47.9 180.895 52
      vertex 48.4453 180.786 52
    endloop
  endfacet
  facet normal 0 0 1
    outer loop
      vertex 45.9948 181.995 52
      vertex 47.9747 183.975 52
      vertex 47.8496 184.117 52
    endloop
  endfacet
  facet normal 0 0 1
    outer loop
      vertex 45.6283 182.413 52
      vertex 47.8496 184.117 52
      vertex 47.7443 184.275 52
    endloop
  endfacet
  facet normal 0 0 1
    outer loop
      vertex 45.3194 182.875 52
      vertex 47.7443 184.275 52
      vertex 47.6604 184.445 52
    endloop
  endfacet
  facet normal 0 0 1
    outer loop
      vertex 45.0735 183.374 52
      vertex 47.6604 184.445 52
      vertex 47.5994 184.625 52
    endloop
  endfacet
  facet normal 0 0 1
    outer loop
      vertex 44.8948 183.9 52
      vertex 47.5994 184.625 52
      vertex 47.5624 184.811 52
    endloop
  endfacet
  facet normal 0 0 1
    outer loop
      vertex 48.4451 183.66 52
      vertex 47.3736 181.074 52
      vertex 47.9 180.895 52
    endloop
  endfacet
  facet normal 0 0 1
    outer loop
      vertex 44.7864 184.445 52
      vertex 47.5624 184.811 52
      vertex 47.55 185 52
    endloop
  endfacet
  facet normal -0 0 1
    outer loop
      vertex 45.3194 187.125 52
      vertex 47.7443 185.725 52
      vertex 45.6283 187.587 52
    endloop
  endfacet
  facet normal 0 0 1
    outer loop
      vertex 47.7443 185.725 52
      vertex 45.3194 187.125 52
      vertex 47.6604 185.555 52
    endloop
  endfacet
  facet normal 0 0 1
    outer loop
      vertex 48.275 183.744 52
      vertex 46.875 181.319 52
      vertex 47.3736 181.074 52
    endloop
  endfacet
  facet normal -0 0 1
    outer loop
      vertex 45.0735 186.626 52
      vertex 47.6604 185.555 52
      vertex 45.3194 187.125 52
    endloop
  endfacet
  facet normal 0 0 1
    outer loop
      vertex 48.1173 183.85 52
      vertex 46.4128 181.628 52
      vertex 46.875 181.319 52
    endloop
  endfacet
  facet normal 0 0 1
    outer loop
      vertex 47.6604 185.555 52
      vertex 45.0735 186.626 52
      vertex 47.5994 185.375 52
    endloop
  endfacet
  facet normal 0 0 1
    outer loop
      vertex 47.9747 183.975 52
      vertex 45.9948 181.995 52
      vertex 46.4128 181.628 52
    endloop
  endfacet
  facet normal -0 0 1
    outer loop
      vertex 44.8948 186.1 52
      vertex 47.5994 185.375 52
      vertex 45.0735 186.626 52
    endloop
  endfacet
  facet normal 0 0 1
    outer loop
      vertex 47.8496 184.117 52
      vertex 45.6283 182.413 52
      vertex 45.9948 181.995 52
    endloop
  endfacet
  facet normal 0 0 1
    outer loop
      vertex 47.5994 185.375 52
      vertex 44.8948 186.1 52
      vertex 47.5624 185.189 52
    endloop
  endfacet
  facet normal 0 0 1
    outer loop
      vertex 47.7443 184.275 52
      vertex 45.3194 182.875 52
      vertex 45.6283 182.413 52
    endloop
  endfacet
  facet normal -0 0 1
    outer loop
      vertex 44.7864 185.555 52
      vertex 47.5624 185.189 52
      vertex 44.8948 186.1 52
    endloop
  endfacet
  facet normal 0 0 1
    outer loop
      vertex 47.6604 184.445 52
      vertex 45.0735 183.374 52
      vertex 45.3194 182.875 52
    endloop
  endfacet
  facet normal 0 0 1
    outer loop
      vertex 47.5624 185.189 52
      vertex 44.7864 185.555 52
      vertex 47.55 185 52
    endloop
  endfacet
  facet normal 0 0 1
    outer loop
      vertex 47.5994 184.625 52
      vertex 44.8948 183.9 52
      vertex 45.0735 183.374 52
    endloop
  endfacet
  facet normal 0 0 1
    outer loop
      vertex 44.75 185 52
      vertex 47.55 185 52
      vertex 44.7864 185.555 52
    endloop
  endfacet
  facet normal 0 0 1
    outer loop
      vertex 47.5624 184.811 52
      vertex 44.7864 184.445 52
      vertex 44.8948 183.9 52
    endloop
  endfacet
  facet normal 0 0 1
    outer loop
      vertex 47.55 185 52
      vertex 44.75 185 52
      vertex 44.7864 184.445 52
    endloop
  endfacet
  facet normal 0.751908 0.659268 0
    outer loop
      vertex 52.3717 187.587 52
      vertex 52.0052 188.005 4
      vertex 52.0052 188.005 52
    endloop
  endfacet
  facet normal 0.751908 0.659268 0
    outer loop
      vertex 52.0052 188.005 4
      vertex 52.3717 187.587 52
      vertex 52.3717 187.587 4
    endloop
  endfacet
  facet normal 0.321941 -0.94676 0
    outer loop
      vertex 50.1 180.895 4
      vertex 50.6264 181.074 52
      vertex 50.1 180.895 52
    endloop
  endfacet
  facet normal 0.321941 -0.94676 0
    outer loop
      vertex 50.6264 181.074 52
      vertex 50.1 180.895 4
      vertex 50.6264 181.074 4
    endloop
  endfacet
  facet normal 0.441011 -0.897502 0
    outer loop
      vertex 50.6264 181.074 4
      vertex 51.125 181.319 52
      vertex 50.6264 181.074 52
    endloop
  endfacet
  facet normal 0.441011 -0.897502 0
    outer loop
      vertex 51.125 181.319 52
      vertex 50.6264 181.074 4
      vertex 51.125 181.319 4
    endloop
  endfacet
  facet normal -0.196012 0.980601 0
    outer loop
      vertex 48.4453 189.214 4
      vertex 47.9 189.105 52
      vertex 48.4453 189.214 52
    endloop
  endfacet
  facet normal -0.196012 0.980601 0
    outer loop
      vertex 47.9 189.105 52
      vertex 48.4453 189.214 4
      vertex 47.9 189.105 4
    endloop
  endfacet
  facet normal 0.0647637 0.997901 -0
    outer loop
      vertex 49.5547 189.214 4
      vertex 49 189.25 52
      vertex 49.5547 189.214 52
    endloop
  endfacet
  facet normal 0.0647637 0.997901 0
    outer loop
      vertex 49 189.25 52
      vertex 49.5547 189.214 4
      vertex 49 189.25 4
    endloop
  endfacet
  facet normal -0.441011 -0.897502 0
    outer loop
      vertex 46.875 181.319 4
      vertex 47.3736 181.074 52
      vertex 46.875 181.319 52
    endloop
  endfacet
  facet normal -0.441011 -0.897502 -0
    outer loop
      vertex 47.3736 181.074 52
      vertex 46.875 181.319 4
      vertex 47.3736 181.074 4
    endloop
  endfacet
  facet normal -0.831302 -0.555821 0
    outer loop
      vertex 45.6283 182.413 4
      vertex 45.3194 182.875 52
      vertex 45.3194 182.875 4
    endloop
  endfacet
  facet normal -0.831302 -0.555821 0
    outer loop
      vertex 45.3194 182.875 52
      vertex 45.6283 182.413 4
      vertex 45.6283 182.413 52
    endloop
  endfacet
  facet normal -0.94685 0.321677 0
    outer loop
      vertex 44.8948 186.1 4
      vertex 45.0735 186.626 52
      vertex 45.0735 186.626 4
    endloop
  endfacet
  facet normal -0.94685 0.321677 0
    outer loop
      vertex 45.0735 186.626 52
      vertex 44.8948 186.1 4
      vertex 44.8948 186.1 52
    endloop
  endfacet
  facet normal 0.196012 -0.980601 0
    outer loop
      vertex 89.5547 180.786 4
      vertex 90.1 180.895 52
      vertex 89.5547 180.786 52
    endloop
  endfacet
  facet normal 0.196012 -0.980601 0
    outer loop
      vertex 90.1 180.895 52
      vertex 89.5547 180.786 4
      vertex 90.1 180.895 4
    endloop
  endfacet
  facet normal 0.980788 0.195078 0
    outer loop
      vertex 93.2136 185.555 52
      vertex 93.1052 186.1 4
      vertex 93.1052 186.1 52
    endloop
  endfacet
  facet normal 0.980788 0.195078 0
    outer loop
      vertex 93.1052 186.1 4
      vertex 93.2136 185.555 52
      vertex 93.2136 185.555 4
    endloop
  endfacet
  facet normal 0.997856 0.065445 0
    outer loop
      vertex 93.25 185 52
      vertex 93.2136 185.555 4
      vertex 93.2136 185.555 52
    endloop
  endfacet
  facet normal 0.997856 0.065445 0
    outer loop
      vertex 93.2136 185.555 4
      vertex 93.25 185 52
      vertex 93.25 185 4
    endloop
  endfacet
  facet normal -0.555779 0.83133 0
    outer loop
      vertex 86.875 188.681 4
      vertex 86.4128 188.372 52
      vertex 86.875 188.681 52
    endloop
  endfacet
  facet normal -0.555779 0.83133 0
    outer loop
      vertex 86.4128 188.372 52
      vertex 86.875 188.681 4
      vertex 86.4128 188.372 4
    endloop
  endfacet
  facet normal 0.659776 0.751462 -0
    outer loop
      vertex 92.0052 188.005 4
      vertex 91.5872 188.372 52
      vertex 92.0052 188.005 52
    endloop
  endfacet
  facet normal 0.659776 0.751462 0
    outer loop
      vertex 91.5872 188.372 52
      vertex 92.0052 188.005 4
      vertex 91.5872 188.372 4
    endloop
  endfacet
  facet normal -0.897001 -0.442029 0
    outer loop
      vertex 85.3194 182.875 4
      vertex 85.0735 183.374 52
      vertex 85.0735 183.374 4
    endloop
  endfacet
  facet normal -0.897001 -0.442029 0
    outer loop
      vertex 85.0735 183.374 52
      vertex 85.3194 182.875 4
      vertex 85.3194 182.875 52
    endloop
  endfacet
  facet normal 0.0647637 -0.997901 0
    outer loop
      vertex 89 180.75 4
      vertex 89.5547 180.786 52
      vertex 89 180.75 52
    endloop
  endfacet
  facet normal 0.0647637 -0.997901 0
    outer loop
      vertex 89.5547 180.786 52
      vertex 89 180.75 4
      vertex 89.5547 180.786 4
    endloop
  endfacet
  facet normal -0.94685 -0.321677 0
    outer loop
      vertex 85.0735 183.374 4
      vertex 84.8948 183.9 52
      vertex 84.8948 183.9 4
    endloop
  endfacet
  facet normal -0.94685 -0.321677 0
    outer loop
      vertex 84.8948 183.9 52
      vertex 85.0735 183.374 4
      vertex 85.0735 183.374 52
    endloop
  endfacet
  facet normal 0.980788 -0.195078 0
    outer loop
      vertex 93.1052 183.9 52
      vertex 93.2136 184.445 4
      vertex 93.2136 184.445 52
    endloop
  endfacet
  facet normal 0.980788 -0.195078 0
    outer loop
      vertex 93.2136 184.445 4
      vertex 93.1052 183.9 52
      vertex 93.1052 183.9 4
    endloop
  endfacet
  facet normal -0.441011 0.897502 0
    outer loop
      vertex 87.3736 188.926 4
      vertex 86.875 188.681 52
      vertex 87.3736 188.926 52
    endloop
  endfacet
  facet normal -0.441011 0.897502 0
    outer loop
      vertex 86.875 188.681 52
      vertex 87.3736 188.926 4
      vertex 86.875 188.681 4
    endloop
  endfacet
  facet normal 0.831302 -0.555821 0
    outer loop
      vertex 92.3717 182.413 52
      vertex 92.6806 182.875 4
      vertex 92.6806 182.875 52
    endloop
  endfacet
  facet normal 0.831302 -0.555821 0
    outer loop
      vertex 92.6806 182.875 4
      vertex 92.3717 182.413 52
      vertex 92.3717 182.413 4
    endloop
  endfacet
  facet normal -0.831302 0.555821 0
    outer loop
      vertex 85.3194 187.125 4
      vertex 85.6283 187.587 52
      vertex 85.6283 187.587 4
    endloop
  endfacet
  facet normal -0.831302 0.555821 0
    outer loop
      vertex 85.6283 187.587 52
      vertex 85.3194 187.125 4
      vertex 85.3194 187.125 52
    endloop
  endfacet
  facet normal -0.555779 -0.83133 0
    outer loop
      vertex 86.4128 181.628 4
      vertex 86.875 181.319 52
      vertex 86.4128 181.628 52
    endloop
  endfacet
  facet normal -0.555779 -0.83133 -0
    outer loop
      vertex 86.875 181.319 52
      vertex 86.4128 181.628 4
      vertex 86.875 181.319 4
    endloop
  endfacet
  facet normal -0.751908 0.659268 0
    outer loop
      vertex 85.6283 187.587 4
      vertex 85.9948 188.005 52
      vertex 85.9948 188.005 4
    endloop
  endfacet
  facet normal -0.751908 0.659268 0
    outer loop
      vertex 85.9948 188.005 52
      vertex 85.6283 187.587 4
      vertex 85.6283 187.587 52
    endloop
  endfacet
  facet normal 0.94685 0.321677 0
    outer loop
      vertex 93.1052 186.1 52
      vertex 92.9265 186.626 4
      vertex 92.9265 186.626 52
    endloop
  endfacet
  facet normal 0.94685 0.321677 0
    outer loop
      vertex 92.9265 186.626 4
      vertex 93.1052 186.1 52
      vertex 93.1052 186.1 4
    endloop
  endfacet
  facet normal 0.831302 0.555821 0
    outer loop
      vertex 92.6806 187.125 52
      vertex 92.3717 187.587 4
      vertex 92.3717 187.587 52
    endloop
  endfacet
  facet normal 0.831302 0.555821 0
    outer loop
      vertex 92.3717 187.587 4
      vertex 92.6806 187.125 52
      vertex 92.6806 187.125 4
    endloop
  endfacet
  facet normal -0.659776 0.751462 0
    outer loop
      vertex 86.4128 188.372 4
      vertex 85.9948 188.005 52
      vertex 86.4128 188.372 52
    endloop
  endfacet
  facet normal -0.659776 0.751462 0
    outer loop
      vertex 85.9948 188.005 52
      vertex 86.4128 188.372 4
      vertex 85.9948 188.005 4
    endloop
  endfacet
  facet normal 0.441011 0.897502 -0
    outer loop
      vertex 91.125 188.681 4
      vertex 90.6264 188.926 52
      vertex 91.125 188.681 52
    endloop
  endfacet
  facet normal 0.441011 0.897502 0
    outer loop
      vertex 90.6264 188.926 52
      vertex 91.125 188.681 4
      vertex 90.6264 188.926 4
    endloop
  endfacet
  facet normal 0.997856 -0.065445 0
    outer loop
      vertex 93.2136 184.445 52
      vertex 93.25 185 4
      vertex 93.25 185 52
    endloop
  endfacet
  facet normal 0.997856 -0.065445 0
    outer loop
      vertex 93.25 185 4
      vertex 93.2136 184.445 52
      vertex 93.2136 184.445 4
    endloop
  endfacet
  facet normal 0.555779 0.83133 -0
    outer loop
      vertex 91.5872 188.372 4
      vertex 91.125 188.681 52
      vertex 91.5872 188.372 52
    endloop
  endfacet
  facet normal 0.555779 0.83133 0
    outer loop
      vertex 91.125 188.681 52
      vertex 91.5872 188.372 4
      vertex 91.125 188.681 4
    endloop
  endfacet
  facet normal -0.897001 0.442029 0
    outer loop
      vertex 85.0735 186.626 4
      vertex 85.3194 187.125 52
      vertex 85.3194 187.125 4
    endloop
  endfacet
  facet normal -0.897001 0.442029 0
    outer loop
      vertex 85.3194 187.125 52
      vertex 85.0735 186.626 4
      vertex 85.0735 186.626 52
    endloop
  endfacet
  facet normal -0.751908 -0.659268 0
    outer loop
      vertex 85.9948 181.995 4
      vertex 85.6283 182.413 52
      vertex 85.6283 182.413 4
    endloop
  endfacet
  facet normal -0.751908 -0.659268 0
    outer loop
      vertex 85.6283 182.413 52
      vertex 85.9948 181.995 4
      vertex 85.9948 181.995 52
    endloop
  endfacet
  facet normal -0.997856 -0.065445 0
    outer loop
      vertex 84.7864 184.445 4
      vertex 84.75 185 52
      vertex 84.75 185 4
    endloop
  endfacet
  facet normal -0.997856 -0.065445 0
    outer loop
      vertex 84.75 185 52
      vertex 84.7864 184.445 4
      vertex 84.7864 184.445 52
    endloop
  endfacet
  facet normal 0.751908 -0.659268 0
    outer loop
      vertex 92.0052 181.995 52
      vertex 92.3717 182.413 4
      vertex 92.3717 182.413 52
    endloop
  endfacet
  facet normal 0.751908 -0.659268 0
    outer loop
      vertex 92.3717 182.413 4
      vertex 92.0052 181.995 52
      vertex 92.0052 181.995 4
    endloop
  endfacet
  facet normal 0.94685 -0.321677 0
    outer loop
      vertex 92.9265 183.374 52
      vertex 93.1052 183.9 4
      vertex 93.1052 183.9 52
    endloop
  endfacet
  facet normal 0.94685 -0.321677 0
    outer loop
      vertex 93.1052 183.9 4
      vertex 92.9265 183.374 52
      vertex 92.9265 183.374 4
    endloop
  endfacet
  facet normal -0.321941 -0.94676 0
    outer loop
      vertex 87.3736 181.074 4
      vertex 87.9 180.895 52
      vertex 87.3736 181.074 52
    endloop
  endfacet
  facet normal -0.321941 -0.94676 -0
    outer loop
      vertex 87.9 180.895 52
      vertex 87.3736 181.074 4
      vertex 87.9 180.895 4
    endloop
  endfacet
  facet normal -0.997856 0.065445 0
    outer loop
      vertex 84.75 185 4
      vertex 84.7864 185.555 52
      vertex 84.7864 185.555 4
    endloop
  endfacet
  facet normal -0.997856 0.065445 0
    outer loop
      vertex 84.7864 185.555 52
      vertex 84.75 185 4
      vertex 84.75 185 52
    endloop
  endfacet
  facet normal 0.196012 0.980601 -0
    outer loop
      vertex 90.1 189.105 4
      vertex 89.5547 189.214 52
      vertex 90.1 189.105 52
    endloop
  endfacet
  facet normal 0.196012 0.980601 0
    outer loop
      vertex 89.5547 189.214 52
      vertex 90.1 189.105 4
      vertex 89.5547 189.214 4
    endloop
  endfacet
  facet normal -0.659776 -0.751462 0
    outer loop
      vertex 85.9948 181.995 4
      vertex 86.4128 181.628 52
      vertex 85.9948 181.995 52
    endloop
  endfacet
  facet normal -0.659776 -0.751462 -0
    outer loop
      vertex 86.4128 181.628 52
      vertex 85.9948 181.995 4
      vertex 86.4128 181.628 4
    endloop
  endfacet
  facet normal 0.659776 -0.751462 0
    outer loop
      vertex 91.5872 181.628 4
      vertex 92.0052 181.995 52
      vertex 91.5872 181.628 52
    endloop
  endfacet
  facet normal 0.659776 -0.751462 0
    outer loop
      vertex 92.0052 181.995 52
      vertex 91.5872 181.628 4
      vertex 92.0052 181.995 4
    endloop
  endfacet
  facet normal 0.555779 -0.83133 0
    outer loop
      vertex 91.125 181.319 4
      vertex 91.5872 181.628 52
      vertex 91.125 181.319 52
    endloop
  endfacet
  facet normal 0.555779 -0.83133 0
    outer loop
      vertex 91.5872 181.628 52
      vertex 91.125 181.319 4
      vertex 91.5872 181.628 4
    endloop
  endfacet
  facet normal -0.321941 0.94676 0
    outer loop
      vertex 87.9 189.105 4
      vertex 87.3736 188.926 52
      vertex 87.9 189.105 52
    endloop
  endfacet
  facet normal -0.321941 0.94676 0
    outer loop
      vertex 87.3736 188.926 52
      vertex 87.9 189.105 4
      vertex 87.3736 188.926 4
    endloop
  endfacet
  facet normal 0.321941 0.94676 -0
    outer loop
      vertex 90.6264 188.926 4
      vertex 90.1 189.105 52
      vertex 90.6264 188.926 52
    endloop
  endfacet
  facet normal 0.321941 0.94676 0
    outer loop
      vertex 90.1 189.105 52
      vertex 90.6264 188.926 4
      vertex 90.1 189.105 4
    endloop
  endfacet
  facet normal -0.0647637 -0.997901 0
    outer loop
      vertex 88.4453 180.786 4
      vertex 89 180.75 52
      vertex 88.4453 180.786 52
    endloop
  endfacet
  facet normal -0.0647637 -0.997901 -0
    outer loop
      vertex 89 180.75 52
      vertex 88.4453 180.786 4
      vertex 89 180.75 4
    endloop
  endfacet
  facet normal -0.980788 -0.195078 0
    outer loop
      vertex 84.8948 183.9 4
      vertex 84.7864 184.445 52
      vertex 84.7864 184.445 4
    endloop
  endfacet
  facet normal -0.980788 -0.195078 0
    outer loop
      vertex 84.7864 184.445 52
      vertex 84.8948 183.9 4
      vertex 84.8948 183.9 52
    endloop
  endfacet
  facet normal -0.0647637 0.997901 0
    outer loop
      vertex 89 189.25 4
      vertex 88.4453 189.214 52
      vertex 89 189.25 52
    endloop
  endfacet
  facet normal -0.0647637 0.997901 0
    outer loop
      vertex 88.4453 189.214 52
      vertex 89 189.25 4
      vertex 88.4453 189.214 4
    endloop
  endfacet
  facet normal -0.980788 0.195078 0
    outer loop
      vertex 84.7864 185.555 4
      vertex 84.8948 186.1 52
      vertex 84.8948 186.1 4
    endloop
  endfacet
  facet normal -0.980788 0.195078 0
    outer loop
      vertex 84.8948 186.1 52
      vertex 84.7864 185.555 4
      vertex 84.7864 185.555 52
    endloop
  endfacet
  facet normal 0.897001 -0.442029 0
    outer loop
      vertex 92.6806 182.875 52
      vertex 92.9265 183.374 4
      vertex 92.9265 183.374 52
    endloop
  endfacet
  facet normal 0.897001 -0.442029 0
    outer loop
      vertex 92.9265 183.374 4
      vertex 92.6806 182.875 52
      vertex 92.6806 182.875 4
    endloop
  endfacet
  facet normal 0.897001 0.442029 0
    outer loop
      vertex 92.9265 186.626 52
      vertex 92.6806 187.125 4
      vertex 92.6806 187.125 52
    endloop
  endfacet
  facet normal 0.897001 0.442029 0
    outer loop
      vertex 92.6806 187.125 4
      vertex 92.9265 186.626 52
      vertex 92.9265 186.626 4
    endloop
  endfacet
  facet normal 0 0 1
    outer loop
      vertex 90.45 185 52
      vertex 93.25 185 52
      vertex 93.2136 185.555 52
    endloop
  endfacet
  facet normal 0 0 1
    outer loop
      vertex 90.4376 185.189 52
      vertex 93.2136 185.555 52
      vertex 93.1052 186.1 52
    endloop
  endfacet
  facet normal 0 0 1
    outer loop
      vertex 93.25 185 52
      vertex 90.45 185 52
      vertex 93.2136 184.445 52
    endloop
  endfacet
  facet normal 0 0 1
    outer loop
      vertex 90.4006 185.375 52
      vertex 93.1052 186.1 52
      vertex 92.9265 186.626 52
    endloop
  endfacet
  facet normal -0 0 1
    outer loop
      vertex 90.4376 184.811 52
      vertex 93.2136 184.445 52
      vertex 90.45 185 52
    endloop
  endfacet
  facet normal 0 0 1
    outer loop
      vertex 90.3396 185.555 52
      vertex 92.9265 186.626 52
      vertex 92.6806 187.125 52
    endloop
  endfacet
  facet normal 0 0 1
    outer loop
      vertex 93.2136 184.445 52
      vertex 90.4376 184.811 52
      vertex 93.1052 183.9 52
    endloop
  endfacet
  facet normal 0 0 1
    outer loop
      vertex 90.2557 185.725 52
      vertex 92.6806 187.125 52
      vertex 92.3717 187.587 52
    endloop
  endfacet
  facet normal -0 0 1
    outer loop
      vertex 90.4006 184.625 52
      vertex 93.1052 183.9 52
      vertex 90.4376 184.811 52
    endloop
  endfacet
  facet normal 0 0 1
    outer loop
      vertex 90.1504 185.883 52
      vertex 92.3717 187.587 52
      vertex 92.0052 188.005 52
    endloop
  endfacet
  facet normal 0 0 1
    outer loop
      vertex 93.1052 183.9 52
      vertex 90.4006 184.625 52
      vertex 92.9265 183.374 52
    endloop
  endfacet
  facet normal 0 0 1
    outer loop
      vertex 90.0253 186.025 52
      vertex 92.0052 188.005 52
      vertex 91.5872 188.372 52
    endloop
  endfacet
  facet normal -0 0 1
    outer loop
      vertex 90.3396 184.445 52
      vertex 92.9265 183.374 52
      vertex 90.4006 184.625 52
    endloop
  endfacet
  facet normal 0 0 1
    outer loop
      vertex 89.8827 186.15 52
      vertex 91.5872 188.372 52
      vertex 91.125 188.681 52
    endloop
  endfacet
  facet normal 0 0 1
    outer loop
      vertex 92.9265 183.374 52
      vertex 90.3396 184.445 52
      vertex 92.6806 182.875 52
    endloop
  endfacet
  facet normal 0 0 1
    outer loop
      vertex 89.725 186.256 52
      vertex 91.125 188.681 52
      vertex 90.6264 188.926 52
    endloop
  endfacet
  facet normal -0 0 1
    outer loop
      vertex 90.2557 184.275 52
      vertex 92.6806 182.875 52
      vertex 90.3396 184.445 52
    endloop
  endfacet
  facet normal 0 0 1
    outer loop
      vertex 92.6806 182.875 52
      vertex 90.2557 184.275 52
      vertex 92.3717 182.413 52
    endloop
  endfacet
  facet normal 0 0 1
    outer loop
      vertex 93.2136 185.555 52
      vertex 90.4376 185.189 52
      vertex 90.45 185 52
    endloop
  endfacet
  facet normal 0 0 1
    outer loop
      vertex 93.1052 186.1 52
      vertex 90.4006 185.375 52
      vertex 90.4376 185.189 52
    endloop
  endfacet
  facet normal 0 0 1
    outer loop
      vertex 92.9265 186.626 52
      vertex 90.3396 185.555 52
      vertex 90.4006 185.375 52
    endloop
  endfacet
  facet normal 0 0 1
    outer loop
      vertex 92.6806 187.125 52
      vertex 90.2557 185.725 52
      vertex 90.3396 185.555 52
    endloop
  endfacet
  facet normal 0 0 1
    outer loop
      vertex 92.3717 187.587 52
      vertex 90.1504 185.883 52
      vertex 90.2557 185.725 52
    endloop
  endfacet
  facet normal 0 0 1
    outer loop
      vertex 89.5549 186.34 52
      vertex 90.6264 188.926 52
      vertex 90.1 189.105 52
    endloop
  endfacet
  facet normal 0 0 1
    outer loop
      vertex 92.0052 188.005 52
      vertex 90.0253 186.025 52
      vertex 90.1504 185.883 52
    endloop
  endfacet
  facet normal 0 0 1
    outer loop
      vertex 91.5872 188.372 52
      vertex 89.8827 186.15 52
      vertex 90.0253 186.025 52
    endloop
  endfacet
  facet normal 0 0 1
    outer loop
      vertex 91.125 188.681 52
      vertex 89.725 186.256 52
      vertex 89.8827 186.15 52
    endloop
  endfacet
  facet normal 0 0 1
    outer loop
      vertex 90.6264 188.926 52
      vertex 89.5549 186.34 52
      vertex 89.725 186.256 52
    endloop
  endfacet
  facet normal 0 0 1
    outer loop
      vertex 89.3753 186.401 52
      vertex 90.1 189.105 52
      vertex 89.5547 189.214 52
    endloop
  endfacet
  facet normal 0 0 1
    outer loop
      vertex 90.1 189.105 52
      vertex 89.3753 186.401 52
      vertex 89.5549 186.34 52
    endloop
  endfacet
  facet normal 0 0 1
    outer loop
      vertex 89.5547 189.214 52
      vertex 89.1893 186.438 52
      vertex 89.3753 186.401 52
    endloop
  endfacet
  facet normal 0 0 1
    outer loop
      vertex 89 189.25 52
      vertex 89.1893 186.438 52
      vertex 89.5547 189.214 52
    endloop
  endfacet
  facet normal 0 0 1
    outer loop
      vertex 89 189.25 52
      vertex 89 186.45 52
      vertex 89.1893 186.438 52
    endloop
  endfacet
  facet normal 0 0 1
    outer loop
      vertex 89 189.25 52
      vertex 88.8107 186.438 52
      vertex 89 186.45 52
    endloop
  endfacet
  facet normal -0 0 1
    outer loop
      vertex 88.4453 189.214 52
      vertex 88.8107 186.438 52
      vertex 89 189.25 52
    endloop
  endfacet
  facet normal 0 0 1
    outer loop
      vertex 88.8107 186.438 52
      vertex 88.4453 189.214 52
      vertex 88.6247 186.401 52
    endloop
  endfacet
  facet normal -0 0 1
    outer loop
      vertex 87.9 189.105 52
      vertex 88.6247 186.401 52
      vertex 88.4453 189.214 52
    endloop
  endfacet
  facet normal 0 0 1
    outer loop
      vertex 88.6247 186.401 52
      vertex 87.9 189.105 52
      vertex 88.4451 186.34 52
    endloop
  endfacet
  facet normal -0 0 1
    outer loop
      vertex 87.3736 188.926 52
      vertex 88.4451 186.34 52
      vertex 87.9 189.105 52
    endloop
  endfacet
  facet normal 0 0 1
    outer loop
      vertex 88.4451 186.34 52
      vertex 87.3736 188.926 52
      vertex 88.275 186.256 52
    endloop
  endfacet
  facet normal -0 0 1
    outer loop
      vertex 86.875 188.681 52
      vertex 88.275 186.256 52
      vertex 87.3736 188.926 52
    endloop
  endfacet
  facet normal 0 0 1
    outer loop
      vertex 88.275 186.256 52
      vertex 86.875 188.681 52
      vertex 88.1173 186.15 52
    endloop
  endfacet
  facet normal -0 0 1
    outer loop
      vertex 86.4128 188.372 52
      vertex 88.1173 186.15 52
      vertex 86.875 188.681 52
    endloop
  endfacet
  facet normal 0 0 1
    outer loop
      vertex 88.1173 186.15 52
      vertex 86.4128 188.372 52
      vertex 87.9747 186.025 52
    endloop
  endfacet
  facet normal -0 0 1
    outer loop
      vertex 85.9948 188.005 52
      vertex 87.9747 186.025 52
      vertex 86.4128 188.372 52
    endloop
  endfacet
  facet normal 0 0 1
    outer loop
      vertex 87.9747 186.025 52
      vertex 85.9948 188.005 52
      vertex 87.8496 185.883 52
    endloop
  endfacet
  facet normal 0 0 1
    outer loop
      vertex 87.8496 185.883 52
      vertex 85.6283 187.587 52
      vertex 87.7443 185.725 52
    endloop
  endfacet
  facet normal -0 0 1
    outer loop
      vertex 85.6283 187.587 52
      vertex 87.8496 185.883 52
      vertex 85.9948 188.005 52
    endloop
  endfacet
  facet normal -0 0 1
    outer loop
      vertex 90.1504 184.117 52
      vertex 92.3717 182.413 52
      vertex 90.2557 184.275 52
    endloop
  endfacet
  facet normal 0 0 1
    outer loop
      vertex 92.3717 182.413 52
      vertex 90.1504 184.117 52
      vertex 92.0052 181.995 52
    endloop
  endfacet
  facet normal -0 0 1
    outer loop
      vertex 90.0253 183.975 52
      vertex 92.0052 181.995 52
      vertex 90.1504 184.117 52
    endloop
  endfacet
  facet normal 0 0 1
    outer loop
      vertex 92.0052 181.995 52
      vertex 90.0253 183.975 52
      vertex 91.5872 181.628 52
    endloop
  endfacet
  facet normal -0 0 1
    outer loop
      vertex 89.8827 183.85 52
      vertex 91.5872 181.628 52
      vertex 90.0253 183.975 52
    endloop
  endfacet
  facet normal 0 0 1
    outer loop
      vertex 91.5872 181.628 52
      vertex 89.8827 183.85 52
      vertex 91.125 181.319 52
    endloop
  endfacet
  facet normal -0 0 1
    outer loop
      vertex 89.725 183.744 52
      vertex 91.125 181.319 52
      vertex 89.8827 183.85 52
    endloop
  endfacet
  facet normal 0 0 1
    outer loop
      vertex 91.125 181.319 52
      vertex 89.725 183.744 52
      vertex 90.6264 181.074 52
    endloop
  endfacet
  facet normal -0 0 1
    outer loop
      vertex 89.5549 183.66 52
      vertex 90.6264 181.074 52
      vertex 89.725 183.744 52
    endloop
  endfacet
  facet normal 0 0 1
    outer loop
      vertex 90.6264 181.074 52
      vertex 89.5549 183.66 52
      vertex 90.1 180.895 52
    endloop
  endfacet
  facet normal -0 0 1
    outer loop
      vertex 89.3753 183.599 52
      vertex 90.1 180.895 52
      vertex 89.5549 183.66 52
    endloop
  endfacet
  facet normal 0 0 1
    outer loop
      vertex 90.1 180.895 52
      vertex 89.3753 183.599 52
      vertex 89.5547 180.786 52
    endloop
  endfacet
  facet normal -0 0 1
    outer loop
      vertex 89.1893 183.562 52
      vertex 89.5547 180.786 52
      vertex 89.3753 183.599 52
    endloop
  endfacet
  facet normal -0 0 1
    outer loop
      vertex 89 183.55 52
      vertex 89.5547 180.786 52
      vertex 89.1893 183.562 52
    endloop
  endfacet
  facet normal 0 0 1
    outer loop
      vertex 89 183.55 52
      vertex 89 180.75 52
      vertex 89.5547 180.786 52
    endloop
  endfacet
  facet normal 0 0 1
    outer loop
      vertex 88.8107 183.562 52
      vertex 89 180.75 52
      vertex 89 183.55 52
    endloop
  endfacet
  facet normal 0 0 1
    outer loop
      vertex 88.4453 180.786 52
      vertex 88.8107 183.562 52
      vertex 88.6247 183.599 52
    endloop
  endfacet
  facet normal 0 0 1
    outer loop
      vertex 88.8107 183.562 52
      vertex 88.4453 180.786 52
      vertex 89 180.75 52
    endloop
  endfacet
  facet normal 0 0 1
    outer loop
      vertex 87.9 180.895 52
      vertex 88.6247 183.599 52
      vertex 88.4451 183.66 52
    endloop
  endfacet
  facet normal 0 0 1
    outer loop
      vertex 87.3736 181.074 52
      vertex 88.4451 183.66 52
      vertex 88.275 183.744 52
    endloop
  endfacet
  facet normal 0 0 1
    outer loop
      vertex 86.875 181.319 52
      vertex 88.275 183.744 52
      vertex 88.1173 183.85 52
    endloop
  endfacet
  facet normal 0 0 1
    outer loop
      vertex 86.4128 181.628 52
      vertex 88.1173 183.85 52
      vertex 87.9747 183.975 52
    endloop
  endfacet
  facet normal 0 0 1
    outer loop
      vertex 88.6247 183.599 52
      vertex 87.9 180.895 52
      vertex 88.4453 180.786 52
    endloop
  endfacet
  facet normal 0 0 1
    outer loop
      vertex 85.9948 181.995 52
      vertex 87.9747 183.975 52
      vertex 87.8496 184.117 52
    endloop
  endfacet
  facet normal 0 0 1
    outer loop
      vertex 85.6283 182.413 52
      vertex 87.8496 184.117 52
      vertex 87.7443 184.275 52
    endloop
  endfacet
  facet normal 0 0 1
    outer loop
      vertex 85.3194 182.875 52
      vertex 87.7443 184.275 52
      vertex 87.6604 184.445 52
    endloop
  endfacet
  facet normal 0 0 1
    outer loop
      vertex 85.0735 183.374 52
      vertex 87.6604 184.445 52
      vertex 87.5994 184.625 52
    endloop
  endfacet
  facet normal 0 0 1
    outer loop
      vertex 84.8948 183.9 52
      vertex 87.5994 184.625 52
      vertex 87.5624 184.811 52
    endloop
  endfacet
  facet normal 0 0 1
    outer loop
      vertex 88.4451 183.66 52
      vertex 87.3736 181.074 52
      vertex 87.9 180.895 52
    endloop
  endfacet
  facet normal 0 0 1
    outer loop
      vertex 84.7864 184.445 52
      vertex 87.5624 184.811 52
      vertex 87.55 185 52
    endloop
  endfacet
  facet normal -0 0 1
    outer loop
      vertex 85.3194 187.125 52
      vertex 87.7443 185.725 52
      vertex 85.6283 187.587 52
    endloop
  endfacet
  facet normal 0 0 1
    outer loop
      vertex 87.7443 185.725 52
      vertex 85.3194 187.125 52
      vertex 87.6604 185.555 52
    endloop
  endfacet
  facet normal 0 0 1
    outer loop
      vertex 88.275 183.744 52
      vertex 86.875 181.319 52
      vertex 87.3736 181.074 52
    endloop
  endfacet
  facet normal -0 0 1
    outer loop
      vertex 85.0735 186.626 52
      vertex 87.6604 185.555 52
      vertex 85.3194 187.125 52
    endloop
  endfacet
  facet normal 0 0 1
    outer loop
      vertex 88.1173 183.85 52
      vertex 86.4128 181.628 52
      vertex 86.875 181.319 52
    endloop
  endfacet
  facet normal 0 0 1
    outer loop
      vertex 87.6604 185.555 52
      vertex 85.0735 186.626 52
      vertex 87.5994 185.375 52
    endloop
  endfacet
  facet normal 0 0 1
    outer loop
      vertex 87.9747 183.975 52
      vertex 85.9948 181.995 52
      vertex 86.4128 181.628 52
    endloop
  endfacet
  facet normal -0 0 1
    outer loop
      vertex 84.8948 186.1 52
      vertex 87.5994 185.375 52
      vertex 85.0735 186.626 52
    endloop
  endfacet
  facet normal 0 0 1
    outer loop
      vertex 87.8496 184.117 52
      vertex 85.6283 182.413 52
      vertex 85.9948 181.995 52
    endloop
  endfacet
  facet normal 0 0 1
    outer loop
      vertex 87.5994 185.375 52
      vertex 84.8948 186.1 52
      vertex 87.5624 185.189 52
    endloop
  endfacet
  facet normal 0 0 1
    outer loop
      vertex 87.7443 184.275 52
      vertex 85.3194 182.875 52
      vertex 85.6283 182.413 52
    endloop
  endfacet
  facet normal -0 0 1
    outer loop
      vertex 84.7864 185.555 52
      vertex 87.5624 185.189 52
      vertex 84.8948 186.1 52
    endloop
  endfacet
  facet normal 0 0 1
    outer loop
      vertex 87.6604 184.445 52
      vertex 85.0735 183.374 52
      vertex 85.3194 182.875 52
    endloop
  endfacet
  facet normal 0 0 1
    outer loop
      vertex 87.5624 185.189 52
      vertex 84.7864 185.555 52
      vertex 87.55 185 52
    endloop
  endfacet
  facet normal 0 0 1
    outer loop
      vertex 87.5994 184.625 52
      vertex 84.8948 183.9 52
      vertex 85.0735 183.374 52
    endloop
  endfacet
  facet normal 0 0 1
    outer loop
      vertex 84.75 185 52
      vertex 87.55 185 52
      vertex 84.7864 185.555 52
    endloop
  endfacet
  facet normal 0 0 1
    outer loop
      vertex 87.5624 184.811 52
      vertex 84.7864 184.445 52
      vertex 84.8948 183.9 52
    endloop
  endfacet
  facet normal 0 0 1
    outer loop
      vertex 87.55 185 52
      vertex 84.75 185 52
      vertex 84.7864 184.445 52
    endloop
  endfacet
  facet normal 0.751908 0.659268 0
    outer loop
      vertex 92.3717 187.587 52
      vertex 92.0052 188.005 4
      vertex 92.0052 188.005 52
    endloop
  endfacet
  facet normal 0.751908 0.659268 0
    outer loop
      vertex 92.0052 188.005 4
      vertex 92.3717 187.587 52
      vertex 92.3717 187.587 4
    endloop
  endfacet
  facet normal 0.321941 -0.94676 0
    outer loop
      vertex 90.1 180.895 4
      vertex 90.6264 181.074 52
      vertex 90.1 180.895 52
    endloop
  endfacet
  facet normal 0.321941 -0.94676 0
    outer loop
      vertex 90.6264 181.074 52
      vertex 90.1 180.895 4
      vertex 90.6264 181.074 4
    endloop
  endfacet
  facet normal 0.441011 -0.897502 0
    outer loop
      vertex 90.6264 181.074 4
      vertex 91.125 181.319 52
      vertex 90.6264 181.074 52
    endloop
  endfacet
  facet normal 0.441011 -0.897502 0
    outer loop
      vertex 91.125 181.319 52
      vertex 90.6264 181.074 4
      vertex 91.125 181.319 4
    endloop
  endfacet
  facet normal -0.196012 0.980601 0
    outer loop
      vertex 88.4453 189.214 4
      vertex 87.9 189.105 52
      vertex 88.4453 189.214 52
    endloop
  endfacet
  facet normal -0.196012 0.980601 0
    outer loop
      vertex 87.9 189.105 52
      vertex 88.4453 189.214 4
      vertex 87.9 189.105 4
    endloop
  endfacet
  facet normal -0.196012 -0.980601 0
    outer loop
      vertex 87.9 180.895 4
      vertex 88.4453 180.786 52
      vertex 87.9 180.895 52
    endloop
  endfacet
  facet normal -0.196012 -0.980601 -0
    outer loop
      vertex 88.4453 180.786 52
      vertex 87.9 180.895 4
      vertex 88.4453 180.786 4
    endloop
  endfacet
  facet normal 0.0647637 0.997901 -0
    outer loop
      vertex 89.5547 189.214 4
      vertex 89 189.25 52
      vertex 89.5547 189.214 52
    endloop
  endfacet
  facet normal 0.0647637 0.997901 0
    outer loop
      vertex 89 189.25 52
      vertex 89.5547 189.214 4
      vertex 89 189.25 4
    endloop
  endfacet
  facet normal -0.441011 -0.897502 0
    outer loop
      vertex 86.875 181.319 4
      vertex 87.3736 181.074 52
      vertex 86.875 181.319 52
    endloop
  endfacet
  facet normal -0.441011 -0.897502 -0
    outer loop
      vertex 87.3736 181.074 52
      vertex 86.875 181.319 4
      vertex 87.3736 181.074 4
    endloop
  endfacet
  facet normal -0.831302 -0.555821 0
    outer loop
      vertex 85.6283 182.413 4
      vertex 85.3194 182.875 52
      vertex 85.3194 182.875 4
    endloop
  endfacet
  facet normal -0.831302 -0.555821 0
    outer loop
      vertex 85.3194 182.875 52
      vertex 85.6283 182.413 4
      vertex 85.6283 182.413 52
    endloop
  endfacet
  facet normal -0.94685 0.321677 0
    outer loop
      vertex 84.8948 186.1 4
      vertex 85.0735 186.626 52
      vertex 85.0735 186.626 4
    endloop
  endfacet
  facet normal -0.94685 0.321677 0
    outer loop
      vertex 85.0735 186.626 52
      vertex 84.8948 186.1 4
      vertex 84.8948 186.1 52
    endloop
  endfacet
  facet normal 1 -0 0
    outer loop
      vertex 33.5 183.6 19.5
      vertex 33.5 189.6 4
      vertex 33.5 189.6 19.5
    endloop
  endfacet
  facet normal 1 0 0
    outer loop
      vertex 33.5 189.6 4
      vertex 33.5 183.6 19.5
      vertex 33.5 183.6 4
    endloop
  endfacet
  facet normal -0 0 1
    outer loop
      vertex 25.5 189.6 19.5
      vertex 33.5 183.6 19.5
      vertex 33.5 189.6 19.5
    endloop
  endfacet
  facet normal 0 0 1
    outer loop
      vertex 33.5 183.6 19.5
      vertex 25.5 189.6 19.5
      vertex 25.5 183.6 19.5
    endloop
  endfacet
  facet normal -1 0 0
    outer loop
      vertex 25.5 183.6 4
      vertex 25.5 189.6 19.5
      vertex 25.5 189.6 4
    endloop
  endfacet
  facet normal -1 -0 0
    outer loop
      vertex 25.5 189.6 19.5
      vertex 25.5 183.6 4
      vertex 25.5 183.6 19.5
    endloop
  endfacet
  facet normal 0 1 -0
    outer loop
      vertex 131.4 189.6 0
      vertex 112.5 189.6 4
      vertex 131.4 189.6 4
    endloop
  endfacet
  facet normal 0 1 0
    outer loop
      vertex 112.5 189.6 4
      vertex 131.4 189.6 0
      vertex 104.5 189.6 4
    endloop
  endfacet
  facet normal 0 1 0
    outer loop
      vertex 22.6 189.6 0
      vertex 104.5 189.6 4
      vertex 131.4 189.6 0
    endloop
  endfacet
  facet normal 0 1 0
    outer loop
      vertex 104.5 189.6 4
      vertex 22.6 189.6 0
      vertex 33.5 189.6 4
    endloop
  endfacet
  facet normal 0 1 0
    outer loop
      vertex 33.5 189.6 4
      vertex 22.6 189.6 0
      vertex 25.5 189.6 4
    endloop
  endfacet
  facet normal 0 1 0
    outer loop
      vertex 25.5 189.6 4
      vertex 22.6 189.6 0
      vertex 22.6 189.6 4
    endloop
  endfacet
  facet normal 0 1 0
    outer loop
      vertex 33.5 189.6 19.5
      vertex 29.5 189.6 17.3402
      vertex 25.5 189.6 19.5
    endloop
  endfacet
  facet normal 0 1 0
    outer loop
      vertex 33.5 189.6 19.5
      vertex 29.7375 189.6 17.3246
      vertex 29.5 189.6 17.3402
    endloop
  endfacet
  facet normal 0 1 0
    outer loop
      vertex 33.5 189.6 19.5
      vertex 29.7402 189.6 17.3244
      vertex 29.7375 189.6 17.3246
    endloop
  endfacet
  facet normal 0 1 0
    outer loop
      vertex 33.5 189.6 19.5
      vertex 29.9736 189.6 17.278
      vertex 29.7402 189.6 17.3244
    endloop
  endfacet
  facet normal 0 1 0
    outer loop
      vertex 33.5 189.6 19.5
      vertex 29.9763 189.6 17.2775
      vertex 29.9736 189.6 17.278
    endloop
  endfacet
  facet normal 0 1 0
    outer loop
      vertex 33.5 189.6 19.5
      vertex 30.2017 189.6 17.201
      vertex 29.9763 189.6 17.2775
    endloop
  endfacet
  facet normal 0 1 0
    outer loop
      vertex 33.5 189.6 19.5
      vertex 30.2042 189.6 17.2001
      vertex 30.2017 189.6 17.201
    endloop
  endfacet
  facet normal 0 1 0
    outer loop
      vertex 33.5 189.6 19.5
      vertex 30.2066 189.6 17.1989
      vertex 30.2042 189.6 17.2001
    endloop
  endfacet
  facet normal 0 1 0
    outer loop
      vertex 33.5 189.6 19.5
      vertex 30.4201 189.6 17.0936
      vertex 30.2066 189.6 17.1989
    endloop
  endfacet
  facet normal 0 1 0
    outer loop
      vertex 33.5 189.6 19.5
      vertex 30.618 189.6 16.9614
      vertex 30.4201 189.6 17.0936
    endloop
  endfacet
  facet normal 0 1 0
    outer loop
      vertex 33.5 189.6 19.5
      vertex 30.6202 189.6 16.9599
      vertex 30.618 189.6 16.9614
    endloop
  endfacet
  facet normal 0 1 0
    outer loop
      vertex 33.5 189.6 19.5
      vertex 30.6222 189.6 16.9581
      vertex 30.6202 189.6 16.9599
    endloop
  endfacet
  facet normal 0 1 0
    outer loop
      vertex 33.5 189.6 19.5
      vertex 30.8012 189.6 16.8012
      vertex 30.6222 189.6 16.9581
    endloop
  endfacet
  facet normal 0 1 0
    outer loop
      vertex 33.5 189.6 19.5
      vertex 30.9581 189.6 16.6222
      vertex 30.8012 189.6 16.8012
    endloop
  endfacet
  facet normal 0 1 0
    outer loop
      vertex 33.5 189.6 19.5
      vertex 30.9599 189.6 16.6202
      vertex 30.9581 189.6 16.6222
    endloop
  endfacet
  facet normal 0 1 0
    outer loop
      vertex 33.5 189.6 19.5
      vertex 30.9614 189.6 16.618
      vertex 30.9599 189.6 16.6202
    endloop
  endfacet
  facet normal 0 1 0
    outer loop
      vertex 33.5 189.6 19.5
      vertex 31.0936 189.6 16.4201
      vertex 30.9614 189.6 16.618
    endloop
  endfacet
  facet normal 0 1 0
    outer loop
      vertex 33.5 189.6 19.5
      vertex 31.1989 189.6 16.2066
      vertex 31.0936 189.6 16.4201
    endloop
  endfacet
  facet normal 0 1 0
    outer loop
      vertex 33.5 189.6 19.5
      vertex 31.2001 189.6 16.2042
      vertex 31.1989 189.6 16.2066
    endloop
  endfacet
  facet normal 0 1 0
    outer loop
      vertex 33.5 189.6 19.5
      vertex 31.201 189.6 16.2017
      vertex 31.2001 189.6 16.2042
    endloop
  endfacet
  facet normal 0 1 0
    outer loop
      vertex 33.5 189.6 19.5
      vertex 31.2775 189.6 15.9763
      vertex 31.201 189.6 16.2017
    endloop
  endfacet
  facet normal 0 1 0
    outer loop
      vertex 33.5 189.6 19.5
      vertex 31.278 189.6 15.9736
      vertex 31.2775 189.6 15.9763
    endloop
  endfacet
  facet normal 0 1 0
    outer loop
      vertex 33.5 189.6 19.5
      vertex 31.3244 189.6 15.7402
      vertex 31.278 189.6 15.9736
    endloop
  endfacet
  facet normal 0 1 0
    outer loop
      vertex 33.5 189.6 19.5
      vertex 31.3246 189.6 15.7375
      vertex 31.3244 189.6 15.7402
    endloop
  endfacet
  facet normal 0 1 0
    outer loop
      vertex 33.5 189.6 19.5
      vertex 31.3402 189.6 15.5
      vertex 31.3246 189.6 15.7375
    endloop
  endfacet
  facet normal 0 1 0
    outer loop
      vertex 33.5 189.6 19.5
      vertex 31.3246 189.6 15.2625
      vertex 31.3402 189.6 15.5
    endloop
  endfacet
  facet normal 0 1 0
    outer loop
      vertex 33.5 189.6 19.5
      vertex 31.3244 189.6 15.2598
      vertex 31.3246 189.6 15.2625
    endloop
  endfacet
  facet normal 0 1 0
    outer loop
      vertex 33.5 189.6 19.5
      vertex 31.278 189.6 15.0264
      vertex 31.3244 189.6 15.2598
    endloop
  endfacet
  facet normal 0 1 0
    outer loop
      vertex 33.5 189.6 19.5
      vertex 31.2775 189.6 15.0237
      vertex 31.278 189.6 15.0264
    endloop
  endfacet
  facet normal 0 1 -0
    outer loop
      vertex 33.5 189.6 4
      vertex 31.2775 189.6 15.0237
      vertex 33.5 189.6 19.5
    endloop
  endfacet
  facet normal 0 1 0
    outer loop
      vertex 31.2775 189.6 15.0237
      vertex 33.5 189.6 4
      vertex 31.201 189.6 14.7983
    endloop
  endfacet
  facet normal 0 1 0
    outer loop
      vertex 33.5 189.6 4
      vertex 31.1989 189.6 14.7934
      vertex 31.2001 189.6 14.7958
    endloop
  endfacet
  facet normal 0 1 0
    outer loop
      vertex 33.5 189.6 4
      vertex 30.9581 189.6 14.3778
      vertex 30.9599 189.6 14.3798
    endloop
  endfacet
  facet normal 0 1 0
    outer loop
      vertex 33.5 189.6 4
      vertex 30.6222 189.6 14.0419
      vertex 30.8012 189.6 14.1988
    endloop
  endfacet
  facet normal 0 1 0
    outer loop
      vertex 33.5 189.6 4
      vertex 30.2066 189.6 13.8011
      vertex 30.4201 189.6 13.9064
    endloop
  endfacet
  facet normal 0 1 0
    outer loop
      vertex 33.5 189.6 4
      vertex 29.9736 189.6 13.722
      vertex 29.9763 189.6 13.7225
    endloop
  endfacet
  facet normal 0 1 0
    outer loop
      vertex 33.5 189.6 4
      vertex 29.7375 189.6 13.6754
      vertex 29.7402 189.6 13.6756
    endloop
  endfacet
  facet normal 0 1 0
    outer loop
      vertex 29.7375 189.6 13.6754
      vertex 33.5 189.6 4
      vertex 29.5 189.6 13.6598
    endloop
  endfacet
  facet normal 0 1 0
    outer loop
      vertex 29.9736 189.6 13.722
      vertex 33.5 189.6 4
      vertex 29.7402 189.6 13.6756
    endloop
  endfacet
  facet normal 0 1 0
    outer loop
      vertex 30.2017 189.6 13.799
      vertex 33.5 189.6 4
      vertex 29.9763 189.6 13.7225
    endloop
  endfacet
  facet normal 0 1 0
    outer loop
      vertex 30.2042 189.6 13.7999
      vertex 33.5 189.6 4
      vertex 30.2017 189.6 13.799
    endloop
  endfacet
  facet normal 0 1 0
    outer loop
      vertex 30.2066 189.6 13.8011
      vertex 33.5 189.6 4
      vertex 30.2042 189.6 13.7999
    endloop
  endfacet
  facet normal 0 1 0
    outer loop
      vertex 30.618 189.6 14.0386
      vertex 33.5 189.6 4
      vertex 30.4201 189.6 13.9064
    endloop
  endfacet
  facet normal 0 1 0
    outer loop
      vertex 30.6202 189.6 14.0401
      vertex 33.5 189.6 4
      vertex 30.618 189.6 14.0386
    endloop
  endfacet
  facet normal 0 1 0
    outer loop
      vertex 30.6222 189.6 14.0419
      vertex 33.5 189.6 4
      vertex 30.6202 189.6 14.0401
    endloop
  endfacet
  facet normal 0 1 0
    outer loop
      vertex 30.9581 189.6 14.3778
      vertex 33.5 189.6 4
      vertex 30.8012 189.6 14.1988
    endloop
  endfacet
  facet normal 0 1 0
    outer loop
      vertex 30.9614 189.6 14.382
      vertex 33.5 189.6 4
      vertex 30.9599 189.6 14.3798
    endloop
  endfacet
  facet normal 0 1 0
    outer loop
      vertex 31.0936 189.6 14.5799
      vertex 33.5 189.6 4
      vertex 30.9614 189.6 14.382
    endloop
  endfacet
  facet normal 0 1 0
    outer loop
      vertex 31.1989 189.6 14.7934
      vertex 33.5 189.6 4
      vertex 31.0936 189.6 14.5799
    endloop
  endfacet
  facet normal 0 1 0
    outer loop
      vertex 31.201 189.6 14.7983
      vertex 33.5 189.6 4
      vertex 31.2001 189.6 14.7958
    endloop
  endfacet
  facet normal 0 1 -0
    outer loop
      vertex 29.2625 189.6 17.3246
      vertex 25.5 189.6 19.5
      vertex 29.5 189.6 17.3402
    endloop
  endfacet
  facet normal 0 1 -0
    outer loop
      vertex 29.2598 189.6 17.3244
      vertex 25.5 189.6 19.5
      vertex 29.2625 189.6 17.3246
    endloop
  endfacet
  facet normal 0 1 -0
    outer loop
      vertex 29.0264 189.6 17.278
      vertex 25.5 189.6 19.5
      vertex 29.2598 189.6 17.3244
    endloop
  endfacet
  facet normal 0 1 -0
    outer loop
      vertex 29.0237 189.6 17.2775
      vertex 25.5 189.6 19.5
      vertex 29.0264 189.6 17.278
    endloop
  endfacet
  facet normal 0 1 -0
    outer loop
      vertex 28.7983 189.6 17.201
      vertex 25.5 189.6 19.5
      vertex 29.0237 189.6 17.2775
    endloop
  endfacet
  facet normal 0 1 -0
    outer loop
      vertex 28.7958 189.6 17.2001
      vertex 25.5 189.6 19.5
      vertex 28.7983 189.6 17.201
    endloop
  endfacet
  facet normal 0 1 -0
    outer loop
      vertex 28.7934 189.6 17.1989
      vertex 25.5 189.6 19.5
      vertex 28.7958 189.6 17.2001
    endloop
  endfacet
  facet normal 0 1 -0
    outer loop
      vertex 28.5799 189.6 17.0936
      vertex 25.5 189.6 19.5
      vertex 28.7934 189.6 17.1989
    endloop
  endfacet
  facet normal 0 1 -0
    outer loop
      vertex 28.382 189.6 16.9614
      vertex 25.5 189.6 19.5
      vertex 28.5799 189.6 17.0936
    endloop
  endfacet
  facet normal 0 1 -0
    outer loop
      vertex 28.3798 189.6 16.9599
      vertex 25.5 189.6 19.5
      vertex 28.382 189.6 16.9614
    endloop
  endfacet
  facet normal 0 1 -0
    outer loop
      vertex 28.3778 189.6 16.9581
      vertex 25.5 189.6 19.5
      vertex 28.3798 189.6 16.9599
    endloop
  endfacet
  facet normal 0 1 -0
    outer loop
      vertex 28.1988 189.6 16.8012
      vertex 25.5 189.6 19.5
      vertex 28.3778 189.6 16.9581
    endloop
  endfacet
  facet normal 0 1 -0
    outer loop
      vertex 28.0419 189.6 16.6222
      vertex 25.5 189.6 19.5
      vertex 28.1988 189.6 16.8012
    endloop
  endfacet
  facet normal 0 1 -0
    outer loop
      vertex 28.0401 189.6 16.6202
      vertex 25.5 189.6 19.5
      vertex 28.0419 189.6 16.6222
    endloop
  endfacet
  facet normal 0 1 -0
    outer loop
      vertex 28.0386 189.6 16.618
      vertex 25.5 189.6 19.5
      vertex 28.0401 189.6 16.6202
    endloop
  endfacet
  facet normal 0 1 -0
    outer loop
      vertex 27.9064 189.6 16.4201
      vertex 25.5 189.6 19.5
      vertex 28.0386 189.6 16.618
    endloop
  endfacet
  facet normal 0 1 -0
    outer loop
      vertex 27.8011 189.6 16.2066
      vertex 25.5 189.6 19.5
      vertex 27.9064 189.6 16.4201
    endloop
  endfacet
  facet normal 0 1 -0
    outer loop
      vertex 27.7999 189.6 16.2042
      vertex 25.5 189.6 19.5
      vertex 27.8011 189.6 16.2066
    endloop
  endfacet
  facet normal 0 1 -0
    outer loop
      vertex 27.799 189.6 16.2017
      vertex 25.5 189.6 19.5
      vertex 27.7999 189.6 16.2042
    endloop
  endfacet
  facet normal 0 1 -0
    outer loop
      vertex 27.7225 189.6 15.9763
      vertex 25.5 189.6 19.5
      vertex 27.799 189.6 16.2017
    endloop
  endfacet
  facet normal 0 1 -0
    outer loop
      vertex 27.722 189.6 15.9736
      vertex 25.5 189.6 19.5
      vertex 27.7225 189.6 15.9763
    endloop
  endfacet
  facet normal 0 1 -0
    outer loop
      vertex 27.6756 189.6 15.7402
      vertex 25.5 189.6 19.5
      vertex 27.722 189.6 15.9736
    endloop
  endfacet
  facet normal 0 1 -0
    outer loop
      vertex 27.6754 189.6 15.7375
      vertex 25.5 189.6 19.5
      vertex 27.6756 189.6 15.7402
    endloop
  endfacet
  facet normal 0 1 -0
    outer loop
      vertex 27.6598 189.6 15.5
      vertex 25.5 189.6 19.5
      vertex 27.6754 189.6 15.7375
    endloop
  endfacet
  facet normal 0 1 0
    outer loop
      vertex 27.6754 189.6 15.2625
      vertex 25.5 189.6 19.5
      vertex 27.6598 189.6 15.5
    endloop
  endfacet
  facet normal 0 1 0
    outer loop
      vertex 27.6756 189.6 15.2598
      vertex 25.5 189.6 19.5
      vertex 27.6754 189.6 15.2625
    endloop
  endfacet
  facet normal 0 1 0
    outer loop
      vertex 27.722 189.6 15.0264
      vertex 25.5 189.6 19.5
      vertex 27.6756 189.6 15.2598
    endloop
  endfacet
  facet normal 0 1 0
    outer loop
      vertex 27.7225 189.6 15.0237
      vertex 25.5 189.6 19.5
      vertex 27.722 189.6 15.0264
    endloop
  endfacet
  facet normal 0 1 0
    outer loop
      vertex 25.5 189.6 4
      vertex 27.7225 189.6 15.0237
      vertex 27.799 189.6 14.7983
    endloop
  endfacet
  facet normal 0 1 0
    outer loop
      vertex 25.5 189.6 4
      vertex 27.799 189.6 14.7983
      vertex 27.7999 189.6 14.7958
    endloop
  endfacet
  facet normal 0 1 0
    outer loop
      vertex 25.5 189.6 4
      vertex 27.8011 189.6 14.7934
      vertex 27.9064 189.6 14.5799
    endloop
  endfacet
  facet normal 0 1 0
    outer loop
      vertex 25.5 189.6 4
      vertex 28.0419 189.6 14.3778
      vertex 28.1988 189.6 14.1988
    endloop
  endfacet
  facet normal 0 1 0
    outer loop
      vertex 25.5 189.6 4
      vertex 28.3778 189.6 14.0419
      vertex 28.3798 189.6 14.0401
    endloop
  endfacet
  facet normal 0 1 0
    outer loop
      vertex 25.5 189.6 4
      vertex 28.7934 189.6 13.8011
      vertex 28.7958 189.6 13.7999
    endloop
  endfacet
  facet normal 0 1 0
    outer loop
      vertex 25.5 189.6 4
      vertex 29.0264 189.6 13.722
      vertex 29.2598 189.6 13.6756
    endloop
  endfacet
  facet normal 0 1 0
    outer loop
      vertex 25.5 189.6 4
      vertex 29.2625 189.6 13.6754
      vertex 29.5 189.6 13.6598
    endloop
  endfacet
  facet normal 0 1 0
    outer loop
      vertex 25.5 189.6 4
      vertex 29.5 189.6 13.6598
      vertex 33.5 189.6 4
    endloop
  endfacet
  facet normal 0 1 0
    outer loop
      vertex 29.2625 189.6 13.6754
      vertex 25.5 189.6 4
      vertex 29.2598 189.6 13.6756
    endloop
  endfacet
  facet normal 0 1 0
    outer loop
      vertex 29.0264 189.6 13.722
      vertex 25.5 189.6 4
      vertex 29.0237 189.6 13.7225
    endloop
  endfacet
  facet normal 0 1 0
    outer loop
      vertex 29.0237 189.6 13.7225
      vertex 25.5 189.6 4
      vertex 28.7983 189.6 13.799
    endloop
  endfacet
  facet normal 0 1 0
    outer loop
      vertex 28.7983 189.6 13.799
      vertex 25.5 189.6 4
      vertex 28.7958 189.6 13.7999
    endloop
  endfacet
  facet normal 0 1 0
    outer loop
      vertex 28.7934 189.6 13.8011
      vertex 25.5 189.6 4
      vertex 28.5799 189.6 13.9064
    endloop
  endfacet
  facet normal 0 1 0
    outer loop
      vertex 28.5799 189.6 13.9064
      vertex 25.5 189.6 4
      vertex 28.382 189.6 14.0386
    endloop
  endfacet
  facet normal 0 1 0
    outer loop
      vertex 28.382 189.6 14.0386
      vertex 25.5 189.6 4
      vertex 28.3798 189.6 14.0401
    endloop
  endfacet
  facet normal 0 1 0
    outer loop
      vertex 28.3778 189.6 14.0419
      vertex 25.5 189.6 4
      vertex 28.1988 189.6 14.1988
    endloop
  endfacet
  facet normal 0 1 0
    outer loop
      vertex 28.0419 189.6 14.3778
      vertex 25.5 189.6 4
      vertex 28.0401 189.6 14.3798
    endloop
  endfacet
  facet normal 0 1 0
    outer loop
      vertex 28.0401 189.6 14.3798
      vertex 25.5 189.6 4
      vertex 28.0386 189.6 14.382
    endloop
  endfacet
  facet normal 0 1 0
    outer loop
      vertex 27.7225 189.6 15.0237
      vertex 25.5 189.6 4
      vertex 25.5 189.6 19.5
    endloop
  endfacet
  facet normal 0 1 0
    outer loop
      vertex 27.8011 189.6 14.7934
      vertex 25.5 189.6 4
      vertex 27.7999 189.6 14.7958
    endloop
  endfacet
  facet normal 0 1 0
    outer loop
      vertex 28.0386 189.6 14.382
      vertex 25.5 189.6 4
      vertex 27.9064 189.6 14.5799
    endloop
  endfacet
  facet normal 0 1 0
    outer loop
      vertex 112.5 189.6 19.5
      vertex 108.5 189.6 17.3402
      vertex 104.5 189.6 19.5
    endloop
  endfacet
  facet normal 0 1 0
    outer loop
      vertex 112.5 189.6 19.5
      vertex 108.738 189.6 17.3246
      vertex 108.5 189.6 17.3402
    endloop
  endfacet
  facet normal 0 1 0
    outer loop
      vertex 112.5 189.6 19.5
      vertex 108.74 189.6 17.3244
      vertex 108.738 189.6 17.3246
    endloop
  endfacet
  facet normal 0 1 0
    outer loop
      vertex 112.5 189.6 19.5
      vertex 108.974 189.6 17.278
      vertex 108.74 189.6 17.3244
    endloop
  endfacet
  facet normal 0 1 0
    outer loop
      vertex 112.5 189.6 19.5
      vertex 108.976 189.6 17.2775
      vertex 108.974 189.6 17.278
    endloop
  endfacet
  facet normal 0 1 0
    outer loop
      vertex 112.5 189.6 19.5
      vertex 109.202 189.6 17.201
      vertex 108.976 189.6 17.2775
    endloop
  endfacet
  facet normal 0 1 0
    outer loop
      vertex 112.5 189.6 19.5
      vertex 109.204 189.6 17.2001
      vertex 109.202 189.6 17.201
    endloop
  endfacet
  facet normal 0 1 0
    outer loop
      vertex 112.5 189.6 19.5
      vertex 109.207 189.6 17.1989
      vertex 109.204 189.6 17.2001
    endloop
  endfacet
  facet normal 0 1 0
    outer loop
      vertex 112.5 189.6 19.5
      vertex 109.42 189.6 17.0936
      vertex 109.207 189.6 17.1989
    endloop
  endfacet
  facet normal 0 1 0
    outer loop
      vertex 112.5 189.6 19.5
      vertex 109.618 189.6 16.9614
      vertex 109.42 189.6 17.0936
    endloop
  endfacet
  facet normal 0 1 0
    outer loop
      vertex 112.5 189.6 19.5
      vertex 109.62 189.6 16.9599
      vertex 109.618 189.6 16.9614
    endloop
  endfacet
  facet normal 0 1 0
    outer loop
      vertex 112.5 189.6 19.5
      vertex 109.622 189.6 16.9581
      vertex 109.62 189.6 16.9599
    endloop
  endfacet
  facet normal 0 1 0
    outer loop
      vertex 112.5 189.6 19.5
      vertex 109.801 189.6 16.8012
      vertex 109.622 189.6 16.9581
    endloop
  endfacet
  facet normal 0 1 0
    outer loop
      vertex 112.5 189.6 19.5
      vertex 109.958 189.6 16.6222
      vertex 109.801 189.6 16.8012
    endloop
  endfacet
  facet normal 0 1 0
    outer loop
      vertex 112.5 189.6 19.5
      vertex 109.96 189.6 16.6202
      vertex 109.958 189.6 16.6222
    endloop
  endfacet
  facet normal 0 1 0
    outer loop
      vertex 112.5 189.6 19.5
      vertex 109.961 189.6 16.618
      vertex 109.96 189.6 16.6202
    endloop
  endfacet
  facet normal 0 1 0
    outer loop
      vertex 112.5 189.6 19.5
      vertex 110.094 189.6 16.4201
      vertex 109.961 189.6 16.618
    endloop
  endfacet
  facet normal 0 1 0
    outer loop
      vertex 112.5 189.6 19.5
      vertex 110.199 189.6 16.2066
      vertex 110.094 189.6 16.4201
    endloop
  endfacet
  facet normal 0 1 0
    outer loop
      vertex 112.5 189.6 19.5
      vertex 110.2 189.6 16.2042
      vertex 110.199 189.6 16.2066
    endloop
  endfacet
  facet normal 0 1 0
    outer loop
      vertex 112.5 189.6 19.5
      vertex 110.201 189.6 16.2017
      vertex 110.2 189.6 16.2042
    endloop
  endfacet
  facet normal 0 1 0
    outer loop
      vertex 112.5 189.6 19.5
      vertex 110.277 189.6 15.9763
      vertex 110.201 189.6 16.2017
    endloop
  endfacet
  facet normal 0 1 0
    outer loop
      vertex 112.5 189.6 19.5
      vertex 110.278 189.6 15.9736
      vertex 110.277 189.6 15.9763
    endloop
  endfacet
  facet normal 0 1 0
    outer loop
      vertex 112.5 189.6 19.5
      vertex 110.324 189.6 15.7402
      vertex 110.278 189.6 15.9736
    endloop
  endfacet
  facet normal 0 1 0
    outer loop
      vertex 112.5 189.6 19.5
      vertex 110.325 189.6 15.7375
      vertex 110.324 189.6 15.7402
    endloop
  endfacet
  facet normal 0 1 0
    outer loop
      vertex 112.5 189.6 19.5
      vertex 110.34 189.6 15.5
      vertex 110.325 189.6 15.7375
    endloop
  endfacet
  facet normal 0 1 0
    outer loop
      vertex 112.5 189.6 19.5
      vertex 110.325 189.6 15.2625
      vertex 110.34 189.6 15.5
    endloop
  endfacet
  facet normal 0 1 0
    outer loop
      vertex 112.5 189.6 19.5
      vertex 110.324 189.6 15.2598
      vertex 110.325 189.6 15.2625
    endloop
  endfacet
  facet normal 0 1 0
    outer loop
      vertex 112.5 189.6 19.5
      vertex 110.278 189.6 15.0264
      vertex 110.324 189.6 15.2598
    endloop
  endfacet
  facet normal 0 1 0
    outer loop
      vertex 112.5 189.6 19.5
      vertex 110.277 189.6 15.0237
      vertex 110.278 189.6 15.0264
    endloop
  endfacet
  facet normal 0 1 -0
    outer loop
      vertex 112.5 189.6 4
      vertex 110.277 189.6 15.0237
      vertex 112.5 189.6 19.5
    endloop
  endfacet
  facet normal 0 1 0
    outer loop
      vertex 110.277 189.6 15.0237
      vertex 112.5 189.6 4
      vertex 110.201 189.6 14.7983
    endloop
  endfacet
  facet normal 0 1 0
    outer loop
      vertex 112.5 189.6 4
      vertex 109.961 189.6 14.382
      vertex 110.094 189.6 14.5799
    endloop
  endfacet
  facet normal 0 1 0
    outer loop
      vertex 112.5 189.6 4
      vertex 109.958 189.6 14.3778
      vertex 109.96 189.6 14.3798
    endloop
  endfacet
  facet normal 0 1 0
    outer loop
      vertex 112.5 189.6 4
      vertex 109.622 189.6 14.0419
      vertex 109.801 189.6 14.1988
    endloop
  endfacet
  facet normal 0 1 0
    outer loop
      vertex 112.5 189.6 4
      vertex 109.618 189.6 14.0386
      vertex 109.62 189.6 14.0401
    endloop
  endfacet
  facet normal 0 1 0
    outer loop
      vertex 112.5 189.6 4
      vertex 109.207 189.6 13.8011
      vertex 109.42 189.6 13.9064
    endloop
  endfacet
  facet normal 0 1 0
    outer loop
      vertex 112.5 189.6 4
      vertex 109.202 189.6 13.799
      vertex 109.204 189.6 13.7999
    endloop
  endfacet
  facet normal 0 1 0
    outer loop
      vertex 112.5 189.6 4
      vertex 108.974 189.6 13.722
      vertex 108.976 189.6 13.7225
    endloop
  endfacet
  facet normal 0 1 0
    outer loop
      vertex 112.5 189.6 4
      vertex 108.738 189.6 13.6754
      vertex 108.74 189.6 13.6756
    endloop
  endfacet
  facet normal 0 1 0
    outer loop
      vertex 108.738 189.6 13.6754
      vertex 112.5 189.6 4
      vertex 108.5 189.6 13.6598
    endloop
  endfacet
  facet normal 0 1 0
    outer loop
      vertex 108.974 189.6 13.722
      vertex 112.5 189.6 4
      vertex 108.74 189.6 13.6756
    endloop
  endfacet
  facet normal 0 1 0
    outer loop
      vertex 109.202 189.6 13.799
      vertex 112.5 189.6 4
      vertex 108.976 189.6 13.7225
    endloop
  endfacet
  facet normal 0 1 0
    outer loop
      vertex 109.207 189.6 13.8011
      vertex 112.5 189.6 4
      vertex 109.204 189.6 13.7999
    endloop
  endfacet
  facet normal 0 1 0
    outer loop
      vertex 109.618 189.6 14.0386
      vertex 112.5 189.6 4
      vertex 109.42 189.6 13.9064
    endloop
  endfacet
  facet normal 0 1 0
    outer loop
      vertex 109.622 189.6 14.0419
      vertex 112.5 189.6 4
      vertex 109.62 189.6 14.0401
    endloop
  endfacet
  facet normal 0 1 0
    outer loop
      vertex 109.958 189.6 14.3778
      vertex 112.5 189.6 4
      vertex 109.801 189.6 14.1988
    endloop
  endfacet
  facet normal 0 1 0
    outer loop
      vertex 109.961 189.6 14.382
      vertex 112.5 189.6 4
      vertex 109.96 189.6 14.3798
    endloop
  endfacet
  facet normal 0 1 0
    outer loop
      vertex 110.199 189.6 14.7934
      vertex 112.5 189.6 4
      vertex 110.094 189.6 14.5799
    endloop
  endfacet
  facet normal 0 1 0
    outer loop
      vertex 110.2 189.6 14.7958
      vertex 112.5 189.6 4
      vertex 110.199 189.6 14.7934
    endloop
  endfacet
  facet normal 0 1 0
    outer loop
      vertex 110.201 189.6 14.7983
      vertex 112.5 189.6 4
      vertex 110.2 189.6 14.7958
    endloop
  endfacet
  facet normal 0 1 -0
    outer loop
      vertex 108.262 189.6 17.3246
      vertex 104.5 189.6 19.5
      vertex 108.5 189.6 17.3402
    endloop
  endfacet
  facet normal 0 1 -0
    outer loop
      vertex 108.26 189.6 17.3244
      vertex 104.5 189.6 19.5
      vertex 108.262 189.6 17.3246
    endloop
  endfacet
  facet normal 0 1 -0
    outer loop
      vertex 108.026 189.6 17.278
      vertex 104.5 189.6 19.5
      vertex 108.26 189.6 17.3244
    endloop
  endfacet
  facet normal 0 1 -0
    outer loop
      vertex 108.024 189.6 17.2775
      vertex 104.5 189.6 19.5
      vertex 108.026 189.6 17.278
    endloop
  endfacet
  facet normal 0 1 -0
    outer loop
      vertex 107.798 189.6 17.201
      vertex 104.5 189.6 19.5
      vertex 108.024 189.6 17.2775
    endloop
  endfacet
  facet normal 0 1 -0
    outer loop
      vertex 107.796 189.6 17.2001
      vertex 104.5 189.6 19.5
      vertex 107.798 189.6 17.201
    endloop
  endfacet
  facet normal 0 1 -0
    outer loop
      vertex 107.793 189.6 17.1989
      vertex 104.5 189.6 19.5
      vertex 107.796 189.6 17.2001
    endloop
  endfacet
  facet normal 0 1 -0
    outer loop
      vertex 107.58 189.6 17.0936
      vertex 104.5 189.6 19.5
      vertex 107.793 189.6 17.1989
    endloop
  endfacet
  facet normal 0 1 -0
    outer loop
      vertex 107.382 189.6 16.9614
      vertex 104.5 189.6 19.5
      vertex 107.58 189.6 17.0936
    endloop
  endfacet
  facet normal 0 1 -0
    outer loop
      vertex 107.38 189.6 16.9599
      vertex 104.5 189.6 19.5
      vertex 107.382 189.6 16.9614
    endloop
  endfacet
  facet normal 0 1 -0
    outer loop
      vertex 107.378 189.6 16.9581
      vertex 104.5 189.6 19.5
      vertex 107.38 189.6 16.9599
    endloop
  endfacet
  facet normal 0 1 -0
    outer loop
      vertex 107.199 189.6 16.8012
      vertex 104.5 189.6 19.5
      vertex 107.378 189.6 16.9581
    endloop
  endfacet
  facet normal 0 1 -0
    outer loop
      vertex 107.042 189.6 16.6222
      vertex 104.5 189.6 19.5
      vertex 107.199 189.6 16.8012
    endloop
  endfacet
  facet normal 0 1 -0
    outer loop
      vertex 107.04 189.6 16.6202
      vertex 104.5 189.6 19.5
      vertex 107.042 189.6 16.6222
    endloop
  endfacet
  facet normal 0 1 -0
    outer loop
      vertex 107.039 189.6 16.618
      vertex 104.5 189.6 19.5
      vertex 107.04 189.6 16.6202
    endloop
  endfacet
  facet normal 0 1 -0
    outer loop
      vertex 106.906 189.6 16.4201
      vertex 104.5 189.6 19.5
      vertex 107.039 189.6 16.618
    endloop
  endfacet
  facet normal 0 1 -0
    outer loop
      vertex 106.801 189.6 16.2066
      vertex 104.5 189.6 19.5
      vertex 106.906 189.6 16.4201
    endloop
  endfacet
  facet normal 0 1 -0
    outer loop
      vertex 106.8 189.6 16.2042
      vertex 104.5 189.6 19.5
      vertex 106.801 189.6 16.2066
    endloop
  endfacet
  facet normal 0 1 -0
    outer loop
      vertex 106.799 189.6 16.2017
      vertex 104.5 189.6 19.5
      vertex 106.8 189.6 16.2042
    endloop
  endfacet
  facet normal 0 1 -0
    outer loop
      vertex 106.723 189.6 15.9763
      vertex 104.5 189.6 19.5
      vertex 106.799 189.6 16.2017
    endloop
  endfacet
  facet normal 0 1 -0
    outer loop
      vertex 106.722 189.6 15.9736
      vertex 104.5 189.6 19.5
      vertex 106.723 189.6 15.9763
    endloop
  endfacet
  facet normal 0 1 -0
    outer loop
      vertex 106.676 189.6 15.7402
      vertex 104.5 189.6 19.5
      vertex 106.722 189.6 15.9736
    endloop
  endfacet
  facet normal 0 1 -0
    outer loop
      vertex 106.675 189.6 15.7375
      vertex 104.5 189.6 19.5
      vertex 106.676 189.6 15.7402
    endloop
  endfacet
  facet normal 0 1 -0
    outer loop
      vertex 106.66 189.6 15.5
      vertex 104.5 189.6 19.5
      vertex 106.675 189.6 15.7375
    endloop
  endfacet
  facet normal 0 1 0
    outer loop
      vertex 106.675 189.6 15.2625
      vertex 104.5 189.6 19.5
      vertex 106.66 189.6 15.5
    endloop
  endfacet
  facet normal 0 1 0
    outer loop
      vertex 106.676 189.6 15.2598
      vertex 104.5 189.6 19.5
      vertex 106.675 189.6 15.2625
    endloop
  endfacet
  facet normal 0 1 0
    outer loop
      vertex 106.722 189.6 15.0264
      vertex 104.5 189.6 19.5
      vertex 106.676 189.6 15.2598
    endloop
  endfacet
  facet normal 0 1 0
    outer loop
      vertex 106.723 189.6 15.0237
      vertex 104.5 189.6 19.5
      vertex 106.722 189.6 15.0264
    endloop
  endfacet
  facet normal 0 1 0
    outer loop
      vertex 104.5 189.6 4
      vertex 106.723 189.6 15.0237
      vertex 106.799 189.6 14.7983
    endloop
  endfacet
  facet normal 0 1 0
    outer loop
      vertex 104.5 189.6 4
      vertex 106.799 189.6 14.7983
      vertex 106.8 189.6 14.7958
    endloop
  endfacet
  facet normal 0 1 0
    outer loop
      vertex 104.5 189.6 4
      vertex 107.039 189.6 14.382
      vertex 107.04 189.6 14.3798
    endloop
  endfacet
  facet normal 0 1 0
    outer loop
      vertex 104.5 189.6 4
      vertex 107.042 189.6 14.3778
      vertex 107.199 189.6 14.1988
    endloop
  endfacet
  facet normal 0 1 0
    outer loop
      vertex 104.5 189.6 4
      vertex 107.378 189.6 14.0419
      vertex 107.38 189.6 14.0401
    endloop
  endfacet
  facet normal 0 1 0
    outer loop
      vertex 104.5 189.6 4
      vertex 107.382 189.6 14.0386
      vertex 107.58 189.6 13.9064
    endloop
  endfacet
  facet normal 0 1 0
    outer loop
      vertex 104.5 189.6 4
      vertex 107.793 189.6 13.8011
      vertex 107.796 189.6 13.7999
    endloop
  endfacet
  facet normal 0 1 0
    outer loop
      vertex 104.5 189.6 4
      vertex 107.798 189.6 13.799
      vertex 108.024 189.6 13.7225
    endloop
  endfacet
  facet normal 0 1 0
    outer loop
      vertex 104.5 189.6 4
      vertex 108.026 189.6 13.722
      vertex 108.26 189.6 13.6756
    endloop
  endfacet
  facet normal 0 1 0
    outer loop
      vertex 104.5 189.6 4
      vertex 108.262 189.6 13.6754
      vertex 108.5 189.6 13.6598
    endloop
  endfacet
  facet normal 0 1 0
    outer loop
      vertex 104.5 189.6 4
      vertex 108.5 189.6 13.6598
      vertex 112.5 189.6 4
    endloop
  endfacet
  facet normal 0 1 0
    outer loop
      vertex 108.262 189.6 13.6754
      vertex 104.5 189.6 4
      vertex 108.26 189.6 13.6756
    endloop
  endfacet
  facet normal 0 1 0
    outer loop
      vertex 108.026 189.6 13.722
      vertex 104.5 189.6 4
      vertex 108.024 189.6 13.7225
    endloop
  endfacet
  facet normal 0 1 0
    outer loop
      vertex 107.798 189.6 13.799
      vertex 104.5 189.6 4
      vertex 107.796 189.6 13.7999
    endloop
  endfacet
  facet normal 0 1 0
    outer loop
      vertex 107.793 189.6 13.8011
      vertex 104.5 189.6 4
      vertex 107.58 189.6 13.9064
    endloop
  endfacet
  facet normal 0 1 0
    outer loop
      vertex 107.382 189.6 14.0386
      vertex 104.5 189.6 4
      vertex 107.38 189.6 14.0401
    endloop
  endfacet
  facet normal 0 1 0
    outer loop
      vertex 107.378 189.6 14.0419
      vertex 104.5 189.6 4
      vertex 107.199 189.6 14.1988
    endloop
  endfacet
  facet normal 0 1 0
    outer loop
      vertex 107.042 189.6 14.3778
      vertex 104.5 189.6 4
      vertex 107.04 189.6 14.3798
    endloop
  endfacet
  facet normal 0 1 0
    outer loop
      vertex 106.723 189.6 15.0237
      vertex 104.5 189.6 4
      vertex 104.5 189.6 19.5
    endloop
  endfacet
  facet normal 0 1 0
    outer loop
      vertex 106.801 189.6 14.7934
      vertex 104.5 189.6 4
      vertex 106.8 189.6 14.7958
    endloop
  endfacet
  facet normal 0 1 0
    outer loop
      vertex 106.906 189.6 14.5799
      vertex 104.5 189.6 4
      vertex 106.801 189.6 14.7934
    endloop
  endfacet
  facet normal 0 1 0
    outer loop
      vertex 107.039 189.6 14.382
      vertex 104.5 189.6 4
      vertex 106.906 189.6 14.5799
    endloop
  endfacet
  facet normal 0 -1 0
    outer loop
      vertex 25.5 183.6 4
      vertex 33.5 183.6 19.5
      vertex 25.5 183.6 19.5
    endloop
  endfacet
  facet normal 0 -1 -0
    outer loop
      vertex 33.5 183.6 19.5
      vertex 25.5 183.6 4
      vertex 33.5 183.6 4
    endloop
  endfacet
  facet normal 1 -0 0
    outer loop
      vertex 112.5 183.6 19.5
      vertex 112.5 189.6 4
      vertex 112.5 189.6 19.5
    endloop
  endfacet
  facet normal 1 0 0
    outer loop
      vertex 112.5 189.6 4
      vertex 112.5 183.6 19.5
      vertex 112.5 183.6 4
    endloop
  endfacet
  facet normal -0 0 1
    outer loop
      vertex 104.5 189.6 19.5
      vertex 112.5 183.6 19.5
      vertex 112.5 189.6 19.5
    endloop
  endfacet
  facet normal 0 0 1
    outer loop
      vertex 112.5 183.6 19.5
      vertex 104.5 189.6 19.5
      vertex 104.5 183.6 19.5
    endloop
  endfacet
  facet normal -1 0 0
    outer loop
      vertex 104.5 183.6 4
      vertex 104.5 189.6 19.5
      vertex 104.5 189.6 4
    endloop
  endfacet
  facet normal -1 -0 0
    outer loop
      vertex 104.5 189.6 19.5
      vertex 104.5 183.6 4
      vertex 104.5 183.6 19.5
    endloop
  endfacet
  facet normal 0 -1 0
    outer loop
      vertex 104.5 183.6 4
      vertex 112.5 183.6 19.5
      vertex 104.5 183.6 19.5
    endloop
  endfacet
  facet normal 0 -1 -0
    outer loop
      vertex 112.5 183.6 19.5
      vertex 104.5 183.6 4
      vertex 112.5 183.6 4
    endloop
  endfacet
  facet normal 1 0 0
    outer loop
      vertex 81 169 7.39
      vertex 81 168.25 5.98
      vertex 81 169 4
    endloop
  endfacet
  facet normal 1 0 0
    outer loop
      vertex 81 169 7.39
      vertex 81 163.75 5.98
      vertex 81 168.25 5.98
    endloop
  endfacet
  facet normal 1 -0 0
    outer loop
      vertex 81 163 7.39
      vertex 81 163.75 5.98
      vertex 81 169 7.39
    endloop
  endfacet
  facet normal 1 0 0
    outer loop
      vertex 81 163 4
      vertex 81 163.75 5.98
      vertex 81 163 7.39
    endloop
  endfacet
  facet normal 1 0 0
    outer loop
      vertex 81 163.75 5.98
      vertex 81 163 4
      vertex 81 163.75 4
    endloop
  endfacet
  facet normal 1 0 0
    outer loop
      vertex 81 169 4
      vertex 81 168.25 5.98
      vertex 81 168.25 4
    endloop
  endfacet
  facet normal -0 0 1
    outer loop
      vertex 73 169 7.39
      vertex 81 163 7.39
      vertex 81 169 7.39
    endloop
  endfacet
  facet normal 0 0 1
    outer loop
      vertex 81 163 7.39
      vertex 73 169 7.39
      vertex 73 163 7.39
    endloop
  endfacet
  facet normal -1 0 0
    outer loop
      vertex 73 163.75 4
      vertex 73 163 4
      vertex 73 163.75 5.98
    endloop
  endfacet
  facet normal -1 0 0
    outer loop
      vertex 73 168.25 5.98
      vertex 73 169 4
      vertex 73 168.25 4
    endloop
  endfacet
  facet normal -1 0 0
    outer loop
      vertex 73 169 4
      vertex 73 168.25 5.98
      vertex 73 169 7.39
    endloop
  endfacet
  facet normal -1 0 0
    outer loop
      vertex 73 163.75 5.98
      vertex 73 169 7.39
      vertex 73 168.25 5.98
    endloop
  endfacet
  facet normal -1 0 0
    outer loop
      vertex 73 163.75 5.98
      vertex 73 163 7.39
      vertex 73 169 7.39
    endloop
  endfacet
  facet normal -1 0 0
    outer loop
      vertex 73 163 7.39
      vertex 73 163.75 5.98
      vertex 73 163 4
    endloop
  endfacet
  facet normal 0 1 -0
    outer loop
      vertex 81 169 4
      vertex 73 169 7.39
      vertex 81 169 7.39
    endloop
  endfacet
  facet normal 0 1 0
    outer loop
      vertex 73 169 7.39
      vertex 81 169 4
      vertex 73 169 4
    endloop
  endfacet
  facet normal 0 -1 0
    outer loop
      vertex 73 163 4
      vertex 81 163 7.39
      vertex 73 163 7.39
    endloop
  endfacet
  facet normal 0 -1 -0
    outer loop
      vertex 81 163 7.39
      vertex 73 163 4
      vertex 81 163 4
    endloop
  endfacet
  facet normal 0 0 -1
    outer loop
      vertex 73 163.75 5.98
      vertex 81 168.25 5.98
      vertex 81 163.75 5.98
    endloop
  endfacet
  facet normal -0 0 -1
    outer loop
      vertex 81 168.25 5.98
      vertex 73 163.75 5.98
      vertex 73 168.25 5.98
    endloop
  endfacet
  facet normal 0 -1 0
    outer loop
      vertex 73 168.25 4
      vertex 81 168.25 5.98
      vertex 73 168.25 5.98
    endloop
  endfacet
  facet normal 0 -1 -0
    outer loop
      vertex 81 168.25 5.98
      vertex 73 168.25 4
      vertex 81 168.25 4
    endloop
  endfacet
  facet normal 0 1 -0
    outer loop
      vertex 81 163.75 4
      vertex 73 163.75 5.98
      vertex 81 163.75 5.98
    endloop
  endfacet
  facet normal 0 1 0
    outer loop
      vertex 73 163.75 5.98
      vertex 81 163.75 4
      vertex 73 163.75 4
    endloop
  endfacet
  facet normal 1 0 0
    outer loop
      vertex 93.44 155.3 28.99
      vertex 93.44 156.9 32.09
      vertex 93.44 155.3 32.09
    endloop
  endfacet
  facet normal 1 0 0
    outer loop
      vertex 93.44 156.9 32.09
      vertex 93.44 155.3 28.99
      vertex 93.44 156.9 4
    endloop
  endfacet
  facet normal 1 0 0
    outer loop
      vertex 93.44 154.3 4
      vertex 93.44 155.3 28.99
      vertex 93.44 154.3 28.99
    endloop
  endfacet
  facet normal 1 0 0
    outer loop
      vertex 93.44 155.3 28.99
      vertex 93.44 154.3 4
      vertex 93.44 156.9 4
    endloop
  endfacet
  facet normal 1 0 0
    outer loop
      vertex 93.44 134.7 32.09
      vertex 93.44 133.1 32.09
      vertex 93.44 134.7 28.99
    endloop
  endfacet
  facet normal 1 -0 0
    outer loop
      vertex 93.44 134.7 28.99
      vertex 93.44 135.7 4
      vertex 93.44 135.7 28.99
    endloop
  endfacet
  facet normal 1 0 0
    outer loop
      vertex 93.44 133.1 4
      vertex 93.44 134.7 28.99
      vertex 93.44 133.1 32.09
    endloop
  endfacet
  facet normal 1 0 0
    outer loop
      vertex 93.44 134.7 28.99
      vertex 93.44 133.1 4
      vertex 93.44 135.7 4
    endloop
  endfacet
  facet normal -0 0 1
    outer loop
      vertex 86.7 156.9 32.09
      vertex 93.44 155.3 32.09
      vertex 93.44 156.9 32.09
    endloop
  endfacet
  facet normal 0 0 1
    outer loop
      vertex 93.44 155.3 32.09
      vertex 86.7 156.9 32.09
      vertex 86.7 155.3 32.09
    endloop
  endfacet
  facet normal -0 0 1
    outer loop
      vertex 86.7 134.7 32.09
      vertex 93.44 133.1 32.09
      vertex 93.44 134.7 32.09
    endloop
  endfacet
  facet normal 0 0 1
    outer loop
      vertex 93.44 133.1 32.09
      vertex 86.7 134.7 32.09
      vertex 86.7 133.1 32.09
    endloop
  endfacet
  facet normal -1 0 0
    outer loop
      vertex 82.1 133.1 4
      vertex 82.1 156.9 30.9
      vertex 82.1 156.9 4
    endloop
  endfacet
  facet normal -1 -0 0
    outer loop
      vertex 82.1 156.9 30.9
      vertex 82.1 133.1 4
      vertex 82.1 133.1 30.9
    endloop
  endfacet
  facet normal 0 1 -0
    outer loop
      vertex 93.44 156.9 4
      vertex 86.7 156.9 32.09
      vertex 93.44 156.9 32.09
    endloop
  endfacet
  facet normal 0 1 0
    outer loop
      vertex 86.7 156.9 32.09
      vertex 93.44 156.9 4
      vertex 82.1 156.9 30.9
    endloop
  endfacet
  facet normal 0 1 0
    outer loop
      vertex 82.1 156.9 30.9
      vertex 93.44 156.9 4
      vertex 82.1 156.9 4
    endloop
  endfacet
  facet normal 0 1 -0
    outer loop
      vertex 86.7 156.9 32.09
      vertex 82.1 156.9 33.9
      vertex 86.7 156.9 33.9
    endloop
  endfacet
  facet normal 0 1 0
    outer loop
      vertex 82.1 156.9 33.9
      vertex 86.7 156.9 32.09
      vertex 82.1 156.9 30.9
    endloop
  endfacet
  facet normal 0 -1 0
    outer loop
      vertex 82.1 133.1 30.9
      vertex 82.1 133.1 4
      vertex 86.7 133.1 30.9
    endloop
  endfacet
  facet normal 0 -1 0
    outer loop
      vertex 86.7 133.1 30.9
      vertex 93.44 133.1 32.09
      vertex 86.7 133.1 32.09
    endloop
  endfacet
  facet normal 0 -1 0
    outer loop
      vertex 93.44 133.1 4
      vertex 86.7 133.1 30.9
      vertex 82.1 133.1 4
    endloop
  endfacet
  facet normal 0 -1 0
    outer loop
      vertex 86.7 133.1 30.9
      vertex 93.44 133.1 4
      vertex 93.44 133.1 32.09
    endloop
  endfacet
  facet normal 0 0 1
    outer loop
      vertex 93.44 155.3 28.99
      vertex 84.7 154.3 28.99
      vertex 93.44 154.3 28.99
    endloop
  endfacet
  facet normal 0 0 1
    outer loop
      vertex 84.7 154.3 28.99
      vertex 83.7 155.3 28.99
      vertex 84.7 135.7 28.99
    endloop
  endfacet
  facet normal -0 0 1
    outer loop
      vertex 83.7 155.3 28.99
      vertex 84.7 154.3 28.99
      vertex 93.44 155.3 28.99
    endloop
  endfacet
  facet normal -0 0 1
    outer loop
      vertex 84.7 135.7 28.99
      vertex 93.44 134.7 28.99
      vertex 93.44 135.7 28.99
    endloop
  endfacet
  facet normal 0 0 1
    outer loop
      vertex 84.7 135.7 28.99
      vertex 83.7 134.7 28.99
      vertex 93.44 134.7 28.99
    endloop
  endfacet
  facet normal 0 0 1
    outer loop
      vertex 83.7 134.7 28.99
      vertex 84.7 135.7 28.99
      vertex 83.7 155.3 28.99
    endloop
  endfacet
  facet normal 1 -0 0
    outer loop
      vertex 83.7 134.7 30.9
      vertex 83.7 155.3 28.99
      vertex 83.7 155.3 30.9
    endloop
  endfacet
  facet normal 1 0 0
    outer loop
      vertex 83.7 155.3 28.99
      vertex 83.7 134.7 30.9
      vertex 83.7 134.7 28.99
    endloop
  endfacet
  facet normal 0 -1 0
    outer loop
      vertex 83.7 155.3 30.9
      vertex 83.7 155.3 28.99
      vertex 86.7 155.3 30.9
    endloop
  endfacet
  facet normal 0 -1 0
    outer loop
      vertex 86.7 155.3 30.9
      vertex 93.44 155.3 32.09
      vertex 86.7 155.3 32.09
    endloop
  endfacet
  facet normal 0 -1 0
    outer loop
      vertex 93.44 155.3 28.99
      vertex 86.7 155.3 30.9
      vertex 83.7 155.3 28.99
    endloop
  endfacet
  facet normal 0 -1 0
    outer loop
      vertex 86.7 155.3 30.9
      vertex 93.44 155.3 28.99
      vertex 93.44 155.3 32.09
    endloop
  endfacet
  facet normal 0 1 0
    outer loop
      vertex 93.44 134.7 32.09
      vertex 86.7 134.7 30.9
      vertex 86.7 134.7 32.09
    endloop
  endfacet
  facet normal 0 1 -0
    outer loop
      vertex 93.44 134.7 28.99
      vertex 86.7 134.7 30.9
      vertex 93.44 134.7 32.09
    endloop
  endfacet
  facet normal 0 1 0
    outer loop
      vertex 83.7 134.7 28.99
      vertex 86.7 134.7 30.9
      vertex 93.44 134.7 28.99
    endloop
  endfacet
  facet normal 0 1 0
    outer loop
      vertex 86.7 134.7 30.9
      vertex 83.7 134.7 28.99
      vertex 83.7 134.7 30.9
    endloop
  endfacet
  facet normal 1 -0 0
    outer loop
      vertex 84.7 135.7 28.99
      vertex 84.7 154.3 4
      vertex 84.7 154.3 28.99
    endloop
  endfacet
  facet normal 1 0 0
    outer loop
      vertex 84.7 154.3 4
      vertex 84.7 135.7 28.99
      vertex 84.7 135.7 4
    endloop
  endfacet
  facet normal 0 -1 0
    outer loop
      vertex 84.7 154.3 4
      vertex 93.44 154.3 28.99
      vertex 84.7 154.3 28.99
    endloop
  endfacet
  facet normal 0 -1 -0
    outer loop
      vertex 93.44 154.3 28.99
      vertex 84.7 154.3 4
      vertex 93.44 154.3 4
    endloop
  endfacet
  facet normal 0 1 -0
    outer loop
      vertex 93.44 135.7 4
      vertex 84.7 135.7 28.99
      vertex 93.44 135.7 28.99
    endloop
  endfacet
  facet normal 0 1 0
    outer loop
      vertex 84.7 135.7 28.99
      vertex 93.44 135.7 4
      vertex 84.7 135.7 4
    endloop
  endfacet
  facet normal 1 0 0
    outer loop
      vertex 86.7 156.9 33.9
      vertex 86.7 155.3 32.09
      vertex 86.7 156.9 32.09
    endloop
  endfacet
  facet normal 1 0 0
    outer loop
      vertex 86.7 155.3 32.09
      vertex 86.7 134.7 32.09
      vertex 86.7 155.3 30.9
    endloop
  endfacet
  facet normal 1 0 0
    outer loop
      vertex 86.7 156.9 33.9
      vertex 86.7 134.7 32.09
      vertex 86.7 155.3 32.09
    endloop
  endfacet
  facet normal 1 -0 0
    outer loop
      vertex 86.7 133.1 33.9
      vertex 86.7 134.7 32.09
      vertex 86.7 156.9 33.9
    endloop
  endfacet
  facet normal 1 0 0
    outer loop
      vertex 86.7 134.7 32.09
      vertex 86.7 133.1 33.9
      vertex 86.7 133.1 32.09
    endloop
  endfacet
  facet normal 1 0 0
    outer loop
      vertex 86.7 155.3 30.9
      vertex 86.7 134.7 32.09
      vertex 86.7 134.7 30.9
    endloop
  endfacet
  facet normal -0 0 0
    outer loop
      vertex 86.7 133.1 32.09
      vertex 86.7 133.1 33.9
      vertex 86.7 133.1 30.9
    endloop
  endfacet
  facet normal -0 0 1
    outer loop
      vertex 82.1 156.9 33.9
      vertex 86.7 133.1 33.9
      vertex 86.7 156.9 33.9
    endloop
  endfacet
  facet normal 0 0 1
    outer loop
      vertex 86.7 133.1 33.9
      vertex 82.1 156.9 33.9
      vertex 82.1 133.1 33.9
    endloop
  endfacet
  facet normal 0 0 -1
    outer loop
      vertex 83.7 134.7 30.9
      vertex 86.7 155.3 30.9
      vertex 86.7 134.7 30.9
    endloop
  endfacet
  facet normal -0 0 -1
    outer loop
      vertex 86.7 155.3 30.9
      vertex 83.7 134.7 30.9
      vertex 83.7 155.3 30.9
    endloop
  endfacet
  facet normal -1 0 0
    outer loop
      vertex 82.1 133.1 30.9
      vertex 82.1 156.9 33.9
      vertex 82.1 156.9 30.9
    endloop
  endfacet
  facet normal -1 -0 0
    outer loop
      vertex 82.1 156.9 33.9
      vertex 82.1 133.1 30.9
      vertex 82.1 133.1 33.9
    endloop
  endfacet
  facet normal 0 -1 0
    outer loop
      vertex 82.1 133.1 30.9
      vertex 86.7 133.1 33.9
      vertex 82.1 133.1 33.9
    endloop
  endfacet
  facet normal 0 -1 -0
    outer loop
      vertex 86.7 133.1 33.9
      vertex 82.1 133.1 30.9
      vertex 86.7 133.1 30.9
    endloop
  endfacet
  facet normal 0 1 0
    outer loop
      vertex 72 123.4 7.39
      vertex 71.25 123.4 5.98
      vertex 66 123.4 7.39
    endloop
  endfacet
  facet normal 0 1 -0
    outer loop
      vertex 72 123.4 4
      vertex 71.25 123.4 5.98
      vertex 72 123.4 7.39
    endloop
  endfacet
  facet normal 0 1 0
    outer loop
      vertex 71.25 123.4 5.98
      vertex 72 123.4 4
      vertex 71.25 123.4 4
    endloop
  endfacet
  facet normal 0 1 -0
    outer loop
      vertex 66.75 123.4 5.98
      vertex 66 123.4 7.39
      vertex 71.25 123.4 5.98
    endloop
  endfacet
  facet normal 0 1 0
    outer loop
      vertex 66 123.4 4
      vertex 66.75 123.4 5.98
      vertex 66.75 123.4 4
    endloop
  endfacet
  facet normal 0 1 0
    outer loop
      vertex 66.75 123.4 5.98
      vertex 66 123.4 4
      vertex 66 123.4 7.39
    endloop
  endfacet
  facet normal -0 0 1
    outer loop
      vertex 66 123.4 7.39
      vertex 72 115.4 7.39
      vertex 72 123.4 7.39
    endloop
  endfacet
  facet normal 0 0 1
    outer loop
      vertex 72 115.4 7.39
      vertex 66 123.4 7.39
      vertex 66 115.4 7.39
    endloop
  endfacet
  facet normal 0 -1 0
    outer loop
      vertex 66 115.4 7.39
      vertex 66.75 115.4 5.98
      vertex 72 115.4 7.39
    endloop
  endfacet
  facet normal 0 -1 0
    outer loop
      vertex 66 115.4 4
      vertex 66.75 115.4 5.98
      vertex 66 115.4 7.39
    endloop
  endfacet
  facet normal 0 -1 -0
    outer loop
      vertex 66.75 115.4 5.98
      vertex 66 115.4 4
      vertex 66.75 115.4 4
    endloop
  endfacet
  facet normal 0 -1 0
    outer loop
      vertex 71.25 115.4 5.98
      vertex 72 115.4 7.39
      vertex 66.75 115.4 5.98
    endloop
  endfacet
  facet normal 0 -1 0
    outer loop
      vertex 72 115.4 4
      vertex 71.25 115.4 5.98
      vertex 71.25 115.4 4
    endloop
  endfacet
  facet normal 0 -1 0
    outer loop
      vertex 71.25 115.4 5.98
      vertex 72 115.4 4
      vertex 72 115.4 7.39
    endloop
  endfacet
  facet normal -1 0 0
    outer loop
      vertex 66 115.4 4
      vertex 66 123.4 7.39
      vertex 66 123.4 4
    endloop
  endfacet
  facet normal -1 -0 0
    outer loop
      vertex 66 123.4 7.39
      vertex 66 115.4 4
      vertex 66 115.4 7.39
    endloop
  endfacet
  facet normal 1 -0 0
    outer loop
      vertex 72 115.4 7.39
      vertex 72 123.4 4
      vertex 72 123.4 7.39
    endloop
  endfacet
  facet normal 1 0 0
    outer loop
      vertex 72 123.4 4
      vertex 72 115.4 7.39
      vertex 72 115.4 4
    endloop
  endfacet
  facet normal 0 0 -1
    outer loop
      vertex 66.75 115.4 5.98
      vertex 71.25 123.4 5.98
      vertex 71.25 115.4 5.98
    endloop
  endfacet
  facet normal -0 0 -1
    outer loop
      vertex 71.25 123.4 5.98
      vertex 66.75 115.4 5.98
      vertex 66.75 123.4 5.98
    endloop
  endfacet
  facet normal 1 -0 0
    outer loop
      vertex 66.75 115.4 5.98
      vertex 66.75 123.4 4
      vertex 66.75 123.4 5.98
    endloop
  endfacet
  facet normal 1 0 0
    outer loop
      vertex 66.75 123.4 4
      vertex 66.75 115.4 5.98
      vertex 66.75 115.4 4
    endloop
  endfacet
  facet normal -1 0 0
    outer loop
      vertex 71.25 115.4 4
      vertex 71.25 123.4 5.98
      vertex 71.25 123.4 4
    endloop
  endfacet
  facet normal -1 -0 0
    outer loop
      vertex 71.25 123.4 5.98
      vertex 71.25 115.4 4
      vertex 71.25 115.4 5.98
    endloop
  endfacet
  facet normal -1 0 0
    outer loop
      vertex 18.6 114.4 0
      vertex 18.6 185.6 4
      vertex 18.6 185.6 0
    endloop
  endfacet
  facet normal -1 -0 0
    outer loop
      vertex 18.6 185.6 4
      vertex 18.6 114.4 0
      vertex 18.6 114.4 4
    endloop
  endfacet
  facet normal 0.997886 0.0649964 0
    outer loop
      vertex 135.4 185.6 4
      vertex 135.366 186.122 0
      vertex 135.366 186.122 4
    endloop
  endfacet
  facet normal 0.997886 0.0649964 0
    outer loop
      vertex 135.366 186.122 0
      vertex 135.4 185.6 4
      vertex 135.4 185.6 0
    endloop
  endfacet
  facet normal 0.980801 0.195013 0
    outer loop
      vertex 135.366 186.122 4
      vertex 135.264 186.635 0
      vertex 135.264 186.635 4
    endloop
  endfacet
  facet normal 0.980801 0.195013 0
    outer loop
      vertex 135.264 186.635 0
      vertex 135.366 186.122 4
      vertex 135.366 186.122 0
    endloop
  endfacet
  facet normal -0.19494 0.980815 0
    outer loop
      vertex 22.0779 189.566 0
      vertex 21.5647 189.464 4
      vertex 22.0779 189.566 4
    endloop
  endfacet
  facet normal -0.19494 0.980815 0
    outer loop
      vertex 21.5647 189.464 4
      vertex 22.0779 189.566 0
      vertex 21.5647 189.464 0
    endloop
  endfacet
  facet normal -0.443159 0.896443 0
    outer loop
      vertex 21.0693 189.296 0
      vertex 20.6 189.064 4
      vertex 21.0693 189.296 4
    endloop
  endfacet
  facet normal -0.443159 0.896443 0
    outer loop
      vertex 20.6 189.064 4
      vertex 21.0693 189.296 0
      vertex 20.6 189.064 0
    endloop
  endfacet
  facet normal -0.443159 -0.896443 0
    outer loop
      vertex 20.6 110.936 0
      vertex 21.0693 110.704 4
      vertex 20.6 110.936 4
    endloop
  endfacet
  facet normal -0.443159 -0.896443 -0
    outer loop
      vertex 21.0693 110.704 4
      vertex 20.6 110.936 0
      vertex 21.0693 110.704 0
    endloop
  endfacet
  facet normal -0.997861 -0.0653771 0
    outer loop
      vertex 18.6342 113.878 0
      vertex 18.6 114.4 4
      vertex 18.6 114.4 0
    endloop
  endfacet
  facet normal -0.997861 -0.0653771 0
    outer loop
      vertex 18.6 114.4 4
      vertex 18.6342 113.878 0
      vertex 18.6342 113.878 4
    endloop
  endfacet
  facet normal -0.659343 0.751842 0
    outer loop
      vertex 20.165 188.773 0
      vertex 19.7716 188.428 4
      vertex 20.165 188.773 4
    endloop
  endfacet
  facet normal -0.659343 0.751842 0
    outer loop
      vertex 19.7716 188.428 4
      vertex 20.165 188.773 0
      vertex 19.7716 188.428 0
    endloop
  endfacet
  facet normal -0.75151 -0.659722 0
    outer loop
      vertex 19.7716 111.572 0
      vertex 19.4266 111.965 4
      vertex 19.4266 111.965 0
    endloop
  endfacet
  facet normal -0.75151 -0.659722 0
    outer loop
      vertex 19.4266 111.965 4
      vertex 19.7716 111.572 0
      vertex 19.7716 111.572 4
    endloop
  endfacet
  facet normal 0.443387 -0.89633 0
    outer loop
      vertex 132.931 110.704 0
      vertex 133.4 110.936 4
      vertex 132.931 110.704 4
    endloop
  endfacet
  facet normal 0.443387 -0.89633 0
    outer loop
      vertex 133.4 110.936 4
      vertex 132.931 110.704 0
      vertex 133.4 110.936 0
    endloop
  endfacet
  facet normal 0.89633 -0.443387 0
    outer loop
      vertex 134.864 112.4 4
      vertex 135.096 112.869 0
      vertex 135.096 112.869 4
    endloop
  endfacet
  facet normal 0.89633 -0.443387 0
    outer loop
      vertex 135.096 112.869 0
      vertex 134.864 112.4 4
      vertex 134.864 112.4 0
    endloop
  endfacet
  facet normal -0.997861 0.0653771 0
    outer loop
      vertex 18.6 185.6 0
      vertex 18.6342 186.122 4
      vertex 18.6342 186.122 0
    endloop
  endfacet
  facet normal -0.997861 0.0653771 0
    outer loop
      vertex 18.6342 186.122 4
      vertex 18.6 185.6 0
      vertex 18.6 185.6 4
    endloop
  endfacet
  facet normal 1 -0 0
    outer loop
      vertex 135.4 114.4 4
      vertex 135.4 185.6 0
      vertex 135.4 185.6 4
    endloop
  endfacet
  facet normal 1 0 0
    outer loop
      vertex 135.4 185.6 0
      vertex 135.4 114.4 4
      vertex 135.4 114.4 0
    endloop
  endfacet
  facet normal 0 -1 0
    outer loop
      vertex 22.6 110.4 0
      vertex 131.4 110.4 4
      vertex 22.6 110.4 4
    endloop
  endfacet
  facet normal 0 -1 -0
    outer loop
      vertex 131.4 110.4 4
      vertex 22.6 110.4 0
      vertex 131.4 110.4 0
    endloop
  endfacet
  facet normal -0.321156 0.947026 0
    outer loop
      vertex 21.5647 189.464 0
      vertex 21.0693 189.296 4
      vertex 21.5647 189.464 4
    endloop
  endfacet
  facet normal -0.321156 0.947026 0
    outer loop
      vertex 21.0693 189.296 4
      vertex 21.5647 189.464 0
      vertex 21.0693 189.296 0
    endloop
  endfacet
  facet normal 0.556022 -0.831167 0
    outer loop
      vertex 133.4 110.936 0
      vertex 133.835 111.227 4
      vertex 133.4 110.936 4
    endloop
  endfacet
  facet normal 0.556022 -0.831167 0
    outer loop
      vertex 133.835 111.227 4
      vertex 133.4 110.936 0
      vertex 133.835 111.227 0
    endloop
  endfacet
  facet normal 0.195013 0.980801 -0
    outer loop
      vertex 132.435 189.464 0
      vertex 131.922 189.566 4
      vertex 132.435 189.464 4
    endloop
  endfacet
  facet normal 0.195013 0.980801 0
    outer loop
      vertex 131.922 189.566 4
      vertex 132.435 189.464 0
      vertex 131.922 189.566 0
    endloop
  endfacet
  facet normal 0.831167 -0.556022 0
    outer loop
      vertex 134.573 111.965 4
      vertex 134.864 112.4 0
      vertex 134.864 112.4 4
    endloop
  endfacet
  facet normal 0.831167 -0.556022 0
    outer loop
      vertex 134.864 112.4 0
      vertex 134.573 111.965 4
      vertex 134.573 111.965 0
    endloop
  endfacet
  facet normal -0.556022 0.831167 0
    outer loop
      vertex 20.6 189.064 0
      vertex 20.165 188.773 4
      vertex 20.6 189.064 4
    endloop
  endfacet
  facet normal -0.556022 0.831167 0
    outer loop
      vertex 20.165 188.773 4
      vertex 20.6 189.064 0
      vertex 20.165 188.773 0
    endloop
  endfacet
  facet normal -0.896786 0.442465 0
    outer loop
      vertex 18.9045 187.131 0
      vertex 19.1359 187.6 4
      vertex 19.1359 187.6 0
    endloop
  endfacet
  facet normal -0.896786 0.442465 0
    outer loop
      vertex 19.1359 187.6 4
      vertex 18.9045 187.131 0
      vertex 18.9045 187.131 4
    endloop
  endfacet
  facet normal 0.443387 0.89633 -0
    outer loop
      vertex 133.4 189.064 0
      vertex 132.931 189.296 4
      vertex 133.4 189.064 4
    endloop
  endfacet
  facet normal 0.443387 0.89633 0
    outer loop
      vertex 132.931 189.296 4
      vertex 133.4 189.064 0
      vertex 132.931 189.296 0
    endloop
  endfacet
  facet normal 0.0649964 -0.997886 0
    outer loop
      vertex 131.4 110.4 0
      vertex 131.922 110.434 4
      vertex 131.4 110.4 4
    endloop
  endfacet
  facet normal 0.0649964 -0.997886 0
    outer loop
      vertex 131.922 110.434 4
      vertex 131.4 110.4 0
      vertex 131.922 110.434 0
    endloop
  endfacet
  facet normal -0.896786 -0.442465 0
    outer loop
      vertex 19.1359 112.4 0
      vertex 18.9045 112.869 4
      vertex 18.9045 112.869 0
    endloop
  endfacet
  facet normal -0.896786 -0.442465 0
    outer loop
      vertex 18.9045 112.869 4
      vertex 19.1359 112.4 0
      vertex 19.1359 112.4 4
    endloop
  endfacet
  facet normal 0.320807 -0.947145 0
    outer loop
      vertex 132.435 110.536 0
      vertex 132.931 110.704 4
      vertex 132.435 110.536 4
    endloop
  endfacet
  facet normal 0.320807 -0.947145 0
    outer loop
      vertex 132.931 110.704 4
      vertex 132.435 110.536 0
      vertex 132.931 110.704 0
    endloop
  endfacet
  facet normal -0.659343 -0.751842 0
    outer loop
      vertex 19.7716 111.572 0
      vertex 20.165 111.227 4
      vertex 19.7716 111.572 4
    endloop
  endfacet
  facet normal -0.659343 -0.751842 -0
    outer loop
      vertex 20.165 111.227 4
      vertex 19.7716 111.572 0
      vertex 20.165 111.227 0
    endloop
  endfacet
  facet normal -0.831432 -0.555626 0
    outer loop
      vertex 19.4266 111.965 0
      vertex 19.1359 112.4 4
      vertex 19.1359 112.4 0
    endloop
  endfacet
  facet normal -0.831432 -0.555626 0
    outer loop
      vertex 19.1359 112.4 4
      vertex 19.4266 111.965 0
      vertex 19.4266 111.965 4
    endloop
  endfacet
  facet normal -0.980764 -0.195197 0
    outer loop
      vertex 18.7363 113.365 0
      vertex 18.6342 113.878 4
      vertex 18.6342 113.878 0
    endloop
  endfacet
  facet normal -0.980764 -0.195197 0
    outer loop
      vertex 18.6342 113.878 4
      vertex 18.7363 113.365 0
      vertex 18.7363 113.365 4
    endloop
  endfacet
  facet normal 0.947145 0.320807 0
    outer loop
      vertex 135.264 186.635 4
      vertex 135.096 187.131 0
      vertex 135.096 187.131 4
    endloop
  endfacet
  facet normal 0.947145 0.320807 0
    outer loop
      vertex 135.096 187.131 0
      vertex 135.264 186.635 4
      vertex 135.264 186.635 0
    endloop
  endfacet
  facet normal -0.064984 0.997886 0
    outer loop
      vertex 22.6 189.6 0
      vertex 22.0779 189.566 4
      vertex 22.6 189.6 4
    endloop
  endfacet
  facet normal -0.064984 0.997886 0
    outer loop
      vertex 22.0779 189.566 4
      vertex 22.6 189.6 0
      vertex 22.0779 189.566 0
    endloop
  endfacet
  facet normal -0.321156 -0.947026 0
    outer loop
      vertex 21.0693 110.704 0
      vertex 21.5647 110.536 4
      vertex 21.0693 110.704 4
    endloop
  endfacet
  facet normal -0.321156 -0.947026 -0
    outer loop
      vertex 21.5647 110.536 4
      vertex 21.0693 110.704 0
      vertex 21.5647 110.536 0
    endloop
  endfacet
  facet normal -0.947028 -0.32115 0
    outer loop
      vertex 18.9045 112.869 0
      vertex 18.7363 113.365 4
      vertex 18.7363 113.365 0
    endloop
  endfacet
  facet normal -0.947028 -0.32115 0
    outer loop
      vertex 18.7363 113.365 4
      vertex 18.9045 112.869 0
      vertex 18.9045 112.869 4
    endloop
  endfacet
  facet normal 0.75151 0.659722 0
    outer loop
      vertex 134.573 188.035 4
      vertex 134.228 188.428 0
      vertex 134.228 188.428 4
    endloop
  endfacet
  facet normal 0.75151 0.659722 0
    outer loop
      vertex 134.228 188.428 0
      vertex 134.573 188.035 4
      vertex 134.573 188.035 0
    endloop
  endfacet
  facet normal -0.19494 -0.980815 0
    outer loop
      vertex 21.5647 110.536 0
      vertex 22.0779 110.434 4
      vertex 21.5647 110.536 4
    endloop
  endfacet
  facet normal -0.19494 -0.980815 -0
    outer loop
      vertex 22.0779 110.434 4
      vertex 21.5647 110.536 0
      vertex 22.0779 110.434 0
    endloop
  endfacet
  facet normal 0.320807 0.947145 -0
    outer loop
      vertex 132.931 189.296 0
      vertex 132.435 189.464 4
      vertex 132.931 189.296 4
    endloop
  endfacet
  facet normal 0.320807 0.947145 0
    outer loop
      vertex 132.435 189.464 4
      vertex 132.931 189.296 0
      vertex 132.435 189.464 0
    endloop
  endfacet
  facet normal 0.556022 0.831167 -0
    outer loop
      vertex 133.835 188.773 0
      vertex 133.4 189.064 4
      vertex 133.835 188.773 4
    endloop
  endfacet
  facet normal 0.556022 0.831167 0
    outer loop
      vertex 133.4 189.064 4
      vertex 133.835 188.773 0
      vertex 133.4 189.064 0
    endloop
  endfacet
  facet normal -0.980764 0.195197 0
    outer loop
      vertex 18.6342 186.122 0
      vertex 18.7363 186.635 4
      vertex 18.7363 186.635 0
    endloop
  endfacet
  facet normal -0.980764 0.195197 0
    outer loop
      vertex 18.7363 186.635 4
      vertex 18.6342 186.122 0
      vertex 18.6342 186.122 4
    endloop
  endfacet
  facet normal 0.195013 -0.980801 0
    outer loop
      vertex 131.922 110.434 0
      vertex 132.435 110.536 4
      vertex 131.922 110.434 4
    endloop
  endfacet
  facet normal 0.195013 -0.980801 0
    outer loop
      vertex 132.435 110.536 4
      vertex 131.922 110.434 0
      vertex 132.435 110.536 0
    endloop
  endfacet
  facet normal -0.831432 0.555626 0
    outer loop
      vertex 19.1359 187.6 0
      vertex 19.4266 188.035 4
      vertex 19.4266 188.035 0
    endloop
  endfacet
  facet normal -0.831432 0.555626 0
    outer loop
      vertex 19.4266 188.035 4
      vertex 19.1359 187.6 0
      vertex 19.1359 187.6 4
    endloop
  endfacet
  facet normal -0.947028 0.32115 0
    outer loop
      vertex 18.7363 186.635 0
      vertex 18.9045 187.131 4
      vertex 18.9045 187.131 0
    endloop
  endfacet
  facet normal -0.947028 0.32115 0
    outer loop
      vertex 18.9045 187.131 4
      vertex 18.7363 186.635 0
      vertex 18.7363 186.635 4
    endloop
  endfacet
  facet normal -0.75151 0.659722 0
    outer loop
      vertex 19.4266 188.035 0
      vertex 19.7716 188.428 4
      vertex 19.7716 188.428 0
    endloop
  endfacet
  facet normal -0.75151 0.659722 0
    outer loop
      vertex 19.7716 188.428 4
      vertex 19.4266 188.035 0
      vertex 19.4266 188.035 4
    endloop
  endfacet
  facet normal 0.75151 -0.659722 0
    outer loop
      vertex 134.228 111.572 4
      vertex 134.573 111.965 0
      vertex 134.573 111.965 4
    endloop
  endfacet
  facet normal 0.75151 -0.659722 0
    outer loop
      vertex 134.573 111.965 0
      vertex 134.228 111.572 4
      vertex 134.228 111.572 0
    endloop
  endfacet
  facet normal 0.0649964 0.997886 -0
    outer loop
      vertex 131.922 189.566 0
      vertex 131.4 189.6 4
      vertex 131.922 189.566 4
    endloop
  endfacet
  facet normal 0.0649964 0.997886 0
    outer loop
      vertex 131.4 189.6 4
      vertex 131.922 189.566 0
      vertex 131.4 189.6 0
    endloop
  endfacet
  facet normal 0.659722 -0.75151 0
    outer loop
      vertex 133.835 111.227 0
      vertex 134.228 111.572 4
      vertex 133.835 111.227 4
    endloop
  endfacet
  facet normal 0.659722 -0.75151 0
    outer loop
      vertex 134.228 111.572 4
      vertex 133.835 111.227 0
      vertex 134.228 111.572 0
    endloop
  endfacet
  facet normal 0.89633 0.443387 0
    outer loop
      vertex 135.096 187.131 4
      vertex 134.864 187.6 0
      vertex 134.864 187.6 4
    endloop
  endfacet
  facet normal 0.89633 0.443387 0
    outer loop
      vertex 134.864 187.6 0
      vertex 135.096 187.131 4
      vertex 135.096 187.131 0
    endloop
  endfacet
  facet normal 0.980801 -0.195013 0
    outer loop
      vertex 135.264 113.365 4
      vertex 135.366 113.878 0
      vertex 135.366 113.878 4
    endloop
  endfacet
  facet normal 0.980801 -0.195013 0
    outer loop
      vertex 135.366 113.878 0
      vertex 135.264 113.365 4
      vertex 135.264 113.365 0
    endloop
  endfacet
  facet normal -0.064984 -0.997886 0
    outer loop
      vertex 22.0779 110.434 0
      vertex 22.6 110.4 4
      vertex 22.0779 110.434 4
    endloop
  endfacet
  facet normal -0.064984 -0.997886 -0
    outer loop
      vertex 22.6 110.4 4
      vertex 22.0779 110.434 0
      vertex 22.6 110.4 0
    endloop
  endfacet
  facet normal 0.831167 0.556022 0
    outer loop
      vertex 134.864 187.6 4
      vertex 134.573 188.035 0
      vertex 134.573 188.035 4
    endloop
  endfacet
  facet normal 0.831167 0.556022 0
    outer loop
      vertex 134.573 188.035 0
      vertex 134.864 187.6 4
      vertex 134.864 187.6 0
    endloop
  endfacet
  facet normal 0.659722 0.75151 -0
    outer loop
      vertex 134.228 188.428 0
      vertex 133.835 188.773 4
      vertex 134.228 188.428 4
    endloop
  endfacet
  facet normal 0.659722 0.75151 0
    outer loop
      vertex 133.835 188.773 4
      vertex 134.228 188.428 0
      vertex 133.835 188.773 0
    endloop
  endfacet
  facet normal -0.556022 -0.831167 0
    outer loop
      vertex 20.165 111.227 0
      vertex 20.6 110.936 4
      vertex 20.165 111.227 4
    endloop
  endfacet
  facet normal -0.556022 -0.831167 -0
    outer loop
      vertex 20.6 110.936 4
      vertex 20.165 111.227 0
      vertex 20.6 110.936 0
    endloop
  endfacet
  facet normal 0.997886 -0.0649964 0
    outer loop
      vertex 135.366 113.878 4
      vertex 135.4 114.4 0
      vertex 135.4 114.4 4
    endloop
  endfacet
  facet normal 0.997886 -0.0649964 0
    outer loop
      vertex 135.4 114.4 0
      vertex 135.366 113.878 4
      vertex 135.366 113.878 0
    endloop
  endfacet
  facet normal 0 0 1
    outer loop
      vertex 23.9487 180.565 4
      vertex 33.5 183.6 4
      vertex 24.0722 180.75 4
    endloop
  endfacet
  facet normal 0 0 1
    outer loop
      vertex 39.9 119.105 4
      vertex 24.2855 118.622 4
      vertex 24.3 118.4 4
    endloop
  endfacet
  facet normal 0 0 1
    outer loop
      vertex 23.8021 180.398 4
      vertex 33.5 183.6 4
      vertex 23.9487 180.565 4
    endloop
  endfacet
  facet normal 0 0 1
    outer loop
      vertex 39.9 119.105 4
      vertex 24.2421 118.84 4
      vertex 24.2855 118.622 4
    endloop
  endfacet
  facet normal 0 0 1
    outer loop
      vertex 23.6349 180.251 4
      vertex 33.5 183.6 4
      vertex 23.8021 180.398 4
    endloop
  endfacet
  facet normal 0 0 1
    outer loop
      vertex 39.9 119.105 4
      vertex 24.1706 119.051 4
      vertex 24.2421 118.84 4
    endloop
  endfacet
  facet normal 0 0 1
    outer loop
      vertex 23.45 180.128 4
      vertex 33.5 183.6 4
      vertex 23.6349 180.251 4
    endloop
  endfacet
  facet normal 0 0 1
    outer loop
      vertex 39.9 119.105 4
      vertex 24.0722 119.25 4
      vertex 24.1706 119.051 4
    endloop
  endfacet
  facet normal 0 0 1
    outer loop
      vertex 33.5 183.6 4
      vertex 23.45 180.128 4
      vertex 45.6283 182.413 4
    endloop
  endfacet
  facet normal 0 0 1
    outer loop
      vertex 39.9 119.105 4
      vertex 23.9487 119.435 4
      vertex 24.0722 119.25 4
    endloop
  endfacet
  facet normal 0 0 1
    outer loop
      vertex 45.6283 182.413 4
      vertex 23.45 180.128 4
      vertex 40.4453 119.214 4
    endloop
  endfacet
  facet normal 0 0 1
    outer loop
      vertex 39.9 119.105 4
      vertex 23.8021 119.602 4
      vertex 23.9487 119.435 4
    endloop
  endfacet
  facet normal -0 0 1
    outer loop
      vertex 23.2506 180.029 4
      vertex 40.4453 119.214 4
      vertex 23.45 180.128 4
    endloop
  endfacet
  facet normal 0 0 1
    outer loop
      vertex 39.9 119.105 4
      vertex 23.6349 119.749 4
      vertex 23.8021 119.602 4
    endloop
  endfacet
  facet normal 0 0 1
    outer loop
      vertex 40.4453 119.214 4
      vertex 23.2506 180.029 4
      vertex 39.9 119.105 4
    endloop
  endfacet
  facet normal 0 0 1
    outer loop
      vertex 39.9 119.105 4
      vertex 23.45 119.872 4
      vertex 23.6349 119.749 4
    endloop
  endfacet
  facet normal -0 0 1
    outer loop
      vertex 23.2506 119.971 4
      vertex 39.9 119.105 4
      vertex 23.2506 180.029 4
    endloop
  endfacet
  facet normal 0 0 1
    outer loop
      vertex 39.9 119.105 4
      vertex 23.2506 119.971 4
      vertex 23.45 119.872 4
    endloop
  endfacet
  facet normal -0 0 1
    outer loop
      vertex 23.04 179.958 4
      vertex 23.2506 119.971 4
      vertex 23.2506 180.029 4
    endloop
  endfacet
  facet normal 0 0 1
    outer loop
      vertex 23.04 179.958 4
      vertex 23.04 120.042 4
      vertex 23.2506 119.971 4
    endloop
  endfacet
  facet normal -0 0 1
    outer loop
      vertex 22.8219 179.915 4
      vertex 23.04 120.042 4
      vertex 23.04 179.958 4
    endloop
  endfacet
  facet normal 0 0 1
    outer loop
      vertex 22.8219 179.915 4
      vertex 22.8219 120.085 4
      vertex 23.04 120.042 4
    endloop
  endfacet
  facet normal -0 0 1
    outer loop
      vertex 22.6 179.9 4
      vertex 22.8219 120.085 4
      vertex 22.8219 179.915 4
    endloop
  endfacet
  facet normal 0 0 1
    outer loop
      vertex 22.6 179.9 4
      vertex 22.6 120.1 4
      vertex 22.8219 120.085 4
    endloop
  endfacet
  facet normal 0 0 1
    outer loop
      vertex 22.3781 179.915 4
      vertex 22.6 120.1 4
      vertex 22.6 179.9 4
    endloop
  endfacet
  facet normal 0 0 1
    outer loop
      vertex 22.3781 179.915 4
      vertex 22.3781 120.085 4
      vertex 22.6 120.1 4
    endloop
  endfacet
  facet normal 0 0 1
    outer loop
      vertex 22.16 179.958 4
      vertex 22.3781 120.085 4
      vertex 22.3781 179.915 4
    endloop
  endfacet
  facet normal 0 0 1
    outer loop
      vertex 22.16 179.958 4
      vertex 22.16 120.042 4
      vertex 22.3781 120.085 4
    endloop
  endfacet
  facet normal 0 0 1
    outer loop
      vertex 21.9494 180.029 4
      vertex 22.16 120.042 4
      vertex 22.16 179.958 4
    endloop
  endfacet
  facet normal 0 0 1
    outer loop
      vertex 21.9494 180.029 4
      vertex 21.9494 119.971 4
      vertex 22.16 120.042 4
    endloop
  endfacet
  facet normal 0 0 1
    outer loop
      vertex 21.75 180.128 4
      vertex 21.9494 119.971 4
      vertex 21.9494 180.029 4
    endloop
  endfacet
  facet normal 0 0 1
    outer loop
      vertex 21.75 180.128 4
      vertex 21.75 119.872 4
      vertex 21.9494 119.971 4
    endloop
  endfacet
  facet normal 0 0 1
    outer loop
      vertex 21.5651 180.251 4
      vertex 21.75 119.872 4
      vertex 21.75 180.128 4
    endloop
  endfacet
  facet normal 0 0 1
    outer loop
      vertex 21.5651 180.251 4
      vertex 21.5651 119.749 4
      vertex 21.75 119.872 4
    endloop
  endfacet
  facet normal 0 0 1
    outer loop
      vertex 21.3979 180.398 4
      vertex 21.5651 119.749 4
      vertex 21.5651 180.251 4
    endloop
  endfacet
  facet normal 0 0 1
    outer loop
      vertex 21.3979 180.398 4
      vertex 21.3979 119.602 4
      vertex 21.5651 119.749 4
    endloop
  endfacet
  facet normal 0 0 1
    outer loop
      vertex 21.2513 180.565 4
      vertex 21.3979 119.602 4
      vertex 21.3979 180.398 4
    endloop
  endfacet
  facet normal 0 0 1
    outer loop
      vertex 21.2513 180.565 4
      vertex 21.2513 119.435 4
      vertex 21.3979 119.602 4
    endloop
  endfacet
  facet normal 0 0 1
    outer loop
      vertex 21.1278 180.75 4
      vertex 21.2513 119.435 4
      vertex 21.2513 180.565 4
    endloop
  endfacet
  facet normal 0 0 1
    outer loop
      vertex 21.1278 180.75 4
      vertex 21.1278 119.25 4
      vertex 21.2513 119.435 4
    endloop
  endfacet
  facet normal 0 0 1
    outer loop
      vertex 21.0294 180.949 4
      vertex 21.1278 119.25 4
      vertex 21.1278 180.75 4
    endloop
  endfacet
  facet normal 0 0 1
    outer loop
      vertex 21.0294 180.949 4
      vertex 21.0294 119.051 4
      vertex 21.1278 119.25 4
    endloop
  endfacet
  facet normal 0 0 1
    outer loop
      vertex 18.6 185.6 4
      vertex 21.0294 180.949 4
      vertex 20.9579 181.16 4
    endloop
  endfacet
  facet normal 0 0 1
    outer loop
      vertex 21.0294 180.949 4
      vertex 18.6 185.6 4
      vertex 21.0294 119.051 4
    endloop
  endfacet
  facet normal 0 0 1
    outer loop
      vertex 18.6 185.6 4
      vertex 20.9579 181.16 4
      vertex 20.9145 181.378 4
    endloop
  endfacet
  facet normal 0 0 1
    outer loop
      vertex 18.6 114.4 4
      vertex 21.0294 119.051 4
      vertex 18.6 185.6 4
    endloop
  endfacet
  facet normal 0 0 1
    outer loop
      vertex 18.6 185.6 4
      vertex 20.9145 181.378 4
      vertex 20.9 181.6 4
    endloop
  endfacet
  facet normal 0 0 1
    outer loop
      vertex 21.0294 119.051 4
      vertex 18.6 114.4 4
      vertex 20.9579 118.84 4
    endloop
  endfacet
  facet normal -0 0 1
    outer loop
      vertex 22.6 189.6 4
      vertex 25.5 183.6 4
      vertex 25.5 189.6 4
    endloop
  endfacet
  facet normal 0 0 1
    outer loop
      vertex 25.5 183.6 4
      vertex 24.2855 181.822 4
      vertex 24.3 181.6 4
    endloop
  endfacet
  facet normal 0 0 1
    outer loop
      vertex 25.5 183.6 4
      vertex 24.2421 182.04 4
      vertex 24.2855 181.822 4
    endloop
  endfacet
  facet normal 0 0 1
    outer loop
      vertex 25.5 183.6 4
      vertex 24.1706 182.251 4
      vertex 24.2421 182.04 4
    endloop
  endfacet
  facet normal 0 0 1
    outer loop
      vertex 25.5 183.6 4
      vertex 24.0722 182.45 4
      vertex 24.1706 182.251 4
    endloop
  endfacet
  facet normal 0 0 1
    outer loop
      vertex 25.5 183.6 4
      vertex 23.9487 182.635 4
      vertex 24.0722 182.45 4
    endloop
  endfacet
  facet normal 0 0 1
    outer loop
      vertex 25.5 183.6 4
      vertex 23.8021 182.802 4
      vertex 23.9487 182.635 4
    endloop
  endfacet
  facet normal 0 0 1
    outer loop
      vertex 25.5 183.6 4
      vertex 23.6349 182.949 4
      vertex 23.8021 182.802 4
    endloop
  endfacet
  facet normal 0 0 1
    outer loop
      vertex 25.5 183.6 4
      vertex 23.45 183.072 4
      vertex 23.6349 182.949 4
    endloop
  endfacet
  facet normal 0 0 1
    outer loop
      vertex 25.5 183.6 4
      vertex 23.2506 183.171 4
      vertex 23.45 183.072 4
    endloop
  endfacet
  facet normal 0 0 1
    outer loop
      vertex 25.5 183.6 4
      vertex 23.04 183.242 4
      vertex 23.2506 183.171 4
    endloop
  endfacet
  facet normal 0 0 1
    outer loop
      vertex 25.5 183.6 4
      vertex 22.6 189.6 4
      vertex 23.04 183.242 4
    endloop
  endfacet
  facet normal 0 0 1
    outer loop
      vertex 23.04 183.242 4
      vertex 22.6 189.6 4
      vertex 22.8219 183.285 4
    endloop
  endfacet
  facet normal 0 0 1
    outer loop
      vertex 22.6 189.6 4
      vertex 22.6 183.3 4
      vertex 22.8219 183.285 4
    endloop
  endfacet
  facet normal -0 0 1
    outer loop
      vertex 22.0779 189.566 4
      vertex 22.6 183.3 4
      vertex 22.6 189.6 4
    endloop
  endfacet
  facet normal -0 0 1
    outer loop
      vertex 21.5647 189.464 4
      vertex 22.6 183.3 4
      vertex 22.0779 189.566 4
    endloop
  endfacet
  facet normal -0 0 1
    outer loop
      vertex 21.0693 189.296 4
      vertex 22.6 183.3 4
      vertex 21.5647 189.464 4
    endloop
  endfacet
  facet normal 0 0 1
    outer loop
      vertex 22.6 183.3 4
      vertex 21.0693 189.296 4
      vertex 22.3781 183.285 4
    endloop
  endfacet
  facet normal -0 0 1
    outer loop
      vertex 20.6 189.064 4
      vertex 22.3781 183.285 4
      vertex 21.0693 189.296 4
    endloop
  endfacet
  facet normal -0 0 1
    outer loop
      vertex 20.165 188.773 4
      vertex 22.3781 183.285 4
      vertex 20.6 189.064 4
    endloop
  endfacet
  facet normal -0 0 1
    outer loop
      vertex 19.7716 188.428 4
      vertex 22.3781 183.285 4
      vertex 20.165 188.773 4
    endloop
  endfacet
  facet normal -0 0 1
    outer loop
      vertex 19.4266 188.035 4
      vertex 22.3781 183.285 4
      vertex 19.7716 188.428 4
    endloop
  endfacet
  facet normal -0 0 1
    outer loop
      vertex 19.1359 187.6 4
      vertex 22.3781 183.285 4
      vertex 19.4266 188.035 4
    endloop
  endfacet
  facet normal 0 0 1
    outer loop
      vertex 22.3781 183.285 4
      vertex 19.1359 187.6 4
      vertex 22.16 183.242 4
    endloop
  endfacet
  facet normal -0 0 1
    outer loop
      vertex 18.9045 187.131 4
      vertex 22.16 183.242 4
      vertex 19.1359 187.6 4
    endloop
  endfacet
  facet normal -0 0 1
    outer loop
      vertex 18.7363 186.635 4
      vertex 22.16 183.242 4
      vertex 18.9045 187.131 4
    endloop
  endfacet
  facet normal -0 0 1
    outer loop
      vertex 18.6342 186.122 4
      vertex 22.16 183.242 4
      vertex 18.7363 186.635 4
    endloop
  endfacet
  facet normal 0 0 1
    outer loop
      vertex 22.16 183.242 4
      vertex 18.6342 186.122 4
      vertex 21.9494 183.171 4
    endloop
  endfacet
  facet normal 0 0 1
    outer loop
      vertex 20.9579 182.04 4
      vertex 18.6 185.6 4
      vertex 20.9145 181.822 4
    endloop
  endfacet
  facet normal 0 0 1
    outer loop
      vertex 20.9145 181.822 4
      vertex 18.6 185.6 4
      vertex 20.9 181.6 4
    endloop
  endfacet
  facet normal -0 0 1
    outer loop
      vertex 18.6 185.6 4
      vertex 21.9494 183.171 4
      vertex 18.6342 186.122 4
    endloop
  endfacet
  facet normal 0 0 1
    outer loop
      vertex 66 115.4 4
      vertex 45.2136 115.555 4
      vertex 45.25 115 4
    endloop
  endfacet
  facet normal 0 0 1
    outer loop
      vertex 45.6283 182.413 4
      vertex 45.1052 116.1 4
      vertex 45.2136 115.555 4
    endloop
  endfacet
  facet normal 0 0 1
    outer loop
      vertex 33.5 183.6 4
      vertex 45.3194 182.875 4
      vertex 45.0735 183.374 4
    endloop
  endfacet
  facet normal 0 0 1
    outer loop
      vertex 45.6283 182.413 4
      vertex 44.9265 116.626 4
      vertex 45.1052 116.1 4
    endloop
  endfacet
  facet normal -0 0 1
    outer loop
      vertex 33.5 183.6 4
      vertex 45.0735 183.374 4
      vertex 44.8948 183.9 4
    endloop
  endfacet
  facet normal 0 0 1
    outer loop
      vertex 33.5 183.6 4
      vertex 44.8948 183.9 4
      vertex 44.7864 184.445 4
    endloop
  endfacet
  facet normal 0 0 1
    outer loop
      vertex 33.5 183.6 4
      vertex 44.7864 184.445 4
      vertex 44.75 185 4
    endloop
  endfacet
  facet normal 0 0 1
    outer loop
      vertex 45.6283 182.413 4
      vertex 44.6806 117.125 4
      vertex 44.9265 116.626 4
    endloop
  endfacet
  facet normal -0 0 1
    outer loop
      vertex 73 168.25 4
      vertex 81 163.75 4
      vertex 81 168.25 4
    endloop
  endfacet
  facet normal 0 0 1
    outer loop
      vertex 81 163.75 4
      vertex 73 168.25 4
      vertex 73 163.75 4
    endloop
  endfacet
  facet normal -0 0 1
    outer loop
      vertex 84.7 154.3 4
      vertex 93.44 135.7 4
      vertex 93.44 154.3 4
    endloop
  endfacet
  facet normal 0 0 1
    outer loop
      vertex 93.44 135.7 4
      vertex 84.7 154.3 4
      vertex 84.7 135.7 4
    endloop
  endfacet
  facet normal -0 0 1
    outer loop
      vertex 93.2136 185.555 4
      vertex 104.5 183.6 4
      vertex 104.5 189.6 4
    endloop
  endfacet
  facet normal 0 0 1
    outer loop
      vertex 104.5 183.6 4
      vertex 101.214 115.555 4
      vertex 101.25 115 4
    endloop
  endfacet
  facet normal 0 0 1
    outer loop
      vertex 104.5 183.6 4
      vertex 101.105 116.1 4
      vertex 101.214 115.555 4
    endloop
  endfacet
  facet normal 0 0 1
    outer loop
      vertex 104.5 183.6 4
      vertex 100.926 116.626 4
      vertex 101.105 116.1 4
    endloop
  endfacet
  facet normal 0 -0 1
    outer loop
      vertex 100.681 117.125 4
      vertex 104.5 183.6 4
      vertex 93.44 154.3 4
    endloop
  endfacet
  facet normal 0 0 1
    outer loop
      vertex 104.5 183.6 4
      vertex 100.681 117.125 4
      vertex 100.926 116.626 4
    endloop
  endfacet
  facet normal -0 0 1
    outer loop
      vertex 93.44 135.7 4
      vertex 100.681 117.125 4
      vertex 93.44 154.3 4
    endloop
  endfacet
  facet normal 0 0 1
    outer loop
      vertex 100.681 117.125 4
      vertex 93.44 135.7 4
      vertex 100.372 117.587 4
    endloop
  endfacet
  facet normal 0 0 1
    outer loop
      vertex 100.372 117.587 4
      vertex 93.44 135.7 4
      vertex 100.005 118.005 4
    endloop
  endfacet
  facet normal -0 0 1
    outer loop
      vertex 93.44 133.1 4
      vertex 100.005 118.005 4
      vertex 93.44 135.7 4
    endloop
  endfacet
  facet normal 0 0 1
    outer loop
      vertex 100.005 118.005 4
      vertex 93.44 133.1 4
      vertex 99.5872 118.372 4
    endloop
  endfacet
  facet normal 0 0 1
    outer loop
      vertex 99.5872 118.372 4
      vertex 93.44 133.1 4
      vertex 99.125 118.681 4
    endloop
  endfacet
  facet normal 0 0 1
    outer loop
      vertex 99.125 118.681 4
      vertex 93.44 133.1 4
      vertex 98.6264 118.926 4
    endloop
  endfacet
  facet normal 0 0 1
    outer loop
      vertex 98.6264 118.926 4
      vertex 93.44 133.1 4
      vertex 98.1 119.105 4
    endloop
  endfacet
  facet normal 0 0 1
    outer loop
      vertex 97.5547 119.214 4
      vertex 93.44 133.1 4
      vertex 97 119.25 4
    endloop
  endfacet
  facet normal 0 0 1
    outer loop
      vertex 97 119.25 4
      vertex 93.44 133.1 4
      vertex 96.4453 119.214 4
    endloop
  endfacet
  facet normal 0 0 1
    outer loop
      vertex 96.4453 119.214 4
      vertex 93.44 133.1 4
      vertex 95.9 119.105 4
    endloop
  endfacet
  facet normal 0 0 1
    outer loop
      vertex 95.9 119.105 4
      vertex 93.44 133.1 4
      vertex 95.3736 118.926 4
    endloop
  endfacet
  facet normal 0 0 1
    outer loop
      vertex 94.875 118.681 4
      vertex 93.44 133.1 4
      vertex 94.4128 118.372 4
    endloop
  endfacet
  facet normal 0 0 1
    outer loop
      vertex 94.4128 118.372 4
      vertex 93.44 133.1 4
      vertex 93.9948 118.005 4
    endloop
  endfacet
  facet normal 0 0 1
    outer loop
      vertex 104.5 183.6 4
      vertex 93.44 156.9 4
      vertex 93.44 154.3 4
    endloop
  endfacet
  facet normal 0 0 1
    outer loop
      vertex 104.5 183.6 4
      vertex 93.25 185 4
      vertex 93.2136 184.445 4
    endloop
  endfacet
  facet normal 0 0 1
    outer loop
      vertex 104.5 183.6 4
      vertex 93.2136 185.555 4
      vertex 93.25 185 4
    endloop
  endfacet
  facet normal 0 0 1
    outer loop
      vertex 104.5 189.6 4
      vertex 93.1052 186.1 4
      vertex 93.2136 185.555 4
    endloop
  endfacet
  facet normal 0 0 1
    outer loop
      vertex 104.5 189.6 4
      vertex 92.9265 186.626 4
      vertex 93.1052 186.1 4
    endloop
  endfacet
  facet normal 0 0 1
    outer loop
      vertex 104.5 189.6 4
      vertex 92.6806 187.125 4
      vertex 92.9265 186.626 4
    endloop
  endfacet
  facet normal 0 0 1
    outer loop
      vertex 104.5 189.6 4
      vertex 92.3717 187.587 4
      vertex 92.6806 187.125 4
    endloop
  endfacet
  facet normal 0 0 1
    outer loop
      vertex 104.5 189.6 4
      vertex 92.0052 188.005 4
      vertex 92.3717 187.587 4
    endloop
  endfacet
  facet normal 0 0 1
    outer loop
      vertex 104.5 189.6 4
      vertex 91.5872 188.372 4
      vertex 92.0052 188.005 4
    endloop
  endfacet
  facet normal 0 0 1
    outer loop
      vertex 104.5 189.6 4
      vertex 91.125 188.681 4
      vertex 91.5872 188.372 4
    endloop
  endfacet
  facet normal 0 0 1
    outer loop
      vertex 104.5 189.6 4
      vertex 90.6264 188.926 4
      vertex 91.125 188.681 4
    endloop
  endfacet
  facet normal 0 0 1
    outer loop
      vertex 104.5 189.6 4
      vertex 90.1 189.105 4
      vertex 90.6264 188.926 4
    endloop
  endfacet
  facet normal 0 0 1
    outer loop
      vertex 104.5 189.6 4
      vertex 89.5547 189.214 4
      vertex 90.1 189.105 4
    endloop
  endfacet
  facet normal 0 0 1
    outer loop
      vertex 104.5 189.6 4
      vertex 89 189.25 4
      vertex 89.5547 189.214 4
    endloop
  endfacet
  facet normal 0 0 1
    outer loop
      vertex 53.25 185 4
      vertex 84.75 185 4
      vertex 84.7864 185.555 4
    endloop
  endfacet
  facet normal 0 0 1
    outer loop
      vertex 84.75 185 4
      vertex 81 168.25 4
      vertex 82.1 156.9 4
    endloop
  endfacet
  facet normal 0 0 1
    outer loop
      vertex 84.75 185 4
      vertex 81 169 4
      vertex 81 168.25 4
    endloop
  endfacet
  facet normal 0 0 1
    outer loop
      vertex 53.2136 185.555 4
      vertex 84.7864 185.555 4
      vertex 84.8948 186.1 4
    endloop
  endfacet
  facet normal 0 0 1
    outer loop
      vertex 84.75 185 4
      vertex 73 169 4
      vertex 81 169 4
    endloop
  endfacet
  facet normal 0 0 1
    outer loop
      vertex 53.1052 186.1 4
      vertex 84.8948 186.1 4
      vertex 85.0735 186.626 4
    endloop
  endfacet
  facet normal 0 0 1
    outer loop
      vertex 52.9265 186.626 4
      vertex 85.0735 186.626 4
      vertex 85.3194 187.125 4
    endloop
  endfacet
  facet normal 0 0 1
    outer loop
      vertex 52.6806 187.125 4
      vertex 85.3194 187.125 4
      vertex 85.6283 187.587 4
    endloop
  endfacet
  facet normal 0 0 1
    outer loop
      vertex 51.125 181.319 4
      vertex 73 168.25 4
      vertex 73 169 4
    endloop
  endfacet
  facet normal 0 0 1
    outer loop
      vertex 73 168.25 4
      vertex 50.6264 181.074 4
      vertex 73 163.75 4
    endloop
  endfacet
  facet normal -0 0 1
    outer loop
      vertex 50.1 180.895 4
      vertex 73 163.75 4
      vertex 50.6264 181.074 4
    endloop
  endfacet
  facet normal 0 0 1
    outer loop
      vertex 73 163 4
      vertex 71.25 123.4 4
      vertex 72 123.4 4
    endloop
  endfacet
  facet normal 0 0 1
    outer loop
      vertex 71.25 123.4 4
      vertex 66.75 123.4 4
      vertex 71.25 115.4 4
    endloop
  endfacet
  facet normal 0 0 1
    outer loop
      vertex 73 163 4
      vertex 66.75 123.4 4
      vertex 71.25 123.4 4
    endloop
  endfacet
  facet normal 0 0 1
    outer loop
      vertex 73 163 4
      vertex 66 123.4 4
      vertex 66.75 123.4 4
    endloop
  endfacet
  facet normal -0 0 1
    outer loop
      vertex 53.1052 183.9 4
      vertex 73 169 4
      vertex 53.2136 184.445 4
    endloop
  endfacet
  facet normal -0 0 1
    outer loop
      vertex 53.2136 184.445 4
      vertex 73 169 4
      vertex 53.25 185 4
    endloop
  endfacet
  facet normal 0 0 1
    outer loop
      vertex 84.75 185 4
      vertex 53.25 185 4
      vertex 73 169 4
    endloop
  endfacet
  facet normal 0 0 1
    outer loop
      vertex 52.3717 187.587 4
      vertex 85.6283 187.587 4
      vertex 85.9948 188.005 4
    endloop
  endfacet
  facet normal 0 0 1
    outer loop
      vertex 52.0052 188.005 4
      vertex 85.9948 188.005 4
      vertex 86.4128 188.372 4
    endloop
  endfacet
  facet normal 0 0 1
    outer loop
      vertex 51.5872 188.372 4
      vertex 86.4128 188.372 4
      vertex 86.875 188.681 4
    endloop
  endfacet
  facet normal 0 0 1
    outer loop
      vertex 51.125 188.681 4
      vertex 86.875 188.681 4
      vertex 87.3736 188.926 4
    endloop
  endfacet
  facet normal 0 0 1
    outer loop
      vertex 50.6264 188.926 4
      vertex 87.3736 188.926 4
      vertex 87.9 189.105 4
    endloop
  endfacet
  facet normal 0 0 1
    outer loop
      vertex 50.1 189.105 4
      vertex 87.9 189.105 4
      vertex 88.4453 189.214 4
    endloop
  endfacet
  facet normal 0 0 1
    outer loop
      vertex 84.7864 185.555 4
      vertex 53.2136 185.555 4
      vertex 53.25 185 4
    endloop
  endfacet
  facet normal 0 0 1
    outer loop
      vertex 84.8948 186.1 4
      vertex 53.1052 186.1 4
      vertex 53.2136 185.555 4
    endloop
  endfacet
  facet normal 0 0 1
    outer loop
      vertex 85.0735 186.626 4
      vertex 52.9265 186.626 4
      vertex 53.1052 186.1 4
    endloop
  endfacet
  facet normal 0 0 1
    outer loop
      vertex 85.3194 187.125 4
      vertex 52.6806 187.125 4
      vertex 52.9265 186.626 4
    endloop
  endfacet
  facet normal 0 0 1
    outer loop
      vertex 49.5547 189.214 4
      vertex 88.4453 189.214 4
      vertex 89 189.25 4
    endloop
  endfacet
  facet normal 0 0 1
    outer loop
      vertex 85.6283 187.587 4
      vertex 52.3717 187.587 4
      vertex 52.6806 187.125 4
    endloop
  endfacet
  facet normal 0 0 1
    outer loop
      vertex 85.9948 188.005 4
      vertex 52.0052 188.005 4
      vertex 52.3717 187.587 4
    endloop
  endfacet
  facet normal 0 0 1
    outer loop
      vertex 86.4128 188.372 4
      vertex 51.5872 188.372 4
      vertex 52.0052 188.005 4
    endloop
  endfacet
  facet normal 0 0 1
    outer loop
      vertex 86.875 188.681 4
      vertex 51.125 188.681 4
      vertex 51.5872 188.372 4
    endloop
  endfacet
  facet normal 0 0 1
    outer loop
      vertex 49 189.25 4
      vertex 89 189.25 4
      vertex 104.5 189.6 4
    endloop
  endfacet
  facet normal 0 0 1
    outer loop
      vertex 87.3736 188.926 4
      vertex 50.6264 188.926 4
      vertex 51.125 188.681 4
    endloop
  endfacet
  facet normal 0 0 1
    outer loop
      vertex 87.9 189.105 4
      vertex 50.1 189.105 4
      vertex 50.6264 188.926 4
    endloop
  endfacet
  facet normal 0 0 1
    outer loop
      vertex 88.4453 189.214 4
      vertex 49.5547 189.214 4
      vertex 50.1 189.105 4
    endloop
  endfacet
  facet normal 0 0 1
    outer loop
      vertex 89 189.25 4
      vertex 49 189.25 4
      vertex 49.5547 189.214 4
    endloop
  endfacet
  facet normal 0 0 1
    outer loop
      vertex 45.6283 182.413 4
      vertex 44.3717 117.587 4
      vertex 44.6806 117.125 4
    endloop
  endfacet
  facet normal 0 0 1
    outer loop
      vertex 45.6283 182.413 4
      vertex 44.0052 118.005 4
      vertex 44.3717 117.587 4
    endloop
  endfacet
  facet normal 0 0 1
    outer loop
      vertex 45.6283 182.413 4
      vertex 43.5872 118.372 4
      vertex 44.0052 118.005 4
    endloop
  endfacet
  facet normal 0 0 1
    outer loop
      vertex 45.6283 182.413 4
      vertex 43.125 118.681 4
      vertex 43.5872 118.372 4
    endloop
  endfacet
  facet normal 0 0 1
    outer loop
      vertex 45.6283 182.413 4
      vertex 42.6264 118.926 4
      vertex 43.125 118.681 4
    endloop
  endfacet
  facet normal 0 0 1
    outer loop
      vertex 45.6283 182.413 4
      vertex 42.1 119.105 4
      vertex 42.6264 118.926 4
    endloop
  endfacet
  facet normal 0 0 1
    outer loop
      vertex 45.6283 182.413 4
      vertex 41.5547 119.214 4
      vertex 42.1 119.105 4
    endloop
  endfacet
  facet normal 0 0 1
    outer loop
      vertex 45.6283 182.413 4
      vertex 41 119.25 4
      vertex 41.5547 119.214 4
    endloop
  endfacet
  facet normal 0 0 1
    outer loop
      vertex 24.1706 180.949 4
      vertex 33.5 183.6 4
      vertex 24.2421 181.16 4
    endloop
  endfacet
  facet normal 0 0 1
    outer loop
      vertex 45.6283 182.413 4
      vertex 40.4453 119.214 4
      vertex 41 119.25 4
    endloop
  endfacet
  facet normal 0 0 1
    outer loop
      vertex 33.5 183.6 4
      vertex 44.75 185 4
      vertex 44.7864 185.555 4
    endloop
  endfacet
  facet normal 0 0 1
    outer loop
      vertex 24.2421 181.16 4
      vertex 25.5 183.6 4
      vertex 24.2855 181.378 4
    endloop
  endfacet
  facet normal -0 0 1
    outer loop
      vertex 25.5 183.6 4
      vertex 24.2421 181.16 4
      vertex 33.5 183.6 4
    endloop
  endfacet
  facet normal 0 0 1
    outer loop
      vertex 24.0722 180.75 4
      vertex 33.5 183.6 4
      vertex 24.1706 180.949 4
    endloop
  endfacet
  facet normal 0 0 1
    outer loop
      vertex 39.9 119.105 4
      vertex 24.3 118.4 4
      vertex 39.3736 118.926 4
    endloop
  endfacet
  facet normal 0 0 1
    outer loop
      vertex 39.3736 118.926 4
      vertex 24.3 118.4 4
      vertex 38.875 118.681 4
    endloop
  endfacet
  facet normal 0 0 1
    outer loop
      vertex 38.875 118.681 4
      vertex 24.3 118.4 4
      vertex 38.4128 118.372 4
    endloop
  endfacet
  facet normal 0 0 1
    outer loop
      vertex 38.4128 118.372 4
      vertex 24.3 118.4 4
      vertex 37.9948 118.005 4
    endloop
  endfacet
  facet normal 0 0 1
    outer loop
      vertex 37.9948 118.005 4
      vertex 24.3 118.4 4
      vertex 37.6283 117.587 4
    endloop
  endfacet
  facet normal 0 0 1
    outer loop
      vertex 37.6283 117.587 4
      vertex 24.3 118.4 4
      vertex 37.3194 117.125 4
    endloop
  endfacet
  facet normal 0 0 1
    outer loop
      vertex 37.0735 116.626 4
      vertex 24.3 118.4 4
      vertex 36.8948 116.1 4
    endloop
  endfacet
  facet normal 0 0 1
    outer loop
      vertex 33.5 183.6 4
      vertex 44.7864 185.555 4
      vertex 33.5 189.6 4
    endloop
  endfacet
  facet normal 0 0 1
    outer loop
      vertex 44.8948 186.1 4
      vertex 33.5 189.6 4
      vertex 44.7864 185.555 4
    endloop
  endfacet
  facet normal 0 0 1
    outer loop
      vertex 45.0735 186.626 4
      vertex 33.5 189.6 4
      vertex 44.8948 186.1 4
    endloop
  endfacet
  facet normal 0 0 1
    outer loop
      vertex 45.3194 187.125 4
      vertex 33.5 189.6 4
      vertex 45.0735 186.626 4
    endloop
  endfacet
  facet normal 0 0 1
    outer loop
      vertex 45.6283 187.587 4
      vertex 33.5 189.6 4
      vertex 45.3194 187.125 4
    endloop
  endfacet
  facet normal 0 0 1
    outer loop
      vertex 45.9948 188.005 4
      vertex 33.5 189.6 4
      vertex 45.6283 187.587 4
    endloop
  endfacet
  facet normal 0 0 1
    outer loop
      vertex 46.4128 188.372 4
      vertex 33.5 189.6 4
      vertex 45.9948 188.005 4
    endloop
  endfacet
  facet normal 0 0 1
    outer loop
      vertex 46.875 188.681 4
      vertex 33.5 189.6 4
      vertex 46.4128 188.372 4
    endloop
  endfacet
  facet normal 0 0 1
    outer loop
      vertex 47.3736 188.926 4
      vertex 33.5 189.6 4
      vertex 46.875 188.681 4
    endloop
  endfacet
  facet normal 0 0 1
    outer loop
      vertex 47.9 189.105 4
      vertex 33.5 189.6 4
      vertex 47.3736 188.926 4
    endloop
  endfacet
  facet normal 0 0 1
    outer loop
      vertex 48.4453 189.214 4
      vertex 33.5 189.6 4
      vertex 47.9 189.105 4
    endloop
  endfacet
  facet normal 0 0 1
    outer loop
      vertex 49 189.25 4
      vertex 33.5 189.6 4
      vertex 48.4453 189.214 4
    endloop
  endfacet
  facet normal -0 0 1
    outer loop
      vertex 33.5 189.6 4
      vertex 49 189.25 4
      vertex 104.5 189.6 4
    endloop
  endfacet
  facet normal 0 0 1
    outer loop
      vertex 98.1 119.105 4
      vertex 93.44 133.1 4
      vertex 97.5547 119.214 4
    endloop
  endfacet
  facet normal 0 0 1
    outer loop
      vertex 95.3736 118.926 4
      vertex 93.44 133.1 4
      vertex 94.875 118.681 4
    endloop
  endfacet
  facet normal -0 0 1
    outer loop
      vertex 82.1 133.1 4
      vertex 93.9948 118.005 4
      vertex 93.44 133.1 4
    endloop
  endfacet
  facet normal 0 0 1
    outer loop
      vertex 93.9948 118.005 4
      vertex 82.1 133.1 4
      vertex 93.6283 117.587 4
    endloop
  endfacet
  facet normal 0 0 1
    outer loop
      vertex 93.6283 117.587 4
      vertex 82.1 133.1 4
      vertex 93.3194 117.125 4
    endloop
  endfacet
  facet normal 0 0 1
    outer loop
      vertex 93.3194 117.125 4
      vertex 82.1 133.1 4
      vertex 93.0735 116.626 4
    endloop
  endfacet
  facet normal -0 0 1
    outer loop
      vertex 72 123.4 4
      vertex 93.0735 116.626 4
      vertex 82.1 133.1 4
    endloop
  endfacet
  facet normal 0 0 1
    outer loop
      vertex 93.0735 116.626 4
      vertex 72 123.4 4
      vertex 92.8948 116.1 4
    endloop
  endfacet
  facet normal 0 0 1
    outer loop
      vertex 72 115.4 4
      vertex 92.8948 116.1 4
      vertex 72 123.4 4
    endloop
  endfacet
  facet normal 0 0 1
    outer loop
      vertex 104.5 183.6 4
      vertex 93.2136 184.445 4
      vertex 93.1052 183.9 4
    endloop
  endfacet
  facet normal 0 0 1
    outer loop
      vertex 104.5 183.6 4
      vertex 93.1052 183.9 4
      vertex 92.9265 183.374 4
    endloop
  endfacet
  facet normal 0 0 1
    outer loop
      vertex 104.5 183.6 4
      vertex 92.9265 183.374 4
      vertex 92.6806 182.875 4
    endloop
  endfacet
  facet normal 0 0 1
    outer loop
      vertex 104.5 183.6 4
      vertex 92.6806 182.875 4
      vertex 92.3717 182.413 4
    endloop
  endfacet
  facet normal 0 0 1
    outer loop
      vertex 92.0052 181.995 4
      vertex 104.5 183.6 4
      vertex 92.3717 182.413 4
    endloop
  endfacet
  facet normal 0 0 1
    outer loop
      vertex 91.5872 181.628 4
      vertex 104.5 183.6 4
      vertex 92.0052 181.995 4
    endloop
  endfacet
  facet normal 0 0 1
    outer loop
      vertex 104.5 183.6 4
      vertex 91.5872 181.628 4
      vertex 93.44 156.9 4
    endloop
  endfacet
  facet normal -0 0 1
    outer loop
      vertex 91.125 181.319 4
      vertex 93.44 156.9 4
      vertex 91.5872 181.628 4
    endloop
  endfacet
  facet normal -0 0 1
    outer loop
      vertex 90.6264 181.074 4
      vertex 93.44 156.9 4
      vertex 91.125 181.319 4
    endloop
  endfacet
  facet normal -0 0 1
    outer loop
      vertex 90.1 180.895 4
      vertex 93.44 156.9 4
      vertex 90.6264 181.074 4
    endloop
  endfacet
  facet normal -0 0 1
    outer loop
      vertex 89.5547 180.786 4
      vertex 93.44 156.9 4
      vertex 90.1 180.895 4
    endloop
  endfacet
  facet normal -0 0 1
    outer loop
      vertex 89 180.75 4
      vertex 93.44 156.9 4
      vertex 89.5547 180.786 4
    endloop
  endfacet
  facet normal 0 0 1
    outer loop
      vertex 88.4453 180.786 4
      vertex 93.44 156.9 4
      vertex 89 180.75 4
    endloop
  endfacet
  facet normal 0 0 1
    outer loop
      vertex 82.1 156.9 4
      vertex 88.4453 180.786 4
      vertex 87.9 180.895 4
    endloop
  endfacet
  facet normal 0 0 1
    outer loop
      vertex 82.1 156.9 4
      vertex 87.9 180.895 4
      vertex 87.3736 181.074 4
    endloop
  endfacet
  facet normal 0 0 1
    outer loop
      vertex 82.1 156.9 4
      vertex 87.3736 181.074 4
      vertex 86.875 181.319 4
    endloop
  endfacet
  facet normal 0 0 1
    outer loop
      vertex 82.1 156.9 4
      vertex 86.875 181.319 4
      vertex 86.4128 181.628 4
    endloop
  endfacet
  facet normal 0 0 1
    outer loop
      vertex 82.1 156.9 4
      vertex 86.4128 181.628 4
      vertex 85.9948 181.995 4
    endloop
  endfacet
  facet normal 0 0 1
    outer loop
      vertex 82.1 156.9 4
      vertex 85.9948 181.995 4
      vertex 85.6283 182.413 4
    endloop
  endfacet
  facet normal 0 0 1
    outer loop
      vertex 82.1 156.9 4
      vertex 85.6283 182.413 4
      vertex 85.3194 182.875 4
    endloop
  endfacet
  facet normal 0 0 1
    outer loop
      vertex 82.1 156.9 4
      vertex 85.3194 182.875 4
      vertex 85.0735 183.374 4
    endloop
  endfacet
  facet normal 0 0 1
    outer loop
      vertex 82.1 156.9 4
      vertex 85.0735 183.374 4
      vertex 84.8948 183.9 4
    endloop
  endfacet
  facet normal 0 0 1
    outer loop
      vertex 88.4453 180.786 4
      vertex 82.1 156.9 4
      vertex 93.44 156.9 4
    endloop
  endfacet
  facet normal 0 0 1
    outer loop
      vertex 84.7864 184.445 4
      vertex 82.1 156.9 4
      vertex 84.8948 183.9 4
    endloop
  endfacet
  facet normal 0 0 1
    outer loop
      vertex 82.1 156.9 4
      vertex 84.7864 184.445 4
      vertex 84.75 185 4
    endloop
  endfacet
  facet normal 0 0 1
    outer loop
      vertex 132.971 180.949 4
      vertex 135.4 185.6 4
      vertex 133.042 181.16 4
    endloop
  endfacet
  facet normal 0 0 1
    outer loop
      vertex 135.4 114.4 4
      vertex 133.085 118.622 4
      vertex 133.1 118.4 4
    endloop
  endfacet
  facet normal 0 0 1
    outer loop
      vertex 135.4 185.6 4
      vertex 132.971 180.949 4
      vertex 135.4 114.4 4
    endloop
  endfacet
  facet normal 0 0 1
    outer loop
      vertex 135.4 114.4 4
      vertex 133.042 118.84 4
      vertex 133.085 118.622 4
    endloop
  endfacet
  facet normal -0 0 1
    outer loop
      vertex 132.971 119.051 4
      vertex 135.4 114.4 4
      vertex 132.971 180.949 4
    endloop
  endfacet
  facet normal 0 0 1
    outer loop
      vertex 135.4 114.4 4
      vertex 132.971 119.051 4
      vertex 133.042 118.84 4
    endloop
  endfacet
  facet normal -0 0 1
    outer loop
      vertex 132.872 180.75 4
      vertex 132.971 119.051 4
      vertex 132.971 180.949 4
    endloop
  endfacet
  facet normal 0 0 1
    outer loop
      vertex 132.872 180.75 4
      vertex 132.872 119.25 4
      vertex 132.971 119.051 4
    endloop
  endfacet
  facet normal -0 0 1
    outer loop
      vertex 132.749 180.565 4
      vertex 132.872 119.25 4
      vertex 132.872 180.75 4
    endloop
  endfacet
  facet normal 0 0 1
    outer loop
      vertex 132.749 180.565 4
      vertex 132.749 119.435 4
      vertex 132.872 119.25 4
    endloop
  endfacet
  facet normal -0 0 1
    outer loop
      vertex 132.602 180.398 4
      vertex 132.749 119.435 4
      vertex 132.749 180.565 4
    endloop
  endfacet
  facet normal 0 0 1
    outer loop
      vertex 132.602 180.398 4
      vertex 132.602 119.602 4
      vertex 132.749 119.435 4
    endloop
  endfacet
  facet normal 0 0 1
    outer loop
      vertex 122.1 138.6 4
      vertex 132.602 180.398 4
      vertex 132.435 180.251 4
    endloop
  endfacet
  facet normal 0 0 1
    outer loop
      vertex 132.602 180.398 4
      vertex 122.1 138.6 4
      vertex 132.602 119.602 4
    endloop
  endfacet
  facet normal 0 0 1
    outer loop
      vertex 122.1 138.6 4
      vertex 132.435 180.251 4
      vertex 132.25 180.128 4
    endloop
  endfacet
  facet normal 0 0 1
    outer loop
      vertex 132.602 119.602 4
      vertex 122.1 138.6 4
      vertex 132.435 119.749 4
    endloop
  endfacet
  facet normal 0 0 1
    outer loop
      vertex 122.1 138.6 4
      vertex 132.25 180.128 4
      vertex 132.051 180.029 4
    endloop
  endfacet
  facet normal 0 0 1
    outer loop
      vertex 132.435 119.749 4
      vertex 122.1 138.6 4
      vertex 132.25 119.872 4
    endloop
  endfacet
  facet normal 0 0 1
    outer loop
      vertex 122.1 138.6 4
      vertex 132.051 180.029 4
      vertex 131.84 179.958 4
    endloop
  endfacet
  facet normal 0 0 1
    outer loop
      vertex 132.25 119.872 4
      vertex 122.1 138.6 4
      vertex 132.051 119.971 4
    endloop
  endfacet
  facet normal 0 0 1
    outer loop
      vertex 122.1 138.6 4
      vertex 131.84 179.958 4
      vertex 131.622 179.915 4
    endloop
  endfacet
  facet normal 0 0 1
    outer loop
      vertex 132.051 119.971 4
      vertex 122.1 138.6 4
      vertex 131.84 120.042 4
    endloop
  endfacet
  facet normal 0 0 1
    outer loop
      vertex 122.1 138.6 4
      vertex 131.622 179.915 4
      vertex 131.4 179.9 4
    endloop
  endfacet
  facet normal 0 0 1
    outer loop
      vertex 131.84 120.042 4
      vertex 122.1 138.6 4
      vertex 131.622 120.085 4
    endloop
  endfacet
  facet normal 0 0 1
    outer loop
      vertex 122.1 138.6 4
      vertex 131.4 179.9 4
      vertex 131.178 179.915 4
    endloop
  endfacet
  facet normal 0 0 1
    outer loop
      vertex 131.622 120.085 4
      vertex 122.1 138.6 4
      vertex 131.4 120.1 4
    endloop
  endfacet
  facet normal 0 0 1
    outer loop
      vertex 122.1 138.6 4
      vertex 131.178 179.915 4
      vertex 130.96 179.958 4
    endloop
  endfacet
  facet normal -0 0 1
    outer loop
      vertex 122.1 124.6 4
      vertex 131.4 120.1 4
      vertex 122.1 138.6 4
    endloop
  endfacet
  facet normal 0 0 1
    outer loop
      vertex 122.1 138.6 4
      vertex 130.96 179.958 4
      vertex 130.749 180.029 4
    endloop
  endfacet
  facet normal 0 0 1
    outer loop
      vertex 131.4 120.1 4
      vertex 122.1 124.6 4
      vertex 131.178 120.085 4
    endloop
  endfacet
  facet normal 0 0 1
    outer loop
      vertex 122.1 138.6 4
      vertex 130.749 180.029 4
      vertex 130.55 180.128 4
    endloop
  endfacet
  facet normal 0 0 1
    outer loop
      vertex 131.178 120.085 4
      vertex 122.1 124.6 4
      vertex 130.96 120.042 4
    endloop
  endfacet
  facet normal 0 0 1
    outer loop
      vertex 122.1 138.6 4
      vertex 130.55 180.128 4
      vertex 130.365 180.251 4
    endloop
  endfacet
  facet normal 0 0 1
    outer loop
      vertex 130.96 120.042 4
      vertex 122.1 124.6 4
      vertex 130.749 119.971 4
    endloop
  endfacet
  facet normal 0 0 1
    outer loop
      vertex 112.5 183.6 4
      vertex 130.365 180.251 4
      vertex 130.198 180.398 4
    endloop
  endfacet
  facet normal 0 0 1
    outer loop
      vertex 130.749 119.971 4
      vertex 122.1 124.6 4
      vertex 130.55 119.872 4
    endloop
  endfacet
  facet normal 0 0 1
    outer loop
      vertex 112.5 183.6 4
      vertex 130.198 180.398 4
      vertex 130.051 180.565 4
    endloop
  endfacet
  facet normal 0 0 1
    outer loop
      vertex 130.55 119.872 4
      vertex 122.1 124.6 4
      vertex 130.365 119.749 4
    endloop
  endfacet
  facet normal 0 0 1
    outer loop
      vertex 112.5 183.6 4
      vertex 130.051 180.565 4
      vertex 129.928 180.75 4
    endloop
  endfacet
  facet normal 0 0 1
    outer loop
      vertex 130.365 119.749 4
      vertex 122.1 124.6 4
      vertex 130.198 119.602 4
    endloop
  endfacet
  facet normal 0 0 1
    outer loop
      vertex 112.5 183.6 4
      vertex 129.928 180.75 4
      vertex 129.829 180.949 4
    endloop
  endfacet
  facet normal 0 0 1
    outer loop
      vertex 130.198 119.602 4
      vertex 122.1 124.6 4
      vertex 130.051 119.435 4
    endloop
  endfacet
  facet normal 0 0 1
    outer loop
      vertex 112.5 183.6 4
      vertex 129.829 180.949 4
      vertex 129.758 181.16 4
    endloop
  endfacet
  facet normal 0 0 1
    outer loop
      vertex 130.051 119.435 4
      vertex 122.1 124.6 4
      vertex 129.928 119.25 4
    endloop
  endfacet
  facet normal 0 0 1
    outer loop
      vertex 112.5 183.6 4
      vertex 129.758 181.16 4
      vertex 129.715 181.378 4
    endloop
  endfacet
  facet normal 0 0 1
    outer loop
      vertex 129.928 119.25 4
      vertex 122.1 124.6 4
      vertex 129.829 119.051 4
    endloop
  endfacet
  facet normal 0 0 1
    outer loop
      vertex 112.5 183.6 4
      vertex 129.715 181.378 4
      vertex 129.7 181.6 4
    endloop
  endfacet
  facet normal 0 0 1
    outer loop
      vertex 129.829 119.051 4
      vertex 122.1 124.6 4
      vertex 129.758 118.84 4
    endloop
  endfacet
  facet normal 0 0 1
    outer loop
      vertex 132.051 183.171 4
      vertex 135.4 185.6 4
      vertex 135.366 186.122 4
    endloop
  endfacet
  facet normal 0 0 1
    outer loop
      vertex 133.085 181.378 4
      vertex 135.4 185.6 4
      vertex 133.1 181.6 4
    endloop
  endfacet
  facet normal 0 0 1
    outer loop
      vertex 131.84 183.242 4
      vertex 135.366 186.122 4
      vertex 135.264 186.635 4
    endloop
  endfacet
  facet normal 0 0 1
    outer loop
      vertex 133.042 181.16 4
      vertex 135.4 185.6 4
      vertex 133.085 181.378 4
    endloop
  endfacet
  facet normal 0 0 1
    outer loop
      vertex 131.84 183.242 4
      vertex 135.264 186.635 4
      vertex 135.096 187.131 4
    endloop
  endfacet
  facet normal -0 0 1
    outer loop
      vertex 133.085 118.178 4
      vertex 135.4 114.4 4
      vertex 133.1 118.4 4
    endloop
  endfacet
  facet normal 0 0 1
    outer loop
      vertex 131.84 183.242 4
      vertex 135.096 187.131 4
      vertex 134.864 187.6 4
    endloop
  endfacet
  facet normal -0 0 1
    outer loop
      vertex 133.042 117.96 4
      vertex 135.4 114.4 4
      vertex 133.085 118.178 4
    endloop
  endfacet
  facet normal 0 0 1
    outer loop
      vertex 131.622 183.285 4
      vertex 134.864 187.6 4
      vertex 134.573 188.035 4
    endloop
  endfacet
  facet normal -0 0 1
    outer loop
      vertex 132.971 117.749 4
      vertex 135.4 114.4 4
      vertex 133.042 117.96 4
    endloop
  endfacet
  facet normal 0 0 1
    outer loop
      vertex 131.622 183.285 4
      vertex 134.573 188.035 4
      vertex 134.228 188.428 4
    endloop
  endfacet
  facet normal -0 0 1
    outer loop
      vertex 132.872 117.55 4
      vertex 135.4 114.4 4
      vertex 132.971 117.749 4
    endloop
  endfacet
  facet normal 0 0 1
    outer loop
      vertex 131.622 183.285 4
      vertex 134.228 188.428 4
      vertex 133.835 188.773 4
    endloop
  endfacet
  facet normal -0 0 1
    outer loop
      vertex 132.749 117.365 4
      vertex 135.4 114.4 4
      vertex 132.872 117.55 4
    endloop
  endfacet
  facet normal 0 0 1
    outer loop
      vertex 131.622 183.285 4
      vertex 133.835 188.773 4
      vertex 133.4 189.064 4
    endloop
  endfacet
  facet normal -0 0 1
    outer loop
      vertex 132.602 117.198 4
      vertex 135.4 114.4 4
      vertex 132.749 117.365 4
    endloop
  endfacet
  facet normal -0 0 1
    outer loop
      vertex 132.435 117.051 4
      vertex 135.4 114.4 4
      vertex 132.602 117.198 4
    endloop
  endfacet
  facet normal 0 0 1
    outer loop
      vertex 135.4 185.6 4
      vertex 133.085 181.822 4
      vertex 133.1 181.6 4
    endloop
  endfacet
  facet normal 0 0 1
    outer loop
      vertex 135.4 185.6 4
      vertex 133.042 182.04 4
      vertex 133.085 181.822 4
    endloop
  endfacet
  facet normal 0 0 1
    outer loop
      vertex 135.4 185.6 4
      vertex 132.971 182.251 4
      vertex 133.042 182.04 4
    endloop
  endfacet
  facet normal 0 0 1
    outer loop
      vertex 131.622 183.285 4
      vertex 133.4 189.064 4
      vertex 132.931 189.296 4
    endloop
  endfacet
  facet normal 0 0 1
    outer loop
      vertex 135.4 185.6 4
      vertex 132.872 182.45 4
      vertex 132.971 182.251 4
    endloop
  endfacet
  facet normal 0 0 1
    outer loop
      vertex 135.4 185.6 4
      vertex 132.749 182.635 4
      vertex 132.872 182.45 4
    endloop
  endfacet
  facet normal 0 0 1
    outer loop
      vertex 135.4 185.6 4
      vertex 132.602 182.802 4
      vertex 132.749 182.635 4
    endloop
  endfacet
  facet normal 0 0 1
    outer loop
      vertex 131.4 183.3 4
      vertex 132.931 189.296 4
      vertex 132.435 189.464 4
    endloop
  endfacet
  facet normal 0 0 1
    outer loop
      vertex 135.4 185.6 4
      vertex 132.435 182.949 4
      vertex 132.602 182.802 4
    endloop
  endfacet
  facet normal 0 0 1
    outer loop
      vertex 135.4 185.6 4
      vertex 132.25 183.072 4
      vertex 132.435 182.949 4
    endloop
  endfacet
  facet normal 0 0 1
    outer loop
      vertex 135.4 185.6 4
      vertex 132.051 183.171 4
      vertex 132.25 183.072 4
    endloop
  endfacet
  facet normal 0 0 1
    outer loop
      vertex 131.4 183.3 4
      vertex 132.435 189.464 4
      vertex 131.922 189.566 4
    endloop
  endfacet
  facet normal 0 0 1
    outer loop
      vertex 135.366 186.122 4
      vertex 131.84 183.242 4
      vertex 132.051 183.171 4
    endloop
  endfacet
  facet normal 0 0 1
    outer loop
      vertex 134.864 187.6 4
      vertex 131.622 183.285 4
      vertex 131.84 183.242 4
    endloop
  endfacet
  facet normal 0 0 1
    outer loop
      vertex 131.4 183.3 4
      vertex 131.922 189.566 4
      vertex 131.4 189.6 4
    endloop
  endfacet
  facet normal 0 0 1
    outer loop
      vertex 132.931 189.296 4
      vertex 131.4 183.3 4
      vertex 131.622 183.285 4
    endloop
  endfacet
  facet normal 0 0 1
    outer loop
      vertex 131.4 189.6 4
      vertex 131.178 183.285 4
      vertex 131.4 183.3 4
    endloop
  endfacet
  facet normal 0 0 1
    outer loop
      vertex 131.4 189.6 4
      vertex 130.96 183.242 4
      vertex 131.178 183.285 4
    endloop
  endfacet
  facet normal 0 0 1
    outer loop
      vertex 131.4 189.6 4
      vertex 130.749 183.171 4
      vertex 130.96 183.242 4
    endloop
  endfacet
  facet normal 0 0 1
    outer loop
      vertex 131.4 189.6 4
      vertex 130.55 183.072 4
      vertex 130.749 183.171 4
    endloop
  endfacet
  facet normal 0 0 1
    outer loop
      vertex 131.4 189.6 4
      vertex 130.365 182.949 4
      vertex 130.55 183.072 4
    endloop
  endfacet
  facet normal 0 0 1
    outer loop
      vertex 131.4 189.6 4
      vertex 130.198 182.802 4
      vertex 130.365 182.949 4
    endloop
  endfacet
  facet normal 0 0 1
    outer loop
      vertex 131.4 189.6 4
      vertex 130.051 182.635 4
      vertex 130.198 182.802 4
    endloop
  endfacet
  facet normal 0 0 1
    outer loop
      vertex 131.4 189.6 4
      vertex 129.928 182.45 4
      vertex 130.051 182.635 4
    endloop
  endfacet
  facet normal -0 0 1
    outer loop
      vertex 112.5 189.6 4
      vertex 129.928 182.45 4
      vertex 131.4 189.6 4
    endloop
  endfacet
  facet normal 0 0 1
    outer loop
      vertex 129.928 182.45 4
      vertex 112.5 189.6 4
      vertex 129.829 182.251 4
    endloop
  endfacet
  facet normal 0 0 1
    outer loop
      vertex 129.758 118.84 4
      vertex 122.1 124.6 4
      vertex 129.715 118.622 4
    endloop
  endfacet
  facet normal 0 0 1
    outer loop
      vertex 112.5 183.6 4
      vertex 129.7 181.6 4
      vertex 129.715 181.822 4
    endloop
  endfacet
  facet normal -0 0 1
    outer loop
      vertex 112.5 183.6 4
      vertex 129.829 182.251 4
      vertex 112.5 189.6 4
    endloop
  endfacet
  facet normal 0 0 1
    outer loop
      vertex 129.829 182.251 4
      vertex 112.5 183.6 4
      vertex 129.758 182.04 4
    endloop
  endfacet
  facet normal 0 0 1
    outer loop
      vertex 129.758 182.04 4
      vertex 112.5 183.6 4
      vertex 129.715 181.822 4
    endloop
  endfacet
  facet normal 0 0 1
    outer loop
      vertex 130.365 180.251 4
      vertex 112.5 183.6 4
      vertex 122.1 138.6 4
    endloop
  endfacet
  facet normal 0 0 1
    outer loop
      vertex 112.5 183.6 4
      vertex 107.1 138.6 4
      vertex 122.1 138.6 4
    endloop
  endfacet
  facet normal 0 0 1
    outer loop
      vertex 101.25 115 4
      vertex 107.1 138.6 4
      vertex 104.5 183.6 4
    endloop
  endfacet
  facet normal -0 0 1
    outer loop
      vertex 104.5 183.6 4
      vertex 107.1 138.6 4
      vertex 112.5 183.6 4
    endloop
  endfacet
  facet normal -0 0 1
    outer loop
      vertex 132.25 116.928 4
      vertex 135.4 114.4 4
      vertex 132.435 117.051 4
    endloop
  endfacet
  facet normal -0 0 1
    outer loop
      vertex 132.051 116.829 4
      vertex 135.4 114.4 4
      vertex 132.25 116.928 4
    endloop
  endfacet
  facet normal 0 0 1
    outer loop
      vertex 135.4 114.4 4
      vertex 132.051 116.829 4
      vertex 135.366 113.878 4
    endloop
  endfacet
  facet normal -0 0 1
    outer loop
      vertex 131.84 116.758 4
      vertex 135.366 113.878 4
      vertex 132.051 116.829 4
    endloop
  endfacet
  facet normal 0 0 1
    outer loop
      vertex 135.366 113.878 4
      vertex 131.84 116.758 4
      vertex 135.264 113.365 4
    endloop
  endfacet
  facet normal 0 0 1
    outer loop
      vertex 135.264 113.365 4
      vertex 131.84 116.758 4
      vertex 135.096 112.869 4
    endloop
  endfacet
  facet normal 0 0 1
    outer loop
      vertex 135.096 112.869 4
      vertex 131.84 116.758 4
      vertex 134.864 112.4 4
    endloop
  endfacet
  facet normal -0 0 1
    outer loop
      vertex 131.622 116.715 4
      vertex 134.864 112.4 4
      vertex 131.84 116.758 4
    endloop
  endfacet
  facet normal 0 0 1
    outer loop
      vertex 134.864 112.4 4
      vertex 131.622 116.715 4
      vertex 134.573 111.965 4
    endloop
  endfacet
  facet normal 0 0 1
    outer loop
      vertex 134.573 111.965 4
      vertex 131.622 116.715 4
      vertex 134.228 111.572 4
    endloop
  endfacet
  facet normal 0 0 1
    outer loop
      vertex 134.228 111.572 4
      vertex 131.622 116.715 4
      vertex 133.835 111.227 4
    endloop
  endfacet
  facet normal 0 0 1
    outer loop
      vertex 133.835 111.227 4
      vertex 131.622 116.715 4
      vertex 133.4 110.936 4
    endloop
  endfacet
  facet normal 0 0 1
    outer loop
      vertex 133.4 110.936 4
      vertex 131.622 116.715 4
      vertex 132.931 110.704 4
    endloop
  endfacet
  facet normal -0 0 1
    outer loop
      vertex 131.4 116.7 4
      vertex 132.931 110.704 4
      vertex 131.622 116.715 4
    endloop
  endfacet
  facet normal 0 0 1
    outer loop
      vertex 132.931 110.704 4
      vertex 131.4 116.7 4
      vertex 132.435 110.536 4
    endloop
  endfacet
  facet normal 0 0 1
    outer loop
      vertex 132.435 110.536 4
      vertex 131.4 116.7 4
      vertex 131.922 110.434 4
    endloop
  endfacet
  facet normal 0 0 1
    outer loop
      vertex 131.4 116.7 4
      vertex 131.4 110.4 4
      vertex 131.922 110.434 4
    endloop
  endfacet
  facet normal 0 0 1
    outer loop
      vertex 131.178 116.715 4
      vertex 131.4 110.4 4
      vertex 131.4 116.7 4
    endloop
  endfacet
  facet normal 0 0 1
    outer loop
      vertex 130.96 116.758 4
      vertex 131.4 110.4 4
      vertex 131.178 116.715 4
    endloop
  endfacet
  facet normal 0 0 1
    outer loop
      vertex 130.749 116.829 4
      vertex 131.4 110.4 4
      vertex 130.96 116.758 4
    endloop
  endfacet
  facet normal 0 0 1
    outer loop
      vertex 130.55 116.928 4
      vertex 131.4 110.4 4
      vertex 130.749 116.829 4
    endloop
  endfacet
  facet normal 0 0 1
    outer loop
      vertex 130.365 117.051 4
      vertex 131.4 110.4 4
      vertex 130.55 116.928 4
    endloop
  endfacet
  facet normal 0 0 1
    outer loop
      vertex 130.198 117.198 4
      vertex 131.4 110.4 4
      vertex 130.365 117.051 4
    endloop
  endfacet
  facet normal 0 0 1
    outer loop
      vertex 130.051 117.365 4
      vertex 131.4 110.4 4
      vertex 130.198 117.198 4
    endloop
  endfacet
  facet normal 0 0 1
    outer loop
      vertex 129.928 117.55 4
      vertex 131.4 110.4 4
      vertex 130.051 117.365 4
    endloop
  endfacet
  facet normal 0 0 1
    outer loop
      vertex 122.1 124.6 4
      vertex 129.928 117.55 4
      vertex 129.829 117.749 4
    endloop
  endfacet
  facet normal 0 0 1
    outer loop
      vertex 122.1 124.6 4
      vertex 129.829 117.749 4
      vertex 129.758 117.96 4
    endloop
  endfacet
  facet normal 0 0 1
    outer loop
      vertex 129.715 118.622 4
      vertex 122.1 124.6 4
      vertex 129.7 118.4 4
    endloop
  endfacet
  facet normal 0 0 1
    outer loop
      vertex 129.7 118.4 4
      vertex 122.1 124.6 4
      vertex 129.715 118.178 4
    endloop
  endfacet
  facet normal 0 0 1
    outer loop
      vertex 129.715 118.178 4
      vertex 122.1 124.6 4
      vertex 129.758 117.96 4
    endloop
  endfacet
  facet normal 0 0 1
    outer loop
      vertex 129.928 117.55 4
      vertex 122.1 124.6 4
      vertex 131.4 110.4 4
    endloop
  endfacet
  facet normal 0 0 1
    outer loop
      vertex 101.214 114.445 4
      vertex 122.1 124.6 4
      vertex 107.1 124.6 4
    endloop
  endfacet
  facet normal 0 0 1
    outer loop
      vertex 107.1 138.6 4
      vertex 101.25 115 4
      vertex 107.1 124.6 4
    endloop
  endfacet
  facet normal 0 0 1
    outer loop
      vertex 101.214 114.445 4
      vertex 107.1 124.6 4
      vertex 101.25 115 4
    endloop
  endfacet
  facet normal 0 0 1
    outer loop
      vertex 101.105 113.9 4
      vertex 122.1 124.6 4
      vertex 101.214 114.445 4
    endloop
  endfacet
  facet normal 0 0 1
    outer loop
      vertex 122.1 124.6 4
      vertex 101.105 113.9 4
      vertex 131.4 110.4 4
    endloop
  endfacet
  facet normal -0 0 1
    outer loop
      vertex 100.926 113.374 4
      vertex 131.4 110.4 4
      vertex 101.105 113.9 4
    endloop
  endfacet
  facet normal -0 0 1
    outer loop
      vertex 100.681 112.875 4
      vertex 131.4 110.4 4
      vertex 100.926 113.374 4
    endloop
  endfacet
  facet normal -0 0 1
    outer loop
      vertex 100.372 112.413 4
      vertex 131.4 110.4 4
      vertex 100.681 112.875 4
    endloop
  endfacet
  facet normal -0 0 1
    outer loop
      vertex 100.005 111.995 4
      vertex 131.4 110.4 4
      vertex 100.372 112.413 4
    endloop
  endfacet
  facet normal -0 0 1
    outer loop
      vertex 99.5872 111.628 4
      vertex 131.4 110.4 4
      vertex 100.005 111.995 4
    endloop
  endfacet
  facet normal -0 0 1
    outer loop
      vertex 99.125 111.319 4
      vertex 131.4 110.4 4
      vertex 99.5872 111.628 4
    endloop
  endfacet
  facet normal -0 0 1
    outer loop
      vertex 98.6264 111.074 4
      vertex 131.4 110.4 4
      vertex 99.125 111.319 4
    endloop
  endfacet
  facet normal -0 0 1
    outer loop
      vertex 98.1 110.895 4
      vertex 131.4 110.4 4
      vertex 98.6264 111.074 4
    endloop
  endfacet
  facet normal -0 0 1
    outer loop
      vertex 97.5547 110.786 4
      vertex 131.4 110.4 4
      vertex 98.1 110.895 4
    endloop
  endfacet
  facet normal -0 0 1
    outer loop
      vertex 97 110.75 4
      vertex 131.4 110.4 4
      vertex 97.5547 110.786 4
    endloop
  endfacet
  facet normal 0 0 1
    outer loop
      vertex 92.8948 116.1 4
      vertex 72 115.4 4
      vertex 92.7864 115.555 4
    endloop
  endfacet
  facet normal 0 0 1
    outer loop
      vertex 92.7864 115.555 4
      vertex 72 115.4 4
      vertex 92.75 115 4
    endloop
  endfacet
  facet normal 0 0 1
    outer loop
      vertex 92.75 115 4
      vertex 72 115.4 4
      vertex 92.7864 114.445 4
    endloop
  endfacet
  facet normal 0 0 1
    outer loop
      vertex 92.7864 114.445 4
      vertex 72 115.4 4
      vertex 92.8948 113.9 4
    endloop
  endfacet
  facet normal -0 0 1
    outer loop
      vertex 81 163.75 4
      vertex 82.1 156.9 4
      vertex 81 168.25 4
    endloop
  endfacet
  facet normal -0 0 1
    outer loop
      vertex 81 163 4
      vertex 82.1 156.9 4
      vertex 81 163.75 4
    endloop
  endfacet
  facet normal -0 0 1
    outer loop
      vertex 73 163 4
      vertex 82.1 156.9 4
      vertex 81 163 4
    endloop
  endfacet
  facet normal 0 0 1
    outer loop
      vertex 82.1 156.9 4
      vertex 73 163 4
      vertex 82.1 133.1 4
    endloop
  endfacet
  facet normal 0 0 1
    outer loop
      vertex 72 123.4 4
      vertex 82.1 133.1 4
      vertex 73 163 4
    endloop
  endfacet
  facet normal 0 0 1
    outer loop
      vertex 92.8948 113.9 4
      vertex 72 115.4 4
      vertex 93.0735 113.374 4
    endloop
  endfacet
  facet normal 0 0 1
    outer loop
      vertex 93.0735 113.374 4
      vertex 72 115.4 4
      vertex 93.3194 112.875 4
    endloop
  endfacet
  facet normal 0 0 1
    outer loop
      vertex 93.3194 112.875 4
      vertex 72 115.4 4
      vertex 93.6283 112.413 4
    endloop
  endfacet
  facet normal 0 0 1
    outer loop
      vertex 93.6283 112.413 4
      vertex 72 115.4 4
      vertex 93.9948 111.995 4
    endloop
  endfacet
  facet normal 0 0 1
    outer loop
      vertex 93.9948 111.995 4
      vertex 72 115.4 4
      vertex 94.4128 111.628 4
    endloop
  endfacet
  facet normal 0 0 1
    outer loop
      vertex 94.4128 111.628 4
      vertex 72 115.4 4
      vertex 94.875 111.319 4
    endloop
  endfacet
  facet normal 0 0 1
    outer loop
      vertex 72 115.4 4
      vertex 95.3736 111.074 4
      vertex 94.875 111.319 4
    endloop
  endfacet
  facet normal -0 0 1
    outer loop
      vertex 71.25 115.4 4
      vertex 95.3736 111.074 4
      vertex 72 115.4 4
    endloop
  endfacet
  facet normal 0 0 1
    outer loop
      vertex 95.3736 111.074 4
      vertex 71.25 115.4 4
      vertex 95.9 110.895 4
    endloop
  endfacet
  facet normal -0 0 1
    outer loop
      vertex 66.75 115.4 4
      vertex 95.9 110.895 4
      vertex 71.25 115.4 4
    endloop
  endfacet
  facet normal 0 0 1
    outer loop
      vertex 66.75 115.4 4
      vertex 71.25 115.4 4
      vertex 66.75 123.4 4
    endloop
  endfacet
  facet normal -0 0 1
    outer loop
      vertex 42.6264 111.074 4
      vertex 95.9 110.895 4
      vertex 66.75 115.4 4
    endloop
  endfacet
  facet normal 0 0 1
    outer loop
      vertex 42.6264 111.074 4
      vertex 66.75 115.4 4
      vertex 66 115.4 4
    endloop
  endfacet
  facet normal -0 0 1
    outer loop
      vertex 52.9265 183.374 4
      vertex 73 169 4
      vertex 53.1052 183.9 4
    endloop
  endfacet
  facet normal -0 0 1
    outer loop
      vertex 52.6806 182.875 4
      vertex 73 169 4
      vertex 52.9265 183.374 4
    endloop
  endfacet
  facet normal -0 0 1
    outer loop
      vertex 52.3717 182.413 4
      vertex 73 169 4
      vertex 52.6806 182.875 4
    endloop
  endfacet
  facet normal -0 0 1
    outer loop
      vertex 52.0052 181.995 4
      vertex 73 169 4
      vertex 52.3717 182.413 4
    endloop
  endfacet
  facet normal -0 0 1
    outer loop
      vertex 51.5872 181.628 4
      vertex 73 169 4
      vertex 52.0052 181.995 4
    endloop
  endfacet
  facet normal -0 0 1
    outer loop
      vertex 51.125 181.319 4
      vertex 73 169 4
      vertex 51.5872 181.628 4
    endloop
  endfacet
  facet normal 0 0 1
    outer loop
      vertex 73 168.25 4
      vertex 51.125 181.319 4
      vertex 50.6264 181.074 4
    endloop
  endfacet
  facet normal 0 0 1
    outer loop
      vertex 73 163.75 4
      vertex 50.1 180.895 4
      vertex 73 163 4
    endloop
  endfacet
  facet normal 0 0 1
    outer loop
      vertex 73 163 4
      vertex 50.1 180.895 4
      vertex 49.5547 180.786 4
    endloop
  endfacet
  facet normal 0 0 1
    outer loop
      vertex 73 163 4
      vertex 49.5547 180.786 4
      vertex 49 180.75 4
    endloop
  endfacet
  facet normal 0 0 1
    outer loop
      vertex 48.4453 180.786 4
      vertex 73 163 4
      vertex 49 180.75 4
    endloop
  endfacet
  facet normal 0 0 1
    outer loop
      vertex 45.2136 115.555 4
      vertex 73 163 4
      vertex 48.4453 180.786 4
    endloop
  endfacet
  facet normal 0 0 1
    outer loop
      vertex 45.2136 115.555 4
      vertex 66 123.4 4
      vertex 73 163 4
    endloop
  endfacet
  facet normal 0 0 1
    outer loop
      vertex 45.2136 115.555 4
      vertex 48.4453 180.786 4
      vertex 47.9 180.895 4
    endloop
  endfacet
  facet normal 0 0 1
    outer loop
      vertex 45.2136 115.555 4
      vertex 47.9 180.895 4
      vertex 47.3736 181.074 4
    endloop
  endfacet
  facet normal 0 0 1
    outer loop
      vertex 45.2136 115.555 4
      vertex 47.3736 181.074 4
      vertex 46.875 181.319 4
    endloop
  endfacet
  facet normal 0 0 1
    outer loop
      vertex 45.2136 115.555 4
      vertex 46.875 181.319 4
      vertex 46.4128 181.628 4
    endloop
  endfacet
  facet normal 0 0 1
    outer loop
      vertex 45.2136 115.555 4
      vertex 46.4128 181.628 4
      vertex 45.9948 181.995 4
    endloop
  endfacet
  facet normal 0 0 1
    outer loop
      vertex 45.2136 115.555 4
      vertex 45.9948 181.995 4
      vertex 45.6283 182.413 4
    endloop
  endfacet
  facet normal 0 0 1
    outer loop
      vertex 33.5 183.6 4
      vertex 45.6283 182.413 4
      vertex 45.3194 182.875 4
    endloop
  endfacet
  facet normal -0 0 1
    outer loop
      vertex 45.2136 115.555 4
      vertex 66 115.4 4
      vertex 66 123.4 4
    endloop
  endfacet
  facet normal 0 0 1
    outer loop
      vertex 45.2136 114.445 4
      vertex 66 115.4 4
      vertex 45.25 115 4
    endloop
  endfacet
  facet normal 0 0 1
    outer loop
      vertex 45.1052 113.9 4
      vertex 66 115.4 4
      vertex 45.2136 114.445 4
    endloop
  endfacet
  facet normal 0 0 1
    outer loop
      vertex 44.9265 113.374 4
      vertex 66 115.4 4
      vertex 45.1052 113.9 4
    endloop
  endfacet
  facet normal 0 0 1
    outer loop
      vertex 44.6806 112.875 4
      vertex 66 115.4 4
      vertex 44.9265 113.374 4
    endloop
  endfacet
  facet normal 0 0 1
    outer loop
      vertex 44.3717 112.413 4
      vertex 66 115.4 4
      vertex 44.6806 112.875 4
    endloop
  endfacet
  facet normal 0 0 1
    outer loop
      vertex 44.0052 111.995 4
      vertex 66 115.4 4
      vertex 44.3717 112.413 4
    endloop
  endfacet
  facet normal 0 0 1
    outer loop
      vertex 43.5872 111.628 4
      vertex 66 115.4 4
      vertex 44.0052 111.995 4
    endloop
  endfacet
  facet normal 0 0 1
    outer loop
      vertex 43.125 111.319 4
      vertex 66 115.4 4
      vertex 43.5872 111.628 4
    endloop
  endfacet
  facet normal 0 0 1
    outer loop
      vertex 42.6264 111.074 4
      vertex 66 115.4 4
      vertex 43.125 111.319 4
    endloop
  endfacet
  facet normal 0 0 1
    outer loop
      vertex 42.1 110.895 4
      vertex 95.9 110.895 4
      vertex 42.6264 111.074 4
    endloop
  endfacet
  facet normal 0 0 1
    outer loop
      vertex 95.9 110.895 4
      vertex 42.1 110.895 4
      vertex 96.4453 110.786 4
    endloop
  endfacet
  facet normal 0 0 1
    outer loop
      vertex 41.5547 110.786 4
      vertex 96.4453 110.786 4
      vertex 42.1 110.895 4
    endloop
  endfacet
  facet normal 0 0 1
    outer loop
      vertex 96.4453 110.786 4
      vertex 41.5547 110.786 4
      vertex 97 110.75 4
    endloop
  endfacet
  facet normal 0 0 1
    outer loop
      vertex 41 110.75 4
      vertex 97 110.75 4
      vertex 41.5547 110.786 4
    endloop
  endfacet
  facet normal 0 0 1
    outer loop
      vertex 97 110.75 4
      vertex 41 110.75 4
      vertex 131.4 110.4 4
    endloop
  endfacet
  facet normal -0 0 1
    outer loop
      vertex 24.2855 118.178 4
      vertex 36.8948 116.1 4
      vertex 24.3 118.4 4
    endloop
  endfacet
  facet normal 0 0 1
    outer loop
      vertex 24.2855 181.378 4
      vertex 25.5 183.6 4
      vertex 24.3 181.6 4
    endloop
  endfacet
  facet normal 0 0 1
    outer loop
      vertex 37.3194 117.125 4
      vertex 24.3 118.4 4
      vertex 37.0735 116.626 4
    endloop
  endfacet
  facet normal 0 0 1
    outer loop
      vertex 36.8948 116.1 4
      vertex 24.2855 118.178 4
      vertex 36.7864 115.555 4
    endloop
  endfacet
  facet normal -0 0 1
    outer loop
      vertex 24.2421 117.96 4
      vertex 36.7864 115.555 4
      vertex 24.2855 118.178 4
    endloop
  endfacet
  facet normal -0 0 1
    outer loop
      vertex 24.1706 117.749 4
      vertex 36.7864 115.555 4
      vertex 24.2421 117.96 4
    endloop
  endfacet
  facet normal 0 0 1
    outer loop
      vertex 36.7864 115.555 4
      vertex 24.1706 117.749 4
      vertex 36.75 115 4
    endloop
  endfacet
  facet normal -0 0 1
    outer loop
      vertex 24.0722 117.55 4
      vertex 36.75 115 4
      vertex 24.1706 117.749 4
    endloop
  endfacet
  facet normal 0 0 1
    outer loop
      vertex 36.75 115 4
      vertex 24.0722 117.55 4
      vertex 36.7864 114.445 4
    endloop
  endfacet
  facet normal -0 0 1
    outer loop
      vertex 23.9487 117.365 4
      vertex 36.7864 114.445 4
      vertex 24.0722 117.55 4
    endloop
  endfacet
  facet normal 0 0 1
    outer loop
      vertex 36.7864 114.445 4
      vertex 23.9487 117.365 4
      vertex 36.8948 113.9 4
    endloop
  endfacet
  facet normal 0 0 1
    outer loop
      vertex 22.6 110.4 4
      vertex 36.8948 113.9 4
      vertex 23.9487 117.365 4
    endloop
  endfacet
  facet normal 0 0 1
    outer loop
      vertex 36.8948 113.9 4
      vertex 22.6 110.4 4
      vertex 37.0735 113.374 4
    endloop
  endfacet
  facet normal 0 0 1
    outer loop
      vertex 37.0735 113.374 4
      vertex 22.6 110.4 4
      vertex 37.3194 112.875 4
    endloop
  endfacet
  facet normal 0 0 1
    outer loop
      vertex 37.3194 112.875 4
      vertex 22.6 110.4 4
      vertex 37.6283 112.413 4
    endloop
  endfacet
  facet normal 0 0 1
    outer loop
      vertex 37.6283 112.413 4
      vertex 22.6 110.4 4
      vertex 37.9948 111.995 4
    endloop
  endfacet
  facet normal 0 0 1
    outer loop
      vertex 37.9948 111.995 4
      vertex 22.6 110.4 4
      vertex 38.4128 111.628 4
    endloop
  endfacet
  facet normal 0 0 1
    outer loop
      vertex 38.4128 111.628 4
      vertex 22.6 110.4 4
      vertex 38.875 111.319 4
    endloop
  endfacet
  facet normal 0 0 1
    outer loop
      vertex 22.6 110.4 4
      vertex 23.9487 117.365 4
      vertex 23.8021 117.198 4
    endloop
  endfacet
  facet normal 0 0 1
    outer loop
      vertex 22.6 110.4 4
      vertex 23.8021 117.198 4
      vertex 23.6349 117.051 4
    endloop
  endfacet
  facet normal 0 0 1
    outer loop
      vertex 22.6 110.4 4
      vertex 23.6349 117.051 4
      vertex 23.45 116.928 4
    endloop
  endfacet
  facet normal 0 0 1
    outer loop
      vertex 22.6 110.4 4
      vertex 23.45 116.928 4
      vertex 23.2506 116.829 4
    endloop
  endfacet
  facet normal 0 0 1
    outer loop
      vertex 22.6 110.4 4
      vertex 23.2506 116.829 4
      vertex 23.04 116.758 4
    endloop
  endfacet
  facet normal 0 0 1
    outer loop
      vertex 22.6 110.4 4
      vertex 23.04 116.758 4
      vertex 22.8219 116.715 4
    endloop
  endfacet
  facet normal 0 0 1
    outer loop
      vertex 22.6 110.4 4
      vertex 22.8219 116.715 4
      vertex 22.6 116.7 4
    endloop
  endfacet
  facet normal 0 0 1
    outer loop
      vertex 38.875 111.319 4
      vertex 22.6 110.4 4
      vertex 39.3736 111.074 4
    endloop
  endfacet
  facet normal 0 0 1
    outer loop
      vertex 41 110.75 4
      vertex 22.6 110.4 4
      vertex 131.4 110.4 4
    endloop
  endfacet
  facet normal 0 0 1
    outer loop
      vertex 40.4453 110.786 4
      vertex 22.6 110.4 4
      vertex 41 110.75 4
    endloop
  endfacet
  facet normal 0 0 1
    outer loop
      vertex 39.9 110.895 4
      vertex 22.6 110.4 4
      vertex 40.4453 110.786 4
    endloop
  endfacet
  facet normal 0 0 1
    outer loop
      vertex 39.3736 111.074 4
      vertex 22.6 110.4 4
      vertex 39.9 110.895 4
    endloop
  endfacet
  facet normal 0 0 1
    outer loop
      vertex 21.0693 110.704 4
      vertex 22.6 116.7 4
      vertex 22.3781 116.715 4
    endloop
  endfacet
  facet normal 0 0 1
    outer loop
      vertex 19.1359 112.4 4
      vertex 22.3781 116.715 4
      vertex 22.16 116.758 4
    endloop
  endfacet
  facet normal 0 0 1
    outer loop
      vertex 22.6 116.7 4
      vertex 22.0779 110.434 4
      vertex 22.6 110.4 4
    endloop
  endfacet
  facet normal 0 0 1
    outer loop
      vertex 18.6342 113.878 4
      vertex 22.16 116.758 4
      vertex 21.9494 116.829 4
    endloop
  endfacet
  facet normal 0 0 1
    outer loop
      vertex 18.6 114.4 4
      vertex 21.9494 116.829 4
      vertex 21.75 116.928 4
    endloop
  endfacet
  facet normal 0 0 1
    outer loop
      vertex 18.6 114.4 4
      vertex 21.75 116.928 4
      vertex 21.5651 117.051 4
    endloop
  endfacet
  facet normal 0 0 1
    outer loop
      vertex 22.6 116.7 4
      vertex 21.5647 110.536 4
      vertex 22.0779 110.434 4
    endloop
  endfacet
  facet normal 0 0 1
    outer loop
      vertex 18.6 114.4 4
      vertex 21.5651 117.051 4
      vertex 21.3979 117.198 4
    endloop
  endfacet
  facet normal 0 0 1
    outer loop
      vertex 18.6 114.4 4
      vertex 21.3979 117.198 4
      vertex 21.2513 117.365 4
    endloop
  endfacet
  facet normal 0 0 1
    outer loop
      vertex 18.6 114.4 4
      vertex 21.2513 117.365 4
      vertex 21.1278 117.55 4
    endloop
  endfacet
  facet normal 0 0 1
    outer loop
      vertex 22.6 116.7 4
      vertex 21.0693 110.704 4
      vertex 21.5647 110.536 4
    endloop
  endfacet
  facet normal 0 0 1
    outer loop
      vertex 18.6 114.4 4
      vertex 21.1278 117.55 4
      vertex 21.0294 117.749 4
    endloop
  endfacet
  facet normal 0 0 1
    outer loop
      vertex 18.6 114.4 4
      vertex 21.0294 117.749 4
      vertex 20.9579 117.96 4
    endloop
  endfacet
  facet normal 0 0 1
    outer loop
      vertex 18.6 114.4 4
      vertex 20.9579 117.96 4
      vertex 20.9145 118.178 4
    endloop
  endfacet
  facet normal 0 0 1
    outer loop
      vertex 18.6 114.4 4
      vertex 20.9145 118.178 4
      vertex 20.9 118.4 4
    endloop
  endfacet
  facet normal 0 0 1
    outer loop
      vertex 21.9494 116.829 4
      vertex 18.6 114.4 4
      vertex 18.6342 113.878 4
    endloop
  endfacet
  facet normal 0 0 1
    outer loop
      vertex 20.9579 118.84 4
      vertex 18.6 114.4 4
      vertex 20.9145 118.622 4
    endloop
  endfacet
  facet normal 0 0 1
    outer loop
      vertex 21.0294 182.251 4
      vertex 18.6 185.6 4
      vertex 20.9579 182.04 4
    endloop
  endfacet
  facet normal 0 0 1
    outer loop
      vertex 20.9145 118.622 4
      vertex 18.6 114.4 4
      vertex 20.9 118.4 4
    endloop
  endfacet
  facet normal 0 0 1
    outer loop
      vertex 21.9494 183.171 4
      vertex 18.6 185.6 4
      vertex 21.75 183.072 4
    endloop
  endfacet
  facet normal 0 0 1
    outer loop
      vertex 22.3781 116.715 4
      vertex 20.6 110.936 4
      vertex 21.0693 110.704 4
    endloop
  endfacet
  facet normal 0 0 1
    outer loop
      vertex 21.75 183.072 4
      vertex 18.6 185.6 4
      vertex 21.5651 182.949 4
    endloop
  endfacet
  facet normal 0 0 1
    outer loop
      vertex 22.3781 116.715 4
      vertex 20.165 111.227 4
      vertex 20.6 110.936 4
    endloop
  endfacet
  facet normal 0 0 1
    outer loop
      vertex 21.5651 182.949 4
      vertex 18.6 185.6 4
      vertex 21.3979 182.802 4
    endloop
  endfacet
  facet normal 0 0 1
    outer loop
      vertex 22.3781 116.715 4
      vertex 19.7716 111.572 4
      vertex 20.165 111.227 4
    endloop
  endfacet
  facet normal 0 0 1
    outer loop
      vertex 21.3979 182.802 4
      vertex 18.6 185.6 4
      vertex 21.2513 182.635 4
    endloop
  endfacet
  facet normal 0 0 1
    outer loop
      vertex 22.3781 116.715 4
      vertex 19.4266 111.965 4
      vertex 19.7716 111.572 4
    endloop
  endfacet
  facet normal 0 0 1
    outer loop
      vertex 21.2513 182.635 4
      vertex 18.6 185.6 4
      vertex 21.1278 182.45 4
    endloop
  endfacet
  facet normal 0 0 1
    outer loop
      vertex 22.3781 116.715 4
      vertex 19.1359 112.4 4
      vertex 19.4266 111.965 4
    endloop
  endfacet
  facet normal 0 0 1
    outer loop
      vertex 21.1278 182.45 4
      vertex 18.6 185.6 4
      vertex 21.0294 182.251 4
    endloop
  endfacet
  facet normal 0 0 1
    outer loop
      vertex 22.16 116.758 4
      vertex 18.9045 112.869 4
      vertex 19.1359 112.4 4
    endloop
  endfacet
  facet normal 0 0 1
    outer loop
      vertex 22.16 116.758 4
      vertex 18.7363 113.365 4
      vertex 18.9045 112.869 4
    endloop
  endfacet
  facet normal 0 0 1
    outer loop
      vertex 22.16 116.758 4
      vertex 18.6342 113.878 4
      vertex 18.7363 113.365 4
    endloop
  endfacet
  facet normal 0.947145 -0.320807 0
    outer loop
      vertex 135.096 112.869 4
      vertex 135.264 113.365 0
      vertex 135.264 113.365 4
    endloop
  endfacet
  facet normal 0.947145 -0.320807 0
    outer loop
      vertex 135.264 113.365 0
      vertex 135.096 112.869 4
      vertex 135.096 112.869 0
    endloop
  endfacet
  facet normal 0.947101 0.320937 0
    outer loop
      vertex 21.0294 117.749 4
      vertex 20.9579 117.96 0
      vertex 20.9579 117.96 4
    endloop
  endfacet
  facet normal 0.947101 0.320937 0
    outer loop
      vertex 20.9579 117.96 0
      vertex 21.0294 117.749 4
      vertex 21.0294 117.749 0
    endloop
  endfacet
  facet normal -0.319466 0.947598 0
    outer loop
      vertex 23.2506 116.829 0
      vertex 23.04 116.758 4
      vertex 23.2506 116.829 4
    endloop
  endfacet
  facet normal -0.319466 0.947598 0
    outer loop
      vertex 23.04 116.758 4
      vertex 23.2506 116.829 0
      vertex 23.04 116.758 0
    endloop
  endfacet
  facet normal -0.553869 -0.832604 0
    outer loop
      vertex 23.45 119.872 0
      vertex 23.6349 119.749 4
      vertex 23.45 119.872 4
    endloop
  endfacet
  facet normal -0.553869 -0.832604 -0
    outer loop
      vertex 23.6349 119.749 4
      vertex 23.45 119.872 0
      vertex 23.6349 119.749 0
    endloop
  endfacet
  facet normal -0.8964 0.443245 0
    outer loop
      vertex 24.0722 117.55 0
      vertex 24.1706 117.749 4
      vertex 24.1706 117.749 0
    endloop
  endfacet
  facet normal -0.8964 0.443245 0
    outer loop
      vertex 24.1706 117.749 4
      vertex 24.0722 117.55 0
      vertex 24.0722 117.55 4
    endloop
  endfacet
  facet normal 0.8964 0.443245 0
    outer loop
      vertex 21.1278 117.55 4
      vertex 21.0294 117.749 0
      vertex 21.0294 117.749 4
    endloop
  endfacet
  facet normal 0.8964 0.443245 0
    outer loop
      vertex 21.0294 117.749 0
      vertex 21.1278 117.55 4
      vertex 21.1278 117.55 0
    endloop
  endfacet
  facet normal -0.8964 -0.443245 0
    outer loop
      vertex 24.1706 119.051 0
      vertex 24.0722 119.25 4
      vertex 24.0722 119.25 0
    endloop
  endfacet
  facet normal -0.8964 -0.443245 0
    outer loop
      vertex 24.0722 119.25 4
      vertex 24.1706 119.051 0
      vertex 24.1706 119.051 4
    endloop
  endfacet
  facet normal -0.980753 -0.195251 0
    outer loop
      vertex 24.2855 118.622 0
      vertex 24.2421 118.84 4
      vertex 24.2421 118.84 0
    endloop
  endfacet
  facet normal -0.980753 -0.195251 0
    outer loop
      vertex 24.2421 118.84 4
      vertex 24.2855 118.622 0
      vertex 24.2855 118.622 4
    endloop
  endfacet
  facet normal 0.193434 -0.981113 0
    outer loop
      vertex 22.16 120.042 0
      vertex 22.3781 120.085 4
      vertex 22.16 120.042 4
    endloop
  endfacet
  facet normal 0.193434 -0.981113 0
    outer loop
      vertex 22.3781 120.085 4
      vertex 22.16 120.042 0
      vertex 22.3781 120.085 0
    endloop
  endfacet
  facet normal 0.751516 0.659714 0
    outer loop
      vertex 21.3979 117.198 4
      vertex 21.2513 117.365 0
      vertex 21.2513 117.365 4
    endloop
  endfacet
  facet normal 0.751516 0.659714 0
    outer loop
      vertex 21.2513 117.365 0
      vertex 21.3979 117.198 4
      vertex 21.3979 117.198 0
    endloop
  endfacet
  facet normal -0.193434 0.981113 0
    outer loop
      vertex 23.04 116.758 0
      vertex 22.8219 116.715 4
      vertex 23.04 116.758 4
    endloop
  endfacet
  facet normal -0.193434 0.981113 0
    outer loop
      vertex 22.8219 116.715 4
      vertex 23.04 116.758 0
      vertex 22.8219 116.715 0
    endloop
  endfacet
  facet normal -0.751516 -0.659714 0
    outer loop
      vertex 23.9487 119.435 0
      vertex 23.8021 119.602 4
      vertex 23.8021 119.602 0
    endloop
  endfacet
  facet normal -0.751516 -0.659714 0
    outer loop
      vertex 23.8021 119.602 4
      vertex 23.9487 119.435 0
      vertex 23.9487 119.435 4
    endloop
  endfacet
  facet normal 0.553869 -0.832604 0
    outer loop
      vertex 21.5651 119.749 0
      vertex 21.75 119.872 4
      vertex 21.5651 119.749 4
    endloop
  endfacet
  facet normal 0.553869 -0.832604 0
    outer loop
      vertex 21.75 119.872 4
      vertex 21.5651 119.749 0
      vertex 21.75 119.872 0
    endloop
  endfacet
  facet normal 0.444696 -0.895681 0
    outer loop
      vertex 21.75 119.872 0
      vertex 21.9494 119.971 4
      vertex 21.75 119.872 4
    endloop
  endfacet
  facet normal 0.444696 -0.895681 0
    outer loop
      vertex 21.9494 119.971 4
      vertex 21.75 119.872 0
      vertex 21.9494 119.971 0
    endloop
  endfacet
  facet normal -0.751516 0.659714 0
    outer loop
      vertex 23.8021 117.198 0
      vertex 23.9487 117.365 4
      vertex 23.9487 117.365 0
    endloop
  endfacet
  facet normal -0.751516 0.659714 0
    outer loop
      vertex 23.9487 117.365 4
      vertex 23.8021 117.198 0
      vertex 23.8021 117.198 4
    endloop
  endfacet
  facet normal -0.831704 -0.555219 0
    outer loop
      vertex 24.0722 119.25 0
      vertex 23.9487 119.435 4
      vertex 23.9487 119.435 0
    endloop
  endfacet
  facet normal -0.831704 -0.555219 0
    outer loop
      vertex 23.9487 119.435 4
      vertex 24.0722 119.25 0
      vertex 24.0722 119.25 4
    endloop
  endfacet
  facet normal 0.947101 -0.320937 0
    outer loop
      vertex 20.9579 118.84 4
      vertex 21.0294 119.051 0
      vertex 21.0294 119.051 4
    endloop
  endfacet
  facet normal 0.947101 -0.320937 0
    outer loop
      vertex 21.0294 119.051 0
      vertex 20.9579 118.84 4
      vertex 20.9579 118.84 0
    endloop
  endfacet
  facet normal -0.997874 -0.0651764 0
    outer loop
      vertex 24.3 118.4 0
      vertex 24.2855 118.622 4
      vertex 24.2855 118.622 0
    endloop
  endfacet
  facet normal -0.997874 -0.0651764 0
    outer loop
      vertex 24.2855 118.622 4
      vertex 24.3 118.4 0
      vertex 24.3 118.4 4
    endloop
  endfacet
  facet normal 0.751516 -0.659714 0
    outer loop
      vertex 21.2513 119.435 4
      vertex 21.3979 119.602 0
      vertex 21.3979 119.602 4
    endloop
  endfacet
  facet normal 0.751516 -0.659714 0
    outer loop
      vertex 21.3979 119.602 0
      vertex 21.2513 119.435 4
      vertex 21.2513 119.435 0
    endloop
  endfacet
  facet normal 0.0674441 -0.997723 0
    outer loop
      vertex 22.3781 120.085 0
      vertex 22.6 120.1 4
      vertex 22.3781 120.085 4
    endloop
  endfacet
  facet normal 0.0674441 -0.997723 0
    outer loop
      vertex 22.6 120.1 4
      vertex 22.3781 120.085 0
      vertex 22.6 120.1 0
    endloop
  endfacet
  facet normal 0.660284 -0.751016 0
    outer loop
      vertex 21.3979 119.602 0
      vertex 21.5651 119.749 4
      vertex 21.3979 119.602 4
    endloop
  endfacet
  facet normal 0.660284 -0.751016 0
    outer loop
      vertex 21.5651 119.749 4
      vertex 21.3979 119.602 0
      vertex 21.5651 119.749 0
    endloop
  endfacet
  facet normal 0.319466 0.947598 -0
    outer loop
      vertex 22.16 116.758 0
      vertex 21.9494 116.829 4
      vertex 22.16 116.758 4
    endloop
  endfacet
  facet normal 0.319466 0.947598 0
    outer loop
      vertex 21.9494 116.829 4
      vertex 22.16 116.758 0
      vertex 21.9494 116.829 0
    endloop
  endfacet
  facet normal -0.660284 -0.751016 0
    outer loop
      vertex 23.6349 119.749 0
      vertex 23.8021 119.602 4
      vertex 23.6349 119.749 4
    endloop
  endfacet
  facet normal -0.660284 -0.751016 -0
    outer loop
      vertex 23.8021 119.602 4
      vertex 23.6349 119.749 0
      vertex 23.8021 119.602 0
    endloop
  endfacet
  facet normal 0.997874 -0.0651764 0
    outer loop
      vertex 20.9 118.4 4
      vertex 20.9145 118.622 0
      vertex 20.9145 118.622 4
    endloop
  endfacet
  facet normal 0.997874 -0.0651764 0
    outer loop
      vertex 20.9145 118.622 0
      vertex 20.9 118.4 4
      vertex 20.9 118.4 0
    endloop
  endfacet
  facet normal -0.947101 0.320937 0
    outer loop
      vertex 24.1706 117.749 0
      vertex 24.2421 117.96 4
      vertex 24.2421 117.96 0
    endloop
  endfacet
  facet normal -0.947101 0.320937 0
    outer loop
      vertex 24.2421 117.96 4
      vertex 24.1706 117.749 0
      vertex 24.1706 117.749 4
    endloop
  endfacet
  facet normal -0.660284 0.751016 0
    outer loop
      vertex 23.8021 117.198 0
      vertex 23.6349 117.051 4
      vertex 23.8021 117.198 4
    endloop
  endfacet
  facet normal -0.660284 0.751016 0
    outer loop
      vertex 23.6349 117.051 4
      vertex 23.8021 117.198 0
      vertex 23.6349 117.051 0
    endloop
  endfacet
  facet normal -0.947101 -0.320937 0
    outer loop
      vertex 24.2421 118.84 0
      vertex 24.1706 119.051 4
      vertex 24.1706 119.051 0
    endloop
  endfacet
  facet normal -0.947101 -0.320937 0
    outer loop
      vertex 24.1706 119.051 4
      vertex 24.2421 118.84 0
      vertex 24.2421 118.84 4
    endloop
  endfacet
  facet normal -0.444696 -0.895681 0
    outer loop
      vertex 23.2506 119.971 0
      vertex 23.45 119.872 4
      vertex 23.2506 119.971 4
    endloop
  endfacet
  facet normal -0.444696 -0.895681 -0
    outer loop
      vertex 23.45 119.872 4
      vertex 23.2506 119.971 0
      vertex 23.45 119.872 0
    endloop
  endfacet
  facet normal -0.553869 0.832604 0
    outer loop
      vertex 23.6349 117.051 0
      vertex 23.45 116.928 4
      vertex 23.6349 117.051 4
    endloop
  endfacet
  facet normal -0.553869 0.832604 0
    outer loop
      vertex 23.45 116.928 4
      vertex 23.6349 117.051 0
      vertex 23.45 116.928 0
    endloop
  endfacet
  facet normal 0.8964 -0.443245 0
    outer loop
      vertex 21.0294 119.051 4
      vertex 21.1278 119.25 0
      vertex 21.1278 119.25 4
    endloop
  endfacet
  facet normal 0.8964 -0.443245 0
    outer loop
      vertex 21.1278 119.25 0
      vertex 21.0294 119.051 4
      vertex 21.0294 119.051 0
    endloop
  endfacet
  facet normal -0.997874 0.0651764 0
    outer loop
      vertex 24.2855 118.178 0
      vertex 24.3 118.4 4
      vertex 24.3 118.4 0
    endloop
  endfacet
  facet normal -0.997874 0.0651764 0
    outer loop
      vertex 24.3 118.4 4
      vertex 24.2855 118.178 0
      vertex 24.2855 118.178 4
    endloop
  endfacet
  facet normal 0.319466 -0.947598 0
    outer loop
      vertex 21.9494 119.971 0
      vertex 22.16 120.042 4
      vertex 21.9494 119.971 4
    endloop
  endfacet
  facet normal 0.319466 -0.947598 0
    outer loop
      vertex 22.16 120.042 4
      vertex 21.9494 119.971 0
      vertex 22.16 120.042 0
    endloop
  endfacet
  facet normal 0.0674441 0.997723 -0
    outer loop
      vertex 22.6 116.7 0
      vertex 22.3781 116.715 4
      vertex 22.6 116.7 4
    endloop
  endfacet
  facet normal 0.0674441 0.997723 0
    outer loop
      vertex 22.3781 116.715 4
      vertex 22.6 116.7 0
      vertex 22.3781 116.715 0
    endloop
  endfacet
  facet normal -0.444696 0.895681 0
    outer loop
      vertex 23.45 116.928 0
      vertex 23.2506 116.829 4
      vertex 23.45 116.928 4
    endloop
  endfacet
  facet normal -0.444696 0.895681 0
    outer loop
      vertex 23.2506 116.829 4
      vertex 23.45 116.928 0
      vertex 23.2506 116.829 0
    endloop
  endfacet
  facet normal -0.193434 -0.981113 0
    outer loop
      vertex 22.8219 120.085 0
      vertex 23.04 120.042 4
      vertex 22.8219 120.085 4
    endloop
  endfacet
  facet normal -0.193434 -0.981113 -0
    outer loop
      vertex 23.04 120.042 4
      vertex 22.8219 120.085 0
      vertex 23.04 120.042 0
    endloop
  endfacet
  facet normal -0.980753 0.195251 0
    outer loop
      vertex 24.2421 117.96 0
      vertex 24.2855 118.178 4
      vertex 24.2855 118.178 0
    endloop
  endfacet
  facet normal -0.980753 0.195251 0
    outer loop
      vertex 24.2855 118.178 4
      vertex 24.2421 117.96 0
      vertex 24.2421 117.96 4
    endloop
  endfacet
  facet normal 0.997874 0.0651764 0
    outer loop
      vertex 20.9145 118.178 4
      vertex 20.9 118.4 0
      vertex 20.9 118.4 4
    endloop
  endfacet
  facet normal 0.997874 0.0651764 0
    outer loop
      vertex 20.9 118.4 0
      vertex 20.9145 118.178 4
      vertex 20.9145 118.178 0
    endloop
  endfacet
  facet normal 0.660284 0.751016 -0
    outer loop
      vertex 21.5651 117.051 0
      vertex 21.3979 117.198 4
      vertex 21.5651 117.051 4
    endloop
  endfacet
  facet normal 0.660284 0.751016 0
    outer loop
      vertex 21.3979 117.198 4
      vertex 21.5651 117.051 0
      vertex 21.3979 117.198 0
    endloop
  endfacet
  facet normal 0.553869 0.832604 -0
    outer loop
      vertex 21.75 116.928 0
      vertex 21.5651 117.051 4
      vertex 21.75 116.928 4
    endloop
  endfacet
  facet normal 0.553869 0.832604 0
    outer loop
      vertex 21.5651 117.051 4
      vertex 21.75 116.928 0
      vertex 21.5651 117.051 0
    endloop
  endfacet
  facet normal -0.319466 -0.947598 0
    outer loop
      vertex 23.04 120.042 0
      vertex 23.2506 119.971 4
      vertex 23.04 120.042 4
    endloop
  endfacet
  facet normal -0.319466 -0.947598 -0
    outer loop
      vertex 23.2506 119.971 4
      vertex 23.04 120.042 0
      vertex 23.2506 119.971 0
    endloop
  endfacet
  facet normal 0.831704 0.555219 0
    outer loop
      vertex 21.2513 117.365 4
      vertex 21.1278 117.55 0
      vertex 21.1278 117.55 4
    endloop
  endfacet
  facet normal 0.831704 0.555219 0
    outer loop
      vertex 21.1278 117.55 0
      vertex 21.2513 117.365 4
      vertex 21.2513 117.365 0
    endloop
  endfacet
  facet normal 0.980753 -0.195251 0
    outer loop
      vertex 20.9145 118.622 4
      vertex 20.9579 118.84 0
      vertex 20.9579 118.84 4
    endloop
  endfacet
  facet normal 0.980753 -0.195251 0
    outer loop
      vertex 20.9579 118.84 0
      vertex 20.9145 118.622 4
      vertex 20.9145 118.622 0
    endloop
  endfacet
  facet normal -0.0674441 0.997723 0
    outer loop
      vertex 22.8219 116.715 0
      vertex 22.6 116.7 4
      vertex 22.8219 116.715 4
    endloop
  endfacet
  facet normal -0.0674441 0.997723 0
    outer loop
      vertex 22.6 116.7 4
      vertex 22.8219 116.715 0
      vertex 22.6 116.7 0
    endloop
  endfacet
  facet normal 0.444696 0.895681 -0
    outer loop
      vertex 21.9494 116.829 0
      vertex 21.75 116.928 4
      vertex 21.9494 116.829 4
    endloop
  endfacet
  facet normal 0.444696 0.895681 0
    outer loop
      vertex 21.75 116.928 4
      vertex 21.9494 116.829 0
      vertex 21.75 116.928 0
    endloop
  endfacet
  facet normal -0.831704 0.555219 0
    outer loop
      vertex 23.9487 117.365 0
      vertex 24.0722 117.55 4
      vertex 24.0722 117.55 0
    endloop
  endfacet
  facet normal -0.831704 0.555219 0
    outer loop
      vertex 24.0722 117.55 4
      vertex 23.9487 117.365 0
      vertex 23.9487 117.365 4
    endloop
  endfacet
  facet normal 0.980753 0.195251 0
    outer loop
      vertex 20.9579 117.96 4
      vertex 20.9145 118.178 0
      vertex 20.9145 118.178 4
    endloop
  endfacet
  facet normal 0.980753 0.195251 0
    outer loop
      vertex 20.9145 118.178 0
      vertex 20.9579 117.96 4
      vertex 20.9579 117.96 0
    endloop
  endfacet
  facet normal -0.0674441 -0.997723 0
    outer loop
      vertex 22.6 120.1 0
      vertex 22.8219 120.085 4
      vertex 22.6 120.1 4
    endloop
  endfacet
  facet normal -0.0674441 -0.997723 -0
    outer loop
      vertex 22.8219 120.085 4
      vertex 22.6 120.1 0
      vertex 22.8219 120.085 0
    endloop
  endfacet
  facet normal 0.193434 0.981113 -0
    outer loop
      vertex 22.3781 116.715 0
      vertex 22.16 116.758 4
      vertex 22.3781 116.715 4
    endloop
  endfacet
  facet normal 0.193434 0.981113 0
    outer loop
      vertex 22.16 116.758 4
      vertex 22.3781 116.715 0
      vertex 22.16 116.758 0
    endloop
  endfacet
  facet normal 0.831704 -0.555219 0
    outer loop
      vertex 21.1278 119.25 4
      vertex 21.2513 119.435 0
      vertex 21.2513 119.435 4
    endloop
  endfacet
  facet normal 0.831704 -0.555219 0
    outer loop
      vertex 21.2513 119.435 0
      vertex 21.1278 119.25 4
      vertex 21.1278 119.25 0
    endloop
  endfacet
  facet normal -0.318922 0.947781 0
    outer loop
      vertex 132.051 116.829 0
      vertex 131.84 116.758 4
      vertex 132.051 116.829 4
    endloop
  endfacet
  facet normal -0.318922 0.947781 0
    outer loop
      vertex 131.84 116.758 4
      vertex 132.051 116.829 0
      vertex 131.84 116.758 0
    endloop
  endfacet
  facet normal -0.318922 -0.947781 0
    outer loop
      vertex 131.84 120.042 0
      vertex 132.051 119.971 4
      vertex 131.84 120.042 4
    endloop
  endfacet
  facet normal -0.318922 -0.947781 -0
    outer loop
      vertex 132.051 119.971 4
      vertex 131.84 120.042 0
      vertex 132.051 119.971 0
    endloop
  endfacet
  facet normal 0.750624 0.660729 0
    outer loop
      vertex 130.198 117.198 4
      vertex 130.051 117.365 0
      vertex 130.051 117.365 4
    endloop
  endfacet
  facet normal 0.750624 0.660729 0
    outer loop
      vertex 130.051 117.365 0
      vertex 130.198 117.198 4
      vertex 130.198 117.198 0
    endloop
  endfacet
  facet normal -0.832742 -0.553661 0
    outer loop
      vertex 132.872 119.25 0
      vertex 132.749 119.435 4
      vertex 132.749 119.435 0
    endloop
  endfacet
  facet normal -0.832742 -0.553661 0
    outer loop
      vertex 132.749 119.435 4
      vertex 132.872 119.25 0
      vertex 132.872 119.25 4
    endloop
  endfacet
  facet normal -0.895325 0.445413 0
    outer loop
      vertex 132.872 117.55 0
      vertex 132.971 117.749 4
      vertex 132.971 117.749 0
    endloop
  endfacet
  facet normal -0.895325 0.445413 0
    outer loop
      vertex 132.971 117.749 4
      vertex 132.872 117.55 0
      vertex 132.872 117.55 4
    endloop
  endfacet
  facet normal -0.660729 0.750624 0
    outer loop
      vertex 132.602 117.198 0
      vertex 132.435 117.051 4
      vertex 132.602 117.198 4
    endloop
  endfacet
  facet normal -0.660729 0.750624 0
    outer loop
      vertex 132.435 117.051 4
      vertex 132.602 117.198 0
      vertex 132.435 117.051 0
    endloop
  endfacet
  facet normal 0.832742 0.553661 0
    outer loop
      vertex 130.051 117.365 4
      vertex 129.928 117.55 0
      vertex 129.928 117.55 4
    endloop
  endfacet
  facet normal 0.832742 0.553661 0
    outer loop
      vertex 129.928 117.55 0
      vertex 130.051 117.365 4
      vertex 130.051 117.365 0
    endloop
  endfacet
  facet normal -0.553661 0.832742 0
    outer loop
      vertex 132.435 117.051 0
      vertex 132.25 116.928 4
      vertex 132.435 117.051 4
    endloop
  endfacet
  facet normal -0.553661 0.832742 0
    outer loop
      vertex 132.25 116.928 4
      vertex 132.435 117.051 0
      vertex 132.25 116.928 0
    endloop
  endfacet
  facet normal -0.445413 -0.895325 0
    outer loop
      vertex 132.051 119.971 0
      vertex 132.25 119.872 4
      vertex 132.051 119.971 4
    endloop
  endfacet
  facet normal -0.445413 -0.895325 -0
    outer loop
      vertex 132.25 119.872 4
      vertex 132.051 119.971 0
      vertex 132.25 119.872 0
    endloop
  endfacet
  facet normal 0.193519 -0.981097 0
    outer loop
      vertex 130.96 120.042 0
      vertex 131.178 120.085 4
      vertex 130.96 120.042 4
    endloop
  endfacet
  facet normal 0.193519 -0.981097 0
    outer loop
      vertex 131.178 120.085 4
      vertex 130.96 120.042 0
      vertex 131.178 120.085 0
    endloop
  endfacet
  facet normal -0.981097 -0.193519 0
    outer loop
      vertex 133.085 118.622 0
      vertex 133.042 118.84 4
      vertex 133.042 118.84 0
    endloop
  endfacet
  facet normal -0.981097 -0.193519 0
    outer loop
      vertex 133.042 118.84 4
      vertex 133.085 118.622 0
      vertex 133.085 118.622 4
    endloop
  endfacet
  facet normal -0.947781 -0.318922 0
    outer loop
      vertex 133.042 118.84 0
      vertex 132.971 119.051 4
      vertex 132.971 119.051 0
    endloop
  endfacet
  facet normal -0.947781 -0.318922 0
    outer loop
      vertex 132.971 119.051 4
      vertex 133.042 118.84 0
      vertex 133.042 118.84 4
    endloop
  endfacet
  facet normal 0.947781 0.318922 0
    outer loop
      vertex 129.829 117.749 4
      vertex 129.758 117.96 0
      vertex 129.758 117.96 4
    endloop
  endfacet
  facet normal 0.947781 0.318922 0
    outer loop
      vertex 129.758 117.96 0
      vertex 129.829 117.749 4
      vertex 129.829 117.749 0
    endloop
  endfacet
  facet normal -0.750624 0.660729 0
    outer loop
      vertex 132.602 117.198 0
      vertex 132.749 117.365 4
      vertex 132.749 117.365 0
    endloop
  endfacet
  facet normal -0.750624 0.660729 0
    outer loop
      vertex 132.749 117.365 4
      vertex 132.602 117.198 0
      vertex 132.602 117.198 4
    endloop
  endfacet
  facet normal -0.997725 -0.0674139 0
    outer loop
      vertex 133.1 118.4 0
      vertex 133.085 118.622 4
      vertex 133.085 118.622 0
    endloop
  endfacet
  facet normal -0.997725 -0.0674139 0
    outer loop
      vertex 133.085 118.622 4
      vertex 133.1 118.4 0
      vertex 133.1 118.4 4
    endloop
  endfacet
  facet normal 0.660729 -0.750624 0
    outer loop
      vertex 130.198 119.602 0
      vertex 130.365 119.749 4
      vertex 130.198 119.602 4
    endloop
  endfacet
  facet normal 0.660729 -0.750624 0
    outer loop
      vertex 130.365 119.749 4
      vertex 130.198 119.602 0
      vertex 130.365 119.749 0
    endloop
  endfacet
  facet normal -0.445413 0.895325 0
    outer loop
      vertex 132.25 116.928 0
      vertex 132.051 116.829 4
      vertex 132.25 116.928 4
    endloop
  endfacet
  facet normal -0.445413 0.895325 0
    outer loop
      vertex 132.051 116.829 4
      vertex 132.25 116.928 0
      vertex 132.051 116.829 0
    endloop
  endfacet
  facet normal -0.750624 -0.660729 0
    outer loop
      vertex 132.749 119.435 0
      vertex 132.602 119.602 4
      vertex 132.602 119.602 0
    endloop
  endfacet
  facet normal -0.750624 -0.660729 0
    outer loop
      vertex 132.602 119.602 4
      vertex 132.749 119.435 0
      vertex 132.749 119.435 4
    endloop
  endfacet
  facet normal 0.318922 0.947781 -0
    outer loop
      vertex 130.96 116.758 0
      vertex 130.749 116.829 4
      vertex 130.96 116.758 4
    endloop
  endfacet
  facet normal 0.318922 0.947781 0
    outer loop
      vertex 130.749 116.829 4
      vertex 130.96 116.758 0
      vertex 130.749 116.829 0
    endloop
  endfacet
  facet normal -0.660729 -0.750624 0
    outer loop
      vertex 132.435 119.749 0
      vertex 132.602 119.602 4
      vertex 132.435 119.749 4
    endloop
  endfacet
  facet normal -0.660729 -0.750624 -0
    outer loop
      vertex 132.602 119.602 4
      vertex 132.435 119.749 0
      vertex 132.602 119.602 0
    endloop
  endfacet
  facet normal -0.997725 0.0674139 0
    outer loop
      vertex 133.085 118.178 0
      vertex 133.1 118.4 4
      vertex 133.1 118.4 0
    endloop
  endfacet
  facet normal -0.997725 0.0674139 0
    outer loop
      vertex 133.1 118.4 4
      vertex 133.085 118.178 0
      vertex 133.085 118.178 4
    endloop
  endfacet
  facet normal 0.997725 0.0674139 0
    outer loop
      vertex 129.715 118.178 4
      vertex 129.7 118.4 0
      vertex 129.7 118.4 4
    endloop
  endfacet
  facet normal 0.997725 0.0674139 0
    outer loop
      vertex 129.7 118.4 0
      vertex 129.715 118.178 4
      vertex 129.715 118.178 0
    endloop
  endfacet
  facet normal -0.981097 0.193519 0
    outer loop
      vertex 133.042 117.96 0
      vertex 133.085 118.178 4
      vertex 133.085 118.178 0
    endloop
  endfacet
  facet normal -0.981097 0.193519 0
    outer loop
      vertex 133.085 118.178 4
      vertex 133.042 117.96 0
      vertex 133.042 117.96 4
    endloop
  endfacet
  facet normal -0.553661 -0.832742 0
    outer loop
      vertex 132.25 119.872 0
      vertex 132.435 119.749 4
      vertex 132.25 119.872 4
    endloop
  endfacet
  facet normal -0.553661 -0.832742 -0
    outer loop
      vertex 132.435 119.749 4
      vertex 132.25 119.872 0
      vertex 132.435 119.749 0
    endloop
  endfacet
  facet normal 0.895325 -0.445413 0
    outer loop
      vertex 129.829 119.051 4
      vertex 129.928 119.25 0
      vertex 129.928 119.25 4
    endloop
  endfacet
  facet normal 0.895325 -0.445413 0
    outer loop
      vertex 129.928 119.25 0
      vertex 129.829 119.051 4
      vertex 129.829 119.051 0
    endloop
  endfacet
  facet normal 0.997725 -0.0674139 0
    outer loop
      vertex 129.7 118.4 4
      vertex 129.715 118.622 0
      vertex 129.715 118.622 4
    endloop
  endfacet
  facet normal 0.997725 -0.0674139 0
    outer loop
      vertex 129.715 118.622 0
      vertex 129.7 118.4 4
      vertex 129.7 118.4 0
    endloop
  endfacet
  facet normal 0.318922 -0.947781 0
    outer loop
      vertex 130.749 119.971 0
      vertex 130.96 120.042 4
      vertex 130.749 119.971 4
    endloop
  endfacet
  facet normal 0.318922 -0.947781 0
    outer loop
      vertex 130.96 120.042 4
      vertex 130.749 119.971 0
      vertex 130.96 120.042 0
    endloop
  endfacet
  facet normal 0.981097 -0.193519 0
    outer loop
      vertex 129.715 118.622 4
      vertex 129.758 118.84 0
      vertex 129.758 118.84 4
    endloop
  endfacet
  facet normal 0.981097 -0.193519 0
    outer loop
      vertex 129.758 118.84 0
      vertex 129.715 118.622 4
      vertex 129.715 118.622 0
    endloop
  endfacet
  facet normal -0.832742 0.553661 0
    outer loop
      vertex 132.749 117.365 0
      vertex 132.872 117.55 4
      vertex 132.872 117.55 0
    endloop
  endfacet
  facet normal -0.832742 0.553661 0
    outer loop
      vertex 132.872 117.55 4
      vertex 132.749 117.365 0
      vertex 132.749 117.365 4
    endloop
  endfacet
  facet normal 0.553661 -0.832742 0
    outer loop
      vertex 130.365 119.749 0
      vertex 130.55 119.872 4
      vertex 130.365 119.749 4
    endloop
  endfacet
  facet normal 0.553661 -0.832742 0
    outer loop
      vertex 130.55 119.872 4
      vertex 130.365 119.749 0
      vertex 130.55 119.872 0
    endloop
  endfacet
  facet normal 0.660729 0.750624 -0
    outer loop
      vertex 130.365 117.051 0
      vertex 130.198 117.198 4
      vertex 130.365 117.051 4
    endloop
  endfacet
  facet normal 0.660729 0.750624 0
    outer loop
      vertex 130.198 117.198 4
      vertex 130.365 117.051 0
      vertex 130.198 117.198 0
    endloop
  endfacet
  facet normal 0.445413 -0.895325 0
    outer loop
      vertex 130.55 119.872 0
      vertex 130.749 119.971 4
      vertex 130.55 119.872 4
    endloop
  endfacet
  facet normal 0.445413 -0.895325 0
    outer loop
      vertex 130.749 119.971 4
      vertex 130.55 119.872 0
      vertex 130.749 119.971 0
    endloop
  endfacet
  facet normal 0.0674139 0.997725 -0
    outer loop
      vertex 131.4 116.7 0
      vertex 131.178 116.715 4
      vertex 131.4 116.7 4
    endloop
  endfacet
  facet normal 0.0674139 0.997725 0
    outer loop
      vertex 131.178 116.715 4
      vertex 131.4 116.7 0
      vertex 131.178 116.715 0
    endloop
  endfacet
  facet normal -0.193519 0.981097 0
    outer loop
      vertex 131.84 116.758 0
      vertex 131.622 116.715 4
      vertex 131.84 116.758 4
    endloop
  endfacet
  facet normal -0.193519 0.981097 0
    outer loop
      vertex 131.622 116.715 4
      vertex 131.84 116.758 0
      vertex 131.622 116.715 0
    endloop
  endfacet
  facet normal 0.193519 0.981097 -0
    outer loop
      vertex 131.178 116.715 0
      vertex 130.96 116.758 4
      vertex 131.178 116.715 4
    endloop
  endfacet
  facet normal 0.193519 0.981097 0
    outer loop
      vertex 130.96 116.758 4
      vertex 131.178 116.715 0
      vertex 130.96 116.758 0
    endloop
  endfacet
  facet normal -0.895325 -0.445413 0
    outer loop
      vertex 132.971 119.051 0
      vertex 132.872 119.25 4
      vertex 132.872 119.25 0
    endloop
  endfacet
  facet normal -0.895325 -0.445413 0
    outer loop
      vertex 132.872 119.25 4
      vertex 132.971 119.051 0
      vertex 132.971 119.051 4
    endloop
  endfacet
  facet normal -0.193519 -0.981097 0
    outer loop
      vertex 131.622 120.085 0
      vertex 131.84 120.042 4
      vertex 131.622 120.085 4
    endloop
  endfacet
  facet normal -0.193519 -0.981097 -0
    outer loop
      vertex 131.84 120.042 4
      vertex 131.622 120.085 0
      vertex 131.84 120.042 0
    endloop
  endfacet
  facet normal 0.445413 0.895325 -0
    outer loop
      vertex 130.749 116.829 0
      vertex 130.55 116.928 4
      vertex 130.749 116.829 4
    endloop
  endfacet
  facet normal 0.445413 0.895325 0
    outer loop
      vertex 130.55 116.928 4
      vertex 130.749 116.829 0
      vertex 130.55 116.928 0
    endloop
  endfacet
  facet normal -0.0674139 0.997725 0
    outer loop
      vertex 131.622 116.715 0
      vertex 131.4 116.7 4
      vertex 131.622 116.715 4
    endloop
  endfacet
  facet normal -0.0674139 0.997725 0
    outer loop
      vertex 131.4 116.7 4
      vertex 131.622 116.715 0
      vertex 131.4 116.7 0
    endloop
  endfacet
  facet normal 0.947781 -0.318922 0
    outer loop
      vertex 129.758 118.84 4
      vertex 129.829 119.051 0
      vertex 129.829 119.051 4
    endloop
  endfacet
  facet normal 0.947781 -0.318922 0
    outer loop
      vertex 129.829 119.051 0
      vertex 129.758 118.84 4
      vertex 129.758 118.84 0
    endloop
  endfacet
  facet normal -0.947781 0.318922 0
    outer loop
      vertex 132.971 117.749 0
      vertex 133.042 117.96 4
      vertex 133.042 117.96 0
    endloop
  endfacet
  facet normal -0.947781 0.318922 0
    outer loop
      vertex 133.042 117.96 4
      vertex 132.971 117.749 0
      vertex 132.971 117.749 4
    endloop
  endfacet
  facet normal 0.981097 0.193519 0
    outer loop
      vertex 129.758 117.96 4
      vertex 129.715 118.178 0
      vertex 129.715 118.178 4
    endloop
  endfacet
  facet normal 0.981097 0.193519 0
    outer loop
      vertex 129.715 118.178 0
      vertex 129.758 117.96 4
      vertex 129.758 117.96 0
    endloop
  endfacet
  facet normal 0.895325 0.445413 0
    outer loop
      vertex 129.928 117.55 4
      vertex 129.829 117.749 0
      vertex 129.829 117.749 4
    endloop
  endfacet
  facet normal 0.895325 0.445413 0
    outer loop
      vertex 129.829 117.749 0
      vertex 129.928 117.55 4
      vertex 129.928 117.55 0
    endloop
  endfacet
  facet normal -0.0674139 -0.997725 0
    outer loop
      vertex 131.4 120.1 0
      vertex 131.622 120.085 4
      vertex 131.4 120.1 4
    endloop
  endfacet
  facet normal -0.0674139 -0.997725 -0
    outer loop
      vertex 131.622 120.085 4
      vertex 131.4 120.1 0
      vertex 131.622 120.085 0
    endloop
  endfacet
  facet normal 0.0674139 -0.997725 0
    outer loop
      vertex 131.178 120.085 0
      vertex 131.4 120.1 4
      vertex 131.178 120.085 4
    endloop
  endfacet
  facet normal 0.0674139 -0.997725 0
    outer loop
      vertex 131.4 120.1 4
      vertex 131.178 120.085 0
      vertex 131.4 120.1 0
    endloop
  endfacet
  facet normal 0.553661 0.832742 -0
    outer loop
      vertex 130.55 116.928 0
      vertex 130.365 117.051 4
      vertex 130.55 116.928 4
    endloop
  endfacet
  facet normal 0.553661 0.832742 0
    outer loop
      vertex 130.365 117.051 4
      vertex 130.55 116.928 0
      vertex 130.365 117.051 0
    endloop
  endfacet
  facet normal 0.750624 -0.660729 0
    outer loop
      vertex 130.051 119.435 4
      vertex 130.198 119.602 0
      vertex 130.198 119.602 4
    endloop
  endfacet
  facet normal 0.750624 -0.660729 0
    outer loop
      vertex 130.198 119.602 0
      vertex 130.051 119.435 4
      vertex 130.051 119.435 0
    endloop
  endfacet
  facet normal 0.832742 -0.553661 0
    outer loop
      vertex 129.928 119.25 4
      vertex 130.051 119.435 0
      vertex 130.051 119.435 4
    endloop
  endfacet
  facet normal 0.832742 -0.553661 0
    outer loop
      vertex 130.051 119.435 0
      vertex 129.928 119.25 4
      vertex 129.928 119.25 0
    endloop
  endfacet
  facet normal -0.980753 -0.195251 0
    outer loop
      vertex 24.2855 181.822 0
      vertex 24.2421 182.04 4
      vertex 24.2421 182.04 0
    endloop
  endfacet
  facet normal -0.980753 -0.195251 0
    outer loop
      vertex 24.2421 182.04 4
      vertex 24.2855 181.822 0
      vertex 24.2855 181.822 4
    endloop
  endfacet
  facet normal -0.997874 -0.0651764 0
    outer loop
      vertex 24.3 181.6 0
      vertex 24.2855 181.822 4
      vertex 24.2855 181.822 0
    endloop
  endfacet
  facet normal -0.997874 -0.0651764 0
    outer loop
      vertex 24.2855 181.822 4
      vertex 24.3 181.6 0
      vertex 24.3 181.6 4
    endloop
  endfacet
  facet normal -0.947101 -0.320937 0
    outer loop
      vertex 24.2421 182.04 0
      vertex 24.1706 182.251 4
      vertex 24.1706 182.251 0
    endloop
  endfacet
  facet normal -0.947101 -0.320937 0
    outer loop
      vertex 24.1706 182.251 4
      vertex 24.2421 182.04 0
      vertex 24.2421 182.04 4
    endloop
  endfacet
  facet normal -0.0674441 -0.997723 0
    outer loop
      vertex 22.6 183.3 0
      vertex 22.8219 183.285 4
      vertex 22.6 183.3 4
    endloop
  endfacet
  facet normal -0.0674441 -0.997723 -0
    outer loop
      vertex 22.8219 183.285 4
      vertex 22.6 183.3 0
      vertex 22.8219 183.285 0
    endloop
  endfacet
  facet normal -0.660284 0.751016 0
    outer loop
      vertex 23.8021 180.398 0
      vertex 23.6349 180.251 4
      vertex 23.8021 180.398 4
    endloop
  endfacet
  facet normal -0.660284 0.751016 0
    outer loop
      vertex 23.6349 180.251 4
      vertex 23.8021 180.398 0
      vertex 23.6349 180.251 0
    endloop
  endfacet
  facet normal -0.319466 -0.947598 0
    outer loop
      vertex 23.04 183.242 0
      vertex 23.2506 183.171 4
      vertex 23.04 183.242 4
    endloop
  endfacet
  facet normal -0.319466 -0.947598 -0
    outer loop
      vertex 23.2506 183.171 4
      vertex 23.04 183.242 0
      vertex 23.2506 183.171 0
    endloop
  endfacet
  facet normal -0.553869 -0.832604 0
    outer loop
      vertex 23.45 183.072 0
      vertex 23.6349 182.949 4
      vertex 23.45 183.072 4
    endloop
  endfacet
  facet normal -0.553869 -0.832604 -0
    outer loop
      vertex 23.6349 182.949 4
      vertex 23.45 183.072 0
      vertex 23.6349 182.949 0
    endloop
  endfacet
  facet normal 0.319466 -0.947598 0
    outer loop
      vertex 21.9494 183.171 0
      vertex 22.16 183.242 4
      vertex 21.9494 183.171 4
    endloop
  endfacet
  facet normal 0.319466 -0.947598 0
    outer loop
      vertex 22.16 183.242 4
      vertex 21.9494 183.171 0
      vertex 22.16 183.242 0
    endloop
  endfacet
  facet normal 0.8964 0.443245 0
    outer loop
      vertex 21.1278 180.75 4
      vertex 21.0294 180.949 0
      vertex 21.0294 180.949 4
    endloop
  endfacet
  facet normal 0.8964 0.443245 0
    outer loop
      vertex 21.0294 180.949 0
      vertex 21.1278 180.75 4
      vertex 21.1278 180.75 0
    endloop
  endfacet
  facet normal -0.0674441 0.997723 0
    outer loop
      vertex 22.8219 179.915 0
      vertex 22.6 179.9 4
      vertex 22.8219 179.915 4
    endloop
  endfacet
  facet normal -0.0674441 0.997723 0
    outer loop
      vertex 22.6 179.9 4
      vertex 22.8219 179.915 0
      vertex 22.6 179.9 0
    endloop
  endfacet
  facet normal -0.319466 0.947598 0
    outer loop
      vertex 23.2506 180.029 0
      vertex 23.04 179.958 4
      vertex 23.2506 180.029 4
    endloop
  endfacet
  facet normal -0.319466 0.947598 0
    outer loop
      vertex 23.04 179.958 4
      vertex 23.2506 180.029 0
      vertex 23.04 179.958 0
    endloop
  endfacet
  facet normal -0.8964 -0.443245 0
    outer loop
      vertex 24.1706 182.251 0
      vertex 24.0722 182.45 4
      vertex 24.0722 182.45 0
    endloop
  endfacet
  facet normal -0.8964 -0.443245 0
    outer loop
      vertex 24.0722 182.45 4
      vertex 24.1706 182.251 0
      vertex 24.1706 182.251 4
    endloop
  endfacet
  facet normal -0.444696 0.895681 0
    outer loop
      vertex 23.45 180.128 0
      vertex 23.2506 180.029 4
      vertex 23.45 180.128 4
    endloop
  endfacet
  facet normal -0.444696 0.895681 0
    outer loop
      vertex 23.2506 180.029 4
      vertex 23.45 180.128 0
      vertex 23.2506 180.029 0
    endloop
  endfacet
  facet normal 0.319466 0.947598 -0
    outer loop
      vertex 22.16 179.958 0
      vertex 21.9494 180.029 4
      vertex 22.16 179.958 4
    endloop
  endfacet
  facet normal 0.319466 0.947598 0
    outer loop
      vertex 21.9494 180.029 4
      vertex 22.16 179.958 0
      vertex 21.9494 180.029 0
    endloop
  endfacet
  facet normal -0.947101 0.320937 0
    outer loop
      vertex 24.1706 180.949 0
      vertex 24.2421 181.16 4
      vertex 24.2421 181.16 0
    endloop
  endfacet
  facet normal -0.947101 0.320937 0
    outer loop
      vertex 24.2421 181.16 4
      vertex 24.1706 180.949 0
      vertex 24.1706 180.949 4
    endloop
  endfacet
  facet normal 0.751516 -0.659714 0
    outer loop
      vertex 21.2513 182.635 4
      vertex 21.3979 182.802 0
      vertex 21.3979 182.802 4
    endloop
  endfacet
  facet normal 0.751516 -0.659714 0
    outer loop
      vertex 21.3979 182.802 0
      vertex 21.2513 182.635 4
      vertex 21.2513 182.635 0
    endloop
  endfacet
  facet normal -0.553869 0.832604 0
    outer loop
      vertex 23.6349 180.251 0
      vertex 23.45 180.128 4
      vertex 23.6349 180.251 4
    endloop
  endfacet
  facet normal -0.553869 0.832604 0
    outer loop
      vertex 23.45 180.128 4
      vertex 23.6349 180.251 0
      vertex 23.45 180.128 0
    endloop
  endfacet
  facet normal 0.831704 -0.555219 0
    outer loop
      vertex 21.1278 182.45 4
      vertex 21.2513 182.635 0
      vertex 21.2513 182.635 4
    endloop
  endfacet
  facet normal 0.831704 -0.555219 0
    outer loop
      vertex 21.2513 182.635 0
      vertex 21.1278 182.45 4
      vertex 21.1278 182.45 0
    endloop
  endfacet
  facet normal 0.444696 -0.895681 0
    outer loop
      vertex 21.75 183.072 0
      vertex 21.9494 183.171 4
      vertex 21.75 183.072 4
    endloop
  endfacet
  facet normal 0.444696 -0.895681 0
    outer loop
      vertex 21.9494 183.171 4
      vertex 21.75 183.072 0
      vertex 21.9494 183.171 0
    endloop
  endfacet
  facet normal 0.444696 0.895681 -0
    outer loop
      vertex 21.9494 180.029 0
      vertex 21.75 180.128 4
      vertex 21.9494 180.029 4
    endloop
  endfacet
  facet normal 0.444696 0.895681 0
    outer loop
      vertex 21.75 180.128 4
      vertex 21.9494 180.029 0
      vertex 21.75 180.128 0
    endloop
  endfacet
  facet normal -0.997874 0.0651764 0
    outer loop
      vertex 24.2855 181.378 0
      vertex 24.3 181.6 4
      vertex 24.3 181.6 0
    endloop
  endfacet
  facet normal -0.997874 0.0651764 0
    outer loop
      vertex 24.3 181.6 4
      vertex 24.2855 181.378 0
      vertex 24.2855 181.378 4
    endloop
  endfacet
  facet normal 0.660284 -0.751016 0
    outer loop
      vertex 21.3979 182.802 0
      vertex 21.5651 182.949 4
      vertex 21.3979 182.802 4
    endloop
  endfacet
  facet normal 0.660284 -0.751016 0
    outer loop
      vertex 21.5651 182.949 4
      vertex 21.3979 182.802 0
      vertex 21.5651 182.949 0
    endloop
  endfacet
  facet normal -0.831704 -0.555219 0
    outer loop
      vertex 24.0722 182.45 0
      vertex 23.9487 182.635 4
      vertex 23.9487 182.635 0
    endloop
  endfacet
  facet normal -0.831704 -0.555219 0
    outer loop
      vertex 23.9487 182.635 4
      vertex 24.0722 182.45 0
      vertex 24.0722 182.45 4
    endloop
  endfacet
  facet normal -0.193434 0.981113 0
    outer loop
      vertex 23.04 179.958 0
      vertex 22.8219 179.915 4
      vertex 23.04 179.958 4
    endloop
  endfacet
  facet normal -0.193434 0.981113 0
    outer loop
      vertex 22.8219 179.915 4
      vertex 23.04 179.958 0
      vertex 22.8219 179.915 0
    endloop
  endfacet
  facet normal 0.751516 0.659714 0
    outer loop
      vertex 21.3979 180.398 4
      vertex 21.2513 180.565 0
      vertex 21.2513 180.565 4
    endloop
  endfacet
  facet normal 0.751516 0.659714 0
    outer loop
      vertex 21.2513 180.565 0
      vertex 21.3979 180.398 4
      vertex 21.3979 180.398 0
    endloop
  endfacet
  facet normal 0.0674441 -0.997723 0
    outer loop
      vertex 22.3781 183.285 0
      vertex 22.6 183.3 4
      vertex 22.3781 183.285 4
    endloop
  endfacet
  facet normal 0.0674441 -0.997723 0
    outer loop
      vertex 22.6 183.3 4
      vertex 22.3781 183.285 0
      vertex 22.6 183.3 0
    endloop
  endfacet
  facet normal 0.947101 -0.320937 0
    outer loop
      vertex 20.9579 182.04 4
      vertex 21.0294 182.251 0
      vertex 21.0294 182.251 4
    endloop
  endfacet
  facet normal 0.947101 -0.320937 0
    outer loop
      vertex 21.0294 182.251 0
      vertex 20.9579 182.04 4
      vertex 20.9579 182.04 0
    endloop
  endfacet
  facet normal -0.660284 -0.751016 0
    outer loop
      vertex 23.6349 182.949 0
      vertex 23.8021 182.802 4
      vertex 23.6349 182.949 4
    endloop
  endfacet
  facet normal -0.660284 -0.751016 -0
    outer loop
      vertex 23.8021 182.802 4
      vertex 23.6349 182.949 0
      vertex 23.8021 182.802 0
    endloop
  endfacet
  facet normal 0.193434 -0.981113 0
    outer loop
      vertex 22.16 183.242 0
      vertex 22.3781 183.285 4
      vertex 22.16 183.242 4
    endloop
  endfacet
  facet normal 0.193434 -0.981113 0
    outer loop
      vertex 22.3781 183.285 4
      vertex 22.16 183.242 0
      vertex 22.3781 183.285 0
    endloop
  endfacet
  facet normal 0.997874 -0.0651764 0
    outer loop
      vertex 20.9 181.6 4
      vertex 20.9145 181.822 0
      vertex 20.9145 181.822 4
    endloop
  endfacet
  facet normal 0.997874 -0.0651764 0
    outer loop
      vertex 20.9145 181.822 0
      vertex 20.9 181.6 4
      vertex 20.9 181.6 0
    endloop
  endfacet
  facet normal -0.751516 -0.659714 0
    outer loop
      vertex 23.9487 182.635 0
      vertex 23.8021 182.802 4
      vertex 23.8021 182.802 0
    endloop
  endfacet
  facet normal -0.751516 -0.659714 0
    outer loop
      vertex 23.8021 182.802 4
      vertex 23.9487 182.635 0
      vertex 23.9487 182.635 4
    endloop
  endfacet
  facet normal 0.553869 0.832604 -0
    outer loop
      vertex 21.75 180.128 0
      vertex 21.5651 180.251 4
      vertex 21.75 180.128 4
    endloop
  endfacet
  facet normal 0.553869 0.832604 0
    outer loop
      vertex 21.5651 180.251 4
      vertex 21.75 180.128 0
      vertex 21.5651 180.251 0
    endloop
  endfacet
  facet normal -0.831704 0.555219 0
    outer loop
      vertex 23.9487 180.565 0
      vertex 24.0722 180.75 4
      vertex 24.0722 180.75 0
    endloop
  endfacet
  facet normal -0.831704 0.555219 0
    outer loop
      vertex 24.0722 180.75 4
      vertex 23.9487 180.565 0
      vertex 23.9487 180.565 4
    endloop
  endfacet
  facet normal -0.980753 0.195251 0
    outer loop
      vertex 24.2421 181.16 0
      vertex 24.2855 181.378 4
      vertex 24.2855 181.378 0
    endloop
  endfacet
  facet normal -0.980753 0.195251 0
    outer loop
      vertex 24.2855 181.378 4
      vertex 24.2421 181.16 0
      vertex 24.2421 181.16 4
    endloop
  endfacet
  facet normal -0.8964 0.443245 0
    outer loop
      vertex 24.0722 180.75 0
      vertex 24.1706 180.949 4
      vertex 24.1706 180.949 0
    endloop
  endfacet
  facet normal -0.8964 0.443245 0
    outer loop
      vertex 24.1706 180.949 4
      vertex 24.0722 180.75 0
      vertex 24.0722 180.75 4
    endloop
  endfacet
  facet normal 0.831704 0.555219 0
    outer loop
      vertex 21.2513 180.565 4
      vertex 21.1278 180.75 0
      vertex 21.1278 180.75 4
    endloop
  endfacet
  facet normal 0.831704 0.555219 0
    outer loop
      vertex 21.1278 180.75 0
      vertex 21.2513 180.565 4
      vertex 21.2513 180.565 0
    endloop
  endfacet
  facet normal 0.660284 0.751016 -0
    outer loop
      vertex 21.5651 180.251 0
      vertex 21.3979 180.398 4
      vertex 21.5651 180.251 4
    endloop
  endfacet
  facet normal 0.660284 0.751016 0
    outer loop
      vertex 21.3979 180.398 4
      vertex 21.5651 180.251 0
      vertex 21.3979 180.398 0
    endloop
  endfacet
  facet normal -0.444696 -0.895681 0
    outer loop
      vertex 23.2506 183.171 0
      vertex 23.45 183.072 4
      vertex 23.2506 183.171 4
    endloop
  endfacet
  facet normal -0.444696 -0.895681 -0
    outer loop
      vertex 23.45 183.072 4
      vertex 23.2506 183.171 0
      vertex 23.45 183.072 0
    endloop
  endfacet
  facet normal 0.997874 0.0651764 0
    outer loop
      vertex 20.9145 181.378 4
      vertex 20.9 181.6 0
      vertex 20.9 181.6 4
    endloop
  endfacet
  facet normal 0.997874 0.0651764 0
    outer loop
      vertex 20.9 181.6 0
      vertex 20.9145 181.378 4
      vertex 20.9145 181.378 0
    endloop
  endfacet
  facet normal 0.980753 -0.195251 0
    outer loop
      vertex 20.9145 181.822 4
      vertex 20.9579 182.04 0
      vertex 20.9579 182.04 4
    endloop
  endfacet
  facet normal 0.980753 -0.195251 0
    outer loop
      vertex 20.9579 182.04 0
      vertex 20.9145 181.822 4
      vertex 20.9145 181.822 0
    endloop
  endfacet
  facet normal -0.193434 -0.981113 0
    outer loop
      vertex 22.8219 183.285 0
      vertex 23.04 183.242 4
      vertex 22.8219 183.285 4
    endloop
  endfacet
  facet normal -0.193434 -0.981113 -0
    outer loop
      vertex 23.04 183.242 4
      vertex 22.8219 183.285 0
      vertex 23.04 183.242 0
    endloop
  endfacet
  facet normal 0.8964 -0.443245 0
    outer loop
      vertex 21.0294 182.251 4
      vertex 21.1278 182.45 0
      vertex 21.1278 182.45 4
    endloop
  endfacet
  facet normal 0.8964 -0.443245 0
    outer loop
      vertex 21.1278 182.45 0
      vertex 21.0294 182.251 4
      vertex 21.0294 182.251 0
    endloop
  endfacet
  facet normal -0.751516 0.659714 0
    outer loop
      vertex 23.8021 180.398 0
      vertex 23.9487 180.565 4
      vertex 23.9487 180.565 0
    endloop
  endfacet
  facet normal -0.751516 0.659714 0
    outer loop
      vertex 23.9487 180.565 4
      vertex 23.8021 180.398 0
      vertex 23.8021 180.398 4
    endloop
  endfacet
  facet normal 0.947101 0.320937 0
    outer loop
      vertex 21.0294 180.949 4
      vertex 20.9579 181.16 0
      vertex 20.9579 181.16 4
    endloop
  endfacet
  facet normal 0.947101 0.320937 0
    outer loop
      vertex 20.9579 181.16 0
      vertex 21.0294 180.949 4
      vertex 21.0294 180.949 0
    endloop
  endfacet
  facet normal 0.980753 0.195251 0
    outer loop
      vertex 20.9579 181.16 4
      vertex 20.9145 181.378 0
      vertex 20.9145 181.378 4
    endloop
  endfacet
  facet normal 0.980753 0.195251 0
    outer loop
      vertex 20.9145 181.378 0
      vertex 20.9579 181.16 4
      vertex 20.9579 181.16 0
    endloop
  endfacet
  facet normal 0.0674441 0.997723 -0
    outer loop
      vertex 22.6 179.9 0
      vertex 22.3781 179.915 4
      vertex 22.6 179.9 4
    endloop
  endfacet
  facet normal 0.0674441 0.997723 0
    outer loop
      vertex 22.3781 179.915 4
      vertex 22.6 179.9 0
      vertex 22.3781 179.915 0
    endloop
  endfacet
  facet normal 0.193434 0.981113 -0
    outer loop
      vertex 22.3781 179.915 0
      vertex 22.16 179.958 4
      vertex 22.3781 179.915 4
    endloop
  endfacet
  facet normal 0.193434 0.981113 0
    outer loop
      vertex 22.16 179.958 4
      vertex 22.3781 179.915 0
      vertex 22.16 179.958 0
    endloop
  endfacet
  facet normal 0.553869 -0.832604 0
    outer loop
      vertex 21.5651 182.949 0
      vertex 21.75 183.072 4
      vertex 21.5651 182.949 4
    endloop
  endfacet
  facet normal 0.553869 -0.832604 0
    outer loop
      vertex 21.75 183.072 4
      vertex 21.5651 182.949 0
      vertex 21.75 183.072 0
    endloop
  endfacet
  facet normal -0.981097 -0.193519 0
    outer loop
      vertex 133.085 181.822 0
      vertex 133.042 182.04 4
      vertex 133.042 182.04 0
    endloop
  endfacet
  facet normal -0.981097 -0.193519 0
    outer loop
      vertex 133.042 182.04 4
      vertex 133.085 181.822 0
      vertex 133.085 181.822 4
    endloop
  endfacet
  facet normal -0.997725 -0.0674139 0
    outer loop
      vertex 133.1 181.6 0
      vertex 133.085 181.822 4
      vertex 133.085 181.822 0
    endloop
  endfacet
  facet normal -0.997725 -0.0674139 0
    outer loop
      vertex 133.085 181.822 4
      vertex 133.1 181.6 0
      vertex 133.1 181.6 4
    endloop
  endfacet
  facet normal 0.660729 -0.750624 0
    outer loop
      vertex 130.198 182.802 0
      vertex 130.365 182.949 4
      vertex 130.198 182.802 4
    endloop
  endfacet
  facet normal 0.660729 -0.750624 0
    outer loop
      vertex 130.365 182.949 4
      vertex 130.198 182.802 0
      vertex 130.365 182.949 0
    endloop
  endfacet
  facet normal -0.0674139 -0.997725 0
    outer loop
      vertex 131.4 183.3 0
      vertex 131.622 183.285 4
      vertex 131.4 183.3 4
    endloop
  endfacet
  facet normal -0.0674139 -0.997725 -0
    outer loop
      vertex 131.622 183.285 4
      vertex 131.4 183.3 0
      vertex 131.622 183.285 0
    endloop
  endfacet
  facet normal 0.0674139 -0.997725 0
    outer loop
      vertex 131.178 183.285 0
      vertex 131.4 183.3 4
      vertex 131.178 183.285 4
    endloop
  endfacet
  facet normal 0.0674139 -0.997725 0
    outer loop
      vertex 131.4 183.3 4
      vertex 131.178 183.285 0
      vertex 131.4 183.3 0
    endloop
  endfacet
  facet normal -0.660729 -0.750624 0
    outer loop
      vertex 132.435 182.949 0
      vertex 132.602 182.802 4
      vertex 132.435 182.949 4
    endloop
  endfacet
  facet normal -0.660729 -0.750624 -0
    outer loop
      vertex 132.602 182.802 4
      vertex 132.435 182.949 0
      vertex 132.602 182.802 0
    endloop
  endfacet
  facet normal -0.193519 0.981097 0
    outer loop
      vertex 131.84 179.958 0
      vertex 131.622 179.915 4
      vertex 131.84 179.958 4
    endloop
  endfacet
  facet normal -0.193519 0.981097 0
    outer loop
      vertex 131.622 179.915 4
      vertex 131.84 179.958 0
      vertex 131.622 179.915 0
    endloop
  endfacet
  facet normal 0.981097 0.193519 0
    outer loop
      vertex 129.758 181.16 4
      vertex 129.715 181.378 0
      vertex 129.715 181.378 4
    endloop
  endfacet
  facet normal 0.981097 0.193519 0
    outer loop
      vertex 129.715 181.378 0
      vertex 129.758 181.16 4
      vertex 129.758 181.16 0
    endloop
  endfacet
  facet normal -0.997725 0.0674139 0
    outer loop
      vertex 133.085 181.378 0
      vertex 133.1 181.6 4
      vertex 133.1 181.6 0
    endloop
  endfacet
  facet normal -0.997725 0.0674139 0
    outer loop
      vertex 133.1 181.6 4
      vertex 133.085 181.378 0
      vertex 133.085 181.378 4
    endloop
  endfacet
  facet normal 0.997725 -0.0674139 0
    outer loop
      vertex 129.7 181.6 4
      vertex 129.715 181.822 0
      vertex 129.715 181.822 4
    endloop
  endfacet
  facet normal 0.997725 -0.0674139 0
    outer loop
      vertex 129.715 181.822 0
      vertex 129.7 181.6 4
      vertex 129.7 181.6 0
    endloop
  endfacet
  facet normal -0.832742 -0.553661 0
    outer loop
      vertex 132.872 182.45 0
      vertex 132.749 182.635 4
      vertex 132.749 182.635 0
    endloop
  endfacet
  facet normal -0.832742 -0.553661 0
    outer loop
      vertex 132.749 182.635 4
      vertex 132.872 182.45 0
      vertex 132.872 182.45 4
    endloop
  endfacet
  facet normal 0.553661 -0.832742 0
    outer loop
      vertex 130.365 182.949 0
      vertex 130.55 183.072 4
      vertex 130.365 182.949 4
    endloop
  endfacet
  facet normal 0.553661 -0.832742 0
    outer loop
      vertex 130.55 183.072 4
      vertex 130.365 182.949 0
      vertex 130.55 183.072 0
    endloop
  endfacet
  facet normal -0.318922 -0.947781 0
    outer loop
      vertex 131.84 183.242 0
      vertex 132.051 183.171 4
      vertex 131.84 183.242 4
    endloop
  endfacet
  facet normal -0.318922 -0.947781 -0
    outer loop
      vertex 132.051 183.171 4
      vertex 131.84 183.242 0
      vertex 132.051 183.171 0
    endloop
  endfacet
  facet normal 0.193519 0.981097 -0
    outer loop
      vertex 131.178 179.915 0
      vertex 130.96 179.958 4
      vertex 131.178 179.915 4
    endloop
  endfacet
  facet normal 0.193519 0.981097 0
    outer loop
      vertex 130.96 179.958 4
      vertex 131.178 179.915 0
      vertex 130.96 179.958 0
    endloop
  endfacet
  facet normal -0.750624 0.660729 0
    outer loop
      vertex 132.602 180.398 0
      vertex 132.749 180.565 4
      vertex 132.749 180.565 0
    endloop
  endfacet
  facet normal -0.750624 0.660729 0
    outer loop
      vertex 132.749 180.565 4
      vertex 132.602 180.398 0
      vertex 132.602 180.398 4
    endloop
  endfacet
  facet normal -0.553661 -0.832742 0
    outer loop
      vertex 132.25 183.072 0
      vertex 132.435 182.949 4
      vertex 132.25 183.072 4
    endloop
  endfacet
  facet normal -0.553661 -0.832742 -0
    outer loop
      vertex 132.435 182.949 4
      vertex 132.25 183.072 0
      vertex 132.435 182.949 0
    endloop
  endfacet
  facet normal 0.895325 0.445413 0
    outer loop
      vertex 129.928 180.75 4
      vertex 129.829 180.949 0
      vertex 129.829 180.949 4
    endloop
  endfacet
  facet normal 0.895325 0.445413 0
    outer loop
      vertex 129.829 180.949 0
      vertex 129.928 180.75 4
      vertex 129.928 180.75 0
    endloop
  endfacet
  facet normal 0.750624 -0.660729 0
    outer loop
      vertex 130.051 182.635 4
      vertex 130.198 182.802 0
      vertex 130.198 182.802 4
    endloop
  endfacet
  facet normal 0.750624 -0.660729 0
    outer loop
      vertex 130.198 182.802 0
      vertex 130.051 182.635 4
      vertex 130.051 182.635 0
    endloop
  endfacet
  facet normal -0.981097 0.193519 0
    outer loop
      vertex 133.042 181.16 0
      vertex 133.085 181.378 4
      vertex 133.085 181.378 0
    endloop
  endfacet
  facet normal -0.981097 0.193519 0
    outer loop
      vertex 133.085 181.378 4
      vertex 133.042 181.16 0
      vertex 133.042 181.16 4
    endloop
  endfacet
  facet normal 0.318922 -0.947781 0
    outer loop
      vertex 130.749 183.171 0
      vertex 130.96 183.242 4
      vertex 130.749 183.171 4
    endloop
  endfacet
  facet normal 0.318922 -0.947781 0
    outer loop
      vertex 130.96 183.242 4
      vertex 130.749 183.171 0
      vertex 130.96 183.242 0
    endloop
  endfacet
  facet normal 0.750624 0.660729 0
    outer loop
      vertex 130.198 180.398 4
      vertex 130.051 180.565 0
      vertex 130.051 180.565 4
    endloop
  endfacet
  facet normal 0.750624 0.660729 0
    outer loop
      vertex 130.051 180.565 0
      vertex 130.198 180.398 4
      vertex 130.198 180.398 0
    endloop
  endfacet
  facet normal -0.445413 -0.895325 0
    outer loop
      vertex 132.051 183.171 0
      vertex 132.25 183.072 4
      vertex 132.051 183.171 4
    endloop
  endfacet
  facet normal -0.445413 -0.895325 -0
    outer loop
      vertex 132.25 183.072 4
      vertex 132.051 183.171 0
      vertex 132.25 183.072 0
    endloop
  endfacet
  facet normal -0.660729 0.750624 0
    outer loop
      vertex 132.602 180.398 0
      vertex 132.435 180.251 4
      vertex 132.602 180.398 4
    endloop
  endfacet
  facet normal -0.660729 0.750624 0
    outer loop
      vertex 132.435 180.251 4
      vertex 132.602 180.398 0
      vertex 132.435 180.251 0
    endloop
  endfacet
  facet normal -0.553661 0.832742 0
    outer loop
      vertex 132.435 180.251 0
      vertex 132.25 180.128 4
      vertex 132.435 180.251 4
    endloop
  endfacet
  facet normal -0.553661 0.832742 0
    outer loop
      vertex 132.25 180.128 4
      vertex 132.435 180.251 0
      vertex 132.25 180.128 0
    endloop
  endfacet
  facet normal -0.318922 0.947781 0
    outer loop
      vertex 132.051 180.029 0
      vertex 131.84 179.958 4
      vertex 132.051 180.029 4
    endloop
  endfacet
  facet normal -0.318922 0.947781 0
    outer loop
      vertex 131.84 179.958 4
      vertex 132.051 180.029 0
      vertex 131.84 179.958 0
    endloop
  endfacet
  facet normal 0.553661 0.832742 -0
    outer loop
      vertex 130.55 180.128 0
      vertex 130.365 180.251 4
      vertex 130.55 180.128 4
    endloop
  endfacet
  facet normal 0.553661 0.832742 0
    outer loop
      vertex 130.365 180.251 4
      vertex 130.55 180.128 0
      vertex 130.365 180.251 0
    endloop
  endfacet
  facet normal 0.318922 0.947781 -0
    outer loop
      vertex 130.96 179.958 0
      vertex 130.749 180.029 4
      vertex 130.96 179.958 4
    endloop
  endfacet
  facet normal 0.318922 0.947781 0
    outer loop
      vertex 130.749 180.029 4
      vertex 130.96 179.958 0
      vertex 130.749 180.029 0
    endloop
  endfacet
  facet normal 0.193519 -0.981097 0
    outer loop
      vertex 130.96 183.242 0
      vertex 131.178 183.285 4
      vertex 130.96 183.242 4
    endloop
  endfacet
  facet normal 0.193519 -0.981097 0
    outer loop
      vertex 131.178 183.285 4
      vertex 130.96 183.242 0
      vertex 131.178 183.285 0
    endloop
  endfacet
  facet normal -0.445413 0.895325 0
    outer loop
      vertex 132.25 180.128 0
      vertex 132.051 180.029 4
      vertex 132.25 180.128 4
    endloop
  endfacet
  facet normal -0.445413 0.895325 0
    outer loop
      vertex 132.051 180.029 4
      vertex 132.25 180.128 0
      vertex 132.051 180.029 0
    endloop
  endfacet
  facet normal 0.981097 -0.193519 0
    outer loop
      vertex 129.715 181.822 4
      vertex 129.758 182.04 0
      vertex 129.758 182.04 4
    endloop
  endfacet
  facet normal 0.981097 -0.193519 0
    outer loop
      vertex 129.758 182.04 0
      vertex 129.715 181.822 4
      vertex 129.715 181.822 0
    endloop
  endfacet
  facet normal 0.445413 -0.895325 0
    outer loop
      vertex 130.55 183.072 0
      vertex 130.749 183.171 4
      vertex 130.55 183.072 4
    endloop
  endfacet
  facet normal 0.445413 -0.895325 0
    outer loop
      vertex 130.749 183.171 4
      vertex 130.55 183.072 0
      vertex 130.749 183.171 0
    endloop
  endfacet
  facet normal -0.895325 -0.445413 0
    outer loop
      vertex 132.971 182.251 0
      vertex 132.872 182.45 4
      vertex 132.872 182.45 0
    endloop
  endfacet
  facet normal -0.895325 -0.445413 0
    outer loop
      vertex 132.872 182.45 4
      vertex 132.971 182.251 0
      vertex 132.971 182.251 4
    endloop
  endfacet
  facet normal 0.832742 -0.553661 0
    outer loop
      vertex 129.928 182.45 4
      vertex 130.051 182.635 0
      vertex 130.051 182.635 4
    endloop
  endfacet
  facet normal 0.832742 -0.553661 0
    outer loop
      vertex 130.051 182.635 0
      vertex 129.928 182.45 4
      vertex 129.928 182.45 0
    endloop
  endfacet
  facet normal -0.832742 0.553661 0
    outer loop
      vertex 132.749 180.565 0
      vertex 132.872 180.75 4
      vertex 132.872 180.75 0
    endloop
  endfacet
  facet normal -0.832742 0.553661 0
    outer loop
      vertex 132.872 180.75 4
      vertex 132.749 180.565 0
      vertex 132.749 180.565 4
    endloop
  endfacet
  facet normal -0.947781 0.318922 0
    outer loop
      vertex 132.971 180.949 0
      vertex 133.042 181.16 4
      vertex 133.042 181.16 0
    endloop
  endfacet
  facet normal -0.947781 0.318922 0
    outer loop
      vertex 133.042 181.16 4
      vertex 132.971 180.949 0
      vertex 132.971 180.949 4
    endloop
  endfacet
  facet normal -0.193519 -0.981097 0
    outer loop
      vertex 131.622 183.285 0
      vertex 131.84 183.242 4
      vertex 131.622 183.285 4
    endloop
  endfacet
  facet normal -0.193519 -0.981097 -0
    outer loop
      vertex 131.84 183.242 4
      vertex 131.622 183.285 0
      vertex 131.84 183.242 0
    endloop
  endfacet
  facet normal 0.997725 0.0674139 0
    outer loop
      vertex 129.715 181.378 4
      vertex 129.7 181.6 0
      vertex 129.7 181.6 4
    endloop
  endfacet
  facet normal 0.997725 0.0674139 0
    outer loop
      vertex 129.7 181.6 0
      vertex 129.715 181.378 4
      vertex 129.715 181.378 0
    endloop
  endfacet
  facet normal -0.750624 -0.660729 0
    outer loop
      vertex 132.749 182.635 0
      vertex 132.602 182.802 4
      vertex 132.602 182.802 0
    endloop
  endfacet
  facet normal -0.750624 -0.660729 0
    outer loop
      vertex 132.602 182.802 4
      vertex 132.749 182.635 0
      vertex 132.749 182.635 4
    endloop
  endfacet
  facet normal 0.445413 0.895325 -0
    outer loop
      vertex 130.749 180.029 0
      vertex 130.55 180.128 4
      vertex 130.749 180.029 4
    endloop
  endfacet
  facet normal 0.445413 0.895325 0
    outer loop
      vertex 130.55 180.128 4
      vertex 130.749 180.029 0
      vertex 130.55 180.128 0
    endloop
  endfacet
  facet normal -0.947781 -0.318922 0
    outer loop
      vertex 133.042 182.04 0
      vertex 132.971 182.251 4
      vertex 132.971 182.251 0
    endloop
  endfacet
  facet normal -0.947781 -0.318922 0
    outer loop
      vertex 132.971 182.251 4
      vertex 133.042 182.04 0
      vertex 133.042 182.04 4
    endloop
  endfacet
  facet normal 0.947781 0.318922 0
    outer loop
      vertex 129.829 180.949 4
      vertex 129.758 181.16 0
      vertex 129.758 181.16 4
    endloop
  endfacet
  facet normal 0.947781 0.318922 0
    outer loop
      vertex 129.758 181.16 0
      vertex 129.829 180.949 4
      vertex 129.829 180.949 0
    endloop
  endfacet
  facet normal 0.832742 0.553661 0
    outer loop
      vertex 130.051 180.565 4
      vertex 129.928 180.75 0
      vertex 129.928 180.75 4
    endloop
  endfacet
  facet normal 0.832742 0.553661 0
    outer loop
      vertex 129.928 180.75 0
      vertex 130.051 180.565 4
      vertex 130.051 180.565 0
    endloop
  endfacet
  facet normal 0.0674139 0.997725 -0
    outer loop
      vertex 131.4 179.9 0
      vertex 131.178 179.915 4
      vertex 131.4 179.9 4
    endloop
  endfacet
  facet normal 0.0674139 0.997725 0
    outer loop
      vertex 131.178 179.915 4
      vertex 131.4 179.9 0
      vertex 131.178 179.915 0
    endloop
  endfacet
  facet normal -0.0674139 0.997725 0
    outer loop
      vertex 131.622 179.915 0
      vertex 131.4 179.9 4
      vertex 131.622 179.915 4
    endloop
  endfacet
  facet normal -0.0674139 0.997725 0
    outer loop
      vertex 131.4 179.9 4
      vertex 131.622 179.915 0
      vertex 131.4 179.9 0
    endloop
  endfacet
  facet normal 0.947781 -0.318922 0
    outer loop
      vertex 129.758 182.04 4
      vertex 129.829 182.251 0
      vertex 129.829 182.251 4
    endloop
  endfacet
  facet normal 0.947781 -0.318922 0
    outer loop
      vertex 129.829 182.251 0
      vertex 129.758 182.04 4
      vertex 129.758 182.04 0
    endloop
  endfacet
  facet normal 0.660729 0.750624 -0
    outer loop
      vertex 130.365 180.251 0
      vertex 130.198 180.398 4
      vertex 130.365 180.251 4
    endloop
  endfacet
  facet normal 0.660729 0.750624 0
    outer loop
      vertex 130.198 180.398 4
      vertex 130.365 180.251 0
      vertex 130.198 180.398 0
    endloop
  endfacet
  facet normal -0.895325 0.445413 0
    outer loop
      vertex 132.872 180.75 0
      vertex 132.971 180.949 4
      vertex 132.971 180.949 0
    endloop
  endfacet
  facet normal -0.895325 0.445413 0
    outer loop
      vertex 132.971 180.949 4
      vertex 132.872 180.75 0
      vertex 132.872 180.75 4
    endloop
  endfacet
  facet normal 0.895325 -0.445413 0
    outer loop
      vertex 129.829 182.251 4
      vertex 129.928 182.45 0
      vertex 129.928 182.45 4
    endloop
  endfacet
  facet normal 0.895325 -0.445413 0
    outer loop
      vertex 129.928 182.45 0
      vertex 129.829 182.251 4
      vertex 129.829 182.251 0
    endloop
  endfacet
  facet normal -0.980783 -0.195102 0
    outer loop
      vertex 42.4376 115.189 48
      vertex 42.4006 115.375 52
      vertex 42.4006 115.375 48
    endloop
  endfacet
  facet normal -0.980783 -0.195102 0
    outer loop
      vertex 42.4006 115.375 52
      vertex 42.4376 115.189 48
      vertex 42.4376 115.189 52
    endloop
  endfacet
  facet normal -0.997855 -0.0654677 0
    outer loop
      vertex 42.45 115 48
      vertex 42.4376 115.189 52
      vertex 42.4376 115.189 48
    endloop
  endfacet
  facet normal -0.997855 -0.0654677 0
    outer loop
      vertex 42.4376 115.189 52
      vertex 42.45 115 48
      vertex 42.45 115 52
    endloop
  endfacet
  facet normal -0.3216 0.946876 0
    outer loop
      vertex 41.5549 113.66 48
      vertex 41.3753 113.599 52
      vertex 41.5549 113.66 52
    endloop
  endfacet
  facet normal -0.3216 0.946876 0
    outer loop
      vertex 41.3753 113.599 52
      vertex 41.5549 113.66 48
      vertex 41.3753 113.599 48
    endloop
  endfacet
  facet normal -0.832131 -0.554579 0
    outer loop
      vertex 42.2557 115.725 48
      vertex 42.1504 115.883 52
      vertex 42.1504 115.883 48
    endloop
  endfacet
  facet normal -0.832131 -0.554579 0
    outer loop
      vertex 42.1504 115.883 52
      vertex 42.2557 115.725 48
      vertex 42.2557 115.725 52
    endloop
  endfacet
  facet normal 0.896736 -0.442566 0
    outer loop
      vertex 39.6604 115.555 52
      vertex 39.7443 115.725 48
      vertex 39.7443 115.725 52
    endloop
  endfacet
  facet normal 0.896736 -0.442566 0
    outer loop
      vertex 39.7443 115.725 48
      vertex 39.6604 115.555 52
      vertex 39.6604 115.555 48
    endloop
  endfacet
  facet normal 0.557854 -0.829939 0
    outer loop
      vertex 40.1173 116.15 48
      vertex 40.275 116.256 52
      vertex 40.1173 116.15 52
    endloop
  endfacet
  facet normal 0.557854 -0.829939 0
    outer loop
      vertex 40.275 116.256 52
      vertex 40.1173 116.15 48
      vertex 40.275 116.256 48
    endloop
  endfacet
  facet normal 0.659176 -0.751988 0
    outer loop
      vertex 39.9747 116.025 48
      vertex 40.1173 116.15 52
      vertex 39.9747 116.025 52
    endloop
  endfacet
  facet normal 0.659176 -0.751988 0
    outer loop
      vertex 40.1173 116.15 52
      vertex 39.9747 116.025 48
      vertex 40.1173 116.15 48
    endloop
  endfacet
  facet normal 0.750347 -0.661045 0
    outer loop
      vertex 39.8496 115.883 52
      vertex 39.9747 116.025 48
      vertex 39.9747 116.025 52
    endloop
  endfacet
  facet normal 0.750347 -0.661045 0
    outer loop
      vertex 39.9747 116.025 48
      vertex 39.8496 115.883 52
      vertex 39.8496 115.883 48
    endloop
  endfacet
  facet normal -0.947093 0.320959 0
    outer loop
      vertex 42.3396 114.445 48
      vertex 42.4006 114.625 52
      vertex 42.4006 114.625 48
    endloop
  endfacet
  facet normal -0.947093 0.320959 0
    outer loop
      vertex 42.4006 114.625 52
      vertex 42.3396 114.445 48
      vertex 42.3396 114.445 52
    endloop
  endfacet
  facet normal 0.997855 -0.0654677 0
    outer loop
      vertex 39.55 115 52
      vertex 39.5624 115.189 48
      vertex 39.5624 115.189 52
    endloop
  endfacet
  facet normal 0.997855 -0.0654677 0
    outer loop
      vertex 39.5624 115.189 48
      vertex 39.55 115 52
      vertex 39.55 115 48
    endloop
  endfacet
  facet normal -0.557854 -0.829939 0
    outer loop
      vertex 41.725 116.256 48
      vertex 41.8827 116.15 52
      vertex 41.725 116.256 52
    endloop
  endfacet
  facet normal -0.557854 -0.829939 -0
    outer loop
      vertex 41.8827 116.15 52
      vertex 41.725 116.256 48
      vertex 41.8827 116.15 48
    endloop
  endfacet
  facet normal 0.3216 0.946876 -0
    outer loop
      vertex 40.6247 113.599 48
      vertex 40.4451 113.66 52
      vertex 40.6247 113.599 52
    endloop
  endfacet
  facet normal 0.3216 0.946876 0
    outer loop
      vertex 40.4451 113.66 52
      vertex 40.6247 113.599 48
      vertex 40.4451 113.66 48
    endloop
  endfacet
  facet normal -0.195102 0.980783 0
    outer loop
      vertex 41.3753 113.599 48
      vertex 41.1893 113.562 52
      vertex 41.3753 113.599 52
    endloop
  endfacet
  facet normal -0.195102 0.980783 0
    outer loop
      vertex 41.1893 113.562 52
      vertex 41.3753 113.599 48
      vertex 41.1893 113.562 48
    endloop
  endfacet
  facet normal 0.3216 -0.946876 0
    outer loop
      vertex 40.4451 116.34 48
      vertex 40.6247 116.401 52
      vertex 40.4451 116.34 52
    endloop
  endfacet
  facet normal 0.3216 -0.946876 0
    outer loop
      vertex 40.6247 116.401 52
      vertex 40.4451 116.34 48
      vertex 40.6247 116.401 48
    endloop
  endfacet
  facet normal 0.832131 0.554579 0
    outer loop
      vertex 39.8496 114.117 52
      vertex 39.7443 114.275 48
      vertex 39.7443 114.275 52
    endloop
  endfacet
  facet normal 0.832131 0.554579 0
    outer loop
      vertex 39.7443 114.275 48
      vertex 39.8496 114.117 52
      vertex 39.8496 114.117 48
    endloop
  endfacet
  facet normal -0.557854 0.829939 0
    outer loop
      vertex 41.8827 113.85 48
      vertex 41.725 113.744 52
      vertex 41.8827 113.85 52
    endloop
  endfacet
  facet normal -0.557854 0.829939 0
    outer loop
      vertex 41.725 113.744 52
      vertex 41.8827 113.85 48
      vertex 41.725 113.744 48
    endloop
  endfacet
  facet normal 0.947093 -0.320959 0
    outer loop
      vertex 39.5994 115.375 52
      vertex 39.6604 115.555 48
      vertex 39.6604 115.555 52
    endloop
  endfacet
  facet normal 0.947093 -0.320959 0
    outer loop
      vertex 39.6604 115.555 48
      vertex 39.5994 115.375 52
      vertex 39.5994 115.375 48
    endloop
  endfacet
  facet normal -0.3216 -0.946876 0
    outer loop
      vertex 41.3753 116.401 48
      vertex 41.5549 116.34 52
      vertex 41.3753 116.401 52
    endloop
  endfacet
  facet normal -0.3216 -0.946876 -0
    outer loop
      vertex 41.5549 116.34 52
      vertex 41.3753 116.401 48
      vertex 41.5549 116.34 48
    endloop
  endfacet
  facet normal -0.0632645 -0.997997 0
    outer loop
      vertex 41 116.45 48
      vertex 41.1893 116.438 52
      vertex 41 116.45 52
    endloop
  endfacet
  facet normal -0.0632645 -0.997997 -0
    outer loop
      vertex 41.1893 116.438 52
      vertex 41 116.45 48
      vertex 41.1893 116.438 48
    endloop
  endfacet
  facet normal 0.44278 -0.89663 0
    outer loop
      vertex 40.275 116.256 48
      vertex 40.4451 116.34 52
      vertex 40.275 116.256 52
    endloop
  endfacet
  facet normal 0.44278 -0.89663 0
    outer loop
      vertex 40.4451 116.34 52
      vertex 40.275 116.256 48
      vertex 40.4451 116.34 48
    endloop
  endfacet
  facet normal -0.832131 0.554579 0
    outer loop
      vertex 42.1504 114.117 48
      vertex 42.2557 114.275 52
      vertex 42.2557 114.275 48
    endloop
  endfacet
  facet normal -0.832131 0.554579 0
    outer loop
      vertex 42.2557 114.275 52
      vertex 42.1504 114.117 48
      vertex 42.1504 114.117 52
    endloop
  endfacet
  facet normal 0.997855 0.0654677 0
    outer loop
      vertex 39.5624 114.811 52
      vertex 39.55 115 48
      vertex 39.55 115 52
    endloop
  endfacet
  facet normal 0.997855 0.0654677 0
    outer loop
      vertex 39.55 115 48
      vertex 39.5624 114.811 52
      vertex 39.5624 114.811 48
    endloop
  endfacet
  facet normal 0.947093 0.320959 0
    outer loop
      vertex 39.6604 114.445 52
      vertex 39.5994 114.625 48
      vertex 39.5994 114.625 52
    endloop
  endfacet
  facet normal 0.947093 0.320959 0
    outer loop
      vertex 39.5994 114.625 48
      vertex 39.6604 114.445 52
      vertex 39.6604 114.445 48
    endloop
  endfacet
  facet normal 0.659176 0.751988 -0
    outer loop
      vertex 40.1173 113.85 48
      vertex 39.9747 113.975 52
      vertex 40.1173 113.85 52
    endloop
  endfacet
  facet normal 0.659176 0.751988 0
    outer loop
      vertex 39.9747 113.975 52
      vertex 40.1173 113.85 48
      vertex 39.9747 113.975 48
    endloop
  endfacet
  facet normal -0.44278 -0.89663 0
    outer loop
      vertex 41.5549 116.34 48
      vertex 41.725 116.256 52
      vertex 41.5549 116.34 52
    endloop
  endfacet
  facet normal -0.44278 -0.89663 -0
    outer loop
      vertex 41.725 116.256 52
      vertex 41.5549 116.34 48
      vertex 41.725 116.256 48
    endloop
  endfacet
  facet normal 0.195102 -0.980783 0
    outer loop
      vertex 40.6247 116.401 48
      vertex 40.8107 116.438 52
      vertex 40.6247 116.401 52
    endloop
  endfacet
  facet normal 0.195102 -0.980783 0
    outer loop
      vertex 40.8107 116.438 52
      vertex 40.6247 116.401 48
      vertex 40.8107 116.438 48
    endloop
  endfacet
  facet normal -0.750347 -0.661045 0
    outer loop
      vertex 42.1504 115.883 48
      vertex 42.0253 116.025 52
      vertex 42.0253 116.025 48
    endloop
  endfacet
  facet normal -0.750347 -0.661045 0
    outer loop
      vertex 42.0253 116.025 52
      vertex 42.1504 115.883 48
      vertex 42.1504 115.883 52
    endloop
  endfacet
  facet normal -0.195102 -0.980783 0
    outer loop
      vertex 41.1893 116.438 48
      vertex 41.3753 116.401 52
      vertex 41.1893 116.438 52
    endloop
  endfacet
  facet normal -0.195102 -0.980783 -0
    outer loop
      vertex 41.3753 116.401 52
      vertex 41.1893 116.438 48
      vertex 41.3753 116.401 48
    endloop
  endfacet
  facet normal -0.750347 0.661045 0
    outer loop
      vertex 42.0253 113.975 48
      vertex 42.1504 114.117 52
      vertex 42.1504 114.117 48
    endloop
  endfacet
  facet normal -0.750347 0.661045 0
    outer loop
      vertex 42.1504 114.117 52
      vertex 42.0253 113.975 48
      vertex 42.0253 113.975 52
    endloop
  endfacet
  facet normal 0.44278 0.89663 -0
    outer loop
      vertex 40.4451 113.66 48
      vertex 40.275 113.744 52
      vertex 40.4451 113.66 52
    endloop
  endfacet
  facet normal 0.44278 0.89663 0
    outer loop
      vertex 40.275 113.744 52
      vertex 40.4451 113.66 48
      vertex 40.275 113.744 48
    endloop
  endfacet
  facet normal 0.0632645 -0.997997 0
    outer loop
      vertex 40.8107 116.438 48
      vertex 41 116.45 52
      vertex 40.8107 116.438 52
    endloop
  endfacet
  facet normal 0.0632645 -0.997997 0
    outer loop
      vertex 41 116.45 52
      vertex 40.8107 116.438 48
      vertex 41 116.45 48
    endloop
  endfacet
  facet normal 0.980783 -0.195102 0
    outer loop
      vertex 39.5624 115.189 52
      vertex 39.5994 115.375 48
      vertex 39.5994 115.375 52
    endloop
  endfacet
  facet normal 0.980783 -0.195102 0
    outer loop
      vertex 39.5994 115.375 48
      vertex 39.5624 115.189 52
      vertex 39.5624 115.189 48
    endloop
  endfacet
  facet normal -0.0632645 0.997997 0
    outer loop
      vertex 41.1893 113.562 48
      vertex 41 113.55 52
      vertex 41.1893 113.562 52
    endloop
  endfacet
  facet normal -0.0632645 0.997997 0
    outer loop
      vertex 41 113.55 52
      vertex 41.1893 113.562 48
      vertex 41 113.55 48
    endloop
  endfacet
  facet normal -0.44278 0.89663 0
    outer loop
      vertex 41.725 113.744 48
      vertex 41.5549 113.66 52
      vertex 41.725 113.744 52
    endloop
  endfacet
  facet normal -0.44278 0.89663 0
    outer loop
      vertex 41.5549 113.66 52
      vertex 41.725 113.744 48
      vertex 41.5549 113.66 48
    endloop
  endfacet
  facet normal -0.659176 0.751988 0
    outer loop
      vertex 42.0253 113.975 48
      vertex 41.8827 113.85 52
      vertex 42.0253 113.975 52
    endloop
  endfacet
  facet normal -0.659176 0.751988 0
    outer loop
      vertex 41.8827 113.85 52
      vertex 42.0253 113.975 48
      vertex 41.8827 113.85 48
    endloop
  endfacet
  facet normal 0.896736 0.442566 0
    outer loop
      vertex 39.7443 114.275 52
      vertex 39.6604 114.445 48
      vertex 39.6604 114.445 52
    endloop
  endfacet
  facet normal 0.896736 0.442566 0
    outer loop
      vertex 39.6604 114.445 48
      vertex 39.7443 114.275 52
      vertex 39.7443 114.275 48
    endloop
  endfacet
  facet normal -0.896736 0.442566 0
    outer loop
      vertex 42.2557 114.275 48
      vertex 42.3396 114.445 52
      vertex 42.3396 114.445 48
    endloop
  endfacet
  facet normal -0.896736 0.442566 0
    outer loop
      vertex 42.3396 114.445 52
      vertex 42.2557 114.275 48
      vertex 42.2557 114.275 52
    endloop
  endfacet
  facet normal -0.659176 -0.751988 0
    outer loop
      vertex 41.8827 116.15 48
      vertex 42.0253 116.025 52
      vertex 41.8827 116.15 52
    endloop
  endfacet
  facet normal -0.659176 -0.751988 -0
    outer loop
      vertex 42.0253 116.025 52
      vertex 41.8827 116.15 48
      vertex 42.0253 116.025 48
    endloop
  endfacet
  facet normal -0.997855 0.0654677 0
    outer loop
      vertex 42.4376 114.811 48
      vertex 42.45 115 52
      vertex 42.45 115 48
    endloop
  endfacet
  facet normal -0.997855 0.0654677 0
    outer loop
      vertex 42.45 115 52
      vertex 42.4376 114.811 48
      vertex 42.4376 114.811 52
    endloop
  endfacet
  facet normal 0.557854 0.829939 -0
    outer loop
      vertex 40.275 113.744 48
      vertex 40.1173 113.85 52
      vertex 40.275 113.744 52
    endloop
  endfacet
  facet normal 0.557854 0.829939 0
    outer loop
      vertex 40.1173 113.85 52
      vertex 40.275 113.744 48
      vertex 40.1173 113.85 48
    endloop
  endfacet
  facet normal -0.896736 -0.442566 0
    outer loop
      vertex 42.3396 115.555 48
      vertex 42.2557 115.725 52
      vertex 42.2557 115.725 48
    endloop
  endfacet
  facet normal -0.896736 -0.442566 0
    outer loop
      vertex 42.2557 115.725 52
      vertex 42.3396 115.555 48
      vertex 42.3396 115.555 52
    endloop
  endfacet
  facet normal -0.980783 0.195102 0
    outer loop
      vertex 42.4006 114.625 48
      vertex 42.4376 114.811 52
      vertex 42.4376 114.811 48
    endloop
  endfacet
  facet normal -0.980783 0.195102 0
    outer loop
      vertex 42.4376 114.811 52
      vertex 42.4006 114.625 48
      vertex 42.4006 114.625 52
    endloop
  endfacet
  facet normal -0.947093 -0.320959 0
    outer loop
      vertex 42.4006 115.375 48
      vertex 42.3396 115.555 52
      vertex 42.3396 115.555 48
    endloop
  endfacet
  facet normal -0.947093 -0.320959 0
    outer loop
      vertex 42.3396 115.555 52
      vertex 42.4006 115.375 48
      vertex 42.4006 115.375 52
    endloop
  endfacet
  facet normal 0.980783 0.195102 0
    outer loop
      vertex 39.5994 114.625 52
      vertex 39.5624 114.811 48
      vertex 39.5624 114.811 52
    endloop
  endfacet
  facet normal 0.980783 0.195102 0
    outer loop
      vertex 39.5624 114.811 48
      vertex 39.5994 114.625 52
      vertex 39.5994 114.625 48
    endloop
  endfacet
  facet normal 0.750347 0.661045 0
    outer loop
      vertex 39.9747 113.975 52
      vertex 39.8496 114.117 48
      vertex 39.8496 114.117 52
    endloop
  endfacet
  facet normal 0.750347 0.661045 0
    outer loop
      vertex 39.8496 114.117 48
      vertex 39.9747 113.975 52
      vertex 39.9747 113.975 48
    endloop
  endfacet
  facet normal 0.195102 0.980783 -0
    outer loop
      vertex 40.8107 113.562 48
      vertex 40.6247 113.599 52
      vertex 40.8107 113.562 52
    endloop
  endfacet
  facet normal 0.195102 0.980783 0
    outer loop
      vertex 40.6247 113.599 52
      vertex 40.8107 113.562 48
      vertex 40.6247 113.599 48
    endloop
  endfacet
  facet normal 0.832131 -0.554579 0
    outer loop
      vertex 39.7443 115.725 52
      vertex 39.8496 115.883 48
      vertex 39.8496 115.883 52
    endloop
  endfacet
  facet normal 0.832131 -0.554579 0
    outer loop
      vertex 39.8496 115.883 48
      vertex 39.7443 115.725 52
      vertex 39.7443 115.725 48
    endloop
  endfacet
  facet normal 0.0632645 0.997997 -0
    outer loop
      vertex 41 113.55 48
      vertex 40.8107 113.562 52
      vertex 41 113.55 52
    endloop
  endfacet
  facet normal 0.0632645 0.997997 0
    outer loop
      vertex 40.8107 113.562 52
      vertex 41 113.55 48
      vertex 40.8107 113.562 48
    endloop
  endfacet
  facet normal -0.980806 -0.194987 0
    outer loop
      vertex 43.5778 115.339 0
      vertex 43.5114 115.673 48
      vertex 43.5114 115.673 0
    endloop
  endfacet
  facet normal -0.980806 -0.194987 0
    outer loop
      vertex 43.5114 115.673 48
      vertex 43.5778 115.339 0
      vertex 43.5778 115.339 48
    endloop
  endfacet
  facet normal -0.997863 -0.0653468 0
    outer loop
      vertex 43.6 115 0
      vertex 43.5778 115.339 48
      vertex 43.5778 115.339 0
    endloop
  endfacet
  facet normal -0.997863 -0.0653468 0
    outer loop
      vertex 43.5778 115.339 48
      vertex 43.6 115 0
      vertex 43.6 115 48
    endloop
  endfacet
  facet normal -0.946934 -0.321428 0
    outer loop
      vertex 43.5114 115.673 0
      vertex 43.4021 115.995 48
      vertex 43.4021 115.995 0
    endloop
  endfacet
  facet normal -0.946934 -0.321428 0
    outer loop
      vertex 43.4021 115.995 48
      vertex 43.5114 115.673 0
      vertex 43.5114 115.673 48
    endloop
  endfacet
  facet normal 0.660601 -0.750737 0
    outer loop
      vertex 39.1615 116.838 0
      vertex 39.4172 117.063 48
      vertex 39.1615 116.838 48
    endloop
  endfacet
  facet normal 0.660601 -0.750737 0
    outer loop
      vertex 39.4172 117.063 48
      vertex 39.1615 116.838 0
      vertex 39.4172 117.063 0
    endloop
  endfacet
  facet normal -0.0646845 -0.997906 0
    outer loop
      vertex 41 117.6 0
      vertex 41.3394 117.578 48
      vertex 41 117.6 48
    endloop
  endfacet
  facet normal -0.0646845 -0.997906 -0
    outer loop
      vertex 41.3394 117.578 48
      vertex 41 117.6 0
      vertex 41.3394 117.578 0
    endloop
  endfacet
  facet normal 0.946934 -0.321428 0
    outer loop
      vertex 38.4886 115.673 48
      vertex 38.5979 115.995 0
      vertex 38.5979 115.995 48
    endloop
  endfacet
  facet normal 0.946934 -0.321428 0
    outer loop
      vertex 38.5979 115.995 0
      vertex 38.4886 115.673 48
      vertex 38.4886 115.673 0
    endloop
  endfacet
  facet normal -0.980806 0.194987 0
    outer loop
      vertex 43.5114 114.327 0
      vertex 43.5778 114.661 48
      vertex 43.5778 114.661 0
    endloop
  endfacet
  facet normal -0.980806 0.194987 0
    outer loop
      vertex 43.5778 114.661 48
      vertex 43.5114 114.327 0
      vertex 43.5114 114.327 48
    endloop
  endfacet
  facet normal 0.831598 0.555378 0
    outer loop
      vertex 38.9373 113.417 48
      vertex 38.7483 113.7 0
      vertex 38.7483 113.7 48
    endloop
  endfacet
  facet normal 0.831598 0.555378 0
    outer loop
      vertex 38.7483 113.7 0
      vertex 38.9373 113.417 48
      vertex 38.9373 113.417 0
    endloop
  endfacet
  facet normal 0.980806 -0.194987 0
    outer loop
      vertex 38.4222 115.339 48
      vertex 38.4886 115.673 0
      vertex 38.4886 115.673 48
    endloop
  endfacet
  facet normal 0.980806 -0.194987 0
    outer loop
      vertex 38.4886 115.673 0
      vertex 38.4222 115.339 48
      vertex 38.4222 115.339 0
    endloop
  endfacet
  facet normal 0.55565 -0.831417 0
    outer loop
      vertex 39.4172 117.063 0
      vertex 39.7 117.252 48
      vertex 39.4172 117.063 48
    endloop
  endfacet
  facet normal 0.55565 -0.831417 0
    outer loop
      vertex 39.7 117.252 48
      vertex 39.4172 117.063 0
      vertex 39.7 117.252 0
    endloop
  endfacet
  facet normal 0.946934 0.321428 0
    outer loop
      vertex 38.5979 114.005 48
      vertex 38.4886 114.327 0
      vertex 38.4886 114.327 48
    endloop
  endfacet
  facet normal 0.946934 0.321428 0
    outer loop
      vertex 38.4886 114.327 0
      vertex 38.5979 114.005 48
      vertex 38.5979 114.005 0
    endloop
  endfacet
  facet normal 0.980806 0.194987 0
    outer loop
      vertex 38.4886 114.327 48
      vertex 38.4222 114.661 0
      vertex 38.4222 114.661 48
    endloop
  endfacet
  facet normal 0.980806 0.194987 0
    outer loop
      vertex 38.4222 114.661 0
      vertex 38.4886 114.327 48
      vertex 38.4886 114.327 0
    endloop
  endfacet
  facet normal -0.320547 0.947232 0
    outer loop
      vertex 41.995 112.598 0
      vertex 41.6729 112.489 48
      vertex 41.995 112.598 48
    endloop
  endfacet
  facet normal -0.320547 0.947232 0
    outer loop
      vertex 41.6729 112.489 48
      vertex 41.995 112.598 0
      vertex 41.6729 112.489 0
    endloop
  endfacet
  facet normal 0.751006 -0.660296 0
    outer loop
      vertex 38.9373 116.583 48
      vertex 39.1615 116.838 0
      vertex 39.1615 116.838 48
    endloop
  endfacet
  facet normal 0.751006 -0.660296 0
    outer loop
      vertex 39.1615 116.838 0
      vertex 38.9373 116.583 48
      vertex 38.9373 116.583 0
    endloop
  endfacet
  facet normal -0.196964 0.980411 0
    outer loop
      vertex 41.6729 112.489 0
      vertex 41.3394 112.422 48
      vertex 41.6729 112.489 48
    endloop
  endfacet
  facet normal -0.196964 0.980411 0
    outer loop
      vertex 41.3394 112.422 48
      vertex 41.6729 112.489 0
      vertex 41.3394 112.422 0
    endloop
  endfacet
  facet normal 0.320547 -0.947232 0
    outer loop
      vertex 40.005 117.402 0
      vertex 40.3271 117.511 48
      vertex 40.005 117.402 48
    endloop
  endfacet
  facet normal 0.320547 -0.947232 0
    outer loop
      vertex 40.3271 117.511 48
      vertex 40.005 117.402 0
      vertex 40.3271 117.511 0
    endloop
  endfacet
  facet normal -0.896884 -0.442267 0
    outer loop
      vertex 43.4021 115.995 0
      vertex 43.2517 116.3 48
      vertex 43.2517 116.3 0
    endloop
  endfacet
  facet normal -0.896884 -0.442267 0
    outer loop
      vertex 43.2517 116.3 48
      vertex 43.4021 115.995 0
      vertex 43.4021 115.995 48
    endloop
  endfacet
  facet normal 0.997863 0.0653468 0
    outer loop
      vertex 38.4222 114.661 48
      vertex 38.4 115 0
      vertex 38.4 115 48
    endloop
  endfacet
  facet normal 0.997863 0.0653468 0
    outer loop
      vertex 38.4 115 0
      vertex 38.4222 114.661 48
      vertex 38.4222 114.661 0
    endloop
  endfacet
  facet normal 0.0646845 0.997906 -0
    outer loop
      vertex 41 112.4 0
      vertex 40.6606 112.422 48
      vertex 41 112.4 48
    endloop
  endfacet
  facet normal 0.0646845 0.997906 0
    outer loop
      vertex 40.6606 112.422 48
      vertex 41 112.4 0
      vertex 40.6606 112.422 0
    endloop
  endfacet
  facet normal -0.196964 -0.980411 0
    outer loop
      vertex 41.3394 117.578 0
      vertex 41.6729 117.511 48
      vertex 41.3394 117.578 48
    endloop
  endfacet
  facet normal -0.196964 -0.980411 -0
    outer loop
      vertex 41.6729 117.511 48
      vertex 41.3394 117.578 0
      vertex 41.6729 117.511 0
    endloop
  endfacet
  facet normal -0.831598 0.555378 0
    outer loop
      vertex 43.0627 113.417 0
      vertex 43.2517 113.7 48
      vertex 43.2517 113.7 0
    endloop
  endfacet
  facet normal -0.831598 0.555378 0
    outer loop
      vertex 43.2517 113.7 48
      vertex 43.0627 113.417 0
      vertex 43.0627 113.417 48
    endloop
  endfacet
  facet normal 0.751006 0.660296 0
    outer loop
      vertex 39.1615 113.162 48
      vertex 38.9373 113.417 0
      vertex 38.9373 113.417 48
    endloop
  endfacet
  facet normal 0.751006 0.660296 0
    outer loop
      vertex 38.9373 113.417 0
      vertex 39.1615 113.162 48
      vertex 39.1615 113.162 0
    endloop
  endfacet
  facet normal 0.196964 0.980411 -0
    outer loop
      vertex 40.6606 112.422 0
      vertex 40.3271 112.489 48
      vertex 40.6606 112.422 48
    endloop
  endfacet
  facet normal 0.196964 0.980411 0
    outer loop
      vertex 40.3271 112.489 48
      vertex 40.6606 112.422 0
      vertex 40.3271 112.489 0
    endloop
  endfacet
  facet normal -0.55565 -0.831417 0
    outer loop
      vertex 42.3 117.252 0
      vertex 42.5828 117.063 48
      vertex 42.3 117.252 48
    endloop
  endfacet
  facet normal -0.55565 -0.831417 -0
    outer loop
      vertex 42.5828 117.063 48
      vertex 42.3 117.252 0
      vertex 42.5828 117.063 0
    endloop
  endfacet
  facet normal -0.997863 0.0653468 0
    outer loop
      vertex 43.5778 114.661 0
      vertex 43.6 115 48
      vertex 43.6 115 0
    endloop
  endfacet
  facet normal -0.997863 0.0653468 0
    outer loop
      vertex 43.6 115 48
      vertex 43.5778 114.661 0
      vertex 43.5778 114.661 48
    endloop
  endfacet
  facet normal 0.196964 -0.980411 0
    outer loop
      vertex 40.3271 117.511 0
      vertex 40.6606 117.578 48
      vertex 40.3271 117.511 48
    endloop
  endfacet
  facet normal 0.196964 -0.980411 0
    outer loop
      vertex 40.6606 117.578 48
      vertex 40.3271 117.511 0
      vertex 40.6606 117.578 0
    endloop
  endfacet
  facet normal -0.751006 -0.660296 0
    outer loop
      vertex 43.0627 116.583 0
      vertex 42.8385 116.838 48
      vertex 42.8385 116.838 0
    endloop
  endfacet
  facet normal -0.751006 -0.660296 0
    outer loop
      vertex 42.8385 116.838 48
      vertex 43.0627 116.583 0
      vertex 43.0627 116.583 48
    endloop
  endfacet
  facet normal -0.660601 -0.750737 0
    outer loop
      vertex 42.5828 117.063 0
      vertex 42.8385 116.838 48
      vertex 42.5828 117.063 48
    endloop
  endfacet
  facet normal -0.660601 -0.750737 -0
    outer loop
      vertex 42.8385 116.838 48
      vertex 42.5828 117.063 0
      vertex 42.8385 116.838 0
    endloop
  endfacet
  facet normal 0.896884 0.442267 0
    outer loop
      vertex 38.7483 113.7 48
      vertex 38.5979 114.005 0
      vertex 38.5979 114.005 48
    endloop
  endfacet
  facet normal 0.896884 0.442267 0
    outer loop
      vertex 38.5979 114.005 0
      vertex 38.7483 113.7 48
      vertex 38.7483 113.7 0
    endloop
  endfacet
  facet normal 0.320547 0.947232 -0
    outer loop
      vertex 40.3271 112.489 0
      vertex 40.005 112.598 48
      vertex 40.3271 112.489 48
    endloop
  endfacet
  facet normal 0.320547 0.947232 0
    outer loop
      vertex 40.005 112.598 48
      vertex 40.3271 112.489 0
      vertex 40.005 112.598 0
    endloop
  endfacet
  facet normal -0.0646845 0.997906 0
    outer loop
      vertex 41.3394 112.422 0
      vertex 41 112.4 48
      vertex 41.3394 112.422 48
    endloop
  endfacet
  facet normal -0.0646845 0.997906 0
    outer loop
      vertex 41 112.4 48
      vertex 41.3394 112.422 0
      vertex 41 112.4 0
    endloop
  endfacet
  facet normal -0.55565 0.831417 0
    outer loop
      vertex 42.5828 112.937 0
      vertex 42.3 112.748 48
      vertex 42.5828 112.937 48
    endloop
  endfacet
  facet normal -0.55565 0.831417 0
    outer loop
      vertex 42.3 112.748 48
      vertex 42.5828 112.937 0
      vertex 42.3 112.748 0
    endloop
  endfacet
  facet normal -0.946934 0.321428 0
    outer loop
      vertex 43.4021 114.005 0
      vertex 43.5114 114.327 48
      vertex 43.5114 114.327 0
    endloop
  endfacet
  facet normal -0.946934 0.321428 0
    outer loop
      vertex 43.5114 114.327 48
      vertex 43.4021 114.005 0
      vertex 43.4021 114.005 48
    endloop
  endfacet
  facet normal -0.44132 -0.89735 0
    outer loop
      vertex 41.995 117.402 0
      vertex 42.3 117.252 48
      vertex 41.995 117.402 48
    endloop
  endfacet
  facet normal -0.44132 -0.89735 -0
    outer loop
      vertex 42.3 117.252 48
      vertex 41.995 117.402 0
      vertex 42.3 117.252 0
    endloop
  endfacet
  facet normal -0.831598 -0.555378 0
    outer loop
      vertex 43.2517 116.3 0
      vertex 43.0627 116.583 48
      vertex 43.0627 116.583 0
    endloop
  endfacet
  facet normal -0.831598 -0.555378 0
    outer loop
      vertex 43.0627 116.583 48
      vertex 43.2517 116.3 0
      vertex 43.2517 116.3 48
    endloop
  endfacet
  facet normal -0.660601 0.750737 0
    outer loop
      vertex 42.8385 113.162 0
      vertex 42.5828 112.937 48
      vertex 42.8385 113.162 48
    endloop
  endfacet
  facet normal -0.660601 0.750737 0
    outer loop
      vertex 42.5828 112.937 48
      vertex 42.8385 113.162 0
      vertex 42.5828 112.937 0
    endloop
  endfacet
  facet normal -0.751006 0.660296 0
    outer loop
      vertex 42.8385 113.162 0
      vertex 43.0627 113.417 48
      vertex 43.0627 113.417 0
    endloop
  endfacet
  facet normal -0.751006 0.660296 0
    outer loop
      vertex 43.0627 113.417 48
      vertex 42.8385 113.162 0
      vertex 42.8385 113.162 48
    endloop
  endfacet
  facet normal -0.320547 -0.947232 0
    outer loop
      vertex 41.6729 117.511 0
      vertex 41.995 117.402 48
      vertex 41.6729 117.511 48
    endloop
  endfacet
  facet normal -0.320547 -0.947232 -0
    outer loop
      vertex 41.995 117.402 48
      vertex 41.6729 117.511 0
      vertex 41.995 117.402 0
    endloop
  endfacet
  facet normal 0.0646845 -0.997906 0
    outer loop
      vertex 40.6606 117.578 0
      vertex 41 117.6 48
      vertex 40.6606 117.578 48
    endloop
  endfacet
  facet normal 0.0646845 -0.997906 0
    outer loop
      vertex 41 117.6 48
      vertex 40.6606 117.578 0
      vertex 41 117.6 0
    endloop
  endfacet
  facet normal 0.660601 0.750737 -0
    outer loop
      vertex 39.4172 112.937 0
      vertex 39.1615 113.162 48
      vertex 39.4172 112.937 48
    endloop
  endfacet
  facet normal 0.660601 0.750737 0
    outer loop
      vertex 39.1615 113.162 48
      vertex 39.4172 112.937 0
      vertex 39.1615 113.162 0
    endloop
  endfacet
  facet normal -0.896884 0.442267 0
    outer loop
      vertex 43.2517 113.7 0
      vertex 43.4021 114.005 48
      vertex 43.4021 114.005 0
    endloop
  endfacet
  facet normal -0.896884 0.442267 0
    outer loop
      vertex 43.4021 114.005 48
      vertex 43.2517 113.7 0
      vertex 43.2517 113.7 48
    endloop
  endfacet
  facet normal 0.997863 -0.0653468 0
    outer loop
      vertex 38.4 115 48
      vertex 38.4222 115.339 0
      vertex 38.4222 115.339 48
    endloop
  endfacet
  facet normal 0.997863 -0.0653468 0
    outer loop
      vertex 38.4222 115.339 0
      vertex 38.4 115 48
      vertex 38.4 115 0
    endloop
  endfacet
  facet normal -0.44132 0.89735 0
    outer loop
      vertex 42.3 112.748 0
      vertex 41.995 112.598 48
      vertex 42.3 112.748 48
    endloop
  endfacet
  facet normal -0.44132 0.89735 0
    outer loop
      vertex 41.995 112.598 48
      vertex 42.3 112.748 0
      vertex 41.995 112.598 0
    endloop
  endfacet
  facet normal 0.44132 0.89735 -0
    outer loop
      vertex 40.005 112.598 0
      vertex 39.7 112.748 48
      vertex 40.005 112.598 48
    endloop
  endfacet
  facet normal 0.44132 0.89735 0
    outer loop
      vertex 39.7 112.748 48
      vertex 40.005 112.598 0
      vertex 39.7 112.748 0
    endloop
  endfacet
  facet normal 0.44132 -0.89735 0
    outer loop
      vertex 39.7 117.252 0
      vertex 40.005 117.402 48
      vertex 39.7 117.252 48
    endloop
  endfacet
  facet normal 0.44132 -0.89735 0
    outer loop
      vertex 40.005 117.402 48
      vertex 39.7 117.252 0
      vertex 40.005 117.402 0
    endloop
  endfacet
  facet normal 0.896884 -0.442267 0
    outer loop
      vertex 38.5979 115.995 48
      vertex 38.7483 116.3 0
      vertex 38.7483 116.3 48
    endloop
  endfacet
  facet normal 0.896884 -0.442267 0
    outer loop
      vertex 38.7483 116.3 0
      vertex 38.5979 115.995 48
      vertex 38.5979 115.995 0
    endloop
  endfacet
  facet normal 0.831598 -0.555378 0
    outer loop
      vertex 38.7483 116.3 48
      vertex 38.9373 116.583 0
      vertex 38.9373 116.583 48
    endloop
  endfacet
  facet normal 0.831598 -0.555378 0
    outer loop
      vertex 38.9373 116.583 0
      vertex 38.7483 116.3 48
      vertex 38.7483 116.3 0
    endloop
  endfacet
  facet normal 0.55565 0.831417 -0
    outer loop
      vertex 39.7 112.748 0
      vertex 39.4172 112.937 48
      vertex 39.7 112.748 48
    endloop
  endfacet
  facet normal 0.55565 0.831417 0
    outer loop
      vertex 39.4172 112.937 48
      vertex 39.7 112.748 0
      vertex 39.4172 112.937 0
    endloop
  endfacet
  facet normal 0 0 -1
    outer loop
      vertex 42.45 115 48
      vertex 43.6 115 48
      vertex 43.5778 114.661 48
    endloop
  endfacet
  facet normal 0 0 -1
    outer loop
      vertex 42.4376 114.811 48
      vertex 43.5778 114.661 48
      vertex 43.5114 114.327 48
    endloop
  endfacet
  facet normal 0 0 -1
    outer loop
      vertex 43.6 115 48
      vertex 42.45 115 48
      vertex 43.5778 115.339 48
    endloop
  endfacet
  facet normal 0 0 -1
    outer loop
      vertex 42.4006 114.625 48
      vertex 43.5114 114.327 48
      vertex 43.4021 114.005 48
    endloop
  endfacet
  facet normal 0 0 -1
    outer loop
      vertex 42.4376 115.189 48
      vertex 43.5778 115.339 48
      vertex 42.45 115 48
    endloop
  endfacet
  facet normal 0 0 -1
    outer loop
      vertex 42.3396 114.445 48
      vertex 43.4021 114.005 48
      vertex 43.2517 113.7 48
    endloop
  endfacet
  facet normal -0 0 -1
    outer loop
      vertex 43.5778 115.339 48
      vertex 42.4376 115.189 48
      vertex 43.5114 115.673 48
    endloop
  endfacet
  facet normal 0 0 -1
    outer loop
      vertex 42.2557 114.275 48
      vertex 43.2517 113.7 48
      vertex 43.0627 113.417 48
    endloop
  endfacet
  facet normal 0 0 -1
    outer loop
      vertex 42.4006 115.375 48
      vertex 43.5114 115.673 48
      vertex 42.4376 115.189 48
    endloop
  endfacet
  facet normal 0 0 -1
    outer loop
      vertex 42.1504 114.117 48
      vertex 43.0627 113.417 48
      vertex 42.8385 113.162 48
    endloop
  endfacet
  facet normal -0 0 -1
    outer loop
      vertex 43.5114 115.673 48
      vertex 42.4006 115.375 48
      vertex 43.4021 115.995 48
    endloop
  endfacet
  facet normal 0 0 -1
    outer loop
      vertex 42.0253 113.975 48
      vertex 42.8385 113.162 48
      vertex 42.5828 112.937 48
    endloop
  endfacet
  facet normal 0 0 -1
    outer loop
      vertex 42.3396 115.555 48
      vertex 43.4021 115.995 48
      vertex 42.4006 115.375 48
    endloop
  endfacet
  facet normal -0 0 -1
    outer loop
      vertex 43.4021 115.995 48
      vertex 42.3396 115.555 48
      vertex 43.2517 116.3 48
    endloop
  endfacet
  facet normal 0 0 -1
    outer loop
      vertex 43.5778 114.661 48
      vertex 42.4376 114.811 48
      vertex 42.45 115 48
    endloop
  endfacet
  facet normal 0 0 -1
    outer loop
      vertex 43.5114 114.327 48
      vertex 42.4006 114.625 48
      vertex 42.4376 114.811 48
    endloop
  endfacet
  facet normal 0 0 -1
    outer loop
      vertex 43.4021 114.005 48
      vertex 42.3396 114.445 48
      vertex 42.4006 114.625 48
    endloop
  endfacet
  facet normal 0 0 -1
    outer loop
      vertex 41.8827 113.85 48
      vertex 42.5828 112.937 48
      vertex 42.3 112.748 48
    endloop
  endfacet
  facet normal 0 0 -1
    outer loop
      vertex 43.2517 113.7 48
      vertex 42.2557 114.275 48
      vertex 42.3396 114.445 48
    endloop
  endfacet
  facet normal 0 0 -1
    outer loop
      vertex 43.0627 113.417 48
      vertex 42.1504 114.117 48
      vertex 42.2557 114.275 48
    endloop
  endfacet
  facet normal 0 0 -1
    outer loop
      vertex 42.8385 113.162 48
      vertex 42.0253 113.975 48
      vertex 42.1504 114.117 48
    endloop
  endfacet
  facet normal 0 0 -1
    outer loop
      vertex 41.725 113.744 48
      vertex 42.3 112.748 48
      vertex 41.995 112.598 48
    endloop
  endfacet
  facet normal 0 0 -1
    outer loop
      vertex 42.5828 112.937 48
      vertex 41.8827 113.85 48
      vertex 42.0253 113.975 48
    endloop
  endfacet
  facet normal 0 0 -1
    outer loop
      vertex 42.3 112.748 48
      vertex 41.725 113.744 48
      vertex 41.8827 113.85 48
    endloop
  endfacet
  facet normal 0 0 -1
    outer loop
      vertex 41.5549 113.66 48
      vertex 41.995 112.598 48
      vertex 41.6729 112.489 48
    endloop
  endfacet
  facet normal 0 0 -1
    outer loop
      vertex 41.995 112.598 48
      vertex 41.5549 113.66 48
      vertex 41.725 113.744 48
    endloop
  endfacet
  facet normal 0 0 -1
    outer loop
      vertex 41.6729 112.489 48
      vertex 41.3753 113.599 48
      vertex 41.5549 113.66 48
    endloop
  endfacet
  facet normal 0 0 -1
    outer loop
      vertex 41.3394 112.422 48
      vertex 41.3753 113.599 48
      vertex 41.6729 112.489 48
    endloop
  endfacet
  facet normal 0 0 -1
    outer loop
      vertex 41.3394 112.422 48
      vertex 41.1893 113.562 48
      vertex 41.3753 113.599 48
    endloop
  endfacet
  facet normal 0 0 -1
    outer loop
      vertex 41 112.4 48
      vertex 41.1893 113.562 48
      vertex 41.3394 112.422 48
    endloop
  endfacet
  facet normal 0 0 -1
    outer loop
      vertex 41 112.4 48
      vertex 41 113.55 48
      vertex 41.1893 113.562 48
    endloop
  endfacet
  facet normal 0 0 -1
    outer loop
      vertex 41 112.4 48
      vertex 40.8107 113.562 48
      vertex 41 113.55 48
    endloop
  endfacet
  facet normal 0 0 -1
    outer loop
      vertex 40.6606 112.422 48
      vertex 40.8107 113.562 48
      vertex 41 112.4 48
    endloop
  endfacet
  facet normal 0 0 -1
    outer loop
      vertex 40.6606 112.422 48
      vertex 40.6247 113.599 48
      vertex 40.8107 113.562 48
    endloop
  endfacet
  facet normal 0 0 -1
    outer loop
      vertex 40.3271 112.489 48
      vertex 40.6247 113.599 48
      vertex 40.6606 112.422 48
    endloop
  endfacet
  facet normal -0 0 -1
    outer loop
      vertex 40.6247 113.599 48
      vertex 40.3271 112.489 48
      vertex 40.4451 113.66 48
    endloop
  endfacet
  facet normal 0 0 -1
    outer loop
      vertex 40.005 112.598 48
      vertex 40.4451 113.66 48
      vertex 40.3271 112.489 48
    endloop
  endfacet
  facet normal -0 0 -1
    outer loop
      vertex 40.4451 113.66 48
      vertex 40.005 112.598 48
      vertex 40.275 113.744 48
    endloop
  endfacet
  facet normal 0 0 -1
    outer loop
      vertex 39.7 112.748 48
      vertex 40.275 113.744 48
      vertex 40.005 112.598 48
    endloop
  endfacet
  facet normal -0 0 -1
    outer loop
      vertex 40.275 113.744 48
      vertex 39.7 112.748 48
      vertex 40.1173 113.85 48
    endloop
  endfacet
  facet normal 0 0 -1
    outer loop
      vertex 39.4172 112.937 48
      vertex 40.1173 113.85 48
      vertex 39.7 112.748 48
    endloop
  endfacet
  facet normal -0 0 -1
    outer loop
      vertex 40.1173 113.85 48
      vertex 39.4172 112.937 48
      vertex 39.9747 113.975 48
    endloop
  endfacet
  facet normal 0 0 -1
    outer loop
      vertex 39.1615 113.162 48
      vertex 39.9747 113.975 48
      vertex 39.4172 112.937 48
    endloop
  endfacet
  facet normal -0 0 -1
    outer loop
      vertex 39.9747 113.975 48
      vertex 39.1615 113.162 48
      vertex 39.8496 114.117 48
    endloop
  endfacet
  facet normal 0 0 -1
    outer loop
      vertex 38.9373 113.417 48
      vertex 39.8496 114.117 48
      vertex 39.1615 113.162 48
    endloop
  endfacet
  facet normal -0 0 -1
    outer loop
      vertex 39.8496 114.117 48
      vertex 38.9373 113.417 48
      vertex 39.7443 114.275 48
    endloop
  endfacet
  facet normal -0 0 -1
    outer loop
      vertex 39.7443 114.275 48
      vertex 38.7483 113.7 48
      vertex 39.6604 114.445 48
    endloop
  endfacet
  facet normal 0 0 -1
    outer loop
      vertex 38.7483 113.7 48
      vertex 39.7443 114.275 48
      vertex 38.9373 113.417 48
    endloop
  endfacet
  facet normal 0 0 -1
    outer loop
      vertex 42.2557 115.725 48
      vertex 43.2517 116.3 48
      vertex 42.3396 115.555 48
    endloop
  endfacet
  facet normal -0 0 -1
    outer loop
      vertex 43.2517 116.3 48
      vertex 42.2557 115.725 48
      vertex 43.0627 116.583 48
    endloop
  endfacet
  facet normal 0 0 -1
    outer loop
      vertex 42.1504 115.883 48
      vertex 43.0627 116.583 48
      vertex 42.2557 115.725 48
    endloop
  endfacet
  facet normal -0 0 -1
    outer loop
      vertex 43.0627 116.583 48
      vertex 42.1504 115.883 48
      vertex 42.8385 116.838 48
    endloop
  endfacet
  facet normal 0 0 -1
    outer loop
      vertex 42.0253 116.025 48
      vertex 42.8385 116.838 48
      vertex 42.1504 115.883 48
    endloop
  endfacet
  facet normal -0 0 -1
    outer loop
      vertex 42.8385 116.838 48
      vertex 42.0253 116.025 48
      vertex 42.5828 117.063 48
    endloop
  endfacet
  facet normal 0 0 -1
    outer loop
      vertex 41.8827 116.15 48
      vertex 42.5828 117.063 48
      vertex 42.0253 116.025 48
    endloop
  endfacet
  facet normal -0 0 -1
    outer loop
      vertex 42.5828 117.063 48
      vertex 41.8827 116.15 48
      vertex 42.3 117.252 48
    endloop
  endfacet
  facet normal 0 0 -1
    outer loop
      vertex 41.725 116.256 48
      vertex 42.3 117.252 48
      vertex 41.8827 116.15 48
    endloop
  endfacet
  facet normal -0 0 -1
    outer loop
      vertex 42.3 117.252 48
      vertex 41.725 116.256 48
      vertex 41.995 117.402 48
    endloop
  endfacet
  facet normal 0 0 -1
    outer loop
      vertex 41.5549 116.34 48
      vertex 41.995 117.402 48
      vertex 41.725 116.256 48
    endloop
  endfacet
  facet normal -0 0 -1
    outer loop
      vertex 41.995 117.402 48
      vertex 41.5549 116.34 48
      vertex 41.6729 117.511 48
    endloop
  endfacet
  facet normal 0 0 -1
    outer loop
      vertex 41.3753 116.401 48
      vertex 41.6729 117.511 48
      vertex 41.5549 116.34 48
    endloop
  endfacet
  facet normal 0 0 -1
    outer loop
      vertex 41.3753 116.401 48
      vertex 41.3394 117.578 48
      vertex 41.6729 117.511 48
    endloop
  endfacet
  facet normal 0 0 -1
    outer loop
      vertex 41.1893 116.438 48
      vertex 41.3394 117.578 48
      vertex 41.3753 116.401 48
    endloop
  endfacet
  facet normal 0 0 -1
    outer loop
      vertex 41 116.45 48
      vertex 41.3394 117.578 48
      vertex 41.1893 116.438 48
    endloop
  endfacet
  facet normal 0 0 -1
    outer loop
      vertex 41 116.45 48
      vertex 41 117.6 48
      vertex 41.3394 117.578 48
    endloop
  endfacet
  facet normal 0 0 -1
    outer loop
      vertex 40.8107 116.438 48
      vertex 41 117.6 48
      vertex 41 116.45 48
    endloop
  endfacet
  facet normal 0 0 -1
    outer loop
      vertex 40.8107 116.438 48
      vertex 40.6606 117.578 48
      vertex 41 117.6 48
    endloop
  endfacet
  facet normal 0 0 -1
    outer loop
      vertex 40.6247 116.401 48
      vertex 40.6606 117.578 48
      vertex 40.8107 116.438 48
    endloop
  endfacet
  facet normal 0 0 -1
    outer loop
      vertex 40.3271 117.511 48
      vertex 40.6247 116.401 48
      vertex 40.4451 116.34 48
    endloop
  endfacet
  facet normal 0 0 -1
    outer loop
      vertex 40.6247 116.401 48
      vertex 40.3271 117.511 48
      vertex 40.6606 117.578 48
    endloop
  endfacet
  facet normal 0 0 -1
    outer loop
      vertex 40.005 117.402 48
      vertex 40.4451 116.34 48
      vertex 40.275 116.256 48
    endloop
  endfacet
  facet normal 0 0 -1
    outer loop
      vertex 39.7 117.252 48
      vertex 40.275 116.256 48
      vertex 40.1173 116.15 48
    endloop
  endfacet
  facet normal 0 0 -1
    outer loop
      vertex 40.4451 116.34 48
      vertex 40.005 117.402 48
      vertex 40.3271 117.511 48
    endloop
  endfacet
  facet normal 0 0 -1
    outer loop
      vertex 39.4172 117.063 48
      vertex 40.1173 116.15 48
      vertex 39.9747 116.025 48
    endloop
  endfacet
  facet normal 0 0 -1
    outer loop
      vertex 39.1615 116.838 48
      vertex 39.9747 116.025 48
      vertex 39.8496 115.883 48
    endloop
  endfacet
  facet normal 0 0 -1
    outer loop
      vertex 38.9373 116.583 48
      vertex 39.8496 115.883 48
      vertex 39.7443 115.725 48
    endloop
  endfacet
  facet normal 0 0 -1
    outer loop
      vertex 40.275 116.256 48
      vertex 39.7 117.252 48
      vertex 40.005 117.402 48
    endloop
  endfacet
  facet normal 0 0 -1
    outer loop
      vertex 38.7483 116.3 48
      vertex 39.7443 115.725 48
      vertex 39.6604 115.555 48
    endloop
  endfacet
  facet normal 0 0 -1
    outer loop
      vertex 38.5979 115.995 48
      vertex 39.6604 115.555 48
      vertex 39.5994 115.375 48
    endloop
  endfacet
  facet normal 0 0 -1
    outer loop
      vertex 38.4886 115.673 48
      vertex 39.5994 115.375 48
      vertex 39.5624 115.189 48
    endloop
  endfacet
  facet normal 0 0 -1
    outer loop
      vertex 40.1173 116.15 48
      vertex 39.4172 117.063 48
      vertex 39.7 117.252 48
    endloop
  endfacet
  facet normal 0 0 -1
    outer loop
      vertex 38.4222 115.339 48
      vertex 39.5624 115.189 48
      vertex 39.55 115 48
    endloop
  endfacet
  facet normal 0 0 -1
    outer loop
      vertex 38.5979 114.005 48
      vertex 39.6604 114.445 48
      vertex 38.7483 113.7 48
    endloop
  endfacet
  facet normal -0 0 -1
    outer loop
      vertex 39.6604 114.445 48
      vertex 38.5979 114.005 48
      vertex 39.5994 114.625 48
    endloop
  endfacet
  facet normal 0 0 -1
    outer loop
      vertex 39.9747 116.025 48
      vertex 39.1615 116.838 48
      vertex 39.4172 117.063 48
    endloop
  endfacet
  facet normal 0 0 -1
    outer loop
      vertex 38.4886 114.327 48
      vertex 39.5994 114.625 48
      vertex 38.5979 114.005 48
    endloop
  endfacet
  facet normal 0 0 -1
    outer loop
      vertex 39.8496 115.883 48
      vertex 38.9373 116.583 48
      vertex 39.1615 116.838 48
    endloop
  endfacet
  facet normal -0 0 -1
    outer loop
      vertex 39.5994 114.625 48
      vertex 38.4886 114.327 48
      vertex 39.5624 114.811 48
    endloop
  endfacet
  facet normal 0 0 -1
    outer loop
      vertex 39.7443 115.725 48
      vertex 38.7483 116.3 48
      vertex 38.9373 116.583 48
    endloop
  endfacet
  facet normal 0 0 -1
    outer loop
      vertex 38.4222 114.661 48
      vertex 39.5624 114.811 48
      vertex 38.4886 114.327 48
    endloop
  endfacet
  facet normal 0 0 -1
    outer loop
      vertex 39.6604 115.555 48
      vertex 38.5979 115.995 48
      vertex 38.7483 116.3 48
    endloop
  endfacet
  facet normal -0 0 -1
    outer loop
      vertex 39.5624 114.811 48
      vertex 38.4222 114.661 48
      vertex 39.55 115 48
    endloop
  endfacet
  facet normal 0 0 -1
    outer loop
      vertex 39.5994 115.375 48
      vertex 38.4886 115.673 48
      vertex 38.5979 115.995 48
    endloop
  endfacet
  facet normal 0 0 -1
    outer loop
      vertex 38.4 115 48
      vertex 39.55 115 48
      vertex 38.4222 114.661 48
    endloop
  endfacet
  facet normal 0 0 -1
    outer loop
      vertex 39.5624 115.189 48
      vertex 38.4222 115.339 48
      vertex 38.4886 115.673 48
    endloop
  endfacet
  facet normal 0 0 -1
    outer loop
      vertex 39.55 115 48
      vertex 38.4 115 48
      vertex 38.4222 115.339 48
    endloop
  endfacet
  facet normal -0.980783 -0.195102 0
    outer loop
      vertex 98.4376 115.189 48
      vertex 98.4006 115.375 52
      vertex 98.4006 115.375 48
    endloop
  endfacet
  facet normal -0.980783 -0.195102 0
    outer loop
      vertex 98.4006 115.375 52
      vertex 98.4376 115.189 48
      vertex 98.4376 115.189 52
    endloop
  endfacet
  facet normal -0.997855 -0.0654677 0
    outer loop
      vertex 98.45 115 48
      vertex 98.4376 115.189 52
      vertex 98.4376 115.189 48
    endloop
  endfacet
  facet normal -0.997855 -0.0654677 0
    outer loop
      vertex 98.4376 115.189 52
      vertex 98.45 115 48
      vertex 98.45 115 52
    endloop
  endfacet
  facet normal -0.3216 0.946876 0
    outer loop
      vertex 97.5549 113.66 48
      vertex 97.3753 113.599 52
      vertex 97.5549 113.66 52
    endloop
  endfacet
  facet normal -0.3216 0.946876 0
    outer loop
      vertex 97.3753 113.599 52
      vertex 97.5549 113.66 48
      vertex 97.3753 113.599 48
    endloop
  endfacet
  facet normal -0.832131 -0.554579 0
    outer loop
      vertex 98.2557 115.725 48
      vertex 98.1504 115.883 52
      vertex 98.1504 115.883 48
    endloop
  endfacet
  facet normal -0.832131 -0.554579 0
    outer loop
      vertex 98.1504 115.883 52
      vertex 98.2557 115.725 48
      vertex 98.2557 115.725 52
    endloop
  endfacet
  facet normal 0.896736 -0.442566 0
    outer loop
      vertex 95.6604 115.555 52
      vertex 95.7443 115.725 48
      vertex 95.7443 115.725 52
    endloop
  endfacet
  facet normal 0.896736 -0.442566 0
    outer loop
      vertex 95.7443 115.725 48
      vertex 95.6604 115.555 52
      vertex 95.6604 115.555 48
    endloop
  endfacet
  facet normal 0.557854 -0.829939 0
    outer loop
      vertex 96.1173 116.15 48
      vertex 96.275 116.256 52
      vertex 96.1173 116.15 52
    endloop
  endfacet
  facet normal 0.557854 -0.829939 0
    outer loop
      vertex 96.275 116.256 52
      vertex 96.1173 116.15 48
      vertex 96.275 116.256 48
    endloop
  endfacet
  facet normal 0.659176 -0.751988 0
    outer loop
      vertex 95.9747 116.025 48
      vertex 96.1173 116.15 52
      vertex 95.9747 116.025 52
    endloop
  endfacet
  facet normal 0.659176 -0.751988 0
    outer loop
      vertex 96.1173 116.15 52
      vertex 95.9747 116.025 48
      vertex 96.1173 116.15 48
    endloop
  endfacet
  facet normal 0.750347 -0.661045 0
    outer loop
      vertex 95.8496 115.883 52
      vertex 95.9747 116.025 48
      vertex 95.9747 116.025 52
    endloop
  endfacet
  facet normal 0.750347 -0.661045 0
    outer loop
      vertex 95.9747 116.025 48
      vertex 95.8496 115.883 52
      vertex 95.8496 115.883 48
    endloop
  endfacet
  facet normal -0.947093 0.320959 0
    outer loop
      vertex 98.3396 114.445 48
      vertex 98.4006 114.625 52
      vertex 98.4006 114.625 48
    endloop
  endfacet
  facet normal -0.947093 0.320959 0
    outer loop
      vertex 98.4006 114.625 52
      vertex 98.3396 114.445 48
      vertex 98.3396 114.445 52
    endloop
  endfacet
  facet normal 0.997855 -0.0654677 0
    outer loop
      vertex 95.55 115 52
      vertex 95.5624 115.189 48
      vertex 95.5624 115.189 52
    endloop
  endfacet
  facet normal 0.997855 -0.0654677 0
    outer loop
      vertex 95.5624 115.189 48
      vertex 95.55 115 52
      vertex 95.55 115 48
    endloop
  endfacet
  facet normal -0.557854 -0.829939 0
    outer loop
      vertex 97.725 116.256 48
      vertex 97.8827 116.15 52
      vertex 97.725 116.256 52
    endloop
  endfacet
  facet normal -0.557854 -0.829939 -0
    outer loop
      vertex 97.8827 116.15 52
      vertex 97.725 116.256 48
      vertex 97.8827 116.15 48
    endloop
  endfacet
  facet normal 0.3216 0.946876 -0
    outer loop
      vertex 96.6247 113.599 48
      vertex 96.4451 113.66 52
      vertex 96.6247 113.599 52
    endloop
  endfacet
  facet normal 0.3216 0.946876 0
    outer loop
      vertex 96.4451 113.66 52
      vertex 96.6247 113.599 48
      vertex 96.4451 113.66 48
    endloop
  endfacet
  facet normal -0.195102 0.980783 0
    outer loop
      vertex 97.3753 113.599 48
      vertex 97.1893 113.562 52
      vertex 97.3753 113.599 52
    endloop
  endfacet
  facet normal -0.195102 0.980783 0
    outer loop
      vertex 97.1893 113.562 52
      vertex 97.3753 113.599 48
      vertex 97.1893 113.562 48
    endloop
  endfacet
  facet normal 0.3216 -0.946876 0
    outer loop
      vertex 96.4451 116.34 48
      vertex 96.6247 116.401 52
      vertex 96.4451 116.34 52
    endloop
  endfacet
  facet normal 0.3216 -0.946876 0
    outer loop
      vertex 96.6247 116.401 52
      vertex 96.4451 116.34 48
      vertex 96.6247 116.401 48
    endloop
  endfacet
  facet normal 0.832131 0.554579 0
    outer loop
      vertex 95.8496 114.117 52
      vertex 95.7443 114.275 48
      vertex 95.7443 114.275 52
    endloop
  endfacet
  facet normal 0.832131 0.554579 0
    outer loop
      vertex 95.7443 114.275 48
      vertex 95.8496 114.117 52
      vertex 95.8496 114.117 48
    endloop
  endfacet
  facet normal -0.557854 0.829939 0
    outer loop
      vertex 97.8827 113.85 48
      vertex 97.725 113.744 52
      vertex 97.8827 113.85 52
    endloop
  endfacet
  facet normal -0.557854 0.829939 0
    outer loop
      vertex 97.725 113.744 52
      vertex 97.8827 113.85 48
      vertex 97.725 113.744 48
    endloop
  endfacet
  facet normal 0.947093 -0.320959 0
    outer loop
      vertex 95.5994 115.375 52
      vertex 95.6604 115.555 48
      vertex 95.6604 115.555 52
    endloop
  endfacet
  facet normal 0.947093 -0.320959 0
    outer loop
      vertex 95.6604 115.555 48
      vertex 95.5994 115.375 52
      vertex 95.5994 115.375 48
    endloop
  endfacet
  facet normal -0.3216 -0.946876 0
    outer loop
      vertex 97.3753 116.401 48
      vertex 97.5549 116.34 52
      vertex 97.3753 116.401 52
    endloop
  endfacet
  facet normal -0.3216 -0.946876 -0
    outer loop
      vertex 97.5549 116.34 52
      vertex 97.3753 116.401 48
      vertex 97.5549 116.34 48
    endloop
  endfacet
  facet normal -0.0632645 -0.997997 0
    outer loop
      vertex 97 116.45 48
      vertex 97.1893 116.438 52
      vertex 97 116.45 52
    endloop
  endfacet
  facet normal -0.0632645 -0.997997 -0
    outer loop
      vertex 97.1893 116.438 52
      vertex 97 116.45 48
      vertex 97.1893 116.438 48
    endloop
  endfacet
  facet normal 0.44278 -0.89663 0
    outer loop
      vertex 96.275 116.256 48
      vertex 96.4451 116.34 52
      vertex 96.275 116.256 52
    endloop
  endfacet
  facet normal 0.44278 -0.89663 0
    outer loop
      vertex 96.4451 116.34 52
      vertex 96.275 116.256 48
      vertex 96.4451 116.34 48
    endloop
  endfacet
  facet normal -0.832131 0.554579 0
    outer loop
      vertex 98.1504 114.117 48
      vertex 98.2557 114.275 52
      vertex 98.2557 114.275 48
    endloop
  endfacet
  facet normal -0.832131 0.554579 0
    outer loop
      vertex 98.2557 114.275 52
      vertex 98.1504 114.117 48
      vertex 98.1504 114.117 52
    endloop
  endfacet
  facet normal 0.997855 0.0654677 0
    outer loop
      vertex 95.5624 114.811 52
      vertex 95.55 115 48
      vertex 95.55 115 52
    endloop
  endfacet
  facet normal 0.997855 0.0654677 0
    outer loop
      vertex 95.55 115 48
      vertex 95.5624 114.811 52
      vertex 95.5624 114.811 48
    endloop
  endfacet
  facet normal 0.947093 0.320959 0
    outer loop
      vertex 95.6604 114.445 52
      vertex 95.5994 114.625 48
      vertex 95.5994 114.625 52
    endloop
  endfacet
  facet normal 0.947093 0.320959 0
    outer loop
      vertex 95.5994 114.625 48
      vertex 95.6604 114.445 52
      vertex 95.6604 114.445 48
    endloop
  endfacet
  facet normal 0.659176 0.751988 -0
    outer loop
      vertex 96.1173 113.85 48
      vertex 95.9747 113.975 52
      vertex 96.1173 113.85 52
    endloop
  endfacet
  facet normal 0.659176 0.751988 0
    outer loop
      vertex 95.9747 113.975 52
      vertex 96.1173 113.85 48
      vertex 95.9747 113.975 48
    endloop
  endfacet
  facet normal -0.44278 -0.89663 0
    outer loop
      vertex 97.5549 116.34 48
      vertex 97.725 116.256 52
      vertex 97.5549 116.34 52
    endloop
  endfacet
  facet normal -0.44278 -0.89663 -0
    outer loop
      vertex 97.725 116.256 52
      vertex 97.5549 116.34 48
      vertex 97.725 116.256 48
    endloop
  endfacet
  facet normal 0.195102 -0.980783 0
    outer loop
      vertex 96.6247 116.401 48
      vertex 96.8107 116.438 52
      vertex 96.6247 116.401 52
    endloop
  endfacet
  facet normal 0.195102 -0.980783 0
    outer loop
      vertex 96.8107 116.438 52
      vertex 96.6247 116.401 48
      vertex 96.8107 116.438 48
    endloop
  endfacet
  facet normal -0.750347 -0.661045 0
    outer loop
      vertex 98.1504 115.883 48
      vertex 98.0253 116.025 52
      vertex 98.0253 116.025 48
    endloop
  endfacet
  facet normal -0.750347 -0.661045 0
    outer loop
      vertex 98.0253 116.025 52
      vertex 98.1504 115.883 48
      vertex 98.1504 115.883 52
    endloop
  endfacet
  facet normal -0.195102 -0.980783 0
    outer loop
      vertex 97.1893 116.438 48
      vertex 97.3753 116.401 52
      vertex 97.1893 116.438 52
    endloop
  endfacet
  facet normal -0.195102 -0.980783 -0
    outer loop
      vertex 97.3753 116.401 52
      vertex 97.1893 116.438 48
      vertex 97.3753 116.401 48
    endloop
  endfacet
  facet normal -0.750347 0.661045 0
    outer loop
      vertex 98.0253 113.975 48
      vertex 98.1504 114.117 52
      vertex 98.1504 114.117 48
    endloop
  endfacet
  facet normal -0.750347 0.661045 0
    outer loop
      vertex 98.1504 114.117 52
      vertex 98.0253 113.975 48
      vertex 98.0253 113.975 52
    endloop
  endfacet
  facet normal 0.44278 0.89663 -0
    outer loop
      vertex 96.4451 113.66 48
      vertex 96.275 113.744 52
      vertex 96.4451 113.66 52
    endloop
  endfacet
  facet normal 0.44278 0.89663 0
    outer loop
      vertex 96.275 113.744 52
      vertex 96.4451 113.66 48
      vertex 96.275 113.744 48
    endloop
  endfacet
  facet normal 0.0632645 -0.997997 0
    outer loop
      vertex 96.8107 116.438 48
      vertex 97 116.45 52
      vertex 96.8107 116.438 52
    endloop
  endfacet
  facet normal 0.0632645 -0.997997 0
    outer loop
      vertex 97 116.45 52
      vertex 96.8107 116.438 48
      vertex 97 116.45 48
    endloop
  endfacet
  facet normal 0.980783 -0.195102 0
    outer loop
      vertex 95.5624 115.189 52
      vertex 95.5994 115.375 48
      vertex 95.5994 115.375 52
    endloop
  endfacet
  facet normal 0.980783 -0.195102 0
    outer loop
      vertex 95.5994 115.375 48
      vertex 95.5624 115.189 52
      vertex 95.5624 115.189 48
    endloop
  endfacet
  facet normal -0.0632645 0.997997 0
    outer loop
      vertex 97.1893 113.562 48
      vertex 97 113.55 52
      vertex 97.1893 113.562 52
    endloop
  endfacet
  facet normal -0.0632645 0.997997 0
    outer loop
      vertex 97 113.55 52
      vertex 97.1893 113.562 48
      vertex 97 113.55 48
    endloop
  endfacet
  facet normal -0.44278 0.89663 0
    outer loop
      vertex 97.725 113.744 48
      vertex 97.5549 113.66 52
      vertex 97.725 113.744 52
    endloop
  endfacet
  facet normal -0.44278 0.89663 0
    outer loop
      vertex 97.5549 113.66 52
      vertex 97.725 113.744 48
      vertex 97.5549 113.66 48
    endloop
  endfacet
  facet normal -0.659176 0.751988 0
    outer loop
      vertex 98.0253 113.975 48
      vertex 97.8827 113.85 52
      vertex 98.0253 113.975 52
    endloop
  endfacet
  facet normal -0.659176 0.751988 0
    outer loop
      vertex 97.8827 113.85 52
      vertex 98.0253 113.975 48
      vertex 97.8827 113.85 48
    endloop
  endfacet
  facet normal 0.896736 0.442566 0
    outer loop
      vertex 95.7443 114.275 52
      vertex 95.6604 114.445 48
      vertex 95.6604 114.445 52
    endloop
  endfacet
  facet normal 0.896736 0.442566 0
    outer loop
      vertex 95.6604 114.445 48
      vertex 95.7443 114.275 52
      vertex 95.7443 114.275 48
    endloop
  endfacet
  facet normal -0.896736 0.442566 0
    outer loop
      vertex 98.2557 114.275 48
      vertex 98.3396 114.445 52
      vertex 98.3396 114.445 48
    endloop
  endfacet
  facet normal -0.896736 0.442566 0
    outer loop
      vertex 98.3396 114.445 52
      vertex 98.2557 114.275 48
      vertex 98.2557 114.275 52
    endloop
  endfacet
  facet normal -0.659176 -0.751988 0
    outer loop
      vertex 97.8827 116.15 48
      vertex 98.0253 116.025 52
      vertex 97.8827 116.15 52
    endloop
  endfacet
  facet normal -0.659176 -0.751988 -0
    outer loop
      vertex 98.0253 116.025 52
      vertex 97.8827 116.15 48
      vertex 98.0253 116.025 48
    endloop
  endfacet
  facet normal -0.997855 0.0654677 0
    outer loop
      vertex 98.4376 114.811 48
      vertex 98.45 115 52
      vertex 98.45 115 48
    endloop
  endfacet
  facet normal -0.997855 0.0654677 0
    outer loop
      vertex 98.45 115 52
      vertex 98.4376 114.811 48
      vertex 98.4376 114.811 52
    endloop
  endfacet
  facet normal 0.557854 0.829939 -0
    outer loop
      vertex 96.275 113.744 48
      vertex 96.1173 113.85 52
      vertex 96.275 113.744 52
    endloop
  endfacet
  facet normal 0.557854 0.829939 0
    outer loop
      vertex 96.1173 113.85 52
      vertex 96.275 113.744 48
      vertex 96.1173 113.85 48
    endloop
  endfacet
  facet normal -0.896736 -0.442566 0
    outer loop
      vertex 98.3396 115.555 48
      vertex 98.2557 115.725 52
      vertex 98.2557 115.725 48
    endloop
  endfacet
  facet normal -0.896736 -0.442566 0
    outer loop
      vertex 98.2557 115.725 52
      vertex 98.3396 115.555 48
      vertex 98.3396 115.555 52
    endloop
  endfacet
  facet normal -0.980783 0.195102 0
    outer loop
      vertex 98.4006 114.625 48
      vertex 98.4376 114.811 52
      vertex 98.4376 114.811 48
    endloop
  endfacet
  facet normal -0.980783 0.195102 0
    outer loop
      vertex 98.4376 114.811 52
      vertex 98.4006 114.625 48
      vertex 98.4006 114.625 52
    endloop
  endfacet
  facet normal -0.947093 -0.320959 0
    outer loop
      vertex 98.4006 115.375 48
      vertex 98.3396 115.555 52
      vertex 98.3396 115.555 48
    endloop
  endfacet
  facet normal -0.947093 -0.320959 0
    outer loop
      vertex 98.3396 115.555 52
      vertex 98.4006 115.375 48
      vertex 98.4006 115.375 52
    endloop
  endfacet
  facet normal 0.980783 0.195102 0
    outer loop
      vertex 95.5994 114.625 52
      vertex 95.5624 114.811 48
      vertex 95.5624 114.811 52
    endloop
  endfacet
  facet normal 0.980783 0.195102 0
    outer loop
      vertex 95.5624 114.811 48
      vertex 95.5994 114.625 52
      vertex 95.5994 114.625 48
    endloop
  endfacet
  facet normal 0.750347 0.661045 0
    outer loop
      vertex 95.9747 113.975 52
      vertex 95.8496 114.117 48
      vertex 95.8496 114.117 52
    endloop
  endfacet
  facet normal 0.750347 0.661045 0
    outer loop
      vertex 95.8496 114.117 48
      vertex 95.9747 113.975 52
      vertex 95.9747 113.975 48
    endloop
  endfacet
  facet normal 0.195102 0.980783 -0
    outer loop
      vertex 96.8107 113.562 48
      vertex 96.6247 113.599 52
      vertex 96.8107 113.562 52
    endloop
  endfacet
  facet normal 0.195102 0.980783 0
    outer loop
      vertex 96.6247 113.599 52
      vertex 96.8107 113.562 48
      vertex 96.6247 113.599 48
    endloop
  endfacet
  facet normal 0.832131 -0.554579 0
    outer loop
      vertex 95.7443 115.725 52
      vertex 95.8496 115.883 48
      vertex 95.8496 115.883 52
    endloop
  endfacet
  facet normal 0.832131 -0.554579 0
    outer loop
      vertex 95.8496 115.883 48
      vertex 95.7443 115.725 52
      vertex 95.7443 115.725 48
    endloop
  endfacet
  facet normal 0.0632645 0.997997 -0
    outer loop
      vertex 97 113.55 48
      vertex 96.8107 113.562 52
      vertex 97 113.55 52
    endloop
  endfacet
  facet normal 0.0632645 0.997997 0
    outer loop
      vertex 96.8107 113.562 52
      vertex 97 113.55 48
      vertex 96.8107 113.562 48
    endloop
  endfacet
  facet normal -0.980806 -0.194987 0
    outer loop
      vertex 99.5778 115.339 0
      vertex 99.5114 115.673 48
      vertex 99.5114 115.673 0
    endloop
  endfacet
  facet normal -0.980806 -0.194987 0
    outer loop
      vertex 99.5114 115.673 48
      vertex 99.5778 115.339 0
      vertex 99.5778 115.339 48
    endloop
  endfacet
  facet normal -0.997863 -0.0653468 0
    outer loop
      vertex 99.6 115 0
      vertex 99.5778 115.339 48
      vertex 99.5778 115.339 0
    endloop
  endfacet
  facet normal -0.997863 -0.0653468 0
    outer loop
      vertex 99.5778 115.339 48
      vertex 99.6 115 0
      vertex 99.6 115 48
    endloop
  endfacet
  facet normal -0.946934 -0.321428 0
    outer loop
      vertex 99.5114 115.673 0
      vertex 99.4021 115.995 48
      vertex 99.4021 115.995 0
    endloop
  endfacet
  facet normal -0.946934 -0.321428 0
    outer loop
      vertex 99.4021 115.995 48
      vertex 99.5114 115.673 0
      vertex 99.5114 115.673 48
    endloop
  endfacet
  facet normal 0.660601 -0.750737 0
    outer loop
      vertex 95.1615 116.838 0
      vertex 95.4172 117.063 48
      vertex 95.1615 116.838 48
    endloop
  endfacet
  facet normal 0.660601 -0.750737 0
    outer loop
      vertex 95.4172 117.063 48
      vertex 95.1615 116.838 0
      vertex 95.4172 117.063 0
    endloop
  endfacet
  facet normal -0.0646845 -0.997906 0
    outer loop
      vertex 97 117.6 0
      vertex 97.3394 117.578 48
      vertex 97 117.6 48
    endloop
  endfacet
  facet normal -0.0646845 -0.997906 -0
    outer loop
      vertex 97.3394 117.578 48
      vertex 97 117.6 0
      vertex 97.3394 117.578 0
    endloop
  endfacet
  facet normal 0.946934 -0.321428 0
    outer loop
      vertex 94.4886 115.673 48
      vertex 94.5979 115.995 0
      vertex 94.5979 115.995 48
    endloop
  endfacet
  facet normal 0.946934 -0.321428 0
    outer loop
      vertex 94.5979 115.995 0
      vertex 94.4886 115.673 48
      vertex 94.4886 115.673 0
    endloop
  endfacet
  facet normal -0.980806 0.194987 0
    outer loop
      vertex 99.5114 114.327 0
      vertex 99.5778 114.661 48
      vertex 99.5778 114.661 0
    endloop
  endfacet
  facet normal -0.980806 0.194987 0
    outer loop
      vertex 99.5778 114.661 48
      vertex 99.5114 114.327 0
      vertex 99.5114 114.327 48
    endloop
  endfacet
  facet normal 0.831598 0.555378 0
    outer loop
      vertex 94.9373 113.417 48
      vertex 94.7483 113.7 0
      vertex 94.7483 113.7 48
    endloop
  endfacet
  facet normal 0.831598 0.555378 0
    outer loop
      vertex 94.7483 113.7 0
      vertex 94.9373 113.417 48
      vertex 94.9373 113.417 0
    endloop
  endfacet
  facet normal 0.980806 -0.194987 0
    outer loop
      vertex 94.4222 115.339 48
      vertex 94.4886 115.673 0
      vertex 94.4886 115.673 48
    endloop
  endfacet
  facet normal 0.980806 -0.194987 0
    outer loop
      vertex 94.4886 115.673 0
      vertex 94.4222 115.339 48
      vertex 94.4222 115.339 0
    endloop
  endfacet
  facet normal 0.55565 -0.831417 0
    outer loop
      vertex 95.4172 117.063 0
      vertex 95.7 117.252 48
      vertex 95.4172 117.063 48
    endloop
  endfacet
  facet normal 0.55565 -0.831417 0
    outer loop
      vertex 95.7 117.252 48
      vertex 95.4172 117.063 0
      vertex 95.7 117.252 0
    endloop
  endfacet
  facet normal 0.946934 0.321428 0
    outer loop
      vertex 94.5979 114.005 48
      vertex 94.4886 114.327 0
      vertex 94.4886 114.327 48
    endloop
  endfacet
  facet normal 0.946934 0.321428 0
    outer loop
      vertex 94.4886 114.327 0
      vertex 94.5979 114.005 48
      vertex 94.5979 114.005 0
    endloop
  endfacet
  facet normal 0.980806 0.194987 0
    outer loop
      vertex 94.4886 114.327 48
      vertex 94.4222 114.661 0
      vertex 94.4222 114.661 48
    endloop
  endfacet
  facet normal 0.980806 0.194987 0
    outer loop
      vertex 94.4222 114.661 0
      vertex 94.4886 114.327 48
      vertex 94.4886 114.327 0
    endloop
  endfacet
  facet normal -0.320547 0.947232 0
    outer loop
      vertex 97.995 112.598 0
      vertex 97.6729 112.489 48
      vertex 97.995 112.598 48
    endloop
  endfacet
  facet normal -0.320547 0.947232 0
    outer loop
      vertex 97.6729 112.489 48
      vertex 97.995 112.598 0
      vertex 97.6729 112.489 0
    endloop
  endfacet
  facet normal 0.751006 -0.660296 0
    outer loop
      vertex 94.9373 116.583 48
      vertex 95.1615 116.838 0
      vertex 95.1615 116.838 48
    endloop
  endfacet
  facet normal 0.751006 -0.660296 0
    outer loop
      vertex 95.1615 116.838 0
      vertex 94.9373 116.583 48
      vertex 94.9373 116.583 0
    endloop
  endfacet
  facet normal -0.196964 0.980411 0
    outer loop
      vertex 97.6729 112.489 0
      vertex 97.3394 112.422 48
      vertex 97.6729 112.489 48
    endloop
  endfacet
  facet normal -0.196964 0.980411 0
    outer loop
      vertex 97.3394 112.422 48
      vertex 97.6729 112.489 0
      vertex 97.3394 112.422 0
    endloop
  endfacet
  facet normal 0.320547 -0.947232 0
    outer loop
      vertex 96.005 117.402 0
      vertex 96.3271 117.511 48
      vertex 96.005 117.402 48
    endloop
  endfacet
  facet normal 0.320547 -0.947232 0
    outer loop
      vertex 96.3271 117.511 48
      vertex 96.005 117.402 0
      vertex 96.3271 117.511 0
    endloop
  endfacet
  facet normal -0.896884 -0.442267 0
    outer loop
      vertex 99.4021 115.995 0
      vertex 99.2517 116.3 48
      vertex 99.2517 116.3 0
    endloop
  endfacet
  facet normal -0.896884 -0.442267 0
    outer loop
      vertex 99.2517 116.3 48
      vertex 99.4021 115.995 0
      vertex 99.4021 115.995 48
    endloop
  endfacet
  facet normal 0.997863 0.0653468 0
    outer loop
      vertex 94.4222 114.661 48
      vertex 94.4 115 0
      vertex 94.4 115 48
    endloop
  endfacet
  facet normal 0.997863 0.0653468 0
    outer loop
      vertex 94.4 115 0
      vertex 94.4222 114.661 48
      vertex 94.4222 114.661 0
    endloop
  endfacet
  facet normal 0.0646845 0.997906 -0
    outer loop
      vertex 97 112.4 0
      vertex 96.6606 112.422 48
      vertex 97 112.4 48
    endloop
  endfacet
  facet normal 0.0646845 0.997906 0
    outer loop
      vertex 96.6606 112.422 48
      vertex 97 112.4 0
      vertex 96.6606 112.422 0
    endloop
  endfacet
  facet normal -0.196964 -0.980411 0
    outer loop
      vertex 97.3394 117.578 0
      vertex 97.6729 117.511 48
      vertex 97.3394 117.578 48
    endloop
  endfacet
  facet normal -0.196964 -0.980411 -0
    outer loop
      vertex 97.6729 117.511 48
      vertex 97.3394 117.578 0
      vertex 97.6729 117.511 0
    endloop
  endfacet
  facet normal -0.831598 0.555378 0
    outer loop
      vertex 99.0627 113.417 0
      vertex 99.2517 113.7 48
      vertex 99.2517 113.7 0
    endloop
  endfacet
  facet normal -0.831598 0.555378 0
    outer loop
      vertex 99.2517 113.7 48
      vertex 99.0627 113.417 0
      vertex 99.0627 113.417 48
    endloop
  endfacet
  facet normal 0.751006 0.660296 0
    outer loop
      vertex 95.1615 113.162 48
      vertex 94.9373 113.417 0
      vertex 94.9373 113.417 48
    endloop
  endfacet
  facet normal 0.751006 0.660296 0
    outer loop
      vertex 94.9373 113.417 0
      vertex 95.1615 113.162 48
      vertex 95.1615 113.162 0
    endloop
  endfacet
  facet normal 0.196964 0.980411 -0
    outer loop
      vertex 96.6606 112.422 0
      vertex 96.3271 112.489 48
      vertex 96.6606 112.422 48
    endloop
  endfacet
  facet normal 0.196964 0.980411 0
    outer loop
      vertex 96.3271 112.489 48
      vertex 96.6606 112.422 0
      vertex 96.3271 112.489 0
    endloop
  endfacet
  facet normal -0.55565 -0.831417 0
    outer loop
      vertex 98.3 117.252 0
      vertex 98.5828 117.063 48
      vertex 98.3 117.252 48
    endloop
  endfacet
  facet normal -0.55565 -0.831417 -0
    outer loop
      vertex 98.5828 117.063 48
      vertex 98.3 117.252 0
      vertex 98.5828 117.063 0
    endloop
  endfacet
  facet normal -0.997863 0.0653468 0
    outer loop
      vertex 99.5778 114.661 0
      vertex 99.6 115 48
      vertex 99.6 115 0
    endloop
  endfacet
  facet normal -0.997863 0.0653468 0
    outer loop
      vertex 99.6 115 48
      vertex 99.5778 114.661 0
      vertex 99.5778 114.661 48
    endloop
  endfacet
  facet normal 0.196964 -0.980411 0
    outer loop
      vertex 96.3271 117.511 0
      vertex 96.6606 117.578 48
      vertex 96.3271 117.511 48
    endloop
  endfacet
  facet normal 0.196964 -0.980411 0
    outer loop
      vertex 96.6606 117.578 48
      vertex 96.3271 117.511 0
      vertex 96.6606 117.578 0
    endloop
  endfacet
  facet normal -0.751006 -0.660296 0
    outer loop
      vertex 99.0627 116.583 0
      vertex 98.8385 116.838 48
      vertex 98.8385 116.838 0
    endloop
  endfacet
  facet normal -0.751006 -0.660296 0
    outer loop
      vertex 98.8385 116.838 48
      vertex 99.0627 116.583 0
      vertex 99.0627 116.583 48
    endloop
  endfacet
  facet normal -0.660601 -0.750737 0
    outer loop
      vertex 98.5828 117.063 0
      vertex 98.8385 116.838 48
      vertex 98.5828 117.063 48
    endloop
  endfacet
  facet normal -0.660601 -0.750737 -0
    outer loop
      vertex 98.8385 116.838 48
      vertex 98.5828 117.063 0
      vertex 98.8385 116.838 0
    endloop
  endfacet
  facet normal 0.896884 0.442267 0
    outer loop
      vertex 94.7483 113.7 48
      vertex 94.5979 114.005 0
      vertex 94.5979 114.005 48
    endloop
  endfacet
  facet normal 0.896884 0.442267 0
    outer loop
      vertex 94.5979 114.005 0
      vertex 94.7483 113.7 48
      vertex 94.7483 113.7 0
    endloop
  endfacet
  facet normal 0.320547 0.947232 -0
    outer loop
      vertex 96.3271 112.489 0
      vertex 96.005 112.598 48
      vertex 96.3271 112.489 48
    endloop
  endfacet
  facet normal 0.320547 0.947232 0
    outer loop
      vertex 96.005 112.598 48
      vertex 96.3271 112.489 0
      vertex 96.005 112.598 0
    endloop
  endfacet
  facet normal -0.0646845 0.997906 0
    outer loop
      vertex 97.3394 112.422 0
      vertex 97 112.4 48
      vertex 97.3394 112.422 48
    endloop
  endfacet
  facet normal -0.0646845 0.997906 0
    outer loop
      vertex 97 112.4 48
      vertex 97.3394 112.422 0
      vertex 97 112.4 0
    endloop
  endfacet
  facet normal -0.55565 0.831417 0
    outer loop
      vertex 98.5828 112.937 0
      vertex 98.3 112.748 48
      vertex 98.5828 112.937 48
    endloop
  endfacet
  facet normal -0.55565 0.831417 0
    outer loop
      vertex 98.3 112.748 48
      vertex 98.5828 112.937 0
      vertex 98.3 112.748 0
    endloop
  endfacet
  facet normal -0.946934 0.321428 0
    outer loop
      vertex 99.4021 114.005 0
      vertex 99.5114 114.327 48
      vertex 99.5114 114.327 0
    endloop
  endfacet
  facet normal -0.946934 0.321428 0
    outer loop
      vertex 99.5114 114.327 48
      vertex 99.4021 114.005 0
      vertex 99.4021 114.005 48
    endloop
  endfacet
  facet normal -0.44132 -0.89735 0
    outer loop
      vertex 97.995 117.402 0
      vertex 98.3 117.252 48
      vertex 97.995 117.402 48
    endloop
  endfacet
  facet normal -0.44132 -0.89735 -0
    outer loop
      vertex 98.3 117.252 48
      vertex 97.995 117.402 0
      vertex 98.3 117.252 0
    endloop
  endfacet
  facet normal -0.831598 -0.555378 0
    outer loop
      vertex 99.2517 116.3 0
      vertex 99.0627 116.583 48
      vertex 99.0627 116.583 0
    endloop
  endfacet
  facet normal -0.831598 -0.555378 0
    outer loop
      vertex 99.0627 116.583 48
      vertex 99.2517 116.3 0
      vertex 99.2517 116.3 48
    endloop
  endfacet
  facet normal -0.660601 0.750737 0
    outer loop
      vertex 98.8385 113.162 0
      vertex 98.5828 112.937 48
      vertex 98.8385 113.162 48
    endloop
  endfacet
  facet normal -0.660601 0.750737 0
    outer loop
      vertex 98.5828 112.937 48
      vertex 98.8385 113.162 0
      vertex 98.5828 112.937 0
    endloop
  endfacet
  facet normal -0.751006 0.660296 0
    outer loop
      vertex 98.8385 113.162 0
      vertex 99.0627 113.417 48
      vertex 99.0627 113.417 0
    endloop
  endfacet
  facet normal -0.751006 0.660296 0
    outer loop
      vertex 99.0627 113.417 48
      vertex 98.8385 113.162 0
      vertex 98.8385 113.162 48
    endloop
  endfacet
  facet normal -0.320547 -0.947232 0
    outer loop
      vertex 97.6729 117.511 0
      vertex 97.995 117.402 48
      vertex 97.6729 117.511 48
    endloop
  endfacet
  facet normal -0.320547 -0.947232 -0
    outer loop
      vertex 97.995 117.402 48
      vertex 97.6729 117.511 0
      vertex 97.995 117.402 0
    endloop
  endfacet
  facet normal 0.0646845 -0.997906 0
    outer loop
      vertex 96.6606 117.578 0
      vertex 97 117.6 48
      vertex 96.6606 117.578 48
    endloop
  endfacet
  facet normal 0.0646845 -0.997906 0
    outer loop
      vertex 97 117.6 48
      vertex 96.6606 117.578 0
      vertex 97 117.6 0
    endloop
  endfacet
  facet normal 0.660601 0.750737 -0
    outer loop
      vertex 95.4172 112.937 0
      vertex 95.1615 113.162 48
      vertex 95.4172 112.937 48
    endloop
  endfacet
  facet normal 0.660601 0.750737 0
    outer loop
      vertex 95.1615 113.162 48
      vertex 95.4172 112.937 0
      vertex 95.1615 113.162 0
    endloop
  endfacet
  facet normal -0.896884 0.442267 0
    outer loop
      vertex 99.2517 113.7 0
      vertex 99.4021 114.005 48
      vertex 99.4021 114.005 0
    endloop
  endfacet
  facet normal -0.896884 0.442267 0
    outer loop
      vertex 99.4021 114.005 48
      vertex 99.2517 113.7 0
      vertex 99.2517 113.7 48
    endloop
  endfacet
  facet normal 0.997863 -0.0653468 0
    outer loop
      vertex 94.4 115 48
      vertex 94.4222 115.339 0
      vertex 94.4222 115.339 48
    endloop
  endfacet
  facet normal 0.997863 -0.0653468 0
    outer loop
      vertex 94.4222 115.339 0
      vertex 94.4 115 48
      vertex 94.4 115 0
    endloop
  endfacet
  facet normal -0.44132 0.89735 0
    outer loop
      vertex 98.3 112.748 0
      vertex 97.995 112.598 48
      vertex 98.3 112.748 48
    endloop
  endfacet
  facet normal -0.44132 0.89735 0
    outer loop
      vertex 97.995 112.598 48
      vertex 98.3 112.748 0
      vertex 97.995 112.598 0
    endloop
  endfacet
  facet normal 0.44132 0.89735 -0
    outer loop
      vertex 96.005 112.598 0
      vertex 95.7 112.748 48
      vertex 96.005 112.598 48
    endloop
  endfacet
  facet normal 0.44132 0.89735 0
    outer loop
      vertex 95.7 112.748 48
      vertex 96.005 112.598 0
      vertex 95.7 112.748 0
    endloop
  endfacet
  facet normal 0.44132 -0.89735 0
    outer loop
      vertex 95.7 117.252 0
      vertex 96.005 117.402 48
      vertex 95.7 117.252 48
    endloop
  endfacet
  facet normal 0.44132 -0.89735 0
    outer loop
      vertex 96.005 117.402 48
      vertex 95.7 117.252 0
      vertex 96.005 117.402 0
    endloop
  endfacet
  facet normal 0.896884 -0.442267 0
    outer loop
      vertex 94.5979 115.995 48
      vertex 94.7483 116.3 0
      vertex 94.7483 116.3 48
    endloop
  endfacet
  facet normal 0.896884 -0.442267 0
    outer loop
      vertex 94.7483 116.3 0
      vertex 94.5979 115.995 48
      vertex 94.5979 115.995 0
    endloop
  endfacet
  facet normal 0.831598 -0.555378 0
    outer loop
      vertex 94.7483 116.3 48
      vertex 94.9373 116.583 0
      vertex 94.9373 116.583 48
    endloop
  endfacet
  facet normal 0.831598 -0.555378 0
    outer loop
      vertex 94.9373 116.583 0
      vertex 94.7483 116.3 48
      vertex 94.7483 116.3 0
    endloop
  endfacet
  facet normal 0.55565 0.831417 -0
    outer loop
      vertex 95.7 112.748 0
      vertex 95.4172 112.937 48
      vertex 95.7 112.748 48
    endloop
  endfacet
  facet normal 0.55565 0.831417 0
    outer loop
      vertex 95.4172 112.937 48
      vertex 95.7 112.748 0
      vertex 95.4172 112.937 0
    endloop
  endfacet
  facet normal 0 0 -1
    outer loop
      vertex 98.45 115 48
      vertex 99.6 115 48
      vertex 99.5778 114.661 48
    endloop
  endfacet
  facet normal 0 0 -1
    outer loop
      vertex 98.4376 114.811 48
      vertex 99.5778 114.661 48
      vertex 99.5114 114.327 48
    endloop
  endfacet
  facet normal 0 0 -1
    outer loop
      vertex 99.6 115 48
      vertex 98.45 115 48
      vertex 99.5778 115.339 48
    endloop
  endfacet
  facet normal 0 0 -1
    outer loop
      vertex 98.4006 114.625 48
      vertex 99.5114 114.327 48
      vertex 99.4021 114.005 48
    endloop
  endfacet
  facet normal 0 0 -1
    outer loop
      vertex 98.4376 115.189 48
      vertex 99.5778 115.339 48
      vertex 98.45 115 48
    endloop
  endfacet
  facet normal 0 0 -1
    outer loop
      vertex 98.3396 114.445 48
      vertex 99.4021 114.005 48
      vertex 99.2517 113.7 48
    endloop
  endfacet
  facet normal -0 0 -1
    outer loop
      vertex 99.5778 115.339 48
      vertex 98.4376 115.189 48
      vertex 99.5114 115.673 48
    endloop
  endfacet
  facet normal 0 0 -1
    outer loop
      vertex 98.2557 114.275 48
      vertex 99.2517 113.7 48
      vertex 99.0627 113.417 48
    endloop
  endfacet
  facet normal 0 0 -1
    outer loop
      vertex 98.4006 115.375 48
      vertex 99.5114 115.673 48
      vertex 98.4376 115.189 48
    endloop
  endfacet
  facet normal 0 0 -1
    outer loop
      vertex 98.1504 114.117 48
      vertex 99.0627 113.417 48
      vertex 98.8385 113.162 48
    endloop
  endfacet
  facet normal -0 0 -1
    outer loop
      vertex 99.5114 115.673 48
      vertex 98.4006 115.375 48
      vertex 99.4021 115.995 48
    endloop
  endfacet
  facet normal 0 0 -1
    outer loop
      vertex 98.0253 113.975 48
      vertex 98.8385 113.162 48
      vertex 98.5828 112.937 48
    endloop
  endfacet
  facet normal 0 0 -1
    outer loop
      vertex 98.3396 115.555 48
      vertex 99.4021 115.995 48
      vertex 98.4006 115.375 48
    endloop
  endfacet
  facet normal -0 0 -1
    outer loop
      vertex 99.4021 115.995 48
      vertex 98.3396 115.555 48
      vertex 99.2517 116.3 48
    endloop
  endfacet
  facet normal 0 0 -1
    outer loop
      vertex 99.5778 114.661 48
      vertex 98.4376 114.811 48
      vertex 98.45 115 48
    endloop
  endfacet
  facet normal 0 0 -1
    outer loop
      vertex 99.5114 114.327 48
      vertex 98.4006 114.625 48
      vertex 98.4376 114.811 48
    endloop
  endfacet
  facet normal 0 0 -1
    outer loop
      vertex 99.4021 114.005 48
      vertex 98.3396 114.445 48
      vertex 98.4006 114.625 48
    endloop
  endfacet
  facet normal 0 0 -1
    outer loop
      vertex 97.8827 113.85 48
      vertex 98.5828 112.937 48
      vertex 98.3 112.748 48
    endloop
  endfacet
  facet normal 0 0 -1
    outer loop
      vertex 99.2517 113.7 48
      vertex 98.2557 114.275 48
      vertex 98.3396 114.445 48
    endloop
  endfacet
  facet normal 0 0 -1
    outer loop
      vertex 99.0627 113.417 48
      vertex 98.1504 114.117 48
      vertex 98.2557 114.275 48
    endloop
  endfacet
  facet normal 0 0 -1
    outer loop
      vertex 98.8385 113.162 48
      vertex 98.0253 113.975 48
      vertex 98.1504 114.117 48
    endloop
  endfacet
  facet normal 0 0 -1
    outer loop
      vertex 97.725 113.744 48
      vertex 98.3 112.748 48
      vertex 97.995 112.598 48
    endloop
  endfacet
  facet normal 0 0 -1
    outer loop
      vertex 98.5828 112.937 48
      vertex 97.8827 113.85 48
      vertex 98.0253 113.975 48
    endloop
  endfacet
  facet normal 0 0 -1
    outer loop
      vertex 98.3 112.748 48
      vertex 97.725 113.744 48
      vertex 97.8827 113.85 48
    endloop
  endfacet
  facet normal 0 0 -1
    outer loop
      vertex 97.5549 113.66 48
      vertex 97.995 112.598 48
      vertex 97.6729 112.489 48
    endloop
  endfacet
  facet normal 0 0 -1
    outer loop
      vertex 97.995 112.598 48
      vertex 97.5549 113.66 48
      vertex 97.725 113.744 48
    endloop
  endfacet
  facet normal 0 0 -1
    outer loop
      vertex 97.6729 112.489 48
      vertex 97.3753 113.599 48
      vertex 97.5549 113.66 48
    endloop
  endfacet
  facet normal 0 0 -1
    outer loop
      vertex 97.3394 112.422 48
      vertex 97.3753 113.599 48
      vertex 97.6729 112.489 48
    endloop
  endfacet
  facet normal 0 0 -1
    outer loop
      vertex 97.3394 112.422 48
      vertex 97.1893 113.562 48
      vertex 97.3753 113.599 48
    endloop
  endfacet
  facet normal 0 0 -1
    outer loop
      vertex 97 112.4 48
      vertex 97.1893 113.562 48
      vertex 97.3394 112.422 48
    endloop
  endfacet
  facet normal 0 0 -1
    outer loop
      vertex 97 112.4 48
      vertex 97 113.55 48
      vertex 97.1893 113.562 48
    endloop
  endfacet
  facet normal 0 0 -1
    outer loop
      vertex 97 112.4 48
      vertex 96.8107 113.562 48
      vertex 97 113.55 48
    endloop
  endfacet
  facet normal 0 0 -1
    outer loop
      vertex 96.6606 112.422 48
      vertex 96.8107 113.562 48
      vertex 97 112.4 48
    endloop
  endfacet
  facet normal 0 0 -1
    outer loop
      vertex 96.6606 112.422 48
      vertex 96.6247 113.599 48
      vertex 96.8107 113.562 48
    endloop
  endfacet
  facet normal 0 0 -1
    outer loop
      vertex 96.3271 112.489 48
      vertex 96.6247 113.599 48
      vertex 96.6606 112.422 48
    endloop
  endfacet
  facet normal -0 0 -1
    outer loop
      vertex 96.6247 113.599 48
      vertex 96.3271 112.489 48
      vertex 96.4451 113.66 48
    endloop
  endfacet
  facet normal 0 0 -1
    outer loop
      vertex 96.005 112.598 48
      vertex 96.4451 113.66 48
      vertex 96.3271 112.489 48
    endloop
  endfacet
  facet normal -0 0 -1
    outer loop
      vertex 96.4451 113.66 48
      vertex 96.005 112.598 48
      vertex 96.275 113.744 48
    endloop
  endfacet
  facet normal 0 0 -1
    outer loop
      vertex 95.7 112.748 48
      vertex 96.275 113.744 48
      vertex 96.005 112.598 48
    endloop
  endfacet
  facet normal -0 0 -1
    outer loop
      vertex 96.275 113.744 48
      vertex 95.7 112.748 48
      vertex 96.1173 113.85 48
    endloop
  endfacet
  facet normal 0 0 -1
    outer loop
      vertex 95.4172 112.937 48
      vertex 96.1173 113.85 48
      vertex 95.7 112.748 48
    endloop
  endfacet
  facet normal -0 0 -1
    outer loop
      vertex 96.1173 113.85 48
      vertex 95.4172 112.937 48
      vertex 95.9747 113.975 48
    endloop
  endfacet
  facet normal 0 0 -1
    outer loop
      vertex 95.1615 113.162 48
      vertex 95.9747 113.975 48
      vertex 95.4172 112.937 48
    endloop
  endfacet
  facet normal -0 0 -1
    outer loop
      vertex 95.9747 113.975 48
      vertex 95.1615 113.162 48
      vertex 95.8496 114.117 48
    endloop
  endfacet
  facet normal 0 0 -1
    outer loop
      vertex 94.9373 113.417 48
      vertex 95.8496 114.117 48
      vertex 95.1615 113.162 48
    endloop
  endfacet
  facet normal -0 0 -1
    outer loop
      vertex 95.8496 114.117 48
      vertex 94.9373 113.417 48
      vertex 95.7443 114.275 48
    endloop
  endfacet
  facet normal -0 0 -1
    outer loop
      vertex 95.7443 114.275 48
      vertex 94.7483 113.7 48
      vertex 95.6604 114.445 48
    endloop
  endfacet
  facet normal 0 0 -1
    outer loop
      vertex 94.7483 113.7 48
      vertex 95.7443 114.275 48
      vertex 94.9373 113.417 48
    endloop
  endfacet
  facet normal 0 0 -1
    outer loop
      vertex 98.2557 115.725 48
      vertex 99.2517 116.3 48
      vertex 98.3396 115.555 48
    endloop
  endfacet
  facet normal -0 0 -1
    outer loop
      vertex 99.2517 116.3 48
      vertex 98.2557 115.725 48
      vertex 99.0627 116.583 48
    endloop
  endfacet
  facet normal 0 0 -1
    outer loop
      vertex 98.1504 115.883 48
      vertex 99.0627 116.583 48
      vertex 98.2557 115.725 48
    endloop
  endfacet
  facet normal -0 0 -1
    outer loop
      vertex 99.0627 116.583 48
      vertex 98.1504 115.883 48
      vertex 98.8385 116.838 48
    endloop
  endfacet
  facet normal 0 0 -1
    outer loop
      vertex 98.0253 116.025 48
      vertex 98.8385 116.838 48
      vertex 98.1504 115.883 48
    endloop
  endfacet
  facet normal -0 0 -1
    outer loop
      vertex 98.8385 116.838 48
      vertex 98.0253 116.025 48
      vertex 98.5828 117.063 48
    endloop
  endfacet
  facet normal 0 0 -1
    outer loop
      vertex 97.8827 116.15 48
      vertex 98.5828 117.063 48
      vertex 98.0253 116.025 48
    endloop
  endfacet
  facet normal -0 0 -1
    outer loop
      vertex 98.5828 117.063 48
      vertex 97.8827 116.15 48
      vertex 98.3 117.252 48
    endloop
  endfacet
  facet normal 0 0 -1
    outer loop
      vertex 97.725 116.256 48
      vertex 98.3 117.252 48
      vertex 97.8827 116.15 48
    endloop
  endfacet
  facet normal -0 0 -1
    outer loop
      vertex 98.3 117.252 48
      vertex 97.725 116.256 48
      vertex 97.995 117.402 48
    endloop
  endfacet
  facet normal 0 0 -1
    outer loop
      vertex 97.5549 116.34 48
      vertex 97.995 117.402 48
      vertex 97.725 116.256 48
    endloop
  endfacet
  facet normal -0 0 -1
    outer loop
      vertex 97.995 117.402 48
      vertex 97.5549 116.34 48
      vertex 97.6729 117.511 48
    endloop
  endfacet
  facet normal 0 0 -1
    outer loop
      vertex 97.3753 116.401 48
      vertex 97.6729 117.511 48
      vertex 97.5549 116.34 48
    endloop
  endfacet
  facet normal 0 0 -1
    outer loop
      vertex 97.3753 116.401 48
      vertex 97.3394 117.578 48
      vertex 97.6729 117.511 48
    endloop
  endfacet
  facet normal 0 0 -1
    outer loop
      vertex 97.1893 116.438 48
      vertex 97.3394 117.578 48
      vertex 97.3753 116.401 48
    endloop
  endfacet
  facet normal 0 0 -1
    outer loop
      vertex 97 116.45 48
      vertex 97.3394 117.578 48
      vertex 97.1893 116.438 48
    endloop
  endfacet
  facet normal 0 0 -1
    outer loop
      vertex 97 116.45 48
      vertex 97 117.6 48
      vertex 97.3394 117.578 48
    endloop
  endfacet
  facet normal 0 0 -1
    outer loop
      vertex 96.8107 116.438 48
      vertex 97 117.6 48
      vertex 97 116.45 48
    endloop
  endfacet
  facet normal 0 0 -1
    outer loop
      vertex 96.8107 116.438 48
      vertex 96.6606 117.578 48
      vertex 97 117.6 48
    endloop
  endfacet
  facet normal 0 0 -1
    outer loop
      vertex 96.6247 116.401 48
      vertex 96.6606 117.578 48
      vertex 96.8107 116.438 48
    endloop
  endfacet
  facet normal 0 0 -1
    outer loop
      vertex 96.3271 117.511 48
      vertex 96.6247 116.401 48
      vertex 96.4451 116.34 48
    endloop
  endfacet
  facet normal 0 0 -1
    outer loop
      vertex 96.6247 116.401 48
      vertex 96.3271 117.511 48
      vertex 96.6606 117.578 48
    endloop
  endfacet
  facet normal 0 0 -1
    outer loop
      vertex 96.005 117.402 48
      vertex 96.4451 116.34 48
      vertex 96.275 116.256 48
    endloop
  endfacet
  facet normal 0 0 -1
    outer loop
      vertex 95.7 117.252 48
      vertex 96.275 116.256 48
      vertex 96.1173 116.15 48
    endloop
  endfacet
  facet normal 0 0 -1
    outer loop
      vertex 96.4451 116.34 48
      vertex 96.005 117.402 48
      vertex 96.3271 117.511 48
    endloop
  endfacet
  facet normal 0 0 -1
    outer loop
      vertex 95.4172 117.063 48
      vertex 96.1173 116.15 48
      vertex 95.9747 116.025 48
    endloop
  endfacet
  facet normal 0 0 -1
    outer loop
      vertex 95.1615 116.838 48
      vertex 95.9747 116.025 48
      vertex 95.8496 115.883 48
    endloop
  endfacet
  facet normal 0 0 -1
    outer loop
      vertex 94.9373 116.583 48
      vertex 95.8496 115.883 48
      vertex 95.7443 115.725 48
    endloop
  endfacet
  facet normal 0 0 -1
    outer loop
      vertex 96.275 116.256 48
      vertex 95.7 117.252 48
      vertex 96.005 117.402 48
    endloop
  endfacet
  facet normal 0 0 -1
    outer loop
      vertex 94.7483 116.3 48
      vertex 95.7443 115.725 48
      vertex 95.6604 115.555 48
    endloop
  endfacet
  facet normal 0 0 -1
    outer loop
      vertex 94.5979 115.995 48
      vertex 95.6604 115.555 48
      vertex 95.5994 115.375 48
    endloop
  endfacet
  facet normal 0 0 -1
    outer loop
      vertex 94.4886 115.673 48
      vertex 95.5994 115.375 48
      vertex 95.5624 115.189 48
    endloop
  endfacet
  facet normal 0 0 -1
    outer loop
      vertex 96.1173 116.15 48
      vertex 95.4172 117.063 48
      vertex 95.7 117.252 48
    endloop
  endfacet
  facet normal 0 0 -1
    outer loop
      vertex 94.4222 115.339 48
      vertex 95.5624 115.189 48
      vertex 95.55 115 48
    endloop
  endfacet
  facet normal 0 0 -1
    outer loop
      vertex 94.5979 114.005 48
      vertex 95.6604 114.445 48
      vertex 94.7483 113.7 48
    endloop
  endfacet
  facet normal -0 0 -1
    outer loop
      vertex 95.6604 114.445 48
      vertex 94.5979 114.005 48
      vertex 95.5994 114.625 48
    endloop
  endfacet
  facet normal 0 0 -1
    outer loop
      vertex 95.9747 116.025 48
      vertex 95.1615 116.838 48
      vertex 95.4172 117.063 48
    endloop
  endfacet
  facet normal 0 0 -1
    outer loop
      vertex 94.4886 114.327 48
      vertex 95.5994 114.625 48
      vertex 94.5979 114.005 48
    endloop
  endfacet
  facet normal 0 0 -1
    outer loop
      vertex 95.8496 115.883 48
      vertex 94.9373 116.583 48
      vertex 95.1615 116.838 48
    endloop
  endfacet
  facet normal -0 0 -1
    outer loop
      vertex 95.5994 114.625 48
      vertex 94.4886 114.327 48
      vertex 95.5624 114.811 48
    endloop
  endfacet
  facet normal 0 0 -1
    outer loop
      vertex 95.7443 115.725 48
      vertex 94.7483 116.3 48
      vertex 94.9373 116.583 48
    endloop
  endfacet
  facet normal 0 0 -1
    outer loop
      vertex 94.4222 114.661 48
      vertex 95.5624 114.811 48
      vertex 94.4886 114.327 48
    endloop
  endfacet
  facet normal 0 0 -1
    outer loop
      vertex 95.6604 115.555 48
      vertex 94.5979 115.995 48
      vertex 94.7483 116.3 48
    endloop
  endfacet
  facet normal -0 0 -1
    outer loop
      vertex 95.5624 114.811 48
      vertex 94.4222 114.661 48
      vertex 95.55 115 48
    endloop
  endfacet
  facet normal 0 0 -1
    outer loop
      vertex 95.5994 115.375 48
      vertex 94.4886 115.673 48
      vertex 94.5979 115.995 48
    endloop
  endfacet
  facet normal 0 0 -1
    outer loop
      vertex 94.4 115 48
      vertex 95.55 115 48
      vertex 94.4222 114.661 48
    endloop
  endfacet
  facet normal 0 0 -1
    outer loop
      vertex 95.5624 115.189 48
      vertex 94.4222 115.339 48
      vertex 94.4886 115.673 48
    endloop
  endfacet
  facet normal 0 0 -1
    outer loop
      vertex 95.55 115 48
      vertex 94.4 115 48
      vertex 94.4222 115.339 48
    endloop
  endfacet
  facet normal -0.980783 -0.195102 0
    outer loop
      vertex 50.4376 185.189 48
      vertex 50.4006 185.375 52
      vertex 50.4006 185.375 48
    endloop
  endfacet
  facet normal -0.980783 -0.195102 0
    outer loop
      vertex 50.4006 185.375 52
      vertex 50.4376 185.189 48
      vertex 50.4376 185.189 52
    endloop
  endfacet
  facet normal -0.997855 -0.0654677 0
    outer loop
      vertex 50.45 185 48
      vertex 50.4376 185.189 52
      vertex 50.4376 185.189 48
    endloop
  endfacet
  facet normal -0.997855 -0.0654677 0
    outer loop
      vertex 50.4376 185.189 52
      vertex 50.45 185 48
      vertex 50.45 185 52
    endloop
  endfacet
  facet normal -0.3216 0.946876 0
    outer loop
      vertex 49.5549 183.66 48
      vertex 49.3753 183.599 52
      vertex 49.5549 183.66 52
    endloop
  endfacet
  facet normal -0.3216 0.946876 0
    outer loop
      vertex 49.3753 183.599 52
      vertex 49.5549 183.66 48
      vertex 49.3753 183.599 48
    endloop
  endfacet
  facet normal -0.832131 -0.554579 0
    outer loop
      vertex 50.2557 185.725 48
      vertex 50.1504 185.883 52
      vertex 50.1504 185.883 48
    endloop
  endfacet
  facet normal -0.832131 -0.554579 0
    outer loop
      vertex 50.1504 185.883 52
      vertex 50.2557 185.725 48
      vertex 50.2557 185.725 52
    endloop
  endfacet
  facet normal 0.896736 -0.442566 0
    outer loop
      vertex 47.6604 185.555 52
      vertex 47.7443 185.725 48
      vertex 47.7443 185.725 52
    endloop
  endfacet
  facet normal 0.896736 -0.442566 0
    outer loop
      vertex 47.7443 185.725 48
      vertex 47.6604 185.555 52
      vertex 47.6604 185.555 48
    endloop
  endfacet
  facet normal 0.557854 -0.829939 0
    outer loop
      vertex 48.1173 186.15 48
      vertex 48.275 186.256 52
      vertex 48.1173 186.15 52
    endloop
  endfacet
  facet normal 0.557854 -0.829939 0
    outer loop
      vertex 48.275 186.256 52
      vertex 48.1173 186.15 48
      vertex 48.275 186.256 48
    endloop
  endfacet
  facet normal 0.659176 -0.751988 0
    outer loop
      vertex 47.9747 186.025 48
      vertex 48.1173 186.15 52
      vertex 47.9747 186.025 52
    endloop
  endfacet
  facet normal 0.659176 -0.751988 0
    outer loop
      vertex 48.1173 186.15 52
      vertex 47.9747 186.025 48
      vertex 48.1173 186.15 48
    endloop
  endfacet
  facet normal 0.750347 -0.661045 0
    outer loop
      vertex 47.8496 185.883 52
      vertex 47.9747 186.025 48
      vertex 47.9747 186.025 52
    endloop
  endfacet
  facet normal 0.750347 -0.661045 0
    outer loop
      vertex 47.9747 186.025 48
      vertex 47.8496 185.883 52
      vertex 47.8496 185.883 48
    endloop
  endfacet
  facet normal -0.947093 0.320959 0
    outer loop
      vertex 50.3396 184.445 48
      vertex 50.4006 184.625 52
      vertex 50.4006 184.625 48
    endloop
  endfacet
  facet normal -0.947093 0.320959 0
    outer loop
      vertex 50.4006 184.625 52
      vertex 50.3396 184.445 48
      vertex 50.3396 184.445 52
    endloop
  endfacet
  facet normal 0.997855 -0.0654677 0
    outer loop
      vertex 47.55 185 52
      vertex 47.5624 185.189 48
      vertex 47.5624 185.189 52
    endloop
  endfacet
  facet normal 0.997855 -0.0654677 0
    outer loop
      vertex 47.5624 185.189 48
      vertex 47.55 185 52
      vertex 47.55 185 48
    endloop
  endfacet
  facet normal -0.557854 -0.829939 0
    outer loop
      vertex 49.725 186.256 48
      vertex 49.8827 186.15 52
      vertex 49.725 186.256 52
    endloop
  endfacet
  facet normal -0.557854 -0.829939 -0
    outer loop
      vertex 49.8827 186.15 52
      vertex 49.725 186.256 48
      vertex 49.8827 186.15 48
    endloop
  endfacet
  facet normal 0.3216 0.946876 -0
    outer loop
      vertex 48.6247 183.599 48
      vertex 48.4451 183.66 52
      vertex 48.6247 183.599 52
    endloop
  endfacet
  facet normal 0.3216 0.946876 0
    outer loop
      vertex 48.4451 183.66 52
      vertex 48.6247 183.599 48
      vertex 48.4451 183.66 48
    endloop
  endfacet
  facet normal -0.195102 0.980783 0
    outer loop
      vertex 49.3753 183.599 48
      vertex 49.1893 183.562 52
      vertex 49.3753 183.599 52
    endloop
  endfacet
  facet normal -0.195102 0.980783 0
    outer loop
      vertex 49.1893 183.562 52
      vertex 49.3753 183.599 48
      vertex 49.1893 183.562 48
    endloop
  endfacet
  facet normal 0.3216 -0.946876 0
    outer loop
      vertex 48.4451 186.34 48
      vertex 48.6247 186.401 52
      vertex 48.4451 186.34 52
    endloop
  endfacet
  facet normal 0.3216 -0.946876 0
    outer loop
      vertex 48.6247 186.401 52
      vertex 48.4451 186.34 48
      vertex 48.6247 186.401 48
    endloop
  endfacet
  facet normal 0.832131 0.554579 0
    outer loop
      vertex 47.8496 184.117 52
      vertex 47.7443 184.275 48
      vertex 47.7443 184.275 52
    endloop
  endfacet
  facet normal 0.832131 0.554579 0
    outer loop
      vertex 47.7443 184.275 48
      vertex 47.8496 184.117 52
      vertex 47.8496 184.117 48
    endloop
  endfacet
  facet normal -0.557854 0.829939 0
    outer loop
      vertex 49.8827 183.85 48
      vertex 49.725 183.744 52
      vertex 49.8827 183.85 52
    endloop
  endfacet
  facet normal -0.557854 0.829939 0
    outer loop
      vertex 49.725 183.744 52
      vertex 49.8827 183.85 48
      vertex 49.725 183.744 48
    endloop
  endfacet
  facet normal 0.947093 -0.320959 0
    outer loop
      vertex 47.5994 185.375 52
      vertex 47.6604 185.555 48
      vertex 47.6604 185.555 52
    endloop
  endfacet
  facet normal 0.947093 -0.320959 0
    outer loop
      vertex 47.6604 185.555 48
      vertex 47.5994 185.375 52
      vertex 47.5994 185.375 48
    endloop
  endfacet
  facet normal -0.3216 -0.946876 0
    outer loop
      vertex 49.3753 186.401 48
      vertex 49.5549 186.34 52
      vertex 49.3753 186.401 52
    endloop
  endfacet
  facet normal -0.3216 -0.946876 -0
    outer loop
      vertex 49.5549 186.34 52
      vertex 49.3753 186.401 48
      vertex 49.5549 186.34 48
    endloop
  endfacet
  facet normal -0.0632645 -0.997997 0
    outer loop
      vertex 49 186.45 48
      vertex 49.1893 186.438 52
      vertex 49 186.45 52
    endloop
  endfacet
  facet normal -0.0632645 -0.997997 -0
    outer loop
      vertex 49.1893 186.438 52
      vertex 49 186.45 48
      vertex 49.1893 186.438 48
    endloop
  endfacet
  facet normal 0.44278 -0.89663 0
    outer loop
      vertex 48.275 186.256 48
      vertex 48.4451 186.34 52
      vertex 48.275 186.256 52
    endloop
  endfacet
  facet normal 0.44278 -0.89663 0
    outer loop
      vertex 48.4451 186.34 52
      vertex 48.275 186.256 48
      vertex 48.4451 186.34 48
    endloop
  endfacet
  facet normal -0.832131 0.554579 0
    outer loop
      vertex 50.1504 184.117 48
      vertex 50.2557 184.275 52
      vertex 50.2557 184.275 48
    endloop
  endfacet
  facet normal -0.832131 0.554579 0
    outer loop
      vertex 50.2557 184.275 52
      vertex 50.1504 184.117 48
      vertex 50.1504 184.117 52
    endloop
  endfacet
  facet normal 0.997855 0.0654677 0
    outer loop
      vertex 47.5624 184.811 52
      vertex 47.55 185 48
      vertex 47.55 185 52
    endloop
  endfacet
  facet normal 0.997855 0.0654677 0
    outer loop
      vertex 47.55 185 48
      vertex 47.5624 184.811 52
      vertex 47.5624 184.811 48
    endloop
  endfacet
  facet normal 0.947093 0.320959 0
    outer loop
      vertex 47.6604 184.445 52
      vertex 47.5994 184.625 48
      vertex 47.5994 184.625 52
    endloop
  endfacet
  facet normal 0.947093 0.320959 0
    outer loop
      vertex 47.5994 184.625 48
      vertex 47.6604 184.445 52
      vertex 47.6604 184.445 48
    endloop
  endfacet
  facet normal 0.659176 0.751988 -0
    outer loop
      vertex 48.1173 183.85 48
      vertex 47.9747 183.975 52
      vertex 48.1173 183.85 52
    endloop
  endfacet
  facet normal 0.659176 0.751988 0
    outer loop
      vertex 47.9747 183.975 52
      vertex 48.1173 183.85 48
      vertex 47.9747 183.975 48
    endloop
  endfacet
  facet normal -0.44278 -0.89663 0
    outer loop
      vertex 49.5549 186.34 48
      vertex 49.725 186.256 52
      vertex 49.5549 186.34 52
    endloop
  endfacet
  facet normal -0.44278 -0.89663 -0
    outer loop
      vertex 49.725 186.256 52
      vertex 49.5549 186.34 48
      vertex 49.725 186.256 48
    endloop
  endfacet
  facet normal 0.195102 -0.980783 0
    outer loop
      vertex 48.6247 186.401 48
      vertex 48.8107 186.438 52
      vertex 48.6247 186.401 52
    endloop
  endfacet
  facet normal 0.195102 -0.980783 0
    outer loop
      vertex 48.8107 186.438 52
      vertex 48.6247 186.401 48
      vertex 48.8107 186.438 48
    endloop
  endfacet
  facet normal -0.750347 -0.661045 0
    outer loop
      vertex 50.1504 185.883 48
      vertex 50.0253 186.025 52
      vertex 50.0253 186.025 48
    endloop
  endfacet
  facet normal -0.750347 -0.661045 0
    outer loop
      vertex 50.0253 186.025 52
      vertex 50.1504 185.883 48
      vertex 50.1504 185.883 52
    endloop
  endfacet
  facet normal -0.195102 -0.980783 0
    outer loop
      vertex 49.1893 186.438 48
      vertex 49.3753 186.401 52
      vertex 49.1893 186.438 52
    endloop
  endfacet
  facet normal -0.195102 -0.980783 -0
    outer loop
      vertex 49.3753 186.401 52
      vertex 49.1893 186.438 48
      vertex 49.3753 186.401 48
    endloop
  endfacet
  facet normal -0.750347 0.661045 0
    outer loop
      vertex 50.0253 183.975 48
      vertex 50.1504 184.117 52
      vertex 50.1504 184.117 48
    endloop
  endfacet
  facet normal -0.750347 0.661045 0
    outer loop
      vertex 50.1504 184.117 52
      vertex 50.0253 183.975 48
      vertex 50.0253 183.975 52
    endloop
  endfacet
  facet normal 0.44278 0.89663 -0
    outer loop
      vertex 48.4451 183.66 48
      vertex 48.275 183.744 52
      vertex 48.4451 183.66 52
    endloop
  endfacet
  facet normal 0.44278 0.89663 0
    outer loop
      vertex 48.275 183.744 52
      vertex 48.4451 183.66 48
      vertex 48.275 183.744 48
    endloop
  endfacet
  facet normal 0.0632645 -0.997997 0
    outer loop
      vertex 48.8107 186.438 48
      vertex 49 186.45 52
      vertex 48.8107 186.438 52
    endloop
  endfacet
  facet normal 0.0632645 -0.997997 0
    outer loop
      vertex 49 186.45 52
      vertex 48.8107 186.438 48
      vertex 49 186.45 48
    endloop
  endfacet
  facet normal 0.980783 -0.195102 0
    outer loop
      vertex 47.5624 185.189 52
      vertex 47.5994 185.375 48
      vertex 47.5994 185.375 52
    endloop
  endfacet
  facet normal 0.980783 -0.195102 0
    outer loop
      vertex 47.5994 185.375 48
      vertex 47.5624 185.189 52
      vertex 47.5624 185.189 48
    endloop
  endfacet
  facet normal -0.0632645 0.997997 0
    outer loop
      vertex 49.1893 183.562 48
      vertex 49 183.55 52
      vertex 49.1893 183.562 52
    endloop
  endfacet
  facet normal -0.0632645 0.997997 0
    outer loop
      vertex 49 183.55 52
      vertex 49.1893 183.562 48
      vertex 49 183.55 48
    endloop
  endfacet
  facet normal -0.44278 0.89663 0
    outer loop
      vertex 49.725 183.744 48
      vertex 49.5549 183.66 52
      vertex 49.725 183.744 52
    endloop
  endfacet
  facet normal -0.44278 0.89663 0
    outer loop
      vertex 49.5549 183.66 52
      vertex 49.725 183.744 48
      vertex 49.5549 183.66 48
    endloop
  endfacet
  facet normal -0.659176 0.751988 0
    outer loop
      vertex 50.0253 183.975 48
      vertex 49.8827 183.85 52
      vertex 50.0253 183.975 52
    endloop
  endfacet
  facet normal -0.659176 0.751988 0
    outer loop
      vertex 49.8827 183.85 52
      vertex 50.0253 183.975 48
      vertex 49.8827 183.85 48
    endloop
  endfacet
  facet normal 0.896736 0.442566 0
    outer loop
      vertex 47.7443 184.275 52
      vertex 47.6604 184.445 48
      vertex 47.6604 184.445 52
    endloop
  endfacet
  facet normal 0.896736 0.442566 0
    outer loop
      vertex 47.6604 184.445 48
      vertex 47.7443 184.275 52
      vertex 47.7443 184.275 48
    endloop
  endfacet
  facet normal -0.896736 0.442566 0
    outer loop
      vertex 50.2557 184.275 48
      vertex 50.3396 184.445 52
      vertex 50.3396 184.445 48
    endloop
  endfacet
  facet normal -0.896736 0.442566 0
    outer loop
      vertex 50.3396 184.445 52
      vertex 50.2557 184.275 48
      vertex 50.2557 184.275 52
    endloop
  endfacet
  facet normal -0.659176 -0.751988 0
    outer loop
      vertex 49.8827 186.15 48
      vertex 50.0253 186.025 52
      vertex 49.8827 186.15 52
    endloop
  endfacet
  facet normal -0.659176 -0.751988 -0
    outer loop
      vertex 50.0253 186.025 52
      vertex 49.8827 186.15 48
      vertex 50.0253 186.025 48
    endloop
  endfacet
  facet normal -0.997855 0.0654677 0
    outer loop
      vertex 50.4376 184.811 48
      vertex 50.45 185 52
      vertex 50.45 185 48
    endloop
  endfacet
  facet normal -0.997855 0.0654677 0
    outer loop
      vertex 50.45 185 52
      vertex 50.4376 184.811 48
      vertex 50.4376 184.811 52
    endloop
  endfacet
  facet normal 0.557854 0.829939 -0
    outer loop
      vertex 48.275 183.744 48
      vertex 48.1173 183.85 52
      vertex 48.275 183.744 52
    endloop
  endfacet
  facet normal 0.557854 0.829939 0
    outer loop
      vertex 48.1173 183.85 52
      vertex 48.275 183.744 48
      vertex 48.1173 183.85 48
    endloop
  endfacet
  facet normal -0.896736 -0.442566 0
    outer loop
      vertex 50.3396 185.555 48
      vertex 50.2557 185.725 52
      vertex 50.2557 185.725 48
    endloop
  endfacet
  facet normal -0.896736 -0.442566 0
    outer loop
      vertex 50.2557 185.725 52
      vertex 50.3396 185.555 48
      vertex 50.3396 185.555 52
    endloop
  endfacet
  facet normal -0.980783 0.195102 0
    outer loop
      vertex 50.4006 184.625 48
      vertex 50.4376 184.811 52
      vertex 50.4376 184.811 48
    endloop
  endfacet
  facet normal -0.980783 0.195102 0
    outer loop
      vertex 50.4376 184.811 52
      vertex 50.4006 184.625 48
      vertex 50.4006 184.625 52
    endloop
  endfacet
  facet normal -0.947093 -0.320959 0
    outer loop
      vertex 50.4006 185.375 48
      vertex 50.3396 185.555 52
      vertex 50.3396 185.555 48
    endloop
  endfacet
  facet normal -0.947093 -0.320959 0
    outer loop
      vertex 50.3396 185.555 52
      vertex 50.4006 185.375 48
      vertex 50.4006 185.375 52
    endloop
  endfacet
  facet normal 0.980783 0.195102 0
    outer loop
      vertex 47.5994 184.625 52
      vertex 47.5624 184.811 48
      vertex 47.5624 184.811 52
    endloop
  endfacet
  facet normal 0.980783 0.195102 0
    outer loop
      vertex 47.5624 184.811 48
      vertex 47.5994 184.625 52
      vertex 47.5994 184.625 48
    endloop
  endfacet
  facet normal 0.750347 0.661045 0
    outer loop
      vertex 47.9747 183.975 52
      vertex 47.8496 184.117 48
      vertex 47.8496 184.117 52
    endloop
  endfacet
  facet normal 0.750347 0.661045 0
    outer loop
      vertex 47.8496 184.117 48
      vertex 47.9747 183.975 52
      vertex 47.9747 183.975 48
    endloop
  endfacet
  facet normal 0.195102 0.980783 -0
    outer loop
      vertex 48.8107 183.562 48
      vertex 48.6247 183.599 52
      vertex 48.8107 183.562 52
    endloop
  endfacet
  facet normal 0.195102 0.980783 0
    outer loop
      vertex 48.6247 183.599 52
      vertex 48.8107 183.562 48
      vertex 48.6247 183.599 48
    endloop
  endfacet
  facet normal 0.832131 -0.554579 0
    outer loop
      vertex 47.7443 185.725 52
      vertex 47.8496 185.883 48
      vertex 47.8496 185.883 52
    endloop
  endfacet
  facet normal 0.832131 -0.554579 0
    outer loop
      vertex 47.8496 185.883 48
      vertex 47.7443 185.725 52
      vertex 47.7443 185.725 48
    endloop
  endfacet
  facet normal 0.0632645 0.997997 -0
    outer loop
      vertex 49 183.55 48
      vertex 48.8107 183.562 52
      vertex 49 183.55 52
    endloop
  endfacet
  facet normal 0.0632645 0.997997 0
    outer loop
      vertex 48.8107 183.562 52
      vertex 49 183.55 48
      vertex 48.8107 183.562 48
    endloop
  endfacet
  facet normal -0.980806 -0.194987 0
    outer loop
      vertex 51.5778 185.339 0
      vertex 51.5114 185.673 48
      vertex 51.5114 185.673 0
    endloop
  endfacet
  facet normal -0.980806 -0.194987 0
    outer loop
      vertex 51.5114 185.673 48
      vertex 51.5778 185.339 0
      vertex 51.5778 185.339 48
    endloop
  endfacet
  facet normal -0.997863 -0.0653468 0
    outer loop
      vertex 51.6 185 0
      vertex 51.5778 185.339 48
      vertex 51.5778 185.339 0
    endloop
  endfacet
  facet normal -0.997863 -0.0653468 0
    outer loop
      vertex 51.5778 185.339 48
      vertex 51.6 185 0
      vertex 51.6 185 48
    endloop
  endfacet
  facet normal -0.946934 -0.321428 0
    outer loop
      vertex 51.5114 185.673 0
      vertex 51.4021 185.995 48
      vertex 51.4021 185.995 0
    endloop
  endfacet
  facet normal -0.946934 -0.321428 0
    outer loop
      vertex 51.4021 185.995 48
      vertex 51.5114 185.673 0
      vertex 51.5114 185.673 48
    endloop
  endfacet
  facet normal 0.660601 -0.750737 0
    outer loop
      vertex 47.1615 186.838 0
      vertex 47.4172 187.063 48
      vertex 47.1615 186.838 48
    endloop
  endfacet
  facet normal 0.660601 -0.750737 0
    outer loop
      vertex 47.4172 187.063 48
      vertex 47.1615 186.838 0
      vertex 47.4172 187.063 0
    endloop
  endfacet
  facet normal -0.0646845 -0.997906 0
    outer loop
      vertex 49 187.6 0
      vertex 49.3394 187.578 48
      vertex 49 187.6 48
    endloop
  endfacet
  facet normal -0.0646845 -0.997906 -0
    outer loop
      vertex 49.3394 187.578 48
      vertex 49 187.6 0
      vertex 49.3394 187.578 0
    endloop
  endfacet
  facet normal 0.946934 -0.321428 0
    outer loop
      vertex 46.4886 185.673 48
      vertex 46.5979 185.995 0
      vertex 46.5979 185.995 48
    endloop
  endfacet
  facet normal 0.946934 -0.321428 0
    outer loop
      vertex 46.5979 185.995 0
      vertex 46.4886 185.673 48
      vertex 46.4886 185.673 0
    endloop
  endfacet
  facet normal -0.980806 0.194987 0
    outer loop
      vertex 51.5114 184.327 0
      vertex 51.5778 184.661 48
      vertex 51.5778 184.661 0
    endloop
  endfacet
  facet normal -0.980806 0.194987 0
    outer loop
      vertex 51.5778 184.661 48
      vertex 51.5114 184.327 0
      vertex 51.5114 184.327 48
    endloop
  endfacet
  facet normal 0.831598 0.555378 0
    outer loop
      vertex 46.9373 183.417 48
      vertex 46.7483 183.7 0
      vertex 46.7483 183.7 48
    endloop
  endfacet
  facet normal 0.831598 0.555378 0
    outer loop
      vertex 46.7483 183.7 0
      vertex 46.9373 183.417 48
      vertex 46.9373 183.417 0
    endloop
  endfacet
  facet normal 0.980806 -0.194987 0
    outer loop
      vertex 46.4222 185.339 48
      vertex 46.4886 185.673 0
      vertex 46.4886 185.673 48
    endloop
  endfacet
  facet normal 0.980806 -0.194987 0
    outer loop
      vertex 46.4886 185.673 0
      vertex 46.4222 185.339 48
      vertex 46.4222 185.339 0
    endloop
  endfacet
  facet normal 0.55565 -0.831417 0
    outer loop
      vertex 47.4172 187.063 0
      vertex 47.7 187.252 48
      vertex 47.4172 187.063 48
    endloop
  endfacet
  facet normal 0.55565 -0.831417 0
    outer loop
      vertex 47.7 187.252 48
      vertex 47.4172 187.063 0
      vertex 47.7 187.252 0
    endloop
  endfacet
  facet normal 0.946934 0.321428 0
    outer loop
      vertex 46.5979 184.005 48
      vertex 46.4886 184.327 0
      vertex 46.4886 184.327 48
    endloop
  endfacet
  facet normal 0.946934 0.321428 0
    outer loop
      vertex 46.4886 184.327 0
      vertex 46.5979 184.005 48
      vertex 46.5979 184.005 0
    endloop
  endfacet
  facet normal 0.980806 0.194987 0
    outer loop
      vertex 46.4886 184.327 48
      vertex 46.4222 184.661 0
      vertex 46.4222 184.661 48
    endloop
  endfacet
  facet normal 0.980806 0.194987 0
    outer loop
      vertex 46.4222 184.661 0
      vertex 46.4886 184.327 48
      vertex 46.4886 184.327 0
    endloop
  endfacet
  facet normal -0.320547 0.947232 0
    outer loop
      vertex 49.995 182.598 0
      vertex 49.6729 182.489 48
      vertex 49.995 182.598 48
    endloop
  endfacet
  facet normal -0.320547 0.947232 0
    outer loop
      vertex 49.6729 182.489 48
      vertex 49.995 182.598 0
      vertex 49.6729 182.489 0
    endloop
  endfacet
  facet normal 0.751006 -0.660296 0
    outer loop
      vertex 46.9373 186.583 48
      vertex 47.1615 186.838 0
      vertex 47.1615 186.838 48
    endloop
  endfacet
  facet normal 0.751006 -0.660296 0
    outer loop
      vertex 47.1615 186.838 0
      vertex 46.9373 186.583 48
      vertex 46.9373 186.583 0
    endloop
  endfacet
  facet normal -0.196964 0.980411 0
    outer loop
      vertex 49.6729 182.489 0
      vertex 49.3394 182.422 48
      vertex 49.6729 182.489 48
    endloop
  endfacet
  facet normal -0.196964 0.980411 0
    outer loop
      vertex 49.3394 182.422 48
      vertex 49.6729 182.489 0
      vertex 49.3394 182.422 0
    endloop
  endfacet
  facet normal 0.320547 -0.947232 0
    outer loop
      vertex 48.005 187.402 0
      vertex 48.3271 187.511 48
      vertex 48.005 187.402 48
    endloop
  endfacet
  facet normal 0.320547 -0.947232 0
    outer loop
      vertex 48.3271 187.511 48
      vertex 48.005 187.402 0
      vertex 48.3271 187.511 0
    endloop
  endfacet
  facet normal -0.896884 -0.442267 0
    outer loop
      vertex 51.4021 185.995 0
      vertex 51.2517 186.3 48
      vertex 51.2517 186.3 0
    endloop
  endfacet
  facet normal -0.896884 -0.442267 0
    outer loop
      vertex 51.2517 186.3 48
      vertex 51.4021 185.995 0
      vertex 51.4021 185.995 48
    endloop
  endfacet
  facet normal 0.997863 0.0653468 0
    outer loop
      vertex 46.4222 184.661 48
      vertex 46.4 185 0
      vertex 46.4 185 48
    endloop
  endfacet
  facet normal 0.997863 0.0653468 0
    outer loop
      vertex 46.4 185 0
      vertex 46.4222 184.661 48
      vertex 46.4222 184.661 0
    endloop
  endfacet
  facet normal 0.0646845 0.997906 -0
    outer loop
      vertex 49 182.4 0
      vertex 48.6606 182.422 48
      vertex 49 182.4 48
    endloop
  endfacet
  facet normal 0.0646845 0.997906 0
    outer loop
      vertex 48.6606 182.422 48
      vertex 49 182.4 0
      vertex 48.6606 182.422 0
    endloop
  endfacet
  facet normal -0.196964 -0.980411 0
    outer loop
      vertex 49.3394 187.578 0
      vertex 49.6729 187.511 48
      vertex 49.3394 187.578 48
    endloop
  endfacet
  facet normal -0.196964 -0.980411 -0
    outer loop
      vertex 49.6729 187.511 48
      vertex 49.3394 187.578 0
      vertex 49.6729 187.511 0
    endloop
  endfacet
  facet normal -0.831598 0.555378 0
    outer loop
      vertex 51.0627 183.417 0
      vertex 51.2517 183.7 48
      vertex 51.2517 183.7 0
    endloop
  endfacet
  facet normal -0.831598 0.555378 0
    outer loop
      vertex 51.2517 183.7 48
      vertex 51.0627 183.417 0
      vertex 51.0627 183.417 48
    endloop
  endfacet
  facet normal 0.751006 0.660296 0
    outer loop
      vertex 47.1615 183.162 48
      vertex 46.9373 183.417 0
      vertex 46.9373 183.417 48
    endloop
  endfacet
  facet normal 0.751006 0.660296 0
    outer loop
      vertex 46.9373 183.417 0
      vertex 47.1615 183.162 48
      vertex 47.1615 183.162 0
    endloop
  endfacet
  facet normal 0.196964 0.980411 -0
    outer loop
      vertex 48.6606 182.422 0
      vertex 48.3271 182.489 48
      vertex 48.6606 182.422 48
    endloop
  endfacet
  facet normal 0.196964 0.980411 0
    outer loop
      vertex 48.3271 182.489 48
      vertex 48.6606 182.422 0
      vertex 48.3271 182.489 0
    endloop
  endfacet
  facet normal -0.55565 -0.831417 0
    outer loop
      vertex 50.3 187.252 0
      vertex 50.5828 187.063 48
      vertex 50.3 187.252 48
    endloop
  endfacet
  facet normal -0.55565 -0.831417 -0
    outer loop
      vertex 50.5828 187.063 48
      vertex 50.3 187.252 0
      vertex 50.5828 187.063 0
    endloop
  endfacet
  facet normal -0.997863 0.0653468 0
    outer loop
      vertex 51.5778 184.661 0
      vertex 51.6 185 48
      vertex 51.6 185 0
    endloop
  endfacet
  facet normal -0.997863 0.0653468 0
    outer loop
      vertex 51.6 185 48
      vertex 51.5778 184.661 0
      vertex 51.5778 184.661 48
    endloop
  endfacet
  facet normal 0.196964 -0.980411 0
    outer loop
      vertex 48.3271 187.511 0
      vertex 48.6606 187.578 48
      vertex 48.3271 187.511 48
    endloop
  endfacet
  facet normal 0.196964 -0.980411 0
    outer loop
      vertex 48.6606 187.578 48
      vertex 48.3271 187.511 0
      vertex 48.6606 187.578 0
    endloop
  endfacet
  facet normal -0.751006 -0.660296 0
    outer loop
      vertex 51.0627 186.583 0
      vertex 50.8385 186.838 48
      vertex 50.8385 186.838 0
    endloop
  endfacet
  facet normal -0.751006 -0.660296 0
    outer loop
      vertex 50.8385 186.838 48
      vertex 51.0627 186.583 0
      vertex 51.0627 186.583 48
    endloop
  endfacet
  facet normal -0.660601 -0.750737 0
    outer loop
      vertex 50.5828 187.063 0
      vertex 50.8385 186.838 48
      vertex 50.5828 187.063 48
    endloop
  endfacet
  facet normal -0.660601 -0.750737 -0
    outer loop
      vertex 50.8385 186.838 48
      vertex 50.5828 187.063 0
      vertex 50.8385 186.838 0
    endloop
  endfacet
  facet normal 0.896884 0.442267 0
    outer loop
      vertex 46.7483 183.7 48
      vertex 46.5979 184.005 0
      vertex 46.5979 184.005 48
    endloop
  endfacet
  facet normal 0.896884 0.442267 0
    outer loop
      vertex 46.5979 184.005 0
      vertex 46.7483 183.7 48
      vertex 46.7483 183.7 0
    endloop
  endfacet
  facet normal 0.320547 0.947232 -0
    outer loop
      vertex 48.3271 182.489 0
      vertex 48.005 182.598 48
      vertex 48.3271 182.489 48
    endloop
  endfacet
  facet normal 0.320547 0.947232 0
    outer loop
      vertex 48.005 182.598 48
      vertex 48.3271 182.489 0
      vertex 48.005 182.598 0
    endloop
  endfacet
  facet normal -0.0646845 0.997906 0
    outer loop
      vertex 49.3394 182.422 0
      vertex 49 182.4 48
      vertex 49.3394 182.422 48
    endloop
  endfacet
  facet normal -0.0646845 0.997906 0
    outer loop
      vertex 49 182.4 48
      vertex 49.3394 182.422 0
      vertex 49 182.4 0
    endloop
  endfacet
  facet normal -0.55565 0.831417 0
    outer loop
      vertex 50.5828 182.937 0
      vertex 50.3 182.748 48
      vertex 50.5828 182.937 48
    endloop
  endfacet
  facet normal -0.55565 0.831417 0
    outer loop
      vertex 50.3 182.748 48
      vertex 50.5828 182.937 0
      vertex 50.3 182.748 0
    endloop
  endfacet
  facet normal -0.946934 0.321428 0
    outer loop
      vertex 51.4021 184.005 0
      vertex 51.5114 184.327 48
      vertex 51.5114 184.327 0
    endloop
  endfacet
  facet normal -0.946934 0.321428 0
    outer loop
      vertex 51.5114 184.327 48
      vertex 51.4021 184.005 0
      vertex 51.4021 184.005 48
    endloop
  endfacet
  facet normal -0.44132 -0.89735 0
    outer loop
      vertex 49.995 187.402 0
      vertex 50.3 187.252 48
      vertex 49.995 187.402 48
    endloop
  endfacet
  facet normal -0.44132 -0.89735 -0
    outer loop
      vertex 50.3 187.252 48
      vertex 49.995 187.402 0
      vertex 50.3 187.252 0
    endloop
  endfacet
  facet normal -0.831598 -0.555378 0
    outer loop
      vertex 51.2517 186.3 0
      vertex 51.0627 186.583 48
      vertex 51.0627 186.583 0
    endloop
  endfacet
  facet normal -0.831598 -0.555378 0
    outer loop
      vertex 51.0627 186.583 48
      vertex 51.2517 186.3 0
      vertex 51.2517 186.3 48
    endloop
  endfacet
  facet normal -0.660601 0.750737 0
    outer loop
      vertex 50.8385 183.162 0
      vertex 50.5828 182.937 48
      vertex 50.8385 183.162 48
    endloop
  endfacet
  facet normal -0.660601 0.750737 0
    outer loop
      vertex 50.5828 182.937 48
      vertex 50.8385 183.162 0
      vertex 50.5828 182.937 0
    endloop
  endfacet
  facet normal -0.751006 0.660296 0
    outer loop
      vertex 50.8385 183.162 0
      vertex 51.0627 183.417 48
      vertex 51.0627 183.417 0
    endloop
  endfacet
  facet normal -0.751006 0.660296 0
    outer loop
      vertex 51.0627 183.417 48
      vertex 50.8385 183.162 0
      vertex 50.8385 183.162 48
    endloop
  endfacet
  facet normal -0.320547 -0.947232 0
    outer loop
      vertex 49.6729 187.511 0
      vertex 49.995 187.402 48
      vertex 49.6729 187.511 48
    endloop
  endfacet
  facet normal -0.320547 -0.947232 -0
    outer loop
      vertex 49.995 187.402 48
      vertex 49.6729 187.511 0
      vertex 49.995 187.402 0
    endloop
  endfacet
  facet normal 0.0646845 -0.997906 0
    outer loop
      vertex 48.6606 187.578 0
      vertex 49 187.6 48
      vertex 48.6606 187.578 48
    endloop
  endfacet
  facet normal 0.0646845 -0.997906 0
    outer loop
      vertex 49 187.6 48
      vertex 48.6606 187.578 0
      vertex 49 187.6 0
    endloop
  endfacet
  facet normal 0.660601 0.750737 -0
    outer loop
      vertex 47.4172 182.937 0
      vertex 47.1615 183.162 48
      vertex 47.4172 182.937 48
    endloop
  endfacet
  facet normal 0.660601 0.750737 0
    outer loop
      vertex 47.1615 183.162 48
      vertex 47.4172 182.937 0
      vertex 47.1615 183.162 0
    endloop
  endfacet
  facet normal -0.896884 0.442267 0
    outer loop
      vertex 51.2517 183.7 0
      vertex 51.4021 184.005 48
      vertex 51.4021 184.005 0
    endloop
  endfacet
  facet normal -0.896884 0.442267 0
    outer loop
      vertex 51.4021 184.005 48
      vertex 51.2517 183.7 0
      vertex 51.2517 183.7 48
    endloop
  endfacet
  facet normal 0.997863 -0.0653468 0
    outer loop
      vertex 46.4 185 48
      vertex 46.4222 185.339 0
      vertex 46.4222 185.339 48
    endloop
  endfacet
  facet normal 0.997863 -0.0653468 0
    outer loop
      vertex 46.4222 185.339 0
      vertex 46.4 185 48
      vertex 46.4 185 0
    endloop
  endfacet
  facet normal -0.44132 0.89735 0
    outer loop
      vertex 50.3 182.748 0
      vertex 49.995 182.598 48
      vertex 50.3 182.748 48
    endloop
  endfacet
  facet normal -0.44132 0.89735 0
    outer loop
      vertex 49.995 182.598 48
      vertex 50.3 182.748 0
      vertex 49.995 182.598 0
    endloop
  endfacet
  facet normal 0.44132 0.89735 -0
    outer loop
      vertex 48.005 182.598 0
      vertex 47.7 182.748 48
      vertex 48.005 182.598 48
    endloop
  endfacet
  facet normal 0.44132 0.89735 0
    outer loop
      vertex 47.7 182.748 48
      vertex 48.005 182.598 0
      vertex 47.7 182.748 0
    endloop
  endfacet
  facet normal 0.44132 -0.89735 0
    outer loop
      vertex 47.7 187.252 0
      vertex 48.005 187.402 48
      vertex 47.7 187.252 48
    endloop
  endfacet
  facet normal 0.44132 -0.89735 0
    outer loop
      vertex 48.005 187.402 48
      vertex 47.7 187.252 0
      vertex 48.005 187.402 0
    endloop
  endfacet
  facet normal 0.896884 -0.442267 0
    outer loop
      vertex 46.5979 185.995 48
      vertex 46.7483 186.3 0
      vertex 46.7483 186.3 48
    endloop
  endfacet
  facet normal 0.896884 -0.442267 0
    outer loop
      vertex 46.7483 186.3 0
      vertex 46.5979 185.995 48
      vertex 46.5979 185.995 0
    endloop
  endfacet
  facet normal 0.831598 -0.555378 0
    outer loop
      vertex 46.7483 186.3 48
      vertex 46.9373 186.583 0
      vertex 46.9373 186.583 48
    endloop
  endfacet
  facet normal 0.831598 -0.555378 0
    outer loop
      vertex 46.9373 186.583 0
      vertex 46.7483 186.3 48
      vertex 46.7483 186.3 0
    endloop
  endfacet
  facet normal 0.55565 0.831417 -0
    outer loop
      vertex 47.7 182.748 0
      vertex 47.4172 182.937 48
      vertex 47.7 182.748 48
    endloop
  endfacet
  facet normal 0.55565 0.831417 0
    outer loop
      vertex 47.4172 182.937 48
      vertex 47.7 182.748 0
      vertex 47.4172 182.937 0
    endloop
  endfacet
  facet normal 0 0 -1
    outer loop
      vertex 50.45 185 48
      vertex 51.6 185 48
      vertex 51.5778 184.661 48
    endloop
  endfacet
  facet normal 0 0 -1
    outer loop
      vertex 50.4376 184.811 48
      vertex 51.5778 184.661 48
      vertex 51.5114 184.327 48
    endloop
  endfacet
  facet normal 0 0 -1
    outer loop
      vertex 51.6 185 48
      vertex 50.45 185 48
      vertex 51.5778 185.339 48
    endloop
  endfacet
  facet normal 0 0 -1
    outer loop
      vertex 50.4006 184.625 48
      vertex 51.5114 184.327 48
      vertex 51.4021 184.005 48
    endloop
  endfacet
  facet normal 0 0 -1
    outer loop
      vertex 50.4376 185.189 48
      vertex 51.5778 185.339 48
      vertex 50.45 185 48
    endloop
  endfacet
  facet normal 0 0 -1
    outer loop
      vertex 50.3396 184.445 48
      vertex 51.4021 184.005 48
      vertex 51.2517 183.7 48
    endloop
  endfacet
  facet normal -0 0 -1
    outer loop
      vertex 51.5778 185.339 48
      vertex 50.4376 185.189 48
      vertex 51.5114 185.673 48
    endloop
  endfacet
  facet normal 0 0 -1
    outer loop
      vertex 50.2557 184.275 48
      vertex 51.2517 183.7 48
      vertex 51.0627 183.417 48
    endloop
  endfacet
  facet normal 0 0 -1
    outer loop
      vertex 50.4006 185.375 48
      vertex 51.5114 185.673 48
      vertex 50.4376 185.189 48
    endloop
  endfacet
  facet normal 0 0 -1
    outer loop
      vertex 50.1504 184.117 48
      vertex 51.0627 183.417 48
      vertex 50.8385 183.162 48
    endloop
  endfacet
  facet normal -0 0 -1
    outer loop
      vertex 51.5114 185.673 48
      vertex 50.4006 185.375 48
      vertex 51.4021 185.995 48
    endloop
  endfacet
  facet normal 0 0 -1
    outer loop
      vertex 50.0253 183.975 48
      vertex 50.8385 183.162 48
      vertex 50.5828 182.937 48
    endloop
  endfacet
  facet normal 0 0 -1
    outer loop
      vertex 50.3396 185.555 48
      vertex 51.4021 185.995 48
      vertex 50.4006 185.375 48
    endloop
  endfacet
  facet normal -0 0 -1
    outer loop
      vertex 51.4021 185.995 48
      vertex 50.3396 185.555 48
      vertex 51.2517 186.3 48
    endloop
  endfacet
  facet normal 0 0 -1
    outer loop
      vertex 51.5778 184.661 48
      vertex 50.4376 184.811 48
      vertex 50.45 185 48
    endloop
  endfacet
  facet normal 0 0 -1
    outer loop
      vertex 51.5114 184.327 48
      vertex 50.4006 184.625 48
      vertex 50.4376 184.811 48
    endloop
  endfacet
  facet normal 0 0 -1
    outer loop
      vertex 51.4021 184.005 48
      vertex 50.3396 184.445 48
      vertex 50.4006 184.625 48
    endloop
  endfacet
  facet normal 0 0 -1
    outer loop
      vertex 49.8827 183.85 48
      vertex 50.5828 182.937 48
      vertex 50.3 182.748 48
    endloop
  endfacet
  facet normal 0 0 -1
    outer loop
      vertex 51.2517 183.7 48
      vertex 50.2557 184.275 48
      vertex 50.3396 184.445 48
    endloop
  endfacet
  facet normal 0 0 -1
    outer loop
      vertex 51.0627 183.417 48
      vertex 50.1504 184.117 48
      vertex 50.2557 184.275 48
    endloop
  endfacet
  facet normal 0 0 -1
    outer loop
      vertex 50.8385 183.162 48
      vertex 50.0253 183.975 48
      vertex 50.1504 184.117 48
    endloop
  endfacet
  facet normal 0 0 -1
    outer loop
      vertex 49.725 183.744 48
      vertex 50.3 182.748 48
      vertex 49.995 182.598 48
    endloop
  endfacet
  facet normal 0 0 -1
    outer loop
      vertex 50.5828 182.937 48
      vertex 49.8827 183.85 48
      vertex 50.0253 183.975 48
    endloop
  endfacet
  facet normal 0 0 -1
    outer loop
      vertex 50.3 182.748 48
      vertex 49.725 183.744 48
      vertex 49.8827 183.85 48
    endloop
  endfacet
  facet normal 0 0 -1
    outer loop
      vertex 49.5549 183.66 48
      vertex 49.995 182.598 48
      vertex 49.6729 182.489 48
    endloop
  endfacet
  facet normal 0 0 -1
    outer loop
      vertex 49.995 182.598 48
      vertex 49.5549 183.66 48
      vertex 49.725 183.744 48
    endloop
  endfacet
  facet normal 0 0 -1
    outer loop
      vertex 49.6729 182.489 48
      vertex 49.3753 183.599 48
      vertex 49.5549 183.66 48
    endloop
  endfacet
  facet normal 0 0 -1
    outer loop
      vertex 49.3394 182.422 48
      vertex 49.3753 183.599 48
      vertex 49.6729 182.489 48
    endloop
  endfacet
  facet normal 0 0 -1
    outer loop
      vertex 49.3394 182.422 48
      vertex 49.1893 183.562 48
      vertex 49.3753 183.599 48
    endloop
  endfacet
  facet normal 0 0 -1
    outer loop
      vertex 49 182.4 48
      vertex 49.1893 183.562 48
      vertex 49.3394 182.422 48
    endloop
  endfacet
  facet normal 0 0 -1
    outer loop
      vertex 49 182.4 48
      vertex 49 183.55 48
      vertex 49.1893 183.562 48
    endloop
  endfacet
  facet normal 0 0 -1
    outer loop
      vertex 49 182.4 48
      vertex 48.8107 183.562 48
      vertex 49 183.55 48
    endloop
  endfacet
  facet normal 0 0 -1
    outer loop
      vertex 48.6606 182.422 48
      vertex 48.8107 183.562 48
      vertex 49 182.4 48
    endloop
  endfacet
  facet normal 0 0 -1
    outer loop
      vertex 48.6606 182.422 48
      vertex 48.6247 183.599 48
      vertex 48.8107 183.562 48
    endloop
  endfacet
  facet normal 0 0 -1
    outer loop
      vertex 48.3271 182.489 48
      vertex 48.6247 183.599 48
      vertex 48.6606 182.422 48
    endloop
  endfacet
  facet normal -0 0 -1
    outer loop
      vertex 48.6247 183.599 48
      vertex 48.3271 182.489 48
      vertex 48.4451 183.66 48
    endloop
  endfacet
  facet normal 0 0 -1
    outer loop
      vertex 48.005 182.598 48
      vertex 48.4451 183.66 48
      vertex 48.3271 182.489 48
    endloop
  endfacet
  facet normal -0 0 -1
    outer loop
      vertex 48.4451 183.66 48
      vertex 48.005 182.598 48
      vertex 48.275 183.744 48
    endloop
  endfacet
  facet normal 0 0 -1
    outer loop
      vertex 47.7 182.748 48
      vertex 48.275 183.744 48
      vertex 48.005 182.598 48
    endloop
  endfacet
  facet normal -0 0 -1
    outer loop
      vertex 48.275 183.744 48
      vertex 47.7 182.748 48
      vertex 48.1173 183.85 48
    endloop
  endfacet
  facet normal 0 0 -1
    outer loop
      vertex 47.4172 182.937 48
      vertex 48.1173 183.85 48
      vertex 47.7 182.748 48
    endloop
  endfacet
  facet normal -0 0 -1
    outer loop
      vertex 48.1173 183.85 48
      vertex 47.4172 182.937 48
      vertex 47.9747 183.975 48
    endloop
  endfacet
  facet normal 0 0 -1
    outer loop
      vertex 47.1615 183.162 48
      vertex 47.9747 183.975 48
      vertex 47.4172 182.937 48
    endloop
  endfacet
  facet normal -0 0 -1
    outer loop
      vertex 47.9747 183.975 48
      vertex 47.1615 183.162 48
      vertex 47.8496 184.117 48
    endloop
  endfacet
  facet normal 0 0 -1
    outer loop
      vertex 46.9373 183.417 48
      vertex 47.8496 184.117 48
      vertex 47.1615 183.162 48
    endloop
  endfacet
  facet normal -0 0 -1
    outer loop
      vertex 47.8496 184.117 48
      vertex 46.9373 183.417 48
      vertex 47.7443 184.275 48
    endloop
  endfacet
  facet normal -0 0 -1
    outer loop
      vertex 47.7443 184.275 48
      vertex 46.7483 183.7 48
      vertex 47.6604 184.445 48
    endloop
  endfacet
  facet normal 0 0 -1
    outer loop
      vertex 46.7483 183.7 48
      vertex 47.7443 184.275 48
      vertex 46.9373 183.417 48
    endloop
  endfacet
  facet normal 0 0 -1
    outer loop
      vertex 50.2557 185.725 48
      vertex 51.2517 186.3 48
      vertex 50.3396 185.555 48
    endloop
  endfacet
  facet normal -0 0 -1
    outer loop
      vertex 51.2517 186.3 48
      vertex 50.2557 185.725 48
      vertex 51.0627 186.583 48
    endloop
  endfacet
  facet normal 0 0 -1
    outer loop
      vertex 50.1504 185.883 48
      vertex 51.0627 186.583 48
      vertex 50.2557 185.725 48
    endloop
  endfacet
  facet normal -0 0 -1
    outer loop
      vertex 51.0627 186.583 48
      vertex 50.1504 185.883 48
      vertex 50.8385 186.838 48
    endloop
  endfacet
  facet normal 0 0 -1
    outer loop
      vertex 50.0253 186.025 48
      vertex 50.8385 186.838 48
      vertex 50.1504 185.883 48
    endloop
  endfacet
  facet normal -0 0 -1
    outer loop
      vertex 50.8385 186.838 48
      vertex 50.0253 186.025 48
      vertex 50.5828 187.063 48
    endloop
  endfacet
  facet normal 0 0 -1
    outer loop
      vertex 49.8827 186.15 48
      vertex 50.5828 187.063 48
      vertex 50.0253 186.025 48
    endloop
  endfacet
  facet normal -0 0 -1
    outer loop
      vertex 50.5828 187.063 48
      vertex 49.8827 186.15 48
      vertex 50.3 187.252 48
    endloop
  endfacet
  facet normal 0 0 -1
    outer loop
      vertex 49.725 186.256 48
      vertex 50.3 187.252 48
      vertex 49.8827 186.15 48
    endloop
  endfacet
  facet normal -0 0 -1
    outer loop
      vertex 50.3 187.252 48
      vertex 49.725 186.256 48
      vertex 49.995 187.402 48
    endloop
  endfacet
  facet normal 0 0 -1
    outer loop
      vertex 49.5549 186.34 48
      vertex 49.995 187.402 48
      vertex 49.725 186.256 48
    endloop
  endfacet
  facet normal -0 0 -1
    outer loop
      vertex 49.995 187.402 48
      vertex 49.5549 186.34 48
      vertex 49.6729 187.511 48
    endloop
  endfacet
  facet normal 0 0 -1
    outer loop
      vertex 49.3753 186.401 48
      vertex 49.6729 187.511 48
      vertex 49.5549 186.34 48
    endloop
  endfacet
  facet normal 0 0 -1
    outer loop
      vertex 49.3753 186.401 48
      vertex 49.3394 187.578 48
      vertex 49.6729 187.511 48
    endloop
  endfacet
  facet normal 0 0 -1
    outer loop
      vertex 49.1893 186.438 48
      vertex 49.3394 187.578 48
      vertex 49.3753 186.401 48
    endloop
  endfacet
  facet normal 0 0 -1
    outer loop
      vertex 49 186.45 48
      vertex 49.3394 187.578 48
      vertex 49.1893 186.438 48
    endloop
  endfacet
  facet normal 0 0 -1
    outer loop
      vertex 49 186.45 48
      vertex 49 187.6 48
      vertex 49.3394 187.578 48
    endloop
  endfacet
  facet normal 0 0 -1
    outer loop
      vertex 48.8107 186.438 48
      vertex 49 187.6 48
      vertex 49 186.45 48
    endloop
  endfacet
  facet normal 0 0 -1
    outer loop
      vertex 48.8107 186.438 48
      vertex 48.6606 187.578 48
      vertex 49 187.6 48
    endloop
  endfacet
  facet normal 0 0 -1
    outer loop
      vertex 48.6247 186.401 48
      vertex 48.6606 187.578 48
      vertex 48.8107 186.438 48
    endloop
  endfacet
  facet normal 0 0 -1
    outer loop
      vertex 48.3271 187.511 48
      vertex 48.6247 186.401 48
      vertex 48.4451 186.34 48
    endloop
  endfacet
  facet normal 0 0 -1
    outer loop
      vertex 48.6247 186.401 48
      vertex 48.3271 187.511 48
      vertex 48.6606 187.578 48
    endloop
  endfacet
  facet normal 0 0 -1
    outer loop
      vertex 48.005 187.402 48
      vertex 48.4451 186.34 48
      vertex 48.275 186.256 48
    endloop
  endfacet
  facet normal 0 0 -1
    outer loop
      vertex 47.7 187.252 48
      vertex 48.275 186.256 48
      vertex 48.1173 186.15 48
    endloop
  endfacet
  facet normal 0 0 -1
    outer loop
      vertex 48.4451 186.34 48
      vertex 48.005 187.402 48
      vertex 48.3271 187.511 48
    endloop
  endfacet
  facet normal 0 0 -1
    outer loop
      vertex 47.4172 187.063 48
      vertex 48.1173 186.15 48
      vertex 47.9747 186.025 48
    endloop
  endfacet
  facet normal 0 0 -1
    outer loop
      vertex 47.1615 186.838 48
      vertex 47.9747 186.025 48
      vertex 47.8496 185.883 48
    endloop
  endfacet
  facet normal 0 0 -1
    outer loop
      vertex 46.9373 186.583 48
      vertex 47.8496 185.883 48
      vertex 47.7443 185.725 48
    endloop
  endfacet
  facet normal 0 0 -1
    outer loop
      vertex 48.275 186.256 48
      vertex 47.7 187.252 48
      vertex 48.005 187.402 48
    endloop
  endfacet
  facet normal 0 0 -1
    outer loop
      vertex 46.7483 186.3 48
      vertex 47.7443 185.725 48
      vertex 47.6604 185.555 48
    endloop
  endfacet
  facet normal 0 0 -1
    outer loop
      vertex 46.5979 185.995 48
      vertex 47.6604 185.555 48
      vertex 47.5994 185.375 48
    endloop
  endfacet
  facet normal 0 0 -1
    outer loop
      vertex 46.4886 185.673 48
      vertex 47.5994 185.375 48
      vertex 47.5624 185.189 48
    endloop
  endfacet
  facet normal 0 0 -1
    outer loop
      vertex 48.1173 186.15 48
      vertex 47.4172 187.063 48
      vertex 47.7 187.252 48
    endloop
  endfacet
  facet normal 0 0 -1
    outer loop
      vertex 46.4222 185.339 48
      vertex 47.5624 185.189 48
      vertex 47.55 185 48
    endloop
  endfacet
  facet normal 0 0 -1
    outer loop
      vertex 46.5979 184.005 48
      vertex 47.6604 184.445 48
      vertex 46.7483 183.7 48
    endloop
  endfacet
  facet normal -0 0 -1
    outer loop
      vertex 47.6604 184.445 48
      vertex 46.5979 184.005 48
      vertex 47.5994 184.625 48
    endloop
  endfacet
  facet normal 0 0 -1
    outer loop
      vertex 47.9747 186.025 48
      vertex 47.1615 186.838 48
      vertex 47.4172 187.063 48
    endloop
  endfacet
  facet normal 0 0 -1
    outer loop
      vertex 46.4886 184.327 48
      vertex 47.5994 184.625 48
      vertex 46.5979 184.005 48
    endloop
  endfacet
  facet normal 0 0 -1
    outer loop
      vertex 47.8496 185.883 48
      vertex 46.9373 186.583 48
      vertex 47.1615 186.838 48
    endloop
  endfacet
  facet normal -0 0 -1
    outer loop
      vertex 47.5994 184.625 48
      vertex 46.4886 184.327 48
      vertex 47.5624 184.811 48
    endloop
  endfacet
  facet normal 0 0 -1
    outer loop
      vertex 47.7443 185.725 48
      vertex 46.7483 186.3 48
      vertex 46.9373 186.583 48
    endloop
  endfacet
  facet normal 0 0 -1
    outer loop
      vertex 46.4222 184.661 48
      vertex 47.5624 184.811 48
      vertex 46.4886 184.327 48
    endloop
  endfacet
  facet normal 0 0 -1
    outer loop
      vertex 47.6604 185.555 48
      vertex 46.5979 185.995 48
      vertex 46.7483 186.3 48
    endloop
  endfacet
  facet normal -0 0 -1
    outer loop
      vertex 47.5624 184.811 48
      vertex 46.4222 184.661 48
      vertex 47.55 185 48
    endloop
  endfacet
  facet normal 0 0 -1
    outer loop
      vertex 47.5994 185.375 48
      vertex 46.4886 185.673 48
      vertex 46.5979 185.995 48
    endloop
  endfacet
  facet normal 0 0 -1
    outer loop
      vertex 46.4 185 48
      vertex 47.55 185 48
      vertex 46.4222 184.661 48
    endloop
  endfacet
  facet normal 0 0 -1
    outer loop
      vertex 47.5624 185.189 48
      vertex 46.4222 185.339 48
      vertex 46.4886 185.673 48
    endloop
  endfacet
  facet normal 0 0 -1
    outer loop
      vertex 47.55 185 48
      vertex 46.4 185 48
      vertex 46.4222 185.339 48
    endloop
  endfacet
  facet normal -0.980783 -0.195102 0
    outer loop
      vertex 90.4376 185.189 48
      vertex 90.4006 185.375 52
      vertex 90.4006 185.375 48
    endloop
  endfacet
  facet normal -0.980783 -0.195102 0
    outer loop
      vertex 90.4006 185.375 52
      vertex 90.4376 185.189 48
      vertex 90.4376 185.189 52
    endloop
  endfacet
  facet normal -0.997855 -0.0654677 0
    outer loop
      vertex 90.45 185 48
      vertex 90.4376 185.189 52
      vertex 90.4376 185.189 48
    endloop
  endfacet
  facet normal -0.997855 -0.0654677 0
    outer loop
      vertex 90.4376 185.189 52
      vertex 90.45 185 48
      vertex 90.45 185 52
    endloop
  endfacet
  facet normal -0.3216 0.946876 0
    outer loop
      vertex 89.5549 183.66 48
      vertex 89.3753 183.599 52
      vertex 89.5549 183.66 52
    endloop
  endfacet
  facet normal -0.3216 0.946876 0
    outer loop
      vertex 89.3753 183.599 52
      vertex 89.5549 183.66 48
      vertex 89.3753 183.599 48
    endloop
  endfacet
  facet normal -0.832131 -0.554579 0
    outer loop
      vertex 90.2557 185.725 48
      vertex 90.1504 185.883 52
      vertex 90.1504 185.883 48
    endloop
  endfacet
  facet normal -0.832131 -0.554579 0
    outer loop
      vertex 90.1504 185.883 52
      vertex 90.2557 185.725 48
      vertex 90.2557 185.725 52
    endloop
  endfacet
  facet normal 0.896736 -0.442566 0
    outer loop
      vertex 87.6604 185.555 52
      vertex 87.7443 185.725 48
      vertex 87.7443 185.725 52
    endloop
  endfacet
  facet normal 0.896736 -0.442566 0
    outer loop
      vertex 87.7443 185.725 48
      vertex 87.6604 185.555 52
      vertex 87.6604 185.555 48
    endloop
  endfacet
  facet normal 0.557854 -0.829939 0
    outer loop
      vertex 88.1173 186.15 48
      vertex 88.275 186.256 52
      vertex 88.1173 186.15 52
    endloop
  endfacet
  facet normal 0.557854 -0.829939 0
    outer loop
      vertex 88.275 186.256 52
      vertex 88.1173 186.15 48
      vertex 88.275 186.256 48
    endloop
  endfacet
  facet normal 0.659176 -0.751988 0
    outer loop
      vertex 87.9747 186.025 48
      vertex 88.1173 186.15 52
      vertex 87.9747 186.025 52
    endloop
  endfacet
  facet normal 0.659176 -0.751988 0
    outer loop
      vertex 88.1173 186.15 52
      vertex 87.9747 186.025 48
      vertex 88.1173 186.15 48
    endloop
  endfacet
  facet normal 0.750347 -0.661045 0
    outer loop
      vertex 87.8496 185.883 52
      vertex 87.9747 186.025 48
      vertex 87.9747 186.025 52
    endloop
  endfacet
  facet normal 0.750347 -0.661045 0
    outer loop
      vertex 87.9747 186.025 48
      vertex 87.8496 185.883 52
      vertex 87.8496 185.883 48
    endloop
  endfacet
  facet normal -0.947093 0.320959 0
    outer loop
      vertex 90.3396 184.445 48
      vertex 90.4006 184.625 52
      vertex 90.4006 184.625 48
    endloop
  endfacet
  facet normal -0.947093 0.320959 0
    outer loop
      vertex 90.4006 184.625 52
      vertex 90.3396 184.445 48
      vertex 90.3396 184.445 52
    endloop
  endfacet
  facet normal 0.997855 -0.0654677 0
    outer loop
      vertex 87.55 185 52
      vertex 87.5624 185.189 48
      vertex 87.5624 185.189 52
    endloop
  endfacet
  facet normal 0.997855 -0.0654677 0
    outer loop
      vertex 87.5624 185.189 48
      vertex 87.55 185 52
      vertex 87.55 185 48
    endloop
  endfacet
  facet normal -0.557854 -0.829939 0
    outer loop
      vertex 89.725 186.256 48
      vertex 89.8827 186.15 52
      vertex 89.725 186.256 52
    endloop
  endfacet
  facet normal -0.557854 -0.829939 -0
    outer loop
      vertex 89.8827 186.15 52
      vertex 89.725 186.256 48
      vertex 89.8827 186.15 48
    endloop
  endfacet
  facet normal 0.3216 0.946876 -0
    outer loop
      vertex 88.6247 183.599 48
      vertex 88.4451 183.66 52
      vertex 88.6247 183.599 52
    endloop
  endfacet
  facet normal 0.3216 0.946876 0
    outer loop
      vertex 88.4451 183.66 52
      vertex 88.6247 183.599 48
      vertex 88.4451 183.66 48
    endloop
  endfacet
  facet normal -0.195102 0.980783 0
    outer loop
      vertex 89.3753 183.599 48
      vertex 89.1893 183.562 52
      vertex 89.3753 183.599 52
    endloop
  endfacet
  facet normal -0.195102 0.980783 0
    outer loop
      vertex 89.1893 183.562 52
      vertex 89.3753 183.599 48
      vertex 89.1893 183.562 48
    endloop
  endfacet
  facet normal 0.3216 -0.946876 0
    outer loop
      vertex 88.4451 186.34 48
      vertex 88.6247 186.401 52
      vertex 88.4451 186.34 52
    endloop
  endfacet
  facet normal 0.3216 -0.946876 0
    outer loop
      vertex 88.6247 186.401 52
      vertex 88.4451 186.34 48
      vertex 88.6247 186.401 48
    endloop
  endfacet
  facet normal 0.832131 0.554579 0
    outer loop
      vertex 87.8496 184.117 52
      vertex 87.7443 184.275 48
      vertex 87.7443 184.275 52
    endloop
  endfacet
  facet normal 0.832131 0.554579 0
    outer loop
      vertex 87.7443 184.275 48
      vertex 87.8496 184.117 52
      vertex 87.8496 184.117 48
    endloop
  endfacet
  facet normal -0.557854 0.829939 0
    outer loop
      vertex 89.8827 183.85 48
      vertex 89.725 183.744 52
      vertex 89.8827 183.85 52
    endloop
  endfacet
  facet normal -0.557854 0.829939 0
    outer loop
      vertex 89.725 183.744 52
      vertex 89.8827 183.85 48
      vertex 89.725 183.744 48
    endloop
  endfacet
  facet normal 0.947093 -0.320959 0
    outer loop
      vertex 87.5994 185.375 52
      vertex 87.6604 185.555 48
      vertex 87.6604 185.555 52
    endloop
  endfacet
  facet normal 0.947093 -0.320959 0
    outer loop
      vertex 87.6604 185.555 48
      vertex 87.5994 185.375 52
      vertex 87.5994 185.375 48
    endloop
  endfacet
  facet normal -0.3216 -0.946876 0
    outer loop
      vertex 89.3753 186.401 48
      vertex 89.5549 186.34 52
      vertex 89.3753 186.401 52
    endloop
  endfacet
  facet normal -0.3216 -0.946876 -0
    outer loop
      vertex 89.5549 186.34 52
      vertex 89.3753 186.401 48
      vertex 89.5549 186.34 48
    endloop
  endfacet
  facet normal -0.0632645 -0.997997 0
    outer loop
      vertex 89 186.45 48
      vertex 89.1893 186.438 52
      vertex 89 186.45 52
    endloop
  endfacet
  facet normal -0.0632645 -0.997997 -0
    outer loop
      vertex 89.1893 186.438 52
      vertex 89 186.45 48
      vertex 89.1893 186.438 48
    endloop
  endfacet
  facet normal 0.44278 -0.89663 0
    outer loop
      vertex 88.275 186.256 48
      vertex 88.4451 186.34 52
      vertex 88.275 186.256 52
    endloop
  endfacet
  facet normal 0.44278 -0.89663 0
    outer loop
      vertex 88.4451 186.34 52
      vertex 88.275 186.256 48
      vertex 88.4451 186.34 48
    endloop
  endfacet
  facet normal -0.832131 0.554579 0
    outer loop
      vertex 90.1504 184.117 48
      vertex 90.2557 184.275 52
      vertex 90.2557 184.275 48
    endloop
  endfacet
  facet normal -0.832131 0.554579 0
    outer loop
      vertex 90.2557 184.275 52
      vertex 90.1504 184.117 48
      vertex 90.1504 184.117 52
    endloop
  endfacet
  facet normal 0.997855 0.0654677 0
    outer loop
      vertex 87.5624 184.811 52
      vertex 87.55 185 48
      vertex 87.55 185 52
    endloop
  endfacet
  facet normal 0.997855 0.0654677 0
    outer loop
      vertex 87.55 185 48
      vertex 87.5624 184.811 52
      vertex 87.5624 184.811 48
    endloop
  endfacet
  facet normal 0.947093 0.320959 0
    outer loop
      vertex 87.6604 184.445 52
      vertex 87.5994 184.625 48
      vertex 87.5994 184.625 52
    endloop
  endfacet
  facet normal 0.947093 0.320959 0
    outer loop
      vertex 87.5994 184.625 48
      vertex 87.6604 184.445 52
      vertex 87.6604 184.445 48
    endloop
  endfacet
  facet normal 0.659176 0.751988 -0
    outer loop
      vertex 88.1173 183.85 48
      vertex 87.9747 183.975 52
      vertex 88.1173 183.85 52
    endloop
  endfacet
  facet normal 0.659176 0.751988 0
    outer loop
      vertex 87.9747 183.975 52
      vertex 88.1173 183.85 48
      vertex 87.9747 183.975 48
    endloop
  endfacet
  facet normal -0.44278 -0.89663 0
    outer loop
      vertex 89.5549 186.34 48
      vertex 89.725 186.256 52
      vertex 89.5549 186.34 52
    endloop
  endfacet
  facet normal -0.44278 -0.89663 -0
    outer loop
      vertex 89.725 186.256 52
      vertex 89.5549 186.34 48
      vertex 89.725 186.256 48
    endloop
  endfacet
  facet normal 0.195102 -0.980783 0
    outer loop
      vertex 88.6247 186.401 48
      vertex 88.8107 186.438 52
      vertex 88.6247 186.401 52
    endloop
  endfacet
  facet normal 0.195102 -0.980783 0
    outer loop
      vertex 88.8107 186.438 52
      vertex 88.6247 186.401 48
      vertex 88.8107 186.438 48
    endloop
  endfacet
  facet normal -0.750347 -0.661045 0
    outer loop
      vertex 90.1504 185.883 48
      vertex 90.0253 186.025 52
      vertex 90.0253 186.025 48
    endloop
  endfacet
  facet normal -0.750347 -0.661045 0
    outer loop
      vertex 90.0253 186.025 52
      vertex 90.1504 185.883 48
      vertex 90.1504 185.883 52
    endloop
  endfacet
  facet normal -0.195102 -0.980783 0
    outer loop
      vertex 89.1893 186.438 48
      vertex 89.3753 186.401 52
      vertex 89.1893 186.438 52
    endloop
  endfacet
  facet normal -0.195102 -0.980783 -0
    outer loop
      vertex 89.3753 186.401 52
      vertex 89.1893 186.438 48
      vertex 89.3753 186.401 48
    endloop
  endfacet
  facet normal -0.750347 0.661045 0
    outer loop
      vertex 90.0253 183.975 48
      vertex 90.1504 184.117 52
      vertex 90.1504 184.117 48
    endloop
  endfacet
  facet normal -0.750347 0.661045 0
    outer loop
      vertex 90.1504 184.117 52
      vertex 90.0253 183.975 48
      vertex 90.0253 183.975 52
    endloop
  endfacet
  facet normal 0.44278 0.89663 -0
    outer loop
      vertex 88.4451 183.66 48
      vertex 88.275 183.744 52
      vertex 88.4451 183.66 52
    endloop
  endfacet
  facet normal 0.44278 0.89663 0
    outer loop
      vertex 88.275 183.744 52
      vertex 88.4451 183.66 48
      vertex 88.275 183.744 48
    endloop
  endfacet
  facet normal 0.0632645 -0.997997 0
    outer loop
      vertex 88.8107 186.438 48
      vertex 89 186.45 52
      vertex 88.8107 186.438 52
    endloop
  endfacet
  facet normal 0.0632645 -0.997997 0
    outer loop
      vertex 89 186.45 52
      vertex 88.8107 186.438 48
      vertex 89 186.45 48
    endloop
  endfacet
  facet normal 0.980783 -0.195102 0
    outer loop
      vertex 87.5624 185.189 52
      vertex 87.5994 185.375 48
      vertex 87.5994 185.375 52
    endloop
  endfacet
  facet normal 0.980783 -0.195102 0
    outer loop
      vertex 87.5994 185.375 48
      vertex 87.5624 185.189 52
      vertex 87.5624 185.189 48
    endloop
  endfacet
  facet normal -0.0632645 0.997997 0
    outer loop
      vertex 89.1893 183.562 48
      vertex 89 183.55 52
      vertex 89.1893 183.562 52
    endloop
  endfacet
  facet normal -0.0632645 0.997997 0
    outer loop
      vertex 89 183.55 52
      vertex 89.1893 183.562 48
      vertex 89 183.55 48
    endloop
  endfacet
  facet normal -0.44278 0.89663 0
    outer loop
      vertex 89.725 183.744 48
      vertex 89.5549 183.66 52
      vertex 89.725 183.744 52
    endloop
  endfacet
  facet normal -0.44278 0.89663 0
    outer loop
      vertex 89.5549 183.66 52
      vertex 89.725 183.744 48
      vertex 89.5549 183.66 48
    endloop
  endfacet
  facet normal -0.659176 0.751988 0
    outer loop
      vertex 90.0253 183.975 48
      vertex 89.8827 183.85 52
      vertex 90.0253 183.975 52
    endloop
  endfacet
  facet normal -0.659176 0.751988 0
    outer loop
      vertex 89.8827 183.85 52
      vertex 90.0253 183.975 48
      vertex 89.8827 183.85 48
    endloop
  endfacet
  facet normal 0.896736 0.442566 0
    outer loop
      vertex 87.7443 184.275 52
      vertex 87.6604 184.445 48
      vertex 87.6604 184.445 52
    endloop
  endfacet
  facet normal 0.896736 0.442566 0
    outer loop
      vertex 87.6604 184.445 48
      vertex 87.7443 184.275 52
      vertex 87.7443 184.275 48
    endloop
  endfacet
  facet normal -0.896736 0.442566 0
    outer loop
      vertex 90.2557 184.275 48
      vertex 90.3396 184.445 52
      vertex 90.3396 184.445 48
    endloop
  endfacet
  facet normal -0.896736 0.442566 0
    outer loop
      vertex 90.3396 184.445 52
      vertex 90.2557 184.275 48
      vertex 90.2557 184.275 52
    endloop
  endfacet
  facet normal -0.659176 -0.751988 0
    outer loop
      vertex 89.8827 186.15 48
      vertex 90.0253 186.025 52
      vertex 89.8827 186.15 52
    endloop
  endfacet
  facet normal -0.659176 -0.751988 -0
    outer loop
      vertex 90.0253 186.025 52
      vertex 89.8827 186.15 48
      vertex 90.0253 186.025 48
    endloop
  endfacet
  facet normal -0.997855 0.0654677 0
    outer loop
      vertex 90.4376 184.811 48
      vertex 90.45 185 52
      vertex 90.45 185 48
    endloop
  endfacet
  facet normal -0.997855 0.0654677 0
    outer loop
      vertex 90.45 185 52
      vertex 90.4376 184.811 48
      vertex 90.4376 184.811 52
    endloop
  endfacet
  facet normal 0.557854 0.829939 -0
    outer loop
      vertex 88.275 183.744 48
      vertex 88.1173 183.85 52
      vertex 88.275 183.744 52
    endloop
  endfacet
  facet normal 0.557854 0.829939 0
    outer loop
      vertex 88.1173 183.85 52
      vertex 88.275 183.744 48
      vertex 88.1173 183.85 48
    endloop
  endfacet
  facet normal -0.896736 -0.442566 0
    outer loop
      vertex 90.3396 185.555 48
      vertex 90.2557 185.725 52
      vertex 90.2557 185.725 48
    endloop
  endfacet
  facet normal -0.896736 -0.442566 0
    outer loop
      vertex 90.2557 185.725 52
      vertex 90.3396 185.555 48
      vertex 90.3396 185.555 52
    endloop
  endfacet
  facet normal -0.980783 0.195102 0
    outer loop
      vertex 90.4006 184.625 48
      vertex 90.4376 184.811 52
      vertex 90.4376 184.811 48
    endloop
  endfacet
  facet normal -0.980783 0.195102 0
    outer loop
      vertex 90.4376 184.811 52
      vertex 90.4006 184.625 48
      vertex 90.4006 184.625 52
    endloop
  endfacet
  facet normal -0.947093 -0.320959 0
    outer loop
      vertex 90.4006 185.375 48
      vertex 90.3396 185.555 52
      vertex 90.3396 185.555 48
    endloop
  endfacet
  facet normal -0.947093 -0.320959 0
    outer loop
      vertex 90.3396 185.555 52
      vertex 90.4006 185.375 48
      vertex 90.4006 185.375 52
    endloop
  endfacet
  facet normal 0.980783 0.195102 0
    outer loop
      vertex 87.5994 184.625 52
      vertex 87.5624 184.811 48
      vertex 87.5624 184.811 52
    endloop
  endfacet
  facet normal 0.980783 0.195102 0
    outer loop
      vertex 87.5624 184.811 48
      vertex 87.5994 184.625 52
      vertex 87.5994 184.625 48
    endloop
  endfacet
  facet normal 0.750347 0.661045 0
    outer loop
      vertex 87.9747 183.975 52
      vertex 87.8496 184.117 48
      vertex 87.8496 184.117 52
    endloop
  endfacet
  facet normal 0.750347 0.661045 0
    outer loop
      vertex 87.8496 184.117 48
      vertex 87.9747 183.975 52
      vertex 87.9747 183.975 48
    endloop
  endfacet
  facet normal 0.195102 0.980783 -0
    outer loop
      vertex 88.8107 183.562 48
      vertex 88.6247 183.599 52
      vertex 88.8107 183.562 52
    endloop
  endfacet
  facet normal 0.195102 0.980783 0
    outer loop
      vertex 88.6247 183.599 52
      vertex 88.8107 183.562 48
      vertex 88.6247 183.599 48
    endloop
  endfacet
  facet normal 0.832131 -0.554579 0
    outer loop
      vertex 87.7443 185.725 52
      vertex 87.8496 185.883 48
      vertex 87.8496 185.883 52
    endloop
  endfacet
  facet normal 0.832131 -0.554579 0
    outer loop
      vertex 87.8496 185.883 48
      vertex 87.7443 185.725 52
      vertex 87.7443 185.725 48
    endloop
  endfacet
  facet normal 0.0632645 0.997997 -0
    outer loop
      vertex 89 183.55 48
      vertex 88.8107 183.562 52
      vertex 89 183.55 52
    endloop
  endfacet
  facet normal 0.0632645 0.997997 0
    outer loop
      vertex 88.8107 183.562 52
      vertex 89 183.55 48
      vertex 88.8107 183.562 48
    endloop
  endfacet
  facet normal -0.980806 -0.194987 0
    outer loop
      vertex 91.5778 185.339 0
      vertex 91.5114 185.673 48
      vertex 91.5114 185.673 0
    endloop
  endfacet
  facet normal -0.980806 -0.194987 0
    outer loop
      vertex 91.5114 185.673 48
      vertex 91.5778 185.339 0
      vertex 91.5778 185.339 48
    endloop
  endfacet
  facet normal -0.997863 -0.0653468 0
    outer loop
      vertex 91.6 185 0
      vertex 91.5778 185.339 48
      vertex 91.5778 185.339 0
    endloop
  endfacet
  facet normal -0.997863 -0.0653468 0
    outer loop
      vertex 91.5778 185.339 48
      vertex 91.6 185 0
      vertex 91.6 185 48
    endloop
  endfacet
  facet normal -0.946934 -0.321428 0
    outer loop
      vertex 91.5114 185.673 0
      vertex 91.4021 185.995 48
      vertex 91.4021 185.995 0
    endloop
  endfacet
  facet normal -0.946934 -0.321428 0
    outer loop
      vertex 91.4021 185.995 48
      vertex 91.5114 185.673 0
      vertex 91.5114 185.673 48
    endloop
  endfacet
  facet normal 0.660601 -0.750737 0
    outer loop
      vertex 87.1615 186.838 0
      vertex 87.4172 187.063 48
      vertex 87.1615 186.838 48
    endloop
  endfacet
  facet normal 0.660601 -0.750737 0
    outer loop
      vertex 87.4172 187.063 48
      vertex 87.1615 186.838 0
      vertex 87.4172 187.063 0
    endloop
  endfacet
  facet normal -0.0646845 -0.997906 0
    outer loop
      vertex 89 187.6 0
      vertex 89.3394 187.578 48
      vertex 89 187.6 48
    endloop
  endfacet
  facet normal -0.0646845 -0.997906 -0
    outer loop
      vertex 89.3394 187.578 48
      vertex 89 187.6 0
      vertex 89.3394 187.578 0
    endloop
  endfacet
  facet normal 0.946934 -0.321428 0
    outer loop
      vertex 86.4886 185.673 48
      vertex 86.5979 185.995 0
      vertex 86.5979 185.995 48
    endloop
  endfacet
  facet normal 0.946934 -0.321428 0
    outer loop
      vertex 86.5979 185.995 0
      vertex 86.4886 185.673 48
      vertex 86.4886 185.673 0
    endloop
  endfacet
  facet normal -0.980806 0.194987 0
    outer loop
      vertex 91.5114 184.327 0
      vertex 91.5778 184.661 48
      vertex 91.5778 184.661 0
    endloop
  endfacet
  facet normal -0.980806 0.194987 0
    outer loop
      vertex 91.5778 184.661 48
      vertex 91.5114 184.327 0
      vertex 91.5114 184.327 48
    endloop
  endfacet
  facet normal 0.831598 0.555378 0
    outer loop
      vertex 86.9373 183.417 48
      vertex 86.7483 183.7 0
      vertex 86.7483 183.7 48
    endloop
  endfacet
  facet normal 0.831598 0.555378 0
    outer loop
      vertex 86.7483 183.7 0
      vertex 86.9373 183.417 48
      vertex 86.9373 183.417 0
    endloop
  endfacet
  facet normal 0.980806 -0.194987 0
    outer loop
      vertex 86.4222 185.339 48
      vertex 86.4886 185.673 0
      vertex 86.4886 185.673 48
    endloop
  endfacet
  facet normal 0.980806 -0.194987 0
    outer loop
      vertex 86.4886 185.673 0
      vertex 86.4222 185.339 48
      vertex 86.4222 185.339 0
    endloop
  endfacet
  facet normal 0.55565 -0.831417 0
    outer loop
      vertex 87.4172 187.063 0
      vertex 87.7 187.252 48
      vertex 87.4172 187.063 48
    endloop
  endfacet
  facet normal 0.55565 -0.831417 0
    outer loop
      vertex 87.7 187.252 48
      vertex 87.4172 187.063 0
      vertex 87.7 187.252 0
    endloop
  endfacet
  facet normal 0.946934 0.321428 0
    outer loop
      vertex 86.5979 184.005 48
      vertex 86.4886 184.327 0
      vertex 86.4886 184.327 48
    endloop
  endfacet
  facet normal 0.946934 0.321428 0
    outer loop
      vertex 86.4886 184.327 0
      vertex 86.5979 184.005 48
      vertex 86.5979 184.005 0
    endloop
  endfacet
  facet normal 0.980806 0.194987 0
    outer loop
      vertex 86.4886 184.327 48
      vertex 86.4222 184.661 0
      vertex 86.4222 184.661 48
    endloop
  endfacet
  facet normal 0.980806 0.194987 0
    outer loop
      vertex 86.4222 184.661 0
      vertex 86.4886 184.327 48
      vertex 86.4886 184.327 0
    endloop
  endfacet
  facet normal -0.320547 0.947232 0
    outer loop
      vertex 89.995 182.598 0
      vertex 89.6729 182.489 48
      vertex 89.995 182.598 48
    endloop
  endfacet
  facet normal -0.320547 0.947232 0
    outer loop
      vertex 89.6729 182.489 48
      vertex 89.995 182.598 0
      vertex 89.6729 182.489 0
    endloop
  endfacet
  facet normal 0.751006 -0.660296 0
    outer loop
      vertex 86.9373 186.583 48
      vertex 87.1615 186.838 0
      vertex 87.1615 186.838 48
    endloop
  endfacet
  facet normal 0.751006 -0.660296 0
    outer loop
      vertex 87.1615 186.838 0
      vertex 86.9373 186.583 48
      vertex 86.9373 186.583 0
    endloop
  endfacet
  facet normal -0.196964 0.980411 0
    outer loop
      vertex 89.6729 182.489 0
      vertex 89.3394 182.422 48
      vertex 89.6729 182.489 48
    endloop
  endfacet
  facet normal -0.196964 0.980411 0
    outer loop
      vertex 89.3394 182.422 48
      vertex 89.6729 182.489 0
      vertex 89.3394 182.422 0
    endloop
  endfacet
  facet normal 0.320547 -0.947232 0
    outer loop
      vertex 88.005 187.402 0
      vertex 88.3271 187.511 48
      vertex 88.005 187.402 48
    endloop
  endfacet
  facet normal 0.320547 -0.947232 0
    outer loop
      vertex 88.3271 187.511 48
      vertex 88.005 187.402 0
      vertex 88.3271 187.511 0
    endloop
  endfacet
  facet normal -0.896884 -0.442267 0
    outer loop
      vertex 91.4021 185.995 0
      vertex 91.2517 186.3 48
      vertex 91.2517 186.3 0
    endloop
  endfacet
  facet normal -0.896884 -0.442267 0
    outer loop
      vertex 91.2517 186.3 48
      vertex 91.4021 185.995 0
      vertex 91.4021 185.995 48
    endloop
  endfacet
  facet normal 0.997863 0.0653468 0
    outer loop
      vertex 86.4222 184.661 48
      vertex 86.4 185 0
      vertex 86.4 185 48
    endloop
  endfacet
  facet normal 0.997863 0.0653468 0
    outer loop
      vertex 86.4 185 0
      vertex 86.4222 184.661 48
      vertex 86.4222 184.661 0
    endloop
  endfacet
  facet normal 0.0646845 0.997906 -0
    outer loop
      vertex 89 182.4 0
      vertex 88.6606 182.422 48
      vertex 89 182.4 48
    endloop
  endfacet
  facet normal 0.0646845 0.997906 0
    outer loop
      vertex 88.6606 182.422 48
      vertex 89 182.4 0
      vertex 88.6606 182.422 0
    endloop
  endfacet
  facet normal -0.196964 -0.980411 0
    outer loop
      vertex 89.3394 187.578 0
      vertex 89.6729 187.511 48
      vertex 89.3394 187.578 48
    endloop
  endfacet
  facet normal -0.196964 -0.980411 -0
    outer loop
      vertex 89.6729 187.511 48
      vertex 89.3394 187.578 0
      vertex 89.6729 187.511 0
    endloop
  endfacet
  facet normal -0.831598 0.555378 0
    outer loop
      vertex 91.0627 183.417 0
      vertex 91.2517 183.7 48
      vertex 91.2517 183.7 0
    endloop
  endfacet
  facet normal -0.831598 0.555378 0
    outer loop
      vertex 91.2517 183.7 48
      vertex 91.0627 183.417 0
      vertex 91.0627 183.417 48
    endloop
  endfacet
  facet normal 0.751006 0.660296 0
    outer loop
      vertex 87.1615 183.162 48
      vertex 86.9373 183.417 0
      vertex 86.9373 183.417 48
    endloop
  endfacet
  facet normal 0.751006 0.660296 0
    outer loop
      vertex 86.9373 183.417 0
      vertex 87.1615 183.162 48
      vertex 87.1615 183.162 0
    endloop
  endfacet
  facet normal 0.196964 0.980411 -0
    outer loop
      vertex 88.6606 182.422 0
      vertex 88.3271 182.489 48
      vertex 88.6606 182.422 48
    endloop
  endfacet
  facet normal 0.196964 0.980411 0
    outer loop
      vertex 88.3271 182.489 48
      vertex 88.6606 182.422 0
      vertex 88.3271 182.489 0
    endloop
  endfacet
  facet normal -0.55565 -0.831417 0
    outer loop
      vertex 90.3 187.252 0
      vertex 90.5828 187.063 48
      vertex 90.3 187.252 48
    endloop
  endfacet
  facet normal -0.55565 -0.831417 -0
    outer loop
      vertex 90.5828 187.063 48
      vertex 90.3 187.252 0
      vertex 90.5828 187.063 0
    endloop
  endfacet
  facet normal -0.997863 0.0653468 0
    outer loop
      vertex 91.5778 184.661 0
      vertex 91.6 185 48
      vertex 91.6 185 0
    endloop
  endfacet
  facet normal -0.997863 0.0653468 0
    outer loop
      vertex 91.6 185 48
      vertex 91.5778 184.661 0
      vertex 91.5778 184.661 48
    endloop
  endfacet
  facet normal 0.196964 -0.980411 0
    outer loop
      vertex 88.3271 187.511 0
      vertex 88.6606 187.578 48
      vertex 88.3271 187.511 48
    endloop
  endfacet
  facet normal 0.196964 -0.980411 0
    outer loop
      vertex 88.6606 187.578 48
      vertex 88.3271 187.511 0
      vertex 88.6606 187.578 0
    endloop
  endfacet
  facet normal -0.751006 -0.660296 0
    outer loop
      vertex 91.0627 186.583 0
      vertex 90.8385 186.838 48
      vertex 90.8385 186.838 0
    endloop
  endfacet
  facet normal -0.751006 -0.660296 0
    outer loop
      vertex 90.8385 186.838 48
      vertex 91.0627 186.583 0
      vertex 91.0627 186.583 48
    endloop
  endfacet
  facet normal -0.660601 -0.750737 0
    outer loop
      vertex 90.5828 187.063 0
      vertex 90.8385 186.838 48
      vertex 90.5828 187.063 48
    endloop
  endfacet
  facet normal -0.660601 -0.750737 -0
    outer loop
      vertex 90.8385 186.838 48
      vertex 90.5828 187.063 0
      vertex 90.8385 186.838 0
    endloop
  endfacet
  facet normal 0.896884 0.442267 0
    outer loop
      vertex 86.7483 183.7 48
      vertex 86.5979 184.005 0
      vertex 86.5979 184.005 48
    endloop
  endfacet
  facet normal 0.896884 0.442267 0
    outer loop
      vertex 86.5979 184.005 0
      vertex 86.7483 183.7 48
      vertex 86.7483 183.7 0
    endloop
  endfacet
  facet normal 0.320547 0.947232 -0
    outer loop
      vertex 88.3271 182.489 0
      vertex 88.005 182.598 48
      vertex 88.3271 182.489 48
    endloop
  endfacet
  facet normal 0.320547 0.947232 0
    outer loop
      vertex 88.005 182.598 48
      vertex 88.3271 182.489 0
      vertex 88.005 182.598 0
    endloop
  endfacet
  facet normal -0.0646845 0.997906 0
    outer loop
      vertex 89.3394 182.422 0
      vertex 89 182.4 48
      vertex 89.3394 182.422 48
    endloop
  endfacet
  facet normal -0.0646845 0.997906 0
    outer loop
      vertex 89 182.4 48
      vertex 89.3394 182.422 0
      vertex 89 182.4 0
    endloop
  endfacet
  facet normal -0.55565 0.831417 0
    outer loop
      vertex 90.5828 182.937 0
      vertex 90.3 182.748 48
      vertex 90.5828 182.937 48
    endloop
  endfacet
  facet normal -0.55565 0.831417 0
    outer loop
      vertex 90.3 182.748 48
      vertex 90.5828 182.937 0
      vertex 90.3 182.748 0
    endloop
  endfacet
  facet normal -0.946934 0.321428 0
    outer loop
      vertex 91.4021 184.005 0
      vertex 91.5114 184.327 48
      vertex 91.5114 184.327 0
    endloop
  endfacet
  facet normal -0.946934 0.321428 0
    outer loop
      vertex 91.5114 184.327 48
      vertex 91.4021 184.005 0
      vertex 91.4021 184.005 48
    endloop
  endfacet
  facet normal -0.44132 -0.89735 0
    outer loop
      vertex 89.995 187.402 0
      vertex 90.3 187.252 48
      vertex 89.995 187.402 48
    endloop
  endfacet
  facet normal -0.44132 -0.89735 -0
    outer loop
      vertex 90.3 187.252 48
      vertex 89.995 187.402 0
      vertex 90.3 187.252 0
    endloop
  endfacet
  facet normal -0.831598 -0.555378 0
    outer loop
      vertex 91.2517 186.3 0
      vertex 91.0627 186.583 48
      vertex 91.0627 186.583 0
    endloop
  endfacet
  facet normal -0.831598 -0.555378 0
    outer loop
      vertex 91.0627 186.583 48
      vertex 91.2517 186.3 0
      vertex 91.2517 186.3 48
    endloop
  endfacet
  facet normal -0.660601 0.750737 0
    outer loop
      vertex 90.8385 183.162 0
      vertex 90.5828 182.937 48
      vertex 90.8385 183.162 48
    endloop
  endfacet
  facet normal -0.660601 0.750737 0
    outer loop
      vertex 90.5828 182.937 48
      vertex 90.8385 183.162 0
      vertex 90.5828 182.937 0
    endloop
  endfacet
  facet normal -0.751006 0.660296 0
    outer loop
      vertex 90.8385 183.162 0
      vertex 91.0627 183.417 48
      vertex 91.0627 183.417 0
    endloop
  endfacet
  facet normal -0.751006 0.660296 0
    outer loop
      vertex 91.0627 183.417 48
      vertex 90.8385 183.162 0
      vertex 90.8385 183.162 48
    endloop
  endfacet
  facet normal -0.320547 -0.947232 0
    outer loop
      vertex 89.6729 187.511 0
      vertex 89.995 187.402 48
      vertex 89.6729 187.511 48
    endloop
  endfacet
  facet normal -0.320547 -0.947232 -0
    outer loop
      vertex 89.995 187.402 48
      vertex 89.6729 187.511 0
      vertex 89.995 187.402 0
    endloop
  endfacet
  facet normal 0.0646845 -0.997906 0
    outer loop
      vertex 88.6606 187.578 0
      vertex 89 187.6 48
      vertex 88.6606 187.578 48
    endloop
  endfacet
  facet normal 0.0646845 -0.997906 0
    outer loop
      vertex 89 187.6 48
      vertex 88.6606 187.578 0
      vertex 89 187.6 0
    endloop
  endfacet
  facet normal 0.660601 0.750737 -0
    outer loop
      vertex 87.4172 182.937 0
      vertex 87.1615 183.162 48
      vertex 87.4172 182.937 48
    endloop
  endfacet
  facet normal 0.660601 0.750737 0
    outer loop
      vertex 87.1615 183.162 48
      vertex 87.4172 182.937 0
      vertex 87.1615 183.162 0
    endloop
  endfacet
  facet normal -0.896884 0.442267 0
    outer loop
      vertex 91.2517 183.7 0
      vertex 91.4021 184.005 48
      vertex 91.4021 184.005 0
    endloop
  endfacet
  facet normal -0.896884 0.442267 0
    outer loop
      vertex 91.4021 184.005 48
      vertex 91.2517 183.7 0
      vertex 91.2517 183.7 48
    endloop
  endfacet
  facet normal 0.997863 -0.0653468 0
    outer loop
      vertex 86.4 185 48
      vertex 86.4222 185.339 0
      vertex 86.4222 185.339 48
    endloop
  endfacet
  facet normal 0.997863 -0.0653468 0
    outer loop
      vertex 86.4222 185.339 0
      vertex 86.4 185 48
      vertex 86.4 185 0
    endloop
  endfacet
  facet normal -0.44132 0.89735 0
    outer loop
      vertex 90.3 182.748 0
      vertex 89.995 182.598 48
      vertex 90.3 182.748 48
    endloop
  endfacet
  facet normal -0.44132 0.89735 0
    outer loop
      vertex 89.995 182.598 48
      vertex 90.3 182.748 0
      vertex 89.995 182.598 0
    endloop
  endfacet
  facet normal 0.44132 0.89735 -0
    outer loop
      vertex 88.005 182.598 0
      vertex 87.7 182.748 48
      vertex 88.005 182.598 48
    endloop
  endfacet
  facet normal 0.44132 0.89735 0
    outer loop
      vertex 87.7 182.748 48
      vertex 88.005 182.598 0
      vertex 87.7 182.748 0
    endloop
  endfacet
  facet normal 0.44132 -0.89735 0
    outer loop
      vertex 87.7 187.252 0
      vertex 88.005 187.402 48
      vertex 87.7 187.252 48
    endloop
  endfacet
  facet normal 0.44132 -0.89735 0
    outer loop
      vertex 88.005 187.402 48
      vertex 87.7 187.252 0
      vertex 88.005 187.402 0
    endloop
  endfacet
  facet normal 0.896884 -0.442267 0
    outer loop
      vertex 86.5979 185.995 48
      vertex 86.7483 186.3 0
      vertex 86.7483 186.3 48
    endloop
  endfacet
  facet normal 0.896884 -0.442267 0
    outer loop
      vertex 86.7483 186.3 0
      vertex 86.5979 185.995 48
      vertex 86.5979 185.995 0
    endloop
  endfacet
  facet normal 0.831598 -0.555378 0
    outer loop
      vertex 86.7483 186.3 48
      vertex 86.9373 186.583 0
      vertex 86.9373 186.583 48
    endloop
  endfacet
  facet normal 0.831598 -0.555378 0
    outer loop
      vertex 86.9373 186.583 0
      vertex 86.7483 186.3 48
      vertex 86.7483 186.3 0
    endloop
  endfacet
  facet normal 0.55565 0.831417 -0
    outer loop
      vertex 87.7 182.748 0
      vertex 87.4172 182.937 48
      vertex 87.7 182.748 48
    endloop
  endfacet
  facet normal 0.55565 0.831417 0
    outer loop
      vertex 87.4172 182.937 48
      vertex 87.7 182.748 0
      vertex 87.4172 182.937 0
    endloop
  endfacet
  facet normal 0 0 -1
    outer loop
      vertex 90.45 185 48
      vertex 91.6 185 48
      vertex 91.5778 184.661 48
    endloop
  endfacet
  facet normal 0 0 -1
    outer loop
      vertex 90.4376 184.811 48
      vertex 91.5778 184.661 48
      vertex 91.5114 184.327 48
    endloop
  endfacet
  facet normal 0 0 -1
    outer loop
      vertex 91.6 185 48
      vertex 90.45 185 48
      vertex 91.5778 185.339 48
    endloop
  endfacet
  facet normal 0 0 -1
    outer loop
      vertex 90.4006 184.625 48
      vertex 91.5114 184.327 48
      vertex 91.4021 184.005 48
    endloop
  endfacet
  facet normal 0 0 -1
    outer loop
      vertex 90.4376 185.189 48
      vertex 91.5778 185.339 48
      vertex 90.45 185 48
    endloop
  endfacet
  facet normal 0 0 -1
    outer loop
      vertex 90.3396 184.445 48
      vertex 91.4021 184.005 48
      vertex 91.2517 183.7 48
    endloop
  endfacet
  facet normal -0 0 -1
    outer loop
      vertex 91.5778 185.339 48
      vertex 90.4376 185.189 48
      vertex 91.5114 185.673 48
    endloop
  endfacet
  facet normal 0 0 -1
    outer loop
      vertex 90.2557 184.275 48
      vertex 91.2517 183.7 48
      vertex 91.0627 183.417 48
    endloop
  endfacet
  facet normal 0 0 -1
    outer loop
      vertex 90.4006 185.375 48
      vertex 91.5114 185.673 48
      vertex 90.4376 185.189 48
    endloop
  endfacet
  facet normal 0 0 -1
    outer loop
      vertex 90.1504 184.117 48
      vertex 91.0627 183.417 48
      vertex 90.8385 183.162 48
    endloop
  endfacet
  facet normal -0 0 -1
    outer loop
      vertex 91.5114 185.673 48
      vertex 90.4006 185.375 48
      vertex 91.4021 185.995 48
    endloop
  endfacet
  facet normal 0 0 -1
    outer loop
      vertex 90.0253 183.975 48
      vertex 90.8385 183.162 48
      vertex 90.5828 182.937 48
    endloop
  endfacet
  facet normal 0 0 -1
    outer loop
      vertex 90.3396 185.555 48
      vertex 91.4021 185.995 48
      vertex 90.4006 185.375 48
    endloop
  endfacet
  facet normal -0 0 -1
    outer loop
      vertex 91.4021 185.995 48
      vertex 90.3396 185.555 48
      vertex 91.2517 186.3 48
    endloop
  endfacet
  facet normal 0 0 -1
    outer loop
      vertex 91.5778 184.661 48
      vertex 90.4376 184.811 48
      vertex 90.45 185 48
    endloop
  endfacet
  facet normal 0 0 -1
    outer loop
      vertex 91.5114 184.327 48
      vertex 90.4006 184.625 48
      vertex 90.4376 184.811 48
    endloop
  endfacet
  facet normal 0 0 -1
    outer loop
      vertex 91.4021 184.005 48
      vertex 90.3396 184.445 48
      vertex 90.4006 184.625 48
    endloop
  endfacet
  facet normal 0 0 -1
    outer loop
      vertex 89.8827 183.85 48
      vertex 90.5828 182.937 48
      vertex 90.3 182.748 48
    endloop
  endfacet
  facet normal 0 0 -1
    outer loop
      vertex 91.2517 183.7 48
      vertex 90.2557 184.275 48
      vertex 90.3396 184.445 48
    endloop
  endfacet
  facet normal 0 0 -1
    outer loop
      vertex 91.0627 183.417 48
      vertex 90.1504 184.117 48
      vertex 90.2557 184.275 48
    endloop
  endfacet
  facet normal 0 0 -1
    outer loop
      vertex 90.8385 183.162 48
      vertex 90.0253 183.975 48
      vertex 90.1504 184.117 48
    endloop
  endfacet
  facet normal 0 0 -1
    outer loop
      vertex 89.725 183.744 48
      vertex 90.3 182.748 48
      vertex 89.995 182.598 48
    endloop
  endfacet
  facet normal 0 0 -1
    outer loop
      vertex 90.5828 182.937 48
      vertex 89.8827 183.85 48
      vertex 90.0253 183.975 48
    endloop
  endfacet
  facet normal 0 0 -1
    outer loop
      vertex 90.3 182.748 48
      vertex 89.725 183.744 48
      vertex 89.8827 183.85 48
    endloop
  endfacet
  facet normal 0 0 -1
    outer loop
      vertex 89.5549 183.66 48
      vertex 89.995 182.598 48
      vertex 89.6729 182.489 48
    endloop
  endfacet
  facet normal 0 0 -1
    outer loop
      vertex 89.995 182.598 48
      vertex 89.5549 183.66 48
      vertex 89.725 183.744 48
    endloop
  endfacet
  facet normal 0 0 -1
    outer loop
      vertex 89.6729 182.489 48
      vertex 89.3753 183.599 48
      vertex 89.5549 183.66 48
    endloop
  endfacet
  facet normal 0 0 -1
    outer loop
      vertex 89.3394 182.422 48
      vertex 89.3753 183.599 48
      vertex 89.6729 182.489 48
    endloop
  endfacet
  facet normal 0 0 -1
    outer loop
      vertex 89.3394 182.422 48
      vertex 89.1893 183.562 48
      vertex 89.3753 183.599 48
    endloop
  endfacet
  facet normal 0 0 -1
    outer loop
      vertex 89 182.4 48
      vertex 89.1893 183.562 48
      vertex 89.3394 182.422 48
    endloop
  endfacet
  facet normal 0 0 -1
    outer loop
      vertex 89 182.4 48
      vertex 89 183.55 48
      vertex 89.1893 183.562 48
    endloop
  endfacet
  facet normal 0 0 -1
    outer loop
      vertex 89 182.4 48
      vertex 88.8107 183.562 48
      vertex 89 183.55 48
    endloop
  endfacet
  facet normal 0 0 -1
    outer loop
      vertex 88.6606 182.422 48
      vertex 88.8107 183.562 48
      vertex 89 182.4 48
    endloop
  endfacet
  facet normal 0 0 -1
    outer loop
      vertex 88.6606 182.422 48
      vertex 88.6247 183.599 48
      vertex 88.8107 183.562 48
    endloop
  endfacet
  facet normal 0 0 -1
    outer loop
      vertex 88.3271 182.489 48
      vertex 88.6247 183.599 48
      vertex 88.6606 182.422 48
    endloop
  endfacet
  facet normal -0 0 -1
    outer loop
      vertex 88.6247 183.599 48
      vertex 88.3271 182.489 48
      vertex 88.4451 183.66 48
    endloop
  endfacet
  facet normal 0 0 -1
    outer loop
      vertex 88.005 182.598 48
      vertex 88.4451 183.66 48
      vertex 88.3271 182.489 48
    endloop
  endfacet
  facet normal -0 0 -1
    outer loop
      vertex 88.4451 183.66 48
      vertex 88.005 182.598 48
      vertex 88.275 183.744 48
    endloop
  endfacet
  facet normal 0 0 -1
    outer loop
      vertex 87.7 182.748 48
      vertex 88.275 183.744 48
      vertex 88.005 182.598 48
    endloop
  endfacet
  facet normal -0 0 -1
    outer loop
      vertex 88.275 183.744 48
      vertex 87.7 182.748 48
      vertex 88.1173 183.85 48
    endloop
  endfacet
  facet normal 0 0 -1
    outer loop
      vertex 87.4172 182.937 48
      vertex 88.1173 183.85 48
      vertex 87.7 182.748 48
    endloop
  endfacet
  facet normal -0 0 -1
    outer loop
      vertex 88.1173 183.85 48
      vertex 87.4172 182.937 48
      vertex 87.9747 183.975 48
    endloop
  endfacet
  facet normal 0 0 -1
    outer loop
      vertex 87.1615 183.162 48
      vertex 87.9747 183.975 48
      vertex 87.4172 182.937 48
    endloop
  endfacet
  facet normal -0 0 -1
    outer loop
      vertex 87.9747 183.975 48
      vertex 87.1615 183.162 48
      vertex 87.8496 184.117 48
    endloop
  endfacet
  facet normal 0 0 -1
    outer loop
      vertex 86.9373 183.417 48
      vertex 87.8496 184.117 48
      vertex 87.1615 183.162 48
    endloop
  endfacet
  facet normal -0 0 -1
    outer loop
      vertex 87.8496 184.117 48
      vertex 86.9373 183.417 48
      vertex 87.7443 184.275 48
    endloop
  endfacet
  facet normal -0 0 -1
    outer loop
      vertex 87.7443 184.275 48
      vertex 86.7483 183.7 48
      vertex 87.6604 184.445 48
    endloop
  endfacet
  facet normal 0 0 -1
    outer loop
      vertex 86.7483 183.7 48
      vertex 87.7443 184.275 48
      vertex 86.9373 183.417 48
    endloop
  endfacet
  facet normal 0 0 -1
    outer loop
      vertex 90.2557 185.725 48
      vertex 91.2517 186.3 48
      vertex 90.3396 185.555 48
    endloop
  endfacet
  facet normal -0 0 -1
    outer loop
      vertex 91.2517 186.3 48
      vertex 90.2557 185.725 48
      vertex 91.0627 186.583 48
    endloop
  endfacet
  facet normal 0 0 -1
    outer loop
      vertex 90.1504 185.883 48
      vertex 91.0627 186.583 48
      vertex 90.2557 185.725 48
    endloop
  endfacet
  facet normal -0 0 -1
    outer loop
      vertex 91.0627 186.583 48
      vertex 90.1504 185.883 48
      vertex 90.8385 186.838 48
    endloop
  endfacet
  facet normal 0 0 -1
    outer loop
      vertex 90.0253 186.025 48
      vertex 90.8385 186.838 48
      vertex 90.1504 185.883 48
    endloop
  endfacet
  facet normal -0 0 -1
    outer loop
      vertex 90.8385 186.838 48
      vertex 90.0253 186.025 48
      vertex 90.5828 187.063 48
    endloop
  endfacet
  facet normal 0 0 -1
    outer loop
      vertex 89.8827 186.15 48
      vertex 90.5828 187.063 48
      vertex 90.0253 186.025 48
    endloop
  endfacet
  facet normal -0 0 -1
    outer loop
      vertex 90.5828 187.063 48
      vertex 89.8827 186.15 48
      vertex 90.3 187.252 48
    endloop
  endfacet
  facet normal 0 0 -1
    outer loop
      vertex 89.725 186.256 48
      vertex 90.3 187.252 48
      vertex 89.8827 186.15 48
    endloop
  endfacet
  facet normal -0 0 -1
    outer loop
      vertex 90.3 187.252 48
      vertex 89.725 186.256 48
      vertex 89.995 187.402 48
    endloop
  endfacet
  facet normal 0 0 -1
    outer loop
      vertex 89.5549 186.34 48
      vertex 89.995 187.402 48
      vertex 89.725 186.256 48
    endloop
  endfacet
  facet normal -0 0 -1
    outer loop
      vertex 89.995 187.402 48
      vertex 89.5549 186.34 48
      vertex 89.6729 187.511 48
    endloop
  endfacet
  facet normal 0 0 -1
    outer loop
      vertex 89.3753 186.401 48
      vertex 89.6729 187.511 48
      vertex 89.5549 186.34 48
    endloop
  endfacet
  facet normal 0 0 -1
    outer loop
      vertex 89.3753 186.401 48
      vertex 89.3394 187.578 48
      vertex 89.6729 187.511 48
    endloop
  endfacet
  facet normal 0 0 -1
    outer loop
      vertex 89.1893 186.438 48
      vertex 89.3394 187.578 48
      vertex 89.3753 186.401 48
    endloop
  endfacet
  facet normal 0 0 -1
    outer loop
      vertex 89 186.45 48
      vertex 89.3394 187.578 48
      vertex 89.1893 186.438 48
    endloop
  endfacet
  facet normal 0 0 -1
    outer loop
      vertex 89 186.45 48
      vertex 89 187.6 48
      vertex 89.3394 187.578 48
    endloop
  endfacet
  facet normal 0 0 -1
    outer loop
      vertex 88.8107 186.438 48
      vertex 89 187.6 48
      vertex 89 186.45 48
    endloop
  endfacet
  facet normal 0 0 -1
    outer loop
      vertex 88.8107 186.438 48
      vertex 88.6606 187.578 48
      vertex 89 187.6 48
    endloop
  endfacet
  facet normal 0 0 -1
    outer loop
      vertex 88.6247 186.401 48
      vertex 88.6606 187.578 48
      vertex 88.8107 186.438 48
    endloop
  endfacet
  facet normal 0 0 -1
    outer loop
      vertex 88.3271 187.511 48
      vertex 88.6247 186.401 48
      vertex 88.4451 186.34 48
    endloop
  endfacet
  facet normal 0 0 -1
    outer loop
      vertex 88.6247 186.401 48
      vertex 88.3271 187.511 48
      vertex 88.6606 187.578 48
    endloop
  endfacet
  facet normal 0 0 -1
    outer loop
      vertex 88.005 187.402 48
      vertex 88.4451 186.34 48
      vertex 88.275 186.256 48
    endloop
  endfacet
  facet normal 0 0 -1
    outer loop
      vertex 87.7 187.252 48
      vertex 88.275 186.256 48
      vertex 88.1173 186.15 48
    endloop
  endfacet
  facet normal 0 0 -1
    outer loop
      vertex 88.4451 186.34 48
      vertex 88.005 187.402 48
      vertex 88.3271 187.511 48
    endloop
  endfacet
  facet normal 0 0 -1
    outer loop
      vertex 87.4172 187.063 48
      vertex 88.1173 186.15 48
      vertex 87.9747 186.025 48
    endloop
  endfacet
  facet normal 0 0 -1
    outer loop
      vertex 87.1615 186.838 48
      vertex 87.9747 186.025 48
      vertex 87.8496 185.883 48
    endloop
  endfacet
  facet normal 0 0 -1
    outer loop
      vertex 86.9373 186.583 48
      vertex 87.8496 185.883 48
      vertex 87.7443 185.725 48
    endloop
  endfacet
  facet normal 0 0 -1
    outer loop
      vertex 88.275 186.256 48
      vertex 87.7 187.252 48
      vertex 88.005 187.402 48
    endloop
  endfacet
  facet normal 0 0 -1
    outer loop
      vertex 86.7483 186.3 48
      vertex 87.7443 185.725 48
      vertex 87.6604 185.555 48
    endloop
  endfacet
  facet normal 0 0 -1
    outer loop
      vertex 86.5979 185.995 48
      vertex 87.6604 185.555 48
      vertex 87.5994 185.375 48
    endloop
  endfacet
  facet normal 0 0 -1
    outer loop
      vertex 86.4886 185.673 48
      vertex 87.5994 185.375 48
      vertex 87.5624 185.189 48
    endloop
  endfacet
  facet normal 0 0 -1
    outer loop
      vertex 88.1173 186.15 48
      vertex 87.4172 187.063 48
      vertex 87.7 187.252 48
    endloop
  endfacet
  facet normal 0 0 -1
    outer loop
      vertex 86.4222 185.339 48
      vertex 87.5624 185.189 48
      vertex 87.55 185 48
    endloop
  endfacet
  facet normal 0 0 -1
    outer loop
      vertex 86.5979 184.005 48
      vertex 87.6604 184.445 48
      vertex 86.7483 183.7 48
    endloop
  endfacet
  facet normal -0 0 -1
    outer loop
      vertex 87.6604 184.445 48
      vertex 86.5979 184.005 48
      vertex 87.5994 184.625 48
    endloop
  endfacet
  facet normal 0 0 -1
    outer loop
      vertex 87.9747 186.025 48
      vertex 87.1615 186.838 48
      vertex 87.4172 187.063 48
    endloop
  endfacet
  facet normal 0 0 -1
    outer loop
      vertex 86.4886 184.327 48
      vertex 87.5994 184.625 48
      vertex 86.5979 184.005 48
    endloop
  endfacet
  facet normal 0 0 -1
    outer loop
      vertex 87.8496 185.883 48
      vertex 86.9373 186.583 48
      vertex 87.1615 186.838 48
    endloop
  endfacet
  facet normal -0 0 -1
    outer loop
      vertex 87.5994 184.625 48
      vertex 86.4886 184.327 48
      vertex 87.5624 184.811 48
    endloop
  endfacet
  facet normal 0 0 -1
    outer loop
      vertex 87.7443 185.725 48
      vertex 86.7483 186.3 48
      vertex 86.9373 186.583 48
    endloop
  endfacet
  facet normal 0 0 -1
    outer loop
      vertex 86.4222 184.661 48
      vertex 87.5624 184.811 48
      vertex 86.4886 184.327 48
    endloop
  endfacet
  facet normal 0 0 -1
    outer loop
      vertex 87.6604 185.555 48
      vertex 86.5979 185.995 48
      vertex 86.7483 186.3 48
    endloop
  endfacet
  facet normal -0 0 -1
    outer loop
      vertex 87.5624 184.811 48
      vertex 86.4222 184.661 48
      vertex 87.55 185 48
    endloop
  endfacet
  facet normal 0 0 -1
    outer loop
      vertex 87.5994 185.375 48
      vertex 86.4886 185.673 48
      vertex 86.5979 185.995 48
    endloop
  endfacet
  facet normal 0 0 -1
    outer loop
      vertex 86.4 185 48
      vertex 87.55 185 48
      vertex 86.4222 184.661 48
    endloop
  endfacet
  facet normal 0 0 -1
    outer loop
      vertex 87.5624 185.189 48
      vertex 86.4222 185.339 48
      vertex 86.4886 185.673 48
    endloop
  endfacet
  facet normal 0 0 -1
    outer loop
      vertex 87.55 185 48
      vertex 86.4 185 48
      vertex 86.4222 185.339 48
    endloop
  endfacet
  facet normal -0.980768 0 -0.195175
    outer loop
      vertex 30.7393 184.1 15.6632
      vertex 30.7074 189 15.8235
      vertex 30.7393 189 15.6632
    endloop
  endfacet
  facet normal -0.980768 -0 -0.195175
    outer loop
      vertex 30.7074 189 15.8235
      vertex 30.7393 184.1 15.6632
      vertex 30.7074 184.1 15.8235
    endloop
  endfacet
  facet normal -0.980768 0 0.195175
    outer loop
      vertex 30.7074 184.1 15.1765
      vertex 30.7393 189 15.3368
      vertex 30.7074 189 15.1765
    endloop
  endfacet
  facet normal -0.980768 0 0.195175
    outer loop
      vertex 30.7393 189 15.3368
      vertex 30.7074 184.1 15.1765
      vertex 30.7393 184.1 15.3368
    endloop
  endfacet
  facet normal -0.997858 0 0.0654233
    outer loop
      vertex 30.7393 184.1 15.3368
      vertex 30.75 189 15.5
      vertex 30.7393 189 15.3368
    endloop
  endfacet
  facet normal -0.997858 0 0.0654233
    outer loop
      vertex 30.75 189 15.5
      vertex 30.7393 184.1 15.3368
      vertex 30.75 184.1 15.5
    endloop
  endfacet
  facet normal -0.947082 0 0.320993
    outer loop
      vertex 30.6549 184.1 15.0216
      vertex 30.7074 189 15.1765
      vertex 30.6549 189 15.0216
    endloop
  endfacet
  facet normal -0.947082 0 0.320993
    outer loop
      vertex 30.7074 189 15.1765
      vertex 30.6549 184.1 15.0216
      vertex 30.7074 184.1 15.1765
    endloop
  endfacet
  facet normal 0.997858 -0 0.0654233
    outer loop
      vertex 28.25 184.1 15.5
      vertex 28.2607 189 15.3368
      vertex 28.25 189 15.5
    endloop
  endfacet
  facet normal 0.997858 0 0.0654233
    outer loop
      vertex 28.2607 189 15.3368
      vertex 28.25 184.1 15.5
      vertex 28.2607 184.1 15.3368
    endloop
  endfacet
  facet normal -0.442805 0 -0.896618
    outer loop
      vertex 29.9784 184.1 16.6549
      vertex 30.125 189 16.5825
      vertex 30.125 184.1 16.5825
    endloop
  endfacet
  facet normal -0.442805 0 -0.896618
    outer loop
      vertex 30.125 189 16.5825
      vertex 29.9784 184.1 16.6549
      vertex 29.9784 189 16.6549
    endloop
  endfacet
  facet normal -0.195175 0 0.980768
    outer loop
      vertex 29.6632 189 14.2607
      vertex 29.8235 184.1 14.2926
      vertex 29.8235 189 14.2926
    endloop
  endfacet
  facet normal -0.195175 0 0.980768
    outer loop
      vertex 29.8235 184.1 14.2926
      vertex 29.6632 189 14.2607
      vertex 29.6632 184.1 14.2607
    endloop
  endfacet
  facet normal -0.195175 0 -0.980768
    outer loop
      vertex 29.6632 184.1 16.7393
      vertex 29.8235 189 16.7074
      vertex 29.8235 184.1 16.7074
    endloop
  endfacet
  facet normal -0.195175 0 -0.980768
    outer loop
      vertex 29.8235 189 16.7074
      vertex 29.6632 184.1 16.7393
      vertex 29.6632 189 16.7393
    endloop
  endfacet
  facet normal -0.0654233 0 -0.997858
    outer loop
      vertex 29.5 184.1 16.75
      vertex 29.6632 189 16.7393
      vertex 29.6632 184.1 16.7393
    endloop
  endfacet
  facet normal -0.0654233 0 -0.997858
    outer loop
      vertex 29.6632 189 16.7393
      vertex 29.5 184.1 16.75
      vertex 29.5 189 16.75
    endloop
  endfacet
  facet normal 0.659414 0 0.75178
    outer loop
      vertex 28.6161 189 14.6161
      vertex 28.739 184.1 14.5083
      vertex 28.739 189 14.5083
    endloop
  endfacet
  facet normal 0.659414 0 0.75178
    outer loop
      vertex 28.739 184.1 14.5083
      vertex 28.6161 189 14.6161
      vertex 28.6161 184.1 14.6161
    endloop
  endfacet
  facet normal 0.831674 -0 0.555265
    outer loop
      vertex 28.4175 184.1 14.875
      vertex 28.5083 189 14.739
      vertex 28.4175 189 14.875
    endloop
  endfacet
  facet normal 0.831674 0 0.555265
    outer loop
      vertex 28.5083 189 14.739
      vertex 28.4175 184.1 14.875
      vertex 28.5083 184.1 14.739
    endloop
  endfacet
  facet normal -0.321541 0 0.946896
    outer loop
      vertex 29.8235 189 14.2926
      vertex 29.9784 184.1 14.3452
      vertex 29.9784 189 14.3452
    endloop
  endfacet
  facet normal -0.321541 0 0.946896
    outer loop
      vertex 29.9784 184.1 14.3452
      vertex 29.8235 189 14.2926
      vertex 29.8235 184.1 14.2926
    endloop
  endfacet
  facet normal -0.659414 0 -0.75178
    outer loop
      vertex 30.261 184.1 16.4917
      vertex 30.3839 189 16.3839
      vertex 30.3839 184.1 16.3839
    endloop
  endfacet
  facet normal -0.659414 0 -0.75178
    outer loop
      vertex 30.3839 189 16.3839
      vertex 30.261 184.1 16.4917
      vertex 30.261 189 16.4917
    endloop
  endfacet
  facet normal 0.442313 0 0.896861
    outer loop
      vertex 28.875 189 14.4175
      vertex 29.0216 184.1 14.3452
      vertex 29.0216 189 14.3452
    endloop
  endfacet
  facet normal 0.442313 0 0.896861
    outer loop
      vertex 29.0216 184.1 14.3452
      vertex 28.875 189 14.4175
      vertex 28.875 184.1 14.4175
    endloop
  endfacet
  facet normal 0.0654233 0 -0.997858
    outer loop
      vertex 29.3368 184.1 16.7393
      vertex 29.5 189 16.75
      vertex 29.5 184.1 16.75
    endloop
  endfacet
  facet normal 0.0654233 0 -0.997858
    outer loop
      vertex 29.5 189 16.75
      vertex 29.3368 184.1 16.7393
      vertex 29.3368 189 16.7393
    endloop
  endfacet
  facet normal -0.75178 0 -0.659414
    outer loop
      vertex 30.4917 184.1 16.261
      vertex 30.3839 189 16.3839
      vertex 30.4917 189 16.261
    endloop
  endfacet
  facet normal -0.75178 -0 -0.659414
    outer loop
      vertex 30.3839 189 16.3839
      vertex 30.4917 184.1 16.261
      vertex 30.3839 184.1 16.3839
    endloop
  endfacet
  facet normal 0.947082 0 -0.320993
    outer loop
      vertex 28.3451 184.1 15.9784
      vertex 28.2926 189 15.8235
      vertex 28.3451 189 15.9784
    endloop
  endfacet
  facet normal 0.947082 0 -0.320993
    outer loop
      vertex 28.2926 189 15.8235
      vertex 28.3451 184.1 15.9784
      vertex 28.2926 184.1 15.8235
    endloop
  endfacet
  facet normal -0.320993 0 -0.947082
    outer loop
      vertex 29.8235 184.1 16.7074
      vertex 29.9784 189 16.6549
      vertex 29.9784 184.1 16.6549
    endloop
  endfacet
  facet normal -0.320993 0 -0.947082
    outer loop
      vertex 29.9784 189 16.6549
      vertex 29.8235 184.1 16.7074
      vertex 29.8235 189 16.7074
    endloop
  endfacet
  facet normal 0.321541 0 0.946896
    outer loop
      vertex 29.0216 189 14.3452
      vertex 29.1765 184.1 14.2926
      vertex 29.1765 189 14.2926
    endloop
  endfacet
  facet normal 0.321541 0 0.946896
    outer loop
      vertex 29.1765 184.1 14.2926
      vertex 29.0216 189 14.3452
      vertex 29.0216 184.1 14.3452
    endloop
  endfacet
  facet normal -0.75178 0 0.659414
    outer loop
      vertex 30.3839 184.1 14.6161
      vertex 30.4917 189 14.739
      vertex 30.3839 189 14.6161
    endloop
  endfacet
  facet normal -0.75178 0 0.659414
    outer loop
      vertex 30.4917 189 14.739
      vertex 30.3839 184.1 14.6161
      vertex 30.4917 184.1 14.739
    endloop
  endfacet
  facet normal 0.555265 0 0.831674
    outer loop
      vertex 28.739 189 14.5083
      vertex 28.875 184.1 14.4175
      vertex 28.875 189 14.4175
    endloop
  endfacet
  facet normal 0.555265 0 0.831674
    outer loop
      vertex 28.875 184.1 14.4175
      vertex 28.739 189 14.5083
      vertex 28.739 184.1 14.5083
    endloop
  endfacet
  facet normal 0.947082 -0 0.320993
    outer loop
      vertex 28.2926 184.1 15.1765
      vertex 28.3451 189 15.0216
      vertex 28.2926 189 15.1765
    endloop
  endfacet
  facet normal 0.947082 0 0.320993
    outer loop
      vertex 28.3451 189 15.0216
      vertex 28.2926 184.1 15.1765
      vertex 28.3451 184.1 15.0216
    endloop
  endfacet
  facet normal -0.896618 0 0.442805
    outer loop
      vertex 30.5825 184.1 14.875
      vertex 30.6549 189 15.0216
      vertex 30.5825 189 14.875
    endloop
  endfacet
  facet normal -0.896618 0 0.442805
    outer loop
      vertex 30.6549 189 15.0216
      vertex 30.5825 184.1 14.875
      vertex 30.6549 184.1 15.0216
    endloop
  endfacet
  facet normal 0.195175 0 0.980768
    outer loop
      vertex 29.1765 189 14.2926
      vertex 29.3368 184.1 14.2607
      vertex 29.3368 189 14.2607
    endloop
  endfacet
  facet normal 0.195175 0 0.980768
    outer loop
      vertex 29.3368 184.1 14.2607
      vertex 29.1765 189 14.2926
      vertex 29.1765 184.1 14.2926
    endloop
  endfacet
  facet normal -0.659414 0 0.75178
    outer loop
      vertex 30.261 189 14.5083
      vertex 30.3839 184.1 14.6161
      vertex 30.3839 189 14.6161
    endloop
  endfacet
  facet normal -0.659414 0 0.75178
    outer loop
      vertex 30.3839 184.1 14.6161
      vertex 30.261 189 14.5083
      vertex 30.261 184.1 14.5083
    endloop
  endfacet
  facet normal -0.997858 0 -0.0654233
    outer loop
      vertex 30.75 184.1 15.5
      vertex 30.7393 189 15.6632
      vertex 30.75 189 15.5
    endloop
  endfacet
  facet normal -0.997858 -0 -0.0654233
    outer loop
      vertex 30.7393 189 15.6632
      vertex 30.75 184.1 15.5
      vertex 30.7393 184.1 15.6632
    endloop
  endfacet
  facet normal -0.442313 0 0.896861
    outer loop
      vertex 29.9784 189 14.3452
      vertex 30.125 184.1 14.4175
      vertex 30.125 189 14.4175
    endloop
  endfacet
  facet normal -0.442313 0 0.896861
    outer loop
      vertex 30.125 184.1 14.4175
      vertex 29.9784 189 14.3452
      vertex 29.9784 184.1 14.3452
    endloop
  endfacet
  facet normal 0.320993 0 -0.947082
    outer loop
      vertex 29.0216 184.1 16.6549
      vertex 29.1765 189 16.7074
      vertex 29.1765 184.1 16.7074
    endloop
  endfacet
  facet normal 0.320993 0 -0.947082
    outer loop
      vertex 29.1765 189 16.7074
      vertex 29.0216 184.1 16.6549
      vertex 29.0216 189 16.6549
    endloop
  endfacet
  facet normal 0.980768 -0 0.195175
    outer loop
      vertex 28.2607 184.1 15.3368
      vertex 28.2926 189 15.1765
      vertex 28.2607 189 15.3368
    endloop
  endfacet
  facet normal 0.980768 0 0.195175
    outer loop
      vertex 28.2926 189 15.1765
      vertex 28.2607 184.1 15.3368
      vertex 28.2926 184.1 15.1765
    endloop
  endfacet
  facet normal 0.0654233 0 0.997858
    outer loop
      vertex 29.3368 189 14.2607
      vertex 29.5 184.1 14.25
      vertex 29.5 189 14.25
    endloop
  endfacet
  facet normal 0.0654233 0 0.997858
    outer loop
      vertex 29.5 184.1 14.25
      vertex 29.3368 189 14.2607
      vertex 29.3368 184.1 14.2607
    endloop
  endfacet
  facet normal -0.947082 0 -0.320993
    outer loop
      vertex 30.7074 184.1 15.8235
      vertex 30.6549 189 15.9784
      vertex 30.7074 189 15.8235
    endloop
  endfacet
  facet normal -0.947082 -0 -0.320993
    outer loop
      vertex 30.6549 189 15.9784
      vertex 30.7074 184.1 15.8235
      vertex 30.6549 184.1 15.9784
    endloop
  endfacet
  facet normal -0.831674 0 0.555265
    outer loop
      vertex 30.4917 184.1 14.739
      vertex 30.5825 189 14.875
      vertex 30.4917 189 14.739
    endloop
  endfacet
  facet normal -0.831674 0 0.555265
    outer loop
      vertex 30.5825 189 14.875
      vertex 30.4917 184.1 14.739
      vertex 30.5825 184.1 14.875
    endloop
  endfacet
  facet normal 0.896618 0 -0.442805
    outer loop
      vertex 28.4175 184.1 16.125
      vertex 28.3451 189 15.9784
      vertex 28.4175 189 16.125
    endloop
  endfacet
  facet normal 0.896618 0 -0.442805
    outer loop
      vertex 28.3451 189 15.9784
      vertex 28.4175 184.1 16.125
      vertex 28.3451 184.1 15.9784
    endloop
  endfacet
  facet normal -0.896618 0 -0.442805
    outer loop
      vertex 30.6549 184.1 15.9784
      vertex 30.5825 189 16.125
      vertex 30.6549 189 15.9784
    endloop
  endfacet
  facet normal -0.896618 -0 -0.442805
    outer loop
      vertex 30.5825 189 16.125
      vertex 30.6549 184.1 15.9784
      vertex 30.5825 184.1 16.125
    endloop
  endfacet
  facet normal 0.75178 0 -0.659414
    outer loop
      vertex 28.6161 184.1 16.3839
      vertex 28.5083 189 16.261
      vertex 28.6161 189 16.3839
    endloop
  endfacet
  facet normal 0.75178 0 -0.659414
    outer loop
      vertex 28.5083 189 16.261
      vertex 28.6161 184.1 16.3839
      vertex 28.5083 184.1 16.261
    endloop
  endfacet
  facet normal -0.831674 0 -0.555265
    outer loop
      vertex 30.5825 184.1 16.125
      vertex 30.4917 189 16.261
      vertex 30.5825 189 16.125
    endloop
  endfacet
  facet normal -0.831674 -0 -0.555265
    outer loop
      vertex 30.4917 189 16.261
      vertex 30.5825 184.1 16.125
      vertex 30.4917 184.1 16.261
    endloop
  endfacet
  facet normal 0 1 0
    outer loop
      vertex 29.6632 184.1 16.7393
      vertex 29.3368 184.1 16.7393
      vertex 29.5 184.1 16.75
    endloop
  endfacet
  facet normal 0 1 0
    outer loop
      vertex 29.8235 184.1 16.7074
      vertex 29.3368 184.1 16.7393
      vertex 29.6632 184.1 16.7393
    endloop
  endfacet
  facet normal 0 1 0
    outer loop
      vertex 29.8235 184.1 16.7074
      vertex 29.1765 184.1 16.7074
      vertex 29.3368 184.1 16.7393
    endloop
  endfacet
  facet normal 0 1 0
    outer loop
      vertex 29.9784 184.1 16.6549
      vertex 29.1765 184.1 16.7074
      vertex 29.8235 184.1 16.7074
    endloop
  endfacet
  facet normal 0 1 0
    outer loop
      vertex 29.9784 184.1 16.6549
      vertex 29.0216 184.1 16.6549
      vertex 29.1765 184.1 16.7074
    endloop
  endfacet
  facet normal 0 1 0
    outer loop
      vertex 30.125 184.1 16.5825
      vertex 29.0216 184.1 16.6549
      vertex 29.9784 184.1 16.6549
    endloop
  endfacet
  facet normal 0 1 0
    outer loop
      vertex 30.125 184.1 16.5825
      vertex 28.875 184.1 16.5825
      vertex 29.0216 184.1 16.6549
    endloop
  endfacet
  facet normal 0 1 0
    outer loop
      vertex 30.261 184.1 16.4917
      vertex 28.875 184.1 16.5825
      vertex 30.125 184.1 16.5825
    endloop
  endfacet
  facet normal 0 1 0
    outer loop
      vertex 30.261 184.1 16.4917
      vertex 28.739 184.1 16.4917
      vertex 28.875 184.1 16.5825
    endloop
  endfacet
  facet normal 0 1 0
    outer loop
      vertex 30.3839 184.1 16.3839
      vertex 28.739 184.1 16.4917
      vertex 30.261 184.1 16.4917
    endloop
  endfacet
  facet normal 0 1 0
    outer loop
      vertex 30.3839 184.1 16.3839
      vertex 28.6161 184.1 16.3839
      vertex 28.739 184.1 16.4917
    endloop
  endfacet
  facet normal 0 1 0
    outer loop
      vertex 30.4917 184.1 16.261
      vertex 28.6161 184.1 16.3839
      vertex 30.3839 184.1 16.3839
    endloop
  endfacet
  facet normal 0 1 0
    outer loop
      vertex 30.4917 184.1 16.261
      vertex 28.5083 184.1 16.261
      vertex 28.6161 184.1 16.3839
    endloop
  endfacet
  facet normal 0 1 0
    outer loop
      vertex 30.5825 184.1 16.125
      vertex 28.5083 184.1 16.261
      vertex 30.4917 184.1 16.261
    endloop
  endfacet
  facet normal 0 1 0
    outer loop
      vertex 30.5825 184.1 16.125
      vertex 28.4175 184.1 16.125
      vertex 28.5083 184.1 16.261
    endloop
  endfacet
  facet normal 0 1 0
    outer loop
      vertex 30.6549 184.1 15.9784
      vertex 28.4175 184.1 16.125
      vertex 30.5825 184.1 16.125
    endloop
  endfacet
  facet normal 0 1 0
    outer loop
      vertex 30.6549 184.1 15.9784
      vertex 28.3451 184.1 15.9784
      vertex 28.4175 184.1 16.125
    endloop
  endfacet
  facet normal 0 1 0
    outer loop
      vertex 30.7074 184.1 15.8235
      vertex 28.3451 184.1 15.9784
      vertex 30.6549 184.1 15.9784
    endloop
  endfacet
  facet normal 0 1 0
    outer loop
      vertex 30.7074 184.1 15.8235
      vertex 28.2926 184.1 15.8235
      vertex 28.3451 184.1 15.9784
    endloop
  endfacet
  facet normal 0 1 0
    outer loop
      vertex 30.7393 184.1 15.6632
      vertex 28.2926 184.1 15.8235
      vertex 30.7074 184.1 15.8235
    endloop
  endfacet
  facet normal 0 1 0
    outer loop
      vertex 30.7393 184.1 15.6632
      vertex 28.2607 184.1 15.6632
      vertex 28.2926 184.1 15.8235
    endloop
  endfacet
  facet normal 0 1 0
    outer loop
      vertex 30.75 184.1 15.5
      vertex 28.2607 184.1 15.6632
      vertex 30.7393 184.1 15.6632
    endloop
  endfacet
  facet normal 0 1 0
    outer loop
      vertex 30.75 184.1 15.5
      vertex 28.25 184.1 15.5
      vertex 28.2607 184.1 15.6632
    endloop
  endfacet
  facet normal 0 1 -0
    outer loop
      vertex 30.7393 184.1 15.3368
      vertex 28.25 184.1 15.5
      vertex 30.75 184.1 15.5
    endloop
  endfacet
  facet normal 0 1 0
    outer loop
      vertex 30.7393 184.1 15.3368
      vertex 28.2607 184.1 15.3368
      vertex 28.25 184.1 15.5
    endloop
  endfacet
  facet normal 0 1 -0
    outer loop
      vertex 30.7074 184.1 15.1765
      vertex 28.2607 184.1 15.3368
      vertex 30.7393 184.1 15.3368
    endloop
  endfacet
  facet normal 0 1 0
    outer loop
      vertex 30.7074 184.1 15.1765
      vertex 28.2926 184.1 15.1765
      vertex 28.2607 184.1 15.3368
    endloop
  endfacet
  facet normal 0 1 -0
    outer loop
      vertex 30.6549 184.1 15.0216
      vertex 28.2926 184.1 15.1765
      vertex 30.7074 184.1 15.1765
    endloop
  endfacet
  facet normal 0 1 0
    outer loop
      vertex 30.6549 184.1 15.0216
      vertex 28.3451 184.1 15.0216
      vertex 28.2926 184.1 15.1765
    endloop
  endfacet
  facet normal 0 1 -0
    outer loop
      vertex 30.5825 184.1 14.875
      vertex 28.3451 184.1 15.0216
      vertex 30.6549 184.1 15.0216
    endloop
  endfacet
  facet normal 0 1 0
    outer loop
      vertex 30.5825 184.1 14.875
      vertex 28.4175 184.1 14.875
      vertex 28.3451 184.1 15.0216
    endloop
  endfacet
  facet normal 0 1 -0
    outer loop
      vertex 30.4917 184.1 14.739
      vertex 28.4175 184.1 14.875
      vertex 30.5825 184.1 14.875
    endloop
  endfacet
  facet normal 0 1 0
    outer loop
      vertex 30.4917 184.1 14.739
      vertex 28.5083 184.1 14.739
      vertex 28.4175 184.1 14.875
    endloop
  endfacet
  facet normal 0 1 -0
    outer loop
      vertex 30.3839 184.1 14.6161
      vertex 28.5083 184.1 14.739
      vertex 30.4917 184.1 14.739
    endloop
  endfacet
  facet normal 0 1 0
    outer loop
      vertex 30.3839 184.1 14.6161
      vertex 28.6161 184.1 14.6161
      vertex 28.5083 184.1 14.739
    endloop
  endfacet
  facet normal 0 1 -0
    outer loop
      vertex 30.261 184.1 14.5083
      vertex 28.6161 184.1 14.6161
      vertex 30.3839 184.1 14.6161
    endloop
  endfacet
  facet normal 0 1 0
    outer loop
      vertex 30.261 184.1 14.5083
      vertex 28.739 184.1 14.5083
      vertex 28.6161 184.1 14.6161
    endloop
  endfacet
  facet normal 0 1 -0
    outer loop
      vertex 30.125 184.1 14.4175
      vertex 28.739 184.1 14.5083
      vertex 30.261 184.1 14.5083
    endloop
  endfacet
  facet normal 0 1 0
    outer loop
      vertex 30.125 184.1 14.4175
      vertex 28.875 184.1 14.4175
      vertex 28.739 184.1 14.5083
    endloop
  endfacet
  facet normal 0 1 -0
    outer loop
      vertex 29.9784 184.1 14.3452
      vertex 28.875 184.1 14.4175
      vertex 30.125 184.1 14.4175
    endloop
  endfacet
  facet normal 0 1 0
    outer loop
      vertex 29.9784 184.1 14.3452
      vertex 29.0216 184.1 14.3452
      vertex 28.875 184.1 14.4175
    endloop
  endfacet
  facet normal 0 1 -0
    outer loop
      vertex 29.8235 184.1 14.2926
      vertex 29.0216 184.1 14.3452
      vertex 29.9784 184.1 14.3452
    endloop
  endfacet
  facet normal 0 1 0
    outer loop
      vertex 29.8235 184.1 14.2926
      vertex 29.1765 184.1 14.2926
      vertex 29.0216 184.1 14.3452
    endloop
  endfacet
  facet normal 0 1 -0
    outer loop
      vertex 29.6632 184.1 14.2607
      vertex 29.1765 184.1 14.2926
      vertex 29.8235 184.1 14.2926
    endloop
  endfacet
  facet normal 0 1 0
    outer loop
      vertex 29.6632 184.1 14.2607
      vertex 29.3368 184.1 14.2607
      vertex 29.1765 184.1 14.2926
    endloop
  endfacet
  facet normal -0 1 0
    outer loop
      vertex 29.3368 184.1 14.2607
      vertex 29.6632 184.1 14.2607
      vertex 29.5 184.1 14.25
    endloop
  endfacet
  facet normal 0.75178 -0 0.659414
    outer loop
      vertex 28.5083 184.1 14.739
      vertex 28.6161 189 14.6161
      vertex 28.5083 189 14.739
    endloop
  endfacet
  facet normal 0.75178 0 0.659414
    outer loop
      vertex 28.6161 189 14.6161
      vertex 28.5083 184.1 14.739
      vertex 28.6161 184.1 14.6161
    endloop
  endfacet
  facet normal -0.0654233 0 0.997858
    outer loop
      vertex 29.5 189 14.25
      vertex 29.6632 184.1 14.2607
      vertex 29.6632 189 14.2607
    endloop
  endfacet
  facet normal -0.0654233 0 0.997858
    outer loop
      vertex 29.6632 184.1 14.2607
      vertex 29.5 189 14.25
      vertex 29.5 184.1 14.25
    endloop
  endfacet
  facet normal -0.555265 0 0.831674
    outer loop
      vertex 30.125 189 14.4175
      vertex 30.261 184.1 14.5083
      vertex 30.261 189 14.5083
    endloop
  endfacet
  facet normal -0.555265 0 0.831674
    outer loop
      vertex 30.261 184.1 14.5083
      vertex 30.125 189 14.4175
      vertex 30.125 184.1 14.4175
    endloop
  endfacet
  facet normal 0.442805 0 -0.896618
    outer loop
      vertex 28.875 184.1 16.5825
      vertex 29.0216 189 16.6549
      vertex 29.0216 184.1 16.6549
    endloop
  endfacet
  facet normal 0.442805 0 -0.896618
    outer loop
      vertex 29.0216 189 16.6549
      vertex 28.875 184.1 16.5825
      vertex 28.875 189 16.5825
    endloop
  endfacet
  facet normal 0.831674 0 -0.555265
    outer loop
      vertex 28.5083 184.1 16.261
      vertex 28.4175 189 16.125
      vertex 28.5083 189 16.261
    endloop
  endfacet
  facet normal 0.831674 0 -0.555265
    outer loop
      vertex 28.4175 189 16.125
      vertex 28.5083 184.1 16.261
      vertex 28.4175 184.1 16.125
    endloop
  endfacet
  facet normal 0.980768 0 -0.195175
    outer loop
      vertex 28.2926 184.1 15.8235
      vertex 28.2607 189 15.6632
      vertex 28.2926 189 15.8235
    endloop
  endfacet
  facet normal 0.980768 0 -0.195175
    outer loop
      vertex 28.2607 189 15.6632
      vertex 28.2926 184.1 15.8235
      vertex 28.2607 184.1 15.6632
    endloop
  endfacet
  facet normal 0.195175 0 -0.980768
    outer loop
      vertex 29.1765 184.1 16.7074
      vertex 29.3368 189 16.7393
      vertex 29.3368 184.1 16.7393
    endloop
  endfacet
  facet normal 0.195175 0 -0.980768
    outer loop
      vertex 29.3368 189 16.7393
      vertex 29.1765 184.1 16.7074
      vertex 29.1765 189 16.7074
    endloop
  endfacet
  facet normal 0.659414 0 -0.75178
    outer loop
      vertex 28.6161 184.1 16.3839
      vertex 28.739 189 16.4917
      vertex 28.739 184.1 16.4917
    endloop
  endfacet
  facet normal 0.659414 0 -0.75178
    outer loop
      vertex 28.739 189 16.4917
      vertex 28.6161 184.1 16.3839
      vertex 28.6161 189 16.3839
    endloop
  endfacet
  facet normal 0.896618 -0 0.442805
    outer loop
      vertex 28.3451 184.1 15.0216
      vertex 28.4175 189 14.875
      vertex 28.3451 189 15.0216
    endloop
  endfacet
  facet normal 0.896618 0 0.442805
    outer loop
      vertex 28.4175 189 14.875
      vertex 28.3451 184.1 15.0216
      vertex 28.4175 184.1 14.875
    endloop
  endfacet
  facet normal 0.997858 0 -0.0654233
    outer loop
      vertex 28.2607 184.1 15.6632
      vertex 28.25 189 15.5
      vertex 28.2607 189 15.6632
    endloop
  endfacet
  facet normal 0.997858 0 -0.0654233
    outer loop
      vertex 28.25 189 15.5
      vertex 28.2607 184.1 15.6632
      vertex 28.25 184.1 15.5
    endloop
  endfacet
  facet normal -0.555265 0 -0.831674
    outer loop
      vertex 30.125 184.1 16.5825
      vertex 30.261 189 16.4917
      vertex 30.261 184.1 16.4917
    endloop
  endfacet
  facet normal -0.555265 0 -0.831674
    outer loop
      vertex 30.261 189 16.4917
      vertex 30.125 184.1 16.5825
      vertex 30.125 189 16.5825
    endloop
  endfacet
  facet normal 0.555265 0 -0.831674
    outer loop
      vertex 28.739 184.1 16.4917
      vertex 28.875 189 16.5825
      vertex 28.875 184.1 16.5825
    endloop
  endfacet
  facet normal 0.555265 0 -0.831674
    outer loop
      vertex 28.875 189 16.5825
      vertex 28.739 184.1 16.4917
      vertex 28.739 189 16.4917
    endloop
  endfacet
  facet normal 0.675923 0.700462 0.229089
    outer loop
      vertex 28.3451 189 15.0216
      vertex 27.799 189.6 14.7983
      vertex 28.2926 189 15.1765
    endloop
  endfacet
  facet normal 0.67118 0.70081 0.241625
    outer loop
      vertex 27.799 189.6 14.7983
      vertex 28.3451 189 15.0216
      vertex 27.7999 189.6 14.7958
    endloop
  endfacet
  facet normal 0.229357 0.700512 0.675779
    outer loop
      vertex 29.1765 189 14.2926
      vertex 29.0237 189.6 13.7225
      vertex 28.7983 189.6 13.799
    endloop
  endfacet
  facet normal 0.139289 0.700488 0.699939
    outer loop
      vertex 29.0264 189.6 13.722
      vertex 29.1765 189 14.2926
      vertex 29.3368 189 14.2607
    endloop
  endfacet
  facet normal 0.130008 0.700167 0.702043
    outer loop
      vertex 29.1765 189 14.2926
      vertex 29.0264 189.6 13.722
      vertex 29.0237 189.6 13.7225
    endloop
  endfacet
  facet normal 0.699939 0.700488 0.139289
    outer loop
      vertex 28.2926 189 15.1765
      vertex 27.722 189.6 15.0264
      vertex 28.2607 189 15.3368
    endloop
  endfacet
  facet normal 0.702043 0.700167 0.130008
    outer loop
      vertex 27.722 189.6 15.0264
      vertex 28.2926 189 15.1765
      vertex 27.7225 189.6 15.0237
    endloop
  endfacet
  facet normal -0.712125 0.700493 0.0467753
    outer loop
      vertex 31.3402 189.6 15.5
      vertex 31.3246 189.6 15.2625
      vertex 30.75 189 15.5
    endloop
  endfacet
  facet normal -0.711556 0.70065 0.0527078
    outer loop
      vertex 30.7393 189 15.3368
      vertex 31.3246 189.6 15.2625
      vertex 31.3244 189.6 15.2598
    endloop
  endfacet
  facet normal -0.712144 0.700479 0.0466908
    outer loop
      vertex 31.3246 189.6 15.2625
      vertex 30.7393 189 15.3368
      vertex 30.75 189 15.5
    endloop
  endfacet
  facet normal -0.229357 0.700512 0.675779
    outer loop
      vertex 30.2017 189.6 13.799
      vertex 29.9763 189.6 13.7225
      vertex 29.8235 189 14.2926
    endloop
  endfacet
  facet normal -0.593438 0.700485 -0.396425
    outer loop
      vertex 30.9614 189.6 16.618
      vertex 31.0936 189.6 16.4201
      vertex 30.5825 189 16.125
    endloop
  endfacet
  facet normal -0.536698 0.700461 -0.470435
    outer loop
      vertex 30.8012 189.6 16.8012
      vertex 30.9581 189.6 16.6222
      vertex 30.3839 189 16.3839
    endloop
  endfacet
  facet normal -0.712144 0.700479 -0.0466908
    outer loop
      vertex 30.7393 189 15.6632
      vertex 31.3246 189.6 15.7375
      vertex 30.75 189 15.5
    endloop
  endfacet
  facet normal -0.711556 0.70065 -0.0527078
    outer loop
      vertex 31.3246 189.6 15.7375
      vertex 30.7393 189 15.6632
      vertex 31.3244 189.6 15.7402
    endloop
  endfacet
  facet normal 0.593438 0.700485 -0.396425
    outer loop
      vertex 28.0386 189.6 16.618
      vertex 28.4175 189 16.125
      vertex 27.9064 189.6 16.4201
    endloop
  endfacet
  facet normal -0.229357 0.700512 -0.675779
    outer loop
      vertex 29.9763 189.6 17.2775
      vertex 30.2017 189.6 17.201
      vertex 29.8235 189 16.7074
    endloop
  endfacet
  facet normal -0.530736 0.700112 -0.477663
    outer loop
      vertex 30.4917 189 16.261
      vertex 30.9581 189.6 16.6222
      vertex 30.9599 189.6 16.6202
    endloop
  endfacet
  facet normal -0.536569 0.70042 -0.470644
    outer loop
      vertex 30.9581 189.6 16.6222
      vertex 30.4917 189 16.261
      vertex 30.3839 189 16.3839
    endloop
  endfacet
  facet normal -0.477663 0.700112 -0.530736
    outer loop
      vertex 30.6222 189.6 16.9581
      vertex 30.261 189 16.4917
      vertex 30.6202 189.6 16.9599
    endloop
  endfacet
  facet normal -0.470644 0.70042 -0.536569
    outer loop
      vertex 30.261 189 16.4917
      vertex 30.6222 189.6 16.9581
      vertex 30.3839 189 16.3839
    endloop
  endfacet
  facet normal 0.536698 0.700461 -0.470435
    outer loop
      vertex 28.1988 189.6 16.8012
      vertex 28.6161 189 16.3839
      vertex 28.0419 189.6 16.6222
    endloop
  endfacet
  facet normal -0.470435 0.700461 -0.536698
    outer loop
      vertex 30.6222 189.6 16.9581
      vertex 30.8012 189.6 16.8012
      vertex 30.3839 189 16.3839
    endloop
  endfacet
  facet normal -0.589517 0.70065 -0.401944
    outer loop
      vertex 30.9614 189.6 16.618
      vertex 30.4917 189 16.261
      vertex 30.9599 189.6 16.6202
    endloop
  endfacet
  facet normal -0.593563 0.700454 -0.396291
    outer loop
      vertex 30.4917 189 16.261
      vertex 30.9614 189.6 16.618
      vertex 30.5825 189 16.125
    endloop
  endfacet
  facet normal -0.699989 0.700465 -0.139158
    outer loop
      vertex 31.278 189.6 15.9736
      vertex 31.3244 189.6 15.7402
      vertex 30.7393 189 15.6632
    endloop
  endfacet
  facet normal 0.67118 0.70081 -0.241625
    outer loop
      vertex 28.3451 189 15.9784
      vertex 27.799 189.6 16.2017
      vertex 27.7999 189.6 16.2042
    endloop
  endfacet
  facet normal 0.675923 0.700462 -0.229089
    outer loop
      vertex 27.799 189.6 16.2017
      vertex 28.3451 189 15.9784
      vertex 28.2926 189 15.8235
    endloop
  endfacet
  facet normal -0.130008 0.700167 -0.702043
    outer loop
      vertex 29.8235 189 16.7074
      vertex 29.9736 189.6 17.278
      vertex 29.9763 189.6 17.2775
    endloop
  endfacet
  facet normal -0.139289 0.700488 -0.699939
    outer loop
      vertex 29.9736 189.6 17.278
      vertex 29.8235 189 16.7074
      vertex 29.6632 189 16.7393
    endloop
  endfacet
  facet normal -0.0527078 0.70065 0.711556
    outer loop
      vertex 29.7375 189.6 13.6754
      vertex 29.6632 189 14.2607
      vertex 29.7402 189.6 13.6756
    endloop
  endfacet
  facet normal -0.0466908 0.700479 0.712144
    outer loop
      vertex 29.6632 189 14.2607
      vertex 29.7375 189.6 13.6754
      vertex 29.5 189 14.25
    endloop
  endfacet
  facet normal -0.401944 0.70065 -0.589517
    outer loop
      vertex 30.261 189 16.4917
      vertex 30.618 189.6 16.9614
      vertex 30.6202 189.6 16.9599
    endloop
  endfacet
  facet normal -0.396291 0.700454 -0.593563
    outer loop
      vertex 30.618 189.6 16.9614
      vertex 30.261 189 16.4917
      vertex 30.125 189 16.5825
    endloop
  endfacet
  facet normal 0.712125 0.700493 0.0467753
    outer loop
      vertex 28.25 189 15.5
      vertex 27.6754 189.6 15.2625
      vertex 27.6598 189.6 15.5
    endloop
  endfacet
  facet normal -0.67118 0.70081 -0.241625
    outer loop
      vertex 31.201 189.6 16.2017
      vertex 30.6549 189 15.9784
      vertex 31.2001 189.6 16.2042
    endloop
  endfacet
  facet normal -0.675923 0.700462 -0.229089
    outer loop
      vertex 30.6549 189 15.9784
      vertex 31.201 189.6 16.2017
      vertex 30.7074 189 15.8235
    endloop
  endfacet
  facet normal -0.130008 0.700167 0.702043
    outer loop
      vertex 29.9736 189.6 13.722
      vertex 29.8235 189 14.2926
      vertex 29.9763 189.6 13.7225
    endloop
  endfacet
  facet normal -0.139289 0.700488 0.699939
    outer loop
      vertex 29.8235 189 14.2926
      vertex 29.9736 189.6 13.722
      vertex 29.6632 189 14.2607
    endloop
  endfacet
  facet normal -0.593438 0.700485 0.396425
    outer loop
      vertex 31.0936 189.6 14.5799
      vertex 30.9614 189.6 14.382
      vertex 30.5825 189 14.875
    endloop
  endfacet
  facet normal 0.0467753 0.700493 -0.712125
    outer loop
      vertex 29.5 189.6 17.3402
      vertex 29.5 189 16.75
      vertex 29.2625 189.6 17.3246
    endloop
  endfacet
  facet normal 0.139158 0.700465 -0.699989
    outer loop
      vertex 29.2598 189.6 17.3244
      vertex 29.3368 189 16.7393
      vertex 29.0264 189.6 17.278
    endloop
  endfacet
  facet normal -0.63848 0.700306 -0.31924
    outer loop
      vertex 30.6549 189 15.9784
      vertex 31.1989 189.6 16.2066
      vertex 31.2001 189.6 16.2042
    endloop
  endfacet
  facet normal -0.639945 0.700419 -0.316044
    outer loop
      vertex 31.1989 189.6 16.2066
      vertex 30.6549 189 15.9784
      vertex 30.5825 189 16.125
    endloop
  endfacet
  facet normal 0.0466908 0.700479 -0.712144
    outer loop
      vertex 29.3368 189 16.7393
      vertex 29.2625 189.6 17.3246
      vertex 29.5 189 16.75
    endloop
  endfacet
  facet normal 0.0527078 0.70065 -0.711556
    outer loop
      vertex 29.2625 189.6 17.3246
      vertex 29.3368 189 16.7393
      vertex 29.2598 189.6 17.3244
    endloop
  endfacet
  facet normal -0.0467753 0.700493 -0.712125
    outer loop
      vertex 29.5 189.6 17.3402
      vertex 29.7375 189.6 17.3246
      vertex 29.5 189 16.75
    endloop
  endfacet
  facet normal 0.536569 0.70042 0.470644
    outer loop
      vertex 28.0419 189.6 14.3778
      vertex 28.5083 189 14.739
      vertex 28.6161 189 14.6161
    endloop
  endfacet
  facet normal 0.530736 0.700112 0.477663
    outer loop
      vertex 28.5083 189 14.739
      vertex 28.0419 189.6 14.3778
      vertex 28.0401 189.6 14.3798
    endloop
  endfacet
  facet normal 0.675779 0.700512 0.229357
    outer loop
      vertex 28.2926 189 15.1765
      vertex 27.799 189.6 14.7983
      vertex 27.7225 189.6 15.0237
    endloop
  endfacet
  facet normal -0.675779 0.700512 -0.229357
    outer loop
      vertex 31.201 189.6 16.2017
      vertex 31.2775 189.6 15.9763
      vertex 30.7074 189 15.8235
    endloop
  endfacet
  facet normal -0.712125 0.700493 -0.0467753
    outer loop
      vertex 31.3246 189.6 15.7375
      vertex 31.3402 189.6 15.5
      vertex 30.75 189 15.5
    endloop
  endfacet
  facet normal -0.470435 0.700461 0.536698
    outer loop
      vertex 30.8012 189.6 14.1988
      vertex 30.6222 189.6 14.0419
      vertex 30.3839 189 14.6161
    endloop
  endfacet
  facet normal -0.241625 0.70081 -0.67118
    outer loop
      vertex 29.9784 189 16.6549
      vertex 30.2017 189.6 17.201
      vertex 30.2042 189.6 17.2001
    endloop
  endfacet
  facet normal -0.229089 0.700462 -0.675923
    outer loop
      vertex 30.2017 189.6 17.201
      vertex 29.9784 189 16.6549
      vertex 29.8235 189 16.7074
    endloop
  endfacet
  facet normal 0.589517 0.70065 -0.401944
    outer loop
      vertex 28.5083 189 16.261
      vertex 28.0386 189.6 16.618
      vertex 28.0401 189.6 16.6202
    endloop
  endfacet
  facet normal 0.593563 0.700454 -0.396291
    outer loop
      vertex 28.0386 189.6 16.618
      vertex 28.5083 189 16.261
      vertex 28.4175 189 16.125
    endloop
  endfacet
  facet normal -0.31924 0.700306 -0.63848
    outer loop
      vertex 30.2066 189.6 17.1989
      vertex 29.9784 189 16.6549
      vertex 30.2042 189.6 17.2001
    endloop
  endfacet
  facet normal -0.316044 0.700419 -0.639945
    outer loop
      vertex 29.9784 189 16.6549
      vertex 30.2066 189.6 17.1989
      vertex 30.125 189 16.5825
    endloop
  endfacet
  facet normal 0.699989 0.700465 -0.139158
    outer loop
      vertex 27.722 189.6 15.9736
      vertex 28.2607 189 15.6632
      vertex 27.6756 189.6 15.7402
    endloop
  endfacet
  facet normal -0.31568 0.700482 -0.640055
    outer loop
      vertex 30.2066 189.6 17.1989
      vertex 30.4201 189.6 17.0936
      vertex 30.125 189 16.5825
    endloop
  endfacet
  facet normal -0.396425 0.700485 -0.593438
    outer loop
      vertex 30.4201 189.6 17.0936
      vertex 30.618 189.6 16.9614
      vertex 30.125 189 16.5825
    endloop
  endfacet
  facet normal 0.593563 0.700454 0.396291
    outer loop
      vertex 28.5083 189 14.739
      vertex 28.0386 189.6 14.382
      vertex 28.4175 189 14.875
    endloop
  endfacet
  facet normal 0.589517 0.70065 0.401944
    outer loop
      vertex 28.0386 189.6 14.382
      vertex 28.5083 189 14.739
      vertex 28.0401 189.6 14.3798
    endloop
  endfacet
  facet normal -0.401944 0.70065 0.589517
    outer loop
      vertex 30.618 189.6 14.0386
      vertex 30.261 189 14.5083
      vertex 30.6202 189.6 14.0401
    endloop
  endfacet
  facet normal -0.396291 0.700454 0.593563
    outer loop
      vertex 30.261 189 14.5083
      vertex 30.618 189.6 14.0386
      vertex 30.125 189 14.4175
    endloop
  endfacet
  facet normal -0.702043 0.700167 -0.130008
    outer loop
      vertex 31.278 189.6 15.9736
      vertex 30.7074 189 15.8235
      vertex 31.2775 189.6 15.9763
    endloop
  endfacet
  facet normal -0.699939 0.700488 -0.139289
    outer loop
      vertex 30.7074 189 15.8235
      vertex 31.278 189.6 15.9736
      vertex 30.7393 189 15.6632
    endloop
  endfacet
  facet normal 0.536698 0.700461 0.470435
    outer loop
      vertex 28.6161 189 14.6161
      vertex 28.1988 189.6 14.1988
      vertex 28.0419 189.6 14.3778
    endloop
  endfacet
  facet normal 0.536569 0.70042 -0.470644
    outer loop
      vertex 28.5083 189 16.261
      vertex 28.0419 189.6 16.6222
      vertex 28.6161 189 16.3839
    endloop
  endfacet
  facet normal 0.530736 0.700112 -0.477663
    outer loop
      vertex 28.0419 189.6 16.6222
      vertex 28.5083 189 16.261
      vertex 28.0401 189.6 16.6202
    endloop
  endfacet
  facet normal 0.31568 0.700482 0.640055
    outer loop
      vertex 28.875 189 14.4175
      vertex 28.7934 189.6 13.8011
      vertex 28.5799 189.6 13.9064
    endloop
  endfacet
  facet normal -0.593563 0.700454 0.396291
    outer loop
      vertex 30.9614 189.6 14.382
      vertex 30.4917 189 14.739
      vertex 30.5825 189 14.875
    endloop
  endfacet
  facet normal -0.589517 0.70065 0.401944
    outer loop
      vertex 30.4917 189 14.739
      vertex 30.9614 189.6 14.382
      vertex 30.9599 189.6 14.3798
    endloop
  endfacet
  facet normal -0.315664 0.700485 0.64006
    outer loop
      vertex 30.2066 189.6 13.8011
      vertex 29.9784 189 14.3452
      vertex 30.125 189 14.4175
    endloop
  endfacet
  facet normal -0.319216 0.700361 0.638433
    outer loop
      vertex 29.9784 189 14.3452
      vertex 30.2066 189.6 13.8011
      vertex 30.2042 189.6 13.7999
    endloop
  endfacet
  facet normal -0.640055 0.700482 -0.31568
    outer loop
      vertex 31.0936 189.6 16.4201
      vertex 31.1989 189.6 16.2066
      vertex 30.5825 189 16.125
    endloop
  endfacet
  facet normal 0.640055 0.700482 0.31568
    outer loop
      vertex 28.4175 189 14.875
      vertex 27.9064 189.6 14.5799
      vertex 27.8011 189.6 14.7934
    endloop
  endfacet
  facet normal 0.675779 0.700512 -0.229357
    outer loop
      vertex 27.799 189.6 16.2017
      vertex 28.2926 189 15.8235
      vertex 27.7225 189.6 15.9763
    endloop
  endfacet
  facet normal 0.702043 0.700167 -0.130008
    outer loop
      vertex 28.2926 189 15.8235
      vertex 27.722 189.6 15.9736
      vertex 27.7225 189.6 15.9763
    endloop
  endfacet
  facet normal 0.699939 0.700488 -0.139289
    outer loop
      vertex 27.722 189.6 15.9736
      vertex 28.2926 189 15.8235
      vertex 28.2607 189 15.6632
    endloop
  endfacet
  facet normal -0.139158 0.700465 -0.699989
    outer loop
      vertex 29.7402 189.6 17.3244
      vertex 29.9736 189.6 17.278
      vertex 29.6632 189 16.7393
    endloop
  endfacet
  facet normal -0.0527078 0.70065 -0.711556
    outer loop
      vertex 29.6632 189 16.7393
      vertex 29.7375 189.6 17.3246
      vertex 29.7402 189.6 17.3244
    endloop
  endfacet
  facet normal -0.0466908 0.700479 -0.712144
    outer loop
      vertex 29.7375 189.6 17.3246
      vertex 29.6632 189 16.7393
      vertex 29.5 189 16.75
    endloop
  endfacet
  facet normal 0.477663 0.700112 -0.530736
    outer loop
      vertex 28.739 189 16.4917
      vertex 28.3778 189.6 16.9581
      vertex 28.3798 189.6 16.9599
    endloop
  endfacet
  facet normal 0.470644 0.70042 -0.536569
    outer loop
      vertex 28.3778 189.6 16.9581
      vertex 28.739 189 16.4917
      vertex 28.6161 189 16.3839
    endloop
  endfacet
  facet normal 0.470435 0.700461 -0.536698
    outer loop
      vertex 28.3778 189.6 16.9581
      vertex 28.6161 189 16.3839
      vertex 28.1988 189.6 16.8012
    endloop
  endfacet
  facet normal 0.396291 0.700454 0.593563
    outer loop
      vertex 28.382 189.6 14.0386
      vertex 28.739 189 14.5083
      vertex 28.875 189 14.4175
    endloop
  endfacet
  facet normal 0.401944 0.70065 0.589517
    outer loop
      vertex 28.739 189 14.5083
      vertex 28.382 189.6 14.0386
      vertex 28.3798 189.6 14.0401
    endloop
  endfacet
  facet normal 0.712144 0.700479 0.0466908
    outer loop
      vertex 28.2607 189 15.3368
      vertex 27.6754 189.6 15.2625
      vertex 28.25 189 15.5
    endloop
  endfacet
  facet normal 0.711556 0.70065 0.0527078
    outer loop
      vertex 27.6754 189.6 15.2625
      vertex 28.2607 189 15.3368
      vertex 27.6756 189.6 15.2598
    endloop
  endfacet
  facet normal -0.530736 0.700112 0.477663
    outer loop
      vertex 30.9581 189.6 14.3778
      vertex 30.4917 189 14.739
      vertex 30.9599 189.6 14.3798
    endloop
  endfacet
  facet normal -0.536569 0.70042 0.470644
    outer loop
      vertex 30.4917 189 14.739
      vertex 30.9581 189.6 14.3778
      vertex 30.3839 189 14.6161
    endloop
  endfacet
  facet normal 0.699989 0.700465 0.139158
    outer loop
      vertex 28.2607 189 15.3368
      vertex 27.722 189.6 15.0264
      vertex 27.6756 189.6 15.2598
    endloop
  endfacet
  facet normal 0.139158 0.700465 0.699989
    outer loop
      vertex 29.3368 189 14.2607
      vertex 29.2598 189.6 13.6756
      vertex 29.0264 189.6 13.722
    endloop
  endfacet
  facet normal 0.711556 0.70065 -0.0527078
    outer loop
      vertex 28.2607 189 15.6632
      vertex 27.6754 189.6 15.7375
      vertex 27.6756 189.6 15.7402
    endloop
  endfacet
  facet normal 0.712144 0.700479 -0.0466908
    outer loop
      vertex 27.6754 189.6 15.7375
      vertex 28.2607 189 15.6632
      vertex 28.25 189 15.5
    endloop
  endfacet
  facet normal -0.640055 0.700482 0.31568
    outer loop
      vertex 31.1989 189.6 14.7934
      vertex 31.0936 189.6 14.5799
      vertex 30.5825 189 14.875
    endloop
  endfacet
  facet normal -0.396425 0.700485 0.593438
    outer loop
      vertex 30.618 189.6 14.0386
      vertex 30.4201 189.6 13.9064
      vertex 30.125 189 14.4175
    endloop
  endfacet
  facet normal -0.63848 0.700306 0.31924
    outer loop
      vertex 31.1989 189.6 14.7934
      vertex 30.6549 189 15.0216
      vertex 31.2001 189.6 14.7958
    endloop
  endfacet
  facet normal -0.639945 0.700419 0.316044
    outer loop
      vertex 30.6549 189 15.0216
      vertex 31.1989 189.6 14.7934
      vertex 30.5825 189 14.875
    endloop
  endfacet
  facet normal 0.229089 0.700462 -0.675923
    outer loop
      vertex 29.0216 189 16.6549
      vertex 28.7983 189.6 17.201
      vertex 29.1765 189 16.7074
    endloop
  endfacet
  facet normal 0.241625 0.70081 -0.67118
    outer loop
      vertex 28.7983 189.6 17.201
      vertex 29.0216 189 16.6549
      vertex 28.7958 189.6 17.2001
    endloop
  endfacet
  facet normal 0.639945 0.700419 -0.316044
    outer loop
      vertex 28.3451 189 15.9784
      vertex 27.8011 189.6 16.2066
      vertex 28.4175 189 16.125
    endloop
  endfacet
  facet normal 0.63848 0.700306 -0.31924
    outer loop
      vertex 27.8011 189.6 16.2066
      vertex 28.3451 189 15.9784
      vertex 27.7999 189.6 16.2042
    endloop
  endfacet
  facet normal 0.640055 0.700482 -0.31568
    outer loop
      vertex 27.9064 189.6 16.4201
      vertex 28.4175 189 16.125
      vertex 27.8011 189.6 16.2066
    endloop
  endfacet
  facet normal -0.536698 0.700461 0.470435
    outer loop
      vertex 30.9581 189.6 14.3778
      vertex 30.8012 189.6 14.1988
      vertex 30.3839 189 14.6161
    endloop
  endfacet
  facet normal -0.31568 0.700482 0.640055
    outer loop
      vertex 30.4201 189.6 13.9064
      vertex 30.2066 189.6 13.8011
      vertex 30.125 189 14.4175
    endloop
  endfacet
  facet normal -0.470644 0.70042 0.536569
    outer loop
      vertex 30.6222 189.6 14.0419
      vertex 30.261 189 14.5083
      vertex 30.3839 189 14.6161
    endloop
  endfacet
  facet normal -0.477663 0.700112 0.530736
    outer loop
      vertex 30.261 189 14.5083
      vertex 30.6222 189.6 14.0419
      vertex 30.6202 189.6 14.0401
    endloop
  endfacet
  facet normal 0.139289 0.700488 -0.699939
    outer loop
      vertex 29.1765 189 16.7074
      vertex 29.0264 189.6 17.278
      vertex 29.3368 189 16.7393
    endloop
  endfacet
  facet normal 0.130008 0.700167 -0.702043
    outer loop
      vertex 29.0264 189.6 17.278
      vertex 29.1765 189 16.7074
      vertex 29.0237 189.6 17.2775
    endloop
  endfacet
  facet normal 0.396425 0.700485 0.593438
    outer loop
      vertex 28.875 189 14.4175
      vertex 28.5799 189.6 13.9064
      vertex 28.382 189.6 14.0386
    endloop
  endfacet
  facet normal 0.712125 0.700493 -0.0467753
    outer loop
      vertex 27.6754 189.6 15.7375
      vertex 28.25 189 15.5
      vertex 27.6598 189.6 15.5
    endloop
  endfacet
  facet normal 0.593438 0.700485 0.396425
    outer loop
      vertex 28.4175 189 14.875
      vertex 28.0386 189.6 14.382
      vertex 27.9064 189.6 14.5799
    endloop
  endfacet
  facet normal 0.31924 0.700306 -0.63848
    outer loop
      vertex 29.0216 189 16.6549
      vertex 28.7934 189.6 17.1989
      vertex 28.7958 189.6 17.2001
    endloop
  endfacet
  facet normal 0.316044 0.700419 -0.639945
    outer loop
      vertex 28.7934 189.6 17.1989
      vertex 29.0216 189 16.6549
      vertex 28.875 189 16.5825
    endloop
  endfacet
  facet normal 0.229357 0.700512 -0.675779
    outer loop
      vertex 29.0237 189.6 17.2775
      vertex 29.1765 189 16.7074
      vertex 28.7983 189.6 17.201
    endloop
  endfacet
  facet normal 0.0467753 0.700493 0.712125
    outer loop
      vertex 29.5 189 14.25
      vertex 29.5 189.6 13.6598
      vertex 29.2625 189.6 13.6754
    endloop
  endfacet
  facet normal 0.470435 0.700461 0.536698
    outer loop
      vertex 28.6161 189 14.6161
      vertex 28.3778 189.6 14.0419
      vertex 28.1988 189.6 14.1988
    endloop
  endfacet
  facet normal -0.0467753 0.700493 0.712125
    outer loop
      vertex 29.7375 189.6 13.6754
      vertex 29.5 189.6 13.6598
      vertex 29.5 189 14.25
    endloop
  endfacet
  facet normal 0.31568 0.700482 -0.640055
    outer loop
      vertex 28.7934 189.6 17.1989
      vertex 28.875 189 16.5825
      vertex 28.5799 189.6 17.0936
    endloop
  endfacet
  facet normal 0.396425 0.700485 -0.593438
    outer loop
      vertex 28.5799 189.6 17.0936
      vertex 28.875 189 16.5825
      vertex 28.382 189.6 16.9614
    endloop
  endfacet
  facet normal 0.396291 0.700454 -0.593563
    outer loop
      vertex 28.739 189 16.4917
      vertex 28.382 189.6 16.9614
      vertex 28.875 189 16.5825
    endloop
  endfacet
  facet normal 0.401944 0.70065 -0.589517
    outer loop
      vertex 28.382 189.6 16.9614
      vertex 28.739 189 16.4917
      vertex 28.3798 189.6 16.9599
    endloop
  endfacet
  facet normal 0.470644 0.70042 0.536569
    outer loop
      vertex 28.739 189 14.5083
      vertex 28.3778 189.6 14.0419
      vertex 28.6161 189 14.6161
    endloop
  endfacet
  facet normal 0.477663 0.700112 0.530736
    outer loop
      vertex 28.3778 189.6 14.0419
      vertex 28.739 189 14.5083
      vertex 28.3798 189.6 14.0401
    endloop
  endfacet
  facet normal -0.241606 0.700867 0.671127
    outer loop
      vertex 30.2017 189.6 13.799
      vertex 29.9784 189 14.3452
      vertex 30.2042 189.6 13.7999
    endloop
  endfacet
  facet normal -0.229459 0.700532 0.675725
    outer loop
      vertex 29.9784 189 14.3452
      vertex 30.2017 189.6 13.799
      vertex 29.8235 189 14.2926
    endloop
  endfacet
  facet normal 0.639945 0.700419 0.316044
    outer loop
      vertex 27.8011 189.6 14.7934
      vertex 28.3451 189 15.0216
      vertex 28.4175 189 14.875
    endloop
  endfacet
  facet normal 0.63848 0.700306 0.31924
    outer loop
      vertex 28.3451 189 15.0216
      vertex 27.8011 189.6 14.7934
      vertex 27.7999 189.6 14.7958
    endloop
  endfacet
  facet normal 0.229459 0.700532 0.675725
    outer loop
      vertex 28.7983 189.6 13.799
      vertex 29.0216 189 14.3452
      vertex 29.1765 189 14.2926
    endloop
  endfacet
  facet normal 0.241606 0.700867 0.671127
    outer loop
      vertex 29.0216 189 14.3452
      vertex 28.7983 189.6 13.799
      vertex 28.7958 189.6 13.7999
    endloop
  endfacet
  facet normal 0.315664 0.700485 0.64006
    outer loop
      vertex 29.0216 189 14.3452
      vertex 28.7934 189.6 13.8011
      vertex 28.875 189 14.4175
    endloop
  endfacet
  facet normal 0.319216 0.700361 0.638433
    outer loop
      vertex 28.7934 189.6 13.8011
      vertex 29.0216 189 14.3452
      vertex 28.7958 189.6 13.7999
    endloop
  endfacet
  facet normal -0.699939 0.700488 0.139289
    outer loop
      vertex 31.278 189.6 15.0264
      vertex 30.7074 189 15.1765
      vertex 30.7393 189 15.3368
    endloop
  endfacet
  facet normal -0.702043 0.700167 0.130008
    outer loop
      vertex 30.7074 189 15.1765
      vertex 31.278 189.6 15.0264
      vertex 31.2775 189.6 15.0237
    endloop
  endfacet
  facet normal -0.675779 0.700512 0.229357
    outer loop
      vertex 31.2775 189.6 15.0237
      vertex 31.201 189.6 14.7983
      vertex 30.7074 189 15.1765
    endloop
  endfacet
  facet normal -0.139158 0.700465 0.699989
    outer loop
      vertex 29.9736 189.6 13.722
      vertex 29.7402 189.6 13.6756
      vertex 29.6632 189 14.2607
    endloop
  endfacet
  facet normal 0.0466908 0.700479 0.712144
    outer loop
      vertex 29.2625 189.6 13.6754
      vertex 29.3368 189 14.2607
      vertex 29.5 189 14.25
    endloop
  endfacet
  facet normal 0.0527078 0.70065 0.711556
    outer loop
      vertex 29.3368 189 14.2607
      vertex 29.2625 189.6 13.6754
      vertex 29.2598 189.6 13.6756
    endloop
  endfacet
  facet normal -0.675923 0.700462 0.229089
    outer loop
      vertex 31.201 189.6 14.7983
      vertex 30.6549 189 15.0216
      vertex 30.7074 189 15.1765
    endloop
  endfacet
  facet normal -0.67118 0.70081 0.241625
    outer loop
      vertex 30.6549 189 15.0216
      vertex 31.201 189.6 14.7983
      vertex 31.2001 189.6 14.7958
    endloop
  endfacet
  facet normal -0.699989 0.700465 0.139158
    outer loop
      vertex 31.3244 189.6 15.2598
      vertex 31.278 189.6 15.0264
      vertex 30.7393 189 15.3368
    endloop
  endfacet
  facet normal -0.980651 0 -0.195763
    outer loop
      vertex 109.739 184.1 15.6632
      vertex 109.707 189 15.8235
      vertex 109.739 189 15.6632
    endloop
  endfacet
  facet normal -0.980651 -0 -0.195763
    outer loop
      vertex 109.707 189 15.8235
      vertex 109.739 184.1 15.6632
      vertex 109.707 184.1 15.8235
    endloop
  endfacet
  facet normal -0.980651 0 0.195763
    outer loop
      vertex 109.707 184.1 15.1765
      vertex 109.739 189 15.3368
      vertex 109.707 189 15.1765
    endloop
  endfacet
  facet normal -0.980651 0 0.195763
    outer loop
      vertex 109.739 189 15.3368
      vertex 109.707 184.1 15.1765
      vertex 109.739 184.1 15.3368
    endloop
  endfacet
  facet normal -0.997736 0 0.0672494
    outer loop
      vertex 109.739 184.1 15.3368
      vertex 109.75 189 15.5
      vertex 109.739 189 15.3368
    endloop
  endfacet
  facet normal -0.997736 0 0.0672494
    outer loop
      vertex 109.75 189 15.5
      vertex 109.739 184.1 15.3368
      vertex 109.75 184.1 15.5
    endloop
  endfacet
  facet normal -0.948008 0 0.318247
    outer loop
      vertex 109.655 184.1 15.0216
      vertex 109.707 189 15.1765
      vertex 109.655 189 15.0216
    endloop
  endfacet
  facet normal -0.948008 0 0.318247
    outer loop
      vertex 109.707 189 15.1765
      vertex 109.655 184.1 15.0216
      vertex 109.707 184.1 15.1765
    endloop
  endfacet
  facet normal 0.997736 -0 0.0672494
    outer loop
      vertex 107.25 184.1 15.5
      vertex 107.261 189 15.3368
      vertex 107.25 189 15.5
    endloop
  endfacet
  facet normal 0.997736 0 0.0672494
    outer loop
      vertex 107.261 189 15.3368
      vertex 107.25 184.1 15.5
      vertex 107.261 184.1 15.3368
    endloop
  endfacet
  facet normal -0.441835 0 -0.897096
    outer loop
      vertex 108.978 184.1 16.6549
      vertex 109.125 189 16.5825
      vertex 109.125 184.1 16.5825
    endloop
  endfacet
  facet normal -0.441835 0 -0.897096
    outer loop
      vertex 109.125 189 16.5825
      vertex 108.978 184.1 16.6549
      vertex 108.978 189 16.6549
    endloop
  endfacet
  facet normal -0.194358 0 0.980931
    outer loop
      vertex 108.663 189 14.2607
      vertex 108.824 184.1 14.2926
      vertex 108.824 189 14.2926
    endloop
  endfacet
  facet normal -0.194358 0 0.980931
    outer loop
      vertex 108.824 184.1 14.2926
      vertex 108.663 189 14.2607
      vertex 108.663 184.1 14.2607
    endloop
  endfacet
  facet normal -0.194358 0 -0.980931
    outer loop
      vertex 108.663 184.1 16.7393
      vertex 108.824 189 16.7074
      vertex 108.824 184.1 16.7074
    endloop
  endfacet
  facet normal -0.194358 0 -0.980931
    outer loop
      vertex 108.824 189 16.7074
      vertex 108.663 184.1 16.7393
      vertex 108.663 189 16.7393
    endloop
  endfacet
  facet normal -0.0655032 0 -0.997852
    outer loop
      vertex 108.5 184.1 16.75
      vertex 108.663 189 16.7393
      vertex 108.663 184.1 16.7393
    endloop
  endfacet
  facet normal -0.0655032 0 -0.997852
    outer loop
      vertex 108.663 189 16.7393
      vertex 108.5 184.1 16.75
      vertex 108.5 189 16.75
    endloop
  endfacet
  facet normal 0.65911 0 0.752046
    outer loop
      vertex 107.616 189 14.6161
      vertex 107.739 184.1 14.5083
      vertex 107.739 189 14.5083
    endloop
  endfacet
  facet normal 0.65911 0 0.752046
    outer loop
      vertex 107.739 184.1 14.5083
      vertex 107.616 189 14.6161
      vertex 107.616 184.1 14.6161
    endloop
  endfacet
  facet normal 0.831109 -0 0.55611
    outer loop
      vertex 107.417 184.1 14.875
      vertex 107.508 189 14.739
      vertex 107.417 189 14.875
    endloop
  endfacet
  facet normal 0.831109 0 0.55611
    outer loop
      vertex 107.508 189 14.739
      vertex 107.417 184.1 14.875
      vertex 107.508 184.1 14.739
    endloop
  endfacet
  facet normal -0.323224 0 0.946322
    outer loop
      vertex 108.824 189 14.2926
      vertex 108.978 184.1 14.3452
      vertex 108.978 189 14.3452
    endloop
  endfacet
  facet normal -0.323224 0 0.946322
    outer loop
      vertex 108.978 184.1 14.3452
      vertex 108.824 189 14.2926
      vertex 108.824 184.1 14.2926
    endloop
  endfacet
  facet normal -0.65911 0 -0.752046
    outer loop
      vertex 109.261 184.1 16.4917
      vertex 109.384 189 16.3839
      vertex 109.384 184.1 16.3839
    endloop
  endfacet
  facet normal -0.65911 0 -0.752046
    outer loop
      vertex 109.384 189 16.3839
      vertex 109.261 184.1 16.4917
      vertex 109.261 189 16.4917
    endloop
  endfacet
  facet normal 0.441344 0 0.897338
    outer loop
      vertex 107.875 189 14.4175
      vertex 108.022 184.1 14.3452
      vertex 108.022 189 14.3452
    endloop
  endfacet
  facet normal 0.441344 0 0.897338
    outer loop
      vertex 108.022 184.1 14.3452
      vertex 107.875 189 14.4175
      vertex 107.875 184.1 14.4175
    endloop
  endfacet
  facet normal 0.0655032 0 -0.997852
    outer loop
      vertex 108.337 184.1 16.7393
      vertex 108.5 189 16.75
      vertex 108.5 184.1 16.75
    endloop
  endfacet
  facet normal 0.0655032 0 -0.997852
    outer loop
      vertex 108.5 189 16.75
      vertex 108.337 184.1 16.7393
      vertex 108.337 189 16.7393
    endloop
  endfacet
  facet normal -0.751174 0 -0.660104
    outer loop
      vertex 109.492 184.1 16.261
      vertex 109.384 189 16.3839
      vertex 109.492 189 16.261
    endloop
  endfacet
  facet normal -0.751174 -0 -0.660104
    outer loop
      vertex 109.384 189 16.3839
      vertex 109.492 184.1 16.261
      vertex 109.384 184.1 16.3839
    endloop
  endfacet
  facet normal 0.948008 0 -0.318247
    outer loop
      vertex 107.345 184.1 15.9784
      vertex 107.293 189 15.8235
      vertex 107.345 189 15.9784
    endloop
  endfacet
  facet normal 0.948008 0 -0.318247
    outer loop
      vertex 107.293 189 15.8235
      vertex 107.345 184.1 15.9784
      vertex 107.293 184.1 15.8235
    endloop
  endfacet
  facet normal -0.322674 0 -0.94651
    outer loop
      vertex 108.824 184.1 16.7074
      vertex 108.978 189 16.6549
      vertex 108.978 184.1 16.6549
    endloop
  endfacet
  facet normal -0.322674 0 -0.94651
    outer loop
      vertex 108.978 189 16.6549
      vertex 108.824 184.1 16.7074
      vertex 108.824 189 16.7074
    endloop
  endfacet
  facet normal 0.323224 0 0.946322
    outer loop
      vertex 108.022 189 14.3452
      vertex 108.176 184.1 14.2926
      vertex 108.176 189 14.2926
    endloop
  endfacet
  facet normal 0.323224 0 0.946322
    outer loop
      vertex 108.176 184.1 14.2926
      vertex 108.022 189 14.3452
      vertex 108.022 184.1 14.3452
    endloop
  endfacet
  facet normal -0.751174 0 0.660104
    outer loop
      vertex 109.384 184.1 14.6161
      vertex 109.492 189 14.739
      vertex 109.384 189 14.6161
    endloop
  endfacet
  facet normal -0.751174 0 0.660104
    outer loop
      vertex 109.492 189 14.739
      vertex 109.384 184.1 14.6161
      vertex 109.492 184.1 14.739
    endloop
  endfacet
  facet normal 0.555265 0 0.831674
    outer loop
      vertex 107.739 189 14.5083
      vertex 107.875 184.1 14.4175
      vertex 107.875 189 14.4175
    endloop
  endfacet
  facet normal 0.555265 0 0.831674
    outer loop
      vertex 107.875 184.1 14.4175
      vertex 107.739 189 14.5083
      vertex 107.739 184.1 14.5083
    endloop
  endfacet
  facet normal 0.948008 -0 0.318247
    outer loop
      vertex 107.293 184.1 15.1765
      vertex 107.345 189 15.0216
      vertex 107.293 189 15.1765
    endloop
  endfacet
  facet normal 0.948008 0 0.318247
    outer loop
      vertex 107.345 189 15.0216
      vertex 107.293 184.1 15.1765
      vertex 107.345 184.1 15.0216
    endloop
  endfacet
  facet normal -0.897588 0 0.440835
    outer loop
      vertex 109.583 184.1 14.875
      vertex 109.655 189 15.0216
      vertex 109.583 189 14.875
    endloop
  endfacet
  facet normal -0.897588 0 0.440835
    outer loop
      vertex 109.655 189 15.0216
      vertex 109.583 184.1 14.875
      vertex 109.655 184.1 15.0216
    endloop
  endfacet
  facet normal 0.194358 0 0.980931
    outer loop
      vertex 108.176 189 14.2926
      vertex 108.337 184.1 14.2607
      vertex 108.337 189 14.2607
    endloop
  endfacet
  facet normal 0.194358 0 0.980931
    outer loop
      vertex 108.337 184.1 14.2607
      vertex 108.176 189 14.2926
      vertex 108.176 184.1 14.2926
    endloop
  endfacet
  facet normal -0.65911 0 0.752046
    outer loop
      vertex 109.261 189 14.5083
      vertex 109.384 184.1 14.6161
      vertex 109.384 189 14.6161
    endloop
  endfacet
  facet normal -0.65911 0 0.752046
    outer loop
      vertex 109.384 184.1 14.6161
      vertex 109.261 189 14.5083
      vertex 109.261 184.1 14.5083
    endloop
  endfacet
  facet normal -0.997736 0 -0.0672494
    outer loop
      vertex 109.75 184.1 15.5
      vertex 109.739 189 15.6632
      vertex 109.75 189 15.5
    endloop
  endfacet
  facet normal -0.997736 -0 -0.0672494
    outer loop
      vertex 109.739 189 15.6632
      vertex 109.75 184.1 15.5
      vertex 109.739 184.1 15.6632
    endloop
  endfacet
  facet normal -0.441344 0 0.897338
    outer loop
      vertex 108.978 189 14.3452
      vertex 109.125 184.1 14.4175
      vertex 109.125 189 14.4175
    endloop
  endfacet
  facet normal -0.441344 0 0.897338
    outer loop
      vertex 109.125 184.1 14.4175
      vertex 108.978 189 14.3452
      vertex 108.978 184.1 14.3452
    endloop
  endfacet
  facet normal 0.322674 0 -0.94651
    outer loop
      vertex 108.022 184.1 16.6549
      vertex 108.176 189 16.7074
      vertex 108.176 184.1 16.7074
    endloop
  endfacet
  facet normal 0.322674 0 -0.94651
    outer loop
      vertex 108.176 189 16.7074
      vertex 108.022 184.1 16.6549
      vertex 108.022 189 16.6549
    endloop
  endfacet
  facet normal 0.980651 -0 0.195763
    outer loop
      vertex 107.261 184.1 15.3368
      vertex 107.293 189 15.1765
      vertex 107.261 189 15.3368
    endloop
  endfacet
  facet normal 0.980651 0 0.195763
    outer loop
      vertex 107.293 189 15.1765
      vertex 107.261 184.1 15.3368
      vertex 107.293 184.1 15.1765
    endloop
  endfacet
  facet normal 0.0655032 0 0.997852
    outer loop
      vertex 108.337 189 14.2607
      vertex 108.5 184.1 14.25
      vertex 108.5 189 14.25
    endloop
  endfacet
  facet normal 0.0655032 0 0.997852
    outer loop
      vertex 108.5 184.1 14.25
      vertex 108.337 189 14.2607
      vertex 108.337 184.1 14.2607
    endloop
  endfacet
  facet normal -0.948008 0 -0.318247
    outer loop
      vertex 109.707 184.1 15.8235
      vertex 109.655 189 15.9784
      vertex 109.707 189 15.8235
    endloop
  endfacet
  facet normal -0.948008 -0 -0.318247
    outer loop
      vertex 109.655 189 15.9784
      vertex 109.707 184.1 15.8235
      vertex 109.655 184.1 15.9784
    endloop
  endfacet
  facet normal -0.831109 0 0.55611
    outer loop
      vertex 109.492 184.1 14.739
      vertex 109.583 189 14.875
      vertex 109.492 189 14.739
    endloop
  endfacet
  facet normal -0.831109 0 0.55611
    outer loop
      vertex 109.583 189 14.875
      vertex 109.492 184.1 14.739
      vertex 109.583 184.1 14.875
    endloop
  endfacet
  facet normal 0.897588 0 -0.440835
    outer loop
      vertex 107.417 184.1 16.125
      vertex 107.345 189 15.9784
      vertex 107.417 189 16.125
    endloop
  endfacet
  facet normal 0.897588 0 -0.440835
    outer loop
      vertex 107.345 189 15.9784
      vertex 107.417 184.1 16.125
      vertex 107.345 184.1 15.9784
    endloop
  endfacet
  facet normal -0.897588 0 -0.440835
    outer loop
      vertex 109.655 184.1 15.9784
      vertex 109.583 189 16.125
      vertex 109.655 189 15.9784
    endloop
  endfacet
  facet normal -0.897588 -0 -0.440835
    outer loop
      vertex 109.583 189 16.125
      vertex 109.655 184.1 15.9784
      vertex 109.583 184.1 16.125
    endloop
  endfacet
  facet normal 0.751174 0 -0.660104
    outer loop
      vertex 107.616 184.1 16.3839
      vertex 107.508 189 16.261
      vertex 107.616 189 16.3839
    endloop
  endfacet
  facet normal 0.751174 0 -0.660104
    outer loop
      vertex 107.508 189 16.261
      vertex 107.616 184.1 16.3839
      vertex 107.508 184.1 16.261
    endloop
  endfacet
  facet normal -0.831109 0 -0.55611
    outer loop
      vertex 109.583 184.1 16.125
      vertex 109.492 189 16.261
      vertex 109.583 189 16.125
    endloop
  endfacet
  facet normal -0.831109 -0 -0.55611
    outer loop
      vertex 109.492 189 16.261
      vertex 109.583 184.1 16.125
      vertex 109.492 184.1 16.261
    endloop
  endfacet
  facet normal 0 1 0
    outer loop
      vertex 108.663 184.1 16.7393
      vertex 108.337 184.1 16.7393
      vertex 108.5 184.1 16.75
    endloop
  endfacet
  facet normal 0 1 0
    outer loop
      vertex 108.824 184.1 16.7074
      vertex 108.337 184.1 16.7393
      vertex 108.663 184.1 16.7393
    endloop
  endfacet
  facet normal 0 1 0
    outer loop
      vertex 108.824 184.1 16.7074
      vertex 108.176 184.1 16.7074
      vertex 108.337 184.1 16.7393
    endloop
  endfacet
  facet normal 0 1 0
    outer loop
      vertex 108.978 184.1 16.6549
      vertex 108.176 184.1 16.7074
      vertex 108.824 184.1 16.7074
    endloop
  endfacet
  facet normal 0 1 0
    outer loop
      vertex 108.978 184.1 16.6549
      vertex 108.022 184.1 16.6549
      vertex 108.176 184.1 16.7074
    endloop
  endfacet
  facet normal 0 1 0
    outer loop
      vertex 109.125 184.1 16.5825
      vertex 108.022 184.1 16.6549
      vertex 108.978 184.1 16.6549
    endloop
  endfacet
  facet normal 0 1 0
    outer loop
      vertex 109.125 184.1 16.5825
      vertex 107.875 184.1 16.5825
      vertex 108.022 184.1 16.6549
    endloop
  endfacet
  facet normal 0 1 0
    outer loop
      vertex 109.261 184.1 16.4917
      vertex 107.875 184.1 16.5825
      vertex 109.125 184.1 16.5825
    endloop
  endfacet
  facet normal 0 1 0
    outer loop
      vertex 109.261 184.1 16.4917
      vertex 107.739 184.1 16.4917
      vertex 107.875 184.1 16.5825
    endloop
  endfacet
  facet normal 0 1 0
    outer loop
      vertex 109.384 184.1 16.3839
      vertex 107.739 184.1 16.4917
      vertex 109.261 184.1 16.4917
    endloop
  endfacet
  facet normal 0 1 0
    outer loop
      vertex 109.384 184.1 16.3839
      vertex 107.616 184.1 16.3839
      vertex 107.739 184.1 16.4917
    endloop
  endfacet
  facet normal 0 1 0
    outer loop
      vertex 109.492 184.1 16.261
      vertex 107.616 184.1 16.3839
      vertex 109.384 184.1 16.3839
    endloop
  endfacet
  facet normal 0 1 0
    outer loop
      vertex 109.492 184.1 16.261
      vertex 107.508 184.1 16.261
      vertex 107.616 184.1 16.3839
    endloop
  endfacet
  facet normal 0 1 0
    outer loop
      vertex 109.583 184.1 16.125
      vertex 107.508 184.1 16.261
      vertex 109.492 184.1 16.261
    endloop
  endfacet
  facet normal 0 1 0
    outer loop
      vertex 109.583 184.1 16.125
      vertex 107.417 184.1 16.125
      vertex 107.508 184.1 16.261
    endloop
  endfacet
  facet normal 0 1 0
    outer loop
      vertex 109.655 184.1 15.9784
      vertex 107.417 184.1 16.125
      vertex 109.583 184.1 16.125
    endloop
  endfacet
  facet normal 0 1 0
    outer loop
      vertex 109.655 184.1 15.9784
      vertex 107.345 184.1 15.9784
      vertex 107.417 184.1 16.125
    endloop
  endfacet
  facet normal 0 1 0
    outer loop
      vertex 109.707 184.1 15.8235
      vertex 107.345 184.1 15.9784
      vertex 109.655 184.1 15.9784
    endloop
  endfacet
  facet normal 0 1 0
    outer loop
      vertex 109.707 184.1 15.8235
      vertex 107.293 184.1 15.8235
      vertex 107.345 184.1 15.9784
    endloop
  endfacet
  facet normal 0 1 0
    outer loop
      vertex 109.739 184.1 15.6632
      vertex 107.293 184.1 15.8235
      vertex 109.707 184.1 15.8235
    endloop
  endfacet
  facet normal 0 1 0
    outer loop
      vertex 109.739 184.1 15.6632
      vertex 107.261 184.1 15.6632
      vertex 107.293 184.1 15.8235
    endloop
  endfacet
  facet normal 0 1 0
    outer loop
      vertex 109.75 184.1 15.5
      vertex 107.261 184.1 15.6632
      vertex 109.739 184.1 15.6632
    endloop
  endfacet
  facet normal 0 1 0
    outer loop
      vertex 109.75 184.1 15.5
      vertex 107.25 184.1 15.5
      vertex 107.261 184.1 15.6632
    endloop
  endfacet
  facet normal 0 1 -0
    outer loop
      vertex 109.739 184.1 15.3368
      vertex 107.25 184.1 15.5
      vertex 109.75 184.1 15.5
    endloop
  endfacet
  facet normal 0 1 0
    outer loop
      vertex 109.739 184.1 15.3368
      vertex 107.261 184.1 15.3368
      vertex 107.25 184.1 15.5
    endloop
  endfacet
  facet normal 0 1 -0
    outer loop
      vertex 109.707 184.1 15.1765
      vertex 107.261 184.1 15.3368
      vertex 109.739 184.1 15.3368
    endloop
  endfacet
  facet normal 0 1 0
    outer loop
      vertex 109.707 184.1 15.1765
      vertex 107.293 184.1 15.1765
      vertex 107.261 184.1 15.3368
    endloop
  endfacet
  facet normal 0 1 -0
    outer loop
      vertex 109.655 184.1 15.0216
      vertex 107.293 184.1 15.1765
      vertex 109.707 184.1 15.1765
    endloop
  endfacet
  facet normal 0 1 0
    outer loop
      vertex 109.655 184.1 15.0216
      vertex 107.345 184.1 15.0216
      vertex 107.293 184.1 15.1765
    endloop
  endfacet
  facet normal 0 1 -0
    outer loop
      vertex 109.583 184.1 14.875
      vertex 107.345 184.1 15.0216
      vertex 109.655 184.1 15.0216
    endloop
  endfacet
  facet normal 0 1 0
    outer loop
      vertex 109.583 184.1 14.875
      vertex 107.417 184.1 14.875
      vertex 107.345 184.1 15.0216
    endloop
  endfacet
  facet normal 0 1 -0
    outer loop
      vertex 109.492 184.1 14.739
      vertex 107.417 184.1 14.875
      vertex 109.583 184.1 14.875
    endloop
  endfacet
  facet normal 0 1 0
    outer loop
      vertex 109.492 184.1 14.739
      vertex 107.508 184.1 14.739
      vertex 107.417 184.1 14.875
    endloop
  endfacet
  facet normal 0 1 -0
    outer loop
      vertex 109.384 184.1 14.6161
      vertex 107.508 184.1 14.739
      vertex 109.492 184.1 14.739
    endloop
  endfacet
  facet normal 0 1 0
    outer loop
      vertex 109.384 184.1 14.6161
      vertex 107.616 184.1 14.6161
      vertex 107.508 184.1 14.739
    endloop
  endfacet
  facet normal 0 1 -0
    outer loop
      vertex 109.261 184.1 14.5083
      vertex 107.616 184.1 14.6161
      vertex 109.384 184.1 14.6161
    endloop
  endfacet
  facet normal 0 1 0
    outer loop
      vertex 109.261 184.1 14.5083
      vertex 107.739 184.1 14.5083
      vertex 107.616 184.1 14.6161
    endloop
  endfacet
  facet normal 0 1 -0
    outer loop
      vertex 109.125 184.1 14.4175
      vertex 107.739 184.1 14.5083
      vertex 109.261 184.1 14.5083
    endloop
  endfacet
  facet normal 0 1 0
    outer loop
      vertex 109.125 184.1 14.4175
      vertex 107.875 184.1 14.4175
      vertex 107.739 184.1 14.5083
    endloop
  endfacet
  facet normal 0 1 -0
    outer loop
      vertex 108.978 184.1 14.3452
      vertex 107.875 184.1 14.4175
      vertex 109.125 184.1 14.4175
    endloop
  endfacet
  facet normal 0 1 0
    outer loop
      vertex 108.978 184.1 14.3452
      vertex 108.022 184.1 14.3452
      vertex 107.875 184.1 14.4175
    endloop
  endfacet
  facet normal 0 1 -0
    outer loop
      vertex 108.824 184.1 14.2926
      vertex 108.022 184.1 14.3452
      vertex 108.978 184.1 14.3452
    endloop
  endfacet
  facet normal 0 1 0
    outer loop
      vertex 108.824 184.1 14.2926
      vertex 108.176 184.1 14.2926
      vertex 108.022 184.1 14.3452
    endloop
  endfacet
  facet normal 0 1 -0
    outer loop
      vertex 108.663 184.1 14.2607
      vertex 108.176 184.1 14.2926
      vertex 108.824 184.1 14.2926
    endloop
  endfacet
  facet normal 0 1 0
    outer loop
      vertex 108.663 184.1 14.2607
      vertex 108.337 184.1 14.2607
      vertex 108.176 184.1 14.2926
    endloop
  endfacet
  facet normal -0 1 0
    outer loop
      vertex 108.337 184.1 14.2607
      vertex 108.663 184.1 14.2607
      vertex 108.5 184.1 14.25
    endloop
  endfacet
  facet normal 0.751174 -0 0.660104
    outer loop
      vertex 107.508 184.1 14.739
      vertex 107.616 189 14.6161
      vertex 107.508 189 14.739
    endloop
  endfacet
  facet normal 0.751174 0 0.660104
    outer loop
      vertex 107.616 189 14.6161
      vertex 107.508 184.1 14.739
      vertex 107.616 184.1 14.6161
    endloop
  endfacet
  facet normal -0.0655032 0 0.997852
    outer loop
      vertex 108.5 189 14.25
      vertex 108.663 184.1 14.2607
      vertex 108.663 189 14.2607
    endloop
  endfacet
  facet normal -0.0655032 0 0.997852
    outer loop
      vertex 108.663 184.1 14.2607
      vertex 108.5 189 14.25
      vertex 108.5 184.1 14.25
    endloop
  endfacet
  facet normal -0.555265 0 0.831674
    outer loop
      vertex 109.125 189 14.4175
      vertex 109.261 184.1 14.5083
      vertex 109.261 189 14.5083
    endloop
  endfacet
  facet normal -0.555265 0 0.831674
    outer loop
      vertex 109.261 184.1 14.5083
      vertex 109.125 189 14.4175
      vertex 109.125 184.1 14.4175
    endloop
  endfacet
  facet normal 0.441835 0 -0.897096
    outer loop
      vertex 107.875 184.1 16.5825
      vertex 108.022 189 16.6549
      vertex 108.022 184.1 16.6549
    endloop
  endfacet
  facet normal 0.441835 0 -0.897096
    outer loop
      vertex 108.022 189 16.6549
      vertex 107.875 184.1 16.5825
      vertex 107.875 189 16.5825
    endloop
  endfacet
  facet normal 0.831109 0 -0.55611
    outer loop
      vertex 107.508 184.1 16.261
      vertex 107.417 189 16.125
      vertex 107.508 189 16.261
    endloop
  endfacet
  facet normal 0.831109 0 -0.55611
    outer loop
      vertex 107.417 189 16.125
      vertex 107.508 184.1 16.261
      vertex 107.417 184.1 16.125
    endloop
  endfacet
  facet normal 0.980651 0 -0.195763
    outer loop
      vertex 107.293 184.1 15.8235
      vertex 107.261 189 15.6632
      vertex 107.293 189 15.8235
    endloop
  endfacet
  facet normal 0.980651 0 -0.195763
    outer loop
      vertex 107.261 189 15.6632
      vertex 107.293 184.1 15.8235
      vertex 107.261 184.1 15.6632
    endloop
  endfacet
  facet normal 0.194358 0 -0.980931
    outer loop
      vertex 108.176 184.1 16.7074
      vertex 108.337 189 16.7393
      vertex 108.337 184.1 16.7393
    endloop
  endfacet
  facet normal 0.194358 0 -0.980931
    outer loop
      vertex 108.337 189 16.7393
      vertex 108.176 184.1 16.7074
      vertex 108.176 189 16.7074
    endloop
  endfacet
  facet normal 0.65911 0 -0.752046
    outer loop
      vertex 107.616 184.1 16.3839
      vertex 107.739 189 16.4917
      vertex 107.739 184.1 16.4917
    endloop
  endfacet
  facet normal 0.65911 0 -0.752046
    outer loop
      vertex 107.739 189 16.4917
      vertex 107.616 184.1 16.3839
      vertex 107.616 189 16.3839
    endloop
  endfacet
  facet normal 0.897588 -0 0.440835
    outer loop
      vertex 107.345 184.1 15.0216
      vertex 107.417 189 14.875
      vertex 107.345 189 15.0216
    endloop
  endfacet
  facet normal 0.897588 0 0.440835
    outer loop
      vertex 107.417 189 14.875
      vertex 107.345 184.1 15.0216
      vertex 107.417 184.1 14.875
    endloop
  endfacet
  facet normal 0.997736 0 -0.0672494
    outer loop
      vertex 107.261 184.1 15.6632
      vertex 107.25 189 15.5
      vertex 107.261 189 15.6632
    endloop
  endfacet
  facet normal 0.997736 0 -0.0672494
    outer loop
      vertex 107.25 189 15.5
      vertex 107.261 184.1 15.6632
      vertex 107.25 184.1 15.5
    endloop
  endfacet
  facet normal -0.555265 0 -0.831674
    outer loop
      vertex 109.125 184.1 16.5825
      vertex 109.261 189 16.4917
      vertex 109.261 184.1 16.4917
    endloop
  endfacet
  facet normal -0.555265 0 -0.831674
    outer loop
      vertex 109.261 189 16.4917
      vertex 109.125 184.1 16.5825
      vertex 109.125 189 16.5825
    endloop
  endfacet
  facet normal 0.555265 0 -0.831674
    outer loop
      vertex 107.739 184.1 16.4917
      vertex 107.875 189 16.5825
      vertex 107.875 184.1 16.5825
    endloop
  endfacet
  facet normal 0.555265 0 -0.831674
    outer loop
      vertex 107.875 189 16.5825
      vertex 107.739 184.1 16.4917
      vertex 107.739 189 16.4917
    endloop
  endfacet
  facet normal 0.676698 0.700339 0.227168
    outer loop
      vertex 107.345 189 15.0216
      vertex 106.799 189.6 14.7983
      vertex 107.293 189 15.1765
    endloop
  endfacet
  facet normal 0.662092 0.701067 0.264837
    outer loop
      vertex 106.799 189.6 14.7983
      vertex 107.345 189 15.0216
      vertex 106.8 189.6 14.7958
    endloop
  endfacet
  facet normal 0.228854 0.700376 0.676091
    outer loop
      vertex 108.176 189 14.2926
      vertex 108.024 189.6 13.7225
      vertex 107.798 189.6 13.799
    endloop
  endfacet
  facet normal 0.138712 0.700458 0.700084
    outer loop
      vertex 108.026 189.6 13.722
      vertex 108.176 189 14.2926
      vertex 108.337 189 14.2607
    endloop
  endfacet
  facet normal 0.172942 0.701106 0.691767
    outer loop
      vertex 108.176 189 14.2926
      vertex 108.026 189.6 13.722
      vertex 108.024 189.6 13.7225
    endloop
  endfacet
  facet normal 0.699615 0.700738 0.139661
    outer loop
      vertex 107.293 189 15.1765
      vertex 106.722 189.6 15.0264
      vertex 107.261 189 15.3368
    endloop
  endfacet
  facet normal 0.669983 0.699677 0.248142
    outer loop
      vertex 106.722 189.6 15.0264
      vertex 107.293 189 15.1765
      vertex 106.723 189.6 15.0237
    endloop
  endfacet
  facet normal -0.712302 0.70043 0.0449875
    outer loop
      vertex 110.34 189.6 15.5
      vertex 110.325 189.6 15.2625
      vertex 109.75 189 15.5
    endloop
  endfacet
  facet normal -0.67686 0.69211 0.250689
    outer loop
      vertex 109.739 189 15.3368
      vertex 110.325 189.6 15.2625
      vertex 110.324 189.6 15.2598
    endloop
  endfacet
  facet normal -0.711605 0.700941 0.0479636
    outer loop
      vertex 110.325 189.6 15.2625
      vertex 109.739 189 15.3368
      vertex 109.75 189 15.5
    endloop
  endfacet
  facet normal -0.228854 0.700376 0.676091
    outer loop
      vertex 109.202 189.6 13.799
      vertex 108.976 189.6 13.7225
      vertex 108.824 189 14.2926
    endloop
  endfacet
  facet normal -0.592425 0.700368 -0.398143
    outer loop
      vertex 109.961 189.6 16.618
      vertex 110.094 189.6 16.4201
      vertex 109.583 189 16.125
    endloop
  endfacet
  facet normal -0.536645 0.700332 -0.470688
    outer loop
      vertex 109.801 189.6 16.8012
      vertex 109.958 189.6 16.6222
      vertex 109.384 189 16.3839
    endloop
  endfacet
  facet normal -0.711605 0.700941 -0.0479636
    outer loop
      vertex 109.739 189 15.6632
      vertex 110.325 189.6 15.7375
      vertex 109.75 189 15.5
    endloop
  endfacet
  facet normal -0.67686 0.69211 -0.250689
    outer loop
      vertex 110.325 189.6 15.7375
      vertex 109.739 189 15.6632
      vertex 110.324 189.6 15.7402
    endloop
  endfacet
  facet normal 0.592425 0.700368 -0.398143
    outer loop
      vertex 107.039 189.6 16.618
      vertex 107.417 189 16.125
      vertex 106.906 189.6 16.4201
    endloop
  endfacet
  facet normal -0.228854 0.700376 -0.676091
    outer loop
      vertex 108.976 189.6 17.2775
      vertex 109.202 189.6 17.201
      vertex 108.824 189 16.7074
    endloop
  endfacet
  facet normal -0.506323 0.69805 -0.506323
    outer loop
      vertex 109.492 189 16.261
      vertex 109.958 189.6 16.6222
      vertex 109.96 189.6 16.6202
    endloop
  endfacet
  facet normal -0.536285 0.700218 -0.471268
    outer loop
      vertex 109.958 189.6 16.6222
      vertex 109.492 189 16.261
      vertex 109.384 189 16.3839
    endloop
  endfacet
  facet normal -0.477716 0.700031 -0.530796
    outer loop
      vertex 109.622 189.6 16.9581
      vertex 109.261 189 16.4917
      vertex 109.62 189.6 16.9599
    endloop
  endfacet
  facet normal -0.470473 0.700349 -0.536811
    outer loop
      vertex 109.261 189 16.4917
      vertex 109.622 189.6 16.9581
      vertex 109.384 189 16.3839
    endloop
  endfacet
  facet normal 0.536645 0.700332 -0.470688
    outer loop
      vertex 107.199 189.6 16.8012
      vertex 107.616 189 16.3839
      vertex 107.042 189.6 16.6222
    endloop
  endfacet
  facet normal -0.470513 0.700341 -0.536786
    outer loop
      vertex 109.622 189.6 16.9581
      vertex 109.801 189.6 16.8012
      vertex 109.384 189 16.3839
    endloop
  endfacet
  facet normal -0.657444 0.691711 -0.298838
    outer loop
      vertex 109.961 189.6 16.618
      vertex 109.492 189 16.261
      vertex 109.96 189.6 16.6202
    endloop
  endfacet
  facet normal -0.59343 0.700124 -0.397074
    outer loop
      vertex 109.492 189 16.261
      vertex 109.961 189.6 16.618
      vertex 109.583 189 16.125
    endloop
  endfacet
  facet normal -0.700238 0.700443 -0.138008
    outer loop
      vertex 110.278 189.6 15.9736
      vertex 110.324 189.6 15.7402
      vertex 109.739 189 15.6632
    endloop
  endfacet
  facet normal 0.662092 0.701067 -0.264837
    outer loop
      vertex 107.345 189 15.9784
      vertex 106.799 189.6 16.2017
      vertex 106.8 189.6 16.2042
    endloop
  endfacet
  facet normal 0.676698 0.700339 -0.227168
    outer loop
      vertex 106.799 189.6 16.2017
      vertex 107.345 189 15.9784
      vertex 107.293 189 15.8235
    endloop
  endfacet
  facet normal -0.172942 0.701106 -0.691767
    outer loop
      vertex 108.824 189 16.7074
      vertex 108.974 189.6 17.278
      vertex 108.976 189.6 17.2775
    endloop
  endfacet
  facet normal -0.138712 0.700458 -0.700084
    outer loop
      vertex 108.974 189.6 17.278
      vertex 108.824 189 16.7074
      vertex 108.663 189 16.7393
    endloop
  endfacet
  facet normal -0.0709569 0.701054 0.709569
    outer loop
      vertex 108.738 189.6 13.6754
      vertex 108.663 189 14.2607
      vertex 108.74 189.6 13.6756
    endloop
  endfacet
  facet normal -0.046746 0.700508 0.712112
    outer loop
      vertex 108.663 189 14.2607
      vertex 108.738 189.6 13.6754
      vertex 108.5 189 14.25
    endloop
  endfacet
  facet normal -0.427828 0.701116 -0.570438
    outer loop
      vertex 109.261 189 16.4917
      vertex 109.618 189.6 16.9614
      vertex 109.62 189.6 16.9599
    endloop
  endfacet
  facet normal -0.396291 0.700454 -0.593563
    outer loop
      vertex 109.618 189.6 16.9614
      vertex 109.261 189 16.4917
      vertex 109.125 189 16.5825
    endloop
  endfacet
  facet normal 0.712302 0.70043 0.0449875
    outer loop
      vertex 107.25 189 15.5
      vertex 106.675 189.6 15.2625
      vertex 106.66 189.6 15.5
    endloop
  endfacet
  facet normal -0.662092 0.701067 -0.264837
    outer loop
      vertex 110.201 189.6 16.2017
      vertex 109.655 189 15.9784
      vertex 110.2 189.6 16.2042
    endloop
  endfacet
  facet normal -0.676698 0.700339 -0.227168
    outer loop
      vertex 109.655 189 15.9784
      vertex 110.201 189.6 16.2017
      vertex 109.707 189 15.8235
    endloop
  endfacet
  facet normal -0.172942 0.701106 0.691767
    outer loop
      vertex 108.974 189.6 13.722
      vertex 108.824 189 14.2926
      vertex 108.976 189.6 13.7225
    endloop
  endfacet
  facet normal -0.138712 0.700458 0.700084
    outer loop
      vertex 108.824 189 14.2926
      vertex 108.974 189.6 13.722
      vertex 108.663 189 14.2607
    endloop
  endfacet
  facet normal -0.592425 0.700368 0.398143
    outer loop
      vertex 110.094 189.6 14.5799
      vertex 109.961 189.6 14.382
      vertex 109.583 189 14.875
    endloop
  endfacet
  facet normal 0.0466773 0.700496 -0.712128
    outer loop
      vertex 108.5 189.6 17.3402
      vertex 108.5 189 16.75
      vertex 108.262 189.6 17.3246
    endloop
  endfacet
  facet normal 0.138813 0.700476 -0.700046
    outer loop
      vertex 108.26 189.6 17.3244
      vertex 108.337 189 16.7393
      vertex 108.026 189.6 17.278
    endloop
  endfacet
  facet normal -0.658218 0.701093 -0.274257
    outer loop
      vertex 109.655 189 15.9784
      vertex 110.199 189.6 16.2066
      vertex 110.2 189.6 16.2042
    endloop
  endfacet
  facet normal -0.640596 0.700466 -0.314617
    outer loop
      vertex 110.199 189.6 16.2066
      vertex 109.655 189 15.9784
      vertex 109.583 189 16.125
    endloop
  endfacet
  facet normal 0.046746 0.700508 -0.712112
    outer loop
      vertex 108.337 189 16.7393
      vertex 108.262 189.6 17.3246
      vertex 108.5 189 16.75
    endloop
  endfacet
  facet normal 0.0709569 0.701054 -0.709569
    outer loop
      vertex 108.262 189.6 17.3246
      vertex 108.337 189 16.7393
      vertex 108.26 189.6 17.3244
    endloop
  endfacet
  facet normal -0.0466773 0.700496 -0.712128
    outer loop
      vertex 108.5 189.6 17.3402
      vertex 108.738 189.6 17.3246
      vertex 108.5 189 16.75
    endloop
  endfacet
  facet normal 0.536285 0.700218 0.471268
    outer loop
      vertex 107.042 189.6 14.3778
      vertex 107.508 189 14.739
      vertex 107.616 189 14.6161
    endloop
  endfacet
  facet normal 0.506323 0.69805 0.506323
    outer loop
      vertex 107.508 189 14.739
      vertex 107.042 189.6 14.3778
      vertex 107.04 189.6 14.3798
    endloop
  endfacet
  facet normal 0.676245 0.700501 0.228015
    outer loop
      vertex 107.293 189 15.1765
      vertex 106.799 189.6 14.7983
      vertex 106.723 189.6 15.0237
    endloop
  endfacet
  facet normal -0.676245 0.700501 -0.228015
    outer loop
      vertex 110.201 189.6 16.2017
      vertex 110.277 189.6 15.9763
      vertex 109.707 189 15.8235
    endloop
  endfacet
  facet normal -0.712302 0.70043 -0.0449875
    outer loop
      vertex 110.325 189.6 15.7375
      vertex 110.34 189.6 15.5
      vertex 109.75 189 15.5
    endloop
  endfacet
  facet normal -0.470513 0.700341 0.536786
    outer loop
      vertex 109.801 189.6 14.1988
      vertex 109.622 189.6 14.0419
      vertex 109.384 189 14.6161
    endloop
  endfacet
  facet normal -0.292619 0.701093 -0.650264
    outer loop
      vertex 108.978 189 16.6549
      vertex 109.202 189.6 17.201
      vertex 109.204 189.6 17.2001
    endloop
  endfacet
  facet normal -0.230234 0.700637 -0.675352
    outer loop
      vertex 109.202 189.6 17.201
      vertex 108.978 189 16.6549
      vertex 108.824 189 16.7074
    endloop
  endfacet
  facet normal 0.657444 0.691711 -0.298838
    outer loop
      vertex 107.508 189 16.261
      vertex 107.039 189.6 16.618
      vertex 107.04 189.6 16.6202
    endloop
  endfacet
  facet normal 0.59343 0.700124 -0.397074
    outer loop
      vertex 107.039 189.6 16.618
      vertex 107.508 189 16.261
      vertex 107.417 189 16.125
    endloop
  endfacet
  facet normal -0.26478 0.701224 -0.661949
    outer loop
      vertex 109.207 189.6 17.1989
      vertex 108.978 189 16.6549
      vertex 109.204 189.6 17.2001
    endloop
  endfacet
  facet normal -0.315249 0.700657 -0.640077
    outer loop
      vertex 108.978 189 16.6549
      vertex 109.207 189.6 17.1989
      vertex 109.125 189 16.5825
    endloop
  endfacet
  facet normal 0.700238 0.700443 -0.138008
    outer loop
      vertex 106.722 189.6 15.9736
      vertex 107.261 189 15.6632
      vertex 106.676 189.6 15.7402
    endloop
  endfacet
  facet normal -0.316278 0.700477 -0.639765
    outer loop
      vertex 109.207 189.6 17.1989
      vertex 109.42 189.6 17.0936
      vertex 109.125 189 16.5825
    endloop
  endfacet
  facet normal -0.396302 0.700457 -0.593553
    outer loop
      vertex 109.42 189.6 17.0936
      vertex 109.618 189.6 16.9614
      vertex 109.125 189 16.5825
    endloop
  endfacet
  facet normal 0.59343 0.700124 0.397074
    outer loop
      vertex 107.508 189 14.739
      vertex 107.039 189.6 14.382
      vertex 107.417 189 14.875
    endloop
  endfacet
  facet normal 0.657444 0.691711 0.298838
    outer loop
      vertex 107.039 189.6 14.382
      vertex 107.508 189 14.739
      vertex 107.04 189.6 14.3798
    endloop
  endfacet
  facet normal -0.427828 0.701116 0.570438
    outer loop
      vertex 109.618 189.6 14.0386
      vertex 109.261 189 14.5083
      vertex 109.62 189.6 14.0401
    endloop
  endfacet
  facet normal -0.396291 0.700454 0.593563
    outer loop
      vertex 109.261 189 14.5083
      vertex 109.618 189.6 14.0386
      vertex 109.125 189 14.4175
    endloop
  endfacet
  facet normal -0.669983 0.699677 -0.248142
    outer loop
      vertex 110.278 189.6 15.9736
      vertex 109.707 189 15.8235
      vertex 110.277 189.6 15.9763
    endloop
  endfacet
  facet normal -0.699615 0.700738 -0.139661
    outer loop
      vertex 109.707 189 15.8235
      vertex 110.278 189.6 15.9736
      vertex 109.739 189 15.6632
    endloop
  endfacet
  facet normal 0.536645 0.700332 0.470688
    outer loop
      vertex 107.616 189 14.6161
      vertex 107.199 189.6 14.1988
      vertex 107.042 189.6 14.3778
    endloop
  endfacet
  facet normal 0.536285 0.700218 -0.471268
    outer loop
      vertex 107.508 189 16.261
      vertex 107.042 189.6 16.6222
      vertex 107.616 189 16.3839
    endloop
  endfacet
  facet normal 0.506323 0.69805 -0.506323
    outer loop
      vertex 107.042 189.6 16.6222
      vertex 107.508 189 16.261
      vertex 107.04 189.6 16.6202
    endloop
  endfacet
  facet normal 0.316278 0.700477 0.639765
    outer loop
      vertex 107.875 189 14.4175
      vertex 107.793 189.6 13.8011
      vertex 107.58 189.6 13.9064
    endloop
  endfacet
  facet normal -0.59343 0.700124 0.397074
    outer loop
      vertex 109.961 189.6 14.382
      vertex 109.492 189 14.739
      vertex 109.583 189 14.875
    endloop
  endfacet
  facet normal -0.657444 0.691711 0.298838
    outer loop
      vertex 109.492 189 14.739
      vertex 109.961 189.6 14.382
      vertex 109.96 189.6 14.3798
    endloop
  endfacet
  facet normal -0.31487 0.700722 0.640192
    outer loop
      vertex 109.207 189.6 13.8011
      vertex 108.978 189 14.3452
      vertex 109.125 189 14.4175
    endloop
  endfacet
  facet normal -0.264759 0.70128 0.661898
    outer loop
      vertex 108.978 189 14.3452
      vertex 109.207 189.6 13.8011
      vertex 109.204 189.6 13.7999
    endloop
  endfacet
  facet normal -0.640483 0.700401 -0.314992
    outer loop
      vertex 110.094 189.6 16.4201
      vertex 110.199 189.6 16.2066
      vertex 109.583 189 16.125
    endloop
  endfacet
  facet normal 0.640483 0.700401 0.314992
    outer loop
      vertex 107.417 189 14.875
      vertex 106.906 189.6 14.5799
      vertex 106.801 189.6 14.7934
    endloop
  endfacet
  facet normal 0.676245 0.700501 -0.228015
    outer loop
      vertex 106.799 189.6 16.2017
      vertex 107.293 189 15.8235
      vertex 106.723 189.6 15.9763
    endloop
  endfacet
  facet normal 0.669983 0.699677 -0.248142
    outer loop
      vertex 107.293 189 15.8235
      vertex 106.722 189.6 15.9736
      vertex 106.723 189.6 15.9763
    endloop
  endfacet
  facet normal 0.699615 0.700738 -0.139661
    outer loop
      vertex 106.722 189.6 15.9736
      vertex 107.293 189 15.8235
      vertex 107.261 189 15.6632
    endloop
  endfacet
  facet normal -0.138813 0.700476 -0.700046
    outer loop
      vertex 108.74 189.6 17.3244
      vertex 108.974 189.6 17.278
      vertex 108.663 189 16.7393
    endloop
  endfacet
  facet normal -0.0709569 0.701054 -0.709569
    outer loop
      vertex 108.663 189 16.7393
      vertex 108.738 189.6 17.3246
      vertex 108.74 189.6 17.3244
    endloop
  endfacet
  facet normal -0.046746 0.700508 -0.712112
    outer loop
      vertex 108.738 189.6 17.3246
      vertex 108.663 189 16.7393
      vertex 108.5 189 16.75
    endloop
  endfacet
  facet normal 0.477716 0.700031 -0.530796
    outer loop
      vertex 107.739 189 16.4917
      vertex 107.378 189.6 16.9581
      vertex 107.38 189.6 16.9599
    endloop
  endfacet
  facet normal 0.470473 0.700349 -0.536811
    outer loop
      vertex 107.378 189.6 16.9581
      vertex 107.739 189 16.4917
      vertex 107.616 189 16.3839
    endloop
  endfacet
  facet normal 0.470513 0.700341 -0.536786
    outer loop
      vertex 107.378 189.6 16.9581
      vertex 107.616 189 16.3839
      vertex 107.199 189.6 16.8012
    endloop
  endfacet
  facet normal 0.396291 0.700454 0.593563
    outer loop
      vertex 107.382 189.6 14.0386
      vertex 107.739 189 14.5083
      vertex 107.875 189 14.4175
    endloop
  endfacet
  facet normal 0.427828 0.701116 0.570438
    outer loop
      vertex 107.739 189 14.5083
      vertex 107.382 189.6 14.0386
      vertex 107.38 189.6 14.0401
    endloop
  endfacet
  facet normal 0.711605 0.700941 0.0479636
    outer loop
      vertex 107.261 189 15.3368
      vertex 106.675 189.6 15.2625
      vertex 107.25 189 15.5
    endloop
  endfacet
  facet normal 0.67686 0.69211 0.250689
    outer loop
      vertex 106.675 189.6 15.2625
      vertex 107.261 189 15.3368
      vertex 106.676 189.6 15.2598
    endloop
  endfacet
  facet normal -0.506323 0.69805 0.506323
    outer loop
      vertex 109.958 189.6 14.3778
      vertex 109.492 189 14.739
      vertex 109.96 189.6 14.3798
    endloop
  endfacet
  facet normal -0.536285 0.700218 0.471268
    outer loop
      vertex 109.492 189 14.739
      vertex 109.958 189.6 14.3778
      vertex 109.384 189 14.6161
    endloop
  endfacet
  facet normal 0.700238 0.700443 0.138008
    outer loop
      vertex 107.261 189 15.3368
      vertex 106.722 189.6 15.0264
      vertex 106.676 189.6 15.2598
    endloop
  endfacet
  facet normal 0.138813 0.700476 0.700046
    outer loop
      vertex 108.337 189 14.2607
      vertex 108.26 189.6 13.6756
      vertex 108.026 189.6 13.722
    endloop
  endfacet
  facet normal 0.67686 0.69211 -0.250689
    outer loop
      vertex 107.261 189 15.6632
      vertex 106.675 189.6 15.7375
      vertex 106.676 189.6 15.7402
    endloop
  endfacet
  facet normal 0.711605 0.700941 -0.0479636
    outer loop
      vertex 106.675 189.6 15.7375
      vertex 107.261 189 15.6632
      vertex 107.25 189 15.5
    endloop
  endfacet
  facet normal -0.640483 0.700401 0.314992
    outer loop
      vertex 110.199 189.6 14.7934
      vertex 110.094 189.6 14.5799
      vertex 109.583 189 14.875
    endloop
  endfacet
  facet normal -0.396302 0.700457 0.593553
    outer loop
      vertex 109.618 189.6 14.0386
      vertex 109.42 189.6 13.9064
      vertex 109.125 189 14.4175
    endloop
  endfacet
  facet normal -0.658218 0.701093 0.274257
    outer loop
      vertex 110.199 189.6 14.7934
      vertex 109.655 189 15.0216
      vertex 110.2 189.6 14.7958
    endloop
  endfacet
  facet normal -0.640596 0.700466 0.314617
    outer loop
      vertex 109.655 189 15.0216
      vertex 110.199 189.6 14.7934
      vertex 109.583 189 14.875
    endloop
  endfacet
  facet normal 0.230234 0.700637 -0.675352
    outer loop
      vertex 108.022 189 16.6549
      vertex 107.798 189.6 17.201
      vertex 108.176 189 16.7074
    endloop
  endfacet
  facet normal 0.292619 0.701093 -0.650264
    outer loop
      vertex 107.798 189.6 17.201
      vertex 108.022 189 16.6549
      vertex 107.796 189.6 17.2001
    endloop
  endfacet
  facet normal 0.640596 0.700466 -0.314617
    outer loop
      vertex 107.345 189 15.9784
      vertex 106.801 189.6 16.2066
      vertex 107.417 189 16.125
    endloop
  endfacet
  facet normal 0.658218 0.701093 -0.274257
    outer loop
      vertex 106.801 189.6 16.2066
      vertex 107.345 189 15.9784
      vertex 106.8 189.6 16.2042
    endloop
  endfacet
  facet normal 0.640483 0.700401 -0.314992
    outer loop
      vertex 106.906 189.6 16.4201
      vertex 107.417 189 16.125
      vertex 106.801 189.6 16.2066
    endloop
  endfacet
  facet normal -0.536645 0.700332 0.470688
    outer loop
      vertex 109.958 189.6 14.3778
      vertex 109.801 189.6 14.1988
      vertex 109.384 189 14.6161
    endloop
  endfacet
  facet normal -0.316278 0.700477 0.639765
    outer loop
      vertex 109.42 189.6 13.9064
      vertex 109.207 189.6 13.8011
      vertex 109.125 189 14.4175
    endloop
  endfacet
  facet normal -0.470473 0.700349 0.536811
    outer loop
      vertex 109.622 189.6 14.0419
      vertex 109.261 189 14.5083
      vertex 109.384 189 14.6161
    endloop
  endfacet
  facet normal -0.477716 0.700031 0.530796
    outer loop
      vertex 109.261 189 14.5083
      vertex 109.622 189.6 14.0419
      vertex 109.62 189.6 14.0401
    endloop
  endfacet
  facet normal 0.138712 0.700458 -0.700084
    outer loop
      vertex 108.176 189 16.7074
      vertex 108.026 189.6 17.278
      vertex 108.337 189 16.7393
    endloop
  endfacet
  facet normal 0.172942 0.701106 -0.691767
    outer loop
      vertex 108.026 189.6 17.278
      vertex 108.176 189 16.7074
      vertex 108.024 189.6 17.2775
    endloop
  endfacet
  facet normal 0.396302 0.700457 0.593553
    outer loop
      vertex 107.875 189 14.4175
      vertex 107.58 189.6 13.9064
      vertex 107.382 189.6 14.0386
    endloop
  endfacet
  facet normal 0.712302 0.70043 -0.0449875
    outer loop
      vertex 106.675 189.6 15.7375
      vertex 107.25 189 15.5
      vertex 106.66 189.6 15.5
    endloop
  endfacet
  facet normal 0.592425 0.700368 0.398143
    outer loop
      vertex 107.417 189 14.875
      vertex 107.039 189.6 14.382
      vertex 106.906 189.6 14.5799
    endloop
  endfacet
  facet normal 0.26478 0.701224 -0.661949
    outer loop
      vertex 108.022 189 16.6549
      vertex 107.793 189.6 17.1989
      vertex 107.796 189.6 17.2001
    endloop
  endfacet
  facet normal 0.315249 0.700657 -0.640077
    outer loop
      vertex 107.793 189.6 17.1989
      vertex 108.022 189 16.6549
      vertex 107.875 189 16.5825
    endloop
  endfacet
  facet normal 0.228854 0.700376 -0.676091
    outer loop
      vertex 108.024 189.6 17.2775
      vertex 108.176 189 16.7074
      vertex 107.798 189.6 17.201
    endloop
  endfacet
  facet normal 0.0466773 0.700496 0.712128
    outer loop
      vertex 108.5 189 14.25
      vertex 108.5 189.6 13.6598
      vertex 108.262 189.6 13.6754
    endloop
  endfacet
  facet normal 0.470513 0.700341 0.536786
    outer loop
      vertex 107.616 189 14.6161
      vertex 107.378 189.6 14.0419
      vertex 107.199 189.6 14.1988
    endloop
  endfacet
  facet normal -0.0466773 0.700496 0.712128
    outer loop
      vertex 108.738 189.6 13.6754
      vertex 108.5 189.6 13.6598
      vertex 108.5 189 14.25
    endloop
  endfacet
  facet normal 0.316278 0.700477 -0.639765
    outer loop
      vertex 107.793 189.6 17.1989
      vertex 107.875 189 16.5825
      vertex 107.58 189.6 17.0936
    endloop
  endfacet
  facet normal 0.396302 0.700457 -0.593553
    outer loop
      vertex 107.58 189.6 17.0936
      vertex 107.875 189 16.5825
      vertex 107.382 189.6 16.9614
    endloop
  endfacet
  facet normal 0.396291 0.700454 -0.593563
    outer loop
      vertex 107.739 189 16.4917
      vertex 107.382 189.6 16.9614
      vertex 107.875 189 16.5825
    endloop
  endfacet
  facet normal 0.427828 0.701116 -0.570438
    outer loop
      vertex 107.382 189.6 16.9614
      vertex 107.739 189 16.4917
      vertex 107.38 189.6 16.9599
    endloop
  endfacet
  facet normal 0.470473 0.700349 0.536811
    outer loop
      vertex 107.739 189 14.5083
      vertex 107.378 189.6 14.0419
      vertex 107.616 189 14.6161
    endloop
  endfacet
  facet normal 0.477716 0.700031 0.530796
    outer loop
      vertex 107.378 189.6 14.0419
      vertex 107.739 189 14.5083
      vertex 107.38 189.6 14.0401
    endloop
  endfacet
  facet normal -0.292597 0.701148 0.650214
    outer loop
      vertex 109.202 189.6 13.799
      vertex 108.978 189 14.3452
      vertex 109.204 189.6 13.7999
    endloop
  endfacet
  facet normal -0.230604 0.700707 0.675153
    outer loop
      vertex 108.978 189 14.3452
      vertex 109.202 189.6 13.799
      vertex 108.824 189 14.2926
    endloop
  endfacet
  facet normal 0.640596 0.700466 0.314617
    outer loop
      vertex 106.801 189.6 14.7934
      vertex 107.345 189 15.0216
      vertex 107.417 189 14.875
    endloop
  endfacet
  facet normal 0.658218 0.701093 0.274257
    outer loop
      vertex 107.345 189 15.0216
      vertex 106.801 189.6 14.7934
      vertex 106.8 189.6 14.7958
    endloop
  endfacet
  facet normal 0.230604 0.700707 0.675153
    outer loop
      vertex 107.798 189.6 13.799
      vertex 108.022 189 14.3452
      vertex 108.176 189 14.2926
    endloop
  endfacet
  facet normal 0.292597 0.701148 0.650214
    outer loop
      vertex 108.022 189 14.3452
      vertex 107.798 189.6 13.799
      vertex 107.796 189.6 13.7999
    endloop
  endfacet
  facet normal 0.31487 0.700722 0.640192
    outer loop
      vertex 108.022 189 14.3452
      vertex 107.793 189.6 13.8011
      vertex 107.875 189 14.4175
    endloop
  endfacet
  facet normal 0.264759 0.70128 0.661898
    outer loop
      vertex 107.793 189.6 13.8011
      vertex 108.022 189 14.3452
      vertex 107.796 189.6 13.7999
    endloop
  endfacet
  facet normal -0.699615 0.700738 0.139661
    outer loop
      vertex 110.278 189.6 15.0264
      vertex 109.707 189 15.1765
      vertex 109.739 189 15.3368
    endloop
  endfacet
  facet normal -0.669983 0.699677 0.248142
    outer loop
      vertex 109.707 189 15.1765
      vertex 110.278 189.6 15.0264
      vertex 110.277 189.6 15.0237
    endloop
  endfacet
  facet normal -0.676245 0.700501 0.228015
    outer loop
      vertex 110.277 189.6 15.0237
      vertex 110.201 189.6 14.7983
      vertex 109.707 189 15.1765
    endloop
  endfacet
  facet normal -0.138813 0.700476 0.700046
    outer loop
      vertex 108.974 189.6 13.722
      vertex 108.74 189.6 13.6756
      vertex 108.663 189 14.2607
    endloop
  endfacet
  facet normal 0.046746 0.700508 0.712112
    outer loop
      vertex 108.262 189.6 13.6754
      vertex 108.337 189 14.2607
      vertex 108.5 189 14.25
    endloop
  endfacet
  facet normal 0.0709569 0.701054 0.709569
    outer loop
      vertex 108.337 189 14.2607
      vertex 108.262 189.6 13.6754
      vertex 108.26 189.6 13.6756
    endloop
  endfacet
  facet normal -0.676698 0.700339 0.227168
    outer loop
      vertex 110.201 189.6 14.7983
      vertex 109.655 189 15.0216
      vertex 109.707 189 15.1765
    endloop
  endfacet
  facet normal -0.662092 0.701067 0.264837
    outer loop
      vertex 109.655 189 15.0216
      vertex 110.201 189.6 14.7983
      vertex 110.2 189.6 14.7958
    endloop
  endfacet
  facet normal -0.700238 0.700443 0.138008
    outer loop
      vertex 110.324 189.6 15.2598
      vertex 110.278 189.6 15.0264
      vertex 109.739 189 15.3368
    endloop
  endfacet
  facet normal -1 0 0
    outer loop
      vertex 122.1 124.6 0
      vertex 122.1 138.6 4
      vertex 122.1 138.6 0
    endloop
  endfacet
  facet normal -1 -0 0
    outer loop
      vertex 122.1 138.6 4
      vertex 122.1 124.6 0
      vertex 122.1 124.6 4
    endloop
  endfacet
  facet normal 1 -0 0
    outer loop
      vertex 107.1 124.6 4
      vertex 107.1 138.6 0
      vertex 107.1 138.6 4
    endloop
  endfacet
  facet normal 1 0 0
    outer loop
      vertex 107.1 138.6 0
      vertex 107.1 124.6 4
      vertex 107.1 124.6 0
    endloop
  endfacet
  facet normal 0 -1 0
    outer loop
      vertex 107.1 138.6 0
      vertex 122.1 138.6 4
      vertex 107.1 138.6 4
    endloop
  endfacet
  facet normal 0 -1 -0
    outer loop
      vertex 122.1 138.6 4
      vertex 107.1 138.6 0
      vertex 122.1 138.6 0
    endloop
  endfacet
  facet normal 0 1 -0
    outer loop
      vertex 122.1 124.6 0
      vertex 107.1 124.6 4
      vertex 122.1 124.6 4
    endloop
  endfacet
  facet normal 0 1 0
    outer loop
      vertex 107.1 124.6 4
      vertex 122.1 124.6 0
      vertex 107.1 124.6 0
    endloop
  endfacet
endsolid OpenSCAD_Model
