solid OpenSCAD_Model
  facet normal -0.979261 -0.202604 0
    outer loop
      vertex 3.65488 16.9366 0
      vertex 2.20444 23.9471 3
      vertex 2.20444 23.9471 0
    endloop
  endfacet
  facet normal -0.979261 -0.202604 0
    outer loop
      vertex 2.20444 23.9471 3
      vertex 3.65488 16.9366 0
      vertex 3.65488 16.9366 3
    endloop
  endfacet
  facet normal -0.980784 -0.195099 0
    outer loop
      vertex 2.20444 23.9471 0
      vertex 2.05133 24.7168 3
      vertex 2.05133 24.7168 0
    endloop
  endfacet
  facet normal -0.980784 -0.195099 0
    outer loop
      vertex 2.05133 24.7168 3
      vertex 2.20444 23.9471 0
      vertex 2.20444 23.9471 3
    endloop
  endfacet
  facet normal 0.979256 0.202628 0
    outer loop
      vertex 15.8755 17 3
      vertex 15.3582 19.5 0
      vertex 15.3582 19.5 3
    endloop
  endfacet
  facet normal 0.979256 0.202628 0
    outer loop
      vertex 15.3582 19.5 0
      vertex 15.8755 17 3
      vertex 15.8755 17 0
    endloop
  endfacet
  facet normal -0.946931 0.321437 0
    outer loop
      vertex 2.20444 27.0529 0
      vertex 2.45672 27.7961 3
      vertex 2.45672 27.7961 0
    endloop
  endfacet
  facet normal -0.946931 0.321437 0
    outer loop
      vertex 2.45672 27.7961 3
      vertex 2.20444 27.0529 0
      vertex 2.20444 27.0529 3
    endloop
  endfacet
  facet normal -0.831505 0.555517 0
    outer loop
      vertex 2.80385 28.5 0
      vertex 3 28.7936 3
      vertex 3 28.7936 0
    endloop
  endfacet
  facet normal -0.831505 0.555517 0
    outer loop
      vertex 3 28.7936 3
      vertex 2.80385 28.5 0
      vertex 2.80385 28.5 3
    endloop
  endfacet
  facet normal -0.980784 0.195099 0
    outer loop
      vertex 2.05133 26.2832 0
      vertex 2.20444 27.0529 3
      vertex 2.20444 27.0529 0
    endloop
  endfacet
  facet normal -0.980784 0.195099 0
    outer loop
      vertex 2.20444 27.0529 3
      vertex 2.05133 26.2832 0
      vertex 2.05133 26.2832 3
    endloop
  endfacet
  facet normal -0.89687 0.442294 0
    outer loop
      vertex 2.45672 27.7961 0
      vertex 2.80385 28.5 3
      vertex 2.80385 28.5 0
    endloop
  endfacet
  facet normal -0.89687 0.442294 0
    outer loop
      vertex 2.80385 28.5 3
      vertex 2.45672 27.7961 0
      vertex 2.45672 27.7961 3
    endloop
  endfacet
  facet normal 0 0 -1
    outer loop
      vertex 13 19.5 0
      vertex 10.5778 25.1606 0
      vertex 10.6 25.5 0
    endloop
  endfacet
  facet normal 0 0 -1
    outer loop
      vertex 13 19.5 0
      vertex 10.5114 24.8271 0
      vertex 10.5778 25.1606 0
    endloop
  endfacet
  facet normal 0 0 -1
    outer loop
      vertex 10.1581 13.0325 0
      vertex 13 19.5 0
      vertex 10.4306 13.125 0
    endloop
  endfacet
  facet normal 0 0 -1
    outer loop
      vertex 13 19.5 0
      vertex 10.4021 24.505 0
      vertex 10.5114 24.8271 0
    endloop
  endfacet
  facet normal 0 0 -1
    outer loop
      vertex 13 19.5 0
      vertex 10.2517 24.2 0
      vertex 10.4021 24.505 0
    endloop
  endfacet
  facet normal 0 0 -1
    outer loop
      vertex 3.65488 16.9366 0
      vertex 13 19.5 0
      vertex 10.1581 13.0325 0
    endloop
  endfacet
  facet normal 0 0 -1
    outer loop
      vertex 13 19.5 0
      vertex 10.0627 23.9172 0
      vertex 10.2517 24.2 0
    endloop
  endfacet
  facet normal 0 0 -1
    outer loop
      vertex 3.65488 16.9366 0
      vertex 10.1581 13.0325 0
      vertex 9.9 12.9053 0
    endloop
  endfacet
  facet normal 0 0 -1
    outer loop
      vertex 13 19.5 0
      vertex 9.83848 23.6615 0
      vertex 10.0627 23.9172 0
    endloop
  endfacet
  facet normal 0 0 -1
    outer loop
      vertex 3.65488 16.9366 0
      vertex 9.9 12.9053 0
      vertex 9.66072 12.7454 0
    endloop
  endfacet
  facet normal 0 0 -1
    outer loop
      vertex 13 19.5 0
      vertex 9.58278 23.4373 0
      vertex 9.83848 23.6615 0
    endloop
  endfacet
  facet normal 0 0 -1
    outer loop
      vertex 3.65488 16.9366 0
      vertex 9.66072 12.7454 0
      vertex 9.44436 12.5556 0
    endloop
  endfacet
  facet normal 0 0 -1
    outer loop
      vertex 13 19.5 0
      vertex 9.3 23.2483 0
      vertex 9.58278 23.4373 0
    endloop
  endfacet
  facet normal 0 0 -1
    outer loop
      vertex 3.65488 16.9366 0
      vertex 9.44436 12.5556 0
      vertex 9.25462 12.3393 0
    endloop
  endfacet
  facet normal 0 0 -1
    outer loop
      vertex 3 16 0
      vertex 9.25462 12.3393 0
      vertex 9.09474 12.1 0
    endloop
  endfacet
  facet normal 0 0 -1
    outer loop
      vertex 13 19.5 0
      vertex 8.99498 23.0979 0
      vertex 9.3 23.2483 0
    endloop
  endfacet
  facet normal 0 0 -1
    outer loop
      vertex 3 16 0
      vertex 9.09474 12.1 0
      vertex 8.96746 11.8419 0
    endloop
  endfacet
  facet normal 0 0 -1
    outer loop
      vertex 3 16 0
      vertex 8.96746 11.8419 0
      vertex 8.87496 11.5694 0
    endloop
  endfacet
  facet normal 0 0 -1
    outer loop
      vertex 3 16 0
      vertex 8.87496 11.5694 0
      vertex 8.81882 11.2872 0
    endloop
  endfacet
  facet normal 0 0 -1
    outer loop
      vertex 3 16 0
      vertex 8.81882 11.2872 0
      vertex 8.8 11 0
    endloop
  endfacet
  facet normal 0 0 -1
    outer loop
      vertex 13 19.5 0
      vertex 8.67293 22.9886 0
      vertex 8.99498 23.0979 0
    endloop
  endfacet
  facet normal 0 0 -1
    outer loop
      vertex 17 4 0
      vertex 18 5 0
      vertex 17.9914 4.86947 0
    endloop
  endfacet
  facet normal 0 0 -1
    outer loop
      vertex 18 5 0
      vertex 13.1812 10.7128 0
      vertex 18 16 0
    endloop
  endfacet
  facet normal 0 0 -1
    outer loop
      vertex 17 4 0
      vertex 17.9914 4.86947 0
      vertex 17.9659 4.74118 0
    endloop
  endfacet
  facet normal 0 0 -1
    outer loop
      vertex 13.1812 11.2872 0
      vertex 18 16 0
      vertex 13.2 11 0
    endloop
  endfacet
  facet normal 0 0 -1
    outer loop
      vertex 17 4 0
      vertex 17.9659 4.74118 0
      vertex 17.9239 4.61732 0
    endloop
  endfacet
  facet normal 0 0 -1
    outer loop
      vertex 13.125 11.5694 0
      vertex 18 16 0
      vertex 13.1812 11.2872 0
    endloop
  endfacet
  facet normal 0 0 -1
    outer loop
      vertex 17 4 0
      vertex 17.9239 4.61732 0
      vertex 17.866 4.5 0
    endloop
  endfacet
  facet normal 0 0 -1
    outer loop
      vertex 13.0325 11.8419 0
      vertex 18 16 0
      vertex 13.125 11.5694 0
    endloop
  endfacet
  facet normal 0 0 -1
    outer loop
      vertex 17 4 0
      vertex 17.866 4.5 0
      vertex 17.7934 4.39124 0
    endloop
  endfacet
  facet normal 0 0 -1
    outer loop
      vertex 12.9053 12.1 0
      vertex 18 16 0
      vertex 13.0325 11.8419 0
    endloop
  endfacet
  facet normal 0 0 -1
    outer loop
      vertex 17 4 0
      vertex 17.7934 4.39124 0
      vertex 17.7071 4.29289 0
    endloop
  endfacet
  facet normal 0 -0 -1
    outer loop
      vertex 15.8755 17 0
      vertex 18 16 0
      vertex 12.9053 12.1 0
    endloop
  endfacet
  facet normal 0 0 -1
    outer loop
      vertex 17 4 0
      vertex 17.7071 4.29289 0
      vertex 17.6088 4.20665 0
    endloop
  endfacet
  facet normal -0 -0 -1
    outer loop
      vertex 17 17 0
      vertex 18 16 0
      vertex 15.8755 17 0
    endloop
  endfacet
  facet normal 0 0 -1
    outer loop
      vertex 17 4 0
      vertex 17.6088 4.20665 0
      vertex 17.5 4.13397 0
    endloop
  endfacet
  facet normal 0 0 -1
    outer loop
      vertex 18 16 0
      vertex 17 17 0
      vertex 17.9914 16.1305 0
    endloop
  endfacet
  facet normal 0 0 -1
    outer loop
      vertex 17 4 0
      vertex 17.5 4.13397 0
      vertex 17.3827 4.07612 0
    endloop
  endfacet
  facet normal 0 0 -1
    outer loop
      vertex 17.9659 16.2588 0
      vertex 17 17 0
      vertex 17.9239 16.3827 0
    endloop
  endfacet
  facet normal 0 0 -1
    outer loop
      vertex 17 4 0
      vertex 17.3827 4.07612 0
      vertex 17.2588 4.03407 0
    endloop
  endfacet
  facet normal 0 0 -1
    outer loop
      vertex 17.9239 16.3827 0
      vertex 17 17 0
      vertex 17.866 16.5 0
    endloop
  endfacet
  facet normal 0 0 -1
    outer loop
      vertex 17 4 0
      vertex 17.2588 4.03407 0
      vertex 17.1305 4.00855 0
    endloop
  endfacet
  facet normal 0 0 -1
    outer loop
      vertex 17.866 16.5 0
      vertex 17 17 0
      vertex 17.7934 16.6088 0
    endloop
  endfacet
  facet normal -0 0 -1
    outer loop
      vertex 18 5 0
      vertex 17 4 0
      vertex 12.5556 9.44436 0
    endloop
  endfacet
  facet normal 0 0 -1
    outer loop
      vertex 17.7934 16.6088 0
      vertex 17 17 0
      vertex 17.7071 16.7071 0
    endloop
  endfacet
  facet normal 0 0 -1
    outer loop
      vertex 17.7071 16.7071 0
      vertex 17 17 0
      vertex 17.6088 16.7934 0
    endloop
  endfacet
  facet normal 0 0 -1
    outer loop
      vertex 17.5 16.866 0
      vertex 17 17 0
      vertex 17.3827 16.9239 0
    endloop
  endfacet
  facet normal 0 0 -1
    outer loop
      vertex 17.3827 16.9239 0
      vertex 17 17 0
      vertex 17.2588 16.9659 0
    endloop
  endfacet
  facet normal 0 0 -1
    outer loop
      vertex 18 16 0
      vertex 13.1812 10.7128 0
      vertex 13.2 11 0
    endloop
  endfacet
  facet normal 0 0 -1
    outer loop
      vertex 18 5 0
      vertex 13.125 10.4306 0
      vertex 13.1812 10.7128 0
    endloop
  endfacet
  facet normal 0 0 -1
    outer loop
      vertex 18 5 0
      vertex 13.0325 10.1581 0
      vertex 13.125 10.4306 0
    endloop
  endfacet
  facet normal 0 0 -1
    outer loop
      vertex 18 5 0
      vertex 12.9053 9.9 0
      vertex 13.0325 10.1581 0
    endloop
  endfacet
  facet normal 0 0 -1
    outer loop
      vertex 18 5 0
      vertex 12.7454 9.66072 0
      vertex 12.9053 9.9 0
    endloop
  endfacet
  facet normal 0 0 -1
    outer loop
      vertex 18 5 0
      vertex 12.5556 9.44436 0
      vertex 12.7454 9.66072 0
    endloop
  endfacet
  facet normal 0 0 -1
    outer loop
      vertex 17 4 0
      vertex 12.3393 9.25462 0
      vertex 12.5556 9.44436 0
    endloop
  endfacet
  facet normal 0 0 -1
    outer loop
      vertex 17 4 0
      vertex 12.1 9.09474 0
      vertex 12.3393 9.25462 0
    endloop
  endfacet
  facet normal 0 0 -1
    outer loop
      vertex 17 4 0
      vertex 11.8419 8.96746 0
      vertex 12.1 9.09474 0
    endloop
  endfacet
  facet normal 0 0 -1
    outer loop
      vertex 17 4 0
      vertex 11.5694 8.87496 0
      vertex 11.8419 8.96746 0
    endloop
  endfacet
  facet normal 0 0 -1
    outer loop
      vertex 17 4 0
      vertex 11.2872 8.81882 0
      vertex 11.5694 8.87496 0
    endloop
  endfacet
  facet normal 0 0 -1
    outer loop
      vertex 17 4 0
      vertex 11 8.8 0
      vertex 11.2872 8.81882 0
    endloop
  endfacet
  facet normal 0 0 -1
    outer loop
      vertex 4 4 0
      vertex 11 8.8 0
      vertex 17 4 0
    endloop
  endfacet
  facet normal -0 0 -1
    outer loop
      vertex 11 8.8 0
      vertex 4 4 0
      vertex 10.7128 8.81882 0
    endloop
  endfacet
  facet normal -0 0 -1
    outer loop
      vertex 10.7128 8.81882 0
      vertex 4 4 0
      vertex 10.4306 8.87496 0
    endloop
  endfacet
  facet normal -0 0 -1
    outer loop
      vertex 10.4306 8.87496 0
      vertex 4 4 0
      vertex 10.1581 8.96746 0
    endloop
  endfacet
  facet normal -0 0 -1
    outer loop
      vertex 10.1581 8.96746 0
      vertex 4 4 0
      vertex 9.9 9.09474 0
    endloop
  endfacet
  facet normal 0 0 -1
    outer loop
      vertex 13 19.5 0
      vertex 8.33937 22.9222 0
      vertex 8.67293 22.9886 0
    endloop
  endfacet
  facet normal 0 -0 -1
    outer loop
      vertex 8 22.9 0
      vertex 13 19.5 0
      vertex 3.65488 16.9366 0
    endloop
  endfacet
  facet normal 0 0 -1
    outer loop
      vertex 3 16 0
      vertex 8.8 11 0
      vertex 8.81882 10.7128 0
    endloop
  endfacet
  facet normal 0 0 -1
    outer loop
      vertex 13 19.5 0
      vertex 8 22.9 0
      vertex 8.33937 22.9222 0
    endloop
  endfacet
  facet normal -0 0 -1
    outer loop
      vertex 8 22.9 0
      vertex 3.65488 16.9366 0
      vertex 7.66063 22.9222 0
    endloop
  endfacet
  facet normal -0 0 -1
    outer loop
      vertex 7.66063 22.9222 0
      vertex 3.65488 16.9366 0
      vertex 7.32707 22.9886 0
    endloop
  endfacet
  facet normal -0 0 -1
    outer loop
      vertex 7.32707 22.9886 0
      vertex 3.65488 16.9366 0
      vertex 7.00502 23.0979 0
    endloop
  endfacet
  facet normal -0 0 -1
    outer loop
      vertex 7.00502 23.0979 0
      vertex 3.65488 16.9366 0
      vertex 6.7 23.2483 0
    endloop
  endfacet
  facet normal -0 0 -1
    outer loop
      vertex 6.7 23.2483 0
      vertex 3.65488 16.9366 0
      vertex 6.41722 23.4373 0
    endloop
  endfacet
  facet normal 0 0 -1
    outer loop
      vertex 3 5 0
      vertex 8.81882 10.7128 0
      vertex 8.87496 10.4306 0
    endloop
  endfacet
  facet normal 0 0 -1
    outer loop
      vertex 2.20444 23.9471 0
      vertex 6.41722 23.4373 0
      vertex 3.65488 16.9366 0
    endloop
  endfacet
  facet normal 0 0 -1
    outer loop
      vertex 6.41722 23.4373 0
      vertex 2.20444 23.9471 0
      vertex 6.16152 23.6615 0
    endloop
  endfacet
  facet normal 0 0 -1
    outer loop
      vertex 6.16152 23.6615 0
      vertex 2.20444 23.9471 0
      vertex 5.93728 23.9172 0
    endloop
  endfacet
  facet normal 0 0 -1
    outer loop
      vertex 5.93728 23.9172 0
      vertex 2.20444 23.9471 0
      vertex 5.74833 24.2 0
    endloop
  endfacet
  facet normal -0 0 -1
    outer loop
      vertex 5.59791 73.505 0
      vertex 2.45672 72.2039 0
      vertex 5.48859 73.8271 0
    endloop
  endfacet
  facet normal 0 0 -1
    outer loop
      vertex 2.20444 72.9471 0
      vertex 5.48859 73.8271 0
      vertex 2.45672 72.2039 0
    endloop
  endfacet
  facet normal 0 0 -1
    outer loop
      vertex 5.4 74.5 0
      vertex 3 90 0
      vertex 5.34743 94.7601 0
    endloop
  endfacet
  facet normal -0 0 -1
    outer loop
      vertex 9.9 9.09474 0
      vertex 4 4 0
      vertex 9.66072 9.25462 0
    endloop
  endfacet
  facet normal 0 0 -1
    outer loop
      vertex 4 4 0
      vertex 9.44436 9.44436 0
      vertex 9.66072 9.25462 0
    endloop
  endfacet
  facet normal 0 0 -1
    outer loop
      vertex 4 4 0
      vertex 9.25462 9.66072 0
      vertex 9.44436 9.44436 0
    endloop
  endfacet
  facet normal 0 0 -1
    outer loop
      vertex 3 5 0
      vertex 9.25462 9.66072 0
      vertex 4 4 0
    endloop
  endfacet
  facet normal -0 0 -1
    outer loop
      vertex 9.25462 9.66072 0
      vertex 3 5 0
      vertex 9.09474 9.9 0
    endloop
  endfacet
  facet normal -0 0 -1
    outer loop
      vertex 9.09474 9.9 0
      vertex 3 5 0
      vertex 8.96746 10.1581 0
    endloop
  endfacet
  facet normal -0 0 -1
    outer loop
      vertex 8.96746 10.1581 0
      vertex 3 5 0
      vertex 8.87496 10.4306 0
    endloop
  endfacet
  facet normal -0 0 -1
    outer loop
      vertex 5.74833 24.2 0
      vertex 2.20444 23.9471 0
      vertex 5.59791 24.505 0
    endloop
  endfacet
  facet normal -0 0 -1
    outer loop
      vertex 5.59791 24.505 0
      vertex 2.20444 23.9471 0
      vertex 5.48859 24.8271 0
    endloop
  endfacet
  facet normal -0 0 -1
    outer loop
      vertex 5.48859 24.8271 0
      vertex 2.20444 23.9471 0
      vertex 5.42224 25.1606 0
    endloop
  endfacet
  facet normal 0 0 -1
    outer loop
      vertex 3 5 0
      vertex 4 4 0
      vertex 3.86947 4.00855 0
    endloop
  endfacet
  facet normal 0 0 -1
    outer loop
      vertex 2.05133 24.7168 0
      vertex 5.42224 25.1606 0
      vertex 2.20444 23.9471 0
    endloop
  endfacet
  facet normal 0 0 -1
    outer loop
      vertex 3 5 0
      vertex 3.86947 4.00855 0
      vertex 3.74118 4.03407 0
    endloop
  endfacet
  facet normal 0 0 -1
    outer loop
      vertex 5.34743 94.7601 0
      vertex 3 90 0
      vertex 4.75736 94.2426 0
    endloop
  endfacet
  facet normal 0 0 -1
    outer loop
      vertex 4.75736 94.2426 0
      vertex 3 90 0
      vertex 4.23988 93.6526 0
    endloop
  endfacet
  facet normal 0 0 -1
    outer loop
      vertex 4.23988 93.6526 0
      vertex 3 90 0
      vertex 3.80385 93 0
    endloop
  endfacet
  facet normal 0 0 -1
    outer loop
      vertex 3.80385 93 0
      vertex 3 90 0
      vertex 3.45672 92.2961 0
    endloop
  endfacet
  facet normal 0 0 -1
    outer loop
      vertex 5.4 25.5 0
      vertex 3 28.7936 0
      vertex 3 71.2064 0
    endloop
  endfacet
  facet normal -0 0 -1
    outer loop
      vertex 5.42224 25.1606 0
      vertex 2.05133 24.7168 0
      vertex 5.4 25.5 0
    endloop
  endfacet
  facet normal 0 -0 -1
    outer loop
      vertex 2.80385 28.5 0
      vertex 5.4 25.5 0
      vertex 2.45672 27.7961 0
    endloop
  endfacet
  facet normal 0 0 -1
    outer loop
      vertex 5.4 25.5 0
      vertex 2.80385 28.5 0
      vertex 3 28.7936 0
    endloop
  endfacet
  facet normal 0 0 -1
    outer loop
      vertex 5.4 25.5 0
      vertex 2.20444 27.0529 0
      vertex 2.45672 27.7961 0
    endloop
  endfacet
  facet normal 0 0 -1
    outer loop
      vertex 2 25.5 0
      vertex 5.4 25.5 0
      vertex 2.05133 24.7168 0
    endloop
  endfacet
  facet normal 0 0 -1
    outer loop
      vertex 5.4 25.5 0
      vertex 2.05133 26.2832 0
      vertex 2.20444 27.0529 0
    endloop
  endfacet
  facet normal 0 0 -1
    outer loop
      vertex 5.4 25.5 0
      vertex 2 25.5 0
      vertex 2.05133 26.2832 0
    endloop
  endfacet
  facet normal 0 0 -1
    outer loop
      vertex 17.2588 16.9659 0
      vertex 17 17 0
      vertex 17.1305 16.9914 0
    endloop
  endfacet
  facet normal 0 0 -1
    outer loop
      vertex 17.6088 16.7934 0
      vertex 17 17 0
      vertex 17.5 16.866 0
    endloop
  endfacet
  facet normal 0 0 -1
    outer loop
      vertex 17.9914 16.1305 0
      vertex 17 17 0
      vertex 17.9659 16.2588 0
    endloop
  endfacet
  facet normal 0 0 -1
    outer loop
      vertex 12.7454 12.3393 0
      vertex 15.8755 17 0
      vertex 12.9053 12.1 0
    endloop
  endfacet
  facet normal 0 0 -1
    outer loop
      vertex 12.5556 12.5556 0
      vertex 15.8755 17 0
      vertex 12.7454 12.3393 0
    endloop
  endfacet
  facet normal 0 0 -1
    outer loop
      vertex 12.3393 12.7454 0
      vertex 15.8755 17 0
      vertex 12.5556 12.5556 0
    endloop
  endfacet
  facet normal 0 0 -1
    outer loop
      vertex 12.1 12.9053 0
      vertex 15.8755 17 0
      vertex 12.3393 12.7454 0
    endloop
  endfacet
  facet normal 0 0 -1
    outer loop
      vertex 11.8419 13.0325 0
      vertex 15.8755 17 0
      vertex 12.1 12.9053 0
    endloop
  endfacet
  facet normal 0 0 -1
    outer loop
      vertex 15.8755 17 0
      vertex 13 19.5 0
      vertex 15.3582 19.5 0
    endloop
  endfacet
  facet normal 0 0 -1
    outer loop
      vertex 11.5694 13.125 0
      vertex 15.8755 17 0
      vertex 11.8419 13.0325 0
    endloop
  endfacet
  facet normal -0 0 -1
    outer loop
      vertex 15.8755 17 0
      vertex 11.5694 13.125 0
      vertex 13 19.5 0
    endloop
  endfacet
  facet normal 0 0 -1
    outer loop
      vertex 11.2872 13.1812 0
      vertex 13 19.5 0
      vertex 11.5694 13.125 0
    endloop
  endfacet
  facet normal 0 0 -1
    outer loop
      vertex 11 13.2 0
      vertex 13 19.5 0
      vertex 11.2872 13.1812 0
    endloop
  endfacet
  facet normal 0 0 -1
    outer loop
      vertex 10.7128 13.1812 0
      vertex 13 19.5 0
      vertex 11 13.2 0
    endloop
  endfacet
  facet normal 0 0 -1
    outer loop
      vertex 10.4306 13.125 0
      vertex 13 19.5 0
      vertex 10.7128 13.1812 0
    endloop
  endfacet
  facet normal 0 0 -1
    outer loop
      vertex 10.5778 25.8394 0
      vertex 13 19.5 0
      vertex 10.6 25.5 0
    endloop
  endfacet
  facet normal 0 0 -1
    outer loop
      vertex 13 19.5 0
      vertex 10.5778 25.8394 0
      vertex 13 37.5 0
    endloop
  endfacet
  facet normal 0 0 -1
    outer loop
      vertex 10.5114 26.1729 0
      vertex 13 37.5 0
      vertex 10.5778 25.8394 0
    endloop
  endfacet
  facet normal 0 0 -1
    outer loop
      vertex 10.4021 26.495 0
      vertex 13 37.5 0
      vertex 10.5114 26.1729 0
    endloop
  endfacet
  facet normal 0 0 -1
    outer loop
      vertex 10.2517 26.8 0
      vertex 13 37.5 0
      vertex 10.4021 26.495 0
    endloop
  endfacet
  facet normal 0 0 -1
    outer loop
      vertex 10.0627 27.0828 0
      vertex 13 37.5 0
      vertex 10.2517 26.8 0
    endloop
  endfacet
  facet normal 0 0 -1
    outer loop
      vertex 9.83848 27.3385 0
      vertex 13 37.5 0
      vertex 10.0627 27.0828 0
    endloop
  endfacet
  facet normal 0 0 -1
    outer loop
      vertex 9.58278 27.5627 0
      vertex 13 37.5 0
      vertex 9.83848 27.3385 0
    endloop
  endfacet
  facet normal 0 0 -1
    outer loop
      vertex 9.3 27.7517 0
      vertex 13 37.5 0
      vertex 9.58278 27.5627 0
    endloop
  endfacet
  facet normal 0 0 -1
    outer loop
      vertex 8.99498 27.9021 0
      vertex 13 37.5 0
      vertex 9.3 27.7517 0
    endloop
  endfacet
  facet normal 0 0 -1
    outer loop
      vertex 8.67293 28.0114 0
      vertex 13 37.5 0
      vertex 8.99498 27.9021 0
    endloop
  endfacet
  facet normal 0 0 -1
    outer loop
      vertex 6.5 37.5 0
      vertex 8.67293 28.0114 0
      vertex 8.33937 28.0778 0
    endloop
  endfacet
  facet normal 0 0 -1
    outer loop
      vertex 6.5 37.5 0
      vertex 8.33937 28.0778 0
      vertex 8 28.1 0
    endloop
  endfacet
  facet normal 0 0 -1
    outer loop
      vertex 6.5 37.5 0
      vertex 8 28.1 0
      vertex 7.66063 28.0778 0
    endloop
  endfacet
  facet normal 0 0 -1
    outer loop
      vertex 6.5 37.5 0
      vertex 7.66063 28.0778 0
      vertex 7.32707 28.0114 0
    endloop
  endfacet
  facet normal 0 0 -1
    outer loop
      vertex 6.5 37.5 0
      vertex 7.32707 28.0114 0
      vertex 7.00502 27.9021 0
    endloop
  endfacet
  facet normal 0 0 -1
    outer loop
      vertex 6.5 37.5 0
      vertex 7.00502 27.9021 0
      vertex 6.7 27.7517 0
    endloop
  endfacet
  facet normal 0 0 -1
    outer loop
      vertex 8.67293 28.0114 0
      vertex 6.5 37.5 0
      vertex 13 37.5 0
    endloop
  endfacet
  facet normal 0 0 -1
    outer loop
      vertex 6.16152 27.3385 0
      vertex 6.5 37.5 0
      vertex 6.41722 27.5627 0
    endloop
  endfacet
  facet normal 0 0 -1
    outer loop
      vertex 6.41722 27.5627 0
      vertex 6.5 37.5 0
      vertex 6.7 27.7517 0
    endloop
  endfacet
  facet normal 0 0 -1
    outer loop
      vertex 6.5 66.5 0
      vertex 13 69.5 0
      vertex 13 66.5 0
    endloop
  endfacet
  facet normal 0 0 -1
    outer loop
      vertex 13 69.5 0
      vertex 11.125 89.4306 0
      vertex 12.6526 94.7601 0
    endloop
  endfacet
  facet normal 0 -0 -1
    outer loop
      vertex 11.2 90 0
      vertex 12.6526 94.7601 0
      vertex 11.1812 89.7128 0
    endloop
  endfacet
  facet normal 0 0 -1
    outer loop
      vertex 11.125 90.5694 0
      vertex 12.6526 94.7601 0
      vertex 11.1812 90.2872 0
    endloop
  endfacet
  facet normal 0 0 -1
    outer loop
      vertex 11.1812 90.2872 0
      vertex 12.6526 94.7601 0
      vertex 11.2 90 0
    endloop
  endfacet
  facet normal 0 0 -1
    outer loop
      vertex 12.6526 94.7601 0
      vertex 11.125 89.4306 0
      vertex 11.1812 89.7128 0
    endloop
  endfacet
  facet normal 0 0 -1
    outer loop
      vertex 10.5114 75.1729 0
      vertex 13 69.5 0
      vertex 10.5778 74.8394 0
    endloop
  endfacet
  facet normal 0 -0 -1
    outer loop
      vertex 11.0325 89.1581 0
      vertex 13 69.5 0
      vertex 10.5114 75.1729 0
    endloop
  endfacet
  facet normal 0 0 -1
    outer loop
      vertex 13 69.5 0
      vertex 11.0325 89.1581 0
      vertex 11.125 89.4306 0
    endloop
  endfacet
  facet normal 0 0 -1
    outer loop
      vertex 13 69.5 0
      vertex 10.6 74.5 0
      vertex 10.5778 74.8394 0
    endloop
  endfacet
  facet normal 0 0 -1
    outer loop
      vertex 13 69.5 0
      vertex 10.5778 74.1606 0
      vertex 10.6 74.5 0
    endloop
  endfacet
  facet normal 0 0 -1
    outer loop
      vertex 13 69.5 0
      vertex 10.5114 73.8271 0
      vertex 10.5778 74.1606 0
    endloop
  endfacet
  facet normal 0 0 -1
    outer loop
      vertex 13 69.5 0
      vertex 10.4021 73.505 0
      vertex 10.5114 73.8271 0
    endloop
  endfacet
  facet normal 0 0 -1
    outer loop
      vertex 13 69.5 0
      vertex 10.2517 73.2 0
      vertex 10.4021 73.505 0
    endloop
  endfacet
  facet normal 0 0 -1
    outer loop
      vertex 13 69.5 0
      vertex 10.0627 72.9172 0
      vertex 10.2517 73.2 0
    endloop
  endfacet
  facet normal 0 0 -1
    outer loop
      vertex 13 69.5 0
      vertex 9.83848 72.6615 0
      vertex 10.0627 72.9172 0
    endloop
  endfacet
  facet normal 0 0 -1
    outer loop
      vertex 13 69.5 0
      vertex 9.58278 72.4373 0
      vertex 9.83848 72.6615 0
    endloop
  endfacet
  facet normal 0 0 -1
    outer loop
      vertex 13 69.5 0
      vertex 9.3 72.2483 0
      vertex 9.58278 72.4373 0
    endloop
  endfacet
  facet normal 0 0 -1
    outer loop
      vertex 13 69.5 0
      vertex 8.99498 72.0979 0
      vertex 9.3 72.2483 0
    endloop
  endfacet
  facet normal 0 0 -1
    outer loop
      vertex 13 69.5 0
      vertex 8.67293 71.9886 0
      vertex 8.99498 72.0979 0
    endloop
  endfacet
  facet normal -0 0 -1
    outer loop
      vertex 13 69.5 0
      vertex 6.5 66.5 0
      vertex 8.67293 71.9886 0
    endloop
  endfacet
  facet normal 0 0 -1
    outer loop
      vertex 8.67293 71.9886 0
      vertex 6.5 66.5 0
      vertex 8.33937 71.9222 0
    endloop
  endfacet
  facet normal 0 0 -1
    outer loop
      vertex 8.33937 71.9222 0
      vertex 6.5 66.5 0
      vertex 8 71.9 0
    endloop
  endfacet
  facet normal -0 0 -1
    outer loop
      vertex 8 71.9 0
      vertex 6.5 66.5 0
      vertex 7.66063 71.9222 0
    endloop
  endfacet
  facet normal -0 0 -1
    outer loop
      vertex 7.66063 71.9222 0
      vertex 6.5 66.5 0
      vertex 7.32707 71.9886 0
    endloop
  endfacet
  facet normal -0 0 -1
    outer loop
      vertex 7.32707 71.9886 0
      vertex 6.5 66.5 0
      vertex 7.00502 72.0979 0
    endloop
  endfacet
  facet normal -0 0 -1
    outer loop
      vertex 7.00502 72.0979 0
      vertex 6.5 66.5 0
      vertex 6.7 72.2483 0
    endloop
  endfacet
  facet normal 0 0 -1
    outer loop
      vertex 3 71.2064 0
      vertex 6.7 72.2483 0
      vertex 6.5 66.5 0
    endloop
  endfacet
  facet normal 0 0 -1
    outer loop
      vertex 5.93728 27.0828 0
      vertex 6.5 37.5 0
      vertex 6.16152 27.3385 0
    endloop
  endfacet
  facet normal 0 0 -1
    outer loop
      vertex 5.74833 26.8 0
      vertex 6.5 37.5 0
      vertex 5.93728 27.0828 0
    endloop
  endfacet
  facet normal -0 0 -1
    outer loop
      vertex 6.7 72.2483 0
      vertex 3 71.2064 0
      vertex 6.41722 72.4373 0
    endloop
  endfacet
  facet normal 0 0 -1
    outer loop
      vertex 5.59791 26.495 0
      vertex 6.5 37.5 0
      vertex 5.74833 26.8 0
    endloop
  endfacet
  facet normal -0 0 -1
    outer loop
      vertex 6.41722 72.4373 0
      vertex 3 71.2064 0
      vertex 6.16152 72.6615 0
    endloop
  endfacet
  facet normal 0 0 -1
    outer loop
      vertex 5.48859 26.1729 0
      vertex 6.5 37.5 0
      vertex 5.59791 26.495 0
    endloop
  endfacet
  facet normal -0 0 -1
    outer loop
      vertex 6.16152 72.6615 0
      vertex 3 71.2064 0
      vertex 5.93728 72.9172 0
    endloop
  endfacet
  facet normal 0 0 -1
    outer loop
      vertex 5.42224 25.8394 0
      vertex 6.5 37.5 0
      vertex 5.48859 26.1729 0
    endloop
  endfacet
  facet normal -0 0 -1
    outer loop
      vertex 5.93728 72.9172 0
      vertex 3 71.2064 0
      vertex 5.74833 73.2 0
    endloop
  endfacet
  facet normal 0 0 -1
    outer loop
      vertex 3 71.2064 0
      vertex 6.5 37.5 0
      vertex 5.42224 25.8394 0
    endloop
  endfacet
  facet normal 0 0 -1
    outer loop
      vertex 2.80385 71.5 0
      vertex 5.74833 73.2 0
      vertex 3 71.2064 0
    endloop
  endfacet
  facet normal 0 0 -1
    outer loop
      vertex 3 71.2064 0
      vertex 6.5 66.5 0
      vertex 6.5 37.5 0
    endloop
  endfacet
  facet normal -0 0 -1
    outer loop
      vertex 5.74833 73.2 0
      vertex 2.80385 71.5 0
      vertex 5.59791 73.505 0
    endloop
  endfacet
  facet normal 0 0 -1
    outer loop
      vertex 3 71.2064 0
      vertex 5.42224 25.8394 0
      vertex 5.4 25.5 0
    endloop
  endfacet
  facet normal 0 0 -1
    outer loop
      vertex 2.45672 72.2039 0
      vertex 5.59791 73.505 0
      vertex 2.80385 71.5 0
    endloop
  endfacet
  facet normal 0 0 -1
    outer loop
      vertex 15 90 0
      vertex 14.7956 91.5529 0
      vertex 14.9487 90.7832 0
    endloop
  endfacet
  facet normal 0 0 -1
    outer loop
      vertex 15 90 0
      vertex 14.5433 92.2961 0
      vertex 14.7956 91.5529 0
    endloop
  endfacet
  facet normal 0 0 -1
    outer loop
      vertex 12.6526 94.7601 0
      vertex 15 90 0
      vertex 14.3226 79.5 0
    endloop
  endfacet
  facet normal 0 0 -1
    outer loop
      vertex 15 90 0
      vertex 12.6526 94.7601 0
      vertex 14.5433 92.2961 0
    endloop
  endfacet
  facet normal 0 0 -1
    outer loop
      vertex 11.0325 90.8419 0
      vertex 12.6526 94.7601 0
      vertex 11.125 90.5694 0
    endloop
  endfacet
  facet normal 0 0 -1
    outer loop
      vertex 10.9053 91.1 0
      vertex 12.6526 94.7601 0
      vertex 11.0325 90.8419 0
    endloop
  endfacet
  facet normal 0 0 -1
    outer loop
      vertex 10.7454 91.3393 0
      vertex 12.6526 94.7601 0
      vertex 10.9053 91.1 0
    endloop
  endfacet
  facet normal 0 0 -1
    outer loop
      vertex 10.5556 91.5556 0
      vertex 12.6526 94.7601 0
      vertex 10.7454 91.3393 0
    endloop
  endfacet
  facet normal 0 0 -1
    outer loop
      vertex 10.3393 91.7454 0
      vertex 12.6526 94.7601 0
      vertex 10.5556 91.5556 0
    endloop
  endfacet
  facet normal -0 0 -1
    outer loop
      vertex 12.6526 94.7601 0
      vertex 10.3393 91.7454 0
      vertex 12 95.1962 0
    endloop
  endfacet
  facet normal 0 0 -1
    outer loop
      vertex 10.1 91.9053 0
      vertex 12 95.1962 0
      vertex 10.3393 91.7454 0
    endloop
  endfacet
  facet normal -0 0 -1
    outer loop
      vertex 12 95.1962 0
      vertex 10.1 91.9053 0
      vertex 11.2961 95.5433 0
    endloop
  endfacet
  facet normal 0 0 -1
    outer loop
      vertex 9.8419 92.0325 0
      vertex 11.2961 95.5433 0
      vertex 10.1 91.9053 0
    endloop
  endfacet
  facet normal -0 0 -1
    outer loop
      vertex 11.2961 95.5433 0
      vertex 9.8419 92.0325 0
      vertex 10.5529 95.7956 0
    endloop
  endfacet
  facet normal 0 0 -1
    outer loop
      vertex 9.5694 92.125 0
      vertex 10.5529 95.7956 0
      vertex 9.8419 92.0325 0
    endloop
  endfacet
  facet normal -0 0 -1
    outer loop
      vertex 10.5529 95.7956 0
      vertex 9.5694 92.125 0
      vertex 9.78316 95.9487 0
    endloop
  endfacet
  facet normal 0 0 -1
    outer loop
      vertex 9.28716 92.1812 0
      vertex 9.78316 95.9487 0
      vertex 9.5694 92.125 0
    endloop
  endfacet
  facet normal 0 0 -1
    outer loop
      vertex 9 92.2 0
      vertex 9.78316 95.9487 0
      vertex 9.28716 92.1812 0
    endloop
  endfacet
  facet normal 0 0 -1
    outer loop
      vertex 9 92.2 0
      vertex 9 96 0
      vertex 9.78316 95.9487 0
    endloop
  endfacet
  facet normal 0 0 -1
    outer loop
      vertex 8.71284 92.1812 0
      vertex 9 96 0
      vertex 9 92.2 0
    endloop
  endfacet
  facet normal 0 0 -1
    outer loop
      vertex 8.21684 95.9487 0
      vertex 8.71284 92.1812 0
      vertex 8.4306 92.125 0
    endloop
  endfacet
  facet normal 0 0 -1
    outer loop
      vertex 8.71284 92.1812 0
      vertex 8.21684 95.9487 0
      vertex 9 96 0
    endloop
  endfacet
  facet normal 0 0 -1
    outer loop
      vertex 7.44709 95.7956 0
      vertex 8.4306 92.125 0
      vertex 8.1581 92.0325 0
    endloop
  endfacet
  facet normal 0 0 -1
    outer loop
      vertex 6.7039 95.5433 0
      vertex 8.1581 92.0325 0
      vertex 7.9 91.9053 0
    endloop
  endfacet
  facet normal 0 0 -1
    outer loop
      vertex 6 95.1962 0
      vertex 7.9 91.9053 0
      vertex 7.66072 91.7454 0
    endloop
  endfacet
  facet normal 0 0 -1
    outer loop
      vertex 8.4306 92.125 0
      vertex 7.44709 95.7956 0
      vertex 8.21684 95.9487 0
    endloop
  endfacet
  facet normal 0 0 -1
    outer loop
      vertex 5.34743 94.7601 0
      vertex 7.66072 91.7454 0
      vertex 7.44436 91.5556 0
    endloop
  endfacet
  facet normal 0 0 -1
    outer loop
      vertex 5.34743 94.7601 0
      vertex 7.44436 91.5556 0
      vertex 7.25462 91.3393 0
    endloop
  endfacet
  facet normal 0 0 -1
    outer loop
      vertex 5.34743 94.7601 0
      vertex 7.25462 91.3393 0
      vertex 7.09474 91.1 0
    endloop
  endfacet
  facet normal 0 0 -1
    outer loop
      vertex 5.34743 94.7601 0
      vertex 7.09474 91.1 0
      vertex 6.96746 90.8419 0
    endloop
  endfacet
  facet normal 0 0 -1
    outer loop
      vertex 5.34743 94.7601 0
      vertex 6.96746 90.8419 0
      vertex 6.87496 90.5694 0
    endloop
  endfacet
  facet normal 0 0 -1
    outer loop
      vertex 5.34743 94.7601 0
      vertex 6.87496 90.5694 0
      vertex 6.81882 90.2872 0
    endloop
  endfacet
  facet normal 0 0 -1
    outer loop
      vertex 8.1581 92.0325 0
      vertex 6.7039 95.5433 0
      vertex 7.44709 95.7956 0
    endloop
  endfacet
  facet normal 0 0 -1
    outer loop
      vertex 5.34743 94.7601 0
      vertex 6.81882 90.2872 0
      vertex 6.8 90 0
    endloop
  endfacet
  facet normal 0 0 -1
    outer loop
      vertex 10.4021 75.495 0
      vertex 11.0325 89.1581 0
      vertex 10.5114 75.1729 0
    endloop
  endfacet
  facet normal 0 0 -1
    outer loop
      vertex 11.0325 89.1581 0
      vertex 10.4021 75.495 0
      vertex 10.9053 88.9 0
    endloop
  endfacet
  facet normal 0 0 -1
    outer loop
      vertex 10.2517 75.8 0
      vertex 10.9053 88.9 0
      vertex 10.4021 75.495 0
    endloop
  endfacet
  facet normal 0 0 -1
    outer loop
      vertex 10.9053 88.9 0
      vertex 10.2517 75.8 0
      vertex 10.7454 88.6607 0
    endloop
  endfacet
  facet normal 0 0 -1
    outer loop
      vertex 10.0627 76.0828 0
      vertex 10.7454 88.6607 0
      vertex 10.2517 75.8 0
    endloop
  endfacet
  facet normal 0 0 -1
    outer loop
      vertex 10.7454 88.6607 0
      vertex 10.0627 76.0828 0
      vertex 10.5556 88.4444 0
    endloop
  endfacet
  facet normal 0 0 -1
    outer loop
      vertex 9.83848 76.3385 0
      vertex 10.5556 88.4444 0
      vertex 10.0627 76.0828 0
    endloop
  endfacet
  facet normal 0 0 -1
    outer loop
      vertex 10.5556 88.4444 0
      vertex 9.83848 76.3385 0
      vertex 10.3393 88.2546 0
    endloop
  endfacet
  facet normal 0 0 -1
    outer loop
      vertex 9.58278 76.5627 0
      vertex 10.3393 88.2546 0
      vertex 9.83848 76.3385 0
    endloop
  endfacet
  facet normal 0 0 -1
    outer loop
      vertex 10.3393 88.2546 0
      vertex 9.58278 76.5627 0
      vertex 10.1 88.0947 0
    endloop
  endfacet
  facet normal 0 0 -1
    outer loop
      vertex 9.3 76.7517 0
      vertex 10.1 88.0947 0
      vertex 9.58278 76.5627 0
    endloop
  endfacet
  facet normal 0 0 -1
    outer loop
      vertex 10.1 88.0947 0
      vertex 9.3 76.7517 0
      vertex 9.8419 87.9675 0
    endloop
  endfacet
  facet normal 0 0 -1
    outer loop
      vertex 8.99498 76.9021 0
      vertex 9.8419 87.9675 0
      vertex 9.3 76.7517 0
    endloop
  endfacet
  facet normal 0 0 -1
    outer loop
      vertex 9.8419 87.9675 0
      vertex 8.99498 76.9021 0
      vertex 9.5694 87.875 0
    endloop
  endfacet
  facet normal 0 0 -1
    outer loop
      vertex 8.67293 77.0114 0
      vertex 9.5694 87.875 0
      vertex 8.99498 76.9021 0
    endloop
  endfacet
  facet normal 0 0 -1
    outer loop
      vertex 9.5694 87.875 0
      vertex 8.67293 77.0114 0
      vertex 9.28716 87.8188 0
    endloop
  endfacet
  facet normal 0 0 -1
    outer loop
      vertex 8.33937 77.0778 0
      vertex 9.28716 87.8188 0
      vertex 8.67293 77.0114 0
    endloop
  endfacet
  facet normal 0 0 -1
    outer loop
      vertex 9.28716 87.8188 0
      vertex 8.33937 77.0778 0
      vertex 9 87.8 0
    endloop
  endfacet
  facet normal -0 0 -1
    outer loop
      vertex 9 87.8 0
      vertex 8.33937 77.0778 0
      vertex 8.71284 87.8188 0
    endloop
  endfacet
  facet normal 0 0 -1
    outer loop
      vertex 8 77.1 0
      vertex 8.71284 87.8188 0
      vertex 8.33937 77.0778 0
    endloop
  endfacet
  facet normal -0 0 -1
    outer loop
      vertex 8.71284 87.8188 0
      vertex 8 77.1 0
      vertex 8.4306 87.875 0
    endloop
  endfacet
  facet normal 0 0 -1
    outer loop
      vertex 7.66063 77.0778 0
      vertex 8.4306 87.875 0
      vertex 8 77.1 0
    endloop
  endfacet
  facet normal -0 0 -1
    outer loop
      vertex 8.4306 87.875 0
      vertex 7.66063 77.0778 0
      vertex 8.1581 87.9675 0
    endloop
  endfacet
  facet normal 0 0 -1
    outer loop
      vertex 7.32707 77.0114 0
      vertex 8.1581 87.9675 0
      vertex 7.66063 77.0778 0
    endloop
  endfacet
  facet normal -0 0 -1
    outer loop
      vertex 8.1581 87.9675 0
      vertex 7.32707 77.0114 0
      vertex 7.9 88.0947 0
    endloop
  endfacet
  facet normal 0 0 -1
    outer loop
      vertex 7.00502 76.9021 0
      vertex 7.9 88.0947 0
      vertex 7.32707 77.0114 0
    endloop
  endfacet
  facet normal -0 0 -1
    outer loop
      vertex 7.9 88.0947 0
      vertex 7.00502 76.9021 0
      vertex 7.66072 88.2546 0
    endloop
  endfacet
  facet normal 0 0 -1
    outer loop
      vertex 6.7 76.7517 0
      vertex 7.66072 88.2546 0
      vertex 7.00502 76.9021 0
    endloop
  endfacet
  facet normal -0 0 -1
    outer loop
      vertex 7.66072 88.2546 0
      vertex 6.7 76.7517 0
      vertex 7.44436 88.4444 0
    endloop
  endfacet
  facet normal 0 0 -1
    outer loop
      vertex 6.41722 76.5627 0
      vertex 7.44436 88.4444 0
      vertex 6.7 76.7517 0
    endloop
  endfacet
  facet normal -0 0 -1
    outer loop
      vertex 7.44436 88.4444 0
      vertex 6.41722 76.5627 0
      vertex 7.25462 88.6607 0
    endloop
  endfacet
  facet normal 0 0 -1
    outer loop
      vertex 6.16152 76.3385 0
      vertex 7.25462 88.6607 0
      vertex 6.41722 76.5627 0
    endloop
  endfacet
  facet normal -0 0 -1
    outer loop
      vertex 7.25462 88.6607 0
      vertex 6.16152 76.3385 0
      vertex 7.09474 88.9 0
    endloop
  endfacet
  facet normal 0 0 -1
    outer loop
      vertex 5.93728 76.0828 0
      vertex 7.09474 88.9 0
      vertex 6.16152 76.3385 0
    endloop
  endfacet
  facet normal -0 0 -1
    outer loop
      vertex 7.09474 88.9 0
      vertex 5.93728 76.0828 0
      vertex 6.96746 89.1581 0
    endloop
  endfacet
  facet normal 0 0 -1
    outer loop
      vertex 5.74833 75.8 0
      vertex 6.96746 89.1581 0
      vertex 5.93728 76.0828 0
    endloop
  endfacet
  facet normal -0 0 -1
    outer loop
      vertex 6.96746 89.1581 0
      vertex 5.74833 75.8 0
      vertex 6.87496 89.4306 0
    endloop
  endfacet
  facet normal 0 0 -1
    outer loop
      vertex 5.59791 75.495 0
      vertex 6.87496 89.4306 0
      vertex 5.74833 75.8 0
    endloop
  endfacet
  facet normal 0 0 -1
    outer loop
      vertex 7.66072 91.7454 0
      vertex 5.34743 94.7601 0
      vertex 6 95.1962 0
    endloop
  endfacet
  facet normal -0 0 -1
    outer loop
      vertex 6.87496 89.4306 0
      vertex 5.59791 75.495 0
      vertex 6.81882 89.7128 0
    endloop
  endfacet
  facet normal 0 0 -1
    outer loop
      vertex 5.34743 94.7601 0
      vertex 6.81882 89.7128 0
      vertex 5.59791 75.495 0
    endloop
  endfacet
  facet normal 0 0 -1
    outer loop
      vertex 6.81882 89.7128 0
      vertex 5.34743 94.7601 0
      vertex 6.8 90 0
    endloop
  endfacet
  facet normal 0 0 -1
    outer loop
      vertex 5.34743 94.7601 0
      vertex 5.59791 75.495 0
      vertex 5.48859 75.1729 0
    endloop
  endfacet
  facet normal 0 0 -1
    outer loop
      vertex 5.34743 94.7601 0
      vertex 5.48859 75.1729 0
      vertex 5.42224 74.8394 0
    endloop
  endfacet
  facet normal 0 0 -1
    outer loop
      vertex 5.34743 94.7601 0
      vertex 5.42224 74.8394 0
      vertex 5.4 74.5 0
    endloop
  endfacet
  facet normal 0 0 -1
    outer loop
      vertex 7.9 91.9053 0
      vertex 6 95.1962 0
      vertex 6.7039 95.5433 0
    endloop
  endfacet
  facet normal 0 0 -1
    outer loop
      vertex 3 5 0
      vertex 3.74118 4.03407 0
      vertex 3.61732 4.07612 0
    endloop
  endfacet
  facet normal -0 0 -1
    outer loop
      vertex 8.81882 10.7128 0
      vertex 3 5 0
      vertex 3 16 0
    endloop
  endfacet
  facet normal 0 0 -1
    outer loop
      vertex 3 5 0
      vertex 3.61732 4.07612 0
      vertex 3.5 4.13397 0
    endloop
  endfacet
  facet normal 0 0 -1
    outer loop
      vertex 9.25462 12.3393 0
      vertex 3 16 0
      vertex 3.65488 16.9366 0
    endloop
  endfacet
  facet normal 0 0 -1
    outer loop
      vertex 3 5 0
      vertex 3.5 4.13397 0
      vertex 3.39124 4.20665 0
    endloop
  endfacet
  facet normal 0 -0 -1
    outer loop
      vertex 3.5 16.866 0
      vertex 3.65488 16.9366 0
      vertex 3 16 0
    endloop
  endfacet
  facet normal 0 0 -1
    outer loop
      vertex 3 5 0
      vertex 3.39124 4.20665 0
      vertex 3.29289 4.29289 0
    endloop
  endfacet
  facet normal 0 0 -1
    outer loop
      vertex 3.65488 16.9366 0
      vertex 3.5 16.866 0
      vertex 3.61732 16.9239 0
    endloop
  endfacet
  facet normal 0 0 -1
    outer loop
      vertex 3 5 0
      vertex 3.29289 4.29289 0
      vertex 3.20665 4.39124 0
    endloop
  endfacet
  facet normal 0 0 -1
    outer loop
      vertex 3.5 16.866 0
      vertex 3 16 0
      vertex 3.39124 16.7934 0
    endloop
  endfacet
  facet normal 0 0 -1
    outer loop
      vertex 3 5 0
      vertex 3.20665 4.39124 0
      vertex 3.13397 4.5 0
    endloop
  endfacet
  facet normal 0 0 -1
    outer loop
      vertex 3.39124 16.7934 0
      vertex 3 16 0
      vertex 3.29289 16.7071 0
    endloop
  endfacet
  facet normal 0 0 -1
    outer loop
      vertex 3 5 0
      vertex 3.13397 4.5 0
      vertex 3.07612 4.61732 0
    endloop
  endfacet
  facet normal 0 0 -1
    outer loop
      vertex 3.29289 16.7071 0
      vertex 3 16 0
      vertex 3.20665 16.6088 0
    endloop
  endfacet
  facet normal 0 0 -1
    outer loop
      vertex 3 5 0
      vertex 3.07612 4.61732 0
      vertex 3.03407 4.74118 0
    endloop
  endfacet
  facet normal 0 0 -1
    outer loop
      vertex 3.20665 16.6088 0
      vertex 3 16 0
      vertex 3.13397 16.5 0
    endloop
  endfacet
  facet normal 0 0 -1
    outer loop
      vertex 3 5 0
      vertex 3.03407 4.74118 0
      vertex 3.00855 4.86947 0
    endloop
  endfacet
  facet normal 0 0 -1
    outer loop
      vertex 3.13397 16.5 0
      vertex 3 16 0
      vertex 3.07612 16.3827 0
    endloop
  endfacet
  facet normal 0 0 -1
    outer loop
      vertex 3.07612 16.3827 0
      vertex 3 16 0
      vertex 3.03407 16.2588 0
    endloop
  endfacet
  facet normal 0 0 -1
    outer loop
      vertex 3.03407 16.2588 0
      vertex 3 16 0
      vertex 3.00855 16.1305 0
    endloop
  endfacet
  facet normal 0 0 -1
    outer loop
      vertex 3.45672 92.2961 0
      vertex 3 90 0
      vertex 3.20444 91.5529 0
    endloop
  endfacet
  facet normal 0 0 -1
    outer loop
      vertex 3.20444 91.5529 0
      vertex 3 90 0
      vertex 3.05133 90.7832 0
    endloop
  endfacet
  facet normal -0 0 -1
    outer loop
      vertex 5.48859 73.8271 0
      vertex 2.20444 72.9471 0
      vertex 5.42224 74.1606 0
    endloop
  endfacet
  facet normal 0 0 -1
    outer loop
      vertex 2.05133 73.7168 0
      vertex 5.42224 74.1606 0
      vertex 2.20444 72.9471 0
    endloop
  endfacet
  facet normal -0 0 -1
    outer loop
      vertex 5.42224 74.1606 0
      vertex 2.05133 73.7168 0
      vertex 5.4 74.5 0
    endloop
  endfacet
  facet normal -0 0 -1
    outer loop
      vertex 5.4 74.5 0
      vertex 2.05133 73.7168 0
      vertex 2 74.5 0
    endloop
  endfacet
  facet normal 0 0 -1
    outer loop
      vertex 5.4 74.5 0
      vertex 2 74.5 0
      vertex 3 90 0
    endloop
  endfacet
  facet normal 0 0 -1
    outer loop
      vertex 68.4021 26.495 0
      vertex 71 30.6546 0
      vertex 68.5114 26.1729 0
    endloop
  endfacet
  facet normal 0 0 -1
    outer loop
      vertex 71 69.3787 0
      vertex 68.5778 74.1606 0
      vertex 68.6 74.5 0
    endloop
  endfacet
  facet normal 0 0 -1
    outer loop
      vertex 68.2517 26.8 0
      vertex 71 30.6546 0
      vertex 68.4021 26.495 0
    endloop
  endfacet
  facet normal 0 0 -1
    outer loop
      vertex 71 69.3787 0
      vertex 68.5114 73.8271 0
      vertex 68.5778 74.1606 0
    endloop
  endfacet
  facet normal 0 0 -1
    outer loop
      vertex 68.0627 27.0828 0
      vertex 71 30.6546 0
      vertex 68.2517 26.8 0
    endloop
  endfacet
  facet normal 0 0 -1
    outer loop
      vertex 71 69.3787 0
      vertex 68.4021 73.505 0
      vertex 68.5114 73.8271 0
    endloop
  endfacet
  facet normal 0 0 -1
    outer loop
      vertex 67.8385 27.3385 0
      vertex 71 30.6546 0
      vertex 68.0627 27.0828 0
    endloop
  endfacet
  facet normal 0 0 -1
    outer loop
      vertex 71 69.3787 0
      vertex 68.2517 73.2 0
      vertex 68.4021 73.505 0
    endloop
  endfacet
  facet normal 0 0 -1
    outer loop
      vertex 67.5828 27.5627 0
      vertex 71 30.6546 0
      vertex 67.8385 27.3385 0
    endloop
  endfacet
  facet normal 0 0 -1
    outer loop
      vertex 71 69.3787 0
      vertex 68.0627 72.9172 0
      vertex 68.2517 73.2 0
    endloop
  endfacet
  facet normal 0 0 -1
    outer loop
      vertex 67.3 27.7517 0
      vertex 71 30.6546 0
      vertex 67.5828 27.5627 0
    endloop
  endfacet
  facet normal 0 0 -1
    outer loop
      vertex 71 69.3787 0
      vertex 67.8385 72.6615 0
      vertex 68.0627 72.9172 0
    endloop
  endfacet
  facet normal 0 0 -1
    outer loop
      vertex 66.995 27.9021 0
      vertex 71 30.6546 0
      vertex 67.3 27.7517 0
    endloop
  endfacet
  facet normal 0 0 -1
    outer loop
      vertex 71 69.3787 0
      vertex 67.5828 72.4373 0
      vertex 67.8385 72.6615 0
    endloop
  endfacet
  facet normal 0 0 -1
    outer loop
      vertex 66.6729 28.0114 0
      vertex 71 30.6546 0
      vertex 66.995 27.9021 0
    endloop
  endfacet
  facet normal 0 0 -1
    outer loop
      vertex 71 69.3787 0
      vertex 67.3 72.2483 0
      vertex 67.5828 72.4373 0
    endloop
  endfacet
  facet normal 0 0 -1
    outer loop
      vertex 66.3394 28.0778 0
      vertex 71 30.6546 0
      vertex 66.6729 28.0114 0
    endloop
  endfacet
  facet normal 0 0 -1
    outer loop
      vertex 71 69.3787 0
      vertex 66.995 72.0979 0
      vertex 67.3 72.2483 0
    endloop
  endfacet
  facet normal 0 0 -1
    outer loop
      vertex 66 28.1 0
      vertex 71 30.6546 0
      vertex 66.3394 28.0778 0
    endloop
  endfacet
  facet normal 0 0 -1
    outer loop
      vertex 71 69.3787 0
      vertex 66.6729 71.9886 0
      vertex 66.995 72.0979 0
    endloop
  endfacet
  facet normal 0 0 -1
    outer loop
      vertex 65.6606 28.0778 0
      vertex 71 30.6546 0
      vertex 66 28.1 0
    endloop
  endfacet
  facet normal 0 -0 -1
    outer loop
      vertex 66 71.9 0
      vertex 71 69.3787 0
      vertex 61 69.5 0
    endloop
  endfacet
  facet normal 0 0 -1
    outer loop
      vertex 71 30.6546 0
      vertex 61 69.5 0
      vertex 71 69.3787 0
    endloop
  endfacet
  facet normal 0 0 -1
    outer loop
      vertex 71 69.3787 0
      vertex 66.3394 71.9222 0
      vertex 66.6729 71.9886 0
    endloop
  endfacet
  facet normal 0 0 -1
    outer loop
      vertex 65.3271 28.0114 0
      vertex 71 30.6546 0
      vertex 65.6606 28.0778 0
    endloop
  endfacet
  facet normal 0 0 -1
    outer loop
      vertex 71 69.3787 0
      vertex 66 71.9 0
      vertex 66.3394 71.9222 0
    endloop
  endfacet
  facet normal -0 0 -1
    outer loop
      vertex 71 30.6546 0
      vertex 65.3271 28.0114 0
      vertex 61 69.5 0
    endloop
  endfacet
  facet normal -0 0 -1
    outer loop
      vertex 66 71.9 0
      vertex 61 69.5 0
      vertex 65.6606 71.9222 0
    endloop
  endfacet
  facet normal 0 0 -1
    outer loop
      vertex 61 69.5 0
      vertex 65.3271 28.0114 0
      vertex 65.005 27.9021 0
    endloop
  endfacet
  facet normal -0 0 -1
    outer loop
      vertex 65.6606 71.9222 0
      vertex 61 69.5 0
      vertex 65.3271 71.9886 0
    endloop
  endfacet
  facet normal 0 0 -1
    outer loop
      vertex 61 69.5 0
      vertex 65.005 27.9021 0
      vertex 64.7 27.7517 0
    endloop
  endfacet
  facet normal -0 0 -1
    outer loop
      vertex 65.3271 71.9886 0
      vertex 61 69.5 0
      vertex 65.005 72.0979 0
    endloop
  endfacet
  facet normal 0 0 -1
    outer loop
      vertex 61 69.5 0
      vertex 64.7 27.7517 0
      vertex 64.4172 27.5627 0
    endloop
  endfacet
  facet normal -0 0 -1
    outer loop
      vertex 65.005 72.0979 0
      vertex 61 69.5 0
      vertex 64.7 72.2483 0
    endloop
  endfacet
  facet normal 0 0 -1
    outer loop
      vertex 61 69.5 0
      vertex 64.4172 27.5627 0
      vertex 64.1615 27.3385 0
    endloop
  endfacet
  facet normal -0 0 -1
    outer loop
      vertex 64.7 72.2483 0
      vertex 61 69.5 0
      vertex 64.4172 72.4373 0
    endloop
  endfacet
  facet normal 0 0 -1
    outer loop
      vertex 61 69.5 0
      vertex 64.1615 27.3385 0
      vertex 63.9373 27.0828 0
    endloop
  endfacet
  facet normal -0 0 -1
    outer loop
      vertex 64.4172 72.4373 0
      vertex 61 69.5 0
      vertex 64.1615 72.6615 0
    endloop
  endfacet
  facet normal 0 0 -1
    outer loop
      vertex 61 69.5 0
      vertex 63.9373 27.0828 0
      vertex 63.7483 26.8 0
    endloop
  endfacet
  facet normal -0 0 -1
    outer loop
      vertex 64.1615 72.6615 0
      vertex 61 69.5 0
      vertex 63.9373 72.9172 0
    endloop
  endfacet
  facet normal 0 0 -1
    outer loop
      vertex 61 69.5 0
      vertex 63.7483 26.8 0
      vertex 63.5979 26.495 0
    endloop
  endfacet
  facet normal -0 0 -1
    outer loop
      vertex 63.9373 72.9172 0
      vertex 61 69.5 0
      vertex 63.7483 73.2 0
    endloop
  endfacet
  facet normal 0 0 -1
    outer loop
      vertex 61 20.5 0
      vertex 63.5979 26.495 0
      vertex 63.4886 26.1729 0
    endloop
  endfacet
  facet normal -0 0 -1
    outer loop
      vertex 63.7483 73.2 0
      vertex 61 69.5 0
      vertex 63.5979 73.505 0
    endloop
  endfacet
  facet normal 0 0 -1
    outer loop
      vertex 61 20.5 0
      vertex 63.4886 26.1729 0
      vertex 63.4222 25.8394 0
    endloop
  endfacet
  facet normal -0 0 -1
    outer loop
      vertex 63.5979 73.505 0
      vertex 61 69.5 0
      vertex 63.4886 73.8271 0
    endloop
  endfacet
  facet normal 0 0 -1
    outer loop
      vertex 61 20.5 0
      vertex 63.4222 25.8394 0
      vertex 63.4 25.5 0
    endloop
  endfacet
  facet normal -0 0 -1
    outer loop
      vertex 63.4886 73.8271 0
      vertex 61 69.5 0
      vertex 63.4222 74.1606 0
    endloop
  endfacet
  facet normal 0 0 -1
    outer loop
      vertex 150 4 0
      vertex 151 5 0
      vertex 150.991 4.86947 0
    endloop
  endfacet
  facet normal 0 0 -1
    outer loop
      vertex 151 5 0
      vertex 145.181 10.7128 0
      vertex 151 16 0
    endloop
  endfacet
  facet normal 0 0 -1
    outer loop
      vertex 150 4 0
      vertex 150.991 4.86947 0
      vertex 150.966 4.74118 0
    endloop
  endfacet
  facet normal 0 0 -1
    outer loop
      vertex 145.181 11.2872 0
      vertex 151 16 0
      vertex 145.2 11 0
    endloop
  endfacet
  facet normal 0 0 -1
    outer loop
      vertex 150 4 0
      vertex 150.966 4.74118 0
      vertex 150.924 4.61732 0
    endloop
  endfacet
  facet normal 0 0 -1
    outer loop
      vertex 145.125 11.5694 0
      vertex 151 16 0
      vertex 145.181 11.2872 0
    endloop
  endfacet
  facet normal 0 0 -1
    outer loop
      vertex 150 4 0
      vertex 150.924 4.61732 0
      vertex 150.866 4.5 0
    endloop
  endfacet
  facet normal 0 0 -1
    outer loop
      vertex 145.033 11.8419 0
      vertex 151 16 0
      vertex 145.125 11.5694 0
    endloop
  endfacet
  facet normal 0 0 -1
    outer loop
      vertex 150 4 0
      vertex 150.866 4.5 0
      vertex 150.793 4.39124 0
    endloop
  endfacet
  facet normal 0 0 -1
    outer loop
      vertex 144.905 12.1 0
      vertex 151 16 0
      vertex 145.033 11.8419 0
    endloop
  endfacet
  facet normal 0 0 -1
    outer loop
      vertex 150 4 0
      vertex 150.793 4.39124 0
      vertex 150.707 4.29289 0
    endloop
  endfacet
  facet normal 0 -0 -1
    outer loop
      vertex 150 17 0
      vertex 151 16 0
      vertex 144.905 12.1 0
    endloop
  endfacet
  facet normal 0 0 -1
    outer loop
      vertex 150 4 0
      vertex 150.707 4.29289 0
      vertex 150.609 4.20665 0
    endloop
  endfacet
  facet normal 0 0 -1
    outer loop
      vertex 151 16 0
      vertex 150 17 0
      vertex 150.991 16.1305 0
    endloop
  endfacet
  facet normal 0 0 -1
    outer loop
      vertex 150 4 0
      vertex 150.609 4.20665 0
      vertex 150.5 4.13397 0
    endloop
  endfacet
  facet normal 0 0 -1
    outer loop
      vertex 150.966 16.2588 0
      vertex 150 17 0
      vertex 150.924 16.3827 0
    endloop
  endfacet
  facet normal 0 0 -1
    outer loop
      vertex 150 4 0
      vertex 150.5 4.13397 0
      vertex 150.383 4.07612 0
    endloop
  endfacet
  facet normal 0 0 -1
    outer loop
      vertex 150.924 16.3827 0
      vertex 150 17 0
      vertex 150.866 16.5 0
    endloop
  endfacet
  facet normal 0 0 -1
    outer loop
      vertex 150 4 0
      vertex 150.383 4.07612 0
      vertex 150.259 4.03407 0
    endloop
  endfacet
  facet normal 0 0 -1
    outer loop
      vertex 150.866 16.5 0
      vertex 150 17 0
      vertex 150.793 16.6088 0
    endloop
  endfacet
  facet normal 0 0 -1
    outer loop
      vertex 150 4 0
      vertex 150.259 4.03407 0
      vertex 150.131 4.00855 0
    endloop
  endfacet
  facet normal 0 0 -1
    outer loop
      vertex 150.707 16.7071 0
      vertex 150 17 0
      vertex 150.609 16.7934 0
    endloop
  endfacet
  facet normal -0 0 -1
    outer loop
      vertex 151 5 0
      vertex 150 4 0
      vertex 144.745 9.66072 0
    endloop
  endfacet
  facet normal 0 0 -1
    outer loop
      vertex 150.609 16.7934 0
      vertex 150 17 0
      vertex 150.5 16.866 0
    endloop
  endfacet
  facet normal 0 0 -1
    outer loop
      vertex 150.5 16.866 0
      vertex 150 17 0
      vertex 150.383 16.9239 0
    endloop
  endfacet
  facet normal 0 0 -1
    outer loop
      vertex 151 16 0
      vertex 145.181 10.7128 0
      vertex 145.2 11 0
    endloop
  endfacet
  facet normal 0 0 -1
    outer loop
      vertex 151 5 0
      vertex 145.125 10.4306 0
      vertex 145.181 10.7128 0
    endloop
  endfacet
  facet normal 0 0 -1
    outer loop
      vertex 151 5 0
      vertex 145.033 10.1581 0
      vertex 145.125 10.4306 0
    endloop
  endfacet
  facet normal 0 0 -1
    outer loop
      vertex 151 5 0
      vertex 144.905 9.9 0
      vertex 145.033 10.1581 0
    endloop
  endfacet
  facet normal 0 0 -1
    outer loop
      vertex 151 5 0
      vertex 144.745 9.66072 0
      vertex 144.905 9.9 0
    endloop
  endfacet
  facet normal 0 0 -1
    outer loop
      vertex 150 4 0
      vertex 144.556 9.44436 0
      vertex 144.745 9.66072 0
    endloop
  endfacet
  facet normal 0 0 -1
    outer loop
      vertex 150 4 0
      vertex 144.339 9.25462 0
      vertex 144.556 9.44436 0
    endloop
  endfacet
  facet normal 0 0 -1
    outer loop
      vertex 150 4 0
      vertex 144.1 9.09474 0
      vertex 144.339 9.25462 0
    endloop
  endfacet
  facet normal 0 0 -1
    outer loop
      vertex 150 4 0
      vertex 143.842 8.96746 0
      vertex 144.1 9.09474 0
    endloop
  endfacet
  facet normal 0 0 -1
    outer loop
      vertex 150 4 0
      vertex 143.569 8.87496 0
      vertex 143.842 8.96746 0
    endloop
  endfacet
  facet normal 0 0 -1
    outer loop
      vertex 150 4 0
      vertex 143.287 8.81882 0
      vertex 143.569 8.87496 0
    endloop
  endfacet
  facet normal 0 0 -1
    outer loop
      vertex 150 4 0
      vertex 143 8.8 0
      vertex 143.287 8.81882 0
    endloop
  endfacet
  facet normal 0 0 -1
    outer loop
      vertex 137 4 0
      vertex 143 8.8 0
      vertex 150 4 0
    endloop
  endfacet
  facet normal -0 0 -1
    outer loop
      vertex 143 8.8 0
      vertex 137 4 0
      vertex 142.713 8.81882 0
    endloop
  endfacet
  facet normal -0 0 -1
    outer loop
      vertex 142.713 8.81882 0
      vertex 137 4 0
      vertex 142.431 8.87496 0
    endloop
  endfacet
  facet normal -0 0 -1
    outer loop
      vertex 142.431 8.87496 0
      vertex 137 4 0
      vertex 142.158 8.96746 0
    endloop
  endfacet
  facet normal -0 0 -1
    outer loop
      vertex 140.875 10.4306 0
      vertex 136 6.22203 0
      vertex 140.819 10.7128 0
    endloop
  endfacet
  facet normal -0 0 -1
    outer loop
      vertex 140.967 10.1581 0
      vertex 136 6.22203 0
      vertex 140.875 10.4306 0
    endloop
  endfacet
  facet normal -0 0 -1
    outer loop
      vertex 141.095 9.9 0
      vertex 136 6.22203 0
      vertex 140.967 10.1581 0
    endloop
  endfacet
  facet normal -0 0 -1
    outer loop
      vertex 141.255 9.66072 0
      vertex 136 6.22203 0
      vertex 141.095 9.9 0
    endloop
  endfacet
  facet normal -0 0 -1
    outer loop
      vertex 141.444 9.44436 0
      vertex 136 6.22203 0
      vertex 141.255 9.66072 0
    endloop
  endfacet
  facet normal -0 0 -1
    outer loop
      vertex 141.661 9.25462 0
      vertex 136 6.22203 0
      vertex 141.444 9.44436 0
    endloop
  endfacet
  facet normal 0 0 -1
    outer loop
      vertex 136 6.22203 0
      vertex 141.661 9.25462 0
      vertex 137 4 0
    endloop
  endfacet
  facet normal -0 0 -1
    outer loop
      vertex 141.9 9.09474 0
      vertex 137 4 0
      vertex 141.661 9.25462 0
    endloop
  endfacet
  facet normal -0 0 -1
    outer loop
      vertex 142.158 8.96746 0
      vertex 137 4 0
      vertex 141.9 9.09474 0
    endloop
  endfacet
  facet normal 0 0 -1
    outer loop
      vertex 150.259 16.9659 0
      vertex 150 17 0
      vertex 150.131 16.9914 0
    endloop
  endfacet
  facet normal 0 0 -1
    outer loop
      vertex 150.383 16.9239 0
      vertex 150 17 0
      vertex 150.259 16.9659 0
    endloop
  endfacet
  facet normal 0 0 -1
    outer loop
      vertex 150.793 16.6088 0
      vertex 150 17 0
      vertex 150.707 16.7071 0
    endloop
  endfacet
  facet normal 0 0 -1
    outer loop
      vertex 150.991 16.1305 0
      vertex 150 17 0
      vertex 150.966 16.2588 0
    endloop
  endfacet
  facet normal 0 0 -1
    outer loop
      vertex 144.745 12.3393 0
      vertex 150 17 0
      vertex 144.905 12.1 0
    endloop
  endfacet
  facet normal 0 0 -1
    outer loop
      vertex 144.556 12.5556 0
      vertex 150 17 0
      vertex 144.745 12.3393 0
    endloop
  endfacet
  facet normal 0 0 -1
    outer loop
      vertex 144.339 12.7454 0
      vertex 150 17 0
      vertex 144.556 12.5556 0
    endloop
  endfacet
  facet normal 0 0 -1
    outer loop
      vertex 143.511 17 0
      vertex 144.339 12.7454 0
      vertex 144.1 12.9053 0
    endloop
  endfacet
  facet normal 0 0 -1
    outer loop
      vertex 143.511 17 0
      vertex 144.1 12.9053 0
      vertex 143.842 13.0325 0
    endloop
  endfacet
  facet normal 0 0 -1
    outer loop
      vertex 143.511 17 0
      vertex 143.842 13.0325 0
      vertex 143.569 13.125 0
    endloop
  endfacet
  facet normal 0 0 -1
    outer loop
      vertex 144.339 12.7454 0
      vertex 143.511 17 0
      vertex 150 17 0
    endloop
  endfacet
  facet normal 0 0 -1
    outer loop
      vertex 143.287 13.1812 0
      vertex 143.511 17 0
      vertex 143.569 13.125 0
    endloop
  endfacet
  facet normal 0 0 -1
    outer loop
      vertex 143 13.2 0
      vertex 143.511 17 0
      vertex 143.287 13.1812 0
    endloop
  endfacet
  facet normal 0 0 -1
    outer loop
      vertex 142.713 13.1812 0
      vertex 143.511 17 0
      vertex 143 13.2 0
    endloop
  endfacet
  facet normal 0 0 -1
    outer loop
      vertex 142.431 13.125 0
      vertex 143.511 17 0
      vertex 142.713 13.1812 0
    endloop
  endfacet
  facet normal 0 0 -1
    outer loop
      vertex 142.158 13.0325 0
      vertex 143.511 17 0
      vertex 142.431 13.125 0
    endloop
  endfacet
  facet normal 0 0 -1
    outer loop
      vertex 141.9 12.9053 0
      vertex 143.511 17 0
      vertex 142.158 13.0325 0
    endloop
  endfacet
  facet normal 0 0 -1
    outer loop
      vertex 141.661 12.7454 0
      vertex 143.511 17 0
      vertex 141.9 12.9053 0
    endloop
  endfacet
  facet normal 0 0 -1
    outer loop
      vertex 141.444 12.5556 0
      vertex 143.511 17 0
      vertex 141.661 12.7454 0
    endloop
  endfacet
  facet normal 0 0 -1
    outer loop
      vertex 141.255 12.3393 0
      vertex 143.511 17 0
      vertex 141.444 12.5556 0
    endloop
  endfacet
  facet normal 0 0 -1
    outer loop
      vertex 141.095 12.1 0
      vertex 143.511 17 0
      vertex 141.255 12.3393 0
    endloop
  endfacet
  facet normal 0 0 -1
    outer loop
      vertex 136 6.22203 0
      vertex 141.095 12.1 0
      vertex 140.967 11.8419 0
    endloop
  endfacet
  facet normal -0 0 -1
    outer loop
      vertex 140.819 10.7128 0
      vertex 136 6.22203 0
      vertex 140.8 11 0
    endloop
  endfacet
  facet normal -0 0 -1
    outer loop
      vertex 140.8 11 0
      vertex 136 6.22203 0
      vertex 140.819 11.2872 0
    endloop
  endfacet
  facet normal -0 0 -1
    outer loop
      vertex 140.819 11.2872 0
      vertex 136 6.22203 0
      vertex 140.875 11.5694 0
    endloop
  endfacet
  facet normal -0 0 -1
    outer loop
      vertex 140.875 11.5694 0
      vertex 136 6.22203 0
      vertex 140.967 11.8419 0
    endloop
  endfacet
  facet normal 0 0 -1
    outer loop
      vertex 136 5 0
      vertex 137 4 0
      vertex 136.869 4.00855 0
    endloop
  endfacet
  facet normal 0 0 -1
    outer loop
      vertex 136 5 0
      vertex 136.869 4.00855 0
      vertex 136.741 4.03407 0
    endloop
  endfacet
  facet normal 0 0 -1
    outer loop
      vertex 136 5 0
      vertex 136.741 4.03407 0
      vertex 136.617 4.07612 0
    endloop
  endfacet
  facet normal 0 0 -1
    outer loop
      vertex 136 5 0
      vertex 136.617 4.07612 0
      vertex 136.5 4.13397 0
    endloop
  endfacet
  facet normal 0 0 -1
    outer loop
      vertex 136 5 0
      vertex 136.5 4.13397 0
      vertex 136.391 4.20665 0
    endloop
  endfacet
  facet normal 0 0 -1
    outer loop
      vertex 136 5 0
      vertex 136.391 4.20665 0
      vertex 136.293 4.29289 0
    endloop
  endfacet
  facet normal 0 0 -1
    outer loop
      vertex 136 5 0
      vertex 136.293 4.29289 0
      vertex 136.207 4.39124 0
    endloop
  endfacet
  facet normal 0 0 -1
    outer loop
      vertex 136 5 0
      vertex 136.207 4.39124 0
      vertex 136.134 4.5 0
    endloop
  endfacet
  facet normal 0 0 -1
    outer loop
      vertex 136 5 0
      vertex 136.134 4.5 0
      vertex 136.076 4.61732 0
    endloop
  endfacet
  facet normal 0 0 -1
    outer loop
      vertex 136 5 0
      vertex 136.076 4.61732 0
      vertex 136.034 4.74118 0
    endloop
  endfacet
  facet normal 0 0 -1
    outer loop
      vertex 136 5 0
      vertex 136.034 4.74118 0
      vertex 136.009 4.86947 0
    endloop
  endfacet
  facet normal 0 0 -1
    outer loop
      vertex 137 4 0
      vertex 136 5 0
      vertex 136 6.22203 0
    endloop
  endfacet
  facet normal -0 0 -1
    outer loop
      vertex 141.095 12.1 0
      vertex 136 6.22203 0
      vertex 143.511 17 0
    endloop
  endfacet
  facet normal 0 0 -1
    outer loop
      vertex 136 6.22203 0
      vertex 71 30.6546 0
      vertex 143.511 17 0
    endloop
  endfacet
  facet normal 0 0 -1
    outer loop
      vertex 68.5778 25.8394 0
      vertex 71 30.6546 0
      vertex 68.6 25.5 0
    endloop
  endfacet
  facet normal 0 0 -1
    outer loop
      vertex 68.5114 24.8271 0
      vertex 71 30.6546 0
      vertex 136 6.22203 0
    endloop
  endfacet
  facet normal 0 0 -1
    outer loop
      vertex 71 30.6546 0
      vertex 68.5778 25.1606 0
      vertex 68.6 25.5 0
    endloop
  endfacet
  facet normal 0 0 -1
    outer loop
      vertex 71 30.6546 0
      vertex 68.5114 24.8271 0
      vertex 68.5778 25.1606 0
    endloop
  endfacet
  facet normal 0 0 -1
    outer loop
      vertex 136 6.22203 0
      vertex 68.4021 24.505 0
      vertex 68.5114 24.8271 0
    endloop
  endfacet
  facet normal 0 0 -1
    outer loop
      vertex 136 6.22203 0
      vertex 68.2517 24.2 0
      vertex 68.4021 24.505 0
    endloop
  endfacet
  facet normal 0 0 -1
    outer loop
      vertex 136 6.22203 0
      vertex 68.0627 23.9172 0
      vertex 68.2517 24.2 0
    endloop
  endfacet
  facet normal 0 0 -1
    outer loop
      vertex 65.2168 19.5513 0
      vertex 68.0627 23.9172 0
      vertex 136 6.22203 0
    endloop
  endfacet
  facet normal 0 0 -1
    outer loop
      vertex 68.0627 23.9172 0
      vertex 65.2168 19.5513 0
      vertex 67.8385 23.6615 0
    endloop
  endfacet
  facet normal 0 0 -1
    outer loop
      vertex 67.8385 23.6615 0
      vertex 65.2168 19.5513 0
      vertex 67.5828 23.4373 0
    endloop
  endfacet
  facet normal 0 0 -1
    outer loop
      vertex 67.5828 23.4373 0
      vertex 65.2168 19.5513 0
      vertex 67.3 23.2483 0
    endloop
  endfacet
  facet normal 0 0 -1
    outer loop
      vertex 67.3 23.2483 0
      vertex 65.2168 19.5513 0
      vertex 66.995 23.0979 0
    endloop
  endfacet
  facet normal 0 0 -1
    outer loop
      vertex 66.995 23.0979 0
      vertex 65.2168 19.5513 0
      vertex 66.6729 22.9886 0
    endloop
  endfacet
  facet normal 0 0 -1
    outer loop
      vertex 66.6729 22.9886 0
      vertex 65.2168 19.5513 0
      vertex 66.3394 22.9222 0
    endloop
  endfacet
  facet normal 0 0 -1
    outer loop
      vertex 66.3394 22.9222 0
      vertex 65.2168 19.5513 0
      vertex 66 22.9 0
    endloop
  endfacet
  facet normal -0 0 -1
    outer loop
      vertex 66 22.9 0
      vertex 65.2168 19.5513 0
      vertex 65.6606 22.9222 0
    endloop
  endfacet
  facet normal -0 0 -1
    outer loop
      vertex 65.6606 22.9222 0
      vertex 65.2168 19.5513 0
      vertex 65.3271 22.9886 0
    endloop
  endfacet
  facet normal 0 0 -1
    outer loop
      vertex 64.4471 19.7044 0
      vertex 65.3271 22.9886 0
      vertex 65.2168 19.5513 0
    endloop
  endfacet
  facet normal -0 0 -1
    outer loop
      vertex 65.3271 22.9886 0
      vertex 64.4471 19.7044 0
      vertex 65.005 23.0979 0
    endloop
  endfacet
  facet normal 0 0 -1
    outer loop
      vertex 63.7039 19.9567 0
      vertex 65.005 23.0979 0
      vertex 64.4471 19.7044 0
    endloop
  endfacet
  facet normal -0 0 -1
    outer loop
      vertex 65.005 23.0979 0
      vertex 63.7039 19.9567 0
      vertex 64.7 23.2483 0
    endloop
  endfacet
  facet normal 0 0 -1
    outer loop
      vertex 63 20.3038 0
      vertex 64.7 23.2483 0
      vertex 63.7039 19.9567 0
    endloop
  endfacet
  facet normal 0 0 -1
    outer loop
      vertex 62.7064 20.5 0
      vertex 64.7 23.2483 0
      vertex 63 20.3038 0
    endloop
  endfacet
  facet normal -0 0 -1
    outer loop
      vertex 64.7 23.2483 0
      vertex 62.7064 20.5 0
      vertex 64.4172 23.4373 0
    endloop
  endfacet
  facet normal -0 0 -1
    outer loop
      vertex 64.4172 23.4373 0
      vertex 62.7064 20.5 0
      vertex 64.1615 23.6615 0
    endloop
  endfacet
  facet normal -0 0 -1
    outer loop
      vertex 64.1615 23.6615 0
      vertex 62.7064 20.5 0
      vertex 63.9373 23.9172 0
    endloop
  endfacet
  facet normal -0 0 -1
    outer loop
      vertex 63.9373 23.9172 0
      vertex 62.7064 20.5 0
      vertex 63.7483 24.2 0
    endloop
  endfacet
  facet normal 0 0 -1
    outer loop
      vertex 61 20.5 0
      vertex 63.7483 24.2 0
      vertex 62.7064 20.5 0
    endloop
  endfacet
  facet normal -0 0 -1
    outer loop
      vertex 63.7483 24.2 0
      vertex 61 20.5 0
      vertex 63.5979 24.505 0
    endloop
  endfacet
  facet normal -0 0 -1
    outer loop
      vertex 63.4886 24.8271 0
      vertex 61 20.5 0
      vertex 63.4222 25.1606 0
    endloop
  endfacet
  facet normal -0 0 -1
    outer loop
      vertex 63.5979 24.505 0
      vertex 61 20.5 0
      vertex 63.4886 24.8271 0
    endloop
  endfacet
  facet normal 0 0 -1
    outer loop
      vertex 147.2 90 0
      vertex 151 90 0
      vertex 150.949 89.2168 0
    endloop
  endfacet
  facet normal 0 0 -1
    outer loop
      vertex 147.181 89.7128 0
      vertex 150.949 89.2168 0
      vertex 150.796 88.4471 0
    endloop
  endfacet
  facet normal 0 0 -1
    outer loop
      vertex 151 90 0
      vertex 147.2 90 0
      vertex 150.949 90.7832 0
    endloop
  endfacet
  facet normal 0 0 -1
    outer loop
      vertex 147.125 89.4306 0
      vertex 150.796 88.4471 0
      vertex 150.543 87.7039 0
    endloop
  endfacet
  facet normal 0 0 -1
    outer loop
      vertex 147.181 90.2872 0
      vertex 150.949 90.7832 0
      vertex 147.2 90 0
    endloop
  endfacet
  facet normal 0 0 -1
    outer loop
      vertex 147.033 89.1581 0
      vertex 150.543 87.7039 0
      vertex 150.196 87 0
    endloop
  endfacet
  facet normal -0 0 -1
    outer loop
      vertex 150.949 90.7832 0
      vertex 147.181 90.2872 0
      vertex 150.796 91.5529 0
    endloop
  endfacet
  facet normal 0 0 -1
    outer loop
      vertex 146.905 88.9 0
      vertex 150.196 87 0
      vertex 149.76 86.3474 0
    endloop
  endfacet
  facet normal 0 0 -1
    outer loop
      vertex 147.125 90.5694 0
      vertex 150.796 91.5529 0
      vertex 147.181 90.2872 0
    endloop
  endfacet
  facet normal 0 0 -1
    outer loop
      vertex 146.745 88.6607 0
      vertex 149.76 86.3474 0
      vertex 149.243 85.7574 0
    endloop
  endfacet
  facet normal -0 0 -1
    outer loop
      vertex 150.796 91.5529 0
      vertex 147.125 90.5694 0
      vertex 150.543 92.2961 0
    endloop
  endfacet
  facet normal 0 0 -1
    outer loop
      vertex 146.556 88.4444 0
      vertex 149.243 85.7574 0
      vertex 148.653 85.2399 0
    endloop
  endfacet
  facet normal 0 0 -1
    outer loop
      vertex 147.033 90.8419 0
      vertex 150.543 92.2961 0
      vertex 147.125 90.5694 0
    endloop
  endfacet
  facet normal 0 0 -1
    outer loop
      vertex 146.339 88.2546 0
      vertex 148.653 85.2399 0
      vertex 148 84.8038 0
    endloop
  endfacet
  facet normal -0 0 -1
    outer loop
      vertex 150.543 92.2961 0
      vertex 147.033 90.8419 0
      vertex 150.196 93 0
    endloop
  endfacet
  facet normal 0 0 -1
    outer loop
      vertex 146.1 88.0947 0
      vertex 148 84.8038 0
      vertex 147.296 84.4567 0
    endloop
  endfacet
  facet normal 0 0 -1
    outer loop
      vertex 146.905 91.1 0
      vertex 150.196 93 0
      vertex 147.033 90.8419 0
    endloop
  endfacet
  facet normal -0 0 -1
    outer loop
      vertex 150.196 93 0
      vertex 146.905 91.1 0
      vertex 149.76 93.6526 0
    endloop
  endfacet
  facet normal 0 0 -1
    outer loop
      vertex 150.949 89.2168 0
      vertex 147.181 89.7128 0
      vertex 147.2 90 0
    endloop
  endfacet
  facet normal 0 0 -1
    outer loop
      vertex 150.796 88.4471 0
      vertex 147.125 89.4306 0
      vertex 147.181 89.7128 0
    endloop
  endfacet
  facet normal 0 0 -1
    outer loop
      vertex 150.543 87.7039 0
      vertex 147.033 89.1581 0
      vertex 147.125 89.4306 0
    endloop
  endfacet
  facet normal 0 0 -1
    outer loop
      vertex 150.196 87 0
      vertex 146.905 88.9 0
      vertex 147.033 89.1581 0
    endloop
  endfacet
  facet normal 0 0 -1
    outer loop
      vertex 149.76 86.3474 0
      vertex 146.745 88.6607 0
      vertex 146.905 88.9 0
    endloop
  endfacet
  facet normal 0 0 -1
    outer loop
      vertex 149.243 85.7574 0
      vertex 146.556 88.4444 0
      vertex 146.745 88.6607 0
    endloop
  endfacet
  facet normal 0 0 -1
    outer loop
      vertex 145.842 87.9675 0
      vertex 147.296 84.4567 0
      vertex 146.553 84.2044 0
    endloop
  endfacet
  facet normal 0 0 -1
    outer loop
      vertex 148.653 85.2399 0
      vertex 146.339 88.2546 0
      vertex 146.556 88.4444 0
    endloop
  endfacet
  facet normal 0 0 -1
    outer loop
      vertex 148 84.8038 0
      vertex 146.1 88.0947 0
      vertex 146.339 88.2546 0
    endloop
  endfacet
  facet normal 0 0 -1
    outer loop
      vertex 147.296 84.4567 0
      vertex 145.842 87.9675 0
      vertex 146.1 88.0947 0
    endloop
  endfacet
  facet normal 0 0 -1
    outer loop
      vertex 145.569 87.875 0
      vertex 146.553 84.2044 0
      vertex 145.783 84.0513 0
    endloop
  endfacet
  facet normal 0 0 -1
    outer loop
      vertex 146.553 84.2044 0
      vertex 145.569 87.875 0
      vertex 145.842 87.9675 0
    endloop
  endfacet
  facet normal 0 0 -1
    outer loop
      vertex 145.783 84.0513 0
      vertex 145.287 87.8188 0
      vertex 145.569 87.875 0
    endloop
  endfacet
  facet normal 0 0 -1
    outer loop
      vertex 145.783 84.0513 0
      vertex 145 87.8 0
      vertex 145.287 87.8188 0
    endloop
  endfacet
  facet normal 0 0 -1
    outer loop
      vertex 145.783 84.0513 0
      vertex 144.713 87.8188 0
      vertex 145 87.8 0
    endloop
  endfacet
  facet normal 0 0 -1
    outer loop
      vertex 145.783 84.0513 0
      vertex 144.431 87.875 0
      vertex 144.713 87.8188 0
    endloop
  endfacet
  facet normal 0 0 -1
    outer loop
      vertex 145.783 84.0513 0
      vertex 144.158 87.9675 0
      vertex 144.431 87.875 0
    endloop
  endfacet
  facet normal 0 0 -1
    outer loop
      vertex 145.783 84.0513 0
      vertex 143.9 88.0947 0
      vertex 144.158 87.9675 0
    endloop
  endfacet
  facet normal 0 0 -1
    outer loop
      vertex 145.783 84.0513 0
      vertex 143.661 88.2546 0
      vertex 143.9 88.0947 0
    endloop
  endfacet
  facet normal 0 0 -1
    outer loop
      vertex 145.783 84.0513 0
      vertex 143.444 88.4444 0
      vertex 143.661 88.2546 0
    endloop
  endfacet
  facet normal 0 0 -1
    outer loop
      vertex 145.783 84.0513 0
      vertex 143.255 88.6607 0
      vertex 143.444 88.4444 0
    endloop
  endfacet
  facet normal 0 0 -1
    outer loop
      vertex 145.783 84.0513 0
      vertex 143.095 88.9 0
      vertex 143.255 88.6607 0
    endloop
  endfacet
  facet normal -0 0 -1
    outer loop
      vertex 142.819 89.7128 0
      vertex 71 69.3787 0
      vertex 142.8 90 0
    endloop
  endfacet
  facet normal -0 0 -1
    outer loop
      vertex 142.875 89.4306 0
      vertex 71 69.3787 0
      vertex 142.819 89.7128 0
    endloop
  endfacet
  facet normal -0 0 -1
    outer loop
      vertex 142.967 89.1581 0
      vertex 71 69.3787 0
      vertex 142.875 89.4306 0
    endloop
  endfacet
  facet normal -0 0 -1
    outer loop
      vertex 143.095 88.9 0
      vertex 71 69.3787 0
      vertex 142.967 89.1581 0
    endloop
  endfacet
  facet normal 0 0 -1
    outer loop
      vertex 71 69.3787 0
      vertex 143.095 88.9 0
      vertex 145.783 84.0513 0
    endloop
  endfacet
  facet normal 0 0 -1
    outer loop
      vertex 146.745 91.3393 0
      vertex 149.76 93.6526 0
      vertex 146.905 91.1 0
    endloop
  endfacet
  facet normal -0 0 -1
    outer loop
      vertex 149.76 93.6526 0
      vertex 146.745 91.3393 0
      vertex 149.243 94.2426 0
    endloop
  endfacet
  facet normal 0 0 -1
    outer loop
      vertex 146.556 91.5556 0
      vertex 149.243 94.2426 0
      vertex 146.745 91.3393 0
    endloop
  endfacet
  facet normal -0 0 -1
    outer loop
      vertex 149.243 94.2426 0
      vertex 146.556 91.5556 0
      vertex 148.653 94.7601 0
    endloop
  endfacet
  facet normal 0 0 -1
    outer loop
      vertex 146.339 91.7454 0
      vertex 148.653 94.7601 0
      vertex 146.556 91.5556 0
    endloop
  endfacet
  facet normal -0 0 -1
    outer loop
      vertex 148.653 94.7601 0
      vertex 146.339 91.7454 0
      vertex 148 95.1962 0
    endloop
  endfacet
  facet normal 0 0 -1
    outer loop
      vertex 146.1 91.9053 0
      vertex 148 95.1962 0
      vertex 146.339 91.7454 0
    endloop
  endfacet
  facet normal -0 0 -1
    outer loop
      vertex 148 95.1962 0
      vertex 146.1 91.9053 0
      vertex 147.296 95.5433 0
    endloop
  endfacet
  facet normal 0 0 -1
    outer loop
      vertex 145.842 92.0325 0
      vertex 147.296 95.5433 0
      vertex 146.1 91.9053 0
    endloop
  endfacet
  facet normal -0 0 -1
    outer loop
      vertex 147.296 95.5433 0
      vertex 145.842 92.0325 0
      vertex 146.553 95.7956 0
    endloop
  endfacet
  facet normal 0 0 -1
    outer loop
      vertex 145.569 92.125 0
      vertex 146.553 95.7956 0
      vertex 145.842 92.0325 0
    endloop
  endfacet
  facet normal -0 0 -1
    outer loop
      vertex 146.553 95.7956 0
      vertex 145.569 92.125 0
      vertex 145.783 95.9487 0
    endloop
  endfacet
  facet normal 0 0 -1
    outer loop
      vertex 145.287 92.1812 0
      vertex 145.783 95.9487 0
      vertex 145.569 92.125 0
    endloop
  endfacet
  facet normal 0 0 -1
    outer loop
      vertex 145 92.2 0
      vertex 145.783 95.9487 0
      vertex 145.287 92.1812 0
    endloop
  endfacet
  facet normal 0 0 -1
    outer loop
      vertex 145 92.2 0
      vertex 145 96 0
      vertex 145.783 95.9487 0
    endloop
  endfacet
  facet normal 0 0 -1
    outer loop
      vertex 144.713 92.1812 0
      vertex 145 96 0
      vertex 145 92.2 0
    endloop
  endfacet
  facet normal 0 0 -1
    outer loop
      vertex 144.217 95.9487 0
      vertex 144.713 92.1812 0
      vertex 144.431 92.125 0
    endloop
  endfacet
  facet normal 0 0 -1
    outer loop
      vertex 144.713 92.1812 0
      vertex 144.217 95.9487 0
      vertex 145 96 0
    endloop
  endfacet
  facet normal 0 0 -1
    outer loop
      vertex 144.158 92.0325 0
      vertex 144.217 95.9487 0
      vertex 144.431 92.125 0
    endloop
  endfacet
  facet normal 0 0 -1
    outer loop
      vertex 143.9 91.9053 0
      vertex 144.217 95.9487 0
      vertex 144.158 92.0325 0
    endloop
  endfacet
  facet normal 0 0 -1
    outer loop
      vertex 143.661 91.7454 0
      vertex 144.217 95.9487 0
      vertex 143.9 91.9053 0
    endloop
  endfacet
  facet normal 0 0 -1
    outer loop
      vertex 143.444 91.5556 0
      vertex 144.217 95.9487 0
      vertex 143.661 91.7454 0
    endloop
  endfacet
  facet normal 0 0 -1
    outer loop
      vertex 143.255 91.3393 0
      vertex 144.217 95.9487 0
      vertex 143.444 91.5556 0
    endloop
  endfacet
  facet normal 0 0 -1
    outer loop
      vertex 143.095 91.1 0
      vertex 144.217 95.9487 0
      vertex 143.255 91.3393 0
    endloop
  endfacet
  facet normal 0 0 -1
    outer loop
      vertex 142.967 90.8419 0
      vertex 144.217 95.9487 0
      vertex 143.095 91.1 0
    endloop
  endfacet
  facet normal 0 0 -1
    outer loop
      vertex 142.875 90.5694 0
      vertex 144.217 95.9487 0
      vertex 142.967 90.8419 0
    endloop
  endfacet
  facet normal 0 0 -1
    outer loop
      vertex 68.5114 75.1729 0
      vertex 142.8 90 0
      vertex 71 69.3787 0
    endloop
  endfacet
  facet normal 0 0 -1
    outer loop
      vertex 68.4021 75.495 0
      vertex 142.8 90 0
      vertex 68.5114 75.1729 0
    endloop
  endfacet
  facet normal -0 0 -1
    outer loop
      vertex 142.8 90 0
      vertex 68.4021 75.495 0
      vertex 142.819 90.2872 0
    endloop
  endfacet
  facet normal 0 0 -1
    outer loop
      vertex 68.5114 26.1729 0
      vertex 71 30.6546 0
      vertex 68.5778 25.8394 0
    endloop
  endfacet
  facet normal 0 0 -1
    outer loop
      vertex 68.5778 74.8394 0
      vertex 71 69.3787 0
      vertex 68.6 74.5 0
    endloop
  endfacet
  facet normal 0 0 -1
    outer loop
      vertex 68.5114 75.1729 0
      vertex 71 69.3787 0
      vertex 68.5778 74.8394 0
    endloop
  endfacet
  facet normal 0 0 -1
    outer loop
      vertex 68.2517 75.8 0
      vertex 142.819 90.2872 0
      vertex 68.4021 75.495 0
    endloop
  endfacet
  facet normal -0 0 -1
    outer loop
      vertex 142.819 90.2872 0
      vertex 68.2517 75.8 0
      vertex 142.875 90.5694 0
    endloop
  endfacet
  facet normal 0 0 -1
    outer loop
      vertex 68.0627 76.0828 0
      vertex 142.875 90.5694 0
      vertex 68.2517 75.8 0
    endloop
  endfacet
  facet normal 0 0 -1
    outer loop
      vertex 65.2168 80.4487 0
      vertex 142.875 90.5694 0
      vertex 68.0627 76.0828 0
    endloop
  endfacet
  facet normal 0 0 -1
    outer loop
      vertex 65.2168 80.4487 0
      vertex 68.0627 76.0828 0
      vertex 67.8385 76.3385 0
    endloop
  endfacet
  facet normal 0 0 -1
    outer loop
      vertex 65.2168 80.4487 0
      vertex 67.8385 76.3385 0
      vertex 67.5828 76.5627 0
    endloop
  endfacet
  facet normal 0 0 -1
    outer loop
      vertex 65.2168 80.4487 0
      vertex 67.5828 76.5627 0
      vertex 67.3 76.7517 0
    endloop
  endfacet
  facet normal 0 0 -1
    outer loop
      vertex 65.2168 80.4487 0
      vertex 67.3 76.7517 0
      vertex 66.995 76.9021 0
    endloop
  endfacet
  facet normal 0 0 -1
    outer loop
      vertex 65.2168 80.4487 0
      vertex 66.995 76.9021 0
      vertex 66.6729 77.0114 0
    endloop
  endfacet
  facet normal 0 0 -1
    outer loop
      vertex 65.2168 80.4487 0
      vertex 66.6729 77.0114 0
      vertex 66.3394 77.0778 0
    endloop
  endfacet
  facet normal 0 0 -1
    outer loop
      vertex 65.2168 80.4487 0
      vertex 66.3394 77.0778 0
      vertex 66 77.1 0
    endloop
  endfacet
  facet normal 0 0 -1
    outer loop
      vertex 65.2168 80.4487 0
      vertex 66 77.1 0
      vertex 65.6606 77.0778 0
    endloop
  endfacet
  facet normal 0 0 -1
    outer loop
      vertex 65.2168 80.4487 0
      vertex 65.6606 77.0778 0
      vertex 65.3271 77.0114 0
    endloop
  endfacet
  facet normal -0 0 -1
    outer loop
      vertex 142.875 90.5694 0
      vertex 65.2168 80.4487 0
      vertex 144.217 95.9487 0
    endloop
  endfacet
  facet normal 0 0 -1
    outer loop
      vertex 64.4471 80.2956 0
      vertex 65.3271 77.0114 0
      vertex 65.005 76.9021 0
    endloop
  endfacet
  facet normal 0 0 -1
    outer loop
      vertex 63.7039 80.0433 0
      vertex 65.005 76.9021 0
      vertex 64.7 76.7517 0
    endloop
  endfacet
  facet normal 0 0 -1
    outer loop
      vertex 65.3271 77.0114 0
      vertex 64.4471 80.2956 0
      vertex 65.2168 80.4487 0
    endloop
  endfacet
  facet normal 0 0 -1
    outer loop
      vertex 62.7064 79.5 0
      vertex 64.7 76.7517 0
      vertex 64.4172 76.5627 0
    endloop
  endfacet
  facet normal 0 0 -1
    outer loop
      vertex 62.7064 79.5 0
      vertex 64.4172 76.5627 0
      vertex 64.1615 76.3385 0
    endloop
  endfacet
  facet normal 0 0 -1
    outer loop
      vertex 62.7064 79.5 0
      vertex 64.1615 76.3385 0
      vertex 63.9373 76.0828 0
    endloop
  endfacet
  facet normal 0 0 -1
    outer loop
      vertex 62.7064 79.5 0
      vertex 63.9373 76.0828 0
      vertex 63.7483 75.8 0
    endloop
  endfacet
  facet normal 0 0 -1
    outer loop
      vertex 65.005 76.9021 0
      vertex 63.7039 80.0433 0
      vertex 64.4471 80.2956 0
    endloop
  endfacet
  facet normal 0 0 -1
    outer loop
      vertex 62.7064 79.5 0
      vertex 63.7483 75.8 0
      vertex 63.5979 75.495 0
    endloop
  endfacet
  facet normal 0 0 -1
    outer loop
      vertex 62.7064 79.5 0
      vertex 63.5979 75.495 0
      vertex 63.4886 75.1729 0
    endloop
  endfacet
  facet normal 0 0 -1
    outer loop
      vertex 62.7064 79.5 0
      vertex 63.4886 75.1729 0
      vertex 63.4222 74.8394 0
    endloop
  endfacet
  facet normal 0 0 -1
    outer loop
      vertex 61 69.5 0
      vertex 63.4222 74.8394 0
      vertex 63.4 74.5 0
    endloop
  endfacet
  facet normal 0 0 -1
    outer loop
      vertex 64.7 76.7517 0
      vertex 63 79.6962 0
      vertex 63.7039 80.0433 0
    endloop
  endfacet
  facet normal -0 0 -1
    outer loop
      vertex 63.4222 74.1606 0
      vertex 61 69.5 0
      vertex 63.4 74.5 0
    endloop
  endfacet
  facet normal -0 0 -1
    outer loop
      vertex 63.4222 25.1606 0
      vertex 61 20.5 0
      vertex 63.4 25.5 0
    endloop
  endfacet
  facet normal -0 0 -1
    outer loop
      vertex 63.4222 74.8394 0
      vertex 61 69.5 0
      vertex 62.7064 79.5 0
    endloop
  endfacet
  facet normal -0 0 -1
    outer loop
      vertex 63.5979 26.495 0
      vertex 61 20.5 0
      vertex 61 69.5 0
    endloop
  endfacet
  facet normal 0 0 -1
    outer loop
      vertex 64.7 76.7517 0
      vertex 62.7064 79.5 0
      vertex 63 79.6962 0
    endloop
  endfacet
  facet normal 0 0 -1
    outer loop
      vertex 61 69.5 0
      vertex 14.3226 79.5 0
      vertex 62.7064 79.5 0
    endloop
  endfacet
  facet normal 0 0 -1
    outer loop
      vertex 14.5433 92.2961 0
      vertex 12.6526 94.7601 0
      vertex 14.1962 93 0
    endloop
  endfacet
  facet normal 0 0 -1
    outer loop
      vertex 14.1962 93 0
      vertex 12.6526 94.7601 0
      vertex 13.7601 93.6526 0
    endloop
  endfacet
  facet normal 0 0 -1
    outer loop
      vertex 13 69.5 0
      vertex 14.3226 79.5 0
      vertex 61 69.5 0
    endloop
  endfacet
  facet normal 0 0 -1
    outer loop
      vertex 12.6526 94.7601 0
      vertex 14.3226 79.5 0
      vertex 13 69.5 0
    endloop
  endfacet
  facet normal 0 0 -1
    outer loop
      vertex 13.7601 93.6526 0
      vertex 12.6526 94.7601 0
      vertex 13.2426 94.2426 0
    endloop
  endfacet
  facet normal -0.997859 0.0653985 0
    outer loop
      vertex 2 25.5 0
      vertex 2.05133 26.2832 3
      vertex 2.05133 26.2832 0
    endloop
  endfacet
  facet normal -0.997859 0.0653985 0
    outer loop
      vertex 2.05133 26.2832 3
      vertex 2 25.5 0
      vertex 2 25.5 3
    endloop
  endfacet
  facet normal -0.997859 -0.0653985 0
    outer loop
      vertex 2.05133 24.7168 0
      vertex 2 25.5 3
      vertex 2 25.5 0
    endloop
  endfacet
  facet normal -0.997859 -0.0653985 0
    outer loop
      vertex 2 25.5 3
      vertex 2.05133 24.7168 0
      vertex 2.05133 24.7168 3
    endloop
  endfacet
  facet normal 0 0 1
    outer loop
      vertex 14.9487 90.7832 3
      vertex 11.1812 90.2872 3
      vertex 11.2 90 3
    endloop
  endfacet
  facet normal 0 0 1
    outer loop
      vertex 12 95.1962 3
      vertex 11.125 90.5694 3
      vertex 11.1812 90.2872 3
    endloop
  endfacet
  facet normal 0 0 1
    outer loop
      vertex 12 95.1962 3
      vertex 11.0325 90.8419 3
      vertex 11.125 90.5694 3
    endloop
  endfacet
  facet normal 0 0 1
    outer loop
      vertex 12 95.1962 3
      vertex 10.9053 91.1 3
      vertex 11.0325 90.8419 3
    endloop
  endfacet
  facet normal 0 0 1
    outer loop
      vertex 12 95.1962 3
      vertex 10.7454 91.3393 3
      vertex 10.9053 91.1 3
    endloop
  endfacet
  facet normal 0 0 1
    outer loop
      vertex 12 95.1962 3
      vertex 10.5556 91.5556 3
      vertex 10.7454 91.3393 3
    endloop
  endfacet
  facet normal 0 0 1
    outer loop
      vertex 9.8419 92.0325 3
      vertex 11.2961 95.5433 3
      vertex 10.5529 95.7956 3
    endloop
  endfacet
  facet normal 0 0 1
    outer loop
      vertex 12 95.1962 3
      vertex 10.3393 91.7454 3
      vertex 10.5556 91.5556 3
    endloop
  endfacet
  facet normal 0 0 1
    outer loop
      vertex 12 95.1962 3
      vertex 10.1 91.9053 3
      vertex 10.3393 91.7454 3
    endloop
  endfacet
  facet normal 0 0 1
    outer loop
      vertex 11.2961 95.5433 3
      vertex 9.8419 92.0325 3
      vertex 10.1 91.9053 3
    endloop
  endfacet
  facet normal 0 0 1
    outer loop
      vertex 9.5694 92.125 3
      vertex 10.5529 95.7956 3
      vertex 9.78316 95.9487 3
    endloop
  endfacet
  facet normal 0 0 1
    outer loop
      vertex 10.5529 95.7956 3
      vertex 9.5694 92.125 3
      vertex 9.8419 92.0325 3
    endloop
  endfacet
  facet normal 0 0 1
    outer loop
      vertex 9.78316 95.9487 3
      vertex 9.28716 92.1812 3
      vertex 9.5694 92.125 3
    endloop
  endfacet
  facet normal 0 0 1
    outer loop
      vertex 9 96 3
      vertex 9.28716 92.1812 3
      vertex 9.78316 95.9487 3
    endloop
  endfacet
  facet normal 0 0 1
    outer loop
      vertex 9 96 3
      vertex 9 92.2 3
      vertex 9.28716 92.1812 3
    endloop
  endfacet
  facet normal 0 0 1
    outer loop
      vertex 9 96 3
      vertex 8.71284 92.1812 3
      vertex 9 92.2 3
    endloop
  endfacet
  facet normal -0 0 1
    outer loop
      vertex 8.21684 95.9487 3
      vertex 8.71284 92.1812 3
      vertex 9 96 3
    endloop
  endfacet
  facet normal 0 0 1
    outer loop
      vertex 8.71284 92.1812 3
      vertex 8.21684 95.9487 3
      vertex 8.4306 92.125 3
    endloop
  endfacet
  facet normal -0 0 1
    outer loop
      vertex 7.44709 95.7956 3
      vertex 8.4306 92.125 3
      vertex 8.21684 95.9487 3
    endloop
  endfacet
  facet normal 0 0 1
    outer loop
      vertex 8.4306 92.125 3
      vertex 7.44709 95.7956 3
      vertex 8.1581 92.0325 3
    endloop
  endfacet
  facet normal -0 0 1
    outer loop
      vertex 6.7039 95.5433 3
      vertex 8.1581 92.0325 3
      vertex 7.44709 95.7956 3
    endloop
  endfacet
  facet normal 0 0 1
    outer loop
      vertex 8.1581 92.0325 3
      vertex 6.7039 95.5433 3
      vertex 7.9 91.9053 3
    endloop
  endfacet
  facet normal -0 0 1
    outer loop
      vertex 6 95.1962 3
      vertex 7.9 91.9053 3
      vertex 6.7039 95.5433 3
    endloop
  endfacet
  facet normal 0 0 1
    outer loop
      vertex 7.9 91.9053 3
      vertex 6 95.1962 3
      vertex 7.66072 91.7454 3
    endloop
  endfacet
  facet normal -0 0 1
    outer loop
      vertex 5.34743 94.7601 3
      vertex 7.66072 91.7454 3
      vertex 6 95.1962 3
    endloop
  endfacet
  facet normal 0 0 1
    outer loop
      vertex 7.66072 91.7454 3
      vertex 5.34743 94.7601 3
      vertex 7.44436 91.5556 3
    endloop
  endfacet
  facet normal -0 0 1
    outer loop
      vertex 4.75736 94.2426 3
      vertex 7.44436 91.5556 3
      vertex 5.34743 94.7601 3
    endloop
  endfacet
  facet normal 0 0 1
    outer loop
      vertex 7.44436 91.5556 3
      vertex 4.75736 94.2426 3
      vertex 7.25462 91.3393 3
    endloop
  endfacet
  facet normal -0 0 1
    outer loop
      vertex 4.23988 93.6526 3
      vertex 7.25462 91.3393 3
      vertex 4.75736 94.2426 3
    endloop
  endfacet
  facet normal 0 0 1
    outer loop
      vertex 7.25462 91.3393 3
      vertex 4.23988 93.6526 3
      vertex 7.09474 91.1 3
    endloop
  endfacet
  facet normal -0 0 1
    outer loop
      vertex 3.80385 93 3
      vertex 7.09474 91.1 3
      vertex 4.23988 93.6526 3
    endloop
  endfacet
  facet normal 0 0 1
    outer loop
      vertex 6.8 90 3
      vertex 3 90 3
      vertex 6.78355 79.0398 3
    endloop
  endfacet
  facet normal 0 0 1
    outer loop
      vertex 7.09474 91.1 3
      vertex 3.80385 93 3
      vertex 6.96746 90.8419 3
    endloop
  endfacet
  facet normal 0 0 1
    outer loop
      vertex 6.78355 79.0398 3
      vertex 3 90 3
      vertex 6.20139 78.8422 3
    endloop
  endfacet
  facet normal -0 0 1
    outer loop
      vertex 3.45672 92.2961 3
      vertex 6.96746 90.8419 3
      vertex 3.80385 93 3
    endloop
  endfacet
  facet normal 0 0 1
    outer loop
      vertex 6.20139 78.8422 3
      vertex 3 90 3
      vertex 5.65 78.5703 3
    endloop
  endfacet
  facet normal 0 0 1
    outer loop
      vertex 6.96746 90.8419 3
      vertex 3.45672 92.2961 3
      vertex 6.87496 90.5694 3
    endloop
  endfacet
  facet normal 0 0 1
    outer loop
      vertex 5.65 78.5703 3
      vertex 3 90 3
      vertex 5.13882 78.2288 3
    endloop
  endfacet
  facet normal 0 0 1
    outer loop
      vertex 5.13882 78.2288 3
      vertex 3 90 3
      vertex 4.6766 77.8234 3
    endloop
  endfacet
  facet normal -0 0 1
    outer loop
      vertex 3.20444 91.5529 3
      vertex 6.87496 90.5694 3
      vertex 3.45672 92.2961 3
    endloop
  endfacet
  facet normal 0 0 1
    outer loop
      vertex 4.6766 77.8234 3
      vertex 3 90 3
      vertex 4.27124 77.3612 3
    endloop
  endfacet
  facet normal 0 0 1
    outer loop
      vertex 6.87496 90.5694 3
      vertex 3.20444 91.5529 3
      vertex 6.81882 90.2872 3
    endloop
  endfacet
  facet normal 0 0 1
    outer loop
      vertex 4.27124 77.3612 3
      vertex 3 90 3
      vertex 3.92968 76.85 3
    endloop
  endfacet
  facet normal 0 0 1
    outer loop
      vertex 2 74.5 3
      vertex 3.92968 76.85 3
      vertex 3 90 3
    endloop
  endfacet
  facet normal -0 0 1
    outer loop
      vertex 3.05133 90.7832 3
      vertex 6.81882 90.2872 3
      vertex 3.20444 91.5529 3
    endloop
  endfacet
  facet normal 0 0 1
    outer loop
      vertex 3.92968 76.85 3
      vertex 2 74.5 3
      vertex 3.65777 76.2986 3
    endloop
  endfacet
  facet normal 0 0 1
    outer loop
      vertex 3.65777 76.2986 3
      vertex 2 74.5 3
      vertex 3.46015 75.7164 3
    endloop
  endfacet
  facet normal 0 0 1
    outer loop
      vertex 3.46015 75.7164 3
      vertex 2 74.5 3
      vertex 3.34021 75.1135 3
    endloop
  endfacet
  facet normal 0 0 1
    outer loop
      vertex 6.81882 90.2872 3
      vertex 3.05133 90.7832 3
      vertex 6.8 90 3
    endloop
  endfacet
  facet normal -0 0 1
    outer loop
      vertex 12.5399 73.2836 3
      vertex 13 69.5 3
      vertex 12.6598 73.8865 3
    endloop
  endfacet
  facet normal -0 0 1
    outer loop
      vertex 12.3422 72.7014 3
      vertex 13 69.5 3
      vertex 12.5399 73.2836 3
    endloop
  endfacet
  facet normal -0 0 1
    outer loop
      vertex 12.0703 72.15 3
      vertex 13 69.5 3
      vertex 12.3422 72.7014 3
    endloop
  endfacet
  facet normal -0 0 1
    outer loop
      vertex 11.7288 71.6388 3
      vertex 13 69.5 3
      vertex 12.0703 72.15 3
    endloop
  endfacet
  facet normal -0 0 1
    outer loop
      vertex 11.3234 71.1766 3
      vertex 13 69.5 3
      vertex 11.7288 71.6388 3
    endloop
  endfacet
  facet normal -0 0 1
    outer loop
      vertex 10.8612 70.7712 3
      vertex 13 69.5 3
      vertex 11.3234 71.1766 3
    endloop
  endfacet
  facet normal -0 0 1
    outer loop
      vertex 10.35 70.4297 3
      vertex 13 69.5 3
      vertex 10.8612 70.7712 3
    endloop
  endfacet
  facet normal -0 0 1
    outer loop
      vertex 9.79861 70.1578 3
      vertex 13 69.5 3
      vertex 10.35 70.4297 3
    endloop
  endfacet
  facet normal 0 0 1
    outer loop
      vertex 13 69.5 3
      vertex 9.79861 70.1578 3
      vertex 13 66.5 3
    endloop
  endfacet
  facet normal -0 0 1
    outer loop
      vertex 9.21645 69.9601 3
      vertex 13 66.5 3
      vertex 9.79861 70.1578 3
    endloop
  endfacet
  facet normal 0 0 1
    outer loop
      vertex 6.5 66.5 3
      vertex 9.21645 69.9601 3
      vertex 8.61347 69.8402 3
    endloop
  endfacet
  facet normal 0 0 1
    outer loop
      vertex 6.5 66.5 3
      vertex 8.61347 69.8402 3
      vertex 8 69.8 3
    endloop
  endfacet
  facet normal 0 0 1
    outer loop
      vertex 6.5 66.5 3
      vertex 8 69.8 3
      vertex 7.38653 69.8402 3
    endloop
  endfacet
  facet normal 0 0 1
    outer loop
      vertex 6.5 66.5 3
      vertex 7.38653 69.8402 3
      vertex 6.78355 69.9601 3
    endloop
  endfacet
  facet normal 0 0 1
    outer loop
      vertex 9.21645 69.9601 3
      vertex 6.5 66.5 3
      vertex 13 66.5 3
    endloop
  endfacet
  facet normal 0 0 1
    outer loop
      vertex 5.65 70.4297 3
      vertex 6.5 66.5 3
      vertex 6.20139 70.1578 3
    endloop
  endfacet
  facet normal 0 0 1
    outer loop
      vertex 6.20139 70.1578 3
      vertex 6.5 66.5 3
      vertex 6.78355 69.9601 3
    endloop
  endfacet
  facet normal 0 0 1
    outer loop
      vertex 11.1812 90.2872 3
      vertex 14.9487 90.7832 3
      vertex 14.7956 91.5529 3
    endloop
  endfacet
  facet normal 0 0 1
    outer loop
      vertex 11.1812 90.2872 3
      vertex 14.7956 91.5529 3
      vertex 14.5433 92.2961 3
    endloop
  endfacet
  facet normal 0 0 1
    outer loop
      vertex 14.9487 90.7832 3
      vertex 11.2 90 3
      vertex 15 90 3
    endloop
  endfacet
  facet normal 0 0 1
    outer loop
      vertex 11.1812 90.2872 3
      vertex 14.5433 92.2961 3
      vertex 14.1962 93 3
    endloop
  endfacet
  facet normal -0 0 1
    outer loop
      vertex 70.3422 72.7014 3
      vertex 71 69.3787 3
      vertex 70.5398 73.2836 3
    endloop
  endfacet
  facet normal 0 0 1
    outer loop
      vertex 71 30.6546 3
      vertex 70.6598 26.1135 3
      vertex 70.7 25.5 3
    endloop
  endfacet
  facet normal -0 0 1
    outer loop
      vertex 70.0703 72.15 3
      vertex 71 69.3787 3
      vertex 70.3422 72.7014 3
    endloop
  endfacet
  facet normal 0 0 1
    outer loop
      vertex 71 30.6546 3
      vertex 70.5398 26.7164 3
      vertex 70.6598 26.1135 3
    endloop
  endfacet
  facet normal -0 0 1
    outer loop
      vertex 69.7288 71.6388 3
      vertex 71 69.3787 3
      vertex 70.0703 72.15 3
    endloop
  endfacet
  facet normal 0 0 1
    outer loop
      vertex 71 30.6546 3
      vertex 70.3422 27.2986 3
      vertex 70.5398 26.7164 3
    endloop
  endfacet
  facet normal -0 0 1
    outer loop
      vertex 69.3234 71.1766 3
      vertex 71 69.3787 3
      vertex 69.7288 71.6388 3
    endloop
  endfacet
  facet normal 0 0 1
    outer loop
      vertex 71 30.6546 3
      vertex 70.0703 27.85 3
      vertex 70.3422 27.2986 3
    endloop
  endfacet
  facet normal -0 0 1
    outer loop
      vertex 68.8612 70.7712 3
      vertex 71 69.3787 3
      vertex 69.3234 71.1766 3
    endloop
  endfacet
  facet normal 0 0 1
    outer loop
      vertex 71 30.6546 3
      vertex 69.7288 28.3612 3
      vertex 70.0703 27.85 3
    endloop
  endfacet
  facet normal -0 0 1
    outer loop
      vertex 68.35 70.4297 3
      vertex 71 69.3787 3
      vertex 68.8612 70.7712 3
    endloop
  endfacet
  facet normal 0 0 1
    outer loop
      vertex 71 30.6546 3
      vertex 69.3234 28.8234 3
      vertex 69.7288 28.3612 3
    endloop
  endfacet
  facet normal -0 0 1
    outer loop
      vertex 67.7986 70.1578 3
      vertex 71 69.3787 3
      vertex 68.35 70.4297 3
    endloop
  endfacet
  facet normal 0 0 1
    outer loop
      vertex 71 30.6546 3
      vertex 68.8612 29.2288 3
      vertex 69.3234 28.8234 3
    endloop
  endfacet
  facet normal -0 0 1
    outer loop
      vertex 67.2164 69.9601 3
      vertex 71 69.3787 3
      vertex 67.7986 70.1578 3
    endloop
  endfacet
  facet normal 0 0 1
    outer loop
      vertex 71 30.6546 3
      vertex 68.35 29.5703 3
      vertex 68.8612 29.2288 3
    endloop
  endfacet
  facet normal -0 0 1
    outer loop
      vertex 66.6135 69.8402 3
      vertex 71 69.3787 3
      vertex 67.2164 69.9601 3
    endloop
  endfacet
  facet normal 0 0 1
    outer loop
      vertex 71 30.6546 3
      vertex 67.7986 29.8422 3
      vertex 68.35 29.5703 3
    endloop
  endfacet
  facet normal -0 0 1
    outer loop
      vertex 66 69.8 3
      vertex 71 69.3787 3
      vertex 66.6135 69.8402 3
    endloop
  endfacet
  facet normal 0 0 1
    outer loop
      vertex 71 30.6546 3
      vertex 67.2164 30.0399 3
      vertex 67.7986 29.8422 3
    endloop
  endfacet
  facet normal 0 0 1
    outer loop
      vertex 71 69.3787 3
      vertex 66 69.8 3
      vertex 71 30.6546 3
    endloop
  endfacet
  facet normal 0 0 1
    outer loop
      vertex 71 30.6546 3
      vertex 66.6135 30.1598 3
      vertex 67.2164 30.0399 3
    endloop
  endfacet
  facet normal 0 0 1
    outer loop
      vertex 66 30.2 3
      vertex 71 30.6546 3
      vertex 66 69.8 3
    endloop
  endfacet
  facet normal 0 0 1
    outer loop
      vertex 71 30.6546 3
      vertex 66 30.2 3
      vertex 66.6135 30.1598 3
    endloop
  endfacet
  facet normal 0 0 1
    outer loop
      vertex 61 69.5 3
      vertex 66 69.8 3
      vertex 65.3865 69.8402 3
    endloop
  endfacet
  facet normal 0 0 1
    outer loop
      vertex 66 69.8 3
      vertex 61 69.5 3
      vertex 66 30.2 3
    endloop
  endfacet
  facet normal 0 0 1
    outer loop
      vertex 61 69.5 3
      vertex 65.3865 69.8402 3
      vertex 64.7836 69.9601 3
    endloop
  endfacet
  facet normal 0 0 1
    outer loop
      vertex 66 30.2 3
      vertex 61 69.5 3
      vertex 65.3865 30.1598 3
    endloop
  endfacet
  facet normal 0 0 1
    outer loop
      vertex 61 69.5 3
      vertex 64.7836 69.9601 3
      vertex 64.2014 70.1578 3
    endloop
  endfacet
  facet normal 0 0 1
    outer loop
      vertex 65.3865 30.1598 3
      vertex 61 69.5 3
      vertex 64.7836 30.0399 3
    endloop
  endfacet
  facet normal 0 0 1
    outer loop
      vertex 61 69.5 3
      vertex 64.2014 70.1578 3
      vertex 63.65 70.4297 3
    endloop
  endfacet
  facet normal 0 0 1
    outer loop
      vertex 64.7836 30.0399 3
      vertex 61 69.5 3
      vertex 64.2014 29.8422 3
    endloop
  endfacet
  facet normal 0 0 1
    outer loop
      vertex 61 69.5 3
      vertex 63.65 70.4297 3
      vertex 63.1388 70.7712 3
    endloop
  endfacet
  facet normal 0 0 1
    outer loop
      vertex 64.2014 29.8422 3
      vertex 61 69.5 3
      vertex 63.65 29.5703 3
    endloop
  endfacet
  facet normal 0 0 1
    outer loop
      vertex 61 69.5 3
      vertex 63.1388 70.7712 3
      vertex 62.6766 71.1766 3
    endloop
  endfacet
  facet normal 0 0 1
    outer loop
      vertex 63.65 29.5703 3
      vertex 61 69.5 3
      vertex 63.1388 29.2288 3
    endloop
  endfacet
  facet normal 0 0 1
    outer loop
      vertex 61 69.5 3
      vertex 62.6766 71.1766 3
      vertex 62.2712 71.6388 3
    endloop
  endfacet
  facet normal 0 0 1
    outer loop
      vertex 63.1388 29.2288 3
      vertex 61 69.5 3
      vertex 62.6766 28.8234 3
    endloop
  endfacet
  facet normal 0 0 1
    outer loop
      vertex 61 69.5 3
      vertex 62.2712 71.6388 3
      vertex 61.9297 72.15 3
    endloop
  endfacet
  facet normal 0 0 1
    outer loop
      vertex 62.6766 28.8234 3
      vertex 61 69.5 3
      vertex 62.2712 28.3612 3
    endloop
  endfacet
  facet normal 0 0 1
    outer loop
      vertex 61 69.5 3
      vertex 61.9297 72.15 3
      vertex 61.6578 72.7014 3
    endloop
  endfacet
  facet normal 0 0 1
    outer loop
      vertex 62.2712 28.3612 3
      vertex 61 69.5 3
      vertex 61.9297 27.85 3
    endloop
  endfacet
  facet normal 0 0 1
    outer loop
      vertex 61 69.5 3
      vertex 61.6578 72.7014 3
      vertex 61.4601 73.2836 3
    endloop
  endfacet
  facet normal 0 0 1
    outer loop
      vertex 61.9297 27.85 3
      vertex 61 69.5 3
      vertex 61.6578 27.2986 3
    endloop
  endfacet
  facet normal 0 0 1
    outer loop
      vertex 61 69.5 3
      vertex 61.4601 73.2836 3
      vertex 61.3402 73.8865 3
    endloop
  endfacet
  facet normal 0 0 1
    outer loop
      vertex 61.6578 27.2986 3
      vertex 61 69.5 3
      vertex 61.4601 26.7164 3
    endloop
  endfacet
  facet normal 0 0 1
    outer loop
      vertex 61 69.5 3
      vertex 61.3402 73.8865 3
      vertex 61.3 74.5 3
    endloop
  endfacet
  facet normal 0 0 1
    outer loop
      vertex 61.4601 26.7164 3
      vertex 61 69.5 3
      vertex 61.3402 26.1135 3
    endloop
  endfacet
  facet normal 0 0 1
    outer loop
      vertex 147.2 90 3
      vertex 151 90 3
      vertex 150.949 90.7832 3
    endloop
  endfacet
  facet normal 0 0 1
    outer loop
      vertex 147.181 90.2872 3
      vertex 150.949 90.7832 3
      vertex 150.796 91.5529 3
    endloop
  endfacet
  facet normal 0 0 1
    outer loop
      vertex 151 90 3
      vertex 147.2 90 3
      vertex 150.949 89.2168 3
    endloop
  endfacet
  facet normal 0 0 1
    outer loop
      vertex 147.125 90.5694 3
      vertex 150.796 91.5529 3
      vertex 150.543 92.2961 3
    endloop
  endfacet
  facet normal -0 0 1
    outer loop
      vertex 147.181 89.7128 3
      vertex 150.949 89.2168 3
      vertex 147.2 90 3
    endloop
  endfacet
  facet normal 0 0 1
    outer loop
      vertex 147.033 90.8419 3
      vertex 150.543 92.2961 3
      vertex 150.196 93 3
    endloop
  endfacet
  facet normal 0 0 1
    outer loop
      vertex 150.949 89.2168 3
      vertex 147.181 89.7128 3
      vertex 150.796 88.4471 3
    endloop
  endfacet
  facet normal 0 0 1
    outer loop
      vertex 146.905 91.1 3
      vertex 150.196 93 3
      vertex 149.76 93.6526 3
    endloop
  endfacet
  facet normal -0 0 1
    outer loop
      vertex 147.125 89.4306 3
      vertex 150.796 88.4471 3
      vertex 147.181 89.7128 3
    endloop
  endfacet
  facet normal 0 0 1
    outer loop
      vertex 146.745 91.3393 3
      vertex 149.76 93.6526 3
      vertex 149.243 94.2426 3
    endloop
  endfacet
  facet normal 0 0 1
    outer loop
      vertex 150.796 88.4471 3
      vertex 147.125 89.4306 3
      vertex 150.543 87.7039 3
    endloop
  endfacet
  facet normal 0 0 1
    outer loop
      vertex 146.556 91.5556 3
      vertex 149.243 94.2426 3
      vertex 148.653 94.7601 3
    endloop
  endfacet
  facet normal -0 0 1
    outer loop
      vertex 147.033 89.1581 3
      vertex 150.543 87.7039 3
      vertex 147.125 89.4306 3
    endloop
  endfacet
  facet normal 0 0 1
    outer loop
      vertex 146.339 91.7454 3
      vertex 148.653 94.7601 3
      vertex 148 95.1962 3
    endloop
  endfacet
  facet normal 0 0 1
    outer loop
      vertex 150.543 87.7039 3
      vertex 147.033 89.1581 3
      vertex 150.196 87 3
    endloop
  endfacet
  facet normal 0 0 1
    outer loop
      vertex 146.1 91.9053 3
      vertex 148 95.1962 3
      vertex 147.296 95.5433 3
    endloop
  endfacet
  facet normal -0 0 1
    outer loop
      vertex 146.905 88.9 3
      vertex 150.196 87 3
      vertex 147.033 89.1581 3
    endloop
  endfacet
  facet normal 0 0 1
    outer loop
      vertex 150.196 87 3
      vertex 146.905 88.9 3
      vertex 149.76 86.3474 3
    endloop
  endfacet
  facet normal 0 0 1
    outer loop
      vertex 150.949 90.7832 3
      vertex 147.181 90.2872 3
      vertex 147.2 90 3
    endloop
  endfacet
  facet normal 0 0 1
    outer loop
      vertex 150.796 91.5529 3
      vertex 147.125 90.5694 3
      vertex 147.181 90.2872 3
    endloop
  endfacet
  facet normal 0 0 1
    outer loop
      vertex 150.543 92.2961 3
      vertex 147.033 90.8419 3
      vertex 147.125 90.5694 3
    endloop
  endfacet
  facet normal 0 0 1
    outer loop
      vertex 150.196 93 3
      vertex 146.905 91.1 3
      vertex 147.033 90.8419 3
    endloop
  endfacet
  facet normal 0 0 1
    outer loop
      vertex 149.76 93.6526 3
      vertex 146.745 91.3393 3
      vertex 146.905 91.1 3
    endloop
  endfacet
  facet normal 0 0 1
    outer loop
      vertex 149.243 94.2426 3
      vertex 146.556 91.5556 3
      vertex 146.745 91.3393 3
    endloop
  endfacet
  facet normal 0 0 1
    outer loop
      vertex 145.842 92.0325 3
      vertex 147.296 95.5433 3
      vertex 146.553 95.7956 3
    endloop
  endfacet
  facet normal 0 0 1
    outer loop
      vertex 148.653 94.7601 3
      vertex 146.339 91.7454 3
      vertex 146.556 91.5556 3
    endloop
  endfacet
  facet normal 0 0 1
    outer loop
      vertex 148 95.1962 3
      vertex 146.1 91.9053 3
      vertex 146.339 91.7454 3
    endloop
  endfacet
  facet normal 0 0 1
    outer loop
      vertex 147.296 95.5433 3
      vertex 145.842 92.0325 3
      vertex 146.1 91.9053 3
    endloop
  endfacet
  facet normal 0 0 1
    outer loop
      vertex 145.569 92.125 3
      vertex 146.553 95.7956 3
      vertex 145.783 95.9487 3
    endloop
  endfacet
  facet normal 0 0 1
    outer loop
      vertex 146.553 95.7956 3
      vertex 145.569 92.125 3
      vertex 145.842 92.0325 3
    endloop
  endfacet
  facet normal 0 0 1
    outer loop
      vertex 145.783 95.9487 3
      vertex 145.287 92.1812 3
      vertex 145.569 92.125 3
    endloop
  endfacet
  facet normal 0 0 1
    outer loop
      vertex 145 96 3
      vertex 145.287 92.1812 3
      vertex 145.783 95.9487 3
    endloop
  endfacet
  facet normal 0 0 1
    outer loop
      vertex 145 96 3
      vertex 145 92.2 3
      vertex 145.287 92.1812 3
    endloop
  endfacet
  facet normal 0 0 1
    outer loop
      vertex 145 96 3
      vertex 144.713 92.1812 3
      vertex 145 92.2 3
    endloop
  endfacet
  facet normal -0 0 1
    outer loop
      vertex 144.217 95.9487 3
      vertex 144.713 92.1812 3
      vertex 145 96 3
    endloop
  endfacet
  facet normal 0 0 1
    outer loop
      vertex 144.713 92.1812 3
      vertex 144.217 95.9487 3
      vertex 144.431 92.125 3
    endloop
  endfacet
  facet normal 0 0 1
    outer loop
      vertex 144.217 95.9487 3
      vertex 144.158 92.0325 3
      vertex 144.431 92.125 3
    endloop
  endfacet
  facet normal 0 0 1
    outer loop
      vertex 144.217 95.9487 3
      vertex 143.9 91.9053 3
      vertex 144.158 92.0325 3
    endloop
  endfacet
  facet normal 0 0 1
    outer loop
      vertex 144.217 95.9487 3
      vertex 143.661 91.7454 3
      vertex 143.9 91.9053 3
    endloop
  endfacet
  facet normal 0 0 1
    outer loop
      vertex 144.217 95.9487 3
      vertex 143.444 91.5556 3
      vertex 143.661 91.7454 3
    endloop
  endfacet
  facet normal 0 0 1
    outer loop
      vertex 144.217 95.9487 3
      vertex 143.255 91.3393 3
      vertex 143.444 91.5556 3
    endloop
  endfacet
  facet normal 0 0 1
    outer loop
      vertex 144.217 95.9487 3
      vertex 143.095 91.1 3
      vertex 143.255 91.3393 3
    endloop
  endfacet
  facet normal 0 0 1
    outer loop
      vertex 144.217 95.9487 3
      vertex 142.967 90.8419 3
      vertex 143.095 91.1 3
    endloop
  endfacet
  facet normal 0 0 1
    outer loop
      vertex 144.217 95.9487 3
      vertex 142.875 90.5694 3
      vertex 142.967 90.8419 3
    endloop
  endfacet
  facet normal 0 0 1
    outer loop
      vertex 70.3422 76.2986 3
      vertex 142.8 90 3
      vertex 142.819 90.2872 3
    endloop
  endfacet
  facet normal 0 0 1
    outer loop
      vertex 70.0703 76.85 3
      vertex 142.819 90.2872 3
      vertex 142.875 90.5694 3
    endloop
  endfacet
  facet normal 0 0 1
    outer loop
      vertex 69.7288 77.3612 3
      vertex 142.875 90.5694 3
      vertex 144.217 95.9487 3
    endloop
  endfacet
  facet normal -0 0 1
    outer loop
      vertex 70.6598 73.8865 3
      vertex 71 69.3787 3
      vertex 70.7 74.5 3
    endloop
  endfacet
  facet normal 0 0 1
    outer loop
      vertex 142.8 90 3
      vertex 70.7 74.5 3
      vertex 71 69.3787 3
    endloop
  endfacet
  facet normal 0 0 1
    outer loop
      vertex 142.8 90 3
      vertex 70.6598 75.1135 3
      vertex 70.7 74.5 3
    endloop
  endfacet
  facet normal 0 0 1
    outer loop
      vertex 142.8 90 3
      vertex 70.5398 75.7164 3
      vertex 70.6598 75.1135 3
    endloop
  endfacet
  facet normal 0 0 1
    outer loop
      vertex 142.8 90 3
      vertex 70.3422 76.2986 3
      vertex 70.5398 75.7164 3
    endloop
  endfacet
  facet normal 0 0 1
    outer loop
      vertex 142.819 90.2872 3
      vertex 70.0703 76.85 3
      vertex 70.3422 76.2986 3
    endloop
  endfacet
  facet normal 0 0 1
    outer loop
      vertex 142.875 90.5694 3
      vertex 69.7288 77.3612 3
      vertex 70.0703 76.85 3
    endloop
  endfacet
  facet normal 0 0 1
    outer loop
      vertex 144.217 95.9487 3
      vertex 69.3234 77.8234 3
      vertex 69.7288 77.3612 3
    endloop
  endfacet
  facet normal 0 0 1
    outer loop
      vertex 144.217 95.9487 3
      vertex 68.8612 78.2288 3
      vertex 69.3234 77.8234 3
    endloop
  endfacet
  facet normal 0 0 1
    outer loop
      vertex 144.217 95.9487 3
      vertex 68.35 78.5703 3
      vertex 68.8612 78.2288 3
    endloop
  endfacet
  facet normal -0 0 1
    outer loop
      vertex 65.2168 80.4487 3
      vertex 68.35 78.5703 3
      vertex 144.217 95.9487 3
    endloop
  endfacet
  facet normal 0 0 1
    outer loop
      vertex 68.35 78.5703 3
      vertex 65.2168 80.4487 3
      vertex 67.7986 78.8422 3
    endloop
  endfacet
  facet normal 0 0 1
    outer loop
      vertex 67.7986 78.8422 3
      vertex 65.2168 80.4487 3
      vertex 67.2164 79.0398 3
    endloop
  endfacet
  facet normal 0 0 1
    outer loop
      vertex 67.2164 79.0398 3
      vertex 65.2168 80.4487 3
      vertex 66.6135 79.1598 3
    endloop
  endfacet
  facet normal 0 0 1
    outer loop
      vertex 66.6135 79.1598 3
      vertex 65.2168 80.4487 3
      vertex 66 79.2 3
    endloop
  endfacet
  facet normal 0 0 1
    outer loop
      vertex 66 79.2 3
      vertex 65.2168 80.4487 3
      vertex 65.3865 79.1598 3
    endloop
  endfacet
  facet normal 0 0 1
    outer loop
      vertex 65.2168 80.4487 3
      vertex 64.7836 79.0398 3
      vertex 65.3865 79.1598 3
    endloop
  endfacet
  facet normal -0 0 1
    outer loop
      vertex 64.4471 80.2956 3
      vertex 64.7836 79.0398 3
      vertex 65.2168 80.4487 3
    endloop
  endfacet
  facet normal 0 0 1
    outer loop
      vertex 64.4471 80.2956 3
      vertex 64.2014 78.8422 3
      vertex 64.7836 79.0398 3
    endloop
  endfacet
  facet normal -0 0 1
    outer loop
      vertex 63.7039 80.0433 3
      vertex 64.2014 78.8422 3
      vertex 64.4471 80.2956 3
    endloop
  endfacet
  facet normal 0 0 1
    outer loop
      vertex 63.7039 80.0433 3
      vertex 63.65 78.5703 3
      vertex 64.2014 78.8422 3
    endloop
  endfacet
  facet normal -0 0 1
    outer loop
      vertex 63 79.6962 3
      vertex 63.65 78.5703 3
      vertex 63.7039 80.0433 3
    endloop
  endfacet
  facet normal -0 0 1
    outer loop
      vertex 62.7064 79.5 3
      vertex 63.65 78.5703 3
      vertex 63 79.6962 3
    endloop
  endfacet
  facet normal 0 0 1
    outer loop
      vertex 63.65 78.5703 3
      vertex 62.7064 79.5 3
      vertex 63.1388 78.2288 3
    endloop
  endfacet
  facet normal 0 0 1
    outer loop
      vertex 62.7064 79.5 3
      vertex 62.6766 77.8234 3
      vertex 63.1388 78.2288 3
    endloop
  endfacet
  facet normal 0 0 1
    outer loop
      vertex 62.7064 79.5 3
      vertex 62.2712 77.3612 3
      vertex 62.6766 77.8234 3
    endloop
  endfacet
  facet normal 0 0 1
    outer loop
      vertex 62.7064 79.5 3
      vertex 61.9297 76.85 3
      vertex 62.2712 77.3612 3
    endloop
  endfacet
  facet normal 0 0 1
    outer loop
      vertex 62.7064 79.5 3
      vertex 61.6578 76.2986 3
      vertex 61.9297 76.85 3
    endloop
  endfacet
  facet normal -0 0 1
    outer loop
      vertex 14.3226 79.5 3
      vertex 61.6578 76.2986 3
      vertex 62.7064 79.5 3
    endloop
  endfacet
  facet normal 0 0 1
    outer loop
      vertex 61.3402 26.1135 3
      vertex 61 69.5 3
      vertex 61.3 25.5 3
    endloop
  endfacet
  facet normal 0 0 1
    outer loop
      vertex 61.6578 76.2986 3
      vertex 14.3226 79.5 3
      vertex 61.4601 75.7164 3
    endloop
  endfacet
  facet normal 0 0 1
    outer loop
      vertex 14.3226 79.5 3
      vertex 61.3402 75.1135 3
      vertex 61.4601 75.7164 3
    endloop
  endfacet
  facet normal 0 0 1
    outer loop
      vertex 14.3226 79.5 3
      vertex 61.3 74.5 3
      vertex 61.3402 75.1135 3
    endloop
  endfacet
  facet normal 0 0 1
    outer loop
      vertex 14.3226 79.5 3
      vertex 61 69.5 3
      vertex 61.3 74.5 3
    endloop
  endfacet
  facet normal 0 0 1
    outer loop
      vertex 11.1812 90.2872 3
      vertex 14.1962 93 3
      vertex 13.7601 93.6526 3
    endloop
  endfacet
  facet normal 0 0 1
    outer loop
      vertex 11.1812 90.2872 3
      vertex 13.7601 93.6526 3
      vertex 13.2426 94.2426 3
    endloop
  endfacet
  facet normal 0 0 1
    outer loop
      vertex 14.3226 79.5 3
      vertex 13 69.5 3
      vertex 61 69.5 3
    endloop
  endfacet
  facet normal 0 0 1
    outer loop
      vertex 15 90 3
      vertex 11.125 89.4306 3
      vertex 11.0325 89.1581 3
    endloop
  endfacet
  facet normal 0 0 1
    outer loop
      vertex 14.3226 79.5 3
      vertex 12.6598 73.8865 3
      vertex 13 69.5 3
    endloop
  endfacet
  facet normal 0 0 1
    outer loop
      vertex 12.6598 73.8865 3
      vertex 14.3226 79.5 3
      vertex 12.7 74.5 3
    endloop
  endfacet
  facet normal 0 0 1
    outer loop
      vertex 14.3226 79.5 3
      vertex 12.6598 75.1135 3
      vertex 12.7 74.5 3
    endloop
  endfacet
  facet normal 0 0 1
    outer loop
      vertex 11.1812 90.2872 3
      vertex 13.2426 94.2426 3
      vertex 12.6526 94.7601 3
    endloop
  endfacet
  facet normal 0 0 1
    outer loop
      vertex 14.3226 79.5 3
      vertex 12.5399 75.7164 3
      vertex 12.6598 75.1135 3
    endloop
  endfacet
  facet normal 0 0 1
    outer loop
      vertex 14.3226 79.5 3
      vertex 12.3422 76.2986 3
      vertex 12.5399 75.7164 3
    endloop
  endfacet
  facet normal 0 0 1
    outer loop
      vertex 15 90 3
      vertex 11.1812 89.7128 3
      vertex 11.125 89.4306 3
    endloop
  endfacet
  facet normal 0 0 1
    outer loop
      vertex 11.1812 90.2872 3
      vertex 12.6526 94.7601 3
      vertex 12 95.1962 3
    endloop
  endfacet
  facet normal 0 0 1
    outer loop
      vertex 15 90 3
      vertex 11.0325 89.1581 3
      vertex 10.9053 88.9 3
    endloop
  endfacet
  facet normal 0 0 1
    outer loop
      vertex 14.3226 79.5 3
      vertex 12.0703 76.85 3
      vertex 12.3422 76.2986 3
    endloop
  endfacet
  facet normal 0 0 1
    outer loop
      vertex 10.1 91.9053 3
      vertex 12 95.1962 3
      vertex 11.2961 95.5433 3
    endloop
  endfacet
  facet normal 0 0 1
    outer loop
      vertex 15 90 3
      vertex 11.2 90 3
      vertex 11.1812 89.7128 3
    endloop
  endfacet
  facet normal 0 0 1
    outer loop
      vertex 10.7454 88.6607 3
      vertex 15 90 3
      vertex 10.9053 88.9 3
    endloop
  endfacet
  facet normal 0 0 1
    outer loop
      vertex 14.3226 79.5 3
      vertex 11.7288 77.3612 3
      vertex 12.0703 76.85 3
    endloop
  endfacet
  facet normal 0 0 1
    outer loop
      vertex 10.5556 88.4444 3
      vertex 15 90 3
      vertex 10.7454 88.6607 3
    endloop
  endfacet
  facet normal 0 0 1
    outer loop
      vertex 14.3226 79.5 3
      vertex 11.3234 77.8234 3
      vertex 11.7288 77.3612 3
    endloop
  endfacet
  facet normal 0 0 1
    outer loop
      vertex 15 90 3
      vertex 10.5556 88.4444 3
      vertex 14.3226 79.5 3
    endloop
  endfacet
  facet normal -0 0 1
    outer loop
      vertex 10.3393 88.2546 3
      vertex 14.3226 79.5 3
      vertex 10.5556 88.4444 3
    endloop
  endfacet
  facet normal 0 0 1
    outer loop
      vertex 14.3226 79.5 3
      vertex 10.8612 78.2288 3
      vertex 11.3234 77.8234 3
    endloop
  endfacet
  facet normal -0 0 1
    outer loop
      vertex 10.1 88.0947 3
      vertex 14.3226 79.5 3
      vertex 10.3393 88.2546 3
    endloop
  endfacet
  facet normal 0 0 1
    outer loop
      vertex 14.3226 79.5 3
      vertex 10.35 78.5703 3
      vertex 10.8612 78.2288 3
    endloop
  endfacet
  facet normal -0 0 1
    outer loop
      vertex 9.8419 87.9675 3
      vertex 14.3226 79.5 3
      vertex 10.1 88.0947 3
    endloop
  endfacet
  facet normal 0 0 1
    outer loop
      vertex 14.3226 79.5 3
      vertex 9.8419 87.9675 3
      vertex 9.79861 78.8422 3
    endloop
  endfacet
  facet normal 0 0 1
    outer loop
      vertex 14.3226 79.5 3
      vertex 9.79861 78.8422 3
      vertex 10.35 78.5703 3
    endloop
  endfacet
  facet normal -0 0 1
    outer loop
      vertex 9.5694 87.875 3
      vertex 9.79861 78.8422 3
      vertex 9.8419 87.9675 3
    endloop
  endfacet
  facet normal 0 0 1
    outer loop
      vertex 9.21645 79.0398 3
      vertex 9.5694 87.875 3
      vertex 9.28716 87.8188 3
    endloop
  endfacet
  facet normal 0 0 1
    outer loop
      vertex 9.5694 87.875 3
      vertex 9.21645 79.0398 3
      vertex 9.79861 78.8422 3
    endloop
  endfacet
  facet normal 0 0 1
    outer loop
      vertex 8.61347 79.1598 3
      vertex 9.28716 87.8188 3
      vertex 9 87.8 3
    endloop
  endfacet
  facet normal 0 0 1
    outer loop
      vertex 8.61347 79.1598 3
      vertex 9 87.8 3
      vertex 8.71284 87.8188 3
    endloop
  endfacet
  facet normal 0 0 1
    outer loop
      vertex 9.28716 87.8188 3
      vertex 8.61347 79.1598 3
      vertex 9.21645 79.0398 3
    endloop
  endfacet
  facet normal 0 0 1
    outer loop
      vertex 8 79.2 3
      vertex 8.71284 87.8188 3
      vertex 8.4306 87.875 3
    endloop
  endfacet
  facet normal 0 0 1
    outer loop
      vertex 7.38653 79.1598 3
      vertex 8.4306 87.875 3
      vertex 8.1581 87.9675 3
    endloop
  endfacet
  facet normal 0 0 1
    outer loop
      vertex 8.71284 87.8188 3
      vertex 8 79.2 3
      vertex 8.61347 79.1598 3
    endloop
  endfacet
  facet normal 0 0 1
    outer loop
      vertex 6.78355 79.0398 3
      vertex 8.1581 87.9675 3
      vertex 7.9 88.0947 3
    endloop
  endfacet
  facet normal 0 0 1
    outer loop
      vertex 6.78355 79.0398 3
      vertex 7.9 88.0947 3
      vertex 7.66072 88.2546 3
    endloop
  endfacet
  facet normal 0 0 1
    outer loop
      vertex 6.78355 79.0398 3
      vertex 7.66072 88.2546 3
      vertex 7.44436 88.4444 3
    endloop
  endfacet
  facet normal 0 0 1
    outer loop
      vertex 8.4306 87.875 3
      vertex 7.38653 79.1598 3
      vertex 8 79.2 3
    endloop
  endfacet
  facet normal 0 0 1
    outer loop
      vertex 6.78355 79.0398 3
      vertex 7.44436 88.4444 3
      vertex 7.25462 88.6607 3
    endloop
  endfacet
  facet normal 0 0 1
    outer loop
      vertex 6.78355 79.0398 3
      vertex 7.25462 88.6607 3
      vertex 7.09474 88.9 3
    endloop
  endfacet
  facet normal 0 0 1
    outer loop
      vertex 6.78355 79.0398 3
      vertex 7.09474 88.9 3
      vertex 6.96746 89.1581 3
    endloop
  endfacet
  facet normal 0 0 1
    outer loop
      vertex 6.78355 79.0398 3
      vertex 6.96746 89.1581 3
      vertex 6.87496 89.4306 3
    endloop
  endfacet
  facet normal 0 0 1
    outer loop
      vertex 6.78355 79.0398 3
      vertex 6.87496 89.4306 3
      vertex 6.81882 89.7128 3
    endloop
  endfacet
  facet normal 0 0 1
    outer loop
      vertex 6.78355 79.0398 3
      vertex 6.81882 89.7128 3
      vertex 6.8 90 3
    endloop
  endfacet
  facet normal 0 0 1
    outer loop
      vertex 8.1581 87.9675 3
      vertex 6.78355 79.0398 3
      vertex 7.38653 79.1598 3
    endloop
  endfacet
  facet normal -0 0 1
    outer loop
      vertex 146.745 88.6607 3
      vertex 149.76 86.3474 3
      vertex 146.905 88.9 3
    endloop
  endfacet
  facet normal 0 0 1
    outer loop
      vertex 149.76 86.3474 3
      vertex 146.745 88.6607 3
      vertex 149.243 85.7574 3
    endloop
  endfacet
  facet normal -0 0 1
    outer loop
      vertex 146.556 88.4444 3
      vertex 149.243 85.7574 3
      vertex 146.745 88.6607 3
    endloop
  endfacet
  facet normal 0 0 1
    outer loop
      vertex 149.243 85.7574 3
      vertex 146.556 88.4444 3
      vertex 148.653 85.2399 3
    endloop
  endfacet
  facet normal -0 0 1
    outer loop
      vertex 146.339 88.2546 3
      vertex 148.653 85.2399 3
      vertex 146.556 88.4444 3
    endloop
  endfacet
  facet normal 0 0 1
    outer loop
      vertex 148.653 85.2399 3
      vertex 146.339 88.2546 3
      vertex 148 84.8038 3
    endloop
  endfacet
  facet normal -0 0 1
    outer loop
      vertex 146.1 88.0947 3
      vertex 148 84.8038 3
      vertex 146.339 88.2546 3
    endloop
  endfacet
  facet normal 0 0 1
    outer loop
      vertex 148 84.8038 3
      vertex 146.1 88.0947 3
      vertex 147.296 84.4567 3
    endloop
  endfacet
  facet normal -0 0 1
    outer loop
      vertex 145.842 87.9675 3
      vertex 147.296 84.4567 3
      vertex 146.1 88.0947 3
    endloop
  endfacet
  facet normal 0 0 1
    outer loop
      vertex 147.296 84.4567 3
      vertex 145.842 87.9675 3
      vertex 146.553 84.2044 3
    endloop
  endfacet
  facet normal -0 0 1
    outer loop
      vertex 145.569 87.875 3
      vertex 146.553 84.2044 3
      vertex 145.842 87.9675 3
    endloop
  endfacet
  facet normal 0 0 1
    outer loop
      vertex 146.553 84.2044 3
      vertex 145.569 87.875 3
      vertex 145.783 84.0513 3
    endloop
  endfacet
  facet normal -0 0 1
    outer loop
      vertex 145.287 87.8188 3
      vertex 145.783 84.0513 3
      vertex 145.569 87.875 3
    endloop
  endfacet
  facet normal -0 0 1
    outer loop
      vertex 145 87.8 3
      vertex 145.783 84.0513 3
      vertex 145.287 87.8188 3
    endloop
  endfacet
  facet normal 0 0 1
    outer loop
      vertex 144.713 87.8188 3
      vertex 145.783 84.0513 3
      vertex 145 87.8 3
    endloop
  endfacet
  facet normal 0 0 1
    outer loop
      vertex 144.431 87.875 3
      vertex 145.783 84.0513 3
      vertex 144.713 87.8188 3
    endloop
  endfacet
  facet normal 0 0 1
    outer loop
      vertex 144.158 87.9675 3
      vertex 145.783 84.0513 3
      vertex 144.431 87.875 3
    endloop
  endfacet
  facet normal 0 0 1
    outer loop
      vertex 143.9 88.0947 3
      vertex 145.783 84.0513 3
      vertex 144.158 87.9675 3
    endloop
  endfacet
  facet normal 0 0 1
    outer loop
      vertex 143.661 88.2546 3
      vertex 145.783 84.0513 3
      vertex 143.9 88.0947 3
    endloop
  endfacet
  facet normal 0 0 1
    outer loop
      vertex 143.444 88.4444 3
      vertex 145.783 84.0513 3
      vertex 143.661 88.2546 3
    endloop
  endfacet
  facet normal 0 0 1
    outer loop
      vertex 143.255 88.6607 3
      vertex 145.783 84.0513 3
      vertex 143.444 88.4444 3
    endloop
  endfacet
  facet normal 0 0 1
    outer loop
      vertex 143.095 88.9 3
      vertex 145.783 84.0513 3
      vertex 143.255 88.6607 3
    endloop
  endfacet
  facet normal 0 0 1
    outer loop
      vertex 143.095 88.9 3
      vertex 71 69.3787 3
      vertex 145.783 84.0513 3
    endloop
  endfacet
  facet normal 0 0 1
    outer loop
      vertex 142.967 89.1581 3
      vertex 71 69.3787 3
      vertex 143.095 88.9 3
    endloop
  endfacet
  facet normal 0 0 1
    outer loop
      vertex 142.875 89.4306 3
      vertex 71 69.3787 3
      vertex 142.967 89.1581 3
    endloop
  endfacet
  facet normal 0 0 1
    outer loop
      vertex 142.819 89.7128 3
      vertex 71 69.3787 3
      vertex 142.875 89.4306 3
    endloop
  endfacet
  facet normal 0 0 1
    outer loop
      vertex 71 69.3787 3
      vertex 142.819 89.7128 3
      vertex 142.8 90 3
    endloop
  endfacet
  facet normal 0 0 1
    outer loop
      vertex 150 17 3
      vertex 151 16 3
      vertex 150.991 16.1305 3
    endloop
  endfacet
  facet normal 0 0 1
    outer loop
      vertex 151 16 3
      vertex 145.2 11 3
      vertex 151 5 3
    endloop
  endfacet
  facet normal 0 0 1
    outer loop
      vertex 150 17 3
      vertex 150.991 16.1305 3
      vertex 150.966 16.2588 3
    endloop
  endfacet
  facet normal -0 0 1
    outer loop
      vertex 145.181 10.7128 3
      vertex 151 5 3
      vertex 145.2 11 3
    endloop
  endfacet
  facet normal 0 0 1
    outer loop
      vertex 150 17 3
      vertex 150.966 16.2588 3
      vertex 150.924 16.3827 3
    endloop
  endfacet
  facet normal -0 0 1
    outer loop
      vertex 145.125 10.4306 3
      vertex 151 5 3
      vertex 145.181 10.7128 3
    endloop
  endfacet
  facet normal 0 0 1
    outer loop
      vertex 150 17 3
      vertex 150.924 16.3827 3
      vertex 150.866 16.5 3
    endloop
  endfacet
  facet normal -0 0 1
    outer loop
      vertex 145.033 10.1581 3
      vertex 151 5 3
      vertex 145.125 10.4306 3
    endloop
  endfacet
  facet normal 0 0 1
    outer loop
      vertex 150 17 3
      vertex 150.866 16.5 3
      vertex 150.793 16.6088 3
    endloop
  endfacet
  facet normal -0 0 1
    outer loop
      vertex 144.905 9.9 3
      vertex 151 5 3
      vertex 145.033 10.1581 3
    endloop
  endfacet
  facet normal 0 0 1
    outer loop
      vertex 150 17 3
      vertex 150.793 16.6088 3
      vertex 150.707 16.7071 3
    endloop
  endfacet
  facet normal -0 0 1
    outer loop
      vertex 144.745 9.66072 3
      vertex 151 5 3
      vertex 144.905 9.9 3
    endloop
  endfacet
  facet normal 0 0 1
    outer loop
      vertex 150 17 3
      vertex 150.707 16.7071 3
      vertex 150.609 16.7934 3
    endloop
  endfacet
  facet normal 0 -0 1
    outer loop
      vertex 150 4 3
      vertex 151 5 3
      vertex 144.745 9.66072 3
    endloop
  endfacet
  facet normal 0 0 1
    outer loop
      vertex 150 17 3
      vertex 150.609 16.7934 3
      vertex 150.5 16.866 3
    endloop
  endfacet
  facet normal 0 0 1
    outer loop
      vertex 151 5 3
      vertex 150 4 3
      vertex 150.991 4.86947 3
    endloop
  endfacet
  facet normal 0 0 1
    outer loop
      vertex 150 17 3
      vertex 150.5 16.866 3
      vertex 150.383 16.9239 3
    endloop
  endfacet
  facet normal 0 0 1
    outer loop
      vertex 150.966 4.74118 3
      vertex 150 4 3
      vertex 150.924 4.61732 3
    endloop
  endfacet
  facet normal 0 0 1
    outer loop
      vertex 150 17 3
      vertex 150.383 16.9239 3
      vertex 150.259 16.9659 3
    endloop
  endfacet
  facet normal 0 0 1
    outer loop
      vertex 150.924 4.61732 3
      vertex 150 4 3
      vertex 150.866 4.5 3
    endloop
  endfacet
  facet normal 0 0 1
    outer loop
      vertex 150 17 3
      vertex 150.259 16.9659 3
      vertex 150.131 16.9914 3
    endloop
  endfacet
  facet normal 0 0 1
    outer loop
      vertex 150.866 4.5 3
      vertex 150 4 3
      vertex 150.793 4.39124 3
    endloop
  endfacet
  facet normal 0 0 1
    outer loop
      vertex 151 16 3
      vertex 150 17 3
      vertex 144.905 12.1 3
    endloop
  endfacet
  facet normal 0 0 1
    outer loop
      vertex 150.707 4.29289 3
      vertex 150 4 3
      vertex 150.609 4.20665 3
    endloop
  endfacet
  facet normal 0 0 1
    outer loop
      vertex 150.609 4.20665 3
      vertex 150 4 3
      vertex 150.5 4.13397 3
    endloop
  endfacet
  facet normal 0 0 1
    outer loop
      vertex 151 16 3
      vertex 145.181 11.2872 3
      vertex 145.2 11 3
    endloop
  endfacet
  facet normal 0 0 1
    outer loop
      vertex 151 16 3
      vertex 145.125 11.5694 3
      vertex 145.181 11.2872 3
    endloop
  endfacet
  facet normal 0 0 1
    outer loop
      vertex 151 16 3
      vertex 145.033 11.8419 3
      vertex 145.125 11.5694 3
    endloop
  endfacet
  facet normal 0 0 1
    outer loop
      vertex 151 16 3
      vertex 144.905 12.1 3
      vertex 145.033 11.8419 3
    endloop
  endfacet
  facet normal 0 0 1
    outer loop
      vertex 150 17 3
      vertex 144.745 12.3393 3
      vertex 144.905 12.1 3
    endloop
  endfacet
  facet normal 0 0 1
    outer loop
      vertex 150 17 3
      vertex 144.556 12.5556 3
      vertex 144.745 12.3393 3
    endloop
  endfacet
  facet normal 0 0 1
    outer loop
      vertex 150 17 3
      vertex 144.339 12.7454 3
      vertex 144.556 12.5556 3
    endloop
  endfacet
  facet normal -0 0 1
    outer loop
      vertex 143.511 17 3
      vertex 144.339 12.7454 3
      vertex 150 17 3
    endloop
  endfacet
  facet normal 0 0 1
    outer loop
      vertex 144.339 12.7454 3
      vertex 143.511 17 3
      vertex 144.1 12.9053 3
    endloop
  endfacet
  facet normal 0 0 1
    outer loop
      vertex 144.1 12.9053 3
      vertex 143.511 17 3
      vertex 143.842 13.0325 3
    endloop
  endfacet
  facet normal 0 0 1
    outer loop
      vertex 143.842 13.0325 3
      vertex 143.511 17 3
      vertex 143.569 13.125 3
    endloop
  endfacet
  facet normal 0 0 1
    outer loop
      vertex 143.511 17 3
      vertex 143.287 13.1812 3
      vertex 143.569 13.125 3
    endloop
  endfacet
  facet normal 0 0 1
    outer loop
      vertex 143.511 17 3
      vertex 143 13.2 3
      vertex 143.287 13.1812 3
    endloop
  endfacet
  facet normal 0 0 1
    outer loop
      vertex 143.511 17 3
      vertex 142.713 13.1812 3
      vertex 143 13.2 3
    endloop
  endfacet
  facet normal 0 0 1
    outer loop
      vertex 143.511 17 3
      vertex 142.431 13.125 3
      vertex 142.713 13.1812 3
    endloop
  endfacet
  facet normal 0 0 1
    outer loop
      vertex 143.511 17 3
      vertex 142.158 13.0325 3
      vertex 142.431 13.125 3
    endloop
  endfacet
  facet normal 0 0 1
    outer loop
      vertex 143.511 17 3
      vertex 141.9 12.9053 3
      vertex 142.158 13.0325 3
    endloop
  endfacet
  facet normal 0 0 1
    outer loop
      vertex 143.511 17 3
      vertex 141.661 12.7454 3
      vertex 141.9 12.9053 3
    endloop
  endfacet
  facet normal 0 0 1
    outer loop
      vertex 143.511 17 3
      vertex 141.444 12.5556 3
      vertex 141.661 12.7454 3
    endloop
  endfacet
  facet normal 0 0 1
    outer loop
      vertex 143.511 17 3
      vertex 141.255 12.3393 3
      vertex 141.444 12.5556 3
    endloop
  endfacet
  facet normal 0 0 1
    outer loop
      vertex 143.511 17 3
      vertex 141.095 12.1 3
      vertex 141.255 12.3393 3
    endloop
  endfacet
  facet normal 0 0 1
    outer loop
      vertex 136 6.22203 3
      vertex 141.095 12.1 3
      vertex 143.511 17 3
    endloop
  endfacet
  facet normal 0 0 1
    outer loop
      vertex 136 6.22203 3
      vertex 140.8 11 3
      vertex 140.819 11.2872 3
    endloop
  endfacet
  facet normal 0 0 1
    outer loop
      vertex 136 6.22203 3
      vertex 140.819 11.2872 3
      vertex 140.875 11.5694 3
    endloop
  endfacet
  facet normal 0 0 1
    outer loop
      vertex 136 6.22203 3
      vertex 140.875 11.5694 3
      vertex 140.967 11.8419 3
    endloop
  endfacet
  facet normal 0 0 1
    outer loop
      vertex 141.095 12.1 3
      vertex 136 6.22203 3
      vertex 140.967 11.8419 3
    endloop
  endfacet
  facet normal 0 0 1
    outer loop
      vertex 140.8 11 3
      vertex 136 6.22203 3
      vertex 137 4 3
    endloop
  endfacet
  facet normal -0 0 1
    outer loop
      vertex 136 5 3
      vertex 137 4 3
      vertex 136 6.22203 3
    endloop
  endfacet
  facet normal 0 0 1
    outer loop
      vertex 137 4 3
      vertex 136 5 3
      vertex 136.869 4.00855 3
    endloop
  endfacet
  facet normal 0 0 1
    outer loop
      vertex 136.869 4.00855 3
      vertex 136 5 3
      vertex 136.741 4.03407 3
    endloop
  endfacet
  facet normal 0 0 1
    outer loop
      vertex 136.741 4.03407 3
      vertex 136 5 3
      vertex 136.617 4.07612 3
    endloop
  endfacet
  facet normal 0 0 1
    outer loop
      vertex 136.617 4.07612 3
      vertex 136 5 3
      vertex 136.5 4.13397 3
    endloop
  endfacet
  facet normal 0 0 1
    outer loop
      vertex 136.5 4.13397 3
      vertex 136 5 3
      vertex 136.391 4.20665 3
    endloop
  endfacet
  facet normal 0 0 1
    outer loop
      vertex 136.391 4.20665 3
      vertex 136 5 3
      vertex 136.293 4.29289 3
    endloop
  endfacet
  facet normal 0 0 1
    outer loop
      vertex 136.293 4.29289 3
      vertex 136 5 3
      vertex 136.207 4.39124 3
    endloop
  endfacet
  facet normal 0 0 1
    outer loop
      vertex 136.207 4.39124 3
      vertex 136 5 3
      vertex 136.134 4.5 3
    endloop
  endfacet
  facet normal 0 0 1
    outer loop
      vertex 136.134 4.5 3
      vertex 136 5 3
      vertex 136.076 4.61732 3
    endloop
  endfacet
  facet normal 0 0 1
    outer loop
      vertex 136.076 4.61732 3
      vertex 136 5 3
      vertex 136.034 4.74118 3
    endloop
  endfacet
  facet normal 0 0 1
    outer loop
      vertex 71 30.6546 3
      vertex 136 6.22203 3
      vertex 143.511 17 3
    endloop
  endfacet
  facet normal -0 0 1
    outer loop
      vertex 70.5398 73.2836 3
      vertex 71 69.3787 3
      vertex 70.6598 73.8865 3
    endloop
  endfacet
  facet normal -0 0 1
    outer loop
      vertex 70.7 25.5 3
      vertex 136 6.22203 3
      vertex 71 30.6546 3
    endloop
  endfacet
  facet normal -0 0 1
    outer loop
      vertex 70.6598 24.8865 3
      vertex 136 6.22203 3
      vertex 70.7 25.5 3
    endloop
  endfacet
  facet normal -0 0 1
    outer loop
      vertex 70.5398 24.2836 3
      vertex 136 6.22203 3
      vertex 70.6598 24.8865 3
    endloop
  endfacet
  facet normal -0 0 1
    outer loop
      vertex 70.3422 23.7014 3
      vertex 136 6.22203 3
      vertex 70.5398 24.2836 3
    endloop
  endfacet
  facet normal -0 0 1
    outer loop
      vertex 70.0703 23.15 3
      vertex 136 6.22203 3
      vertex 70.3422 23.7014 3
    endloop
  endfacet
  facet normal -0 0 1
    outer loop
      vertex 69.7288 22.6388 3
      vertex 136 6.22203 3
      vertex 70.0703 23.15 3
    endloop
  endfacet
  facet normal -0 0 1
    outer loop
      vertex 69.3234 22.1766 3
      vertex 136 6.22203 3
      vertex 69.7288 22.6388 3
    endloop
  endfacet
  facet normal -0 0 1
    outer loop
      vertex 68.8612 21.7712 3
      vertex 136 6.22203 3
      vertex 69.3234 22.1766 3
    endloop
  endfacet
  facet normal -0 0 1
    outer loop
      vertex 68.35 21.4297 3
      vertex 136 6.22203 3
      vertex 68.8612 21.7712 3
    endloop
  endfacet
  facet normal 0 0 1
    outer loop
      vertex 65.2168 19.5513 3
      vertex 68.35 21.4297 3
      vertex 67.7986 21.1578 3
    endloop
  endfacet
  facet normal 0 0 1
    outer loop
      vertex 65.2168 19.5513 3
      vertex 67.7986 21.1578 3
      vertex 67.2164 20.9601 3
    endloop
  endfacet
  facet normal 0 0 1
    outer loop
      vertex 65.2168 19.5513 3
      vertex 67.2164 20.9601 3
      vertex 66.6135 20.8402 3
    endloop
  endfacet
  facet normal 0 0 1
    outer loop
      vertex 65.2168 19.5513 3
      vertex 66.6135 20.8402 3
      vertex 66 20.8 3
    endloop
  endfacet
  facet normal 0 0 1
    outer loop
      vertex 65.2168 19.5513 3
      vertex 66 20.8 3
      vertex 65.3865 20.8402 3
    endloop
  endfacet
  facet normal 0 0 1
    outer loop
      vertex 68.35 21.4297 3
      vertex 65.2168 19.5513 3
      vertex 136 6.22203 3
    endloop
  endfacet
  facet normal 0 0 1
    outer loop
      vertex 64.7836 20.9601 3
      vertex 65.2168 19.5513 3
      vertex 65.3865 20.8402 3
    endloop
  endfacet
  facet normal 0 0 1
    outer loop
      vertex 64.7836 20.9601 3
      vertex 64.4471 19.7044 3
      vertex 65.2168 19.5513 3
    endloop
  endfacet
  facet normal 0 0 1
    outer loop
      vertex 64.2014 21.1578 3
      vertex 64.4471 19.7044 3
      vertex 64.7836 20.9601 3
    endloop
  endfacet
  facet normal 0 0 1
    outer loop
      vertex 64.2014 21.1578 3
      vertex 63.7039 19.9567 3
      vertex 64.4471 19.7044 3
    endloop
  endfacet
  facet normal 0 0 1
    outer loop
      vertex 63.65 21.4297 3
      vertex 63.7039 19.9567 3
      vertex 64.2014 21.1578 3
    endloop
  endfacet
  facet normal 0 0 1
    outer loop
      vertex 62.7064 20.5 3
      vertex 63.65 21.4297 3
      vertex 63.1388 21.7712 3
    endloop
  endfacet
  facet normal 0 0 1
    outer loop
      vertex 63.65 21.4297 3
      vertex 63 20.3038 3
      vertex 63.7039 19.9567 3
    endloop
  endfacet
  facet normal 0 0 1
    outer loop
      vertex 63.65 21.4297 3
      vertex 62.7064 20.5 3
      vertex 63 20.3038 3
    endloop
  endfacet
  facet normal 0 0 1
    outer loop
      vertex 62.6766 22.1766 3
      vertex 62.7064 20.5 3
      vertex 63.1388 21.7712 3
    endloop
  endfacet
  facet normal 0 0 1
    outer loop
      vertex 61 20.5 3
      vertex 62.6766 22.1766 3
      vertex 62.2712 22.6388 3
    endloop
  endfacet
  facet normal 0 0 1
    outer loop
      vertex 61 20.5 3
      vertex 62.2712 22.6388 3
      vertex 61.9297 23.15 3
    endloop
  endfacet
  facet normal 0 0 1
    outer loop
      vertex 61 20.5 3
      vertex 61.9297 23.15 3
      vertex 61.6578 23.7014 3
    endloop
  endfacet
  facet normal 0 0 1
    outer loop
      vertex 61 20.5 3
      vertex 61.6578 23.7014 3
      vertex 61.4601 24.2836 3
    endloop
  endfacet
  facet normal 0 0 1
    outer loop
      vertex 62.6766 22.1766 3
      vertex 61 20.5 3
      vertex 62.7064 20.5 3
    endloop
  endfacet
  facet normal 0 0 1
    outer loop
      vertex 61.3402 24.8865 3
      vertex 61 20.5 3
      vertex 61.4601 24.2836 3
    endloop
  endfacet
  facet normal 0 0 1
    outer loop
      vertex 61.3 25.5 3
      vertex 61 20.5 3
      vertex 61.3402 24.8865 3
    endloop
  endfacet
  facet normal 0 0 1
    outer loop
      vertex 61 20.5 3
      vertex 61.3 25.5 3
      vertex 61 69.5 3
    endloop
  endfacet
  facet normal 0 0 1
    outer loop
      vertex 150.5 4.13397 3
      vertex 150 4 3
      vertex 150.383 4.07612 3
    endloop
  endfacet
  facet normal 0 0 1
    outer loop
      vertex 150.259 4.03407 3
      vertex 150 4 3
      vertex 150.131 4.00855 3
    endloop
  endfacet
  facet normal 0 0 1
    outer loop
      vertex 150.383 4.07612 3
      vertex 150 4 3
      vertex 150.259 4.03407 3
    endloop
  endfacet
  facet normal 0 0 1
    outer loop
      vertex 150.793 4.39124 3
      vertex 150 4 3
      vertex 150.707 4.29289 3
    endloop
  endfacet
  facet normal 0 0 1
    outer loop
      vertex 150.991 4.86947 3
      vertex 150 4 3
      vertex 150.966 4.74118 3
    endloop
  endfacet
  facet normal -0 0 1
    outer loop
      vertex 144.556 9.44436 3
      vertex 150 4 3
      vertex 144.745 9.66072 3
    endloop
  endfacet
  facet normal -0 0 1
    outer loop
      vertex 144.339 9.25462 3
      vertex 150 4 3
      vertex 144.556 9.44436 3
    endloop
  endfacet
  facet normal -0 0 1
    outer loop
      vertex 144.1 9.09474 3
      vertex 150 4 3
      vertex 144.339 9.25462 3
    endloop
  endfacet
  facet normal -0 0 1
    outer loop
      vertex 143.842 8.96746 3
      vertex 150 4 3
      vertex 144.1 9.09474 3
    endloop
  endfacet
  facet normal -0 0 1
    outer loop
      vertex 143.569 8.87496 3
      vertex 150 4 3
      vertex 143.842 8.96746 3
    endloop
  endfacet
  facet normal -0 0 1
    outer loop
      vertex 143.287 8.81882 3
      vertex 150 4 3
      vertex 143.569 8.87496 3
    endloop
  endfacet
  facet normal -0 0 1
    outer loop
      vertex 143 8.8 3
      vertex 150 4 3
      vertex 143.287 8.81882 3
    endloop
  endfacet
  facet normal 0 0 1
    outer loop
      vertex 137 4 3
      vertex 143 8.8 3
      vertex 142.713 8.81882 3
    endloop
  endfacet
  facet normal 0 0 1
    outer loop
      vertex 137 4 3
      vertex 142.713 8.81882 3
      vertex 142.431 8.87496 3
    endloop
  endfacet
  facet normal 0 0 1
    outer loop
      vertex 137 4 3
      vertex 142.431 8.87496 3
      vertex 142.158 8.96746 3
    endloop
  endfacet
  facet normal 0 0 1
    outer loop
      vertex 137 4 3
      vertex 142.158 8.96746 3
      vertex 141.9 9.09474 3
    endloop
  endfacet
  facet normal 0 0 1
    outer loop
      vertex 143 8.8 3
      vertex 137 4 3
      vertex 150 4 3
    endloop
  endfacet
  facet normal 0 0 1
    outer loop
      vertex 141.661 9.25462 3
      vertex 137 4 3
      vertex 141.9 9.09474 3
    endloop
  endfacet
  facet normal 0 0 1
    outer loop
      vertex 141.444 9.44436 3
      vertex 137 4 3
      vertex 141.661 9.25462 3
    endloop
  endfacet
  facet normal 0 0 1
    outer loop
      vertex 141.255 9.66072 3
      vertex 137 4 3
      vertex 141.444 9.44436 3
    endloop
  endfacet
  facet normal 0 0 1
    outer loop
      vertex 141.095 9.9 3
      vertex 137 4 3
      vertex 141.255 9.66072 3
    endloop
  endfacet
  facet normal 0 0 1
    outer loop
      vertex 140.967 10.1581 3
      vertex 137 4 3
      vertex 141.095 9.9 3
    endloop
  endfacet
  facet normal 0 0 1
    outer loop
      vertex 140.875 10.4306 3
      vertex 137 4 3
      vertex 140.967 10.1581 3
    endloop
  endfacet
  facet normal 0 0 1
    outer loop
      vertex 140.819 10.7128 3
      vertex 137 4 3
      vertex 140.875 10.4306 3
    endloop
  endfacet
  facet normal 0 0 1
    outer loop
      vertex 137 4 3
      vertex 140.819 10.7128 3
      vertex 140.8 11 3
    endloop
  endfacet
  facet normal 0 0 1
    outer loop
      vertex 136.034 4.74118 3
      vertex 136 5 3
      vertex 136.009 4.86947 3
    endloop
  endfacet
  facet normal 0 -0 1
    outer loop
      vertex 2.05133 73.7168 3
      vertex 3.3 74.5 3
      vertex 2 74.5 3
    endloop
  endfacet
  facet normal 0 -0 1
    outer loop
      vertex 2.80385 71.5 3
      vertex 3.3 74.5 3
      vertex 2.45672 72.2039 3
    endloop
  endfacet
  facet normal 0 0 1
    outer loop
      vertex 3.3 74.5 3
      vertex 2.80385 71.5 3
      vertex 3 71.2064 3
    endloop
  endfacet
  facet normal 0 0 1
    outer loop
      vertex 3.3 74.5 3
      vertex 2.20444 72.9471 3
      vertex 2.45672 72.2039 3
    endloop
  endfacet
  facet normal 0 0 1
    outer loop
      vertex 3.3 74.5 3
      vertex 2.05133 73.7168 3
      vertex 2.20444 72.9471 3
    endloop
  endfacet
  facet normal -0 0 1
    outer loop
      vertex 2.20444 23.9471 3
      vertex 3.65777 23.7014 3
      vertex 3.46015 24.2836 3
    endloop
  endfacet
  facet normal 0 0 1
    outer loop
      vertex 2.20444 23.9471 3
      vertex 3.46015 24.2836 3
      vertex 3.34021 24.8865 3
    endloop
  endfacet
  facet normal 0 0 1
    outer loop
      vertex 2.05133 24.7168 3
      vertex 3.34021 24.8865 3
      vertex 3.3 25.5 3
    endloop
  endfacet
  facet normal 0 0 1
    outer loop
      vertex 6.8 90 3
      vertex 3.05133 90.7832 3
      vertex 3 90 3
    endloop
  endfacet
  facet normal 0 0 1
    outer loop
      vertex 3.34021 75.1135 3
      vertex 2 74.5 3
      vertex 3.3 74.5 3
    endloop
  endfacet
  facet normal 0 0 1
    outer loop
      vertex 3.3 74.5 3
      vertex 3 71.2064 3
      vertex 3.3 25.5 3
    endloop
  endfacet
  facet normal -0 0 1
    outer loop
      vertex 3 28.7936 3
      vertex 3.3 25.5 3
      vertex 3 71.2064 3
    endloop
  endfacet
  facet normal -0 0 1
    outer loop
      vertex 2.80385 28.5 3
      vertex 3.3 25.5 3
      vertex 3 28.7936 3
    endloop
  endfacet
  facet normal 0 0 1
    outer loop
      vertex 3.3 25.5 3
      vertex 2.80385 28.5 3
      vertex 2.45672 27.7961 3
    endloop
  endfacet
  facet normal -0 0 1
    outer loop
      vertex 2.20444 27.0529 3
      vertex 3.3 25.5 3
      vertex 2.45672 27.7961 3
    endloop
  endfacet
  facet normal -0 0 1
    outer loop
      vertex 2.05133 26.2832 3
      vertex 3.3 25.5 3
      vertex 2.20444 27.0529 3
    endloop
  endfacet
  facet normal 0 0 1
    outer loop
      vertex 3.65777 23.7014 3
      vertex 2.20444 23.9471 3
      vertex 3.65488 16.9366 3
    endloop
  endfacet
  facet normal 0 0 1
    outer loop
      vertex 2 25.5 3
      vertex 3.3 25.5 3
      vertex 2.05133 26.2832 3
    endloop
  endfacet
  facet normal 0 0 1
    outer loop
      vertex 3.34021 24.8865 3
      vertex 2.05133 24.7168 3
      vertex 2.20444 23.9471 3
    endloop
  endfacet
  facet normal 0 0 1
    outer loop
      vertex 3.3 25.5 3
      vertex 2 25.5 3
      vertex 2.05133 24.7168 3
    endloop
  endfacet
  facet normal -0 0 1
    outer loop
      vertex 12.7 25.5 3
      vertex 13 19.5 3
      vertex 13 37.5 3
    endloop
  endfacet
  facet normal -0 0 1
    outer loop
      vertex 12.6598 24.8865 3
      vertex 13 19.5 3
      vertex 12.7 25.5 3
    endloop
  endfacet
  facet normal -0 0 1
    outer loop
      vertex 12.5399 24.2836 3
      vertex 13 19.5 3
      vertex 12.6598 24.8865 3
    endloop
  endfacet
  facet normal 0 0 1
    outer loop
      vertex 13 37.5 3
      vertex 12.6598 26.1135 3
      vertex 12.7 25.5 3
    endloop
  endfacet
  facet normal 0 0 1
    outer loop
      vertex 13 37.5 3
      vertex 12.5399 26.7164 3
      vertex 12.6598 26.1135 3
    endloop
  endfacet
  facet normal 0 0 1
    outer loop
      vertex 13 37.5 3
      vertex 12.3422 27.2986 3
      vertex 12.5399 26.7164 3
    endloop
  endfacet
  facet normal 0 0 1
    outer loop
      vertex 13 37.5 3
      vertex 12.0703 27.85 3
      vertex 12.3422 27.2986 3
    endloop
  endfacet
  facet normal 0 0 1
    outer loop
      vertex 13 37.5 3
      vertex 11.7288 28.3612 3
      vertex 12.0703 27.85 3
    endloop
  endfacet
  facet normal 0 0 1
    outer loop
      vertex 13 37.5 3
      vertex 11.3234 28.8234 3
      vertex 11.7288 28.3612 3
    endloop
  endfacet
  facet normal 0 0 1
    outer loop
      vertex 13 37.5 3
      vertex 10.8612 29.2288 3
      vertex 11.3234 28.8234 3
    endloop
  endfacet
  facet normal 0 0 1
    outer loop
      vertex 13 37.5 3
      vertex 10.35 29.5703 3
      vertex 10.8612 29.2288 3
    endloop
  endfacet
  facet normal 0 0 1
    outer loop
      vertex 13 37.5 3
      vertex 9.79861 29.8422 3
      vertex 10.35 29.5703 3
    endloop
  endfacet
  facet normal 0 0 1
    outer loop
      vertex 13 37.5 3
      vertex 9.21645 30.0399 3
      vertex 9.79861 29.8422 3
    endloop
  endfacet
  facet normal 0 0 1
    outer loop
      vertex 13 37.5 3
      vertex 8.61347 30.1598 3
      vertex 9.21645 30.0399 3
    endloop
  endfacet
  facet normal -0 0 1
    outer loop
      vertex 6.5 37.5 3
      vertex 8.61347 30.1598 3
      vertex 13 37.5 3
    endloop
  endfacet
  facet normal 0 0 1
    outer loop
      vertex 8.61347 30.1598 3
      vertex 6.5 37.5 3
      vertex 8 30.2 3
    endloop
  endfacet
  facet normal 0 0 1
    outer loop
      vertex 8 30.2 3
      vertex 6.5 37.5 3
      vertex 7.38653 30.1598 3
    endloop
  endfacet
  facet normal 0 0 1
    outer loop
      vertex 7.38653 30.1598 3
      vertex 6.5 37.5 3
      vertex 6.78355 30.0399 3
    endloop
  endfacet
  facet normal 0 0 1
    outer loop
      vertex 6.5 37.5 3
      vertex 6.20139 29.8422 3
      vertex 6.78355 30.0399 3
    endloop
  endfacet
  facet normal 0 0 1
    outer loop
      vertex 5.13882 70.7712 3
      vertex 6.5 66.5 3
      vertex 5.65 70.4297 3
    endloop
  endfacet
  facet normal 0 0 1
    outer loop
      vertex 4.6766 71.1766 3
      vertex 6.5 66.5 3
      vertex 5.13882 70.7712 3
    endloop
  endfacet
  facet normal 0 0 1
    outer loop
      vertex 6.5 37.5 3
      vertex 5.65 29.5703 3
      vertex 6.20139 29.8422 3
    endloop
  endfacet
  facet normal 0 0 1
    outer loop
      vertex 4.27124 71.6388 3
      vertex 6.5 66.5 3
      vertex 4.6766 71.1766 3
    endloop
  endfacet
  facet normal 0 0 1
    outer loop
      vertex 6.5 37.5 3
      vertex 5.13882 29.2288 3
      vertex 5.65 29.5703 3
    endloop
  endfacet
  facet normal 0 0 1
    outer loop
      vertex 3.92968 72.15 3
      vertex 6.5 66.5 3
      vertex 4.27124 71.6388 3
    endloop
  endfacet
  facet normal 0 0 1
    outer loop
      vertex 6.5 37.5 3
      vertex 4.6766 28.8234 3
      vertex 5.13882 29.2288 3
    endloop
  endfacet
  facet normal 0 0 1
    outer loop
      vertex 6.5 66.5 3
      vertex 3.92968 72.15 3
      vertex 6.5 37.5 3
    endloop
  endfacet
  facet normal 0 0 1
    outer loop
      vertex 6.5 37.5 3
      vertex 4.27124 28.3612 3
      vertex 4.6766 28.8234 3
    endloop
  endfacet
  facet normal 0 0 1
    outer loop
      vertex 3.65777 72.7014 3
      vertex 6.5 37.5 3
      vertex 3.92968 72.15 3
    endloop
  endfacet
  facet normal 0 0 1
    outer loop
      vertex 6.5 37.5 3
      vertex 3.92968 27.85 3
      vertex 4.27124 28.3612 3
    endloop
  endfacet
  facet normal 0 0 1
    outer loop
      vertex 3.65777 27.2986 3
      vertex 6.5 37.5 3
      vertex 3.65777 72.7014 3
    endloop
  endfacet
  facet normal 0 0 1
    outer loop
      vertex 6.5 37.5 3
      vertex 3.65777 27.2986 3
      vertex 3.92968 27.85 3
    endloop
  endfacet
  facet normal 0 0 1
    outer loop
      vertex 3.46015 73.2836 3
      vertex 3.65777 27.2986 3
      vertex 3.65777 72.7014 3
    endloop
  endfacet
  facet normal 0 0 1
    outer loop
      vertex 3.46015 73.2836 3
      vertex 3.46015 26.7164 3
      vertex 3.65777 27.2986 3
    endloop
  endfacet
  facet normal 0 0 1
    outer loop
      vertex 3.34021 73.8865 3
      vertex 3.46015 26.7164 3
      vertex 3.46015 73.2836 3
    endloop
  endfacet
  facet normal 0 0 1
    outer loop
      vertex 3.34021 73.8865 3
      vertex 3.34021 26.1135 3
      vertex 3.46015 26.7164 3
    endloop
  endfacet
  facet normal 0 0 1
    outer loop
      vertex 3.3 74.5 3
      vertex 3.34021 26.1135 3
      vertex 3.34021 73.8865 3
    endloop
  endfacet
  facet normal 0 0 1
    outer loop
      vertex 3.34021 26.1135 3
      vertex 3.3 74.5 3
      vertex 3.3 25.5 3
    endloop
  endfacet
  facet normal 0 0 1
    outer loop
      vertex 18 16 3
      vertex 13.1812 11.2872 3
      vertex 13.2 11 3
    endloop
  endfacet
  facet normal 0 0 1
    outer loop
      vertex 15.8755 17 3
      vertex 13.125 11.5694 3
      vertex 13.1812 11.2872 3
    endloop
  endfacet
  facet normal 0 0 1
    outer loop
      vertex 15.8755 17 3
      vertex 13.0325 11.8419 3
      vertex 13.125 11.5694 3
    endloop
  endfacet
  facet normal 0 0 1
    outer loop
      vertex 15.8755 17 3
      vertex 13 19.5 3
      vertex 12.9053 12.1 3
    endloop
  endfacet
  facet normal 0 0 1
    outer loop
      vertex 15.8755 17 3
      vertex 12.9053 12.1 3
      vertex 13.0325 11.8419 3
    endloop
  endfacet
  facet normal 0 0 1
    outer loop
      vertex 17 17 3
      vertex 18 16 3
      vertex 17.9914 16.1305 3
    endloop
  endfacet
  facet normal 0 0 1
    outer loop
      vertex 18 16 3
      vertex 13.2 11 3
      vertex 18 5 3
    endloop
  endfacet
  facet normal 0 0 1
    outer loop
      vertex 17 17 3
      vertex 17.9914 16.1305 3
      vertex 17.9659 16.2588 3
    endloop
  endfacet
  facet normal -0 0 1
    outer loop
      vertex 13.1812 10.7128 3
      vertex 18 5 3
      vertex 13.2 11 3
    endloop
  endfacet
  facet normal 0 0 1
    outer loop
      vertex 17 17 3
      vertex 17.9659 16.2588 3
      vertex 17.9239 16.3827 3
    endloop
  endfacet
  facet normal -0 0 1
    outer loop
      vertex 13.125 10.4306 3
      vertex 18 5 3
      vertex 13.1812 10.7128 3
    endloop
  endfacet
  facet normal 0 0 1
    outer loop
      vertex 17 17 3
      vertex 17.9239 16.3827 3
      vertex 17.866 16.5 3
    endloop
  endfacet
  facet normal -0 0 1
    outer loop
      vertex 13.0325 10.1581 3
      vertex 18 5 3
      vertex 13.125 10.4306 3
    endloop
  endfacet
  facet normal 0 0 1
    outer loop
      vertex 17 17 3
      vertex 17.866 16.5 3
      vertex 17.7934 16.6088 3
    endloop
  endfacet
  facet normal -0 0 1
    outer loop
      vertex 12.9053 9.9 3
      vertex 18 5 3
      vertex 13.0325 10.1581 3
    endloop
  endfacet
  facet normal 0 0 1
    outer loop
      vertex 17 17 3
      vertex 17.7934 16.6088 3
      vertex 17.7071 16.7071 3
    endloop
  endfacet
  facet normal -0 0 1
    outer loop
      vertex 12.7454 9.66072 3
      vertex 18 5 3
      vertex 12.9053 9.9 3
    endloop
  endfacet
  facet normal 0 0 1
    outer loop
      vertex 17 17 3
      vertex 17.7071 16.7071 3
      vertex 17.6088 16.7934 3
    endloop
  endfacet
  facet normal -0 0 1
    outer loop
      vertex 12.5556 9.44436 3
      vertex 18 5 3
      vertex 12.7454 9.66072 3
    endloop
  endfacet
  facet normal 0 0 1
    outer loop
      vertex 17 17 3
      vertex 17.6088 16.7934 3
      vertex 17.5 16.866 3
    endloop
  endfacet
  facet normal 0 -0 1
    outer loop
      vertex 17 4 3
      vertex 18 5 3
      vertex 12.5556 9.44436 3
    endloop
  endfacet
  facet normal 0 0 1
    outer loop
      vertex 17 17 3
      vertex 17.5 16.866 3
      vertex 17.3827 16.9239 3
    endloop
  endfacet
  facet normal 0 0 1
    outer loop
      vertex 17.9914 4.86947 3
      vertex 17 4 3
      vertex 17.9659 4.74118 3
    endloop
  endfacet
  facet normal 0 0 1
    outer loop
      vertex 17 17 3
      vertex 17.3827 16.9239 3
      vertex 17.2588 16.9659 3
    endloop
  endfacet
  facet normal 0 0 1
    outer loop
      vertex 17.9659 4.74118 3
      vertex 17 4 3
      vertex 17.9239 4.61732 3
    endloop
  endfacet
  facet normal 0 0 1
    outer loop
      vertex 17 17 3
      vertex 17.2588 16.9659 3
      vertex 17.1305 16.9914 3
    endloop
  endfacet
  facet normal 0 0 1
    outer loop
      vertex 17.9239 4.61732 3
      vertex 17 4 3
      vertex 17.866 4.5 3
    endloop
  endfacet
  facet normal 0 0 1
    outer loop
      vertex 18 16 3
      vertex 17 17 3
      vertex 15.8755 17 3
    endloop
  endfacet
  facet normal 0 0 1
    outer loop
      vertex 17.866 4.5 3
      vertex 17 4 3
      vertex 17.7934 4.39124 3
    endloop
  endfacet
  facet normal 0 0 1
    outer loop
      vertex 13.1812 11.2872 3
      vertex 18 16 3
      vertex 15.8755 17 3
    endloop
  endfacet
  facet normal -0 0 1
    outer loop
      vertex 13 19.5 3
      vertex 15.8755 17 3
      vertex 15.3582 19.5 3
    endloop
  endfacet
  facet normal 0 0 1
    outer loop
      vertex 17.7071 4.29289 3
      vertex 17 4 3
      vertex 17.6088 4.20665 3
    endloop
  endfacet
  facet normal 0 0 1
    outer loop
      vertex 17.6088 4.20665 3
      vertex 17 4 3
      vertex 17.5 4.13397 3
    endloop
  endfacet
  facet normal 0 0 1
    outer loop
      vertex 17.5 4.13397 3
      vertex 17 4 3
      vertex 17.3827 4.07612 3
    endloop
  endfacet
  facet normal 0 0 1
    outer loop
      vertex 17.2588 4.03407 3
      vertex 17 4 3
      vertex 17.1305 4.00855 3
    endloop
  endfacet
  facet normal 0 0 1
    outer loop
      vertex 17.3827 4.07612 3
      vertex 17 4 3
      vertex 17.2588 4.03407 3
    endloop
  endfacet
  facet normal 0 0 1
    outer loop
      vertex 17.7934 4.39124 3
      vertex 17 4 3
      vertex 17.7071 4.29289 3
    endloop
  endfacet
  facet normal 0 0 1
    outer loop
      vertex 18 5 3
      vertex 17 4 3
      vertex 17.9914 4.86947 3
    endloop
  endfacet
  facet normal -0 0 1
    outer loop
      vertex 12.3393 9.25462 3
      vertex 17 4 3
      vertex 12.5556 9.44436 3
    endloop
  endfacet
  facet normal -0 0 1
    outer loop
      vertex 12.1 9.09474 3
      vertex 17 4 3
      vertex 12.3393 9.25462 3
    endloop
  endfacet
  facet normal -0 0 1
    outer loop
      vertex 11.8419 8.96746 3
      vertex 17 4 3
      vertex 12.1 9.09474 3
    endloop
  endfacet
  facet normal -0 0 1
    outer loop
      vertex 11.5694 8.87496 3
      vertex 17 4 3
      vertex 11.8419 8.96746 3
    endloop
  endfacet
  facet normal -0 0 1
    outer loop
      vertex 11.2872 8.81882 3
      vertex 17 4 3
      vertex 11.5694 8.87496 3
    endloop
  endfacet
  facet normal -0 0 1
    outer loop
      vertex 11 8.8 3
      vertex 17 4 3
      vertex 11.2872 8.81882 3
    endloop
  endfacet
  facet normal 0 0 1
    outer loop
      vertex 4 4 3
      vertex 11 8.8 3
      vertex 10.7128 8.81882 3
    endloop
  endfacet
  facet normal 0 0 1
    outer loop
      vertex 4 4 3
      vertex 10.7128 8.81882 3
      vertex 10.4306 8.87496 3
    endloop
  endfacet
  facet normal 0 0 1
    outer loop
      vertex 4 4 3
      vertex 10.4306 8.87496 3
      vertex 10.1581 8.96746 3
    endloop
  endfacet
  facet normal 0 0 1
    outer loop
      vertex 4 4 3
      vertex 10.1581 8.96746 3
      vertex 9.9 9.09474 3
    endloop
  endfacet
  facet normal 0 0 1
    outer loop
      vertex 4 4 3
      vertex 9.9 9.09474 3
      vertex 9.66072 9.25462 3
    endloop
  endfacet
  facet normal 0 0 1
    outer loop
      vertex 8.96746 11.8419 3
      vertex 3 16 3
      vertex 8.87496 11.5694 3
    endloop
  endfacet
  facet normal 0 0 1
    outer loop
      vertex 8.87496 11.5694 3
      vertex 3 16 3
      vertex 8.81882 11.2872 3
    endloop
  endfacet
  facet normal 0 0 1
    outer loop
      vertex 3.65488 16.9366 3
      vertex 8 20.8 3
      vertex 7.38653 20.8402 3
    endloop
  endfacet
  facet normal 0 0 1
    outer loop
      vertex 3.65488 16.9366 3
      vertex 7.38653 20.8402 3
      vertex 6.78355 20.9601 3
    endloop
  endfacet
  facet normal 0 0 1
    outer loop
      vertex 3.65488 16.9366 3
      vertex 6.78355 20.9601 3
      vertex 6.20139 21.1578 3
    endloop
  endfacet
  facet normal 0 0 1
    outer loop
      vertex 8.81882 11.2872 3
      vertex 3 16 3
      vertex 8.8 11 3
    endloop
  endfacet
  facet normal 0 0 1
    outer loop
      vertex 3.65488 16.9366 3
      vertex 6.20139 21.1578 3
      vertex 5.65 21.4297 3
    endloop
  endfacet
  facet normal 0 0 1
    outer loop
      vertex 3.65488 16.9366 3
      vertex 5.65 21.4297 3
      vertex 5.13882 21.7712 3
    endloop
  endfacet
  facet normal 0 0 1
    outer loop
      vertex 3.65488 16.9366 3
      vertex 5.13882 21.7712 3
      vertex 4.6766 22.1766 3
    endloop
  endfacet
  facet normal 0 0 1
    outer loop
      vertex 8.8 11 3
      vertex 3 16 3
      vertex 8.81882 10.7128 3
    endloop
  endfacet
  facet normal 0 0 1
    outer loop
      vertex 3.65488 16.9366 3
      vertex 4.6766 22.1766 3
      vertex 4.27124 22.6388 3
    endloop
  endfacet
  facet normal 0 0 1
    outer loop
      vertex 11 8.8 3
      vertex 4 4 3
      vertex 17 4 3
    endloop
  endfacet
  facet normal 0 0 1
    outer loop
      vertex 9.44436 9.44436 3
      vertex 4 4 3
      vertex 9.66072 9.25462 3
    endloop
  endfacet
  facet normal 0 0 1
    outer loop
      vertex 9.25462 9.66072 3
      vertex 4 4 3
      vertex 9.44436 9.44436 3
    endloop
  endfacet
  facet normal 0 0 1
    outer loop
      vertex 3 5 3
      vertex 9.25462 9.66072 3
      vertex 9.09474 9.9 3
    endloop
  endfacet
  facet normal 0 0 1
    outer loop
      vertex 3 5 3
      vertex 9.09474 9.9 3
      vertex 8.96746 10.1581 3
    endloop
  endfacet
  facet normal 0 0 1
    outer loop
      vertex 3 5 3
      vertex 8.81882 10.7128 3
      vertex 3 16 3
    endloop
  endfacet
  facet normal 0 0 1
    outer loop
      vertex 3.65488 16.9366 3
      vertex 4.27124 22.6388 3
      vertex 3.92968 23.15 3
    endloop
  endfacet
  facet normal 0 0 1
    outer loop
      vertex 8.81882 10.7128 3
      vertex 3 5 3
      vertex 8.87496 10.4306 3
    endloop
  endfacet
  facet normal 0 0 1
    outer loop
      vertex 8.87496 10.4306 3
      vertex 3 5 3
      vertex 8.96746 10.1581 3
    endloop
  endfacet
  facet normal 0 0 1
    outer loop
      vertex 3.65488 16.9366 3
      vertex 3.92968 23.15 3
      vertex 3.65777 23.7014 3
    endloop
  endfacet
  facet normal 0 0 1
    outer loop
      vertex 9.25462 9.66072 3
      vertex 3 5 3
      vertex 4 4 3
    endloop
  endfacet
  facet normal 0 0 1
    outer loop
      vertex 3.5 16.866 3
      vertex 3.65488 16.9366 3
      vertex 3.61732 16.9239 3
    endloop
  endfacet
  facet normal 0 0 1
    outer loop
      vertex 4 4 3
      vertex 3 5 3
      vertex 3.86947 4.00855 3
    endloop
  endfacet
  facet normal 0 0 1
    outer loop
      vertex 3.65488 16.9366 3
      vertex 3.5 16.866 3
      vertex 3 16 3
    endloop
  endfacet
  facet normal 0 0 1
    outer loop
      vertex 3.86947 4.00855 3
      vertex 3 5 3
      vertex 3.74118 4.03407 3
    endloop
  endfacet
  facet normal 0 0 1
    outer loop
      vertex 3 16 3
      vertex 3.5 16.866 3
      vertex 3.39124 16.7934 3
    endloop
  endfacet
  facet normal 0 0 1
    outer loop
      vertex 3.74118 4.03407 3
      vertex 3 5 3
      vertex 3.61732 4.07612 3
    endloop
  endfacet
  facet normal 0 0 1
    outer loop
      vertex 3 16 3
      vertex 3.39124 16.7934 3
      vertex 3.29289 16.7071 3
    endloop
  endfacet
  facet normal 0 0 1
    outer loop
      vertex 3.61732 4.07612 3
      vertex 3 5 3
      vertex 3.5 4.13397 3
    endloop
  endfacet
  facet normal 0 0 1
    outer loop
      vertex 3 16 3
      vertex 3.29289 16.7071 3
      vertex 3.20665 16.6088 3
    endloop
  endfacet
  facet normal 0 0 1
    outer loop
      vertex 3.5 4.13397 3
      vertex 3 5 3
      vertex 3.39124 4.20665 3
    endloop
  endfacet
  facet normal 0 0 1
    outer loop
      vertex 3 16 3
      vertex 3.20665 16.6088 3
      vertex 3.13397 16.5 3
    endloop
  endfacet
  facet normal 0 0 1
    outer loop
      vertex 3.39124 4.20665 3
      vertex 3 5 3
      vertex 3.29289 4.29289 3
    endloop
  endfacet
  facet normal 0 0 1
    outer loop
      vertex 3 16 3
      vertex 3.13397 16.5 3
      vertex 3.07612 16.3827 3
    endloop
  endfacet
  facet normal 0 0 1
    outer loop
      vertex 3.29289 4.29289 3
      vertex 3 5 3
      vertex 3.20665 4.39124 3
    endloop
  endfacet
  facet normal 0 0 1
    outer loop
      vertex 3 16 3
      vertex 3.07612 16.3827 3
      vertex 3.03407 16.2588 3
    endloop
  endfacet
  facet normal 0 0 1
    outer loop
      vertex 3.20665 4.39124 3
      vertex 3 5 3
      vertex 3.13397 4.5 3
    endloop
  endfacet
  facet normal 0 0 1
    outer loop
      vertex 3 16 3
      vertex 3.03407 16.2588 3
      vertex 3.00855 16.1305 3
    endloop
  endfacet
  facet normal 0 0 1
    outer loop
      vertex 3.13397 4.5 3
      vertex 3 5 3
      vertex 3.07612 4.61732 3
    endloop
  endfacet
  facet normal 0 0 1
    outer loop
      vertex 3.07612 4.61732 3
      vertex 3 5 3
      vertex 3.03407 4.74118 3
    endloop
  endfacet
  facet normal 0 0 1
    outer loop
      vertex 3.03407 4.74118 3
      vertex 3 5 3
      vertex 3.00855 4.86947 3
    endloop
  endfacet
  facet normal -0 0 1
    outer loop
      vertex 12.3422 23.7014 3
      vertex 13 19.5 3
      vertex 12.5399 24.2836 3
    endloop
  endfacet
  facet normal -0 0 1
    outer loop
      vertex 12.0703 23.15 3
      vertex 13 19.5 3
      vertex 12.3422 23.7014 3
    endloop
  endfacet
  facet normal -0 0 1
    outer loop
      vertex 11.7288 22.6388 3
      vertex 13 19.5 3
      vertex 12.0703 23.15 3
    endloop
  endfacet
  facet normal 0 0 1
    outer loop
      vertex 13 19.5 3
      vertex 12.7454 12.3393 3
      vertex 12.9053 12.1 3
    endloop
  endfacet
  facet normal 0 0 1
    outer loop
      vertex 13 19.5 3
      vertex 12.5556 12.5556 3
      vertex 12.7454 12.3393 3
    endloop
  endfacet
  facet normal -0 0 1
    outer loop
      vertex 11.3234 22.1766 3
      vertex 13 19.5 3
      vertex 11.7288 22.6388 3
    endloop
  endfacet
  facet normal 0 0 1
    outer loop
      vertex 13 19.5 3
      vertex 12.3393 12.7454 3
      vertex 12.5556 12.5556 3
    endloop
  endfacet
  facet normal -0 0 1
    outer loop
      vertex 10.8612 21.7712 3
      vertex 13 19.5 3
      vertex 11.3234 22.1766 3
    endloop
  endfacet
  facet normal 0 0 1
    outer loop
      vertex 13 19.5 3
      vertex 12.1 12.9053 3
      vertex 12.3393 12.7454 3
    endloop
  endfacet
  facet normal -0 0 1
    outer loop
      vertex 10.35 21.4297 3
      vertex 13 19.5 3
      vertex 10.8612 21.7712 3
    endloop
  endfacet
  facet normal 0 0 1
    outer loop
      vertex 13 19.5 3
      vertex 11.8419 13.0325 3
      vertex 12.1 12.9053 3
    endloop
  endfacet
  facet normal 0 0 1
    outer loop
      vertex 13 19.5 3
      vertex 11.5694 13.125 3
      vertex 11.8419 13.0325 3
    endloop
  endfacet
  facet normal -0 0 1
    outer loop
      vertex 9.79861 21.1578 3
      vertex 13 19.5 3
      vertex 10.35 21.4297 3
    endloop
  endfacet
  facet normal 0 0 1
    outer loop
      vertex 13 19.5 3
      vertex 11.2872 13.1812 3
      vertex 11.5694 13.125 3
    endloop
  endfacet
  facet normal -0 0 1
    outer loop
      vertex 9.21645 20.9601 3
      vertex 13 19.5 3
      vertex 9.79861 21.1578 3
    endloop
  endfacet
  facet normal 0 0 1
    outer loop
      vertex 13 19.5 3
      vertex 11 13.2 3
      vertex 11.2872 13.1812 3
    endloop
  endfacet
  facet normal 0 -0 1
    outer loop
      vertex 10.7128 13.1812 3
      vertex 13 19.5 3
      vertex 9.21645 20.9601 3
    endloop
  endfacet
  facet normal 0 0 1
    outer loop
      vertex 13 19.5 3
      vertex 10.7128 13.1812 3
      vertex 11 13.2 3
    endloop
  endfacet
  facet normal 0 0 1
    outer loop
      vertex 10.7128 13.1812 3
      vertex 9.21645 20.9601 3
      vertex 10.4306 13.125 3
    endloop
  endfacet
  facet normal -0 0 1
    outer loop
      vertex 8.61347 20.8402 3
      vertex 10.4306 13.125 3
      vertex 9.21645 20.9601 3
    endloop
  endfacet
  facet normal 0 0 1
    outer loop
      vertex 10.4306 13.125 3
      vertex 8.61347 20.8402 3
      vertex 10.1581 13.0325 3
    endloop
  endfacet
  facet normal -0 0 1
    outer loop
      vertex 8 20.8 3
      vertex 10.1581 13.0325 3
      vertex 8.61347 20.8402 3
    endloop
  endfacet
  facet normal 0 0 1
    outer loop
      vertex 10.1581 13.0325 3
      vertex 8 20.8 3
      vertex 9.9 12.9053 3
    endloop
  endfacet
  facet normal -0 0 1
    outer loop
      vertex 3.65488 16.9366 3
      vertex 9.9 12.9053 3
      vertex 8 20.8 3
    endloop
  endfacet
  facet normal 0 0 1
    outer loop
      vertex 9.9 12.9053 3
      vertex 3.65488 16.9366 3
      vertex 9.66072 12.7454 3
    endloop
  endfacet
  facet normal 0 0 1
    outer loop
      vertex 9.66072 12.7454 3
      vertex 3.65488 16.9366 3
      vertex 9.44436 12.5556 3
    endloop
  endfacet
  facet normal 0 0 1
    outer loop
      vertex 9.44436 12.5556 3
      vertex 3.65488 16.9366 3
      vertex 9.25462 12.3393 3
    endloop
  endfacet
  facet normal -0 0 1
    outer loop
      vertex 3 16 3
      vertex 9.25462 12.3393 3
      vertex 3.65488 16.9366 3
    endloop
  endfacet
  facet normal 0 0 1
    outer loop
      vertex 9.25462 12.3393 3
      vertex 3 16 3
      vertex 9.09474 12.1 3
    endloop
  endfacet
  facet normal 0 0 1
    outer loop
      vertex 9.09474 12.1 3
      vertex 3 16 3
      vertex 8.96746 11.8419 3
    endloop
  endfacet
  facet normal -0.195087 -0.980786 0
    outer loop
      vertex 64.4471 19.7044 0
      vertex 65.2168 19.5513 3
      vertex 64.4471 19.7044 3
    endloop
  endfacet
  facet normal -0.195087 -0.980786 -0
    outer loop
      vertex 65.2168 19.5513 3
      vertex 64.4471 19.7044 0
      vertex 65.2168 19.5513 0
    endloop
  endfacet
  facet normal -0.185059 -0.982727 0
    outer loop
      vertex 65.2168 19.5513 0
      vertex 136 6.22203 3
      vertex 65.2168 19.5513 3
    endloop
  endfacet
  facet normal -0.185059 -0.982727 -0
    outer loop
      vertex 136 6.22203 3
      vertex 65.2168 19.5513 0
      vertex 136 6.22203 0
    endloop
  endfacet
  facet normal -0.555615 -0.83144 0
    outer loop
      vertex 62.7064 20.5 0
      vertex 63 20.3038 3
      vertex 62.7064 20.5 3
    endloop
  endfacet
  facet normal -0.555615 -0.83144 -0
    outer loop
      vertex 63 20.3038 3
      vertex 62.7064 20.5 0
      vertex 63 20.3038 0
    endloop
  endfacet
  facet normal 0.185058 0.982728 -0
    outer loop
      vertex 143.511 17 0
      vertex 71 30.6546 3
      vertex 143.511 17 3
    endloop
  endfacet
  facet normal 0.185058 0.982728 0
    outer loop
      vertex 71 30.6546 3
      vertex 143.511 17 0
      vertex 71 30.6546 0
    endloop
  endfacet
  facet normal -0.442263 -0.896885 0
    outer loop
      vertex 63 20.3038 0
      vertex 63.7039 19.9567 3
      vertex 63 20.3038 3
    endloop
  endfacet
  facet normal -0.442263 -0.896885 -0
    outer loop
      vertex 63.7039 19.9567 3
      vertex 63 20.3038 0
      vertex 63.7039 19.9567 0
    endloop
  endfacet
  facet normal -0.32146 -0.946923 0
    outer loop
      vertex 63.7039 19.9567 0
      vertex 64.4471 19.7044 3
      vertex 63.7039 19.9567 3
    endloop
  endfacet
  facet normal -0.32146 -0.946923 -0
    outer loop
      vertex 64.4471 19.7044 3
      vertex 63.7039 19.9567 0
      vertex 64.4471 19.7044 0
    endloop
  endfacet
  facet normal -0.0653638 0.997862 0
    outer loop
      vertex 9 96 0
      vertex 8.21684 95.9487 3
      vertex 9 96 3
    endloop
  endfacet
  facet normal -0.0653638 0.997862 0
    outer loop
      vertex 8.21684 95.9487 3
      vertex 9 96 0
      vertex 8.21684 95.9487 0
    endloop
  endfacet
  facet normal -0.751799 0.659392 0
    outer loop
      vertex 4.23988 93.6526 0
      vertex 4.75736 94.2426 3
      vertex 4.75736 94.2426 0
    endloop
  endfacet
  facet normal -0.751799 0.659392 0
    outer loop
      vertex 4.75736 94.2426 3
      vertex 4.23988 93.6526 0
      vertex 4.23988 93.6526 3
    endloop
  endfacet
  facet normal -0.946931 0.321437 0
    outer loop
      vertex 3.20444 91.5529 0
      vertex 3.45672 92.2961 3
      vertex 3.45672 92.2961 0
    endloop
  endfacet
  facet normal -0.946931 0.321437 0
    outer loop
      vertex 3.45672 92.2961 3
      vertex 3.20444 91.5529 0
      vertex 3.20444 91.5529 3
    endloop
  endfacet
  facet normal -0.980784 -0.195099 0
    outer loop
      vertex 2.20444 72.9471 0
      vertex 2.05133 73.7168 3
      vertex 2.05133 73.7168 0
    endloop
  endfacet
  facet normal -0.980784 -0.195099 0
    outer loop
      vertex 2.05133 73.7168 3
      vertex 2.20444 72.9471 0
      vertex 2.20444 72.9471 3
    endloop
  endfacet
  facet normal 0.659406 0.751787 -0
    outer loop
      vertex 13.2426 94.2426 0
      vertex 12.6526 94.7601 3
      vertex 13.2426 94.2426 3
    endloop
  endfacet
  facet normal 0.659406 0.751787 0
    outer loop
      vertex 12.6526 94.7601 3
      vertex 13.2426 94.2426 0
      vertex 12.6526 94.7601 0
    endloop
  endfacet
  facet normal -0.997859 -0.0653985 0
    outer loop
      vertex 2.05133 73.7168 0
      vertex 2 74.5 3
      vertex 2 74.5 0
    endloop
  endfacet
  facet normal -0.997859 -0.0653985 0
    outer loop
      vertex 2 74.5 3
      vertex 2.05133 73.7168 0
      vertex 2.05133 73.7168 3
    endloop
  endfacet
  facet normal 0.0653638 0.997862 -0
    outer loop
      vertex 9.78316 95.9487 0
      vertex 9 96 3
      vertex 9.78316 95.9487 3
    endloop
  endfacet
  facet normal 0.0653638 0.997862 0
    outer loop
      vertex 9 96 3
      vertex 9.78316 95.9487 0
      vertex 9 96 0
    endloop
  endfacet
  facet normal -0.659362 0.751826 0
    outer loop
      vertex 5.34743 94.7601 0
      vertex 4.75736 94.2426 3
      vertex 5.34743 94.7601 3
    endloop
  endfacet
  facet normal -0.659362 0.751826 0
    outer loop
      vertex 4.75736 94.2426 3
      vertex 5.34743 94.7601 0
      vertex 4.75736 94.2426 0
    endloop
  endfacet
  facet normal 0.831442 0.555611 0
    outer loop
      vertex 14.1962 93 3
      vertex 13.7601 93.6526 0
      vertex 13.7601 93.6526 3
    endloop
  endfacet
  facet normal 0.831442 0.555611 0
    outer loop
      vertex 13.7601 93.6526 0
      vertex 14.1962 93 3
      vertex 14.1962 93 0
    endloop
  endfacet
  facet normal -0.997925 0.0643823 0
    outer loop
      vertex 2 74.5 0
      vertex 3 90 3
      vertex 3 90 0
    endloop
  endfacet
  facet normal -0.997925 0.0643823 0
    outer loop
      vertex 3 90 3
      vertex 2 74.5 0
      vertex 2 74.5 3
    endloop
  endfacet
  facet normal 0.980786 0.195087 0
    outer loop
      vertex 14.9487 90.7832 3
      vertex 14.7956 91.5529 0
      vertex 14.7956 91.5529 3
    endloop
  endfacet
  facet normal 0.980786 0.195087 0
    outer loop
      vertex 14.7956 91.5529 0
      vertex 14.9487 90.7832 3
      vertex 14.9487 90.7832 0
    endloop
  endfacet
  facet normal 0.997862 0.0653605 0
    outer loop
      vertex 15 90 3
      vertex 14.9487 90.7832 0
      vertex 14.9487 90.7832 3
    endloop
  endfacet
  facet normal 0.997862 0.0653605 0
    outer loop
      vertex 14.9487 90.7832 0
      vertex 15 90 3
      vertex 15 90 0
    endloop
  endfacet
  facet normal 0.896885 0.442263 0
    outer loop
      vertex 14.5433 92.2961 3
      vertex 14.1962 93 0
      vertex 14.1962 93 3
    endloop
  endfacet
  facet normal 0.896885 0.442263 0
    outer loop
      vertex 14.1962 93 0
      vertex 14.5433 92.2961 3
      vertex 14.5433 92.2961 0
    endloop
  endfacet
  facet normal 0.751787 0.659406 0
    outer loop
      vertex 13.7601 93.6526 3
      vertex 13.2426 94.2426 0
      vertex 13.2426 94.2426 3
    endloop
  endfacet
  facet normal 0.751787 0.659406 0
    outer loop
      vertex 13.2426 94.2426 0
      vertex 13.7601 93.6526 3
      vertex 13.7601 93.6526 0
    endloop
  endfacet
  facet normal -0.89687 0.442294 0
    outer loop
      vertex 3.45672 92.2961 0
      vertex 3.80385 93 3
      vertex 3.80385 93 0
    endloop
  endfacet
  facet normal -0.89687 0.442294 0
    outer loop
      vertex 3.80385 93 3
      vertex 3.45672 92.2961 0
      vertex 3.45672 92.2961 3
    endloop
  endfacet
  facet normal 0.946923 0.32146 0
    outer loop
      vertex 14.7956 91.5529 3
      vertex 14.5433 92.2961 0
      vertex 14.5433 92.2961 3
    endloop
  endfacet
  facet normal 0.946923 0.32146 0
    outer loop
      vertex 14.5433 92.2961 0
      vertex 14.7956 91.5529 3
      vertex 14.7956 91.5529 0
    endloop
  endfacet
  facet normal -0.997859 0.0653985 0
    outer loop
      vertex 3 90 0
      vertex 3.05133 90.7832 3
      vertex 3.05133 90.7832 0
    endloop
  endfacet
  facet normal -0.997859 0.0653985 0
    outer loop
      vertex 3.05133 90.7832 3
      vertex 3 90 0
      vertex 3 90 3
    endloop
  endfacet
  facet normal -0.195075 0.980788 0
    outer loop
      vertex 8.21684 95.9487 0
      vertex 7.44709 95.7956 3
      vertex 8.21684 95.9487 3
    endloop
  endfacet
  facet normal -0.195075 0.980788 0
    outer loop
      vertex 7.44709 95.7956 3
      vertex 8.21684 95.9487 0
      vertex 7.44709 95.7956 0
    endloop
  endfacet
  facet normal -0.980784 0.195099 0
    outer loop
      vertex 3.05133 90.7832 0
      vertex 3.20444 91.5529 3
      vertex 3.20444 91.5529 0
    endloop
  endfacet
  facet normal -0.980784 0.195099 0
    outer loop
      vertex 3.20444 91.5529 3
      vertex 3.05133 90.7832 0
      vertex 3.05133 90.7832 3
    endloop
  endfacet
  facet normal -0.831483 0.55555 0
    outer loop
      vertex 3.80385 93 0
      vertex 4.23988 93.6526 3
      vertex 4.23988 93.6526 0
    endloop
  endfacet
  facet normal -0.831483 0.55555 0
    outer loop
      vertex 4.23988 93.6526 3
      vertex 3.80385 93 0
      vertex 3.80385 93 3
    endloop
  endfacet
  facet normal -0.321463 0.946922 0
    outer loop
      vertex 7.44709 95.7956 0
      vertex 6.7039 95.5433 3
      vertex 7.44709 95.7956 3
    endloop
  endfacet
  facet normal -0.321463 0.946922 0
    outer loop
      vertex 6.7039 95.5433 3
      vertex 7.44709 95.7956 0
      vertex 6.7039 95.5433 0
    endloop
  endfacet
  facet normal 0.997925 -0.0643804 0
    outer loop
      vertex 14.3226 79.5 3
      vertex 15 90 0
      vertex 15 90 3
    endloop
  endfacet
  facet normal 0.997925 -0.0643804 0
    outer loop
      vertex 15 90 0
      vertex 14.3226 79.5 3
      vertex 14.3226 79.5 0
    endloop
  endfacet
  facet normal 0.555611 0.831442 -0
    outer loop
      vertex 12.6526 94.7601 0
      vertex 12 95.1962 3
      vertex 12.6526 94.7601 3
    endloop
  endfacet
  facet normal 0.555611 0.831442 0
    outer loop
      vertex 12 95.1962 3
      vertex 12.6526 94.7601 0
      vertex 12 95.1962 0
    endloop
  endfacet
  facet normal -0.946931 -0.321437 0
    outer loop
      vertex 2.45672 72.2039 0
      vertex 2.20444 72.9471 3
      vertex 2.20444 72.9471 0
    endloop
  endfacet
  facet normal -0.946931 -0.321437 0
    outer loop
      vertex 2.20444 72.9471 3
      vertex 2.45672 72.2039 0
      vertex 2.45672 72.2039 3
    endloop
  endfacet
  facet normal -0.555629 0.83143 0
    outer loop
      vertex 6 95.1962 0
      vertex 5.34743 94.7601 3
      vertex 6 95.1962 3
    endloop
  endfacet
  facet normal -0.555629 0.83143 0
    outer loop
      vertex 5.34743 94.7601 3
      vertex 6 95.1962 0
      vertex 5.34743 94.7601 0
    endloop
  endfacet
  facet normal 0.32146 0.946923 -0
    outer loop
      vertex 11.2961 95.5433 0
      vertex 10.5529 95.7956 3
      vertex 11.2961 95.5433 3
    endloop
  endfacet
  facet normal 0.32146 0.946923 0
    outer loop
      vertex 10.5529 95.7956 3
      vertex 11.2961 95.5433 0
      vertex 10.5529 95.7956 0
    endloop
  endfacet
  facet normal -0.442263 0.896885 0
    outer loop
      vertex 6.7039 95.5433 0
      vertex 6 95.1962 3
      vertex 6.7039 95.5433 3
    endloop
  endfacet
  facet normal -0.442263 0.896885 0
    outer loop
      vertex 6 95.1962 3
      vertex 6.7039 95.5433 0
      vertex 6 95.1962 0
    endloop
  endfacet
  facet normal 0.442263 0.896885 -0
    outer loop
      vertex 12 95.1962 0
      vertex 11.2961 95.5433 3
      vertex 12 95.1962 3
    endloop
  endfacet
  facet normal 0.442263 0.896885 0
    outer loop
      vertex 11.2961 95.5433 3
      vertex 12 95.1962 0
      vertex 11.2961 95.5433 0
    endloop
  endfacet
  facet normal -0.89687 -0.442294 0
    outer loop
      vertex 2.80385 71.5 0
      vertex 2.45672 72.2039 3
      vertex 2.45672 72.2039 0
    endloop
  endfacet
  facet normal -0.89687 -0.442294 0
    outer loop
      vertex 2.45672 72.2039 3
      vertex 2.80385 71.5 0
      vertex 2.80385 71.5 3
    endloop
  endfacet
  facet normal -0.831505 -0.555517 0
    outer loop
      vertex 3 71.2064 0
      vertex 2.80385 71.5 3
      vertex 2.80385 71.5 0
    endloop
  endfacet
  facet normal -0.831505 -0.555517 0
    outer loop
      vertex 2.80385 71.5 3
      vertex 3 71.2064 0
      vertex 3 71.2064 3
    endloop
  endfacet
  facet normal 0.195077 0.980788 -0
    outer loop
      vertex 10.5529 95.7956 0
      vertex 9.78316 95.9487 3
      vertex 10.5529 95.7956 3
    endloop
  endfacet
  facet normal 0.195077 0.980788 0
    outer loop
      vertex 9.78316 95.9487 3
      vertex 10.5529 95.7956 0
      vertex 9.78316 95.9487 0
    endloop
  endfacet
  facet normal 0.321537 0.946897 -0
    outer loop
      vertex 147.296 95.5433 0
      vertex 146.553 95.7956 3
      vertex 147.296 95.5433 3
    endloop
  endfacet
  facet normal 0.321537 0.946897 0
    outer loop
      vertex 146.553 95.7956 3
      vertex 147.296 95.5433 0
      vertex 146.553 95.7956 0
    endloop
  endfacet
  facet normal -0.0653771 0.997861 0
    outer loop
      vertex 145 96 0
      vertex 144.217 95.9487 3
      vertex 145 96 3
    endloop
  endfacet
  facet normal -0.0653771 0.997861 0
    outer loop
      vertex 144.217 95.9487 3
      vertex 145 96 0
      vertex 144.217 95.9487 0
    endloop
  endfacet
  facet normal 0.195014 -0.980801 0
    outer loop
      vertex 145.783 84.0513 0
      vertex 146.553 84.2044 3
      vertex 145.783 84.0513 3
    endloop
  endfacet
  facet normal 0.195014 -0.980801 0
    outer loop
      vertex 146.553 84.2044 3
      vertex 145.783 84.0513 0
      vertex 146.553 84.2044 0
    endloop
  endfacet
  facet normal 0.997887 0.0649798 0
    outer loop
      vertex 151 90 3
      vertex 150.949 90.7832 0
      vertex 150.949 90.7832 3
    endloop
  endfacet
  facet normal 0.997887 0.0649798 0
    outer loop
      vertex 150.949 90.7832 0
      vertex 151 90 3
      vertex 151 90 0
    endloop
  endfacet
  facet normal 0.192532 -0.981291 0
    outer loop
      vertex 71 69.3787 0
      vertex 145.783 84.0513 3
      vertex 71 69.3787 3
    endloop
  endfacet
  facet normal 0.192532 -0.981291 0
    outer loop
      vertex 145.783 84.0513 3
      vertex 71 69.3787 0
      vertex 145.783 84.0513 0
    endloop
  endfacet
  facet normal 0.0653771 0.997861 -0
    outer loop
      vertex 145.783 95.9487 0
      vertex 145 96 3
      vertex 145.783 95.9487 3
    endloop
  endfacet
  facet normal 0.0653771 0.997861 0
    outer loop
      vertex 145 96 3
      vertex 145.783 95.9487 0
      vertex 145 96 0
    endloop
  endfacet
  facet normal 0.98081 0.194964 0
    outer loop
      vertex 150.949 90.7832 3
      vertex 150.796 91.5529 0
      vertex 150.796 91.5529 3
    endloop
  endfacet
  facet normal 0.98081 0.194964 0
    outer loop
      vertex 150.796 91.5529 0
      vertex 150.949 90.7832 3
      vertex 150.949 90.7832 0
    endloop
  endfacet
  facet normal 0.555376 -0.831599 0
    outer loop
      vertex 148 84.8038 0
      vertex 148.653 85.2399 3
      vertex 148 84.8038 3
    endloop
  endfacet
  facet normal 0.555376 -0.831599 0
    outer loop
      vertex 148.653 85.2399 3
      vertex 148 84.8038 0
      vertex 148.653 85.2399 0
    endloop
  endfacet
  facet normal 0.752103 -0.659046 0
    outer loop
      vertex 149.243 85.7574 3
      vertex 149.76 86.3474 0
      vertex 149.76 86.3474 3
    endloop
  endfacet
  facet normal 0.752103 -0.659046 0
    outer loop
      vertex 149.76 86.3474 0
      vertex 149.243 85.7574 3
      vertex 149.243 85.7574 0
    endloop
  endfacet
  facet normal 0.555376 0.831599 -0
    outer loop
      vertex 148.653 94.7601 0
      vertex 148 95.1962 3
      vertex 148.653 94.7601 3
    endloop
  endfacet
  facet normal 0.555376 0.831599 0
    outer loop
      vertex 148 95.1962 3
      vertex 148.653 94.7601 0
      vertex 148 95.1962 0
    endloop
  endfacet
  facet normal 0.896936 -0.44216 0
    outer loop
      vertex 150.196 87 3
      vertex 150.543 87.7039 0
      vertex 150.543 87.7039 3
    endloop
  endfacet
  facet normal 0.896936 -0.44216 0
    outer loop
      vertex 150.543 87.7039 0
      vertex 150.196 87 3
      vertex 150.196 87 0
    endloop
  endfacet
  facet normal 0.896936 0.44216 0
    outer loop
      vertex 150.543 92.2961 3
      vertex 150.196 93 0
      vertex 150.196 93 3
    endloop
  endfacet
  facet normal 0.896936 0.44216 0
    outer loop
      vertex 150.196 93 0
      vertex 150.543 92.2961 3
      vertex 150.543 92.2961 0
    endloop
  endfacet
  facet normal 0.442212 -0.89691 0
    outer loop
      vertex 147.296 84.4567 0
      vertex 148 84.8038 3
      vertex 147.296 84.4567 3
    endloop
  endfacet
  facet normal 0.442212 -0.89691 0
    outer loop
      vertex 148 84.8038 3
      vertex 147.296 84.4567 0
      vertex 148 84.8038 0
    endloop
  endfacet
  facet normal 0.321537 -0.946897 0
    outer loop
      vertex 146.553 84.2044 0
      vertex 147.296 84.4567 3
      vertex 146.553 84.2044 3
    endloop
  endfacet
  facet normal 0.321537 -0.946897 0
    outer loop
      vertex 147.296 84.4567 3
      vertex 146.553 84.2044 0
      vertex 147.296 84.4567 0
    endloop
  endfacet
  facet normal -0.192531 0.981291 0
    outer loop
      vertex 144.217 95.9487 0
      vertex 65.2168 80.4487 3
      vertex 144.217 95.9487 3
    endloop
  endfacet
  facet normal -0.192531 0.981291 0
    outer loop
      vertex 65.2168 80.4487 3
      vertex 144.217 95.9487 0
      vertex 65.2168 80.4487 0
    endloop
  endfacet
  facet normal 0.752103 0.659046 0
    outer loop
      vertex 149.76 93.6526 3
      vertex 149.243 94.2426 0
      vertex 149.243 94.2426 3
    endloop
  endfacet
  facet normal 0.752103 0.659046 0
    outer loop
      vertex 149.243 94.2426 0
      vertex 149.76 93.6526 3
      vertex 149.76 93.6526 0
    endloop
  endfacet
  facet normal 0.831501 -0.555523 0
    outer loop
      vertex 149.76 86.3474 3
      vertex 150.196 87 0
      vertex 150.196 87 3
    endloop
  endfacet
  facet normal 0.831501 -0.555523 0
    outer loop
      vertex 150.196 87 0
      vertex 149.76 86.3474 3
      vertex 149.76 86.3474 0
    endloop
  endfacet
  facet normal 0.98081 -0.194964 0
    outer loop
      vertex 150.796 88.4471 3
      vertex 150.949 89.2168 0
      vertex 150.949 89.2168 3
    endloop
  endfacet
  facet normal 0.98081 -0.194964 0
    outer loop
      vertex 150.949 89.2168 0
      vertex 150.796 88.4471 3
      vertex 150.796 88.4471 0
    endloop
  endfacet
  facet normal 0.659406 0.751787 -0
    outer loop
      vertex 149.243 94.2426 0
      vertex 148.653 94.7601 3
      vertex 149.243 94.2426 3
    endloop
  endfacet
  facet normal 0.659406 0.751787 0
    outer loop
      vertex 148.653 94.7601 3
      vertex 149.243 94.2426 0
      vertex 148.653 94.7601 0
    endloop
  endfacet
  facet normal -0.442263 0.896885 0
    outer loop
      vertex 63.7039 80.0433 0
      vertex 63 79.6962 3
      vertex 63.7039 80.0433 3
    endloop
  endfacet
  facet normal -0.442263 0.896885 0
    outer loop
      vertex 63 79.6962 3
      vertex 63.7039 80.0433 0
      vertex 63 79.6962 0
    endloop
  endfacet
  facet normal -0.32146 0.946923 0
    outer loop
      vertex 64.4471 80.2956 0
      vertex 63.7039 80.0433 3
      vertex 64.4471 80.2956 3
    endloop
  endfacet
  facet normal -0.32146 0.946923 0
    outer loop
      vertex 63.7039 80.0433 3
      vertex 64.4471 80.2956 0
      vertex 63.7039 80.0433 0
    endloop
  endfacet
  facet normal 0.195014 0.980801 -0
    outer loop
      vertex 146.553 95.7956 0
      vertex 145.783 95.9487 3
      vertex 146.553 95.7956 3
    endloop
  endfacet
  facet normal 0.195014 0.980801 0
    outer loop
      vertex 145.783 95.9487 3
      vertex 146.553 95.7956 0
      vertex 145.783 95.9487 0
    endloop
  endfacet
  facet normal 0.997887 -0.0649798 0
    outer loop
      vertex 150.949 89.2168 3
      vertex 151 90 0
      vertex 151 90 3
    endloop
  endfacet
  facet normal 0.997887 -0.0649798 0
    outer loop
      vertex 151 90 0
      vertex 150.949 89.2168 3
      vertex 150.949 89.2168 0
    endloop
  endfacet
  facet normal 0.442212 0.89691 -0
    outer loop
      vertex 148 95.1962 0
      vertex 147.296 95.5433 3
      vertex 148 95.1962 3
    endloop
  endfacet
  facet normal 0.442212 0.89691 0
    outer loop
      vertex 147.296 95.5433 3
      vertex 148 95.1962 0
      vertex 147.296 95.5433 0
    endloop
  endfacet
  facet normal 0.659406 -0.751787 0
    outer loop
      vertex 148.653 85.2399 0
      vertex 149.243 85.7574 3
      vertex 148.653 85.2399 3
    endloop
  endfacet
  facet normal 0.659406 -0.751787 0
    outer loop
      vertex 149.243 85.7574 3
      vertex 148.653 85.2399 0
      vertex 149.243 85.7574 0
    endloop
  endfacet
  facet normal 0.946652 0.322259 0
    outer loop
      vertex 150.796 91.5529 3
      vertex 150.543 92.2961 0
      vertex 150.543 92.2961 3
    endloop
  endfacet
  facet normal 0.946652 0.322259 0
    outer loop
      vertex 150.543 92.2961 0
      vertex 150.796 91.5529 3
      vertex 150.796 91.5529 0
    endloop
  endfacet
  facet normal 0.946652 -0.322259 0
    outer loop
      vertex 150.543 87.7039 3
      vertex 150.796 88.4471 0
      vertex 150.796 88.4471 3
    endloop
  endfacet
  facet normal 0.946652 -0.322259 0
    outer loop
      vertex 150.796 88.4471 0
      vertex 150.543 87.7039 3
      vertex 150.543 87.7039 0
    endloop
  endfacet
  facet normal -0.195087 0.980786 0
    outer loop
      vertex 65.2168 80.4487 0
      vertex 64.4471 80.2956 3
      vertex 65.2168 80.4487 3
    endloop
  endfacet
  facet normal -0.195087 0.980786 0
    outer loop
      vertex 64.4471 80.2956 3
      vertex 65.2168 80.4487 0
      vertex 64.4471 80.2956 0
    endloop
  endfacet
  facet normal -0.555615 0.83144 0
    outer loop
      vertex 63 79.6962 0
      vertex 62.7064 79.5 3
      vertex 63 79.6962 3
    endloop
  endfacet
  facet normal -0.555615 0.83144 0
    outer loop
      vertex 62.7064 79.5 3
      vertex 63 79.6962 0
      vertex 62.7064 79.5 0
    endloop
  endfacet
  facet normal 0.831501 0.555523 0
    outer loop
      vertex 150.196 93 3
      vertex 149.76 93.6526 0
      vertex 149.76 93.6526 3
    endloop
  endfacet
  facet normal 0.831501 0.555523 0
    outer loop
      vertex 149.76 93.6526 0
      vertex 150.196 93 3
      vertex 150.196 93 0
    endloop
  endfacet
  facet normal 0.946896 -0.321541 0
    outer loop
      vertex 12.3422 23.7014 9
      vertex 12.5399 24.2836 3
      vertex 12.5399 24.2836 9
    endloop
  endfacet
  facet normal 0.946896 -0.321541 0
    outer loop
      vertex 12.5399 24.2836 3
      vertex 12.3422 23.7014 9
      vertex 12.3422 23.7014 3
    endloop
  endfacet
  facet normal 0.980793 0.195052 0
    outer loop
      vertex 12.6598 26.1135 9
      vertex 12.5399 26.7164 3
      vertex 12.5399 26.7164 9
    endloop
  endfacet
  facet normal 0.980793 0.195052 0
    outer loop
      vertex 12.5399 26.7164 3
      vertex 12.6598 26.1135 9
      vertex 12.6598 26.1135 3
    endloop
  endfacet
  facet normal 0.99786 0.0653855 0
    outer loop
      vertex 12.7 25.5 9
      vertex 12.6598 26.1135 3
      vertex 12.6598 26.1135 9
    endloop
  endfacet
  facet normal 0.99786 0.0653855 0
    outer loop
      vertex 12.6598 26.1135 3
      vertex 12.7 25.5 9
      vertex 12.7 25.5 3
    endloop
  endfacet
  facet normal 0.442268 0.896883 -0
    outer loop
      vertex 10.35 29.5703 3
      vertex 9.79861 29.8422 9
      vertex 10.35 29.5703 9
    endloop
  endfacet
  facet normal 0.442268 0.896883 0
    outer loop
      vertex 9.79861 29.8422 9
      vertex 10.35 29.5703 3
      vertex 9.79861 29.8422 3
    endloop
  endfacet
  facet normal 0.659402 0.75179 -0
    outer loop
      vertex 11.3234 28.8234 3
      vertex 10.8612 29.2288 9
      vertex 11.3234 28.8234 9
    endloop
  endfacet
  facet normal 0.659402 0.75179 0
    outer loop
      vertex 10.8612 29.2288 9
      vertex 11.3234 28.8234 3
      vertex 10.8612 29.2288 3
    endloop
  endfacet
  facet normal -0.997859 0.0654016 0
    outer loop
      vertex 3.3 25.5 3
      vertex 3.34021 26.1135 9
      vertex 3.34021 26.1135 3
    endloop
  endfacet
  facet normal -0.997859 0.0654016 0
    outer loop
      vertex 3.34021 26.1135 9
      vertex 3.3 25.5 3
      vertex 3.3 25.5 9
    endloop
  endfacet
  facet normal -0.997859 -0.0654016 0
    outer loop
      vertex 3.34021 24.8865 3
      vertex 3.3 25.5 9
      vertex 3.3 25.5 3
    endloop
  endfacet
  facet normal -0.997859 -0.0654016 0
    outer loop
      vertex 3.3 25.5 9
      vertex 3.34021 24.8865 3
      vertex 3.34021 24.8865 9
    endloop
  endfacet
  facet normal -0.0653886 0.99786 0
    outer loop
      vertex 8 30.2 3
      vertex 7.38653 30.1598 9
      vertex 8 30.2 9
    endloop
  endfacet
  facet normal -0.0653886 0.99786 0
    outer loop
      vertex 7.38653 30.1598 9
      vertex 8 30.2 3
      vertex 7.38653 30.1598 3
    endloop
  endfacet
  facet normal -0.442268 0.896883 0
    outer loop
      vertex 6.20139 29.8422 3
      vertex 5.65 29.5703 9
      vertex 6.20139 29.8422 9
    endloop
  endfacet
  facet normal -0.442268 0.896883 0
    outer loop
      vertex 5.65 29.5703 9
      vertex 6.20139 29.8422 3
      vertex 5.65 29.5703 3
    endloop
  endfacet
  facet normal 0.75179 -0.659402 0
    outer loop
      vertex 11.3234 22.1766 9
      vertex 11.7288 22.6388 3
      vertex 11.7288 22.6388 9
    endloop
  endfacet
  facet normal 0.75179 -0.659402 0
    outer loop
      vertex 11.7288 22.6388 3
      vertex 11.3234 22.1766 9
      vertex 11.3234 22.1766 3
    endloop
  endfacet
  facet normal 0.195027 0.980798 -0
    outer loop
      vertex 9.21645 30.0399 3
      vertex 8.61347 30.1598 9
      vertex 9.21645 30.0399 9
    endloop
  endfacet
  facet normal 0.195027 0.980798 0
    outer loop
      vertex 8.61347 30.1598 9
      vertex 9.21645 30.0399 3
      vertex 8.61347 30.1598 3
    endloop
  endfacet
  facet normal 0.831524 -0.555488 0
    outer loop
      vertex 11.7288 22.6388 9
      vertex 12.0703 23.15 3
      vertex 12.0703 23.15 9
    endloop
  endfacet
  facet normal 0.831524 -0.555488 0
    outer loop
      vertex 12.0703 23.15 3
      vertex 11.7288 22.6388 9
      vertex 11.7288 22.6388 3
    endloop
  endfacet
  facet normal 0.896886 0.442262 0
    outer loop
      vertex 12.3422 27.2986 9
      vertex 12.0703 27.85 3
      vertex 12.0703 27.85 9
    endloop
  endfacet
  facet normal 0.896886 0.442262 0
    outer loop
      vertex 12.0703 27.85 3
      vertex 12.3422 27.2986 9
      vertex 12.3422 27.2986 3
    endloop
  endfacet
  facet normal -0.555503 0.831514 0
    outer loop
      vertex 5.65 29.5703 3
      vertex 5.13882 29.2288 9
      vertex 5.65 29.5703 9
    endloop
  endfacet
  facet normal -0.555503 0.831514 0
    outer loop
      vertex 5.13882 29.2288 9
      vertex 5.65 29.5703 3
      vertex 5.13882 29.2288 3
    endloop
  endfacet
  facet normal -0.831479 0.555556 0
    outer loop
      vertex 3.92968 27.85 3
      vertex 4.27124 28.3612 9
      vertex 4.27124 28.3612 3
    endloop
  endfacet
  facet normal -0.831479 0.555556 0
    outer loop
      vertex 4.27124 28.3612 9
      vertex 3.92968 27.85 3
      vertex 3.92968 27.85 9
    endloop
  endfacet
  facet normal 0.195027 -0.980798 0
    outer loop
      vertex 8.61347 20.8402 3
      vertex 9.21645 20.9601 9
      vertex 8.61347 20.8402 9
    endloop
  endfacet
  facet normal 0.195027 -0.980798 0
    outer loop
      vertex 9.21645 20.9601 9
      vertex 8.61347 20.8402 3
      vertex 9.21645 20.9601 3
    endloop
  endfacet
  facet normal 0.831524 0.555488 0
    outer loop
      vertex 12.0703 27.85 9
      vertex 11.7288 28.3612 3
      vertex 11.7288 28.3612 9
    endloop
  endfacet
  facet normal 0.831524 0.555488 0
    outer loop
      vertex 11.7288 28.3612 3
      vertex 12.0703 27.85 9
      vertex 12.0703 27.85 3
    endloop
  endfacet
  facet normal 0.896886 -0.442262 0
    outer loop
      vertex 12.0703 23.15 9
      vertex 12.3422 23.7014 3
      vertex 12.3422 23.7014 9
    endloop
  endfacet
  facet normal 0.896886 -0.442262 0
    outer loop
      vertex 12.3422 23.7014 3
      vertex 12.0703 23.15 9
      vertex 12.0703 23.15 3
    endloop
  endfacet
  facet normal -0.751822 0.659366 0
    outer loop
      vertex 4.27124 28.3612 3
      vertex 4.6766 28.8234 9
      vertex 4.6766 28.8234 3
    endloop
  endfacet
  facet normal -0.751822 0.659366 0
    outer loop
      vertex 4.6766 28.8234 9
      vertex 4.27124 28.3612 3
      vertex 4.27124 28.3612 9
    endloop
  endfacet
  facet normal -0.659386 0.751804 0
    outer loop
      vertex 5.13882 29.2288 3
      vertex 4.6766 28.8234 9
      vertex 5.13882 29.2288 9
    endloop
  endfacet
  facet normal -0.659386 0.751804 0
    outer loop
      vertex 4.6766 28.8234 9
      vertex 5.13882 29.2288 3
      vertex 4.6766 28.8234 3
    endloop
  endfacet
  facet normal -0.98078 0.195115 0
    outer loop
      vertex 3.34021 26.1135 3
      vertex 3.46015 26.7164 9
      vertex 3.46015 26.7164 3
    endloop
  endfacet
  facet normal -0.98078 0.195115 0
    outer loop
      vertex 3.46015 26.7164 9
      vertex 3.34021 26.1135 3
      vertex 3.34021 26.1135 9
    endloop
  endfacet
  facet normal 0.99786 -0.0653855 0
    outer loop
      vertex 12.6598 24.8865 9
      vertex 12.7 25.5 3
      vertex 12.7 25.5 9
    endloop
  endfacet
  facet normal 0.99786 -0.0653855 0
    outer loop
      vertex 12.7 25.5 3
      vertex 12.6598 24.8865 9
      vertex 12.6598 24.8865 3
    endloop
  endfacet
  facet normal 0.980793 -0.195052 0
    outer loop
      vertex 12.5399 24.2836 9
      vertex 12.6598 24.8865 3
      vertex 12.6598 24.8865 9
    endloop
  endfacet
  facet normal 0.980793 -0.195052 0
    outer loop
      vertex 12.6598 24.8865 3
      vertex 12.5399 24.2836 9
      vertex 12.5399 24.2836 3
    endloop
  endfacet
  facet normal 0.555488 0.831524 -0
    outer loop
      vertex 10.8612 29.2288 3
      vertex 10.35 29.5703 9
      vertex 10.8612 29.2288 9
    endloop
  endfacet
  facet normal 0.555488 0.831524 0
    outer loop
      vertex 10.35 29.5703 9
      vertex 10.8612 29.2288 3
      vertex 10.35 29.5703 3
    endloop
  endfacet
  facet normal 0.0653886 0.99786 -0
    outer loop
      vertex 8.61347 30.1598 3
      vertex 8 30.2 9
      vertex 8.61347 30.1598 9
    endloop
  endfacet
  facet normal 0.0653886 0.99786 0
    outer loop
      vertex 8 30.2 9
      vertex 8.61347 30.1598 3
      vertex 8 30.2 3
    endloop
  endfacet
  facet normal 0.555488 -0.831524 0
    outer loop
      vertex 10.35 21.4297 3
      vertex 10.8612 21.7712 9
      vertex 10.35 21.4297 9
    endloop
  endfacet
  facet normal 0.555488 -0.831524 0
    outer loop
      vertex 10.8612 21.7712 9
      vertex 10.35 21.4297 3
      vertex 10.8612 21.7712 3
    endloop
  endfacet
  facet normal 0 0 1
    outer loop
      vertex 11.5902 25.5 9
      vertex 12.7 25.5 9
      vertex 12.6598 26.1135 9
    endloop
  endfacet
  facet normal 0 0 1
    outer loop
      vertex 11.5579 25.9764 9
      vertex 12.6598 26.1135 9
      vertex 12.5399 26.7164 9
    endloop
  endfacet
  facet normal 0 0 1
    outer loop
      vertex 12.7 25.5 9
      vertex 11.5902 25.5 9
      vertex 12.6598 24.8865 9
    endloop
  endfacet
  facet normal 0 0 1
    outer loop
      vertex 11.4679 26.4292 9
      vertex 12.5399 26.7164 9
      vertex 12.3422 27.2986 9
    endloop
  endfacet
  facet normal -0 0 1
    outer loop
      vertex 11.56 25.0393 9
      vertex 12.6598 24.8865 9
      vertex 11.5902 25.5 9
    endloop
  endfacet
  facet normal 0 0 1
    outer loop
      vertex 11.3169 26.8739 9
      vertex 12.3422 27.2986 9
      vertex 12.0703 27.85 9
    endloop
  endfacet
  facet normal -0 0 1
    outer loop
      vertex 11.5595 25.0314 9
      vertex 12.6598 24.8865 9
      vertex 11.56 25.0393 9
    endloop
  endfacet
  facet normal 0 0 1
    outer loop
      vertex 11.1048 27.3017 9
      vertex 12.0703 27.85 9
      vertex 11.7288 28.3612 9
    endloop
  endfacet
  facet normal -0 0 1
    outer loop
      vertex 11.5579 25.0236 9
      vertex 12.6598 24.8865 9
      vertex 11.5595 25.0314 9
    endloop
  endfacet
  facet normal 0 0 1
    outer loop
      vertex 12.6598 24.8865 9
      vertex 11.5579 25.0236 9
      vertex 12.5399 24.2836 9
    endloop
  endfacet
  facet normal 0 0 1
    outer loop
      vertex 12.6598 26.1135 9
      vertex 11.56 25.9607 9
      vertex 11.5902 25.5 9
    endloop
  endfacet
  facet normal 0 0 1
    outer loop
      vertex 12.6598 26.1135 9
      vertex 11.5595 25.9686 9
      vertex 11.56 25.9607 9
    endloop
  endfacet
  facet normal 0 0 1
    outer loop
      vertex 12.6598 26.1135 9
      vertex 11.5579 25.9764 9
      vertex 11.5595 25.9686 9
    endloop
  endfacet
  facet normal 0 0 1
    outer loop
      vertex 12.5399 26.7164 9
      vertex 11.4679 26.4292 9
      vertex 11.5579 25.9764 9
    endloop
  endfacet
  facet normal 0 0 1
    outer loop
      vertex 10.8431 27.6916 9
      vertex 11.7288 28.3612 9
      vertex 11.3234 28.8234 9
    endloop
  endfacet
  facet normal 0 0 1
    outer loop
      vertex 12.3422 27.2986 9
      vertex 11.3195 26.8664 9
      vertex 11.4679 26.4292 9
    endloop
  endfacet
  facet normal 0 0 1
    outer loop
      vertex 12.3422 27.2986 9
      vertex 11.3169 26.8739 9
      vertex 11.3195 26.8664 9
    endloop
  endfacet
  facet normal 0 0 1
    outer loop
      vertex 12.0703 27.85 9
      vertex 11.1127 27.288 9
      vertex 11.3169 26.8739 9
    endloop
  endfacet
  facet normal 0 0 1
    outer loop
      vertex 12.0703 27.85 9
      vertex 11.1092 27.2951 9
      vertex 11.1127 27.288 9
    endloop
  endfacet
  facet normal 0 0 1
    outer loop
      vertex 12.0703 27.85 9
      vertex 11.1048 27.3017 9
      vertex 11.1092 27.2951 9
    endloop
  endfacet
  facet normal 0 0 1
    outer loop
      vertex 10.5387 28.0387 9
      vertex 11.3234 28.8234 9
      vertex 10.8612 29.2288 9
    endloop
  endfacet
  facet normal 0 0 1
    outer loop
      vertex 11.7288 28.3612 9
      vertex 10.8483 27.6856 9
      vertex 11.1048 27.3017 9
    endloop
  endfacet
  facet normal 0 0 1
    outer loop
      vertex 11.7288 28.3612 9
      vertex 10.8431 27.6916 9
      vertex 10.8483 27.6856 9
    endloop
  endfacet
  facet normal 0 0 1
    outer loop
      vertex 11.3234 28.8234 9
      vertex 10.5387 28.0387 9
      vertex 10.8431 27.6916 9
    endloop
  endfacet
  facet normal 0 0 1
    outer loop
      vertex 10.1856 28.3483 9
      vertex 10.8612 29.2288 9
      vertex 10.35 29.5703 9
    endloop
  endfacet
  facet normal 0 0 1
    outer loop
      vertex 10.8612 29.2288 9
      vertex 10.1916 28.3431 9
      vertex 10.5387 28.0387 9
    endloop
  endfacet
  facet normal 0 0 1
    outer loop
      vertex 10.8612 29.2288 9
      vertex 10.1856 28.3483 9
      vertex 10.1916 28.3431 9
    endloop
  endfacet
  facet normal 0 0 1
    outer loop
      vertex 10.35 29.5703 9
      vertex 9.80171 28.6048 9
      vertex 10.1856 28.3483 9
    endloop
  endfacet
  facet normal 0 0 1
    outer loop
      vertex 9.78797 28.6127 9
      vertex 10.35 29.5703 9
      vertex 9.79861 29.8422 9
    endloop
  endfacet
  facet normal 0 0 1
    outer loop
      vertex 10.35 29.5703 9
      vertex 9.7951 28.6092 9
      vertex 9.80171 28.6048 9
    endloop
  endfacet
  facet normal 0 0 1
    outer loop
      vertex 10.35 29.5703 9
      vertex 9.78797 28.6127 9
      vertex 9.7951 28.6092 9
    endloop
  endfacet
  facet normal 0 0 1
    outer loop
      vertex 9.79861 29.8422 9
      vertex 9.37391 28.8169 9
      vertex 9.78797 28.6127 9
    endloop
  endfacet
  facet normal 0 0 1
    outer loop
      vertex 9.79861 29.8422 9
      vertex 9.36638 28.8195 9
      vertex 9.37391 28.8169 9
    endloop
  endfacet
  facet normal 0 0 1
    outer loop
      vertex 9.21645 30.0399 9
      vertex 9.36638 28.8195 9
      vertex 9.79861 29.8422 9
    endloop
  endfacet
  facet normal 0 0 1
    outer loop
      vertex 9.21645 30.0399 9
      vertex 8.92921 28.9679 9
      vertex 9.36638 28.8195 9
    endloop
  endfacet
  facet normal 0 0 1
    outer loop
      vertex 8.61347 30.1598 9
      vertex 8.92921 28.9679 9
      vertex 9.21645 30.0399 9
    endloop
  endfacet
  facet normal 0 0 1
    outer loop
      vertex 8.61347 30.1598 9
      vertex 8.47641 29.0579 9
      vertex 8.92921 28.9679 9
    endloop
  endfacet
  facet normal 0 0 1
    outer loop
      vertex 8.61347 30.1598 9
      vertex 8.46861 29.0595 9
      vertex 8.47641 29.0579 9
    endloop
  endfacet
  facet normal 0 0 1
    outer loop
      vertex 8.61347 30.1598 9
      vertex 8.46068 29.06 9
      vertex 8.46861 29.0595 9
    endloop
  endfacet
  facet normal 0 0 1
    outer loop
      vertex 8 30.2 9
      vertex 8.46068 29.06 9
      vertex 8.61347 30.1598 9
    endloop
  endfacet
  facet normal 0 0 1
    outer loop
      vertex 8 30.2 9
      vertex 8 29.0902 9
      vertex 8.46068 29.06 9
    endloop
  endfacet
  facet normal 0 0 1
    outer loop
      vertex 8 30.2 9
      vertex 7.53932 29.06 9
      vertex 8 29.0902 9
    endloop
  endfacet
  facet normal -0 0 1
    outer loop
      vertex 7.38653 30.1598 9
      vertex 7.53932 29.06 9
      vertex 8 30.2 9
    endloop
  endfacet
  facet normal 0 0 1
    outer loop
      vertex 7.53932 29.06 9
      vertex 7.38653 30.1598 9
      vertex 7.53139 29.0595 9
    endloop
  endfacet
  facet normal 0 0 1
    outer loop
      vertex 7.53139 29.0595 9
      vertex 7.38653 30.1598 9
      vertex 7.52359 29.0579 9
    endloop
  endfacet
  facet normal 0 0 1
    outer loop
      vertex 7.38653 30.1598 9
      vertex 7.07079 28.9679 9
      vertex 7.52359 29.0579 9
    endloop
  endfacet
  facet normal -0 0 1
    outer loop
      vertex 6.78355 30.0399 9
      vertex 7.07079 28.9679 9
      vertex 7.38653 30.1598 9
    endloop
  endfacet
  facet normal 0 0 1
    outer loop
      vertex 6.78355 30.0399 9
      vertex 6.63362 28.8195 9
      vertex 7.07079 28.9679 9
    endloop
  endfacet
  facet normal -0 0 1
    outer loop
      vertex 6.20139 29.8422 9
      vertex 6.63362 28.8195 9
      vertex 6.78355 30.0399 9
    endloop
  endfacet
  facet normal 0 0 1
    outer loop
      vertex 6.63362 28.8195 9
      vertex 6.20139 29.8422 9
      vertex 6.62609 28.8169 9
    endloop
  endfacet
  facet normal 0 0 1
    outer loop
      vertex 6.62609 28.8169 9
      vertex 6.20139 29.8422 9
      vertex 6.21203 28.6127 9
    endloop
  endfacet
  facet normal -0 0 1
    outer loop
      vertex 5.65 29.5703 9
      vertex 6.21203 28.6127 9
      vertex 6.20139 29.8422 9
    endloop
  endfacet
  facet normal 0 0 1
    outer loop
      vertex 6.21203 28.6127 9
      vertex 5.65 29.5703 9
      vertex 6.2049 28.6092 9
    endloop
  endfacet
  facet normal 0 0 1
    outer loop
      vertex 6.2049 28.6092 9
      vertex 5.65 29.5703 9
      vertex 6.19829 28.6048 9
    endloop
  endfacet
  facet normal 0 0 1
    outer loop
      vertex 6.19829 28.6048 9
      vertex 5.65 29.5703 9
      vertex 5.81443 28.3483 9
    endloop
  endfacet
  facet normal -0 0 1
    outer loop
      vertex 5.13882 29.2288 9
      vertex 5.81443 28.3483 9
      vertex 5.65 29.5703 9
    endloop
  endfacet
  facet normal 0 0 1
    outer loop
      vertex 5.81443 28.3483 9
      vertex 5.13882 29.2288 9
      vertex 5.80845 28.3431 9
    endloop
  endfacet
  facet normal 0 0 1
    outer loop
      vertex 5.80845 28.3431 9
      vertex 5.13882 29.2288 9
      vertex 5.46135 28.0387 9
    endloop
  endfacet
  facet normal -0 0 1
    outer loop
      vertex 4.6766 28.8234 9
      vertex 5.46135 28.0387 9
      vertex 5.13882 29.2288 9
    endloop
  endfacet
  facet normal 0 0 1
    outer loop
      vertex 5.46135 28.0387 9
      vertex 4.6766 28.8234 9
      vertex 5.15695 27.6916 9
    endloop
  endfacet
  facet normal -0 0 1
    outer loop
      vertex 4.27124 28.3612 9
      vertex 5.15695 27.6916 9
      vertex 4.6766 28.8234 9
    endloop
  endfacet
  facet normal 0 0 1
    outer loop
      vertex 5.15695 27.6916 9
      vertex 4.27124 28.3612 9
      vertex 5.15171 27.6856 9
    endloop
  endfacet
  facet normal 0 0 1
    outer loop
      vertex 5.15171 27.6856 9
      vertex 4.27124 28.3612 9
      vertex 4.89522 27.3017 9
    endloop
  endfacet
  facet normal -0 0 1
    outer loop
      vertex 3.92968 27.85 9
      vertex 4.89522 27.3017 9
      vertex 4.27124 28.3612 9
    endloop
  endfacet
  facet normal 0 0 1
    outer loop
      vertex 4.89522 27.3017 9
      vertex 3.92968 27.85 9
      vertex 4.8908 27.2951 9
    endloop
  endfacet
  facet normal 0 0 1
    outer loop
      vertex 4.8908 27.2951 9
      vertex 3.92968 27.85 9
      vertex 4.88728 27.288 9
    endloop
  endfacet
  facet normal 0 0 1
    outer loop
      vertex 4.88728 27.288 9
      vertex 3.92968 27.85 9
      vertex 4.68309 26.8739 9
    endloop
  endfacet
  facet normal -0 0 1
    outer loop
      vertex 3.65777 27.2986 9
      vertex 4.68309 26.8739 9
      vertex 3.92968 27.85 9
    endloop
  endfacet
  facet normal 0 0 1
    outer loop
      vertex 4.68309 26.8739 9
      vertex 3.65777 27.2986 9
      vertex 4.68054 26.8664 9
    endloop
  endfacet
  facet normal 0 0 1
    outer loop
      vertex 3.34021 26.1135 9
      vertex 4.44 25.9607 9
      vertex 4.44052 25.9686 9
    endloop
  endfacet
  facet normal -0 0 1
    outer loop
      vertex 3.46015 26.7164 9
      vertex 4.53214 26.4292 9
      vertex 3.65777 27.2986 9
    endloop
  endfacet
  facet normal 0 0 1
    outer loop
      vertex 4.68054 26.8664 9
      vertex 3.65777 27.2986 9
      vertex 4.53214 26.4292 9
    endloop
  endfacet
  facet normal -0 0 1
    outer loop
      vertex 11.4679 24.5708 9
      vertex 12.5399 24.2836 9
      vertex 11.5579 25.0236 9
    endloop
  endfacet
  facet normal 0 0 1
    outer loop
      vertex 12.5399 24.2836 9
      vertex 11.4679 24.5708 9
      vertex 12.3422 23.7014 9
    endloop
  endfacet
  facet normal -0 0 1
    outer loop
      vertex 11.3195 24.1336 9
      vertex 12.3422 23.7014 9
      vertex 11.4679 24.5708 9
    endloop
  endfacet
  facet normal -0 0 1
    outer loop
      vertex 11.3169 24.1261 9
      vertex 12.3422 23.7014 9
      vertex 11.3195 24.1336 9
    endloop
  endfacet
  facet normal 0 0 1
    outer loop
      vertex 12.3422 23.7014 9
      vertex 11.3169 24.1261 9
      vertex 12.0703 23.15 9
    endloop
  endfacet
  facet normal -0 0 1
    outer loop
      vertex 11.1127 23.712 9
      vertex 12.0703 23.15 9
      vertex 11.3169 24.1261 9
    endloop
  endfacet
  facet normal -0 0 1
    outer loop
      vertex 11.1092 23.7049 9
      vertex 12.0703 23.15 9
      vertex 11.1127 23.712 9
    endloop
  endfacet
  facet normal -0 0 1
    outer loop
      vertex 11.1048 23.6983 9
      vertex 12.0703 23.15 9
      vertex 11.1092 23.7049 9
    endloop
  endfacet
  facet normal 0 0 1
    outer loop
      vertex 12.0703 23.15 9
      vertex 11.1048 23.6983 9
      vertex 11.7288 22.6388 9
    endloop
  endfacet
  facet normal -0 0 1
    outer loop
      vertex 10.8483 23.3144 9
      vertex 11.7288 22.6388 9
      vertex 11.1048 23.6983 9
    endloop
  endfacet
  facet normal -0 0 1
    outer loop
      vertex 10.8431 23.3084 9
      vertex 11.7288 22.6388 9
      vertex 10.8483 23.3144 9
    endloop
  endfacet
  facet normal 0 0 1
    outer loop
      vertex 11.7288 22.6388 9
      vertex 10.8431 23.3084 9
      vertex 11.3234 22.1766 9
    endloop
  endfacet
  facet normal -0 0 1
    outer loop
      vertex 10.5387 22.9613 9
      vertex 11.3234 22.1766 9
      vertex 10.8431 23.3084 9
    endloop
  endfacet
  facet normal 0 0 1
    outer loop
      vertex 11.3234 22.1766 9
      vertex 10.5387 22.9613 9
      vertex 10.8612 21.7712 9
    endloop
  endfacet
  facet normal -0 0 1
    outer loop
      vertex 10.1916 22.6569 9
      vertex 10.8612 21.7712 9
      vertex 10.5387 22.9613 9
    endloop
  endfacet
  facet normal -0 0 1
    outer loop
      vertex 10.1856 22.6517 9
      vertex 10.8612 21.7712 9
      vertex 10.1916 22.6569 9
    endloop
  endfacet
  facet normal 0 0 1
    outer loop
      vertex 10.8612 21.7712 9
      vertex 10.1856 22.6517 9
      vertex 10.35 21.4297 9
    endloop
  endfacet
  facet normal -0 0 1
    outer loop
      vertex 9.80171 22.3952 9
      vertex 10.35 21.4297 9
      vertex 10.1856 22.6517 9
    endloop
  endfacet
  facet normal -0 0 1
    outer loop
      vertex 9.7951 22.3908 9
      vertex 10.35 21.4297 9
      vertex 9.80171 22.3952 9
    endloop
  endfacet
  facet normal -0 0 1
    outer loop
      vertex 9.78797 22.3873 9
      vertex 10.35 21.4297 9
      vertex 9.7951 22.3908 9
    endloop
  endfacet
  facet normal 0 0 1
    outer loop
      vertex 10.35 21.4297 9
      vertex 9.78797 22.3873 9
      vertex 9.79861 21.1578 9
    endloop
  endfacet
  facet normal -0 0 1
    outer loop
      vertex 9.37391 22.1831 9
      vertex 9.79861 21.1578 9
      vertex 9.78797 22.3873 9
    endloop
  endfacet
  facet normal -0 0 1
    outer loop
      vertex 9.36638 22.1805 9
      vertex 9.79861 21.1578 9
      vertex 9.37391 22.1831 9
    endloop
  endfacet
  facet normal 0 0 1
    outer loop
      vertex 9.36638 22.1805 9
      vertex 9.21645 20.9601 9
      vertex 9.79861 21.1578 9
    endloop
  endfacet
  facet normal -0 0 1
    outer loop
      vertex 8.92921 22.0321 9
      vertex 9.21645 20.9601 9
      vertex 9.36638 22.1805 9
    endloop
  endfacet
  facet normal 0 0 1
    outer loop
      vertex 8.92921 22.0321 9
      vertex 8.61347 20.8402 9
      vertex 9.21645 20.9601 9
    endloop
  endfacet
  facet normal -0 0 1
    outer loop
      vertex 8.47641 21.9421 9
      vertex 8.61347 20.8402 9
      vertex 8.92921 22.0321 9
    endloop
  endfacet
  facet normal -0 0 1
    outer loop
      vertex 8.46861 21.9405 9
      vertex 8.61347 20.8402 9
      vertex 8.47641 21.9421 9
    endloop
  endfacet
  facet normal -0 0 1
    outer loop
      vertex 8.46068 21.94 9
      vertex 8.61347 20.8402 9
      vertex 8.46861 21.9405 9
    endloop
  endfacet
  facet normal -0 0 1
    outer loop
      vertex 8 21.9098 9
      vertex 8.61347 20.8402 9
      vertex 8.46068 21.94 9
    endloop
  endfacet
  facet normal 0 0 1
    outer loop
      vertex 8 21.9098 9
      vertex 8 20.8 9
      vertex 8.61347 20.8402 9
    endloop
  endfacet
  facet normal 0 0 1
    outer loop
      vertex 7.53932 21.94 9
      vertex 8 20.8 9
      vertex 8 21.9098 9
    endloop
  endfacet
  facet normal 0 0 1
    outer loop
      vertex 7.38653 20.8402 9
      vertex 7.53932 21.94 9
      vertex 7.53139 21.9405 9
    endloop
  endfacet
  facet normal 0 0 1
    outer loop
      vertex 7.38653 20.8402 9
      vertex 7.53139 21.9405 9
      vertex 7.52359 21.9421 9
    endloop
  endfacet
  facet normal 0 0 1
    outer loop
      vertex 7.53932 21.94 9
      vertex 7.38653 20.8402 9
      vertex 8 20.8 9
    endloop
  endfacet
  facet normal 0 0 1
    outer loop
      vertex 7.07079 22.0321 9
      vertex 7.38653 20.8402 9
      vertex 7.52359 21.9421 9
    endloop
  endfacet
  facet normal 0 0 1
    outer loop
      vertex 7.07079 22.0321 9
      vertex 6.78355 20.9601 9
      vertex 7.38653 20.8402 9
    endloop
  endfacet
  facet normal 0 0 1
    outer loop
      vertex 6.63362 22.1805 9
      vertex 6.78355 20.9601 9
      vertex 7.07079 22.0321 9
    endloop
  endfacet
  facet normal 0 0 1
    outer loop
      vertex 6.20139 21.1578 9
      vertex 6.63362 22.1805 9
      vertex 6.62609 22.1831 9
    endloop
  endfacet
  facet normal 0 0 1
    outer loop
      vertex 6.20139 21.1578 9
      vertex 6.62609 22.1831 9
      vertex 6.21203 22.3873 9
    endloop
  endfacet
  facet normal 0 0 1
    outer loop
      vertex 5.65 21.4297 9
      vertex 6.21203 22.3873 9
      vertex 6.2049 22.3908 9
    endloop
  endfacet
  facet normal 0 0 1
    outer loop
      vertex 6.63362 22.1805 9
      vertex 6.20139 21.1578 9
      vertex 6.78355 20.9601 9
    endloop
  endfacet
  facet normal 0 0 1
    outer loop
      vertex 5.65 21.4297 9
      vertex 6.2049 22.3908 9
      vertex 6.19829 22.3952 9
    endloop
  endfacet
  facet normal 0 0 1
    outer loop
      vertex 5.65 21.4297 9
      vertex 6.19829 22.3952 9
      vertex 5.81443 22.6517 9
    endloop
  endfacet
  facet normal 0 0 1
    outer loop
      vertex 5.13882 21.7712 9
      vertex 5.81443 22.6517 9
      vertex 5.80845 22.6569 9
    endloop
  endfacet
  facet normal 0 0 1
    outer loop
      vertex 6.21203 22.3873 9
      vertex 5.65 21.4297 9
      vertex 6.20139 21.1578 9
    endloop
  endfacet
  facet normal 0 0 1
    outer loop
      vertex 5.13882 21.7712 9
      vertex 5.80845 22.6569 9
      vertex 5.46135 22.9613 9
    endloop
  endfacet
  facet normal 0 0 1
    outer loop
      vertex 4.6766 22.1766 9
      vertex 5.46135 22.9613 9
      vertex 5.15695 23.3084 9
    endloop
  endfacet
  facet normal 0 0 1
    outer loop
      vertex 4.27124 22.6388 9
      vertex 5.15695 23.3084 9
      vertex 5.15171 23.3144 9
    endloop
  endfacet
  facet normal 0 0 1
    outer loop
      vertex 5.81443 22.6517 9
      vertex 5.13882 21.7712 9
      vertex 5.65 21.4297 9
    endloop
  endfacet
  facet normal 0 0 1
    outer loop
      vertex 4.27124 22.6388 9
      vertex 5.15171 23.3144 9
      vertex 4.89522 23.6983 9
    endloop
  endfacet
  facet normal 0 0 1
    outer loop
      vertex 3.92968 23.15 9
      vertex 4.89522 23.6983 9
      vertex 4.8908 23.7049 9
    endloop
  endfacet
  facet normal 0 0 1
    outer loop
      vertex 3.92968 23.15 9
      vertex 4.8908 23.7049 9
      vertex 4.88728 23.712 9
    endloop
  endfacet
  facet normal 0 0 1
    outer loop
      vertex 3.92968 23.15 9
      vertex 4.88728 23.712 9
      vertex 4.68309 24.1261 9
    endloop
  endfacet
  facet normal 0 0 1
    outer loop
      vertex 3.65777 23.7014 9
      vertex 4.68309 24.1261 9
      vertex 4.68054 24.1336 9
    endloop
  endfacet
  facet normal 0 0 1
    outer loop
      vertex 5.46135 22.9613 9
      vertex 4.6766 22.1766 9
      vertex 5.13882 21.7712 9
    endloop
  endfacet
  facet normal 0 0 1
    outer loop
      vertex 3.65777 23.7014 9
      vertex 4.68054 24.1336 9
      vertex 4.53214 24.5708 9
    endloop
  endfacet
  facet normal 0 0 1
    outer loop
      vertex 3.46015 24.2836 9
      vertex 4.53214 24.5708 9
      vertex 4.44207 25.0236 9
    endloop
  endfacet
  facet normal 0 0 1
    outer loop
      vertex 3.34021 24.8865 9
      vertex 4.44207 25.0236 9
      vertex 4.44052 25.0314 9
    endloop
  endfacet
  facet normal 0 0 1
    outer loop
      vertex 3.34021 24.8865 9
      vertex 4.44 25.0393 9
      vertex 4.4098 25.5 9
    endloop
  endfacet
  facet normal 0 0 1
    outer loop
      vertex 5.15695 23.3084 9
      vertex 4.27124 22.6388 9
      vertex 4.6766 22.1766 9
    endloop
  endfacet
  facet normal 0 0 1
    outer loop
      vertex 4.44 25.0393 9
      vertex 3.34021 24.8865 9
      vertex 4.44052 25.0314 9
    endloop
  endfacet
  facet normal 0 0 1
    outer loop
      vertex 4.53214 26.4292 9
      vertex 3.46015 26.7164 9
      vertex 4.44207 25.9764 9
    endloop
  endfacet
  facet normal -0 0 1
    outer loop
      vertex 3.34021 26.1135 9
      vertex 4.44207 25.9764 9
      vertex 3.46015 26.7164 9
    endloop
  endfacet
  facet normal 0 0 1
    outer loop
      vertex 4.89522 23.6983 9
      vertex 3.92968 23.15 9
      vertex 4.27124 22.6388 9
    endloop
  endfacet
  facet normal 0 0 1
    outer loop
      vertex 4.44207 25.9764 9
      vertex 3.34021 26.1135 9
      vertex 4.44052 25.9686 9
    endloop
  endfacet
  facet normal 0 0 1
    outer loop
      vertex 4.68309 24.1261 9
      vertex 3.65777 23.7014 9
      vertex 3.92968 23.15 9
    endloop
  endfacet
  facet normal 0 0 1
    outer loop
      vertex 4.44 25.9607 9
      vertex 3.34021 26.1135 9
      vertex 4.4098 25.5 9
    endloop
  endfacet
  facet normal 0 0 1
    outer loop
      vertex 4.53214 24.5708 9
      vertex 3.46015 24.2836 9
      vertex 3.65777 23.7014 9
    endloop
  endfacet
  facet normal 0 0 1
    outer loop
      vertex 3.3 25.5 9
      vertex 4.4098 25.5 9
      vertex 3.34021 26.1135 9
    endloop
  endfacet
  facet normal 0 0 1
    outer loop
      vertex 4.44207 25.0236 9
      vertex 3.34021 24.8865 9
      vertex 3.46015 24.2836 9
    endloop
  endfacet
  facet normal 0 0 1
    outer loop
      vertex 4.4098 25.5 9
      vertex 3.3 25.5 9
      vertex 3.34021 24.8865 9
    endloop
  endfacet
  facet normal 0.659402 -0.75179 0
    outer loop
      vertex 10.8612 21.7712 3
      vertex 11.3234 22.1766 9
      vertex 10.8612 21.7712 9
    endloop
  endfacet
  facet normal 0.659402 -0.75179 0
    outer loop
      vertex 11.3234 22.1766 9
      vertex 10.8612 21.7712 3
      vertex 11.3234 22.1766 3
    endloop
  endfacet
  facet normal -0.195027 0.980798 0
    outer loop
      vertex 7.38653 30.1598 3
      vertex 6.78355 30.0399 9
      vertex 7.38653 30.1598 9
    endloop
  endfacet
  facet normal -0.195027 0.980798 0
    outer loop
      vertex 6.78355 30.0399 9
      vertex 7.38653 30.1598 3
      vertex 6.78355 30.0399 3
    endloop
  endfacet
  facet normal -0.442268 -0.896883 0
    outer loop
      vertex 5.65 21.4297 3
      vertex 6.20139 21.1578 9
      vertex 5.65 21.4297 9
    endloop
  endfacet
  facet normal -0.442268 -0.896883 -0
    outer loop
      vertex 6.20139 21.1578 9
      vertex 5.65 21.4297 3
      vertex 6.20139 21.1578 3
    endloop
  endfacet
  facet normal 0.321561 -0.946889 0
    outer loop
      vertex 9.21645 20.9601 3
      vertex 9.79861 21.1578 9
      vertex 9.21645 20.9601 9
    endloop
  endfacet
  facet normal 0.321561 -0.946889 0
    outer loop
      vertex 9.79861 21.1578 9
      vertex 9.21645 20.9601 3
      vertex 9.79861 21.1578 3
    endloop
  endfacet
  facet normal -0.896879 -0.442275 0
    outer loop
      vertex 3.92968 23.15 3
      vertex 3.65777 23.7014 9
      vertex 3.65777 23.7014 3
    endloop
  endfacet
  facet normal -0.896879 -0.442275 0
    outer loop
      vertex 3.65777 23.7014 9
      vertex 3.92968 23.15 3
      vertex 3.92968 23.15 9
    endloop
  endfacet
  facet normal 0.442268 -0.896883 0
    outer loop
      vertex 9.79861 21.1578 3
      vertex 10.35 21.4297 9
      vertex 9.79861 21.1578 9
    endloop
  endfacet
  facet normal 0.442268 -0.896883 0
    outer loop
      vertex 10.35 21.4297 9
      vertex 9.79861 21.1578 3
      vertex 10.35 21.4297 3
    endloop
  endfacet
  facet normal 0.0653886 -0.99786 0
    outer loop
      vertex 8 20.8 3
      vertex 8.61347 20.8402 9
      vertex 8 20.8 9
    endloop
  endfacet
  facet normal 0.0653886 -0.99786 0
    outer loop
      vertex 8.61347 20.8402 9
      vertex 8 20.8 3
      vertex 8.61347 20.8402 3
    endloop
  endfacet
  facet normal -0.195027 -0.980798 0
    outer loop
      vertex 6.78355 20.9601 3
      vertex 7.38653 20.8402 9
      vertex 6.78355 20.9601 9
    endloop
  endfacet
  facet normal -0.195027 -0.980798 -0
    outer loop
      vertex 7.38653 20.8402 9
      vertex 6.78355 20.9601 3
      vertex 7.38653 20.8402 3
    endloop
  endfacet
  facet normal -0.946935 -0.321424 0
    outer loop
      vertex 3.65777 23.7014 3
      vertex 3.46015 24.2836 9
      vertex 3.46015 24.2836 3
    endloop
  endfacet
  facet normal -0.946935 -0.321424 0
    outer loop
      vertex 3.46015 24.2836 9
      vertex 3.65777 23.7014 3
      vertex 3.65777 23.7014 9
    endloop
  endfacet
  facet normal 0.321561 0.946889 -0
    outer loop
      vertex 9.79861 29.8422 3
      vertex 9.21645 30.0399 9
      vertex 9.79861 29.8422 9
    endloop
  endfacet
  facet normal 0.321561 0.946889 0
    outer loop
      vertex 9.21645 30.0399 9
      vertex 9.79861 29.8422 3
      vertex 9.21645 30.0399 3
    endloop
  endfacet
  facet normal -0.946935 0.321424 0
    outer loop
      vertex 3.46015 26.7164 3
      vertex 3.65777 27.2986 9
      vertex 3.65777 27.2986 3
    endloop
  endfacet
  facet normal -0.946935 0.321424 0
    outer loop
      vertex 3.65777 27.2986 9
      vertex 3.46015 26.7164 3
      vertex 3.46015 26.7164 9
    endloop
  endfacet
  facet normal 0.75179 0.659402 0
    outer loop
      vertex 11.7288 28.3612 9
      vertex 11.3234 28.8234 3
      vertex 11.3234 28.8234 9
    endloop
  endfacet
  facet normal 0.75179 0.659402 0
    outer loop
      vertex 11.3234 28.8234 3
      vertex 11.7288 28.3612 9
      vertex 11.7288 28.3612 3
    endloop
  endfacet
  facet normal -0.321561 -0.946889 0
    outer loop
      vertex 6.20139 21.1578 3
      vertex 6.78355 20.9601 9
      vertex 6.20139 21.1578 9
    endloop
  endfacet
  facet normal -0.321561 -0.946889 -0
    outer loop
      vertex 6.78355 20.9601 9
      vertex 6.20139 21.1578 3
      vertex 6.78355 20.9601 3
    endloop
  endfacet
  facet normal 0.946896 0.321541 0
    outer loop
      vertex 12.5399 26.7164 9
      vertex 12.3422 27.2986 3
      vertex 12.3422 27.2986 9
    endloop
  endfacet
  facet normal 0.946896 0.321541 0
    outer loop
      vertex 12.3422 27.2986 3
      vertex 12.5399 26.7164 9
      vertex 12.5399 26.7164 3
    endloop
  endfacet
  facet normal -0.321561 0.946889 0
    outer loop
      vertex 6.78355 30.0399 3
      vertex 6.20139 29.8422 9
      vertex 6.78355 30.0399 9
    endloop
  endfacet
  facet normal -0.321561 0.946889 0
    outer loop
      vertex 6.20139 29.8422 9
      vertex 6.78355 30.0399 3
      vertex 6.20139 29.8422 3
    endloop
  endfacet
  facet normal -0.831479 -0.555556 0
    outer loop
      vertex 4.27124 22.6388 3
      vertex 3.92968 23.15 9
      vertex 3.92968 23.15 3
    endloop
  endfacet
  facet normal -0.831479 -0.555556 0
    outer loop
      vertex 3.92968 23.15 9
      vertex 4.27124 22.6388 3
      vertex 4.27124 22.6388 9
    endloop
  endfacet
  facet normal -0.751822 -0.659366 0
    outer loop
      vertex 4.6766 22.1766 3
      vertex 4.27124 22.6388 9
      vertex 4.27124 22.6388 3
    endloop
  endfacet
  facet normal -0.751822 -0.659366 0
    outer loop
      vertex 4.27124 22.6388 9
      vertex 4.6766 22.1766 3
      vertex 4.6766 22.1766 9
    endloop
  endfacet
  facet normal -0.98078 -0.195115 0
    outer loop
      vertex 3.46015 24.2836 3
      vertex 3.34021 24.8865 9
      vertex 3.34021 24.8865 3
    endloop
  endfacet
  facet normal -0.98078 -0.195115 0
    outer loop
      vertex 3.34021 24.8865 9
      vertex 3.46015 24.2836 3
      vertex 3.46015 24.2836 9
    endloop
  endfacet
  facet normal -0.0653886 -0.99786 0
    outer loop
      vertex 7.38653 20.8402 3
      vertex 8 20.8 9
      vertex 7.38653 20.8402 9
    endloop
  endfacet
  facet normal -0.0653886 -0.99786 -0
    outer loop
      vertex 8 20.8 9
      vertex 7.38653 20.8402 3
      vertex 8 20.8 3
    endloop
  endfacet
  facet normal -0.555503 -0.831514 0
    outer loop
      vertex 5.13882 21.7712 3
      vertex 5.65 21.4297 9
      vertex 5.13882 21.7712 9
    endloop
  endfacet
  facet normal -0.555503 -0.831514 -0
    outer loop
      vertex 5.65 21.4297 9
      vertex 5.13882 21.7712 3
      vertex 5.65 21.4297 3
    endloop
  endfacet
  facet normal -0.896879 0.442275 0
    outer loop
      vertex 3.65777 27.2986 3
      vertex 3.92968 27.85 9
      vertex 3.92968 27.85 3
    endloop
  endfacet
  facet normal -0.896879 0.442275 0
    outer loop
      vertex 3.92968 27.85 9
      vertex 3.65777 27.2986 3
      vertex 3.65777 27.2986 9
    endloop
  endfacet
  facet normal -0.659386 -0.751804 0
    outer loop
      vertex 4.6766 22.1766 3
      vertex 5.13882 21.7712 9
      vertex 4.6766 22.1766 9
    endloop
  endfacet
  facet normal -0.659386 -0.751804 -0
    outer loop
      vertex 5.13882 21.7712 9
      vertex 4.6766 22.1766 3
      vertex 5.13882 21.7712 3
    endloop
  endfacet
  facet normal -0.659386 0.751804 0
    outer loop
      vertex 5.13882 78.2288 3
      vertex 4.6766 77.8234 9
      vertex 5.13882 78.2288 9
    endloop
  endfacet
  facet normal -0.659386 0.751804 0
    outer loop
      vertex 4.6766 77.8234 9
      vertex 5.13882 78.2288 3
      vertex 4.6766 77.8234 3
    endloop
  endfacet
  facet normal 0.659402 0.75179 -0
    outer loop
      vertex 11.3234 77.8234 3
      vertex 10.8612 78.2288 9
      vertex 11.3234 77.8234 9
    endloop
  endfacet
  facet normal 0.659402 0.75179 0
    outer loop
      vertex 10.8612 78.2288 9
      vertex 11.3234 77.8234 3
      vertex 10.8612 78.2288 3
    endloop
  endfacet
  facet normal 0.659402 -0.75179 0
    outer loop
      vertex 10.8612 70.7712 3
      vertex 11.3234 71.1766 9
      vertex 10.8612 70.7712 9
    endloop
  endfacet
  facet normal 0.659402 -0.75179 0
    outer loop
      vertex 11.3234 71.1766 9
      vertex 10.8612 70.7712 3
      vertex 11.3234 71.1766 3
    endloop
  endfacet
  facet normal -0.442268 -0.896883 0
    outer loop
      vertex 5.65 70.4297 3
      vertex 6.20139 70.1578 9
      vertex 5.65 70.4297 9
    endloop
  endfacet
  facet normal -0.442268 -0.896883 -0
    outer loop
      vertex 6.20139 70.1578 9
      vertex 5.65 70.4297 3
      vertex 6.20139 70.1578 3
    endloop
  endfacet
  facet normal -0.896879 -0.442275 0
    outer loop
      vertex 3.92968 72.15 3
      vertex 3.65777 72.7014 9
      vertex 3.65777 72.7014 3
    endloop
  endfacet
  facet normal -0.896879 -0.442275 0
    outer loop
      vertex 3.65777 72.7014 9
      vertex 3.92968 72.15 3
      vertex 3.92968 72.15 9
    endloop
  endfacet
  facet normal -0.997859 -0.0654016 0
    outer loop
      vertex 3.34021 73.8865 3
      vertex 3.3 74.5 9
      vertex 3.3 74.5 3
    endloop
  endfacet
  facet normal -0.997859 -0.0654016 0
    outer loop
      vertex 3.3 74.5 9
      vertex 3.34021 73.8865 3
      vertex 3.34021 73.8865 9
    endloop
  endfacet
  facet normal -0.321415 0.946938 0
    outer loop
      vertex 6.78355 79.0398 3
      vertex 6.20139 78.8422 9
      vertex 6.78355 79.0398 9
    endloop
  endfacet
  facet normal -0.321415 0.946938 0
    outer loop
      vertex 6.20139 78.8422 9
      vertex 6.78355 79.0398 3
      vertex 6.20139 78.8422 3
    endloop
  endfacet
  facet normal -0.659386 -0.751804 0
    outer loop
      vertex 4.6766 71.1766 3
      vertex 5.13882 70.7712 9
      vertex 4.6766 71.1766 9
    endloop
  endfacet
  facet normal -0.659386 -0.751804 -0
    outer loop
      vertex 5.13882 70.7712 9
      vertex 4.6766 71.1766 3
      vertex 5.13882 70.7712 3
    endloop
  endfacet
  facet normal 0.0653886 0.99786 -0
    outer loop
      vertex 8.61347 79.1598 3
      vertex 8 79.2 9
      vertex 8.61347 79.1598 9
    endloop
  endfacet
  facet normal 0.0653886 0.99786 0
    outer loop
      vertex 8 79.2 9
      vertex 8.61347 79.1598 3
      vertex 8 79.2 3
    endloop
  endfacet
  facet normal 0.99786 0.0653855 0
    outer loop
      vertex 12.7 74.5 9
      vertex 12.6598 75.1135 3
      vertex 12.6598 75.1135 9
    endloop
  endfacet
  facet normal 0.99786 0.0653855 0
    outer loop
      vertex 12.6598 75.1135 3
      vertex 12.7 74.5 9
      vertex 12.7 74.5 3
    endloop
  endfacet
  facet normal -0.751822 0.659366 0
    outer loop
      vertex 4.27124 77.3612 3
      vertex 4.6766 77.8234 9
      vertex 4.6766 77.8234 3
    endloop
  endfacet
  facet normal -0.751822 0.659366 0
    outer loop
      vertex 4.6766 77.8234 9
      vertex 4.27124 77.3612 3
      vertex 4.27124 77.3612 9
    endloop
  endfacet
  facet normal 0.831524 0.555488 0
    outer loop
      vertex 12.0703 76.85 9
      vertex 11.7288 77.3612 3
      vertex 11.7288 77.3612 9
    endloop
  endfacet
  facet normal 0.831524 0.555488 0
    outer loop
      vertex 11.7288 77.3612 3
      vertex 12.0703 76.85 9
      vertex 12.0703 76.85 3
    endloop
  endfacet
  facet normal -0.946935 0.321424 0
    outer loop
      vertex 3.46015 75.7164 3
      vertex 3.65777 76.2986 9
      vertex 3.65777 76.2986 3
    endloop
  endfacet
  facet normal -0.946935 0.321424 0
    outer loop
      vertex 3.65777 76.2986 9
      vertex 3.46015 75.7164 3
      vertex 3.46015 75.7164 9
    endloop
  endfacet
  facet normal -0.195184 0.980767 0
    outer loop
      vertex 7.38653 79.1598 3
      vertex 6.78355 79.0398 9
      vertex 7.38653 79.1598 9
    endloop
  endfacet
  facet normal -0.195184 0.980767 0
    outer loop
      vertex 6.78355 79.0398 9
      vertex 7.38653 79.1598 3
      vertex 6.78355 79.0398 3
    endloop
  endfacet
  facet normal 0.980793 0.195052 0
    outer loop
      vertex 12.6598 75.1135 9
      vertex 12.5399 75.7164 3
      vertex 12.5399 75.7164 9
    endloop
  endfacet
  facet normal 0.980793 0.195052 0
    outer loop
      vertex 12.5399 75.7164 3
      vertex 12.6598 75.1135 9
      vertex 12.6598 75.1135 3
    endloop
  endfacet
  facet normal -0.442268 0.896883 0
    outer loop
      vertex 6.20139 78.8422 3
      vertex 5.65 78.5703 9
      vertex 6.20139 78.8422 9
    endloop
  endfacet
  facet normal -0.442268 0.896883 0
    outer loop
      vertex 5.65 78.5703 9
      vertex 6.20139 78.8422 3
      vertex 5.65 78.5703 3
    endloop
  endfacet
  facet normal 0.555488 0.831524 -0
    outer loop
      vertex 10.8612 78.2288 3
      vertex 10.35 78.5703 9
      vertex 10.8612 78.2288 9
    endloop
  endfacet
  facet normal 0.555488 0.831524 0
    outer loop
      vertex 10.35 78.5703 9
      vertex 10.8612 78.2288 3
      vertex 10.35 78.5703 3
    endloop
  endfacet
  facet normal 0.75179 0.659402 0
    outer loop
      vertex 11.7288 77.3612 9
      vertex 11.3234 77.8234 3
      vertex 11.3234 77.8234 9
    endloop
  endfacet
  facet normal 0.75179 0.659402 0
    outer loop
      vertex 11.3234 77.8234 3
      vertex 11.7288 77.3612 9
      vertex 11.7288 77.3612 3
    endloop
  endfacet
  facet normal 0.831524 -0.555488 0
    outer loop
      vertex 11.7288 71.6388 9
      vertex 12.0703 72.15 3
      vertex 12.0703 72.15 9
    endloop
  endfacet
  facet normal 0.831524 -0.555488 0
    outer loop
      vertex 12.0703 72.15 3
      vertex 11.7288 71.6388 9
      vertex 11.7288 71.6388 3
    endloop
  endfacet
  facet normal 0.946896 0.321541 0
    outer loop
      vertex 12.5399 75.7164 9
      vertex 12.3422 76.2986 3
      vertex 12.3422 76.2986 9
    endloop
  endfacet
  facet normal 0.946896 0.321541 0
    outer loop
      vertex 12.3422 76.2986 3
      vertex 12.5399 75.7164 9
      vertex 12.5399 75.7164 3
    endloop
  endfacet
  facet normal 0.99786 -0.0653855 0
    outer loop
      vertex 12.6598 73.8865 9
      vertex 12.7 74.5 3
      vertex 12.7 74.5 9
    endloop
  endfacet
  facet normal 0.99786 -0.0653855 0
    outer loop
      vertex 12.7 74.5 3
      vertex 12.6598 73.8865 9
      vertex 12.6598 73.8865 3
    endloop
  endfacet
  facet normal -0.831479 0.555556 0
    outer loop
      vertex 3.92968 76.85 3
      vertex 4.27124 77.3612 9
      vertex 4.27124 77.3612 3
    endloop
  endfacet
  facet normal -0.831479 0.555556 0
    outer loop
      vertex 4.27124 77.3612 9
      vertex 3.92968 76.85 3
      vertex 3.92968 76.85 9
    endloop
  endfacet
  facet normal 0.442268 -0.896883 0
    outer loop
      vertex 9.79861 70.1578 3
      vertex 10.35 70.4297 9
      vertex 9.79861 70.1578 9
    endloop
  endfacet
  facet normal 0.442268 -0.896883 0
    outer loop
      vertex 10.35 70.4297 9
      vertex 9.79861 70.1578 3
      vertex 10.35 70.4297 3
    endloop
  endfacet
  facet normal -0.0653886 0.99786 0
    outer loop
      vertex 8 79.2 3
      vertex 7.38653 79.1598 9
      vertex 8 79.2 9
    endloop
  endfacet
  facet normal -0.0653886 0.99786 0
    outer loop
      vertex 7.38653 79.1598 9
      vertex 8 79.2 3
      vertex 7.38653 79.1598 3
    endloop
  endfacet
  facet normal 0.555488 -0.831524 0
    outer loop
      vertex 10.35 70.4297 3
      vertex 10.8612 70.7712 9
      vertex 10.35 70.4297 9
    endloop
  endfacet
  facet normal 0.555488 -0.831524 0
    outer loop
      vertex 10.8612 70.7712 9
      vertex 10.35 70.4297 3
      vertex 10.8612 70.7712 3
    endloop
  endfacet
  facet normal 0.321415 0.946938 -0
    outer loop
      vertex 9.79861 78.8422 3
      vertex 9.21645 79.0398 9
      vertex 9.79861 78.8422 9
    endloop
  endfacet
  facet normal 0.321415 0.946938 0
    outer loop
      vertex 9.21645 79.0398 9
      vertex 9.79861 78.8422 3
      vertex 9.21645 79.0398 3
    endloop
  endfacet
  facet normal 0.442268 0.896883 -0
    outer loop
      vertex 10.35 78.5703 3
      vertex 9.79861 78.8422 9
      vertex 10.35 78.5703 9
    endloop
  endfacet
  facet normal 0.442268 0.896883 0
    outer loop
      vertex 9.79861 78.8422 9
      vertex 10.35 78.5703 3
      vertex 9.79861 78.8422 3
    endloop
  endfacet
  facet normal 0 0 1
    outer loop
      vertex 11.5902 74.5 9
      vertex 12.7 74.5 9
      vertex 12.6598 75.1135 9
    endloop
  endfacet
  facet normal 0 0 1
    outer loop
      vertex 11.5579 74.9764 9
      vertex 12.6598 75.1135 9
      vertex 12.5399 75.7164 9
    endloop
  endfacet
  facet normal 0 0 1
    outer loop
      vertex 12.7 74.5 9
      vertex 11.5902 74.5 9
      vertex 12.6598 73.8865 9
    endloop
  endfacet
  facet normal 0 0 1
    outer loop
      vertex 11.4679 75.4292 9
      vertex 12.5399 75.7164 9
      vertex 12.3422 76.2986 9
    endloop
  endfacet
  facet normal -0 0 1
    outer loop
      vertex 11.56 74.0393 9
      vertex 12.6598 73.8865 9
      vertex 11.5902 74.5 9
    endloop
  endfacet
  facet normal 0 0 1
    outer loop
      vertex 11.3169 75.8739 9
      vertex 12.3422 76.2986 9
      vertex 12.0703 76.85 9
    endloop
  endfacet
  facet normal -0 0 1
    outer loop
      vertex 11.5595 74.0314 9
      vertex 12.6598 73.8865 9
      vertex 11.56 74.0393 9
    endloop
  endfacet
  facet normal 0 0 1
    outer loop
      vertex 11.1048 76.3017 9
      vertex 12.0703 76.85 9
      vertex 11.7288 77.3612 9
    endloop
  endfacet
  facet normal -0 0 1
    outer loop
      vertex 11.5579 74.0236 9
      vertex 12.6598 73.8865 9
      vertex 11.5595 74.0314 9
    endloop
  endfacet
  facet normal 0 0 1
    outer loop
      vertex 12.6598 73.8865 9
      vertex 11.5579 74.0236 9
      vertex 12.5399 73.2836 9
    endloop
  endfacet
  facet normal 0 0 1
    outer loop
      vertex 12.6598 75.1135 9
      vertex 11.56 74.9607 9
      vertex 11.5902 74.5 9
    endloop
  endfacet
  facet normal 0 0 1
    outer loop
      vertex 12.6598 75.1135 9
      vertex 11.5595 74.9686 9
      vertex 11.56 74.9607 9
    endloop
  endfacet
  facet normal 0 0 1
    outer loop
      vertex 12.6598 75.1135 9
      vertex 11.5579 74.9764 9
      vertex 11.5595 74.9686 9
    endloop
  endfacet
  facet normal 0 0 1
    outer loop
      vertex 12.5399 75.7164 9
      vertex 11.4679 75.4292 9
      vertex 11.5579 74.9764 9
    endloop
  endfacet
  facet normal 0 0 1
    outer loop
      vertex 10.8431 76.6916 9
      vertex 11.7288 77.3612 9
      vertex 11.3234 77.8234 9
    endloop
  endfacet
  facet normal 0 0 1
    outer loop
      vertex 12.3422 76.2986 9
      vertex 11.3195 75.8664 9
      vertex 11.4679 75.4292 9
    endloop
  endfacet
  facet normal 0 0 1
    outer loop
      vertex 12.3422 76.2986 9
      vertex 11.3169 75.8739 9
      vertex 11.3195 75.8664 9
    endloop
  endfacet
  facet normal 0 0 1
    outer loop
      vertex 12.0703 76.85 9
      vertex 11.1127 76.288 9
      vertex 11.3169 75.8739 9
    endloop
  endfacet
  facet normal 0 0 1
    outer loop
      vertex 12.0703 76.85 9
      vertex 11.1092 76.2951 9
      vertex 11.1127 76.288 9
    endloop
  endfacet
  facet normal 0 0 1
    outer loop
      vertex 12.0703 76.85 9
      vertex 11.1048 76.3017 9
      vertex 11.1092 76.2951 9
    endloop
  endfacet
  facet normal 0 0 1
    outer loop
      vertex 10.5387 77.0387 9
      vertex 11.3234 77.8234 9
      vertex 10.8612 78.2288 9
    endloop
  endfacet
  facet normal 0 0 1
    outer loop
      vertex 11.7288 77.3612 9
      vertex 10.8483 76.6856 9
      vertex 11.1048 76.3017 9
    endloop
  endfacet
  facet normal 0 0 1
    outer loop
      vertex 11.7288 77.3612 9
      vertex 10.8431 76.6916 9
      vertex 10.8483 76.6856 9
    endloop
  endfacet
  facet normal 0 0 1
    outer loop
      vertex 11.3234 77.8234 9
      vertex 10.5387 77.0387 9
      vertex 10.8431 76.6916 9
    endloop
  endfacet
  facet normal 0 0 1
    outer loop
      vertex 10.1856 77.3483 9
      vertex 10.8612 78.2288 9
      vertex 10.35 78.5703 9
    endloop
  endfacet
  facet normal 0 0 1
    outer loop
      vertex 10.8612 78.2288 9
      vertex 10.1916 77.3431 9
      vertex 10.5387 77.0387 9
    endloop
  endfacet
  facet normal 0 0 1
    outer loop
      vertex 10.8612 78.2288 9
      vertex 10.1856 77.3483 9
      vertex 10.1916 77.3431 9
    endloop
  endfacet
  facet normal 0 0 1
    outer loop
      vertex 10.35 78.5703 9
      vertex 9.80171 77.6048 9
      vertex 10.1856 77.3483 9
    endloop
  endfacet
  facet normal 0 0 1
    outer loop
      vertex 9.78797 77.6127 9
      vertex 10.35 78.5703 9
      vertex 9.79861 78.8422 9
    endloop
  endfacet
  facet normal 0 0 1
    outer loop
      vertex 10.35 78.5703 9
      vertex 9.7951 77.6092 9
      vertex 9.80171 77.6048 9
    endloop
  endfacet
  facet normal 0 0 1
    outer loop
      vertex 10.35 78.5703 9
      vertex 9.78797 77.6127 9
      vertex 9.7951 77.6092 9
    endloop
  endfacet
  facet normal 0 0 1
    outer loop
      vertex 9.79861 78.8422 9
      vertex 9.37391 77.8169 9
      vertex 9.78797 77.6127 9
    endloop
  endfacet
  facet normal 0 0 1
    outer loop
      vertex 9.79861 78.8422 9
      vertex 9.36638 77.8195 9
      vertex 9.37391 77.8169 9
    endloop
  endfacet
  facet normal 0 0 1
    outer loop
      vertex 9.21645 79.0398 9
      vertex 9.36638 77.8195 9
      vertex 9.79861 78.8422 9
    endloop
  endfacet
  facet normal 0 0 1
    outer loop
      vertex 9.21645 79.0398 9
      vertex 8.92921 77.9679 9
      vertex 9.36638 77.8195 9
    endloop
  endfacet
  facet normal 0 0 1
    outer loop
      vertex 8.61347 79.1598 9
      vertex 8.92921 77.9679 9
      vertex 9.21645 79.0398 9
    endloop
  endfacet
  facet normal 0 0 1
    outer loop
      vertex 8.61347 79.1598 9
      vertex 8.47641 78.0579 9
      vertex 8.92921 77.9679 9
    endloop
  endfacet
  facet normal 0 0 1
    outer loop
      vertex 8.61347 79.1598 9
      vertex 8.46861 78.0595 9
      vertex 8.47641 78.0579 9
    endloop
  endfacet
  facet normal 0 0 1
    outer loop
      vertex 8.61347 79.1598 9
      vertex 8.46068 78.06 9
      vertex 8.46861 78.0595 9
    endloop
  endfacet
  facet normal 0 0 1
    outer loop
      vertex 8 79.2 9
      vertex 8.46068 78.06 9
      vertex 8.61347 79.1598 9
    endloop
  endfacet
  facet normal 0 0 1
    outer loop
      vertex 8 79.2 9
      vertex 8 78.0902 9
      vertex 8.46068 78.06 9
    endloop
  endfacet
  facet normal 0 0 1
    outer loop
      vertex 8 79.2 9
      vertex 7.53932 78.06 9
      vertex 8 78.0902 9
    endloop
  endfacet
  facet normal -0 0 1
    outer loop
      vertex 7.38653 79.1598 9
      vertex 7.53932 78.06 9
      vertex 8 79.2 9
    endloop
  endfacet
  facet normal 0 0 1
    outer loop
      vertex 7.53932 78.06 9
      vertex 7.38653 79.1598 9
      vertex 7.53139 78.0595 9
    endloop
  endfacet
  facet normal 0 0 1
    outer loop
      vertex 7.53139 78.0595 9
      vertex 7.38653 79.1598 9
      vertex 7.52359 78.0579 9
    endloop
  endfacet
  facet normal 0 0 1
    outer loop
      vertex 7.38653 79.1598 9
      vertex 7.07079 77.9679 9
      vertex 7.52359 78.0579 9
    endloop
  endfacet
  facet normal -0 0 1
    outer loop
      vertex 6.78355 79.0398 9
      vertex 7.07079 77.9679 9
      vertex 7.38653 79.1598 9
    endloop
  endfacet
  facet normal 0 0 1
    outer loop
      vertex 6.78355 79.0398 9
      vertex 6.63362 77.8195 9
      vertex 7.07079 77.9679 9
    endloop
  endfacet
  facet normal -0 0 1
    outer loop
      vertex 6.20139 78.8422 9
      vertex 6.63362 77.8195 9
      vertex 6.78355 79.0398 9
    endloop
  endfacet
  facet normal 0 0 1
    outer loop
      vertex 6.63362 77.8195 9
      vertex 6.20139 78.8422 9
      vertex 6.62609 77.8169 9
    endloop
  endfacet
  facet normal 0 0 1
    outer loop
      vertex 6.62609 77.8169 9
      vertex 6.20139 78.8422 9
      vertex 6.21203 77.6127 9
    endloop
  endfacet
  facet normal -0 0 1
    outer loop
      vertex 5.65 78.5703 9
      vertex 6.21203 77.6127 9
      vertex 6.20139 78.8422 9
    endloop
  endfacet
  facet normal 0 0 1
    outer loop
      vertex 6.21203 77.6127 9
      vertex 5.65 78.5703 9
      vertex 6.2049 77.6092 9
    endloop
  endfacet
  facet normal 0 0 1
    outer loop
      vertex 6.2049 77.6092 9
      vertex 5.65 78.5703 9
      vertex 6.19829 77.6048 9
    endloop
  endfacet
  facet normal 0 0 1
    outer loop
      vertex 6.19829 77.6048 9
      vertex 5.65 78.5703 9
      vertex 5.81443 77.3483 9
    endloop
  endfacet
  facet normal -0 0 1
    outer loop
      vertex 5.13882 78.2288 9
      vertex 5.81443 77.3483 9
      vertex 5.65 78.5703 9
    endloop
  endfacet
  facet normal 0 0 1
    outer loop
      vertex 5.81443 77.3483 9
      vertex 5.13882 78.2288 9
      vertex 5.80845 77.3431 9
    endloop
  endfacet
  facet normal 0 0 1
    outer loop
      vertex 5.80845 77.3431 9
      vertex 5.13882 78.2288 9
      vertex 5.46135 77.0387 9
    endloop
  endfacet
  facet normal -0 0 1
    outer loop
      vertex 4.6766 77.8234 9
      vertex 5.46135 77.0387 9
      vertex 5.13882 78.2288 9
    endloop
  endfacet
  facet normal 0 0 1
    outer loop
      vertex 5.46135 77.0387 9
      vertex 4.6766 77.8234 9
      vertex 5.15695 76.6916 9
    endloop
  endfacet
  facet normal -0 0 1
    outer loop
      vertex 4.27124 77.3612 9
      vertex 5.15695 76.6916 9
      vertex 4.6766 77.8234 9
    endloop
  endfacet
  facet normal 0 0 1
    outer loop
      vertex 5.15695 76.6916 9
      vertex 4.27124 77.3612 9
      vertex 5.15171 76.6856 9
    endloop
  endfacet
  facet normal 0 0 1
    outer loop
      vertex 5.15171 76.6856 9
      vertex 4.27124 77.3612 9
      vertex 4.89522 76.3017 9
    endloop
  endfacet
  facet normal -0 0 1
    outer loop
      vertex 3.92968 76.85 9
      vertex 4.89522 76.3017 9
      vertex 4.27124 77.3612 9
    endloop
  endfacet
  facet normal 0 0 1
    outer loop
      vertex 4.89522 76.3017 9
      vertex 3.92968 76.85 9
      vertex 4.8908 76.2951 9
    endloop
  endfacet
  facet normal 0 0 1
    outer loop
      vertex 4.8908 76.2951 9
      vertex 3.92968 76.85 9
      vertex 4.88728 76.288 9
    endloop
  endfacet
  facet normal 0 0 1
    outer loop
      vertex 4.88728 76.288 9
      vertex 3.92968 76.85 9
      vertex 4.68309 75.8739 9
    endloop
  endfacet
  facet normal -0 0 1
    outer loop
      vertex 3.65777 76.2986 9
      vertex 4.68309 75.8739 9
      vertex 3.92968 76.85 9
    endloop
  endfacet
  facet normal 0 0 1
    outer loop
      vertex 4.68309 75.8739 9
      vertex 3.65777 76.2986 9
      vertex 4.68054 75.8664 9
    endloop
  endfacet
  facet normal 0 0 1
    outer loop
      vertex 3.34021 75.1135 9
      vertex 4.44 74.9607 9
      vertex 4.44052 74.9686 9
    endloop
  endfacet
  facet normal -0 0 1
    outer loop
      vertex 3.46015 75.7164 9
      vertex 4.53214 75.4292 9
      vertex 3.65777 76.2986 9
    endloop
  endfacet
  facet normal 0 0 1
    outer loop
      vertex 4.68054 75.8664 9
      vertex 3.65777 76.2986 9
      vertex 4.53214 75.4292 9
    endloop
  endfacet
  facet normal -0 0 1
    outer loop
      vertex 11.4679 73.5708 9
      vertex 12.5399 73.2836 9
      vertex 11.5579 74.0236 9
    endloop
  endfacet
  facet normal 0 0 1
    outer loop
      vertex 12.5399 73.2836 9
      vertex 11.4679 73.5708 9
      vertex 12.3422 72.7014 9
    endloop
  endfacet
  facet normal -0 0 1
    outer loop
      vertex 11.3195 73.1336 9
      vertex 12.3422 72.7014 9
      vertex 11.4679 73.5708 9
    endloop
  endfacet
  facet normal -0 0 1
    outer loop
      vertex 11.3169 73.1261 9
      vertex 12.3422 72.7014 9
      vertex 11.3195 73.1336 9
    endloop
  endfacet
  facet normal 0 0 1
    outer loop
      vertex 12.3422 72.7014 9
      vertex 11.3169 73.1261 9
      vertex 12.0703 72.15 9
    endloop
  endfacet
  facet normal -0 0 1
    outer loop
      vertex 11.1127 72.712 9
      vertex 12.0703 72.15 9
      vertex 11.3169 73.1261 9
    endloop
  endfacet
  facet normal -0 0 1
    outer loop
      vertex 11.1092 72.7049 9
      vertex 12.0703 72.15 9
      vertex 11.1127 72.712 9
    endloop
  endfacet
  facet normal -0 0 1
    outer loop
      vertex 11.1048 72.6983 9
      vertex 12.0703 72.15 9
      vertex 11.1092 72.7049 9
    endloop
  endfacet
  facet normal 0 0 1
    outer loop
      vertex 12.0703 72.15 9
      vertex 11.1048 72.6983 9
      vertex 11.7288 71.6388 9
    endloop
  endfacet
  facet normal -0 0 1
    outer loop
      vertex 10.8483 72.3144 9
      vertex 11.7288 71.6388 9
      vertex 11.1048 72.6983 9
    endloop
  endfacet
  facet normal -0 0 1
    outer loop
      vertex 10.8431 72.3084 9
      vertex 11.7288 71.6388 9
      vertex 10.8483 72.3144 9
    endloop
  endfacet
  facet normal 0 0 1
    outer loop
      vertex 11.7288 71.6388 9
      vertex 10.8431 72.3084 9
      vertex 11.3234 71.1766 9
    endloop
  endfacet
  facet normal -0 0 1
    outer loop
      vertex 10.5387 71.9613 9
      vertex 11.3234 71.1766 9
      vertex 10.8431 72.3084 9
    endloop
  endfacet
  facet normal 0 0 1
    outer loop
      vertex 11.3234 71.1766 9
      vertex 10.5387 71.9613 9
      vertex 10.8612 70.7712 9
    endloop
  endfacet
  facet normal -0 0 1
    outer loop
      vertex 10.1916 71.6569 9
      vertex 10.8612 70.7712 9
      vertex 10.5387 71.9613 9
    endloop
  endfacet
  facet normal -0 0 1
    outer loop
      vertex 10.1856 71.6517 9
      vertex 10.8612 70.7712 9
      vertex 10.1916 71.6569 9
    endloop
  endfacet
  facet normal 0 0 1
    outer loop
      vertex 10.8612 70.7712 9
      vertex 10.1856 71.6517 9
      vertex 10.35 70.4297 9
    endloop
  endfacet
  facet normal -0 0 1
    outer loop
      vertex 9.80171 71.3952 9
      vertex 10.35 70.4297 9
      vertex 10.1856 71.6517 9
    endloop
  endfacet
  facet normal -0 0 1
    outer loop
      vertex 9.7951 71.3908 9
      vertex 10.35 70.4297 9
      vertex 9.80171 71.3952 9
    endloop
  endfacet
  facet normal -0 0 1
    outer loop
      vertex 9.78797 71.3873 9
      vertex 10.35 70.4297 9
      vertex 9.7951 71.3908 9
    endloop
  endfacet
  facet normal 0 0 1
    outer loop
      vertex 10.35 70.4297 9
      vertex 9.78797 71.3873 9
      vertex 9.79861 70.1578 9
    endloop
  endfacet
  facet normal -0 0 1
    outer loop
      vertex 9.37391 71.1831 9
      vertex 9.79861 70.1578 9
      vertex 9.78797 71.3873 9
    endloop
  endfacet
  facet normal -0 0 1
    outer loop
      vertex 9.36638 71.1805 9
      vertex 9.79861 70.1578 9
      vertex 9.37391 71.1831 9
    endloop
  endfacet
  facet normal 0 0 1
    outer loop
      vertex 9.36638 71.1805 9
      vertex 9.21645 69.9601 9
      vertex 9.79861 70.1578 9
    endloop
  endfacet
  facet normal -0 0 1
    outer loop
      vertex 8.92921 71.0321 9
      vertex 9.21645 69.9601 9
      vertex 9.36638 71.1805 9
    endloop
  endfacet
  facet normal 0 0 1
    outer loop
      vertex 8.92921 71.0321 9
      vertex 8.61347 69.8402 9
      vertex 9.21645 69.9601 9
    endloop
  endfacet
  facet normal -0 0 1
    outer loop
      vertex 8.47641 70.9421 9
      vertex 8.61347 69.8402 9
      vertex 8.92921 71.0321 9
    endloop
  endfacet
  facet normal -0 0 1
    outer loop
      vertex 8.46861 70.9405 9
      vertex 8.61347 69.8402 9
      vertex 8.47641 70.9421 9
    endloop
  endfacet
  facet normal -0 0 1
    outer loop
      vertex 8.46068 70.94 9
      vertex 8.61347 69.8402 9
      vertex 8.46861 70.9405 9
    endloop
  endfacet
  facet normal -0 0 1
    outer loop
      vertex 8 70.9098 9
      vertex 8.61347 69.8402 9
      vertex 8.46068 70.94 9
    endloop
  endfacet
  facet normal 0 0 1
    outer loop
      vertex 8 70.9098 9
      vertex 8 69.8 9
      vertex 8.61347 69.8402 9
    endloop
  endfacet
  facet normal 0 0 1
    outer loop
      vertex 7.53932 70.94 9
      vertex 8 69.8 9
      vertex 8 70.9098 9
    endloop
  endfacet
  facet normal 0 0 1
    outer loop
      vertex 7.38653 69.8402 9
      vertex 7.53932 70.94 9
      vertex 7.53139 70.9405 9
    endloop
  endfacet
  facet normal 0 0 1
    outer loop
      vertex 7.38653 69.8402 9
      vertex 7.53139 70.9405 9
      vertex 7.52359 70.9421 9
    endloop
  endfacet
  facet normal 0 0 1
    outer loop
      vertex 7.53932 70.94 9
      vertex 7.38653 69.8402 9
      vertex 8 69.8 9
    endloop
  endfacet
  facet normal 0 0 1
    outer loop
      vertex 7.07079 71.0321 9
      vertex 7.38653 69.8402 9
      vertex 7.52359 70.9421 9
    endloop
  endfacet
  facet normal 0 0 1
    outer loop
      vertex 7.07079 71.0321 9
      vertex 6.78355 69.9601 9
      vertex 7.38653 69.8402 9
    endloop
  endfacet
  facet normal 0 0 1
    outer loop
      vertex 6.63362 71.1805 9
      vertex 6.78355 69.9601 9
      vertex 7.07079 71.0321 9
    endloop
  endfacet
  facet normal 0 0 1
    outer loop
      vertex 6.20139 70.1578 9
      vertex 6.63362 71.1805 9
      vertex 6.62609 71.1831 9
    endloop
  endfacet
  facet normal 0 0 1
    outer loop
      vertex 6.20139 70.1578 9
      vertex 6.62609 71.1831 9
      vertex 6.21203 71.3873 9
    endloop
  endfacet
  facet normal 0 0 1
    outer loop
      vertex 5.65 70.4297 9
      vertex 6.21203 71.3873 9
      vertex 6.2049 71.3908 9
    endloop
  endfacet
  facet normal 0 0 1
    outer loop
      vertex 6.63362 71.1805 9
      vertex 6.20139 70.1578 9
      vertex 6.78355 69.9601 9
    endloop
  endfacet
  facet normal 0 0 1
    outer loop
      vertex 5.65 70.4297 9
      vertex 6.2049 71.3908 9
      vertex 6.19829 71.3952 9
    endloop
  endfacet
  facet normal 0 0 1
    outer loop
      vertex 5.65 70.4297 9
      vertex 6.19829 71.3952 9
      vertex 5.81443 71.6517 9
    endloop
  endfacet
  facet normal 0 0 1
    outer loop
      vertex 5.13882 70.7712 9
      vertex 5.81443 71.6517 9
      vertex 5.80845 71.6569 9
    endloop
  endfacet
  facet normal 0 0 1
    outer loop
      vertex 6.21203 71.3873 9
      vertex 5.65 70.4297 9
      vertex 6.20139 70.1578 9
    endloop
  endfacet
  facet normal 0 0 1
    outer loop
      vertex 5.13882 70.7712 9
      vertex 5.80845 71.6569 9
      vertex 5.46135 71.9613 9
    endloop
  endfacet
  facet normal 0 0 1
    outer loop
      vertex 4.6766 71.1766 9
      vertex 5.46135 71.9613 9
      vertex 5.15695 72.3084 9
    endloop
  endfacet
  facet normal 0 0 1
    outer loop
      vertex 4.27124 71.6388 9
      vertex 5.15695 72.3084 9
      vertex 5.15171 72.3144 9
    endloop
  endfacet
  facet normal 0 0 1
    outer loop
      vertex 5.81443 71.6517 9
      vertex 5.13882 70.7712 9
      vertex 5.65 70.4297 9
    endloop
  endfacet
  facet normal 0 0 1
    outer loop
      vertex 4.27124 71.6388 9
      vertex 5.15171 72.3144 9
      vertex 4.89522 72.6983 9
    endloop
  endfacet
  facet normal 0 0 1
    outer loop
      vertex 3.92968 72.15 9
      vertex 4.89522 72.6983 9
      vertex 4.8908 72.7049 9
    endloop
  endfacet
  facet normal 0 0 1
    outer loop
      vertex 3.92968 72.15 9
      vertex 4.8908 72.7049 9
      vertex 4.88728 72.712 9
    endloop
  endfacet
  facet normal 0 0 1
    outer loop
      vertex 3.92968 72.15 9
      vertex 4.88728 72.712 9
      vertex 4.68309 73.1261 9
    endloop
  endfacet
  facet normal 0 0 1
    outer loop
      vertex 3.65777 72.7014 9
      vertex 4.68309 73.1261 9
      vertex 4.68054 73.1336 9
    endloop
  endfacet
  facet normal 0 0 1
    outer loop
      vertex 5.46135 71.9613 9
      vertex 4.6766 71.1766 9
      vertex 5.13882 70.7712 9
    endloop
  endfacet
  facet normal 0 0 1
    outer loop
      vertex 3.65777 72.7014 9
      vertex 4.68054 73.1336 9
      vertex 4.53214 73.5708 9
    endloop
  endfacet
  facet normal 0 0 1
    outer loop
      vertex 3.46015 73.2836 9
      vertex 4.53214 73.5708 9
      vertex 4.44207 74.0236 9
    endloop
  endfacet
  facet normal 0 0 1
    outer loop
      vertex 3.34021 73.8865 9
      vertex 4.44207 74.0236 9
      vertex 4.44052 74.0314 9
    endloop
  endfacet
  facet normal 0 0 1
    outer loop
      vertex 3.34021 73.8865 9
      vertex 4.44 74.0393 9
      vertex 4.4098 74.5 9
    endloop
  endfacet
  facet normal 0 0 1
    outer loop
      vertex 5.15695 72.3084 9
      vertex 4.27124 71.6388 9
      vertex 4.6766 71.1766 9
    endloop
  endfacet
  facet normal 0 0 1
    outer loop
      vertex 4.44 74.0393 9
      vertex 3.34021 73.8865 9
      vertex 4.44052 74.0314 9
    endloop
  endfacet
  facet normal 0 0 1
    outer loop
      vertex 4.53214 75.4292 9
      vertex 3.46015 75.7164 9
      vertex 4.44207 74.9764 9
    endloop
  endfacet
  facet normal -0 0 1
    outer loop
      vertex 3.34021 75.1135 9
      vertex 4.44207 74.9764 9
      vertex 3.46015 75.7164 9
    endloop
  endfacet
  facet normal 0 0 1
    outer loop
      vertex 4.89522 72.6983 9
      vertex 3.92968 72.15 9
      vertex 4.27124 71.6388 9
    endloop
  endfacet
  facet normal 0 0 1
    outer loop
      vertex 4.44207 74.9764 9
      vertex 3.34021 75.1135 9
      vertex 4.44052 74.9686 9
    endloop
  endfacet
  facet normal 0 0 1
    outer loop
      vertex 4.68309 73.1261 9
      vertex 3.65777 72.7014 9
      vertex 3.92968 72.15 9
    endloop
  endfacet
  facet normal 0 0 1
    outer loop
      vertex 4.44 74.9607 9
      vertex 3.34021 75.1135 9
      vertex 4.4098 74.5 9
    endloop
  endfacet
  facet normal 0 0 1
    outer loop
      vertex 4.53214 73.5708 9
      vertex 3.46015 73.2836 9
      vertex 3.65777 72.7014 9
    endloop
  endfacet
  facet normal 0 0 1
    outer loop
      vertex 3.3 74.5 9
      vertex 4.4098 74.5 9
      vertex 3.34021 75.1135 9
    endloop
  endfacet
  facet normal 0 0 1
    outer loop
      vertex 4.44207 74.0236 9
      vertex 3.34021 73.8865 9
      vertex 3.46015 73.2836 9
    endloop
  endfacet
  facet normal 0 0 1
    outer loop
      vertex 4.4098 74.5 9
      vertex 3.3 74.5 9
      vertex 3.34021 73.8865 9
    endloop
  endfacet
  facet normal 0.896886 -0.442262 0
    outer loop
      vertex 12.0703 72.15 9
      vertex 12.3422 72.7014 3
      vertex 12.3422 72.7014 9
    endloop
  endfacet
  facet normal 0.896886 -0.442262 0
    outer loop
      vertex 12.3422 72.7014 3
      vertex 12.0703 72.15 9
      vertex 12.0703 72.15 3
    endloop
  endfacet
  facet normal 0.195184 0.980767 -0
    outer loop
      vertex 9.21645 79.0398 3
      vertex 8.61347 79.1598 9
      vertex 9.21645 79.0398 9
    endloop
  endfacet
  facet normal 0.195184 0.980767 0
    outer loop
      vertex 8.61347 79.1598 9
      vertex 9.21645 79.0398 3
      vertex 8.61347 79.1598 3
    endloop
  endfacet
  facet normal 0.321561 -0.946889 0
    outer loop
      vertex 9.21645 69.9601 3
      vertex 9.79861 70.1578 9
      vertex 9.21645 69.9601 9
    endloop
  endfacet
  facet normal 0.321561 -0.946889 0
    outer loop
      vertex 9.79861 70.1578 9
      vertex 9.21645 69.9601 3
      vertex 9.79861 70.1578 3
    endloop
  endfacet
  facet normal -0.997859 0.0654016 0
    outer loop
      vertex 3.3 74.5 3
      vertex 3.34021 75.1135 9
      vertex 3.34021 75.1135 3
    endloop
  endfacet
  facet normal -0.997859 0.0654016 0
    outer loop
      vertex 3.34021 75.1135 9
      vertex 3.3 74.5 3
      vertex 3.3 74.5 9
    endloop
  endfacet
  facet normal -0.831479 -0.555556 0
    outer loop
      vertex 4.27124 71.6388 3
      vertex 3.92968 72.15 9
      vertex 3.92968 72.15 3
    endloop
  endfacet
  facet normal -0.831479 -0.555556 0
    outer loop
      vertex 3.92968 72.15 9
      vertex 4.27124 71.6388 3
      vertex 4.27124 71.6388 9
    endloop
  endfacet
  facet normal 0.75179 -0.659402 0
    outer loop
      vertex 11.3234 71.1766 9
      vertex 11.7288 71.6388 3
      vertex 11.7288 71.6388 9
    endloop
  endfacet
  facet normal 0.75179 -0.659402 0
    outer loop
      vertex 11.7288 71.6388 3
      vertex 11.3234 71.1766 9
      vertex 11.3234 71.1766 3
    endloop
  endfacet
  facet normal 0.195027 -0.980798 0
    outer loop
      vertex 8.61347 69.8402 3
      vertex 9.21645 69.9601 9
      vertex 8.61347 69.8402 9
    endloop
  endfacet
  facet normal 0.195027 -0.980798 0
    outer loop
      vertex 9.21645 69.9601 9
      vertex 8.61347 69.8402 3
      vertex 9.21645 69.9601 3
    endloop
  endfacet
  facet normal 0.980793 -0.195052 0
    outer loop
      vertex 12.5399 73.2836 9
      vertex 12.6598 73.8865 3
      vertex 12.6598 73.8865 9
    endloop
  endfacet
  facet normal 0.980793 -0.195052 0
    outer loop
      vertex 12.6598 73.8865 3
      vertex 12.5399 73.2836 9
      vertex 12.5399 73.2836 3
    endloop
  endfacet
  facet normal -0.98078 0.195115 0
    outer loop
      vertex 3.34021 75.1135 3
      vertex 3.46015 75.7164 9
      vertex 3.46015 75.7164 3
    endloop
  endfacet
  facet normal -0.98078 0.195115 0
    outer loop
      vertex 3.46015 75.7164 9
      vertex 3.34021 75.1135 3
      vertex 3.34021 75.1135 9
    endloop
  endfacet
  facet normal 0.0653886 -0.99786 0
    outer loop
      vertex 8 69.8 3
      vertex 8.61347 69.8402 9
      vertex 8 69.8 9
    endloop
  endfacet
  facet normal 0.0653886 -0.99786 0
    outer loop
      vertex 8.61347 69.8402 9
      vertex 8 69.8 3
      vertex 8.61347 69.8402 3
    endloop
  endfacet
  facet normal -0.555503 0.831514 0
    outer loop
      vertex 5.65 78.5703 3
      vertex 5.13882 78.2288 9
      vertex 5.65 78.5703 9
    endloop
  endfacet
  facet normal -0.555503 0.831514 0
    outer loop
      vertex 5.13882 78.2288 9
      vertex 5.65 78.5703 3
      vertex 5.13882 78.2288 3
    endloop
  endfacet
  facet normal 0.896886 0.442262 0
    outer loop
      vertex 12.3422 76.2986 9
      vertex 12.0703 76.85 3
      vertex 12.0703 76.85 9
    endloop
  endfacet
  facet normal 0.896886 0.442262 0
    outer loop
      vertex 12.0703 76.85 3
      vertex 12.3422 76.2986 9
      vertex 12.3422 76.2986 3
    endloop
  endfacet
  facet normal -0.0653886 -0.99786 0
    outer loop
      vertex 7.38653 69.8402 3
      vertex 8 69.8 9
      vertex 7.38653 69.8402 9
    endloop
  endfacet
  facet normal -0.0653886 -0.99786 -0
    outer loop
      vertex 8 69.8 9
      vertex 7.38653 69.8402 3
      vertex 8 69.8 3
    endloop
  endfacet
  facet normal -0.946935 -0.321424 0
    outer loop
      vertex 3.65777 72.7014 3
      vertex 3.46015 73.2836 9
      vertex 3.46015 73.2836 3
    endloop
  endfacet
  facet normal -0.946935 -0.321424 0
    outer loop
      vertex 3.46015 73.2836 9
      vertex 3.65777 72.7014 3
      vertex 3.65777 72.7014 9
    endloop
  endfacet
  facet normal -0.98078 -0.195115 0
    outer loop
      vertex 3.46015 73.2836 3
      vertex 3.34021 73.8865 9
      vertex 3.34021 73.8865 3
    endloop
  endfacet
  facet normal -0.98078 -0.195115 0
    outer loop
      vertex 3.34021 73.8865 9
      vertex 3.46015 73.2836 3
      vertex 3.46015 73.2836 9
    endloop
  endfacet
  facet normal -0.751822 -0.659366 0
    outer loop
      vertex 4.6766 71.1766 3
      vertex 4.27124 71.6388 9
      vertex 4.27124 71.6388 3
    endloop
  endfacet
  facet normal -0.751822 -0.659366 0
    outer loop
      vertex 4.27124 71.6388 9
      vertex 4.6766 71.1766 3
      vertex 4.6766 71.1766 9
    endloop
  endfacet
  facet normal -0.555503 -0.831514 0
    outer loop
      vertex 5.13882 70.7712 3
      vertex 5.65 70.4297 9
      vertex 5.13882 70.7712 9
    endloop
  endfacet
  facet normal -0.555503 -0.831514 -0
    outer loop
      vertex 5.65 70.4297 9
      vertex 5.13882 70.7712 3
      vertex 5.65 70.4297 3
    endloop
  endfacet
  facet normal 0.946896 -0.321541 0
    outer loop
      vertex 12.3422 72.7014 9
      vertex 12.5399 73.2836 3
      vertex 12.5399 73.2836 9
    endloop
  endfacet
  facet normal 0.946896 -0.321541 0
    outer loop
      vertex 12.5399 73.2836 3
      vertex 12.3422 72.7014 9
      vertex 12.3422 72.7014 3
    endloop
  endfacet
  facet normal -0.896879 0.442275 0
    outer loop
      vertex 3.65777 76.2986 3
      vertex 3.92968 76.85 9
      vertex 3.92968 76.85 3
    endloop
  endfacet
  facet normal -0.896879 0.442275 0
    outer loop
      vertex 3.92968 76.85 9
      vertex 3.65777 76.2986 3
      vertex 3.65777 76.2986 9
    endloop
  endfacet
  facet normal -0.195027 -0.980798 0
    outer loop
      vertex 6.78355 69.9601 3
      vertex 7.38653 69.8402 9
      vertex 6.78355 69.9601 9
    endloop
  endfacet
  facet normal -0.195027 -0.980798 -0
    outer loop
      vertex 7.38653 69.8402 9
      vertex 6.78355 69.9601 3
      vertex 7.38653 69.8402 3
    endloop
  endfacet
  facet normal -0.321561 -0.946889 0
    outer loop
      vertex 6.20139 70.1578 3
      vertex 6.78355 69.9601 9
      vertex 6.20139 70.1578 9
    endloop
  endfacet
  facet normal -0.321561 -0.946889 -0
    outer loop
      vertex 6.78355 69.9601 9
      vertex 6.20139 70.1578 3
      vertex 6.78355 69.9601 3
    endloop
  endfacet
  facet normal 0.946945 -0.321395 0
    outer loop
      vertex 70.3422 23.7014 9
      vertex 70.5398 24.2836 3
      vertex 70.5398 24.2836 9
    endloop
  endfacet
  facet normal 0.946945 -0.321395 0
    outer loop
      vertex 70.5398 24.2836 3
      vertex 70.3422 23.7014 9
      vertex 70.3422 23.7014 3
    endloop
  endfacet
  facet normal 0.980762 0.195209 0
    outer loop
      vertex 70.6598 26.1135 9
      vertex 70.5398 26.7164 3
      vertex 70.5398 26.7164 9
    endloop
  endfacet
  facet normal 0.980762 0.195209 0
    outer loop
      vertex 70.5398 26.7164 3
      vertex 70.6598 26.1135 9
      vertex 70.6598 26.1135 3
    endloop
  endfacet
  facet normal 0.99786 0.0653855 0
    outer loop
      vertex 70.7 25.5 9
      vertex 70.6598 26.1135 3
      vertex 70.6598 26.1135 9
    endloop
  endfacet
  facet normal 0.99786 0.0653855 0
    outer loop
      vertex 70.6598 26.1135 3
      vertex 70.7 25.5 9
      vertex 70.7 25.5 3
    endloop
  endfacet
  facet normal 0.442262 0.896886 -0
    outer loop
      vertex 68.35 29.5703 3
      vertex 67.7986 29.8422 9
      vertex 68.35 29.5703 9
    endloop
  endfacet
  facet normal 0.442262 0.896886 0
    outer loop
      vertex 67.7986 29.8422 9
      vertex 68.35 29.5703 3
      vertex 67.7986 29.8422 3
    endloop
  endfacet
  facet normal 0.659402 0.75179 -0
    outer loop
      vertex 69.3234 28.8234 3
      vertex 68.8612 29.2288 9
      vertex 69.3234 28.8234 9
    endloop
  endfacet
  facet normal 0.659402 0.75179 0
    outer loop
      vertex 68.8612 29.2288 9
      vertex 69.3234 28.8234 3
      vertex 68.8612 29.2288 3
    endloop
  endfacet
  facet normal -0.99786 -0.0653855 0
    outer loop
      vertex 61.3402 24.8865 3
      vertex 61.3 25.5 9
      vertex 61.3 25.5 3
    endloop
  endfacet
  facet normal -0.99786 -0.0653855 0
    outer loop
      vertex 61.3 25.5 9
      vertex 61.3402 24.8865 3
      vertex 61.3402 24.8865 9
    endloop
  endfacet
  facet normal -0.0653855 0.99786 0
    outer loop
      vertex 66 30.2 3
      vertex 65.3865 30.1598 9
      vertex 66 30.2 9
    endloop
  endfacet
  facet normal -0.0653855 0.99786 0
    outer loop
      vertex 65.3865 30.1598 9
      vertex 66 30.2 3
      vertex 65.3865 30.1598 3
    endloop
  endfacet
  facet normal -0.442262 0.896886 0
    outer loop
      vertex 64.2014 29.8422 3
      vertex 63.65 29.5703 9
      vertex 64.2014 29.8422 9
    endloop
  endfacet
  facet normal -0.442262 0.896886 0
    outer loop
      vertex 63.65 29.5703 9
      vertex 64.2014 29.8422 3
      vertex 63.65 29.5703 3
    endloop
  endfacet
  facet normal 0.195052 0.980793 -0
    outer loop
      vertex 67.2164 30.0399 3
      vertex 66.6135 30.1598 9
      vertex 67.2164 30.0399 9
    endloop
  endfacet
  facet normal 0.195052 0.980793 0
    outer loop
      vertex 66.6135 30.1598 9
      vertex 67.2164 30.0399 3
      vertex 66.6135 30.1598 3
    endloop
  endfacet
  facet normal 0.831524 -0.555488 0
    outer loop
      vertex 69.7288 22.6388 9
      vertex 70.0703 23.15 3
      vertex 70.0703 23.15 9
    endloop
  endfacet
  facet normal 0.831524 -0.555488 0
    outer loop
      vertex 70.0703 23.15 3
      vertex 69.7288 22.6388 9
      vertex 69.7288 22.6388 3
    endloop
  endfacet
  facet normal 0.896886 0.442262 0
    outer loop
      vertex 70.3422 27.2986 9
      vertex 70.0703 27.85 3
      vertex 70.0703 27.85 9
    endloop
  endfacet
  facet normal 0.896886 0.442262 0
    outer loop
      vertex 70.0703 27.85 3
      vertex 70.3422 27.2986 9
      vertex 70.3422 27.2986 3
    endloop
  endfacet
  facet normal -0.555488 0.831524 0
    outer loop
      vertex 63.65 29.5703 3
      vertex 63.1388 29.2288 9
      vertex 63.65 29.5703 9
    endloop
  endfacet
  facet normal -0.555488 0.831524 0
    outer loop
      vertex 63.1388 29.2288 9
      vertex 63.65 29.5703 3
      vertex 63.1388 29.2288 3
    endloop
  endfacet
  facet normal -0.831524 0.555488 0
    outer loop
      vertex 61.9297 27.85 3
      vertex 62.2712 28.3612 9
      vertex 62.2712 28.3612 3
    endloop
  endfacet
  facet normal -0.831524 0.555488 0
    outer loop
      vertex 62.2712 28.3612 9
      vertex 61.9297 27.85 3
      vertex 61.9297 27.85 9
    endloop
  endfacet
  facet normal 0.195052 -0.980793 0
    outer loop
      vertex 66.6135 20.8402 3
      vertex 67.2164 20.9601 9
      vertex 66.6135 20.8402 9
    endloop
  endfacet
  facet normal 0.195052 -0.980793 0
    outer loop
      vertex 67.2164 20.9601 9
      vertex 66.6135 20.8402 3
      vertex 67.2164 20.9601 3
    endloop
  endfacet
  facet normal 0.831524 0.555488 0
    outer loop
      vertex 70.0703 27.85 9
      vertex 69.7288 28.3612 3
      vertex 69.7288 28.3612 9
    endloop
  endfacet
  facet normal 0.831524 0.555488 0
    outer loop
      vertex 69.7288 28.3612 3
      vertex 70.0703 27.85 9
      vertex 70.0703 27.85 3
    endloop
  endfacet
  facet normal 0.896886 -0.442262 0
    outer loop
      vertex 70.0703 23.15 9
      vertex 70.3422 23.7014 3
      vertex 70.3422 23.7014 9
    endloop
  endfacet
  facet normal 0.896886 -0.442262 0
    outer loop
      vertex 70.3422 23.7014 3
      vertex 70.0703 23.15 9
      vertex 70.0703 23.15 3
    endloop
  endfacet
  facet normal -0.75179 0.659402 0
    outer loop
      vertex 62.2712 28.3612 3
      vertex 62.6766 28.8234 9
      vertex 62.6766 28.8234 3
    endloop
  endfacet
  facet normal -0.75179 0.659402 0
    outer loop
      vertex 62.6766 28.8234 9
      vertex 62.2712 28.3612 3
      vertex 62.2712 28.3612 9
    endloop
  endfacet
  facet normal -0.659402 0.75179 0
    outer loop
      vertex 63.1388 29.2288 3
      vertex 62.6766 28.8234 9
      vertex 63.1388 29.2288 9
    endloop
  endfacet
  facet normal -0.659402 0.75179 0
    outer loop
      vertex 62.6766 28.8234 9
      vertex 63.1388 29.2288 3
      vertex 62.6766 28.8234 3
    endloop
  endfacet
  facet normal -0.980793 0.195052 0
    outer loop
      vertex 61.3402 26.1135 3
      vertex 61.4601 26.7164 9
      vertex 61.4601 26.7164 3
    endloop
  endfacet
  facet normal -0.980793 0.195052 0
    outer loop
      vertex 61.4601 26.7164 9
      vertex 61.3402 26.1135 3
      vertex 61.3402 26.1135 9
    endloop
  endfacet
  facet normal 0.99786 -0.0653855 0
    outer loop
      vertex 70.6598 24.8865 9
      vertex 70.7 25.5 3
      vertex 70.7 25.5 9
    endloop
  endfacet
  facet normal 0.99786 -0.0653855 0
    outer loop
      vertex 70.7 25.5 3
      vertex 70.6598 24.8865 9
      vertex 70.6598 24.8865 3
    endloop
  endfacet
  facet normal 0.980762 -0.195209 0
    outer loop
      vertex 70.5398 24.2836 9
      vertex 70.6598 24.8865 3
      vertex 70.6598 24.8865 9
    endloop
  endfacet
  facet normal 0.980762 -0.195209 0
    outer loop
      vertex 70.6598 24.8865 3
      vertex 70.5398 24.2836 9
      vertex 70.5398 24.2836 3
    endloop
  endfacet
  facet normal 0.555488 0.831524 -0
    outer loop
      vertex 68.8612 29.2288 3
      vertex 68.35 29.5703 9
      vertex 68.8612 29.2288 9
    endloop
  endfacet
  facet normal 0.555488 0.831524 0
    outer loop
      vertex 68.35 29.5703 9
      vertex 68.8612 29.2288 3
      vertex 68.35 29.5703 3
    endloop
  endfacet
  facet normal 0.0653855 0.99786 -0
    outer loop
      vertex 66.6135 30.1598 3
      vertex 66 30.2 9
      vertex 66.6135 30.1598 9
    endloop
  endfacet
  facet normal 0.0653855 0.99786 0
    outer loop
      vertex 66 30.2 9
      vertex 66.6135 30.1598 3
      vertex 66 30.2 3
    endloop
  endfacet
  facet normal 0.555488 -0.831524 0
    outer loop
      vertex 68.35 21.4297 3
      vertex 68.8612 21.7712 9
      vertex 68.35 21.4297 9
    endloop
  endfacet
  facet normal 0.555488 -0.831524 0
    outer loop
      vertex 68.8612 21.7712 9
      vertex 68.35 21.4297 3
      vertex 68.8612 21.7712 3
    endloop
  endfacet
  facet normal 0 0 1
    outer loop
      vertex 69.5902 25.5 9
      vertex 70.7 25.5 9
      vertex 70.6598 26.1135 9
    endloop
  endfacet
  facet normal 0 0 1
    outer loop
      vertex 69.5579 25.9764 9
      vertex 70.6598 26.1135 9
      vertex 70.5398 26.7164 9
    endloop
  endfacet
  facet normal 0 0 1
    outer loop
      vertex 70.7 25.5 9
      vertex 69.5902 25.5 9
      vertex 70.6598 24.8865 9
    endloop
  endfacet
  facet normal 0 0 1
    outer loop
      vertex 69.4679 26.4292 9
      vertex 70.5398 26.7164 9
      vertex 70.3422 27.2986 9
    endloop
  endfacet
  facet normal -0 0 1
    outer loop
      vertex 69.56 25.0393 9
      vertex 70.6598 24.8865 9
      vertex 69.5902 25.5 9
    endloop
  endfacet
  facet normal 0 0 1
    outer loop
      vertex 69.3169 26.8739 9
      vertex 70.3422 27.2986 9
      vertex 70.0703 27.85 9
    endloop
  endfacet
  facet normal -0 0 1
    outer loop
      vertex 69.5595 25.0314 9
      vertex 70.6598 24.8865 9
      vertex 69.56 25.0393 9
    endloop
  endfacet
  facet normal 0 0 1
    outer loop
      vertex 69.1048 27.3017 9
      vertex 70.0703 27.85 9
      vertex 69.7288 28.3612 9
    endloop
  endfacet
  facet normal -0 0 1
    outer loop
      vertex 69.5579 25.0236 9
      vertex 70.6598 24.8865 9
      vertex 69.5595 25.0314 9
    endloop
  endfacet
  facet normal 0 0 1
    outer loop
      vertex 70.6598 24.8865 9
      vertex 69.5579 25.0236 9
      vertex 70.5398 24.2836 9
    endloop
  endfacet
  facet normal 0 0 1
    outer loop
      vertex 70.6598 26.1135 9
      vertex 69.56 25.9607 9
      vertex 69.5902 25.5 9
    endloop
  endfacet
  facet normal 0 0 1
    outer loop
      vertex 70.6598 26.1135 9
      vertex 69.5595 25.9686 9
      vertex 69.56 25.9607 9
    endloop
  endfacet
  facet normal 0 0 1
    outer loop
      vertex 70.6598 26.1135 9
      vertex 69.5579 25.9764 9
      vertex 69.5595 25.9686 9
    endloop
  endfacet
  facet normal 0 0 1
    outer loop
      vertex 70.5398 26.7164 9
      vertex 69.4679 26.4292 9
      vertex 69.5579 25.9764 9
    endloop
  endfacet
  facet normal 0 0 1
    outer loop
      vertex 68.8431 27.6916 9
      vertex 69.7288 28.3612 9
      vertex 69.3234 28.8234 9
    endloop
  endfacet
  facet normal 0 0 1
    outer loop
      vertex 70.3422 27.2986 9
      vertex 69.3195 26.8664 9
      vertex 69.4679 26.4292 9
    endloop
  endfacet
  facet normal 0 0 1
    outer loop
      vertex 70.3422 27.2986 9
      vertex 69.3169 26.8739 9
      vertex 69.3195 26.8664 9
    endloop
  endfacet
  facet normal 0 0 1
    outer loop
      vertex 70.0703 27.85 9
      vertex 69.1127 27.288 9
      vertex 69.3169 26.8739 9
    endloop
  endfacet
  facet normal 0 0 1
    outer loop
      vertex 70.0703 27.85 9
      vertex 69.1092 27.2951 9
      vertex 69.1127 27.288 9
    endloop
  endfacet
  facet normal 0 0 1
    outer loop
      vertex 70.0703 27.85 9
      vertex 69.1048 27.3017 9
      vertex 69.1092 27.2951 9
    endloop
  endfacet
  facet normal 0 0 1
    outer loop
      vertex 68.5387 28.0387 9
      vertex 69.3234 28.8234 9
      vertex 68.8612 29.2288 9
    endloop
  endfacet
  facet normal 0 0 1
    outer loop
      vertex 69.7288 28.3612 9
      vertex 68.8483 27.6856 9
      vertex 69.1048 27.3017 9
    endloop
  endfacet
  facet normal 0 0 1
    outer loop
      vertex 69.7288 28.3612 9
      vertex 68.8431 27.6916 9
      vertex 68.8483 27.6856 9
    endloop
  endfacet
  facet normal 0 0 1
    outer loop
      vertex 69.3234 28.8234 9
      vertex 68.5387 28.0387 9
      vertex 68.8431 27.6916 9
    endloop
  endfacet
  facet normal 0 0 1
    outer loop
      vertex 68.1856 28.3483 9
      vertex 68.8612 29.2288 9
      vertex 68.35 29.5703 9
    endloop
  endfacet
  facet normal 0 0 1
    outer loop
      vertex 68.8612 29.2288 9
      vertex 68.1916 28.3431 9
      vertex 68.5387 28.0387 9
    endloop
  endfacet
  facet normal 0 0 1
    outer loop
      vertex 68.8612 29.2288 9
      vertex 68.1856 28.3483 9
      vertex 68.1916 28.3431 9
    endloop
  endfacet
  facet normal 0 0 1
    outer loop
      vertex 68.35 29.5703 9
      vertex 67.8017 28.6048 9
      vertex 68.1856 28.3483 9
    endloop
  endfacet
  facet normal 0 0 1
    outer loop
      vertex 67.788 28.6127 9
      vertex 68.35 29.5703 9
      vertex 67.7986 29.8422 9
    endloop
  endfacet
  facet normal 0 0 1
    outer loop
      vertex 68.35 29.5703 9
      vertex 67.7951 28.6092 9
      vertex 67.8017 28.6048 9
    endloop
  endfacet
  facet normal 0 0 1
    outer loop
      vertex 68.35 29.5703 9
      vertex 67.788 28.6127 9
      vertex 67.7951 28.6092 9
    endloop
  endfacet
  facet normal 0 0 1
    outer loop
      vertex 67.7986 29.8422 9
      vertex 67.3739 28.8169 9
      vertex 67.788 28.6127 9
    endloop
  endfacet
  facet normal 0 0 1
    outer loop
      vertex 67.7986 29.8422 9
      vertex 67.3664 28.8195 9
      vertex 67.3739 28.8169 9
    endloop
  endfacet
  facet normal 0 0 1
    outer loop
      vertex 67.2164 30.0399 9
      vertex 67.3664 28.8195 9
      vertex 67.7986 29.8422 9
    endloop
  endfacet
  facet normal 0 0 1
    outer loop
      vertex 67.2164 30.0399 9
      vertex 66.9292 28.9679 9
      vertex 67.3664 28.8195 9
    endloop
  endfacet
  facet normal 0 0 1
    outer loop
      vertex 66.6135 30.1598 9
      vertex 66.9292 28.9679 9
      vertex 67.2164 30.0399 9
    endloop
  endfacet
  facet normal 0 0 1
    outer loop
      vertex 66.6135 30.1598 9
      vertex 66.4764 29.0579 9
      vertex 66.9292 28.9679 9
    endloop
  endfacet
  facet normal 0 0 1
    outer loop
      vertex 66.6135 30.1598 9
      vertex 66.4686 29.0595 9
      vertex 66.4764 29.0579 9
    endloop
  endfacet
  facet normal 0 0 1
    outer loop
      vertex 66.6135 30.1598 9
      vertex 66.4607 29.06 9
      vertex 66.4686 29.0595 9
    endloop
  endfacet
  facet normal 0 0 1
    outer loop
      vertex 66 30.2 9
      vertex 66.4607 29.06 9
      vertex 66.6135 30.1598 9
    endloop
  endfacet
  facet normal 0 0 1
    outer loop
      vertex 66 30.2 9
      vertex 66 29.0902 9
      vertex 66.4607 29.06 9
    endloop
  endfacet
  facet normal 0 0 1
    outer loop
      vertex 66 30.2 9
      vertex 65.5393 29.06 9
      vertex 66 29.0902 9
    endloop
  endfacet
  facet normal -0 0 1
    outer loop
      vertex 65.3865 30.1598 9
      vertex 65.5393 29.06 9
      vertex 66 30.2 9
    endloop
  endfacet
  facet normal 0 0 1
    outer loop
      vertex 65.5393 29.06 9
      vertex 65.3865 30.1598 9
      vertex 65.5314 29.0595 9
    endloop
  endfacet
  facet normal 0 0 1
    outer loop
      vertex 65.5314 29.0595 9
      vertex 65.3865 30.1598 9
      vertex 65.5236 29.0579 9
    endloop
  endfacet
  facet normal 0 0 1
    outer loop
      vertex 65.3865 30.1598 9
      vertex 65.0708 28.9679 9
      vertex 65.5236 29.0579 9
    endloop
  endfacet
  facet normal -0 0 1
    outer loop
      vertex 64.7836 30.0399 9
      vertex 65.0708 28.9679 9
      vertex 65.3865 30.1598 9
    endloop
  endfacet
  facet normal 0 0 1
    outer loop
      vertex 64.7836 30.0399 9
      vertex 64.6336 28.8195 9
      vertex 65.0708 28.9679 9
    endloop
  endfacet
  facet normal -0 0 1
    outer loop
      vertex 64.2014 29.8422 9
      vertex 64.6336 28.8195 9
      vertex 64.7836 30.0399 9
    endloop
  endfacet
  facet normal 0 0 1
    outer loop
      vertex 64.6336 28.8195 9
      vertex 64.2014 29.8422 9
      vertex 64.6261 28.8169 9
    endloop
  endfacet
  facet normal 0 0 1
    outer loop
      vertex 64.6261 28.8169 9
      vertex 64.2014 29.8422 9
      vertex 64.212 28.6127 9
    endloop
  endfacet
  facet normal -0 0 1
    outer loop
      vertex 63.65 29.5703 9
      vertex 64.212 28.6127 9
      vertex 64.2014 29.8422 9
    endloop
  endfacet
  facet normal 0 0 1
    outer loop
      vertex 64.212 28.6127 9
      vertex 63.65 29.5703 9
      vertex 64.2049 28.6092 9
    endloop
  endfacet
  facet normal 0 0 1
    outer loop
      vertex 64.2049 28.6092 9
      vertex 63.65 29.5703 9
      vertex 64.1983 28.6048 9
    endloop
  endfacet
  facet normal 0 0 1
    outer loop
      vertex 64.1983 28.6048 9
      vertex 63.65 29.5703 9
      vertex 63.8144 28.3483 9
    endloop
  endfacet
  facet normal -0 0 1
    outer loop
      vertex 63.1388 29.2288 9
      vertex 63.8144 28.3483 9
      vertex 63.65 29.5703 9
    endloop
  endfacet
  facet normal 0 0 1
    outer loop
      vertex 63.8144 28.3483 9
      vertex 63.1388 29.2288 9
      vertex 63.8084 28.3431 9
    endloop
  endfacet
  facet normal 0 0 1
    outer loop
      vertex 63.8084 28.3431 9
      vertex 63.1388 29.2288 9
      vertex 63.4613 28.0387 9
    endloop
  endfacet
  facet normal -0 0 1
    outer loop
      vertex 62.6766 28.8234 9
      vertex 63.4613 28.0387 9
      vertex 63.1388 29.2288 9
    endloop
  endfacet
  facet normal 0 0 1
    outer loop
      vertex 63.4613 28.0387 9
      vertex 62.6766 28.8234 9
      vertex 63.1569 27.6916 9
    endloop
  endfacet
  facet normal -0 0 1
    outer loop
      vertex 62.2712 28.3612 9
      vertex 63.1569 27.6916 9
      vertex 62.6766 28.8234 9
    endloop
  endfacet
  facet normal 0 0 1
    outer loop
      vertex 63.1569 27.6916 9
      vertex 62.2712 28.3612 9
      vertex 63.1517 27.6856 9
    endloop
  endfacet
  facet normal 0 0 1
    outer loop
      vertex 63.1517 27.6856 9
      vertex 62.2712 28.3612 9
      vertex 62.8952 27.3017 9
    endloop
  endfacet
  facet normal -0 0 1
    outer loop
      vertex 61.9297 27.85 9
      vertex 62.8952 27.3017 9
      vertex 62.2712 28.3612 9
    endloop
  endfacet
  facet normal 0 0 1
    outer loop
      vertex 62.8952 27.3017 9
      vertex 61.9297 27.85 9
      vertex 62.8908 27.2951 9
    endloop
  endfacet
  facet normal 0 0 1
    outer loop
      vertex 62.8908 27.2951 9
      vertex 61.9297 27.85 9
      vertex 62.8873 27.288 9
    endloop
  endfacet
  facet normal 0 0 1
    outer loop
      vertex 62.8873 27.288 9
      vertex 61.9297 27.85 9
      vertex 62.6831 26.8739 9
    endloop
  endfacet
  facet normal -0 0 1
    outer loop
      vertex 61.6578 27.2986 9
      vertex 62.6831 26.8739 9
      vertex 61.9297 27.85 9
    endloop
  endfacet
  facet normal 0 0 1
    outer loop
      vertex 62.6831 26.8739 9
      vertex 61.6578 27.2986 9
      vertex 62.6805 26.8664 9
    endloop
  endfacet
  facet normal 0 0 1
    outer loop
      vertex 61.3402 26.1135 9
      vertex 62.44 25.9607 9
      vertex 62.4405 25.9686 9
    endloop
  endfacet
  facet normal -0 0 1
    outer loop
      vertex 61.4601 26.7164 9
      vertex 62.5321 26.4292 9
      vertex 61.6578 27.2986 9
    endloop
  endfacet
  facet normal 0 0 1
    outer loop
      vertex 62.6805 26.8664 9
      vertex 61.6578 27.2986 9
      vertex 62.5321 26.4292 9
    endloop
  endfacet
  facet normal -0 0 1
    outer loop
      vertex 69.4679 24.5708 9
      vertex 70.5398 24.2836 9
      vertex 69.5579 25.0236 9
    endloop
  endfacet
  facet normal 0 0 1
    outer loop
      vertex 70.5398 24.2836 9
      vertex 69.4679 24.5708 9
      vertex 70.3422 23.7014 9
    endloop
  endfacet
  facet normal -0 0 1
    outer loop
      vertex 69.3195 24.1336 9
      vertex 70.3422 23.7014 9
      vertex 69.4679 24.5708 9
    endloop
  endfacet
  facet normal -0 0 1
    outer loop
      vertex 69.3169 24.1261 9
      vertex 70.3422 23.7014 9
      vertex 69.3195 24.1336 9
    endloop
  endfacet
  facet normal 0 0 1
    outer loop
      vertex 70.3422 23.7014 9
      vertex 69.3169 24.1261 9
      vertex 70.0703 23.15 9
    endloop
  endfacet
  facet normal -0 0 1
    outer loop
      vertex 69.1127 23.712 9
      vertex 70.0703 23.15 9
      vertex 69.3169 24.1261 9
    endloop
  endfacet
  facet normal -0 0 1
    outer loop
      vertex 69.1092 23.7049 9
      vertex 70.0703 23.15 9
      vertex 69.1127 23.712 9
    endloop
  endfacet
  facet normal -0 0 1
    outer loop
      vertex 69.1048 23.6983 9
      vertex 70.0703 23.15 9
      vertex 69.1092 23.7049 9
    endloop
  endfacet
  facet normal 0 0 1
    outer loop
      vertex 70.0703 23.15 9
      vertex 69.1048 23.6983 9
      vertex 69.7288 22.6388 9
    endloop
  endfacet
  facet normal -0 0 1
    outer loop
      vertex 68.8483 23.3144 9
      vertex 69.7288 22.6388 9
      vertex 69.1048 23.6983 9
    endloop
  endfacet
  facet normal -0 0 1
    outer loop
      vertex 68.8431 23.3084 9
      vertex 69.7288 22.6388 9
      vertex 68.8483 23.3144 9
    endloop
  endfacet
  facet normal 0 0 1
    outer loop
      vertex 69.7288 22.6388 9
      vertex 68.8431 23.3084 9
      vertex 69.3234 22.1766 9
    endloop
  endfacet
  facet normal -0 0 1
    outer loop
      vertex 68.5387 22.9613 9
      vertex 69.3234 22.1766 9
      vertex 68.8431 23.3084 9
    endloop
  endfacet
  facet normal 0 0 1
    outer loop
      vertex 69.3234 22.1766 9
      vertex 68.5387 22.9613 9
      vertex 68.8612 21.7712 9
    endloop
  endfacet
  facet normal -0 0 1
    outer loop
      vertex 68.1916 22.6569 9
      vertex 68.8612 21.7712 9
      vertex 68.5387 22.9613 9
    endloop
  endfacet
  facet normal -0 0 1
    outer loop
      vertex 68.1856 22.6517 9
      vertex 68.8612 21.7712 9
      vertex 68.1916 22.6569 9
    endloop
  endfacet
  facet normal 0 0 1
    outer loop
      vertex 68.8612 21.7712 9
      vertex 68.1856 22.6517 9
      vertex 68.35 21.4297 9
    endloop
  endfacet
  facet normal -0 0 1
    outer loop
      vertex 67.8017 22.3952 9
      vertex 68.35 21.4297 9
      vertex 68.1856 22.6517 9
    endloop
  endfacet
  facet normal -0 0 1
    outer loop
      vertex 67.7951 22.3908 9
      vertex 68.35 21.4297 9
      vertex 67.8017 22.3952 9
    endloop
  endfacet
  facet normal -0 0 1
    outer loop
      vertex 67.788 22.3873 9
      vertex 68.35 21.4297 9
      vertex 67.7951 22.3908 9
    endloop
  endfacet
  facet normal 0 0 1
    outer loop
      vertex 68.35 21.4297 9
      vertex 67.788 22.3873 9
      vertex 67.7986 21.1578 9
    endloop
  endfacet
  facet normal -0 0 1
    outer loop
      vertex 67.3739 22.1831 9
      vertex 67.7986 21.1578 9
      vertex 67.788 22.3873 9
    endloop
  endfacet
  facet normal -0 0 1
    outer loop
      vertex 67.3664 22.1805 9
      vertex 67.7986 21.1578 9
      vertex 67.3739 22.1831 9
    endloop
  endfacet
  facet normal 0 0 1
    outer loop
      vertex 67.3664 22.1805 9
      vertex 67.2164 20.9601 9
      vertex 67.7986 21.1578 9
    endloop
  endfacet
  facet normal -0 0 1
    outer loop
      vertex 66.9292 22.0321 9
      vertex 67.2164 20.9601 9
      vertex 67.3664 22.1805 9
    endloop
  endfacet
  facet normal 0 0 1
    outer loop
      vertex 66.9292 22.0321 9
      vertex 66.6135 20.8402 9
      vertex 67.2164 20.9601 9
    endloop
  endfacet
  facet normal -0 0 1
    outer loop
      vertex 66.4764 21.9421 9
      vertex 66.6135 20.8402 9
      vertex 66.9292 22.0321 9
    endloop
  endfacet
  facet normal -0 0 1
    outer loop
      vertex 66.4686 21.9405 9
      vertex 66.6135 20.8402 9
      vertex 66.4764 21.9421 9
    endloop
  endfacet
  facet normal -0 0 1
    outer loop
      vertex 66.4607 21.94 9
      vertex 66.6135 20.8402 9
      vertex 66.4686 21.9405 9
    endloop
  endfacet
  facet normal -0 0 1
    outer loop
      vertex 66 21.9098 9
      vertex 66.6135 20.8402 9
      vertex 66.4607 21.94 9
    endloop
  endfacet
  facet normal 0 0 1
    outer loop
      vertex 66 21.9098 9
      vertex 66 20.8 9
      vertex 66.6135 20.8402 9
    endloop
  endfacet
  facet normal 0 0 1
    outer loop
      vertex 65.5393 21.94 9
      vertex 66 20.8 9
      vertex 66 21.9098 9
    endloop
  endfacet
  facet normal 0 0 1
    outer loop
      vertex 65.3865 20.8402 9
      vertex 65.5393 21.94 9
      vertex 65.5314 21.9405 9
    endloop
  endfacet
  facet normal 0 0 1
    outer loop
      vertex 65.3865 20.8402 9
      vertex 65.5314 21.9405 9
      vertex 65.5236 21.9421 9
    endloop
  endfacet
  facet normal 0 0 1
    outer loop
      vertex 65.5393 21.94 9
      vertex 65.3865 20.8402 9
      vertex 66 20.8 9
    endloop
  endfacet
  facet normal 0 0 1
    outer loop
      vertex 65.0708 22.0321 9
      vertex 65.3865 20.8402 9
      vertex 65.5236 21.9421 9
    endloop
  endfacet
  facet normal 0 0 1
    outer loop
      vertex 65.0708 22.0321 9
      vertex 64.7836 20.9601 9
      vertex 65.3865 20.8402 9
    endloop
  endfacet
  facet normal 0 0 1
    outer loop
      vertex 64.6336 22.1805 9
      vertex 64.7836 20.9601 9
      vertex 65.0708 22.0321 9
    endloop
  endfacet
  facet normal 0 0 1
    outer loop
      vertex 64.2014 21.1578 9
      vertex 64.6336 22.1805 9
      vertex 64.6261 22.1831 9
    endloop
  endfacet
  facet normal 0 0 1
    outer loop
      vertex 64.2014 21.1578 9
      vertex 64.6261 22.1831 9
      vertex 64.212 22.3873 9
    endloop
  endfacet
  facet normal 0 0 1
    outer loop
      vertex 63.65 21.4297 9
      vertex 64.212 22.3873 9
      vertex 64.2049 22.3908 9
    endloop
  endfacet
  facet normal 0 0 1
    outer loop
      vertex 64.6336 22.1805 9
      vertex 64.2014 21.1578 9
      vertex 64.7836 20.9601 9
    endloop
  endfacet
  facet normal 0 0 1
    outer loop
      vertex 63.65 21.4297 9
      vertex 64.2049 22.3908 9
      vertex 64.1983 22.3952 9
    endloop
  endfacet
  facet normal 0 0 1
    outer loop
      vertex 63.65 21.4297 9
      vertex 64.1983 22.3952 9
      vertex 63.8144 22.6517 9
    endloop
  endfacet
  facet normal 0 0 1
    outer loop
      vertex 63.1388 21.7712 9
      vertex 63.8144 22.6517 9
      vertex 63.8084 22.6569 9
    endloop
  endfacet
  facet normal 0 0 1
    outer loop
      vertex 64.212 22.3873 9
      vertex 63.65 21.4297 9
      vertex 64.2014 21.1578 9
    endloop
  endfacet
  facet normal 0 0 1
    outer loop
      vertex 63.1388 21.7712 9
      vertex 63.8084 22.6569 9
      vertex 63.4613 22.9613 9
    endloop
  endfacet
  facet normal 0 0 1
    outer loop
      vertex 62.6766 22.1766 9
      vertex 63.4613 22.9613 9
      vertex 63.1569 23.3084 9
    endloop
  endfacet
  facet normal 0 0 1
    outer loop
      vertex 62.2712 22.6388 9
      vertex 63.1569 23.3084 9
      vertex 63.1517 23.3144 9
    endloop
  endfacet
  facet normal 0 0 1
    outer loop
      vertex 63.8144 22.6517 9
      vertex 63.1388 21.7712 9
      vertex 63.65 21.4297 9
    endloop
  endfacet
  facet normal 0 0 1
    outer loop
      vertex 62.2712 22.6388 9
      vertex 63.1517 23.3144 9
      vertex 62.8952 23.6983 9
    endloop
  endfacet
  facet normal 0 0 1
    outer loop
      vertex 61.9297 23.15 9
      vertex 62.8952 23.6983 9
      vertex 62.8908 23.7049 9
    endloop
  endfacet
  facet normal 0 0 1
    outer loop
      vertex 61.9297 23.15 9
      vertex 62.8908 23.7049 9
      vertex 62.8873 23.712 9
    endloop
  endfacet
  facet normal 0 0 1
    outer loop
      vertex 61.9297 23.15 9
      vertex 62.8873 23.712 9
      vertex 62.6831 24.1261 9
    endloop
  endfacet
  facet normal 0 0 1
    outer loop
      vertex 61.6578 23.7014 9
      vertex 62.6831 24.1261 9
      vertex 62.6805 24.1336 9
    endloop
  endfacet
  facet normal 0 0 1
    outer loop
      vertex 63.4613 22.9613 9
      vertex 62.6766 22.1766 9
      vertex 63.1388 21.7712 9
    endloop
  endfacet
  facet normal 0 0 1
    outer loop
      vertex 61.6578 23.7014 9
      vertex 62.6805 24.1336 9
      vertex 62.5321 24.5708 9
    endloop
  endfacet
  facet normal 0 0 1
    outer loop
      vertex 61.4601 24.2836 9
      vertex 62.5321 24.5708 9
      vertex 62.4421 25.0236 9
    endloop
  endfacet
  facet normal 0 0 1
    outer loop
      vertex 61.3402 24.8865 9
      vertex 62.4421 25.0236 9
      vertex 62.4405 25.0314 9
    endloop
  endfacet
  facet normal 0 0 1
    outer loop
      vertex 61.3402 24.8865 9
      vertex 62.44 25.0393 9
      vertex 62.4098 25.5 9
    endloop
  endfacet
  facet normal 0 0 1
    outer loop
      vertex 63.1569 23.3084 9
      vertex 62.2712 22.6388 9
      vertex 62.6766 22.1766 9
    endloop
  endfacet
  facet normal 0 0 1
    outer loop
      vertex 62.44 25.0393 9
      vertex 61.3402 24.8865 9
      vertex 62.4405 25.0314 9
    endloop
  endfacet
  facet normal 0 0 1
    outer loop
      vertex 62.5321 26.4292 9
      vertex 61.4601 26.7164 9
      vertex 62.4421 25.9764 9
    endloop
  endfacet
  facet normal -0 0 1
    outer loop
      vertex 61.3402 26.1135 9
      vertex 62.4421 25.9764 9
      vertex 61.4601 26.7164 9
    endloop
  endfacet
  facet normal 0 0 1
    outer loop
      vertex 62.8952 23.6983 9
      vertex 61.9297 23.15 9
      vertex 62.2712 22.6388 9
    endloop
  endfacet
  facet normal 0 0 1
    outer loop
      vertex 62.4421 25.9764 9
      vertex 61.3402 26.1135 9
      vertex 62.4405 25.9686 9
    endloop
  endfacet
  facet normal 0 0 1
    outer loop
      vertex 62.6831 24.1261 9
      vertex 61.6578 23.7014 9
      vertex 61.9297 23.15 9
    endloop
  endfacet
  facet normal 0 0 1
    outer loop
      vertex 62.44 25.9607 9
      vertex 61.3402 26.1135 9
      vertex 62.4098 25.5 9
    endloop
  endfacet
  facet normal 0 0 1
    outer loop
      vertex 62.5321 24.5708 9
      vertex 61.4601 24.2836 9
      vertex 61.6578 23.7014 9
    endloop
  endfacet
  facet normal 0 0 1
    outer loop
      vertex 61.3 25.5 9
      vertex 62.4098 25.5 9
      vertex 61.3402 26.1135 9
    endloop
  endfacet
  facet normal 0 0 1
    outer loop
      vertex 62.4421 25.0236 9
      vertex 61.3402 24.8865 9
      vertex 61.4601 24.2836 9
    endloop
  endfacet
  facet normal 0 0 1
    outer loop
      vertex 62.4098 25.5 9
      vertex 61.3 25.5 9
      vertex 61.3402 24.8865 9
    endloop
  endfacet
  facet normal 0.659402 -0.75179 0
    outer loop
      vertex 68.8612 21.7712 3
      vertex 69.3234 22.1766 9
      vertex 68.8612 21.7712 9
    endloop
  endfacet
  facet normal 0.659402 -0.75179 0
    outer loop
      vertex 69.3234 22.1766 9
      vertex 68.8612 21.7712 3
      vertex 69.3234 22.1766 3
    endloop
  endfacet
  facet normal -0.195052 0.980793 0
    outer loop
      vertex 65.3865 30.1598 3
      vertex 64.7836 30.0399 9
      vertex 65.3865 30.1598 9
    endloop
  endfacet
  facet normal -0.195052 0.980793 0
    outer loop
      vertex 64.7836 30.0399 9
      vertex 65.3865 30.1598 3
      vertex 64.7836 30.0399 3
    endloop
  endfacet
  facet normal -0.442262 -0.896886 0
    outer loop
      vertex 63.65 21.4297 3
      vertex 64.2014 21.1578 9
      vertex 63.65 21.4297 9
    endloop
  endfacet
  facet normal -0.442262 -0.896886 -0
    outer loop
      vertex 64.2014 21.1578 9
      vertex 63.65 21.4297 3
      vertex 64.2014 21.1578 3
    endloop
  endfacet
  facet normal 0.75179 -0.659402 0
    outer loop
      vertex 69.3234 22.1766 9
      vertex 69.7288 22.6388 3
      vertex 69.7288 22.6388 9
    endloop
  endfacet
  facet normal 0.75179 -0.659402 0
    outer loop
      vertex 69.7288 22.6388 3
      vertex 69.3234 22.1766 9
      vertex 69.3234 22.1766 3
    endloop
  endfacet
  facet normal 0.321541 -0.946896 0
    outer loop
      vertex 67.2164 20.9601 3
      vertex 67.7986 21.1578 9
      vertex 67.2164 20.9601 9
    endloop
  endfacet
  facet normal 0.321541 -0.946896 0
    outer loop
      vertex 67.7986 21.1578 9
      vertex 67.2164 20.9601 3
      vertex 67.7986 21.1578 3
    endloop
  endfacet
  facet normal -0.896886 -0.442262 0
    outer loop
      vertex 61.9297 23.15 3
      vertex 61.6578 23.7014 9
      vertex 61.6578 23.7014 3
    endloop
  endfacet
  facet normal -0.896886 -0.442262 0
    outer loop
      vertex 61.6578 23.7014 9
      vertex 61.9297 23.15 3
      vertex 61.9297 23.15 9
    endloop
  endfacet
  facet normal 0.442262 -0.896886 0
    outer loop
      vertex 67.7986 21.1578 3
      vertex 68.35 21.4297 9
      vertex 67.7986 21.1578 9
    endloop
  endfacet
  facet normal 0.442262 -0.896886 0
    outer loop
      vertex 68.35 21.4297 9
      vertex 67.7986 21.1578 3
      vertex 68.35 21.4297 3
    endloop
  endfacet
  facet normal 0.0653855 -0.99786 0
    outer loop
      vertex 66 20.8 3
      vertex 66.6135 20.8402 9
      vertex 66 20.8 9
    endloop
  endfacet
  facet normal 0.0653855 -0.99786 0
    outer loop
      vertex 66.6135 20.8402 9
      vertex 66 20.8 3
      vertex 66.6135 20.8402 3
    endloop
  endfacet
  facet normal -0.195052 -0.980793 0
    outer loop
      vertex 64.7836 20.9601 3
      vertex 65.3865 20.8402 9
      vertex 64.7836 20.9601 9
    endloop
  endfacet
  facet normal -0.195052 -0.980793 -0
    outer loop
      vertex 65.3865 20.8402 9
      vertex 64.7836 20.9601 3
      vertex 65.3865 20.8402 3
    endloop
  endfacet
  facet normal -0.946896 -0.321541 0
    outer loop
      vertex 61.6578 23.7014 3
      vertex 61.4601 24.2836 9
      vertex 61.4601 24.2836 3
    endloop
  endfacet
  facet normal -0.946896 -0.321541 0
    outer loop
      vertex 61.4601 24.2836 9
      vertex 61.6578 23.7014 3
      vertex 61.6578 23.7014 9
    endloop
  endfacet
  facet normal 0.321541 0.946896 -0
    outer loop
      vertex 67.7986 29.8422 3
      vertex 67.2164 30.0399 9
      vertex 67.7986 29.8422 9
    endloop
  endfacet
  facet normal 0.321541 0.946896 0
    outer loop
      vertex 67.2164 30.0399 9
      vertex 67.7986 29.8422 3
      vertex 67.2164 30.0399 3
    endloop
  endfacet
  facet normal -0.99786 0.0653855 0
    outer loop
      vertex 61.3 25.5 3
      vertex 61.3402 26.1135 9
      vertex 61.3402 26.1135 3
    endloop
  endfacet
  facet normal -0.99786 0.0653855 0
    outer loop
      vertex 61.3402 26.1135 9
      vertex 61.3 25.5 3
      vertex 61.3 25.5 9
    endloop
  endfacet
  facet normal -0.946896 0.321541 0
    outer loop
      vertex 61.4601 26.7164 3
      vertex 61.6578 27.2986 9
      vertex 61.6578 27.2986 3
    endloop
  endfacet
  facet normal -0.946896 0.321541 0
    outer loop
      vertex 61.6578 27.2986 9
      vertex 61.4601 26.7164 3
      vertex 61.4601 26.7164 9
    endloop
  endfacet
  facet normal 0.75179 0.659402 0
    outer loop
      vertex 69.7288 28.3612 9
      vertex 69.3234 28.8234 3
      vertex 69.3234 28.8234 9
    endloop
  endfacet
  facet normal 0.75179 0.659402 0
    outer loop
      vertex 69.3234 28.8234 3
      vertex 69.7288 28.3612 9
      vertex 69.7288 28.3612 3
    endloop
  endfacet
  facet normal -0.321541 -0.946896 0
    outer loop
      vertex 64.2014 21.1578 3
      vertex 64.7836 20.9601 9
      vertex 64.2014 21.1578 9
    endloop
  endfacet
  facet normal -0.321541 -0.946896 -0
    outer loop
      vertex 64.7836 20.9601 9
      vertex 64.2014 21.1578 3
      vertex 64.7836 20.9601 3
    endloop
  endfacet
  facet normal 0.946945 0.321395 0
    outer loop
      vertex 70.5398 26.7164 9
      vertex 70.3422 27.2986 3
      vertex 70.3422 27.2986 9
    endloop
  endfacet
  facet normal 0.946945 0.321395 0
    outer loop
      vertex 70.3422 27.2986 3
      vertex 70.5398 26.7164 9
      vertex 70.5398 26.7164 3
    endloop
  endfacet
  facet normal -0.321541 0.946896 0
    outer loop
      vertex 64.7836 30.0399 3
      vertex 64.2014 29.8422 9
      vertex 64.7836 30.0399 9
    endloop
  endfacet
  facet normal -0.321541 0.946896 0
    outer loop
      vertex 64.2014 29.8422 9
      vertex 64.7836 30.0399 3
      vertex 64.2014 29.8422 3
    endloop
  endfacet
  facet normal -0.831524 -0.555488 0
    outer loop
      vertex 62.2712 22.6388 3
      vertex 61.9297 23.15 9
      vertex 61.9297 23.15 3
    endloop
  endfacet
  facet normal -0.831524 -0.555488 0
    outer loop
      vertex 61.9297 23.15 9
      vertex 62.2712 22.6388 3
      vertex 62.2712 22.6388 9
    endloop
  endfacet
  facet normal -0.75179 -0.659402 0
    outer loop
      vertex 62.6766 22.1766 3
      vertex 62.2712 22.6388 9
      vertex 62.2712 22.6388 3
    endloop
  endfacet
  facet normal -0.75179 -0.659402 0
    outer loop
      vertex 62.2712 22.6388 9
      vertex 62.6766 22.1766 3
      vertex 62.6766 22.1766 9
    endloop
  endfacet
  facet normal -0.980793 -0.195052 0
    outer loop
      vertex 61.4601 24.2836 3
      vertex 61.3402 24.8865 9
      vertex 61.3402 24.8865 3
    endloop
  endfacet
  facet normal -0.980793 -0.195052 0
    outer loop
      vertex 61.3402 24.8865 9
      vertex 61.4601 24.2836 3
      vertex 61.4601 24.2836 9
    endloop
  endfacet
  facet normal -0.0653855 -0.99786 0
    outer loop
      vertex 65.3865 20.8402 3
      vertex 66 20.8 9
      vertex 65.3865 20.8402 9
    endloop
  endfacet
  facet normal -0.0653855 -0.99786 -0
    outer loop
      vertex 66 20.8 9
      vertex 65.3865 20.8402 3
      vertex 66 20.8 3
    endloop
  endfacet
  facet normal -0.555488 -0.831524 0
    outer loop
      vertex 63.1388 21.7712 3
      vertex 63.65 21.4297 9
      vertex 63.1388 21.7712 9
    endloop
  endfacet
  facet normal -0.555488 -0.831524 -0
    outer loop
      vertex 63.65 21.4297 9
      vertex 63.1388 21.7712 3
      vertex 63.65 21.4297 3
    endloop
  endfacet
  facet normal -0.896886 0.442262 0
    outer loop
      vertex 61.6578 27.2986 3
      vertex 61.9297 27.85 9
      vertex 61.9297 27.85 3
    endloop
  endfacet
  facet normal -0.896886 0.442262 0
    outer loop
      vertex 61.9297 27.85 9
      vertex 61.6578 27.2986 3
      vertex 61.6578 27.2986 9
    endloop
  endfacet
  facet normal -0.659402 -0.75179 0
    outer loop
      vertex 62.6766 22.1766 3
      vertex 63.1388 21.7712 9
      vertex 62.6766 22.1766 9
    endloop
  endfacet
  facet normal -0.659402 -0.75179 -0
    outer loop
      vertex 63.1388 21.7712 9
      vertex 62.6766 22.1766 3
      vertex 63.1388 21.7712 3
    endloop
  endfacet
  facet normal 0.946945 -0.321395 0
    outer loop
      vertex 70.3422 72.7014 9
      vertex 70.5398 73.2836 3
      vertex 70.5398 73.2836 9
    endloop
  endfacet
  facet normal 0.946945 -0.321395 0
    outer loop
      vertex 70.5398 73.2836 3
      vertex 70.3422 72.7014 9
      vertex 70.3422 72.7014 3
    endloop
  endfacet
  facet normal 0.980762 0.195209 0
    outer loop
      vertex 70.6598 75.1135 9
      vertex 70.5398 75.7164 3
      vertex 70.5398 75.7164 9
    endloop
  endfacet
  facet normal 0.980762 0.195209 0
    outer loop
      vertex 70.5398 75.7164 3
      vertex 70.6598 75.1135 9
      vertex 70.6598 75.1135 3
    endloop
  endfacet
  facet normal 0.99786 0.0653855 0
    outer loop
      vertex 70.7 74.5 9
      vertex 70.6598 75.1135 3
      vertex 70.6598 75.1135 9
    endloop
  endfacet
  facet normal 0.99786 0.0653855 0
    outer loop
      vertex 70.6598 75.1135 3
      vertex 70.7 74.5 9
      vertex 70.7 74.5 3
    endloop
  endfacet
  facet normal 0.442262 0.896886 -0
    outer loop
      vertex 68.35 78.5703 3
      vertex 67.7986 78.8422 9
      vertex 68.35 78.5703 9
    endloop
  endfacet
  facet normal 0.442262 0.896886 0
    outer loop
      vertex 67.7986 78.8422 9
      vertex 68.35 78.5703 3
      vertex 67.7986 78.8422 3
    endloop
  endfacet
  facet normal 0.659402 0.75179 -0
    outer loop
      vertex 69.3234 77.8234 3
      vertex 68.8612 78.2288 9
      vertex 69.3234 77.8234 9
    endloop
  endfacet
  facet normal 0.659402 0.75179 0
    outer loop
      vertex 68.8612 78.2288 9
      vertex 69.3234 77.8234 3
      vertex 68.8612 78.2288 3
    endloop
  endfacet
  facet normal -0.99786 -0.0653855 0
    outer loop
      vertex 61.3402 73.8865 3
      vertex 61.3 74.5 9
      vertex 61.3 74.5 3
    endloop
  endfacet
  facet normal -0.99786 -0.0653855 0
    outer loop
      vertex 61.3 74.5 9
      vertex 61.3402 73.8865 3
      vertex 61.3402 73.8865 9
    endloop
  endfacet
  facet normal -0.0653855 0.99786 0
    outer loop
      vertex 66 79.2 3
      vertex 65.3865 79.1598 9
      vertex 66 79.2 9
    endloop
  endfacet
  facet normal -0.0653855 0.99786 0
    outer loop
      vertex 65.3865 79.1598 9
      vertex 66 79.2 3
      vertex 65.3865 79.1598 3
    endloop
  endfacet
  facet normal -0.442262 0.896886 0
    outer loop
      vertex 64.2014 78.8422 3
      vertex 63.65 78.5703 9
      vertex 64.2014 78.8422 9
    endloop
  endfacet
  facet normal -0.442262 0.896886 0
    outer loop
      vertex 63.65 78.5703 9
      vertex 64.2014 78.8422 3
      vertex 63.65 78.5703 3
    endloop
  endfacet
  facet normal 0.195209 0.980762 -0
    outer loop
      vertex 67.2164 79.0398 3
      vertex 66.6135 79.1598 9
      vertex 67.2164 79.0398 9
    endloop
  endfacet
  facet normal 0.195209 0.980762 0
    outer loop
      vertex 66.6135 79.1598 9
      vertex 67.2164 79.0398 3
      vertex 66.6135 79.1598 3
    endloop
  endfacet
  facet normal 0.831524 -0.555488 0
    outer loop
      vertex 69.7288 71.6388 9
      vertex 70.0703 72.15 3
      vertex 70.0703 72.15 9
    endloop
  endfacet
  facet normal 0.831524 -0.555488 0
    outer loop
      vertex 70.0703 72.15 3
      vertex 69.7288 71.6388 9
      vertex 69.7288 71.6388 3
    endloop
  endfacet
  facet normal 0.896886 0.442262 0
    outer loop
      vertex 70.3422 76.2986 9
      vertex 70.0703 76.85 3
      vertex 70.0703 76.85 9
    endloop
  endfacet
  facet normal 0.896886 0.442262 0
    outer loop
      vertex 70.0703 76.85 3
      vertex 70.3422 76.2986 9
      vertex 70.3422 76.2986 3
    endloop
  endfacet
  facet normal -0.555488 0.831524 0
    outer loop
      vertex 63.65 78.5703 3
      vertex 63.1388 78.2288 9
      vertex 63.65 78.5703 9
    endloop
  endfacet
  facet normal -0.555488 0.831524 0
    outer loop
      vertex 63.1388 78.2288 9
      vertex 63.65 78.5703 3
      vertex 63.1388 78.2288 3
    endloop
  endfacet
  facet normal -0.831524 0.555488 0
    outer loop
      vertex 61.9297 76.85 3
      vertex 62.2712 77.3612 9
      vertex 62.2712 77.3612 3
    endloop
  endfacet
  facet normal -0.831524 0.555488 0
    outer loop
      vertex 62.2712 77.3612 9
      vertex 61.9297 76.85 3
      vertex 61.9297 76.85 9
    endloop
  endfacet
  facet normal 0.195052 -0.980793 0
    outer loop
      vertex 66.6135 69.8402 3
      vertex 67.2164 69.9601 9
      vertex 66.6135 69.8402 9
    endloop
  endfacet
  facet normal 0.195052 -0.980793 0
    outer loop
      vertex 67.2164 69.9601 9
      vertex 66.6135 69.8402 3
      vertex 67.2164 69.9601 3
    endloop
  endfacet
  facet normal 0.831524 0.555488 0
    outer loop
      vertex 70.0703 76.85 9
      vertex 69.7288 77.3612 3
      vertex 69.7288 77.3612 9
    endloop
  endfacet
  facet normal 0.831524 0.555488 0
    outer loop
      vertex 69.7288 77.3612 3
      vertex 70.0703 76.85 9
      vertex 70.0703 76.85 3
    endloop
  endfacet
  facet normal 0.896886 -0.442262 0
    outer loop
      vertex 70.0703 72.15 9
      vertex 70.3422 72.7014 3
      vertex 70.3422 72.7014 9
    endloop
  endfacet
  facet normal 0.896886 -0.442262 0
    outer loop
      vertex 70.3422 72.7014 3
      vertex 70.0703 72.15 9
      vertex 70.0703 72.15 3
    endloop
  endfacet
  facet normal -0.75179 0.659402 0
    outer loop
      vertex 62.2712 77.3612 3
      vertex 62.6766 77.8234 9
      vertex 62.6766 77.8234 3
    endloop
  endfacet
  facet normal -0.75179 0.659402 0
    outer loop
      vertex 62.6766 77.8234 9
      vertex 62.2712 77.3612 3
      vertex 62.2712 77.3612 9
    endloop
  endfacet
  facet normal -0.659402 0.75179 0
    outer loop
      vertex 63.1388 78.2288 3
      vertex 62.6766 77.8234 9
      vertex 63.1388 78.2288 9
    endloop
  endfacet
  facet normal -0.659402 0.75179 0
    outer loop
      vertex 62.6766 77.8234 9
      vertex 63.1388 78.2288 3
      vertex 62.6766 77.8234 3
    endloop
  endfacet
  facet normal 0.321541 -0.946896 0
    outer loop
      vertex 67.2164 69.9601 3
      vertex 67.7986 70.1578 9
      vertex 67.2164 69.9601 9
    endloop
  endfacet
  facet normal 0.321541 -0.946896 0
    outer loop
      vertex 67.7986 70.1578 9
      vertex 67.2164 69.9601 3
      vertex 67.7986 70.1578 3
    endloop
  endfacet
  facet normal -0.980793 0.195052 0
    outer loop
      vertex 61.3402 75.1135 3
      vertex 61.4601 75.7164 9
      vertex 61.4601 75.7164 3
    endloop
  endfacet
  facet normal -0.980793 0.195052 0
    outer loop
      vertex 61.4601 75.7164 9
      vertex 61.3402 75.1135 3
      vertex 61.3402 75.1135 9
    endloop
  endfacet
  facet normal 0.99786 -0.0653855 0
    outer loop
      vertex 70.6598 73.8865 9
      vertex 70.7 74.5 3
      vertex 70.7 74.5 9
    endloop
  endfacet
  facet normal 0.99786 -0.0653855 0
    outer loop
      vertex 70.7 74.5 3
      vertex 70.6598 73.8865 9
      vertex 70.6598 73.8865 3
    endloop
  endfacet
  facet normal 0.980762 -0.195209 0
    outer loop
      vertex 70.5398 73.2836 9
      vertex 70.6598 73.8865 3
      vertex 70.6598 73.8865 9
    endloop
  endfacet
  facet normal 0.980762 -0.195209 0
    outer loop
      vertex 70.6598 73.8865 3
      vertex 70.5398 73.2836 9
      vertex 70.5398 73.2836 3
    endloop
  endfacet
  facet normal 0.555488 0.831524 -0
    outer loop
      vertex 68.8612 78.2288 3
      vertex 68.35 78.5703 9
      vertex 68.8612 78.2288 9
    endloop
  endfacet
  facet normal 0.555488 0.831524 0
    outer loop
      vertex 68.35 78.5703 9
      vertex 68.8612 78.2288 3
      vertex 68.35 78.5703 3
    endloop
  endfacet
  facet normal 0.0653855 0.99786 -0
    outer loop
      vertex 66.6135 79.1598 3
      vertex 66 79.2 9
      vertex 66.6135 79.1598 9
    endloop
  endfacet
  facet normal 0.0653855 0.99786 0
    outer loop
      vertex 66 79.2 9
      vertex 66.6135 79.1598 3
      vertex 66 79.2 3
    endloop
  endfacet
  facet normal 0.555488 -0.831524 0
    outer loop
      vertex 68.35 70.4297 3
      vertex 68.8612 70.7712 9
      vertex 68.35 70.4297 9
    endloop
  endfacet
  facet normal 0.555488 -0.831524 0
    outer loop
      vertex 68.8612 70.7712 9
      vertex 68.35 70.4297 3
      vertex 68.8612 70.7712 3
    endloop
  endfacet
  facet normal 0 0 1
    outer loop
      vertex 69.5902 74.5 9
      vertex 70.7 74.5 9
      vertex 70.6598 75.1135 9
    endloop
  endfacet
  facet normal 0 0 1
    outer loop
      vertex 69.5579 74.9764 9
      vertex 70.6598 75.1135 9
      vertex 70.5398 75.7164 9
    endloop
  endfacet
  facet normal 0 0 1
    outer loop
      vertex 70.7 74.5 9
      vertex 69.5902 74.5 9
      vertex 70.6598 73.8865 9
    endloop
  endfacet
  facet normal 0 0 1
    outer loop
      vertex 69.4679 75.4292 9
      vertex 70.5398 75.7164 9
      vertex 70.3422 76.2986 9
    endloop
  endfacet
  facet normal -0 0 1
    outer loop
      vertex 69.56 74.0393 9
      vertex 70.6598 73.8865 9
      vertex 69.5902 74.5 9
    endloop
  endfacet
  facet normal 0 0 1
    outer loop
      vertex 69.3169 75.8739 9
      vertex 70.3422 76.2986 9
      vertex 70.0703 76.85 9
    endloop
  endfacet
  facet normal -0 0 1
    outer loop
      vertex 69.5595 74.0314 9
      vertex 70.6598 73.8865 9
      vertex 69.56 74.0393 9
    endloop
  endfacet
  facet normal 0 0 1
    outer loop
      vertex 69.1048 76.3017 9
      vertex 70.0703 76.85 9
      vertex 69.7288 77.3612 9
    endloop
  endfacet
  facet normal -0 0 1
    outer loop
      vertex 69.5579 74.0236 9
      vertex 70.6598 73.8865 9
      vertex 69.5595 74.0314 9
    endloop
  endfacet
  facet normal 0 0 1
    outer loop
      vertex 70.6598 73.8865 9
      vertex 69.5579 74.0236 9
      vertex 70.5398 73.2836 9
    endloop
  endfacet
  facet normal 0 0 1
    outer loop
      vertex 70.6598 75.1135 9
      vertex 69.56 74.9607 9
      vertex 69.5902 74.5 9
    endloop
  endfacet
  facet normal 0 0 1
    outer loop
      vertex 70.6598 75.1135 9
      vertex 69.5595 74.9686 9
      vertex 69.56 74.9607 9
    endloop
  endfacet
  facet normal 0 0 1
    outer loop
      vertex 70.6598 75.1135 9
      vertex 69.5579 74.9764 9
      vertex 69.5595 74.9686 9
    endloop
  endfacet
  facet normal 0 0 1
    outer loop
      vertex 70.5398 75.7164 9
      vertex 69.4679 75.4292 9
      vertex 69.5579 74.9764 9
    endloop
  endfacet
  facet normal 0 0 1
    outer loop
      vertex 68.8431 76.6916 9
      vertex 69.7288 77.3612 9
      vertex 69.3234 77.8234 9
    endloop
  endfacet
  facet normal 0 0 1
    outer loop
      vertex 70.3422 76.2986 9
      vertex 69.3195 75.8664 9
      vertex 69.4679 75.4292 9
    endloop
  endfacet
  facet normal 0 0 1
    outer loop
      vertex 70.3422 76.2986 9
      vertex 69.3169 75.8739 9
      vertex 69.3195 75.8664 9
    endloop
  endfacet
  facet normal 0 0 1
    outer loop
      vertex 70.0703 76.85 9
      vertex 69.1127 76.288 9
      vertex 69.3169 75.8739 9
    endloop
  endfacet
  facet normal 0 0 1
    outer loop
      vertex 70.0703 76.85 9
      vertex 69.1092 76.2951 9
      vertex 69.1127 76.288 9
    endloop
  endfacet
  facet normal 0 0 1
    outer loop
      vertex 70.0703 76.85 9
      vertex 69.1048 76.3017 9
      vertex 69.1092 76.2951 9
    endloop
  endfacet
  facet normal 0 0 1
    outer loop
      vertex 68.5387 77.0387 9
      vertex 69.3234 77.8234 9
      vertex 68.8612 78.2288 9
    endloop
  endfacet
  facet normal 0 0 1
    outer loop
      vertex 69.7288 77.3612 9
      vertex 68.8483 76.6856 9
      vertex 69.1048 76.3017 9
    endloop
  endfacet
  facet normal 0 0 1
    outer loop
      vertex 69.7288 77.3612 9
      vertex 68.8431 76.6916 9
      vertex 68.8483 76.6856 9
    endloop
  endfacet
  facet normal 0 0 1
    outer loop
      vertex 69.3234 77.8234 9
      vertex 68.5387 77.0387 9
      vertex 68.8431 76.6916 9
    endloop
  endfacet
  facet normal 0 0 1
    outer loop
      vertex 68.1856 77.3483 9
      vertex 68.8612 78.2288 9
      vertex 68.35 78.5703 9
    endloop
  endfacet
  facet normal 0 0 1
    outer loop
      vertex 68.8612 78.2288 9
      vertex 68.1916 77.3431 9
      vertex 68.5387 77.0387 9
    endloop
  endfacet
  facet normal 0 0 1
    outer loop
      vertex 68.8612 78.2288 9
      vertex 68.1856 77.3483 9
      vertex 68.1916 77.3431 9
    endloop
  endfacet
  facet normal 0 0 1
    outer loop
      vertex 68.35 78.5703 9
      vertex 67.8017 77.6048 9
      vertex 68.1856 77.3483 9
    endloop
  endfacet
  facet normal 0 0 1
    outer loop
      vertex 67.788 77.6127 9
      vertex 68.35 78.5703 9
      vertex 67.7986 78.8422 9
    endloop
  endfacet
  facet normal 0 0 1
    outer loop
      vertex 68.35 78.5703 9
      vertex 67.7951 77.6092 9
      vertex 67.8017 77.6048 9
    endloop
  endfacet
  facet normal 0 0 1
    outer loop
      vertex 68.35 78.5703 9
      vertex 67.788 77.6127 9
      vertex 67.7951 77.6092 9
    endloop
  endfacet
  facet normal 0 0 1
    outer loop
      vertex 67.7986 78.8422 9
      vertex 67.3739 77.8169 9
      vertex 67.788 77.6127 9
    endloop
  endfacet
  facet normal 0 0 1
    outer loop
      vertex 67.7986 78.8422 9
      vertex 67.3664 77.8195 9
      vertex 67.3739 77.8169 9
    endloop
  endfacet
  facet normal 0 0 1
    outer loop
      vertex 67.2164 79.0398 9
      vertex 67.3664 77.8195 9
      vertex 67.7986 78.8422 9
    endloop
  endfacet
  facet normal 0 0 1
    outer loop
      vertex 67.2164 79.0398 9
      vertex 66.9292 77.9679 9
      vertex 67.3664 77.8195 9
    endloop
  endfacet
  facet normal 0 0 1
    outer loop
      vertex 66.6135 79.1598 9
      vertex 66.9292 77.9679 9
      vertex 67.2164 79.0398 9
    endloop
  endfacet
  facet normal 0 0 1
    outer loop
      vertex 66.6135 79.1598 9
      vertex 66.4764 78.0579 9
      vertex 66.9292 77.9679 9
    endloop
  endfacet
  facet normal 0 0 1
    outer loop
      vertex 66.6135 79.1598 9
      vertex 66.4686 78.0595 9
      vertex 66.4764 78.0579 9
    endloop
  endfacet
  facet normal 0 0 1
    outer loop
      vertex 66.6135 79.1598 9
      vertex 66.4607 78.06 9
      vertex 66.4686 78.0595 9
    endloop
  endfacet
  facet normal 0 0 1
    outer loop
      vertex 66 79.2 9
      vertex 66.4607 78.06 9
      vertex 66.6135 79.1598 9
    endloop
  endfacet
  facet normal 0 0 1
    outer loop
      vertex 66 79.2 9
      vertex 66 78.0902 9
      vertex 66.4607 78.06 9
    endloop
  endfacet
  facet normal 0 0 1
    outer loop
      vertex 66 79.2 9
      vertex 65.5393 78.06 9
      vertex 66 78.0902 9
    endloop
  endfacet
  facet normal -0 0 1
    outer loop
      vertex 65.3865 79.1598 9
      vertex 65.5393 78.06 9
      vertex 66 79.2 9
    endloop
  endfacet
  facet normal 0 0 1
    outer loop
      vertex 65.5393 78.06 9
      vertex 65.3865 79.1598 9
      vertex 65.5314 78.0595 9
    endloop
  endfacet
  facet normal 0 0 1
    outer loop
      vertex 65.5314 78.0595 9
      vertex 65.3865 79.1598 9
      vertex 65.5236 78.0579 9
    endloop
  endfacet
  facet normal 0 0 1
    outer loop
      vertex 65.3865 79.1598 9
      vertex 65.0708 77.9679 9
      vertex 65.5236 78.0579 9
    endloop
  endfacet
  facet normal -0 0 1
    outer loop
      vertex 64.7836 79.0398 9
      vertex 65.0708 77.9679 9
      vertex 65.3865 79.1598 9
    endloop
  endfacet
  facet normal 0 0 1
    outer loop
      vertex 64.7836 79.0398 9
      vertex 64.6336 77.8195 9
      vertex 65.0708 77.9679 9
    endloop
  endfacet
  facet normal -0 0 1
    outer loop
      vertex 64.2014 78.8422 9
      vertex 64.6336 77.8195 9
      vertex 64.7836 79.0398 9
    endloop
  endfacet
  facet normal 0 0 1
    outer loop
      vertex 64.6336 77.8195 9
      vertex 64.2014 78.8422 9
      vertex 64.6261 77.8169 9
    endloop
  endfacet
  facet normal 0 0 1
    outer loop
      vertex 64.6261 77.8169 9
      vertex 64.2014 78.8422 9
      vertex 64.212 77.6127 9
    endloop
  endfacet
  facet normal -0 0 1
    outer loop
      vertex 63.65 78.5703 9
      vertex 64.212 77.6127 9
      vertex 64.2014 78.8422 9
    endloop
  endfacet
  facet normal 0 0 1
    outer loop
      vertex 64.212 77.6127 9
      vertex 63.65 78.5703 9
      vertex 64.2049 77.6092 9
    endloop
  endfacet
  facet normal 0 0 1
    outer loop
      vertex 64.2049 77.6092 9
      vertex 63.65 78.5703 9
      vertex 64.1983 77.6048 9
    endloop
  endfacet
  facet normal 0 0 1
    outer loop
      vertex 64.1983 77.6048 9
      vertex 63.65 78.5703 9
      vertex 63.8144 77.3483 9
    endloop
  endfacet
  facet normal -0 0 1
    outer loop
      vertex 63.1388 78.2288 9
      vertex 63.8144 77.3483 9
      vertex 63.65 78.5703 9
    endloop
  endfacet
  facet normal 0 0 1
    outer loop
      vertex 63.8144 77.3483 9
      vertex 63.1388 78.2288 9
      vertex 63.8084 77.3431 9
    endloop
  endfacet
  facet normal 0 0 1
    outer loop
      vertex 63.8084 77.3431 9
      vertex 63.1388 78.2288 9
      vertex 63.4613 77.0387 9
    endloop
  endfacet
  facet normal -0 0 1
    outer loop
      vertex 62.6766 77.8234 9
      vertex 63.4613 77.0387 9
      vertex 63.1388 78.2288 9
    endloop
  endfacet
  facet normal 0 0 1
    outer loop
      vertex 63.4613 77.0387 9
      vertex 62.6766 77.8234 9
      vertex 63.1569 76.6916 9
    endloop
  endfacet
  facet normal -0 0 1
    outer loop
      vertex 62.2712 77.3612 9
      vertex 63.1569 76.6916 9
      vertex 62.6766 77.8234 9
    endloop
  endfacet
  facet normal 0 0 1
    outer loop
      vertex 63.1569 76.6916 9
      vertex 62.2712 77.3612 9
      vertex 63.1517 76.6856 9
    endloop
  endfacet
  facet normal 0 0 1
    outer loop
      vertex 63.1517 76.6856 9
      vertex 62.2712 77.3612 9
      vertex 62.8952 76.3017 9
    endloop
  endfacet
  facet normal -0 0 1
    outer loop
      vertex 61.9297 76.85 9
      vertex 62.8952 76.3017 9
      vertex 62.2712 77.3612 9
    endloop
  endfacet
  facet normal 0 0 1
    outer loop
      vertex 62.8952 76.3017 9
      vertex 61.9297 76.85 9
      vertex 62.8908 76.2951 9
    endloop
  endfacet
  facet normal 0 0 1
    outer loop
      vertex 62.8908 76.2951 9
      vertex 61.9297 76.85 9
      vertex 62.8873 76.288 9
    endloop
  endfacet
  facet normal 0 0 1
    outer loop
      vertex 62.8873 76.288 9
      vertex 61.9297 76.85 9
      vertex 62.6831 75.8739 9
    endloop
  endfacet
  facet normal -0 0 1
    outer loop
      vertex 61.6578 76.2986 9
      vertex 62.6831 75.8739 9
      vertex 61.9297 76.85 9
    endloop
  endfacet
  facet normal 0 0 1
    outer loop
      vertex 62.6831 75.8739 9
      vertex 61.6578 76.2986 9
      vertex 62.6805 75.8664 9
    endloop
  endfacet
  facet normal 0 0 1
    outer loop
      vertex 61.3402 75.1135 9
      vertex 62.44 74.9607 9
      vertex 62.4405 74.9686 9
    endloop
  endfacet
  facet normal -0 0 1
    outer loop
      vertex 61.4601 75.7164 9
      vertex 62.5321 75.4292 9
      vertex 61.6578 76.2986 9
    endloop
  endfacet
  facet normal 0 0 1
    outer loop
      vertex 62.6805 75.8664 9
      vertex 61.6578 76.2986 9
      vertex 62.5321 75.4292 9
    endloop
  endfacet
  facet normal -0 0 1
    outer loop
      vertex 69.4679 73.5708 9
      vertex 70.5398 73.2836 9
      vertex 69.5579 74.0236 9
    endloop
  endfacet
  facet normal 0 0 1
    outer loop
      vertex 70.5398 73.2836 9
      vertex 69.4679 73.5708 9
      vertex 70.3422 72.7014 9
    endloop
  endfacet
  facet normal -0 0 1
    outer loop
      vertex 69.3195 73.1336 9
      vertex 70.3422 72.7014 9
      vertex 69.4679 73.5708 9
    endloop
  endfacet
  facet normal -0 0 1
    outer loop
      vertex 69.3169 73.1261 9
      vertex 70.3422 72.7014 9
      vertex 69.3195 73.1336 9
    endloop
  endfacet
  facet normal 0 0 1
    outer loop
      vertex 70.3422 72.7014 9
      vertex 69.3169 73.1261 9
      vertex 70.0703 72.15 9
    endloop
  endfacet
  facet normal -0 0 1
    outer loop
      vertex 69.1127 72.712 9
      vertex 70.0703 72.15 9
      vertex 69.3169 73.1261 9
    endloop
  endfacet
  facet normal -0 0 1
    outer loop
      vertex 69.1092 72.7049 9
      vertex 70.0703 72.15 9
      vertex 69.1127 72.712 9
    endloop
  endfacet
  facet normal -0 0 1
    outer loop
      vertex 69.1048 72.6983 9
      vertex 70.0703 72.15 9
      vertex 69.1092 72.7049 9
    endloop
  endfacet
  facet normal 0 0 1
    outer loop
      vertex 70.0703 72.15 9
      vertex 69.1048 72.6983 9
      vertex 69.7288 71.6388 9
    endloop
  endfacet
  facet normal -0 0 1
    outer loop
      vertex 68.8483 72.3144 9
      vertex 69.7288 71.6388 9
      vertex 69.1048 72.6983 9
    endloop
  endfacet
  facet normal -0 0 1
    outer loop
      vertex 68.8431 72.3084 9
      vertex 69.7288 71.6388 9
      vertex 68.8483 72.3144 9
    endloop
  endfacet
  facet normal 0 0 1
    outer loop
      vertex 69.7288 71.6388 9
      vertex 68.8431 72.3084 9
      vertex 69.3234 71.1766 9
    endloop
  endfacet
  facet normal -0 0 1
    outer loop
      vertex 68.5387 71.9613 9
      vertex 69.3234 71.1766 9
      vertex 68.8431 72.3084 9
    endloop
  endfacet
  facet normal 0 0 1
    outer loop
      vertex 69.3234 71.1766 9
      vertex 68.5387 71.9613 9
      vertex 68.8612 70.7712 9
    endloop
  endfacet
  facet normal -0 0 1
    outer loop
      vertex 68.1916 71.6569 9
      vertex 68.8612 70.7712 9
      vertex 68.5387 71.9613 9
    endloop
  endfacet
  facet normal -0 0 1
    outer loop
      vertex 68.1856 71.6517 9
      vertex 68.8612 70.7712 9
      vertex 68.1916 71.6569 9
    endloop
  endfacet
  facet normal 0 0 1
    outer loop
      vertex 68.8612 70.7712 9
      vertex 68.1856 71.6517 9
      vertex 68.35 70.4297 9
    endloop
  endfacet
  facet normal -0 0 1
    outer loop
      vertex 67.8017 71.3952 9
      vertex 68.35 70.4297 9
      vertex 68.1856 71.6517 9
    endloop
  endfacet
  facet normal -0 0 1
    outer loop
      vertex 67.7951 71.3908 9
      vertex 68.35 70.4297 9
      vertex 67.8017 71.3952 9
    endloop
  endfacet
  facet normal -0 0 1
    outer loop
      vertex 67.788 71.3873 9
      vertex 68.35 70.4297 9
      vertex 67.7951 71.3908 9
    endloop
  endfacet
  facet normal 0 0 1
    outer loop
      vertex 68.35 70.4297 9
      vertex 67.788 71.3873 9
      vertex 67.7986 70.1578 9
    endloop
  endfacet
  facet normal -0 0 1
    outer loop
      vertex 67.3739 71.1831 9
      vertex 67.7986 70.1578 9
      vertex 67.788 71.3873 9
    endloop
  endfacet
  facet normal -0 0 1
    outer loop
      vertex 67.3664 71.1805 9
      vertex 67.7986 70.1578 9
      vertex 67.3739 71.1831 9
    endloop
  endfacet
  facet normal 0 0 1
    outer loop
      vertex 67.3664 71.1805 9
      vertex 67.2164 69.9601 9
      vertex 67.7986 70.1578 9
    endloop
  endfacet
  facet normal -0 0 1
    outer loop
      vertex 66.9292 71.0321 9
      vertex 67.2164 69.9601 9
      vertex 67.3664 71.1805 9
    endloop
  endfacet
  facet normal 0 0 1
    outer loop
      vertex 66.9292 71.0321 9
      vertex 66.6135 69.8402 9
      vertex 67.2164 69.9601 9
    endloop
  endfacet
  facet normal -0 0 1
    outer loop
      vertex 66.4764 70.9421 9
      vertex 66.6135 69.8402 9
      vertex 66.9292 71.0321 9
    endloop
  endfacet
  facet normal -0 0 1
    outer loop
      vertex 66.4686 70.9405 9
      vertex 66.6135 69.8402 9
      vertex 66.4764 70.9421 9
    endloop
  endfacet
  facet normal -0 0 1
    outer loop
      vertex 66.4607 70.94 9
      vertex 66.6135 69.8402 9
      vertex 66.4686 70.9405 9
    endloop
  endfacet
  facet normal -0 0 1
    outer loop
      vertex 66 70.9098 9
      vertex 66.6135 69.8402 9
      vertex 66.4607 70.94 9
    endloop
  endfacet
  facet normal 0 0 1
    outer loop
      vertex 66 70.9098 9
      vertex 66 69.8 9
      vertex 66.6135 69.8402 9
    endloop
  endfacet
  facet normal 0 0 1
    outer loop
      vertex 65.5393 70.94 9
      vertex 66 69.8 9
      vertex 66 70.9098 9
    endloop
  endfacet
  facet normal 0 0 1
    outer loop
      vertex 65.3865 69.8402 9
      vertex 65.5393 70.94 9
      vertex 65.5314 70.9405 9
    endloop
  endfacet
  facet normal 0 0 1
    outer loop
      vertex 65.3865 69.8402 9
      vertex 65.5314 70.9405 9
      vertex 65.5236 70.9421 9
    endloop
  endfacet
  facet normal 0 0 1
    outer loop
      vertex 65.5393 70.94 9
      vertex 65.3865 69.8402 9
      vertex 66 69.8 9
    endloop
  endfacet
  facet normal 0 0 1
    outer loop
      vertex 65.0708 71.0321 9
      vertex 65.3865 69.8402 9
      vertex 65.5236 70.9421 9
    endloop
  endfacet
  facet normal 0 0 1
    outer loop
      vertex 65.0708 71.0321 9
      vertex 64.7836 69.9601 9
      vertex 65.3865 69.8402 9
    endloop
  endfacet
  facet normal 0 0 1
    outer loop
      vertex 64.6336 71.1805 9
      vertex 64.7836 69.9601 9
      vertex 65.0708 71.0321 9
    endloop
  endfacet
  facet normal 0 0 1
    outer loop
      vertex 64.2014 70.1578 9
      vertex 64.6336 71.1805 9
      vertex 64.6261 71.1831 9
    endloop
  endfacet
  facet normal 0 0 1
    outer loop
      vertex 64.2014 70.1578 9
      vertex 64.6261 71.1831 9
      vertex 64.212 71.3873 9
    endloop
  endfacet
  facet normal 0 0 1
    outer loop
      vertex 63.65 70.4297 9
      vertex 64.212 71.3873 9
      vertex 64.2049 71.3908 9
    endloop
  endfacet
  facet normal 0 0 1
    outer loop
      vertex 64.6336 71.1805 9
      vertex 64.2014 70.1578 9
      vertex 64.7836 69.9601 9
    endloop
  endfacet
  facet normal 0 0 1
    outer loop
      vertex 63.65 70.4297 9
      vertex 64.2049 71.3908 9
      vertex 64.1983 71.3952 9
    endloop
  endfacet
  facet normal 0 0 1
    outer loop
      vertex 63.65 70.4297 9
      vertex 64.1983 71.3952 9
      vertex 63.8144 71.6517 9
    endloop
  endfacet
  facet normal 0 0 1
    outer loop
      vertex 63.1388 70.7712 9
      vertex 63.8144 71.6517 9
      vertex 63.8084 71.6569 9
    endloop
  endfacet
  facet normal 0 0 1
    outer loop
      vertex 64.212 71.3873 9
      vertex 63.65 70.4297 9
      vertex 64.2014 70.1578 9
    endloop
  endfacet
  facet normal 0 0 1
    outer loop
      vertex 63.1388 70.7712 9
      vertex 63.8084 71.6569 9
      vertex 63.4613 71.9613 9
    endloop
  endfacet
  facet normal 0 0 1
    outer loop
      vertex 62.6766 71.1766 9
      vertex 63.4613 71.9613 9
      vertex 63.1569 72.3084 9
    endloop
  endfacet
  facet normal 0 0 1
    outer loop
      vertex 62.2712 71.6388 9
      vertex 63.1569 72.3084 9
      vertex 63.1517 72.3144 9
    endloop
  endfacet
  facet normal 0 0 1
    outer loop
      vertex 63.8144 71.6517 9
      vertex 63.1388 70.7712 9
      vertex 63.65 70.4297 9
    endloop
  endfacet
  facet normal 0 0 1
    outer loop
      vertex 62.2712 71.6388 9
      vertex 63.1517 72.3144 9
      vertex 62.8952 72.6983 9
    endloop
  endfacet
  facet normal 0 0 1
    outer loop
      vertex 61.9297 72.15 9
      vertex 62.8952 72.6983 9
      vertex 62.8908 72.7049 9
    endloop
  endfacet
  facet normal 0 0 1
    outer loop
      vertex 61.9297 72.15 9
      vertex 62.8908 72.7049 9
      vertex 62.8873 72.712 9
    endloop
  endfacet
  facet normal 0 0 1
    outer loop
      vertex 61.9297 72.15 9
      vertex 62.8873 72.712 9
      vertex 62.6831 73.1261 9
    endloop
  endfacet
  facet normal 0 0 1
    outer loop
      vertex 61.6578 72.7014 9
      vertex 62.6831 73.1261 9
      vertex 62.6805 73.1336 9
    endloop
  endfacet
  facet normal 0 0 1
    outer loop
      vertex 63.4613 71.9613 9
      vertex 62.6766 71.1766 9
      vertex 63.1388 70.7712 9
    endloop
  endfacet
  facet normal 0 0 1
    outer loop
      vertex 61.6578 72.7014 9
      vertex 62.6805 73.1336 9
      vertex 62.5321 73.5708 9
    endloop
  endfacet
  facet normal 0 0 1
    outer loop
      vertex 61.4601 73.2836 9
      vertex 62.5321 73.5708 9
      vertex 62.4421 74.0236 9
    endloop
  endfacet
  facet normal 0 0 1
    outer loop
      vertex 61.3402 73.8865 9
      vertex 62.4421 74.0236 9
      vertex 62.4405 74.0314 9
    endloop
  endfacet
  facet normal 0 0 1
    outer loop
      vertex 61.3402 73.8865 9
      vertex 62.44 74.0393 9
      vertex 62.4098 74.5 9
    endloop
  endfacet
  facet normal 0 0 1
    outer loop
      vertex 63.1569 72.3084 9
      vertex 62.2712 71.6388 9
      vertex 62.6766 71.1766 9
    endloop
  endfacet
  facet normal 0 0 1
    outer loop
      vertex 62.44 74.0393 9
      vertex 61.3402 73.8865 9
      vertex 62.4405 74.0314 9
    endloop
  endfacet
  facet normal 0 0 1
    outer loop
      vertex 62.5321 75.4292 9
      vertex 61.4601 75.7164 9
      vertex 62.4421 74.9764 9
    endloop
  endfacet
  facet normal -0 0 1
    outer loop
      vertex 61.3402 75.1135 9
      vertex 62.4421 74.9764 9
      vertex 61.4601 75.7164 9
    endloop
  endfacet
  facet normal 0 0 1
    outer loop
      vertex 62.8952 72.6983 9
      vertex 61.9297 72.15 9
      vertex 62.2712 71.6388 9
    endloop
  endfacet
  facet normal 0 0 1
    outer loop
      vertex 62.4421 74.9764 9
      vertex 61.3402 75.1135 9
      vertex 62.4405 74.9686 9
    endloop
  endfacet
  facet normal 0 0 1
    outer loop
      vertex 62.6831 73.1261 9
      vertex 61.6578 72.7014 9
      vertex 61.9297 72.15 9
    endloop
  endfacet
  facet normal 0 0 1
    outer loop
      vertex 62.44 74.9607 9
      vertex 61.3402 75.1135 9
      vertex 62.4098 74.5 9
    endloop
  endfacet
  facet normal 0 0 1
    outer loop
      vertex 62.5321 73.5708 9
      vertex 61.4601 73.2836 9
      vertex 61.6578 72.7014 9
    endloop
  endfacet
  facet normal 0 0 1
    outer loop
      vertex 61.3 74.5 9
      vertex 62.4098 74.5 9
      vertex 61.3402 75.1135 9
    endloop
  endfacet
  facet normal 0 0 1
    outer loop
      vertex 62.4421 74.0236 9
      vertex 61.3402 73.8865 9
      vertex 61.4601 73.2836 9
    endloop
  endfacet
  facet normal 0 0 1
    outer loop
      vertex 62.4098 74.5 9
      vertex 61.3 74.5 9
      vertex 61.3402 73.8865 9
    endloop
  endfacet
  facet normal 0.659402 -0.75179 0
    outer loop
      vertex 68.8612 70.7712 3
      vertex 69.3234 71.1766 9
      vertex 68.8612 70.7712 9
    endloop
  endfacet
  facet normal 0.659402 -0.75179 0
    outer loop
      vertex 69.3234 71.1766 9
      vertex 68.8612 70.7712 3
      vertex 69.3234 71.1766 3
    endloop
  endfacet
  facet normal -0.195209 0.980762 0
    outer loop
      vertex 65.3865 79.1598 3
      vertex 64.7836 79.0398 9
      vertex 65.3865 79.1598 9
    endloop
  endfacet
  facet normal -0.195209 0.980762 0
    outer loop
      vertex 64.7836 79.0398 9
      vertex 65.3865 79.1598 3
      vertex 64.7836 79.0398 3
    endloop
  endfacet
  facet normal -0.442262 -0.896886 0
    outer loop
      vertex 63.65 70.4297 3
      vertex 64.2014 70.1578 9
      vertex 63.65 70.4297 9
    endloop
  endfacet
  facet normal -0.442262 -0.896886 -0
    outer loop
      vertex 64.2014 70.1578 9
      vertex 63.65 70.4297 3
      vertex 64.2014 70.1578 3
    endloop
  endfacet
  facet normal 0.75179 -0.659402 0
    outer loop
      vertex 69.3234 71.1766 9
      vertex 69.7288 71.6388 3
      vertex 69.7288 71.6388 9
    endloop
  endfacet
  facet normal 0.75179 -0.659402 0
    outer loop
      vertex 69.7288 71.6388 3
      vertex 69.3234 71.1766 9
      vertex 69.3234 71.1766 3
    endloop
  endfacet
  facet normal -0.896886 -0.442262 0
    outer loop
      vertex 61.9297 72.15 3
      vertex 61.6578 72.7014 9
      vertex 61.6578 72.7014 3
    endloop
  endfacet
  facet normal -0.896886 -0.442262 0
    outer loop
      vertex 61.6578 72.7014 9
      vertex 61.9297 72.15 3
      vertex 61.9297 72.15 9
    endloop
  endfacet
  facet normal 0.442262 -0.896886 0
    outer loop
      vertex 67.7986 70.1578 3
      vertex 68.35 70.4297 9
      vertex 67.7986 70.1578 9
    endloop
  endfacet
  facet normal 0.442262 -0.896886 0
    outer loop
      vertex 68.35 70.4297 9
      vertex 67.7986 70.1578 3
      vertex 68.35 70.4297 3
    endloop
  endfacet
  facet normal 0.0653855 -0.99786 0
    outer loop
      vertex 66 69.8 3
      vertex 66.6135 69.8402 9
      vertex 66 69.8 9
    endloop
  endfacet
  facet normal 0.0653855 -0.99786 0
    outer loop
      vertex 66.6135 69.8402 9
      vertex 66 69.8 3
      vertex 66.6135 69.8402 3
    endloop
  endfacet
  facet normal -0.195052 -0.980793 0
    outer loop
      vertex 64.7836 69.9601 3
      vertex 65.3865 69.8402 9
      vertex 64.7836 69.9601 9
    endloop
  endfacet
  facet normal -0.195052 -0.980793 -0
    outer loop
      vertex 65.3865 69.8402 9
      vertex 64.7836 69.9601 3
      vertex 65.3865 69.8402 3
    endloop
  endfacet
  facet normal -0.946896 -0.321541 0
    outer loop
      vertex 61.6578 72.7014 3
      vertex 61.4601 73.2836 9
      vertex 61.4601 73.2836 3
    endloop
  endfacet
  facet normal -0.946896 -0.321541 0
    outer loop
      vertex 61.4601 73.2836 9
      vertex 61.6578 72.7014 3
      vertex 61.6578 72.7014 9
    endloop
  endfacet
  facet normal 0.321395 0.946945 -0
    outer loop
      vertex 67.7986 78.8422 3
      vertex 67.2164 79.0398 9
      vertex 67.7986 78.8422 9
    endloop
  endfacet
  facet normal 0.321395 0.946945 0
    outer loop
      vertex 67.2164 79.0398 9
      vertex 67.7986 78.8422 3
      vertex 67.2164 79.0398 3
    endloop
  endfacet
  facet normal -0.99786 0.0653855 0
    outer loop
      vertex 61.3 74.5 3
      vertex 61.3402 75.1135 9
      vertex 61.3402 75.1135 3
    endloop
  endfacet
  facet normal -0.99786 0.0653855 0
    outer loop
      vertex 61.3402 75.1135 9
      vertex 61.3 74.5 3
      vertex 61.3 74.5 9
    endloop
  endfacet
  facet normal -0.946896 0.321541 0
    outer loop
      vertex 61.4601 75.7164 3
      vertex 61.6578 76.2986 9
      vertex 61.6578 76.2986 3
    endloop
  endfacet
  facet normal -0.946896 0.321541 0
    outer loop
      vertex 61.6578 76.2986 9
      vertex 61.4601 75.7164 3
      vertex 61.4601 75.7164 9
    endloop
  endfacet
  facet normal 0.75179 0.659402 0
    outer loop
      vertex 69.7288 77.3612 9
      vertex 69.3234 77.8234 3
      vertex 69.3234 77.8234 9
    endloop
  endfacet
  facet normal 0.75179 0.659402 0
    outer loop
      vertex 69.3234 77.8234 3
      vertex 69.7288 77.3612 9
      vertex 69.7288 77.3612 3
    endloop
  endfacet
  facet normal -0.321541 -0.946896 0
    outer loop
      vertex 64.2014 70.1578 3
      vertex 64.7836 69.9601 9
      vertex 64.2014 70.1578 9
    endloop
  endfacet
  facet normal -0.321541 -0.946896 -0
    outer loop
      vertex 64.7836 69.9601 9
      vertex 64.2014 70.1578 3
      vertex 64.7836 69.9601 3
    endloop
  endfacet
  facet normal 0.946945 0.321395 0
    outer loop
      vertex 70.5398 75.7164 9
      vertex 70.3422 76.2986 3
      vertex 70.3422 76.2986 9
    endloop
  endfacet
  facet normal 0.946945 0.321395 0
    outer loop
      vertex 70.3422 76.2986 3
      vertex 70.5398 75.7164 9
      vertex 70.5398 75.7164 3
    endloop
  endfacet
  facet normal -0.321395 0.946945 0
    outer loop
      vertex 64.7836 79.0398 3
      vertex 64.2014 78.8422 9
      vertex 64.7836 79.0398 9
    endloop
  endfacet
  facet normal -0.321395 0.946945 0
    outer loop
      vertex 64.2014 78.8422 9
      vertex 64.7836 79.0398 3
      vertex 64.2014 78.8422 3
    endloop
  endfacet
  facet normal -0.831524 -0.555488 0
    outer loop
      vertex 62.2712 71.6388 3
      vertex 61.9297 72.15 9
      vertex 61.9297 72.15 3
    endloop
  endfacet
  facet normal -0.831524 -0.555488 0
    outer loop
      vertex 61.9297 72.15 9
      vertex 62.2712 71.6388 3
      vertex 62.2712 71.6388 9
    endloop
  endfacet
  facet normal -0.75179 -0.659402 0
    outer loop
      vertex 62.6766 71.1766 3
      vertex 62.2712 71.6388 9
      vertex 62.2712 71.6388 3
    endloop
  endfacet
  facet normal -0.75179 -0.659402 0
    outer loop
      vertex 62.2712 71.6388 9
      vertex 62.6766 71.1766 3
      vertex 62.6766 71.1766 9
    endloop
  endfacet
  facet normal -0.980793 -0.195052 0
    outer loop
      vertex 61.4601 73.2836 3
      vertex 61.3402 73.8865 9
      vertex 61.3402 73.8865 3
    endloop
  endfacet
  facet normal -0.980793 -0.195052 0
    outer loop
      vertex 61.3402 73.8865 9
      vertex 61.4601 73.2836 3
      vertex 61.4601 73.2836 9
    endloop
  endfacet
  facet normal -0.0653855 -0.99786 0
    outer loop
      vertex 65.3865 69.8402 3
      vertex 66 69.8 9
      vertex 65.3865 69.8402 9
    endloop
  endfacet
  facet normal -0.0653855 -0.99786 -0
    outer loop
      vertex 66 69.8 9
      vertex 65.3865 69.8402 3
      vertex 66 69.8 3
    endloop
  endfacet
  facet normal -0.555488 -0.831524 0
    outer loop
      vertex 63.1388 70.7712 3
      vertex 63.65 70.4297 9
      vertex 63.1388 70.7712 9
    endloop
  endfacet
  facet normal -0.555488 -0.831524 -0
    outer loop
      vertex 63.65 70.4297 9
      vertex 63.1388 70.7712 3
      vertex 63.65 70.4297 3
    endloop
  endfacet
  facet normal -0.896886 0.442262 0
    outer loop
      vertex 61.6578 76.2986 3
      vertex 61.9297 76.85 9
      vertex 61.9297 76.85 3
    endloop
  endfacet
  facet normal -0.896886 0.442262 0
    outer loop
      vertex 61.9297 76.85 9
      vertex 61.6578 76.2986 3
      vertex 61.6578 76.2986 9
    endloop
  endfacet
  facet normal -0.659402 -0.75179 0
    outer loop
      vertex 62.6766 71.1766 3
      vertex 63.1388 70.7712 9
      vertex 62.6766 71.1766 9
    endloop
  endfacet
  facet normal -0.659402 -0.75179 -0
    outer loop
      vertex 63.1388 70.7712 9
      vertex 62.6766 71.1766 3
      vertex 63.1388 70.7712 3
    endloop
  endfacet
  facet normal 0.659489 -0.751714 0
    outer loop
      vertex 17.6088 4.20665 0
      vertex 17.7071 4.29289 3
      vertex 17.6088 4.20665 3
    endloop
  endfacet
  facet normal 0.659489 -0.751714 0
    outer loop
      vertex 17.7071 4.29289 3
      vertex 17.6088 4.20665 0
      vertex 17.7071 4.29289 0
    endloop
  endfacet
  facet normal -0.89686 0.442314 0
    outer loop
      vertex 3.07612 16.3827 0
      vertex 3.13397 16.5 3
      vertex 3.13397 16.5 0
    endloop
  endfacet
  facet normal -0.89686 0.442314 0
    outer loop
      vertex 3.13397 16.5 3
      vertex 3.07612 16.3827 0
      vertex 3.07612 16.3827 3
    endloop
  endfacet
  facet normal 0.321382 -0.94695 0
    outer loop
      vertex 17.2588 4.03407 0
      vertex 17.3827 4.07612 3
      vertex 17.2588 4.03407 3
    endloop
  endfacet
  facet normal 0.321382 -0.94695 0
    outer loop
      vertex 17.3827 4.07612 3
      vertex 17.2588 4.03407 0
      vertex 17.3827 4.07612 0
    endloop
  endfacet
  facet normal 0 -1 0
    outer loop
      vertex 4 4 0
      vertex 17 4 3
      vertex 4 4 3
    endloop
  endfacet
  facet normal 0 -1 -0
    outer loop
      vertex 17 4 3
      vertex 4 4 0
      vertex 17 4 0
    endloop
  endfacet
  facet normal 0.980815 0.19494 0
    outer loop
      vertex 17.9914 16.1305 3
      vertex 17.9659 16.2588 0
      vertex 17.9659 16.2588 3
    endloop
  endfacet
  facet normal 0.980815 0.19494 0
    outer loop
      vertex 17.9659 16.2588 0
      vertex 17.9914 16.1305 3
      vertex 17.9914 16.1305 0
    endloop
  endfacet
  facet normal 0.751486 0.659749 0
    outer loop
      vertex 17.7934 16.6088 3
      vertex 17.7071 16.7071 0
      vertex 17.7071 16.7071 3
    endloop
  endfacet
  facet normal 0.751486 0.659749 0
    outer loop
      vertex 17.7071 16.7071 0
      vertex 17.7934 16.6088 3
      vertex 17.7934 16.6088 0
    endloop
  endfacet
  facet normal -0.980786 0.195087 0
    outer loop
      vertex 3.00855 16.1305 0
      vertex 3.03407 16.2588 3
      vertex 3.03407 16.2588 0
    endloop
  endfacet
  facet normal -0.980786 0.195087 0
    outer loop
      vertex 3.03407 16.2588 3
      vertex 3.00855 16.1305 0
      vertex 3.00855 16.1305 3
    endloop
  endfacet
  facet normal -0.94695 0.321382 0
    outer loop
      vertex 3.03407 16.2588 0
      vertex 3.07612 16.3827 3
      vertex 3.07612 16.3827 0
    endloop
  endfacet
  facet normal -0.94695 0.321382 0
    outer loop
      vertex 3.07612 16.3827 3
      vertex 3.03407 16.2588 0
      vertex 3.03407 16.2588 3
    endloop
  endfacet
  facet normal -0.195102 -0.980783 0
    outer loop
      vertex 3.74118 4.03407 0
      vertex 3.86947 4.00855 3
      vertex 3.74118 4.03407 3
    endloop
  endfacet
  facet normal -0.195102 -0.980783 -0
    outer loop
      vertex 3.86947 4.00855 3
      vertex 3.74118 4.03407 0
      vertex 3.86947 4.00855 0
    endloop
  endfacet
  facet normal -0.997862 -0.0653621 0
    outer loop
      vertex 3.00855 4.86947 0
      vertex 3 5 3
      vertex 3 5 0
    endloop
  endfacet
  facet normal -0.997862 -0.0653621 0
    outer loop
      vertex 3 5 3
      vertex 3.00855 4.86947 0
      vertex 3.00855 4.86947 3
    endloop
  endfacet
  facet normal -0.555194 0.831721 0
    outer loop
      vertex 3.5 16.866 0
      vertex 3.39124 16.7934 3
      vertex 3.5 16.866 3
    endloop
  endfacet
  facet normal -0.555194 0.831721 0
    outer loop
      vertex 3.39124 16.7934 3
      vertex 3.5 16.866 0
      vertex 3.39124 16.7934 0
    endloop
  endfacet
  facet normal 1 -0 0
    outer loop
      vertex 18 5 3
      vertex 18 16 0
      vertex 18 16 3
    endloop
  endfacet
  facet normal 1 0 0
    outer loop
      vertex 18 16 0
      vertex 18 5 3
      vertex 18 5 0
    endloop
  endfacet
  facet normal -0.44256 0.896739 0
    outer loop
      vertex 3.61732 16.9239 0
      vertex 3.5 16.866 3
      vertex 3.61732 16.9239 3
    endloop
  endfacet
  facet normal -0.44256 0.896739 0
    outer loop
      vertex 3.5 16.866 3
      vertex 3.61732 16.9239 0
      vertex 3.5 16.866 0
    endloop
  endfacet
  facet normal -0.555617 -0.831438 0
    outer loop
      vertex 3.39124 4.20665 0
      vertex 3.5 4.13397 3
      vertex 3.39124 4.20665 3
    endloop
  endfacet
  facet normal -0.555617 -0.831438 -0
    outer loop
      vertex 3.5 4.13397 3
      vertex 3.39124 4.20665 0
      vertex 3.5 4.13397 0
    endloop
  endfacet
  facet normal -1 0 0
    outer loop
      vertex 3 5 0
      vertex 3 16 3
      vertex 3 16 0
    endloop
  endfacet
  facet normal -1 -0 0
    outer loop
      vertex 3 16 3
      vertex 3 5 0
      vertex 3 5 3
    endloop
  endfacet
  facet normal 0.980812 -0.194955 0
    outer loop
      vertex 17.9659 4.74118 3
      vertex 17.9914 4.86947 0
      vertex 17.9914 4.86947 3
    endloop
  endfacet
  facet normal 0.980812 -0.194955 0
    outer loop
      vertex 17.9914 4.86947 0
      vertex 17.9659 4.74118 3
      vertex 17.9659 4.74118 0
    endloop
  endfacet
  facet normal 0.555053 0.831815 -0
    outer loop
      vertex 17.6088 16.7934 0
      vertex 17.5 16.866 3
      vertex 17.6088 16.7934 3
    endloop
  endfacet
  facet normal 0.555053 0.831815 0
    outer loop
      vertex 17.5 16.866 3
      vertex 17.6088 16.7934 0
      vertex 17.5 16.866 0
    endloop
  endfacet
  facet normal 0.751653 -0.659559 0
    outer loop
      vertex 17.7071 4.29289 3
      vertex 17.7934 4.39124 0
      vertex 17.7934 4.39124 3
    endloop
  endfacet
  facet normal 0.751653 -0.659559 0
    outer loop
      vertex 17.7934 4.39124 0
      vertex 17.7071 4.29289 3
      vertex 17.7071 4.29289 0
    endloop
  endfacet
  facet normal 0.0657577 0.997836 -0
    outer loop
      vertex 17.1305 16.9914 0
      vertex 17 17 3
      vertex 17.1305 16.9914 3
    endloop
  endfacet
  facet normal 0.0657577 0.997836 0
    outer loop
      vertex 17 17 3
      vertex 17.1305 16.9914 0
      vertex 17 17 0
    endloop
  endfacet
  facet normal 0.997837 -0.0657427 0
    outer loop
      vertex 17.9914 4.86947 3
      vertex 18 5 0
      vertex 18 5 3
    endloop
  endfacet
  facet normal 0.997837 -0.0657427 0
    outer loop
      vertex 18 5 0
      vertex 17.9914 4.86947 3
      vertex 17.9914 4.86947 0
    endloop
  endfacet
  facet normal -0.997861 0.0653771 0
    outer loop
      vertex 3 16 0
      vertex 3.00855 16.1305 3
      vertex 3.00855 16.1305 0
    endloop
  endfacet
  facet normal -0.997861 0.0653771 0
    outer loop
      vertex 3.00855 16.1305 3
      vertex 3 16 0
      vertex 3 16 3
    endloop
  endfacet
  facet normal -0.831438 -0.555617 0
    outer loop
      vertex 3.20665 4.39124 0
      vertex 3.13397 4.5 3
      vertex 3.13397 4.5 0
    endloop
  endfacet
  facet normal -0.831438 -0.555617 0
    outer loop
      vertex 3.13397 4.5 3
      vertex 3.20665 4.39124 0
      vertex 3.20665 4.39124 3
    endloop
  endfacet
  facet normal -0.831533 0.555476 0
    outer loop
      vertex 3.13397 16.5 0
      vertex 3.20665 16.6088 3
      vertex 3.20665 16.6088 0
    endloop
  endfacet
  facet normal -0.831533 0.555476 0
    outer loop
      vertex 3.20665 16.6088 3
      vertex 3.13397 16.5 0
      vertex 3.13397 16.5 3
    endloop
  endfacet
  facet normal -0.320311 0.947313 0
    outer loop
      vertex 3.65488 16.9366 0
      vertex 3.61732 16.9239 3
      vertex 3.65488 16.9366 3
    endloop
  endfacet
  facet normal -0.320311 0.947313 0
    outer loop
      vertex 3.61732 16.9239 3
      vertex 3.65488 16.9366 0
      vertex 3.61732 16.9239 0
    endloop
  endfacet
  facet normal 0.831721 -0.555194 0
    outer loop
      vertex 17.7934 4.39124 3
      vertex 17.866 4.5 0
      vertex 17.866 4.5 3
    endloop
  endfacet
  facet normal 0.831721 -0.555194 0
    outer loop
      vertex 17.866 4.5 0
      vertex 17.7934 4.39124 3
      vertex 17.7934 4.39124 0
    endloop
  endfacet
  facet normal -0.89689 -0.442253 0
    outer loop
      vertex 3.13397 4.5 0
      vertex 3.07612 4.61732 3
      vertex 3.07612 4.61732 0
    endloop
  endfacet
  facet normal -0.89689 -0.442253 0
    outer loop
      vertex 3.07612 4.61732 3
      vertex 3.13397 4.5 0
      vertex 3.13397 4.5 3
    endloop
  endfacet
  facet normal 0 1 -0
    outer loop
      vertex 17 17 0
      vertex 15.8755 17 3
      vertex 17 17 3
    endloop
  endfacet
  facet normal 0 1 0
    outer loop
      vertex 15.8755 17 3
      vertex 17 17 0
      vertex 15.8755 17 0
    endloop
  endfacet
  facet normal 0.659749 0.751486 -0
    outer loop
      vertex 17.7071 16.7071 0
      vertex 17.6088 16.7934 3
      vertex 17.7071 16.7071 3
    endloop
  endfacet
  facet normal 0.659749 0.751486 0
    outer loop
      vertex 17.6088 16.7934 3
      vertex 17.7071 16.7071 0
      vertex 17.6088 16.7934 0
    endloop
  endfacet
  facet normal 0.442621 0.896709 -0
    outer loop
      vertex 17.5 16.866 0
      vertex 17.3827 16.9239 3
      vertex 17.5 16.866 3
    endloop
  endfacet
  facet normal 0.442621 0.896709 0
    outer loop
      vertex 17.3827 16.9239 3
      vertex 17.5 16.866 0
      vertex 17.3827 16.9239 0
    endloop
  endfacet
  facet normal -0.6593 -0.75188 0
    outer loop
      vertex 3.29289 4.29289 0
      vertex 3.39124 4.20665 3
      vertex 3.29289 4.29289 3
    endloop
  endfacet
  facet normal -0.6593 -0.75188 -0
    outer loop
      vertex 3.39124 4.20665 3
      vertex 3.29289 4.29289 0
      vertex 3.39124 4.20665 0
    endloop
  endfacet
  facet normal 0.947034 -0.321132 0
    outer loop
      vertex 17.9239 4.61732 3
      vertex 17.9659 4.74118 0
      vertex 17.9659 4.74118 3
    endloop
  endfacet
  facet normal 0.947034 -0.321132 0
    outer loop
      vertex 17.9659 4.74118 0
      vertex 17.9239 4.61732 3
      vertex 17.9239 4.61732 0
    endloop
  endfacet
  facet normal 0.321039 0.947066 -0
    outer loop
      vertex 17.3827 16.9239 0
      vertex 17.2588 16.9659 3
      vertex 17.3827 16.9239 3
    endloop
  endfacet
  facet normal 0.321039 0.947066 0
    outer loop
      vertex 17.2588 16.9659 3
      vertex 17.3827 16.9239 0
      vertex 17.2588 16.9659 0
    endloop
  endfacet
  facet normal -0.659559 0.751653 0
    outer loop
      vertex 3.39124 16.7934 0
      vertex 3.29289 16.7071 3
      vertex 3.39124 16.7934 3
    endloop
  endfacet
  facet normal -0.659559 0.751653 0
    outer loop
      vertex 3.29289 16.7071 3
      vertex 3.39124 16.7934 0
      vertex 3.29289 16.7071 0
    endloop
  endfacet
  facet normal -0.980783 -0.195102 0
    outer loop
      vertex 3.03407 4.74118 0
      vertex 3.00855 4.86947 3
      vertex 3.00855 4.86947 0
    endloop
  endfacet
  facet normal -0.980783 -0.195102 0
    outer loop
      vertex 3.00855 4.86947 3
      vertex 3.03407 4.74118 0
      vertex 3.03407 4.74118 3
    endloop
  endfacet
  facet normal 0.555476 -0.831533 0
    outer loop
      vertex 17.5 4.13397 0
      vertex 17.6088 4.20665 3
      vertex 17.5 4.13397 3
    endloop
  endfacet
  facet normal 0.555476 -0.831533 0
    outer loop
      vertex 17.6088 4.20665 3
      vertex 17.5 4.13397 0
      vertex 17.6088 4.20665 0
    endloop
  endfacet
  facet normal -0.0653621 -0.997862 0
    outer loop
      vertex 3.86947 4.00855 0
      vertex 4 4 3
      vertex 3.86947 4.00855 3
    endloop
  endfacet
  facet normal -0.0653621 -0.997862 -0
    outer loop
      vertex 4 4 3
      vertex 3.86947 4.00855 0
      vertex 4 4 0
    endloop
  endfacet
  facet normal 0.896739 -0.44256 0
    outer loop
      vertex 17.866 4.5 3
      vertex 17.9239 4.61732 0
      vertex 17.9239 4.61732 3
    endloop
  endfacet
  facet normal 0.896739 -0.44256 0
    outer loop
      vertex 17.9239 4.61732 0
      vertex 17.866 4.5 3
      vertex 17.866 4.5 0
    endloop
  endfacet
  facet normal -0.75188 -0.6593 0
    outer loop
      vertex 3.29289 4.29289 0
      vertex 3.20665 4.39124 3
      vertex 3.20665 4.39124 0
    endloop
  endfacet
  facet normal -0.75188 -0.6593 0
    outer loop
      vertex 3.20665 4.39124 3
      vertex 3.29289 4.29289 0
      vertex 3.29289 4.29289 3
    endloop
  endfacet
  facet normal 0.195087 -0.980786 0
    outer loop
      vertex 17.1305 4.00855 0
      vertex 17.2588 4.03407 3
      vertex 17.1305 4.00855 3
    endloop
  endfacet
  facet normal 0.195087 -0.980786 0
    outer loop
      vertex 17.2588 4.03407 3
      vertex 17.1305 4.00855 0
      vertex 17.2588 4.03407 0
    endloop
  endfacet
  facet normal 0.831815 0.555053 0
    outer loop
      vertex 17.866 16.5 3
      vertex 17.7934 16.6088 0
      vertex 17.7934 16.6088 3
    endloop
  endfacet
  facet normal 0.831815 0.555053 0
    outer loop
      vertex 17.7934 16.6088 0
      vertex 17.866 16.5 3
      vertex 17.866 16.5 0
    endloop
  endfacet
  facet normal 0.19494 0.980815 -0
    outer loop
      vertex 17.2588 16.9659 0
      vertex 17.1305 16.9914 3
      vertex 17.2588 16.9659 3
    endloop
  endfacet
  facet normal 0.19494 0.980815 0
    outer loop
      vertex 17.1305 16.9914 3
      vertex 17.2588 16.9659 0
      vertex 17.1305 16.9914 0
    endloop
  endfacet
  facet normal 0.0653771 -0.997861 0
    outer loop
      vertex 17 4 0
      vertex 17.1305 4.00855 3
      vertex 17 4 3
    endloop
  endfacet
  facet normal 0.0653771 -0.997861 0
    outer loop
      vertex 17.1305 4.00855 3
      vertex 17 4 0
      vertex 17.1305 4.00855 0
    endloop
  endfacet
  facet normal 0.997836 0.0657577 0
    outer loop
      vertex 18 16 3
      vertex 17.9914 16.1305 0
      vertex 17.9914 16.1305 3
    endloop
  endfacet
  facet normal 0.997836 0.0657577 0
    outer loop
      vertex 17.9914 16.1305 0
      vertex 18 16 3
      vertex 18 16 0
    endloop
  endfacet
  facet normal 0.947066 0.321039 0
    outer loop
      vertex 17.9659 16.2588 3
      vertex 17.9239 16.3827 0
      vertex 17.9239 16.3827 3
    endloop
  endfacet
  facet normal 0.947066 0.321039 0
    outer loop
      vertex 17.9239 16.3827 0
      vertex 17.9659 16.2588 3
      vertex 17.9659 16.2588 0
    endloop
  endfacet
  facet normal -0.946918 -0.321475 0
    outer loop
      vertex 3.07612 4.61732 0
      vertex 3.03407 4.74118 3
      vertex 3.03407 4.74118 0
    endloop
  endfacet
  facet normal -0.946918 -0.321475 0
    outer loop
      vertex 3.03407 4.74118 3
      vertex 3.07612 4.61732 0
      vertex 3.07612 4.61732 3
    endloop
  endfacet
  facet normal -0.321475 -0.946918 0
    outer loop
      vertex 3.61732 4.07612 0
      vertex 3.74118 4.03407 3
      vertex 3.61732 4.07612 3
    endloop
  endfacet
  facet normal -0.321475 -0.946918 -0
    outer loop
      vertex 3.74118 4.03407 3
      vertex 3.61732 4.07612 0
      vertex 3.74118 4.03407 0
    endloop
  endfacet
  facet normal 0.442314 -0.89686 0
    outer loop
      vertex 17.3827 4.07612 0
      vertex 17.5 4.13397 3
      vertex 17.3827 4.07612 3
    endloop
  endfacet
  facet normal 0.442314 -0.89686 0
    outer loop
      vertex 17.5 4.13397 3
      vertex 17.3827 4.07612 0
      vertex 17.5 4.13397 0
    endloop
  endfacet
  facet normal -0.751714 0.659489 0
    outer loop
      vertex 3.20665 16.6088 0
      vertex 3.29289 16.7071 3
      vertex 3.29289 16.7071 0
    endloop
  endfacet
  facet normal -0.751714 0.659489 0
    outer loop
      vertex 3.29289 16.7071 3
      vertex 3.20665 16.6088 0
      vertex 3.20665 16.6088 3
    endloop
  endfacet
  facet normal -0.442253 -0.89689 0
    outer loop
      vertex 3.5 4.13397 0
      vertex 3.61732 4.07612 3
      vertex 3.5 4.13397 3
    endloop
  endfacet
  facet normal -0.442253 -0.89689 -0
    outer loop
      vertex 3.61732 4.07612 3
      vertex 3.5 4.13397 0
      vertex 3.61732 4.07612 0
    endloop
  endfacet
  facet normal 0.896709 0.442621 0
    outer loop
      vertex 17.9239 16.3827 3
      vertex 17.866 16.5 0
      vertex 17.866 16.5 3
    endloop
  endfacet
  facet normal 0.896709 0.442621 0
    outer loop
      vertex 17.866 16.5 0
      vertex 17.9239 16.3827 3
      vertex 17.9239 16.3827 0
    endloop
  endfacet
  facet normal 0.660887 0.750486 -0
    outer loop
      vertex 150.707 16.7071 0
      vertex 150.609 16.7934 3
      vertex 150.707 16.7071 3
    endloop
  endfacet
  facet normal 0.660887 0.750486 0
    outer loop
      vertex 150.609 16.7934 3
      vertex 150.707 16.7071 0
      vertex 150.609 16.7934 0
    endloop
  endfacet
  facet normal 0 -1 0
    outer loop
      vertex 137 4 0
      vertex 150 4 3
      vertex 137 4 3
    endloop
  endfacet
  facet normal 0 -1 -0
    outer loop
      vertex 150 4 3
      vertex 137 4 0
      vertex 150 4 0
    endloop
  endfacet
  facet normal 0 1 -0
    outer loop
      vertex 150 17 0
      vertex 143.511 17 3
      vertex 150 17 3
    endloop
  endfacet
  facet normal 0 1 0
    outer loop
      vertex 143.511 17 3
      vertex 150 17 0
      vertex 143.511 17 0
    endloop
  endfacet
  facet normal 0.554348 0.832285 -0
    outer loop
      vertex 150.609 16.7934 0
      vertex 150.5 16.866 3
      vertex 150.609 16.7934 3
    endloop
  endfacet
  facet normal 0.554348 0.832285 0
    outer loop
      vertex 150.5 16.866 3
      vertex 150.609 16.7934 0
      vertex 150.5 16.866 0
    endloop
  endfacet
  facet normal -0.0651286 -0.997877 0
    outer loop
      vertex 136.869 4.00855 0
      vertex 137 4 3
      vertex 136.869 4.00855 3
    endloop
  endfacet
  facet normal -0.0651286 -0.997877 -0
    outer loop
      vertex 137 4 3
      vertex 136.869 4.00855 0
      vertex 137 4 0
    endloop
  endfacet
  facet normal -0.195527 -0.980698 0
    outer loop
      vertex 136.741 4.03407 0
      vertex 136.869 4.00855 3
      vertex 136.741 4.03407 3
    endloop
  endfacet
  facet normal -0.195527 -0.980698 -0
    outer loop
      vertex 136.869 4.00855 3
      vertex 136.741 4.03407 0
      vertex 136.869 4.00855 0
    endloop
  endfacet
  facet normal 0.0655078 0.997852 -0
    outer loop
      vertex 150.131 16.9914 0
      vertex 150 17 3
      vertex 150.131 16.9914 3
    endloop
  endfacet
  facet normal 0.0655078 0.997852 0
    outer loop
      vertex 150 17 3
      vertex 150.131 16.9914 0
      vertex 150 17 0
    endloop
  endfacet
  facet normal 0.0651286 -0.997877 0
    outer loop
      vertex 150 4 0
      vertex 150.131 4.00855 3
      vertex 150 4 3
    endloop
  endfacet
  facet normal 0.0651286 -0.997877 0
    outer loop
      vertex 150.131 4.00855 3
      vertex 150 4 0
      vertex 150.131 4.00855 0
    endloop
  endfacet
  facet normal -0.997631 -0.0687864 0
    outer loop
      vertex 136.009 4.86947 0
      vertex 136 5 3
      vertex 136 5 0
    endloop
  endfacet
  facet normal -0.997631 -0.0687864 0
    outer loop
      vertex 136 5 3
      vertex 136.009 4.86947 0
      vertex 136.009 4.86947 3
    endloop
  endfacet
  facet normal 0.443225 -0.89641 0
    outer loop
      vertex 150.383 4.07612 0
      vertex 150.5 4.13397 3
      vertex 150.383 4.07612 3
    endloop
  endfacet
  facet normal 0.443225 -0.89641 0
    outer loop
      vertex 150.5 4.13397 3
      vertex 150.383 4.07612 0
      vertex 150.5 4.13397 0
    endloop
  endfacet
  facet normal 0.997631 -0.0687864 0
    outer loop
      vertex 150.991 4.86947 3
      vertex 151 5 0
      vertex 151 5 3
    endloop
  endfacet
  facet normal 0.997631 -0.0687864 0
    outer loop
      vertex 151 5 0
      vertex 150.991 4.86947 3
      vertex 150.991 4.86947 0
    endloop
  endfacet
  facet normal 1 -0 0
    outer loop
      vertex 151 5 3
      vertex 151 16 0
      vertex 151 16 3
    endloop
  endfacet
  facet normal 1 0 0
    outer loop
      vertex 151 16 0
      vertex 151 5 3
      vertex 151 5 0
    endloop
  endfacet
  facet normal 0.981537 -0.191273 0
    outer loop
      vertex 150.966 4.74118 3
      vertex 150.991 4.86947 0
      vertex 150.991 4.86947 3
    endloop
  endfacet
  facet normal 0.981537 -0.191273 0
    outer loop
      vertex 150.991 4.86947 0
      vertex 150.966 4.74118 3
      vertex 150.966 4.74118 0
    endloop
  endfacet
  facet normal 0.752624 0.65845 0
    outer loop
      vertex 150.793 16.6088 3
      vertex 150.707 16.7071 0
      vertex 150.707 16.7071 3
    endloop
  endfacet
  facet normal 0.752624 0.65845 0
    outer loop
      vertex 150.707 16.7071 0
      vertex 150.793 16.6088 3
      vertex 150.793 16.6088 0
    endloop
  endfacet
  facet normal -1 0 0
    outer loop
      vertex 136 5 0
      vertex 136 6.22203 3
      vertex 136 6.22203 0
    endloop
  endfacet
  facet normal -1 -0 0
    outer loop
      vertex 136 6.22203 3
      vertex 136 5 0
      vertex 136 5 3
    endloop
  endfacet
  facet normal 0.660628 -0.750714 0
    outer loop
      vertex 150.609 4.20665 0
      vertex 150.707 4.29289 3
      vertex 150.609 4.20665 3
    endloop
  endfacet
  facet normal 0.660628 -0.750714 0
    outer loop
      vertex 150.707 4.29289 3
      vertex 150.609 4.20665 0
      vertex 150.707 4.29289 0
    endloop
  endfacet
  facet normal 0.75279 -0.658261 0
    outer loop
      vertex 150.707 4.29289 3
      vertex 150.793 4.39124 0
      vertex 150.793 4.39124 3
    endloop
  endfacet
  facet normal 0.75279 -0.658261 0
    outer loop
      vertex 150.793 4.39124 0
      vertex 150.707 4.29289 3
      vertex 150.707 4.29289 0
    endloop
  endfacet
  facet normal -0.660628 -0.750714 0
    outer loop
      vertex 136.293 4.29289 0
      vertex 136.391 4.20665 3
      vertex 136.293 4.29289 3
    endloop
  endfacet
  facet normal -0.660628 -0.750714 -0
    outer loop
      vertex 136.391 4.20665 3
      vertex 136.293 4.29289 0
      vertex 136.391 4.20665 0
    endloop
  endfacet
  facet normal 0.896435 -0.443175 0
    outer loop
      vertex 150.866 4.5 3
      vertex 150.924 4.61732 0
      vertex 150.924 4.61732 3
    endloop
  endfacet
  facet normal 0.896435 -0.443175 0
    outer loop
      vertex 150.924 4.61732 0
      vertex 150.866 4.5 3
      vertex 150.866 4.5 0
    endloop
  endfacet
  facet normal 0.947034 -0.321132 0
    outer loop
      vertex 150.924 4.61732 3
      vertex 150.966 4.74118 0
      vertex 150.966 4.74118 3
    endloop
  endfacet
  facet normal 0.947034 -0.321132 0
    outer loop
      vertex 150.966 4.74118 0
      vertex 150.924 4.61732 3
      vertex 150.924 4.61732 0
    endloop
  endfacet
  facet normal 0.320807 0.947145 -0
    outer loop
      vertex 150.383 16.9239 0
      vertex 150.259 16.9659 3
      vertex 150.383 16.9239 3
    endloop
  endfacet
  facet normal 0.320807 0.947145 0
    outer loop
      vertex 150.259 16.9659 3
      vertex 150.383 16.9239 0
      vertex 150.259 16.9659 0
    endloop
  endfacet
  facet normal 0.830308 -0.557305 0
    outer loop
      vertex 150.793 4.39124 3
      vertex 150.866 4.5 0
      vertex 150.866 4.5 3
    endloop
  endfacet
  facet normal 0.830308 -0.557305 0
    outer loop
      vertex 150.866 4.5 0
      vertex 150.793 4.39124 3
      vertex 150.793 4.39124 0
    endloop
  endfacet
  facet normal 0.32115 -0.947028 0
    outer loop
      vertex 150.259 4.03407 0
      vertex 150.383 4.07612 3
      vertex 150.259 4.03407 3
    endloop
  endfacet
  facet normal 0.32115 -0.947028 0
    outer loop
      vertex 150.383 4.07612 3
      vertex 150.259 4.03407 0
      vertex 150.383 4.07612 0
    endloop
  endfacet
  facet normal 0.195527 -0.980698 0
    outer loop
      vertex 150.131 4.00855 0
      vertex 150.259 4.03407 3
      vertex 150.131 4.00855 3
    endloop
  endfacet
  facet normal 0.195527 -0.980698 0
    outer loop
      vertex 150.259 4.03407 3
      vertex 150.131 4.00855 0
      vertex 150.259 4.03407 0
    endloop
  endfacet
  facet normal 0.554771 -0.832003 0
    outer loop
      vertex 150.5 4.13397 0
      vertex 150.609 4.20665 3
      vertex 150.5 4.13397 3
    endloop
  endfacet
  facet normal 0.554771 -0.832003 0
    outer loop
      vertex 150.609 4.20665 3
      vertex 150.5 4.13397 0
      vertex 150.609 4.20665 0
    endloop
  endfacet
  facet normal -0.554771 -0.832003 0
    outer loop
      vertex 136.391 4.20665 0
      vertex 136.5 4.13397 3
      vertex 136.391 4.20665 3
    endloop
  endfacet
  facet normal -0.554771 -0.832003 -0
    outer loop
      vertex 136.5 4.13397 3
      vertex 136.391 4.20665 0
      vertex 136.5 4.13397 0
    endloop
  endfacet
  facet normal -0.32115 -0.947028 0
    outer loop
      vertex 136.617 4.07612 0
      vertex 136.741 4.03407 3
      vertex 136.617 4.07612 3
    endloop
  endfacet
  facet normal -0.32115 -0.947028 -0
    outer loop
      vertex 136.741 4.03407 3
      vertex 136.617 4.07612 0
      vertex 136.741 4.03407 0
    endloop
  endfacet
  facet normal -0.443225 -0.89641 0
    outer loop
      vertex 136.5 4.13397 0
      vertex 136.617 4.07612 3
      vertex 136.5 4.13397 3
    endloop
  endfacet
  facet normal -0.443225 -0.89641 -0
    outer loop
      vertex 136.617 4.07612 3
      vertex 136.5 4.13397 0
      vertex 136.617 4.07612 0
    endloop
  endfacet
  facet normal 0.947066 0.321039 0
    outer loop
      vertex 150.966 16.2588 3
      vertex 150.924 16.3827 0
      vertex 150.924 16.3827 3
    endloop
  endfacet
  facet normal 0.947066 0.321039 0
    outer loop
      vertex 150.924 16.3827 0
      vertex 150.966 16.2588 3
      vertex 150.966 16.2588 0
    endloop
  endfacet
  facet normal -0.75279 -0.658261 0
    outer loop
      vertex 136.293 4.29289 0
      vertex 136.207 4.39124 3
      vertex 136.207 4.39124 0
    endloop
  endfacet
  facet normal -0.75279 -0.658261 0
    outer loop
      vertex 136.207 4.39124 3
      vertex 136.293 4.29289 0
      vertex 136.293 4.29289 3
    endloop
  endfacet
  facet normal -0.981537 -0.191273 0
    outer loop
      vertex 136.034 4.74118 0
      vertex 136.009 4.86947 3
      vertex 136.009 4.86947 0
    endloop
  endfacet
  facet normal -0.981537 -0.191273 0
    outer loop
      vertex 136.009 4.86947 3
      vertex 136.034 4.74118 0
      vertex 136.034 4.74118 3
    endloop
  endfacet
  facet normal 0.195379 0.980728 -0
    outer loop
      vertex 150.259 16.9659 0
      vertex 150.131 16.9914 3
      vertex 150.259 16.9659 3
    endloop
  endfacet
  facet normal 0.195379 0.980728 0
    outer loop
      vertex 150.131 16.9914 3
      vertex 150.259 16.9659 0
      vertex 150.131 16.9914 0
    endloop
  endfacet
  facet normal 0.443533 0.896258 -0
    outer loop
      vertex 150.5 16.866 0
      vertex 150.383 16.9239 3
      vertex 150.5 16.866 3
    endloop
  endfacet
  facet normal 0.443533 0.896258 0
    outer loop
      vertex 150.383 16.9239 3
      vertex 150.5 16.866 0
      vertex 150.383 16.9239 0
    endloop
  endfacet
  facet normal 0.98154 0.191259 0
    outer loop
      vertex 150.991 16.1305 3
      vertex 150.966 16.2588 0
      vertex 150.966 16.2588 3
    endloop
  endfacet
  facet normal 0.98154 0.191259 0
    outer loop
      vertex 150.966 16.2588 0
      vertex 150.991 16.1305 3
      vertex 150.991 16.1305 0
    endloop
  endfacet
  facet normal -0.830308 -0.557305 0
    outer loop
      vertex 136.207 4.39124 0
      vertex 136.134 4.5 3
      vertex 136.134 4.5 0
    endloop
  endfacet
  facet normal -0.830308 -0.557305 0
    outer loop
      vertex 136.134 4.5 3
      vertex 136.207 4.39124 0
      vertex 136.207 4.39124 3
    endloop
  endfacet
  facet normal -0.896435 -0.443175 0
    outer loop
      vertex 136.134 4.5 0
      vertex 136.076 4.61732 3
      vertex 136.076 4.61732 0
    endloop
  endfacet
  facet normal -0.896435 -0.443175 0
    outer loop
      vertex 136.076 4.61732 3
      vertex 136.134 4.5 0
      vertex 136.134 4.5 3
    endloop
  endfacet
  facet normal 0.99763 0.0688021 0
    outer loop
      vertex 151 16 3
      vertex 150.991 16.1305 0
      vertex 150.991 16.1305 3
    endloop
  endfacet
  facet normal 0.99763 0.0688021 0
    outer loop
      vertex 150.991 16.1305 0
      vertex 151 16 3
      vertex 151 16 0
    endloop
  endfacet
  facet normal 0.830403 0.557164 0
    outer loop
      vertex 150.866 16.5 3
      vertex 150.793 16.6088 0
      vertex 150.793 16.6088 3
    endloop
  endfacet
  facet normal 0.830403 0.557164 0
    outer loop
      vertex 150.793 16.6088 0
      vertex 150.866 16.5 3
      vertex 150.866 16.5 0
    endloop
  endfacet
  facet normal 0.896405 0.443235 0
    outer loop
      vertex 150.924 16.3827 3
      vertex 150.866 16.5 0
      vertex 150.866 16.5 3
    endloop
  endfacet
  facet normal 0.896405 0.443235 0
    outer loop
      vertex 150.866 16.5 0
      vertex 150.924 16.3827 3
      vertex 150.924 16.3827 0
    endloop
  endfacet
  facet normal -0.947034 -0.321132 0
    outer loop
      vertex 136.076 4.61732 0
      vertex 136.034 4.74118 3
      vertex 136.034 4.74118 0
    endloop
  endfacet
  facet normal -0.947034 -0.321132 0
    outer loop
      vertex 136.034 4.74118 3
      vertex 136.076 4.61732 0
      vertex 136.076 4.61732 3
    endloop
  endfacet
  facet normal -1 0 0
    outer loop
      vertex 3 28.7936 0
      vertex 3 71.2064 3
      vertex 3 71.2064 0
    endloop
  endfacet
  facet normal -1 -0 0
    outer loop
      vertex 3 71.2064 3
      vertex 3 28.7936 0
      vertex 3 28.7936 3
    endloop
  endfacet
  facet normal 0 -1 0
    outer loop
      vertex 61 20.5 0
      vertex 62.7064 20.5 3
      vertex 61 20.5 3
    endloop
  endfacet
  facet normal 0 -1 -0
    outer loop
      vertex 62.7064 20.5 3
      vertex 61 20.5 0
      vertex 62.7064 20.5 0
    endloop
  endfacet
  facet normal 1 -0 0
    outer loop
      vertex 71 30.6546 3
      vertex 71 69.3787 0
      vertex 71 69.3787 3
    endloop
  endfacet
  facet normal 1 0 0
    outer loop
      vertex 71 69.3787 0
      vertex 71 30.6546 3
      vertex 71 30.6546 0
    endloop
  endfacet
  facet normal 0 1 -0
    outer loop
      vertex 62.7064 79.5 0
      vertex 14.3226 79.5 3
      vertex 62.7064 79.5 3
    endloop
  endfacet
  facet normal 0 1 0
    outer loop
      vertex 14.3226 79.5 3
      vertex 62.7064 79.5 0
      vertex 14.3226 79.5 0
    endloop
  endfacet
  facet normal 0.659458 -0.751741 0
    outer loop
      vertex 9.44436 12.5556 0
      vertex 9.66072 12.7454 3
      vertex 9.44436 12.5556 3
    endloop
  endfacet
  facet normal 0.659458 -0.751741 0
    outer loop
      vertex 9.66072 12.7454 3
      vertex 9.44436 12.5556 0
      vertex 9.66072 12.7454 0
    endloop
  endfacet
  facet normal -0.659562 -0.75165 0
    outer loop
      vertex 12.3393 12.7454 0
      vertex 12.5556 12.5556 3
      vertex 12.3393 12.7454 3
    endloop
  endfacet
  facet normal -0.659562 -0.75165 -0
    outer loop
      vertex 12.5556 12.5556 3
      vertex 12.3393 12.7454 0
      vertex 12.5556 12.5556 0
    endloop
  endfacet
  facet normal -0.946931 0.321435 0
    outer loop
      vertex 13.0325 10.1581 0
      vertex 13.125 10.4306 3
      vertex 13.125 10.4306 0
    endloop
  endfacet
  facet normal -0.946931 0.321435 0
    outer loop
      vertex 13.125 10.4306 3
      vertex 13.0325 10.1581 0
      vertex 13.0325 10.1581 3
    endloop
  endfacet
  facet normal -0.659444 0.751754 0
    outer loop
      vertex 12.5556 9.44436 0
      vertex 12.3393 9.25462 3
      vertex 12.5556 9.44436 3
    endloop
  endfacet
  facet normal -0.659444 0.751754 0
    outer loop
      vertex 12.3393 9.25462 3
      vertex 12.5556 9.44436 0
      vertex 12.3393 9.25462 0
    endloop
  endfacet
  facet normal 0.896874 0.442286 0
    outer loop
      vertex 9.09474 9.9 3
      vertex 8.96746 10.1581 0
      vertex 8.96746 10.1581 3
    endloop
  endfacet
  facet normal 0.896874 0.442286 0
    outer loop
      vertex 8.96746 10.1581 0
      vertex 9.09474 9.9 3
      vertex 9.09474 9.9 0
    endloop
  endfacet
  facet normal 0.99786 0.065389 0
    outer loop
      vertex 8.81882 10.7128 3
      vertex 8.8 11 0
      vertex 8.8 11 3
    endloop
  endfacet
  facet normal 0.99786 0.065389 0
    outer loop
      vertex 8.8 11 0
      vertex 8.81882 10.7128 3
      vertex 8.81882 10.7128 0
    endloop
  endfacet
  facet normal 0.321435 -0.946931 0
    outer loop
      vertex 10.1581 13.0325 0
      vertex 10.4306 13.125 3
      vertex 10.1581 13.0325 3
    endloop
  endfacet
  facet normal 0.321435 -0.946931 0
    outer loop
      vertex 10.4306 13.125 3
      vertex 10.1581 13.0325 0
      vertex 10.4306 13.125 0
    endloop
  endfacet
  facet normal 0.659341 0.751844 -0
    outer loop
      vertex 9.66072 9.25462 0
      vertex 9.44436 9.44436 3
      vertex 9.66072 9.25462 3
    endloop
  endfacet
  facet normal 0.659341 0.751844 0
    outer loop
      vertex 9.44436 9.44436 3
      vertex 9.66072 9.25462 0
      vertex 9.44436 9.44436 0
    endloop
  endfacet
  facet normal 0.946931 -0.321435 0
    outer loop
      vertex 8.87496 11.5694 3
      vertex 8.96746 11.8419 0
      vertex 8.96746 11.8419 3
    endloop
  endfacet
  facet normal 0.946931 -0.321435 0
    outer loop
      vertex 8.96746 11.8419 0
      vertex 8.87496 11.5694 3
      vertex 8.87496 11.5694 0
    endloop
  endfacet
  facet normal -0.997864 -0.0653198 0
    outer loop
      vertex 13.2 11 0
      vertex 13.1812 11.2872 3
      vertex 13.1812 11.2872 0
    endloop
  endfacet
  facet normal -0.997864 -0.0653198 0
    outer loop
      vertex 13.1812 11.2872 3
      vertex 13.2 11 0
      vertex 13.2 11 3
    endloop
  endfacet
  facet normal 0.751754 -0.659444 0
    outer loop
      vertex 9.25462 12.3393 3
      vertex 9.44436 12.5556 0
      vertex 9.44436 12.5556 3
    endloop
  endfacet
  facet normal 0.751754 -0.659444 0
    outer loop
      vertex 9.44436 12.5556 0
      vertex 9.25462 12.3393 3
      vertex 9.25462 12.3393 0
    endloop
  endfacet
  facet normal -0.831462 -0.555582 0
    outer loop
      vertex 12.9053 12.1 0
      vertex 12.7454 12.3393 3
      vertex 12.7454 12.3393 0
    endloop
  endfacet
  facet normal -0.831462 -0.555582 0
    outer loop
      vertex 12.7454 12.3393 3
      vertex 12.9053 12.1 0
      vertex 12.9053 12.1 3
    endloop
  endfacet
  facet normal 0.195314 -0.980741 0
    outer loop
      vertex 10.4306 13.125 0
      vertex 10.7128 13.1812 3
      vertex 10.4306 13.125 3
    endloop
  endfacet
  facet normal 0.195314 -0.980741 0
    outer loop
      vertex 10.7128 13.1812 3
      vertex 10.4306 13.125 0
      vertex 10.7128 13.1812 0
    endloop
  endfacet
  facet normal -0.980741 -0.195314 0
    outer loop
      vertex 13.1812 11.2872 0
      vertex 13.125 11.5694 3
      vertex 13.125 11.5694 0
    endloop
  endfacet
  facet normal -0.980741 -0.195314 0
    outer loop
      vertex 13.125 11.5694 3
      vertex 13.1812 11.2872 0
      vertex 13.1812 11.2872 3
    endloop
  endfacet
  facet normal 0.831472 0.555566 0
    outer loop
      vertex 9.25462 9.66072 3
      vertex 9.09474 9.9 0
      vertex 9.09474 9.9 3
    endloop
  endfacet
  facet normal 0.831472 0.555566 0
    outer loop
      vertex 9.09474 9.9 0
      vertex 9.25462 9.66072 3
      vertex 9.25462 9.66072 0
    endloop
  endfacet
  facet normal 0.442063 -0.896984 0
    outer loop
      vertex 9.9 12.9053 0
      vertex 10.1581 13.0325 3
      vertex 9.9 12.9053 3
    endloop
  endfacet
  facet normal 0.442063 -0.896984 0
    outer loop
      vertex 10.1581 13.0325 3
      vertex 9.9 12.9053 0
      vertex 10.1581 13.0325 0
    endloop
  endfacet
  facet normal -0.555582 -0.831462 0
    outer loop
      vertex 12.1 12.9053 0
      vertex 12.3393 12.7454 3
      vertex 12.1 12.9053 3
    endloop
  endfacet
  facet normal -0.555582 -0.831462 -0
    outer loop
      vertex 12.3393 12.7454 3
      vertex 12.1 12.9053 0
      vertex 12.3393 12.7454 0
    endloop
  endfacet
  facet normal -0.751741 0.659458 0
    outer loop
      vertex 12.5556 9.44436 0
      vertex 12.7454 9.66072 3
      vertex 12.7454 9.66072 0
    endloop
  endfacet
  facet normal -0.751741 0.659458 0
    outer loop
      vertex 12.7454 9.66072 3
      vertex 12.5556 9.44436 0
      vertex 12.5556 9.44436 3
    endloop
  endfacet
  facet normal -0.0653198 -0.997864 0
    outer loop
      vertex 11 13.2 0
      vertex 11.2872 13.1812 3
      vertex 11 13.2 3
    endloop
  endfacet
  facet normal -0.0653198 -0.997864 -0
    outer loop
      vertex 11.2872 13.1812 3
      vertex 11 13.2 0
      vertex 11.2872 13.1812 0
    endloop
  endfacet
  facet normal -0.75165 -0.659562 0
    outer loop
      vertex 12.7454 12.3393 0
      vertex 12.5556 12.5556 3
      vertex 12.5556 12.5556 0
    endloop
  endfacet
  facet normal -0.75165 -0.659562 0
    outer loop
      vertex 12.5556 12.5556 3
      vertex 12.7454 12.3393 0
      vertex 12.7454 12.3393 3
    endloop
  endfacet
  facet normal 0.896874 -0.442286 0
    outer loop
      vertex 8.96746 11.8419 3
      vertex 9.09474 12.1 0
      vertex 9.09474 12.1 3
    endloop
  endfacet
  facet normal 0.896874 -0.442286 0
    outer loop
      vertex 9.09474 12.1 0
      vertex 8.96746 11.8419 3
      vertex 8.96746 11.8419 0
    endloop
  endfacet
  facet normal -0.896984 0.442063 0
    outer loop
      vertex 12.9053 9.9 0
      vertex 13.0325 10.1581 3
      vertex 13.0325 10.1581 0
    endloop
  endfacet
  facet normal -0.896984 0.442063 0
    outer loop
      vertex 13.0325 10.1581 3
      vertex 12.9053 9.9 0
      vertex 12.9053 9.9 3
    endloop
  endfacet
  facet normal -0.83144 0.555614 0
    outer loop
      vertex 12.7454 9.66072 0
      vertex 12.9053 9.9 3
      vertex 12.9053 9.9 0
    endloop
  endfacet
  facet normal -0.83144 0.555614 0
    outer loop
      vertex 12.9053 9.9 3
      vertex 12.7454 9.66072 0
      vertex 12.7454 9.66072 3
    endloop
  endfacet
  facet normal -0.997864 0.0653198 0
    outer loop
      vertex 13.1812 10.7128 0
      vertex 13.2 11 3
      vertex 13.2 11 0
    endloop
  endfacet
  facet normal -0.997864 0.0653198 0
    outer loop
      vertex 13.2 11 3
      vertex 13.1812 10.7128 0
      vertex 13.1812 10.7128 3
    endloop
  endfacet
  facet normal 0.831494 -0.555534 0
    outer loop
      vertex 9.09474 12.1 3
      vertex 9.25462 12.3393 0
      vertex 9.25462 12.3393 3
    endloop
  endfacet
  facet normal 0.831494 -0.555534 0
    outer loop
      vertex 9.25462 12.3393 0
      vertex 9.09474 12.1 3
      vertex 9.09474 12.1 0
    endloop
  endfacet
  facet normal -0.442286 0.896874 0
    outer loop
      vertex 12.1 9.09474 0
      vertex 11.8419 8.96746 3
      vertex 12.1 9.09474 3
    endloop
  endfacet
  facet normal -0.442286 0.896874 0
    outer loop
      vertex 11.8419 8.96746 3
      vertex 12.1 9.09474 0
      vertex 11.8419 8.96746 0
    endloop
  endfacet
  facet normal 0.0653198 -0.997864 0
    outer loop
      vertex 10.7128 13.1812 0
      vertex 11 13.2 3
      vertex 10.7128 13.1812 3
    endloop
  endfacet
  facet normal 0.0653198 -0.997864 0
    outer loop
      vertex 11 13.2 3
      vertex 10.7128 13.1812 0
      vertex 11 13.2 0
    endloop
  endfacet
  facet normal -0.555534 0.831494 0
    outer loop
      vertex 12.3393 9.25462 0
      vertex 12.1 9.09474 3
      vertex 12.3393 9.25462 3
    endloop
  endfacet
  facet normal -0.555534 0.831494 0
    outer loop
      vertex 12.1 9.09474 3
      vertex 12.3393 9.25462 0
      vertex 12.1 9.09474 0
    endloop
  endfacet
  facet normal -0.321435 -0.946931 0
    outer loop
      vertex 11.5694 13.125 0
      vertex 11.8419 13.0325 3
      vertex 11.5694 13.125 3
    endloop
  endfacet
  facet normal -0.321435 -0.946931 -0
    outer loop
      vertex 11.8419 13.0325 3
      vertex 11.5694 13.125 0
      vertex 11.8419 13.0325 0
    endloop
  endfacet
  facet normal -0.442063 -0.896984 0
    outer loop
      vertex 11.8419 13.0325 0
      vertex 12.1 12.9053 3
      vertex 11.8419 13.0325 3
    endloop
  endfacet
  facet normal -0.442063 -0.896984 -0
    outer loop
      vertex 12.1 12.9053 3
      vertex 11.8419 13.0325 0
      vertex 12.1 12.9053 0
    endloop
  endfacet
  facet normal -0.195314 -0.980741 0
    outer loop
      vertex 11.2872 13.1812 0
      vertex 11.5694 13.125 3
      vertex 11.2872 13.1812 3
    endloop
  endfacet
  facet normal -0.195314 -0.980741 -0
    outer loop
      vertex 11.5694 13.125 3
      vertex 11.2872 13.1812 0
      vertex 11.5694 13.125 0
    endloop
  endfacet
  facet normal -0.321435 0.946931 0
    outer loop
      vertex 11.8419 8.96746 0
      vertex 11.5694 8.87496 3
      vertex 11.8419 8.96746 3
    endloop
  endfacet
  facet normal -0.321435 0.946931 0
    outer loop
      vertex 11.5694 8.87496 3
      vertex 11.8419 8.96746 0
      vertex 11.5694 8.87496 0
    endloop
  endfacet
  facet normal 0.555614 -0.83144 0
    outer loop
      vertex 9.66072 12.7454 0
      vertex 9.9 12.9053 3
      vertex 9.66072 12.7454 3
    endloop
  endfacet
  facet normal 0.555614 -0.83144 0
    outer loop
      vertex 9.9 12.9053 3
      vertex 9.66072 12.7454 0
      vertex 9.9 12.9053 0
    endloop
  endfacet
  facet normal -0.195113 0.980781 0
    outer loop
      vertex 11.5694 8.87496 0
      vertex 11.2872 8.81882 3
      vertex 11.5694 8.87496 3
    endloop
  endfacet
  facet normal -0.195113 0.980781 0
    outer loop
      vertex 11.2872 8.81882 3
      vertex 11.5694 8.87496 0
      vertex 11.2872 8.81882 0
    endloop
  endfacet
  facet normal -0.980741 0.195314 0
    outer loop
      vertex 13.125 10.4306 0
      vertex 13.1812 10.7128 3
      vertex 13.1812 10.7128 0
    endloop
  endfacet
  facet normal -0.980741 0.195314 0
    outer loop
      vertex 13.1812 10.7128 3
      vertex 13.125 10.4306 0
      vertex 13.125 10.4306 3
    endloop
  endfacet
  facet normal -0.065389 0.99786 0
    outer loop
      vertex 11.2872 8.81882 0
      vertex 11 8.8 3
      vertex 11.2872 8.81882 3
    endloop
  endfacet
  facet normal -0.065389 0.99786 0
    outer loop
      vertex 11 8.8 3
      vertex 11.2872 8.81882 0
      vertex 11 8.8 0
    endloop
  endfacet
  facet normal 0.751844 0.659341 0
    outer loop
      vertex 9.44436 9.44436 3
      vertex 9.25462 9.66072 0
      vertex 9.25462 9.66072 3
    endloop
  endfacet
  facet normal 0.751844 0.659341 0
    outer loop
      vertex 9.25462 9.66072 0
      vertex 9.44436 9.44436 3
      vertex 9.44436 9.44436 0
    endloop
  endfacet
  facet normal -0.946931 -0.321435 0
    outer loop
      vertex 13.125 11.5694 0
      vertex 13.0325 11.8419 3
      vertex 13.0325 11.8419 0
    endloop
  endfacet
  facet normal -0.946931 -0.321435 0
    outer loop
      vertex 13.0325 11.8419 3
      vertex 13.125 11.5694 0
      vertex 13.125 11.5694 3
    endloop
  endfacet
  facet normal -0.896984 -0.442063 0
    outer loop
      vertex 13.0325 11.8419 0
      vertex 12.9053 12.1 3
      vertex 12.9053 12.1 0
    endloop
  endfacet
  facet normal -0.896984 -0.442063 0
    outer loop
      vertex 12.9053 12.1 3
      vertex 13.0325 11.8419 0
      vertex 13.0325 11.8419 3
    endloop
  endfacet
  facet normal 0.946931 0.321435 0
    outer loop
      vertex 8.96746 10.1581 3
      vertex 8.87496 10.4306 0
      vertex 8.87496 10.4306 3
    endloop
  endfacet
  facet normal 0.946931 0.321435 0
    outer loop
      vertex 8.87496 10.4306 0
      vertex 8.96746 10.1581 3
      vertex 8.96746 10.1581 0
    endloop
  endfacet
  facet normal 0.065389 0.99786 -0
    outer loop
      vertex 11 8.8 0
      vertex 10.7128 8.81882 3
      vertex 11 8.8 3
    endloop
  endfacet
  facet normal 0.065389 0.99786 0
    outer loop
      vertex 10.7128 8.81882 3
      vertex 11 8.8 0
      vertex 10.7128 8.81882 0
    endloop
  endfacet
  facet normal 0.980781 0.195113 0
    outer loop
      vertex 8.87496 10.4306 3
      vertex 8.81882 10.7128 0
      vertex 8.81882 10.7128 3
    endloop
  endfacet
  facet normal 0.980781 0.195113 0
    outer loop
      vertex 8.81882 10.7128 0
      vertex 8.87496 10.4306 3
      vertex 8.87496 10.4306 0
    endloop
  endfacet
  facet normal 0.980781 -0.195113 0
    outer loop
      vertex 8.81882 11.2872 3
      vertex 8.87496 11.5694 0
      vertex 8.87496 11.5694 3
    endloop
  endfacet
  facet normal 0.980781 -0.195113 0
    outer loop
      vertex 8.87496 11.5694 0
      vertex 8.81882 11.2872 3
      vertex 8.81882 11.2872 0
    endloop
  endfacet
  facet normal 0.99786 -0.065389 0
    outer loop
      vertex 8.8 11 3
      vertex 8.81882 11.2872 0
      vertex 8.81882 11.2872 3
    endloop
  endfacet
  facet normal 0.99786 -0.065389 0
    outer loop
      vertex 8.81882 11.2872 0
      vertex 8.8 11 3
      vertex 8.8 11 0
    endloop
  endfacet
  facet normal 0.555566 0.831472 -0
    outer loop
      vertex 9.9 9.09474 0
      vertex 9.66072 9.25462 3
      vertex 9.9 9.09474 3
    endloop
  endfacet
  facet normal 0.555566 0.831472 0
    outer loop
      vertex 9.66072 9.25462 3
      vertex 9.9 9.09474 0
      vertex 9.66072 9.25462 0
    endloop
  endfacet
  facet normal 0.442286 0.896874 -0
    outer loop
      vertex 10.1581 8.96746 0
      vertex 9.9 9.09474 3
      vertex 10.1581 8.96746 3
    endloop
  endfacet
  facet normal 0.442286 0.896874 0
    outer loop
      vertex 9.9 9.09474 3
      vertex 10.1581 8.96746 0
      vertex 9.9 9.09474 0
    endloop
  endfacet
  facet normal 0.321435 0.946931 -0
    outer loop
      vertex 10.4306 8.87496 0
      vertex 10.1581 8.96746 3
      vertex 10.4306 8.87496 3
    endloop
  endfacet
  facet normal 0.321435 0.946931 0
    outer loop
      vertex 10.1581 8.96746 3
      vertex 10.4306 8.87496 0
      vertex 10.1581 8.96746 0
    endloop
  endfacet
  facet normal 0.195113 0.980781 -0
    outer loop
      vertex 10.7128 8.81882 0
      vertex 10.4306 8.87496 3
      vertex 10.7128 8.81882 3
    endloop
  endfacet
  facet normal 0.195113 0.980781 0
    outer loop
      vertex 10.4306 8.87496 3
      vertex 10.7128 8.81882 0
      vertex 10.4306 8.87496 0
    endloop
  endfacet
  facet normal 0.442424 0.896806 -0
    outer loop
      vertex 142.158 8.96746 0
      vertex 141.9 9.09474 3
      vertex 142.158 8.96746 3
    endloop
  endfacet
  facet normal 0.442424 0.896806 0
    outer loop
      vertex 141.9 9.09474 3
      vertex 142.158 8.96746 0
      vertex 141.9 9.09474 0
    endloop
  endfacet
  facet normal -0.980874 -0.194645 0
    outer loop
      vertex 145.181 11.2872 0
      vertex 145.125 11.5694 3
      vertex 145.125 11.5694 0
    endloop
  endfacet
  facet normal -0.980874 -0.194645 0
    outer loop
      vertex 145.125 11.5694 3
      vertex 145.181 11.2872 0
      vertex 145.181 11.2872 3
    endloop
  endfacet
  facet normal -0.997819 -0.0660117 0
    outer loop
      vertex 145.2 11 0
      vertex 145.181 11.2872 3
      vertex 145.181 11.2872 0
    endloop
  endfacet
  facet normal -0.997819 -0.0660117 0
    outer loop
      vertex 145.181 11.2872 3
      vertex 145.2 11 0
      vertex 145.2 11 3
    endloop
  endfacet
  facet normal 0.947459 0.319876 0
    outer loop
      vertex 140.967 10.1581 3
      vertex 140.875 10.4306 0
      vertex 140.875 10.4306 3
    endloop
  endfacet
  facet normal 0.947459 0.319876 0
    outer loop
      vertex 140.875 10.4306 0
      vertex 140.967 10.1581 3
      vertex 140.967 10.1581 0
    endloop
  endfacet
  facet normal -0.442201 -0.896916 0
    outer loop
      vertex 143.842 13.0325 0
      vertex 144.1 12.9053 3
      vertex 143.842 13.0325 3
    endloop
  endfacet
  facet normal -0.442201 -0.896916 -0
    outer loop
      vertex 144.1 12.9053 3
      vertex 143.842 13.0325 0
      vertex 144.1 12.9053 0
    endloop
  endfacet
  facet normal 0.75312 0.657883 0
    outer loop
      vertex 141.444 9.44436 3
      vertex 141.255 9.66072 0
      vertex 141.255 9.66072 3
    endloop
  endfacet
  facet normal 0.75312 0.657883 0
    outer loop
      vertex 141.255 9.66072 0
      vertex 141.444 9.44436 3
      vertex 141.444 9.44436 0
    endloop
  endfacet
  facet normal 0.320907 0.947111 -0
    outer loop
      vertex 142.431 8.87496 0
      vertex 142.158 8.96746 3
      vertex 142.431 8.87496 3
    endloop
  endfacet
  facet normal 0.320907 0.947111 0
    outer loop
      vertex 142.158 8.96746 3
      vertex 142.431 8.87496 0
      vertex 142.158 8.96746 0
    endloop
  endfacet
  facet normal -0.658357 -0.752706 0
    outer loop
      vertex 144.339 12.7454 0
      vertex 144.556 12.5556 3
      vertex 144.339 12.7454 3
    endloop
  endfacet
  facet normal -0.658357 -0.752706 -0
    outer loop
      vertex 144.556 12.5556 3
      vertex 144.339 12.7454 0
      vertex 144.556 12.5556 0
    endloop
  endfacet
  facet normal -0.658239 0.752809 0
    outer loop
      vertex 144.556 9.44436 0
      vertex 144.339 9.25462 3
      vertex 144.556 9.44436 3
    endloop
  endfacet
  facet normal -0.658239 0.752809 0
    outer loop
      vertex 144.339 9.25462 3
      vertex 144.556 9.44436 0
      vertex 144.339 9.25462 0
    endloop
  endfacet
  facet normal -0.0654344 0.997857 0
    outer loop
      vertex 143.287 8.81882 0
      vertex 143 8.8 3
      vertex 143.287 8.81882 3
    endloop
  endfacet
  facet normal -0.0654344 0.997857 0
    outer loop
      vertex 143 8.8 3
      vertex 143.287 8.81882 0
      vertex 143 8.8 0
    endloop
  endfacet
  facet normal -0.947459 0.319876 0
    outer loop
      vertex 145.033 10.1581 0
      vertex 145.125 10.4306 3
      vertex 145.125 10.4306 0
    endloop
  endfacet
  facet normal -0.947459 0.319876 0
    outer loop
      vertex 145.125 10.4306 3
      vertex 145.033 10.1581 0
      vertex 145.033 10.1581 3
    endloop
  endfacet
  facet normal -0.997819 0.0660117 0
    outer loop
      vertex 145.181 10.7128 0
      vertex 145.2 11 3
      vertex 145.2 11 0
    endloop
  endfacet
  facet normal -0.997819 0.0660117 0
    outer loop
      vertex 145.2 11 3
      vertex 145.181 10.7128 0
      vertex 145.181 10.7128 3
    endloop
  endfacet
  facet normal 0.0653651 -0.997861 0
    outer loop
      vertex 142.713 13.1812 0
      vertex 143 13.2 3
      vertex 142.713 13.1812 3
    endloop
  endfacet
  facet normal 0.0653651 -0.997861 0
    outer loop
      vertex 143 13.2 3
      vertex 142.713 13.1812 0
      vertex 143 13.2 0
    endloop
  endfacet
  facet normal 0.831301 -0.555822 0
    outer loop
      vertex 141.095 12.1 3
      vertex 141.255 12.3393 0
      vertex 141.255 12.3393 3
    endloop
  endfacet
  facet normal 0.831301 -0.555822 0
    outer loop
      vertex 141.255 12.3393 0
      vertex 141.095 12.1 3
      vertex 141.095 12.1 0
    endloop
  endfacet
  facet normal 0.195247 0.980754 -0
    outer loop
      vertex 142.713 8.81882 0
      vertex 142.431 8.87496 3
      vertex 142.713 8.81882 3
    endloop
  endfacet
  facet normal 0.195247 0.980754 0
    outer loop
      vertex 142.431 8.87496 3
      vertex 142.713 8.81882 0
      vertex 142.431 8.87496 0
    endloop
  endfacet
  facet normal -0.83128 0.555854 0
    outer loop
      vertex 144.745 9.66072 0
      vertex 144.905 9.9 3
      vertex 144.905 9.9 0
    endloop
  endfacet
  facet normal -0.83128 0.555854 0
    outer loop
      vertex 144.905 9.9 3
      vertex 144.745 9.66072 0
      vertex 144.745 9.66072 3
    endloop
  endfacet
  facet normal -0.89588 -0.444296 0
    outer loop
      vertex 145.033 11.8419 0
      vertex 144.905 12.1 3
      vertex 144.905 12.1 0
    endloop
  endfacet
  facet normal -0.89588 -0.444296 0
    outer loop
      vertex 144.905 12.1 3
      vertex 145.033 11.8419 0
      vertex 145.033 11.8419 3
    endloop
  endfacet
  facet normal -0.89588 0.444296 0
    outer loop
      vertex 144.905 9.9 0
      vertex 145.033 10.1581 3
      vertex 145.033 10.1581 0
    endloop
  endfacet
  facet normal -0.89588 0.444296 0
    outer loop
      vertex 145.033 10.1581 3
      vertex 144.905 9.9 0
      vertex 144.905 9.9 3
    endloop
  endfacet
  facet normal -0.442424 0.896806 0
    outer loop
      vertex 144.1 9.09474 0
      vertex 143.842 8.96746 3
      vertex 144.1 9.09474 3
    endloop
  endfacet
  facet normal -0.442424 0.896806 0
    outer loop
      vertex 143.842 8.96746 3
      vertex 144.1 9.09474 0
      vertex 143.842 8.96746 0
    endloop
  endfacet
  facet normal 0.980874 0.194645 0
    outer loop
      vertex 140.875 10.4306 3
      vertex 140.819 10.7128 0
      vertex 140.819 10.7128 3
    endloop
  endfacet
  facet normal 0.980874 0.194645 0
    outer loop
      vertex 140.819 10.7128 0
      vertex 140.875 10.4306 3
      vertex 140.875 10.4306 0
    endloop
  endfacet
  facet normal -0.947459 -0.319876 0
    outer loop
      vertex 145.125 11.5694 0
      vertex 145.033 11.8419 3
      vertex 145.033 11.8419 0
    endloop
  endfacet
  facet normal -0.947459 -0.319876 0
    outer loop
      vertex 145.033 11.8419 3
      vertex 145.125 11.5694 0
      vertex 145.125 11.5694 3
    endloop
  endfacet
  facet normal -0.195247 0.980754 0
    outer loop
      vertex 143.569 8.87496 0
      vertex 143.287 8.81882 3
      vertex 143.569 8.87496 3
    endloop
  endfacet
  facet normal -0.195247 0.980754 0
    outer loop
      vertex 143.287 8.81882 3
      vertex 143.569 8.87496 0
      vertex 143.287 8.81882 0
    endloop
  endfacet
  facet normal -0.556016 0.831172 0
    outer loop
      vertex 144.339 9.25462 0
      vertex 144.1 9.09474 3
      vertex 144.339 9.25462 3
    endloop
  endfacet
  facet normal -0.556016 0.831172 0
    outer loop
      vertex 144.1 9.09474 3
      vertex 144.339 9.25462 0
      vertex 144.1 9.09474 0
    endloop
  endfacet
  facet normal 0.753029 -0.657987 0
    outer loop
      vertex 141.255 12.3393 3
      vertex 141.444 12.5556 0
      vertex 141.444 12.5556 3
    endloop
  endfacet
  facet normal 0.753029 -0.657987 0
    outer loop
      vertex 141.444 12.5556 0
      vertex 141.255 12.3393 3
      vertex 141.255 12.3393 0
    endloop
  endfacet
  facet normal -0.75312 0.657883 0
    outer loop
      vertex 144.556 9.44436 0
      vertex 144.745 9.66072 3
      vertex 144.745 9.66072 0
    endloop
  endfacet
  facet normal -0.75312 0.657883 0
    outer loop
      vertex 144.745 9.66072 3
      vertex 144.556 9.44436 0
      vertex 144.556 9.44436 3
    endloop
  endfacet
  facet normal -0.831301 -0.555822 0
    outer loop
      vertex 144.905 12.1 0
      vertex 144.745 12.3393 3
      vertex 144.745 12.3393 0
    endloop
  endfacet
  facet normal -0.831301 -0.555822 0
    outer loop
      vertex 144.745 12.3393 3
      vertex 144.905 12.1 0
      vertex 144.905 12.1 3
    endloop
  endfacet
  facet normal -0.556064 -0.83114 0
    outer loop
      vertex 144.1 12.9053 0
      vertex 144.339 12.7454 3
      vertex 144.1 12.9053 3
    endloop
  endfacet
  facet normal -0.556064 -0.83114 -0
    outer loop
      vertex 144.339 12.7454 3
      vertex 144.1 12.9053 0
      vertex 144.339 12.7454 0
    endloop
  endfacet
  facet normal -0.980874 0.194645 0
    outer loop
      vertex 145.125 10.4306 0
      vertex 145.181 10.7128 3
      vertex 145.181 10.7128 0
    endloop
  endfacet
  facet normal -0.980874 0.194645 0
    outer loop
      vertex 145.181 10.7128 3
      vertex 145.125 10.4306 0
      vertex 145.125 10.4306 3
    endloop
  endfacet
  facet normal -0.195447 -0.980714 0
    outer loop
      vertex 143.287 13.1812 0
      vertex 143.569 13.125 3
      vertex 143.287 13.1812 3
    endloop
  endfacet
  facet normal -0.195447 -0.980714 -0
    outer loop
      vertex 143.569 13.125 3
      vertex 143.287 13.1812 0
      vertex 143.569 13.125 0
    endloop
  endfacet
  facet normal -0.320907 0.947111 0
    outer loop
      vertex 143.842 8.96746 0
      vertex 143.569 8.87496 3
      vertex 143.842 8.96746 3
    endloop
  endfacet
  facet normal -0.320907 0.947111 0
    outer loop
      vertex 143.569 8.87496 3
      vertex 143.842 8.96746 0
      vertex 143.569 8.87496 0
    endloop
  endfacet
  facet normal 0.195447 -0.980714 0
    outer loop
      vertex 142.431 13.125 0
      vertex 142.713 13.1812 3
      vertex 142.431 13.125 3
    endloop
  endfacet
  facet normal 0.195447 -0.980714 0
    outer loop
      vertex 142.713 13.1812 3
      vertex 142.431 13.125 0
      vertex 142.713 13.1812 0
    endloop
  endfacet
  facet normal 0.89588 0.444296 0
    outer loop
      vertex 141.095 9.9 3
      vertex 140.967 10.1581 0
      vertex 140.967 10.1581 3
    endloop
  endfacet
  facet normal 0.89588 0.444296 0
    outer loop
      vertex 140.967 10.1581 0
      vertex 141.095 9.9 3
      vertex 141.095 9.9 0
    endloop
  endfacet
  facet normal 0.658357 -0.752706 0
    outer loop
      vertex 141.444 12.5556 0
      vertex 141.661 12.7454 3
      vertex 141.444 12.5556 3
    endloop
  endfacet
  facet normal 0.658357 -0.752706 0
    outer loop
      vertex 141.661 12.7454 3
      vertex 141.444 12.5556 0
      vertex 141.661 12.7454 0
    endloop
  endfacet
  facet normal 0.947459 -0.319876 0
    outer loop
      vertex 140.875 11.5694 3
      vertex 140.967 11.8419 0
      vertex 140.967 11.8419 3
    endloop
  endfacet
  facet normal 0.947459 -0.319876 0
    outer loop
      vertex 140.967 11.8419 0
      vertex 140.875 11.5694 3
      vertex 140.875 11.5694 0
    endloop
  endfacet
  facet normal 0.997819 -0.0660117 0
    outer loop
      vertex 140.8 11 3
      vertex 140.819 11.2872 0
      vertex 140.819 11.2872 3
    endloop
  endfacet
  facet normal 0.997819 -0.0660117 0
    outer loop
      vertex 140.819 11.2872 0
      vertex 140.8 11 3
      vertex 140.8 11 0
    endloop
  endfacet
  facet normal -0.0653651 -0.997861 0
    outer loop
      vertex 143 13.2 0
      vertex 143.287 13.1812 3
      vertex 143 13.2 3
    endloop
  endfacet
  facet normal -0.0653651 -0.997861 -0
    outer loop
      vertex 143.287 13.1812 3
      vertex 143 13.2 0
      vertex 143.287 13.1812 0
    endloop
  endfacet
  facet normal -0.320907 -0.947111 0
    outer loop
      vertex 143.569 13.125 0
      vertex 143.842 13.0325 3
      vertex 143.569 13.125 3
    endloop
  endfacet
  facet normal -0.320907 -0.947111 -0
    outer loop
      vertex 143.842 13.0325 3
      vertex 143.569 13.125 0
      vertex 143.842 13.0325 0
    endloop
  endfacet
  facet normal -0.753029 -0.657987 0
    outer loop
      vertex 144.745 12.3393 0
      vertex 144.556 12.5556 3
      vertex 144.556 12.5556 0
    endloop
  endfacet
  facet normal -0.753029 -0.657987 0
    outer loop
      vertex 144.556 12.5556 3
      vertex 144.745 12.3393 0
      vertex 144.745 12.3393 3
    endloop
  endfacet
  facet normal 0.320907 -0.947111 0
    outer loop
      vertex 142.158 13.0325 0
      vertex 142.431 13.125 3
      vertex 142.158 13.0325 3
    endloop
  endfacet
  facet normal 0.320907 -0.947111 0
    outer loop
      vertex 142.431 13.125 3
      vertex 142.158 13.0325 0
      vertex 142.431 13.125 0
    endloop
  endfacet
  facet normal 0.980874 -0.194645 0
    outer loop
      vertex 140.819 11.2872 3
      vertex 140.875 11.5694 0
      vertex 140.875 11.5694 3
    endloop
  endfacet
  facet normal 0.980874 -0.194645 0
    outer loop
      vertex 140.875 11.5694 0
      vertex 140.819 11.2872 3
      vertex 140.819 11.2872 0
    endloop
  endfacet
  facet normal 0.442201 -0.896916 0
    outer loop
      vertex 141.9 12.9053 0
      vertex 142.158 13.0325 3
      vertex 141.9 12.9053 3
    endloop
  endfacet
  facet normal 0.442201 -0.896916 0
    outer loop
      vertex 142.158 13.0325 3
      vertex 141.9 12.9053 0
      vertex 142.158 13.0325 0
    endloop
  endfacet
  facet normal 0.997819 0.0660117 0
    outer loop
      vertex 140.819 10.7128 3
      vertex 140.8 11 0
      vertex 140.8 11 3
    endloop
  endfacet
  facet normal 0.997819 0.0660117 0
    outer loop
      vertex 140.8 11 0
      vertex 140.819 10.7128 3
      vertex 140.819 10.7128 0
    endloop
  endfacet
  facet normal 0.83128 0.555854 0
    outer loop
      vertex 141.255 9.66072 3
      vertex 141.095 9.9 0
      vertex 141.095 9.9 3
    endloop
  endfacet
  facet normal 0.83128 0.555854 0
    outer loop
      vertex 141.095 9.9 0
      vertex 141.255 9.66072 3
      vertex 141.255 9.66072 0
    endloop
  endfacet
  facet normal 0.556064 -0.83114 0
    outer loop
      vertex 141.661 12.7454 0
      vertex 141.9 12.9053 3
      vertex 141.661 12.7454 3
    endloop
  endfacet
  facet normal 0.556064 -0.83114 0
    outer loop
      vertex 141.9 12.9053 3
      vertex 141.661 12.7454 0
      vertex 141.9 12.9053 0
    endloop
  endfacet
  facet normal 0.0654344 0.997857 -0
    outer loop
      vertex 143 8.8 0
      vertex 142.713 8.81882 3
      vertex 143 8.8 3
    endloop
  endfacet
  facet normal 0.0654344 0.997857 0
    outer loop
      vertex 142.713 8.81882 3
      vertex 143 8.8 0
      vertex 142.713 8.81882 0
    endloop
  endfacet
  facet normal 0.556016 0.831172 -0
    outer loop
      vertex 141.9 9.09474 0
      vertex 141.661 9.25462 3
      vertex 141.9 9.09474 3
    endloop
  endfacet
  facet normal 0.556016 0.831172 0
    outer loop
      vertex 141.661 9.25462 3
      vertex 141.9 9.09474 0
      vertex 141.661 9.25462 0
    endloop
  endfacet
  facet normal 0.89588 -0.444296 0
    outer loop
      vertex 140.967 11.8419 3
      vertex 141.095 12.1 0
      vertex 141.095 12.1 3
    endloop
  endfacet
  facet normal 0.89588 -0.444296 0
    outer loop
      vertex 141.095 12.1 0
      vertex 140.967 11.8419 3
      vertex 140.967 11.8419 0
    endloop
  endfacet
  facet normal 0.658239 0.752809 -0
    outer loop
      vertex 141.661 9.25462 0
      vertex 141.444 9.44436 3
      vertex 141.661 9.25462 3
    endloop
  endfacet
  facet normal 0.658239 0.752809 0
    outer loop
      vertex 141.444 9.44436 3
      vertex 141.661 9.25462 0
      vertex 141.444 9.44436 0
    endloop
  endfacet
  facet normal 0.659458 -0.751741 0
    outer loop
      vertex 7.44436 91.5556 0
      vertex 7.66072 91.7454 3
      vertex 7.44436 91.5556 3
    endloop
  endfacet
  facet normal 0.659458 -0.751741 0
    outer loop
      vertex 7.66072 91.7454 3
      vertex 7.44436 91.5556 0
      vertex 7.66072 91.7454 0
    endloop
  endfacet
  facet normal -0.659562 -0.75165 0
    outer loop
      vertex 10.3393 91.7454 0
      vertex 10.5556 91.5556 3
      vertex 10.3393 91.7454 3
    endloop
  endfacet
  facet normal -0.659562 -0.75165 -0
    outer loop
      vertex 10.5556 91.5556 3
      vertex 10.3393 91.7454 0
      vertex 10.5556 91.5556 0
    endloop
  endfacet
  facet normal -0.946931 0.321435 0
    outer loop
      vertex 11.0325 89.1581 0
      vertex 11.125 89.4306 3
      vertex 11.125 89.4306 0
    endloop
  endfacet
  facet normal -0.946931 0.321435 0
    outer loop
      vertex 11.125 89.4306 3
      vertex 11.0325 89.1581 0
      vertex 11.0325 89.1581 3
    endloop
  endfacet
  facet normal -0.659562 0.75165 0
    outer loop
      vertex 10.5556 88.4444 0
      vertex 10.3393 88.2546 3
      vertex 10.5556 88.4444 3
    endloop
  endfacet
  facet normal -0.659562 0.75165 0
    outer loop
      vertex 10.3393 88.2546 3
      vertex 10.5556 88.4444 0
      vertex 10.3393 88.2546 0
    endloop
  endfacet
  facet normal 0.442063 0.896984 -0
    outer loop
      vertex 8.1581 87.9675 0
      vertex 7.9 88.0947 3
      vertex 8.1581 87.9675 3
    endloop
  endfacet
  facet normal 0.442063 0.896984 0
    outer loop
      vertex 7.9 88.0947 3
      vertex 8.1581 87.9675 0
      vertex 7.9 88.0947 0
    endloop
  endfacet
  facet normal 0.896874 0.442286 0
    outer loop
      vertex 7.09474 88.9 3
      vertex 6.96746 89.1581 0
      vertex 6.96746 89.1581 3
    endloop
  endfacet
  facet normal 0.896874 0.442286 0
    outer loop
      vertex 6.96746 89.1581 0
      vertex 7.09474 88.9 3
      vertex 7.09474 88.9 0
    endloop
  endfacet
  facet normal 0.99786 0.065389 0
    outer loop
      vertex 6.81882 89.7128 3
      vertex 6.8 90 0
      vertex 6.8 90 3
    endloop
  endfacet
  facet normal 0.99786 0.065389 0
    outer loop
      vertex 6.8 90 0
      vertex 6.81882 89.7128 3
      vertex 6.81882 89.7128 0
    endloop
  endfacet
  facet normal 0.321435 -0.946931 0
    outer loop
      vertex 8.1581 92.0325 0
      vertex 8.4306 92.125 3
      vertex 8.1581 92.0325 3
    endloop
  endfacet
  facet normal 0.321435 -0.946931 0
    outer loop
      vertex 8.4306 92.125 3
      vertex 8.1581 92.0325 0
      vertex 8.4306 92.125 0
    endloop
  endfacet
  facet normal 0.659458 0.751741 -0
    outer loop
      vertex 7.66072 88.2546 0
      vertex 7.44436 88.4444 3
      vertex 7.66072 88.2546 3
    endloop
  endfacet
  facet normal 0.659458 0.751741 0
    outer loop
      vertex 7.44436 88.4444 3
      vertex 7.66072 88.2546 0
      vertex 7.44436 88.4444 0
    endloop
  endfacet
  facet normal -0.997864 -0.0653198 0
    outer loop
      vertex 11.2 90 0
      vertex 11.1812 90.2872 3
      vertex 11.1812 90.2872 0
    endloop
  endfacet
  facet normal -0.997864 -0.0653198 0
    outer loop
      vertex 11.1812 90.2872 3
      vertex 11.2 90 0
      vertex 11.2 90 3
    endloop
  endfacet
  facet normal 0.751754 -0.659444 0
    outer loop
      vertex 7.25462 91.3393 3
      vertex 7.44436 91.5556 0
      vertex 7.44436 91.5556 3
    endloop
  endfacet
  facet normal 0.751754 -0.659444 0
    outer loop
      vertex 7.44436 91.5556 0
      vertex 7.25462 91.3393 3
      vertex 7.25462 91.3393 0
    endloop
  endfacet
  facet normal -0.831462 -0.555582 0
    outer loop
      vertex 10.9053 91.1 0
      vertex 10.7454 91.3393 3
      vertex 10.7454 91.3393 0
    endloop
  endfacet
  facet normal -0.831462 -0.555582 0
    outer loop
      vertex 10.7454 91.3393 3
      vertex 10.9053 91.1 0
      vertex 10.9053 91.1 3
    endloop
  endfacet
  facet normal 0.195287 -0.980746 0
    outer loop
      vertex 8.4306 92.125 0
      vertex 8.71284 92.1812 3
      vertex 8.4306 92.125 3
    endloop
  endfacet
  facet normal 0.195287 -0.980746 0
    outer loop
      vertex 8.71284 92.1812 3
      vertex 8.4306 92.125 0
      vertex 8.71284 92.1812 0
    endloop
  endfacet
  facet normal -0.980741 -0.195314 0
    outer loop
      vertex 11.1812 90.2872 0
      vertex 11.125 90.5694 3
      vertex 11.125 90.5694 0
    endloop
  endfacet
  facet normal -0.980741 -0.195314 0
    outer loop
      vertex 11.125 90.5694 3
      vertex 11.1812 90.2872 0
      vertex 11.1812 90.2872 3
    endloop
  endfacet
  facet normal 0.831494 0.555534 0
    outer loop
      vertex 7.25462 88.6607 3
      vertex 7.09474 88.9 0
      vertex 7.09474 88.9 3
    endloop
  endfacet
  facet normal 0.831494 0.555534 0
    outer loop
      vertex 7.09474 88.9 0
      vertex 7.25462 88.6607 3
      vertex 7.25462 88.6607 0
    endloop
  endfacet
  facet normal 0.442063 -0.896984 0
    outer loop
      vertex 7.9 91.9053 0
      vertex 8.1581 92.0325 3
      vertex 7.9 91.9053 3
    endloop
  endfacet
  facet normal 0.442063 -0.896984 0
    outer loop
      vertex 8.1581 92.0325 3
      vertex 7.9 91.9053 0
      vertex 8.1581 92.0325 0
    endloop
  endfacet
  facet normal -0.555582 -0.831462 0
    outer loop
      vertex 10.1 91.9053 0
      vertex 10.3393 91.7454 3
      vertex 10.1 91.9053 3
    endloop
  endfacet
  facet normal -0.555582 -0.831462 -0
    outer loop
      vertex 10.3393 91.7454 3
      vertex 10.1 91.9053 0
      vertex 10.3393 91.7454 0
    endloop
  endfacet
  facet normal -0.75165 0.659562 0
    outer loop
      vertex 10.5556 88.4444 0
      vertex 10.7454 88.6607 3
      vertex 10.7454 88.6607 0
    endloop
  endfacet
  facet normal -0.75165 0.659562 0
    outer loop
      vertex 10.7454 88.6607 3
      vertex 10.5556 88.4444 0
      vertex 10.5556 88.4444 3
    endloop
  endfacet
  facet normal -0.75165 -0.659562 0
    outer loop
      vertex 10.7454 91.3393 0
      vertex 10.5556 91.5556 3
      vertex 10.5556 91.5556 0
    endloop
  endfacet
  facet normal -0.75165 -0.659562 0
    outer loop
      vertex 10.5556 91.5556 3
      vertex 10.7454 91.3393 0
      vertex 10.7454 91.3393 3
    endloop
  endfacet
  facet normal -0.896984 0.442063 0
    outer loop
      vertex 10.9053 88.9 0
      vertex 11.0325 89.1581 3
      vertex 11.0325 89.1581 0
    endloop
  endfacet
  facet normal -0.896984 0.442063 0
    outer loop
      vertex 11.0325 89.1581 3
      vertex 10.9053 88.9 0
      vertex 10.9053 88.9 3
    endloop
  endfacet
  facet normal -0.946931 -0.321435 0
    outer loop
      vertex 11.125 90.5694 0
      vertex 11.0325 90.8419 3
      vertex 11.0325 90.8419 0
    endloop
  endfacet
  facet normal -0.946931 -0.321435 0
    outer loop
      vertex 11.0325 90.8419 3
      vertex 11.125 90.5694 0
      vertex 11.125 90.5694 3
    endloop
  endfacet
  facet normal -0.831462 0.555582 0
    outer loop
      vertex 10.7454 88.6607 0
      vertex 10.9053 88.9 3
      vertex 10.9053 88.9 0
    endloop
  endfacet
  facet normal -0.831462 0.555582 0
    outer loop
      vertex 10.9053 88.9 3
      vertex 10.7454 88.6607 0
      vertex 10.7454 88.6607 3
    endloop
  endfacet
  facet normal -0.997864 0.0653198 0
    outer loop
      vertex 11.1812 89.7128 0
      vertex 11.2 90 3
      vertex 11.2 90 0
    endloop
  endfacet
  facet normal -0.997864 0.0653198 0
    outer loop
      vertex 11.2 90 3
      vertex 11.1812 89.7128 0
      vertex 11.1812 89.7128 3
    endloop
  endfacet
  facet normal 0.831494 -0.555534 0
    outer loop
      vertex 7.09474 91.1 3
      vertex 7.25462 91.3393 0
      vertex 7.25462 91.3393 3
    endloop
  endfacet
  facet normal 0.831494 -0.555534 0
    outer loop
      vertex 7.25462 91.3393 0
      vertex 7.09474 91.1 3
      vertex 7.09474 91.1 0
    endloop
  endfacet
  facet normal -0.442063 0.896984 0
    outer loop
      vertex 10.1 88.0947 0
      vertex 9.8419 87.9675 3
      vertex 10.1 88.0947 3
    endloop
  endfacet
  facet normal -0.442063 0.896984 0
    outer loop
      vertex 9.8419 87.9675 3
      vertex 10.1 88.0947 0
      vertex 9.8419 87.9675 0
    endloop
  endfacet
  facet normal 0.0653289 -0.997864 0
    outer loop
      vertex 8.71284 92.1812 0
      vertex 9 92.2 3
      vertex 8.71284 92.1812 3
    endloop
  endfacet
  facet normal 0.0653289 -0.997864 0
    outer loop
      vertex 9 92.2 3
      vertex 8.71284 92.1812 0
      vertex 9 92.2 0
    endloop
  endfacet
  facet normal -0.555582 0.831462 0
    outer loop
      vertex 10.3393 88.2546 0
      vertex 10.1 88.0947 3
      vertex 10.3393 88.2546 3
    endloop
  endfacet
  facet normal -0.555582 0.831462 0
    outer loop
      vertex 10.1 88.0947 3
      vertex 10.3393 88.2546 0
      vertex 10.1 88.0947 0
    endloop
  endfacet
  facet normal -0.321435 -0.946931 0
    outer loop
      vertex 9.5694 92.125 0
      vertex 9.8419 92.0325 3
      vertex 9.5694 92.125 3
    endloop
  endfacet
  facet normal -0.321435 -0.946931 -0
    outer loop
      vertex 9.8419 92.0325 3
      vertex 9.5694 92.125 0
      vertex 9.8419 92.0325 0
    endloop
  endfacet
  facet normal -0.442063 -0.896984 0
    outer loop
      vertex 9.8419 92.0325 0
      vertex 10.1 91.9053 3
      vertex 9.8419 92.0325 3
    endloop
  endfacet
  facet normal -0.442063 -0.896984 -0
    outer loop
      vertex 10.1 91.9053 3
      vertex 9.8419 92.0325 0
      vertex 10.1 91.9053 0
    endloop
  endfacet
  facet normal -0.195287 -0.980746 0
    outer loop
      vertex 9.28716 92.1812 0
      vertex 9.5694 92.125 3
      vertex 9.28716 92.1812 3
    endloop
  endfacet
  facet normal -0.195287 -0.980746 -0
    outer loop
      vertex 9.5694 92.125 3
      vertex 9.28716 92.1812 0
      vertex 9.5694 92.125 0
    endloop
  endfacet
  facet normal -0.321435 0.946931 0
    outer loop
      vertex 9.8419 87.9675 0
      vertex 9.5694 87.875 3
      vertex 9.8419 87.9675 3
    endloop
  endfacet
  facet normal -0.321435 0.946931 0
    outer loop
      vertex 9.5694 87.875 3
      vertex 9.8419 87.9675 0
      vertex 9.5694 87.875 0
    endloop
  endfacet
  facet normal 0.555614 -0.83144 0
    outer loop
      vertex 7.66072 91.7454 0
      vertex 7.9 91.9053 3
      vertex 7.66072 91.7454 3
    endloop
  endfacet
  facet normal 0.555614 -0.83144 0
    outer loop
      vertex 7.9 91.9053 3
      vertex 7.66072 91.7454 0
      vertex 7.9 91.9053 0
    endloop
  endfacet
  facet normal -0.195287 0.980746 0
    outer loop
      vertex 9.5694 87.875 0
      vertex 9.28716 87.8188 3
      vertex 9.5694 87.875 3
    endloop
  endfacet
  facet normal -0.195287 0.980746 0
    outer loop
      vertex 9.28716 87.8188 3
      vertex 9.5694 87.875 0
      vertex 9.28716 87.8188 0
    endloop
  endfacet
  facet normal -0.980741 0.195314 0
    outer loop
      vertex 11.125 89.4306 0
      vertex 11.1812 89.7128 3
      vertex 11.1812 89.7128 0
    endloop
  endfacet
  facet normal -0.980741 0.195314 0
    outer loop
      vertex 11.1812 89.7128 3
      vertex 11.125 89.4306 0
      vertex 11.125 89.4306 3
    endloop
  endfacet
  facet normal -0.0653289 0.997864 0
    outer loop
      vertex 9.28716 87.8188 0
      vertex 9 87.8 3
      vertex 9.28716 87.8188 3
    endloop
  endfacet
  facet normal -0.0653289 0.997864 0
    outer loop
      vertex 9 87.8 3
      vertex 9.28716 87.8188 0
      vertex 9 87.8 0
    endloop
  endfacet
  facet normal 0.946931 -0.321435 0
    outer loop
      vertex 6.87496 90.5694 3
      vertex 6.96746 90.8419 0
      vertex 6.96746 90.8419 3
    endloop
  endfacet
  facet normal 0.946931 -0.321435 0
    outer loop
      vertex 6.96746 90.8419 0
      vertex 6.87496 90.5694 3
      vertex 6.87496 90.5694 0
    endloop
  endfacet
  facet normal -0.896984 -0.442063 0
    outer loop
      vertex 11.0325 90.8419 0
      vertex 10.9053 91.1 3
      vertex 10.9053 91.1 0
    endloop
  endfacet
  facet normal -0.896984 -0.442063 0
    outer loop
      vertex 10.9053 91.1 3
      vertex 11.0325 90.8419 0
      vertex 11.0325 90.8419 3
    endloop
  endfacet
  facet normal 0.321435 0.946931 -0
    outer loop
      vertex 8.4306 87.875 0
      vertex 8.1581 87.9675 3
      vertex 8.4306 87.875 3
    endloop
  endfacet
  facet normal 0.321435 0.946931 0
    outer loop
      vertex 8.1581 87.9675 3
      vertex 8.4306 87.875 0
      vertex 8.1581 87.9675 0
    endloop
  endfacet
  facet normal 0.946931 0.321435 0
    outer loop
      vertex 6.96746 89.1581 3
      vertex 6.87496 89.4306 0
      vertex 6.87496 89.4306 3
    endloop
  endfacet
  facet normal 0.946931 0.321435 0
    outer loop
      vertex 6.87496 89.4306 0
      vertex 6.96746 89.1581 3
      vertex 6.96746 89.1581 0
    endloop
  endfacet
  facet normal 0.0653289 0.997864 -0
    outer loop
      vertex 9 87.8 0
      vertex 8.71284 87.8188 3
      vertex 9 87.8 3
    endloop
  endfacet
  facet normal 0.0653289 0.997864 0
    outer loop
      vertex 8.71284 87.8188 3
      vertex 9 87.8 0
      vertex 8.71284 87.8188 0
    endloop
  endfacet
  facet normal 0.980781 0.195113 0
    outer loop
      vertex 6.87496 89.4306 3
      vertex 6.81882 89.7128 0
      vertex 6.81882 89.7128 3
    endloop
  endfacet
  facet normal 0.980781 0.195113 0
    outer loop
      vertex 6.81882 89.7128 0
      vertex 6.87496 89.4306 3
      vertex 6.87496 89.4306 0
    endloop
  endfacet
  facet normal 0.980781 -0.195113 0
    outer loop
      vertex 6.81882 90.2872 3
      vertex 6.87496 90.5694 0
      vertex 6.87496 90.5694 3
    endloop
  endfacet
  facet normal 0.980781 -0.195113 0
    outer loop
      vertex 6.87496 90.5694 0
      vertex 6.81882 90.2872 3
      vertex 6.81882 90.2872 0
    endloop
  endfacet
  facet normal 0.99786 -0.065389 0
    outer loop
      vertex 6.8 90 3
      vertex 6.81882 90.2872 0
      vertex 6.81882 90.2872 3
    endloop
  endfacet
  facet normal 0.99786 -0.065389 0
    outer loop
      vertex 6.81882 90.2872 0
      vertex 6.8 90 3
      vertex 6.8 90 0
    endloop
  endfacet
  facet normal 0.751754 0.659444 0
    outer loop
      vertex 7.44436 88.4444 3
      vertex 7.25462 88.6607 0
      vertex 7.25462 88.6607 3
    endloop
  endfacet
  facet normal 0.751754 0.659444 0
    outer loop
      vertex 7.25462 88.6607 0
      vertex 7.44436 88.4444 3
      vertex 7.44436 88.4444 0
    endloop
  endfacet
  facet normal 0.555614 0.83144 -0
    outer loop
      vertex 7.9 88.0947 0
      vertex 7.66072 88.2546 3
      vertex 7.9 88.0947 3
    endloop
  endfacet
  facet normal 0.555614 0.83144 0
    outer loop
      vertex 7.66072 88.2546 3
      vertex 7.9 88.0947 0
      vertex 7.66072 88.2546 0
    endloop
  endfacet
  facet normal -0.0653289 -0.997864 0
    outer loop
      vertex 9 92.2 0
      vertex 9.28716 92.1812 3
      vertex 9 92.2 3
    endloop
  endfacet
  facet normal -0.0653289 -0.997864 -0
    outer loop
      vertex 9.28716 92.1812 3
      vertex 9 92.2 0
      vertex 9.28716 92.1812 0
    endloop
  endfacet
  facet normal 0.896874 -0.442286 0
    outer loop
      vertex 6.96746 90.8419 3
      vertex 7.09474 91.1 0
      vertex 7.09474 91.1 3
    endloop
  endfacet
  facet normal 0.896874 -0.442286 0
    outer loop
      vertex 7.09474 91.1 0
      vertex 6.96746 90.8419 3
      vertex 6.96746 90.8419 0
    endloop
  endfacet
  facet normal 0.195287 0.980746 -0
    outer loop
      vertex 8.71284 87.8188 0
      vertex 8.4306 87.875 3
      vertex 8.71284 87.8188 3
    endloop
  endfacet
  facet normal 0.195287 0.980746 0
    outer loop
      vertex 8.4306 87.875 3
      vertex 8.71284 87.8188 0
      vertex 8.4306 87.875 0
    endloop
  endfacet
  facet normal 0.442201 0.896916 -0
    outer loop
      vertex 144.158 87.9675 0
      vertex 143.9 88.0947 3
      vertex 144.158 87.9675 3
    endloop
  endfacet
  facet normal 0.442201 0.896916 0
    outer loop
      vertex 143.9 88.0947 3
      vertex 144.158 87.9675 0
      vertex 143.9 88.0947 0
    endloop
  endfacet
  facet normal -0.980874 -0.194645 0
    outer loop
      vertex 147.181 90.2872 0
      vertex 147.125 90.5694 3
      vertex 147.125 90.5694 0
    endloop
  endfacet
  facet normal -0.980874 -0.194645 0
    outer loop
      vertex 147.125 90.5694 3
      vertex 147.181 90.2872 0
      vertex 147.181 90.2872 3
    endloop
  endfacet
  facet normal -0.997819 -0.0660117 0
    outer loop
      vertex 147.2 90 0
      vertex 147.181 90.2872 3
      vertex 147.181 90.2872 0
    endloop
  endfacet
  facet normal -0.997819 -0.0660117 0
    outer loop
      vertex 147.181 90.2872 3
      vertex 147.2 90 0
      vertex 147.2 90 3
    endloop
  endfacet
  facet normal -0.442201 -0.896916 0
    outer loop
      vertex 145.842 92.0325 0
      vertex 146.1 91.9053 3
      vertex 145.842 92.0325 3
    endloop
  endfacet
  facet normal -0.442201 -0.896916 -0
    outer loop
      vertex 146.1 91.9053 3
      vertex 145.842 92.0325 0
      vertex 146.1 91.9053 0
    endloop
  endfacet
  facet normal 0.753029 0.657987 0
    outer loop
      vertex 143.444 88.4444 3
      vertex 143.255 88.6607 0
      vertex 143.255 88.6607 3
    endloop
  endfacet
  facet normal 0.753029 0.657987 0
    outer loop
      vertex 143.255 88.6607 0
      vertex 143.444 88.4444 3
      vertex 143.444 88.4444 0
    endloop
  endfacet
  facet normal 0.320907 0.947111 -0
    outer loop
      vertex 144.431 87.875 0
      vertex 144.158 87.9675 3
      vertex 144.431 87.875 3
    endloop
  endfacet
  facet normal 0.320907 0.947111 0
    outer loop
      vertex 144.158 87.9675 3
      vertex 144.431 87.875 0
      vertex 144.158 87.9675 0
    endloop
  endfacet
  facet normal -0.658357 -0.752706 0
    outer loop
      vertex 146.339 91.7454 0
      vertex 146.556 91.5556 3
      vertex 146.339 91.7454 3
    endloop
  endfacet
  facet normal -0.658357 -0.752706 -0
    outer loop
      vertex 146.556 91.5556 3
      vertex 146.339 91.7454 0
      vertex 146.556 91.5556 0
    endloop
  endfacet
  facet normal -0.658357 0.752706 0
    outer loop
      vertex 146.556 88.4444 0
      vertex 146.339 88.2546 3
      vertex 146.556 88.4444 3
    endloop
  endfacet
  facet normal -0.658357 0.752706 0
    outer loop
      vertex 146.339 88.2546 3
      vertex 146.556 88.4444 0
      vertex 146.339 88.2546 0
    endloop
  endfacet
  facet normal -0.0653651 0.997861 0
    outer loop
      vertex 145.287 87.8188 0
      vertex 145 87.8 3
      vertex 145.287 87.8188 3
    endloop
  endfacet
  facet normal -0.0653651 0.997861 0
    outer loop
      vertex 145 87.8 3
      vertex 145.287 87.8188 0
      vertex 145 87.8 0
    endloop
  endfacet
  facet normal -0.947459 0.319876 0
    outer loop
      vertex 147.033 89.1581 0
      vertex 147.125 89.4306 3
      vertex 147.125 89.4306 0
    endloop
  endfacet
  facet normal -0.947459 0.319876 0
    outer loop
      vertex 147.125 89.4306 3
      vertex 147.033 89.1581 0
      vertex 147.033 89.1581 3
    endloop
  endfacet
  facet normal -0.997819 0.0660117 0
    outer loop
      vertex 147.181 89.7128 0
      vertex 147.2 90 3
      vertex 147.2 90 0
    endloop
  endfacet
  facet normal -0.997819 0.0660117 0
    outer loop
      vertex 147.2 90 3
      vertex 147.181 89.7128 0
      vertex 147.181 89.7128 3
    endloop
  endfacet
  facet normal 0.0653651 -0.997861 0
    outer loop
      vertex 144.713 92.1812 0
      vertex 145 92.2 3
      vertex 144.713 92.1812 3
    endloop
  endfacet
  facet normal 0.0653651 -0.997861 0
    outer loop
      vertex 145 92.2 3
      vertex 144.713 92.1812 0
      vertex 145 92.2 0
    endloop
  endfacet
  facet normal 0.831301 -0.555822 0
    outer loop
      vertex 143.095 91.1 3
      vertex 143.255 91.3393 0
      vertex 143.255 91.3393 3
    endloop
  endfacet
  facet normal 0.831301 -0.555822 0
    outer loop
      vertex 143.255 91.3393 0
      vertex 143.095 91.1 3
      vertex 143.095 91.1 0
    endloop
  endfacet
  facet normal 0.195447 0.980714 -0
    outer loop
      vertex 144.713 87.8188 0
      vertex 144.431 87.875 3
      vertex 144.713 87.8188 3
    endloop
  endfacet
  facet normal 0.195447 0.980714 0
    outer loop
      vertex 144.431 87.875 3
      vertex 144.713 87.8188 0
      vertex 144.431 87.875 0
    endloop
  endfacet
  facet normal -0.831301 0.555822 0
    outer loop
      vertex 146.745 88.6607 0
      vertex 146.905 88.9 3
      vertex 146.905 88.9 0
    endloop
  endfacet
  facet normal -0.831301 0.555822 0
    outer loop
      vertex 146.905 88.9 3
      vertex 146.745 88.6607 0
      vertex 146.745 88.6607 3
    endloop
  endfacet
  facet normal -0.89588 -0.444296 0
    outer loop
      vertex 147.033 90.8419 0
      vertex 146.905 91.1 3
      vertex 146.905 91.1 0
    endloop
  endfacet
  facet normal -0.89588 -0.444296 0
    outer loop
      vertex 146.905 91.1 3
      vertex 147.033 90.8419 0
      vertex 147.033 90.8419 3
    endloop
  endfacet
  facet normal -0.89588 0.444296 0
    outer loop
      vertex 146.905 88.9 0
      vertex 147.033 89.1581 3
      vertex 147.033 89.1581 0
    endloop
  endfacet
  facet normal -0.89588 0.444296 0
    outer loop
      vertex 147.033 89.1581 3
      vertex 146.905 88.9 0
      vertex 146.905 88.9 3
    endloop
  endfacet
  facet normal -0.442201 0.896916 0
    outer loop
      vertex 146.1 88.0947 0
      vertex 145.842 87.9675 3
      vertex 146.1 88.0947 3
    endloop
  endfacet
  facet normal -0.442201 0.896916 0
    outer loop
      vertex 145.842 87.9675 3
      vertex 146.1 88.0947 0
      vertex 145.842 87.9675 0
    endloop
  endfacet
  facet normal 0.980874 0.194645 0
    outer loop
      vertex 142.875 89.4306 3
      vertex 142.819 89.7128 0
      vertex 142.819 89.7128 3
    endloop
  endfacet
  facet normal 0.980874 0.194645 0
    outer loop
      vertex 142.819 89.7128 0
      vertex 142.875 89.4306 3
      vertex 142.875 89.4306 0
    endloop
  endfacet
  facet normal -0.195447 0.980714 0
    outer loop
      vertex 145.569 87.875 0
      vertex 145.287 87.8188 3
      vertex 145.569 87.875 3
    endloop
  endfacet
  facet normal -0.195447 0.980714 0
    outer loop
      vertex 145.287 87.8188 3
      vertex 145.569 87.875 0
      vertex 145.287 87.8188 0
    endloop
  endfacet
  facet normal -0.556064 0.83114 0
    outer loop
      vertex 146.339 88.2546 0
      vertex 146.1 88.0947 3
      vertex 146.339 88.2546 3
    endloop
  endfacet
  facet normal -0.556064 0.83114 0
    outer loop
      vertex 146.1 88.0947 3
      vertex 146.339 88.2546 0
      vertex 146.1 88.0947 0
    endloop
  endfacet
  facet normal 0.753029 -0.657987 0
    outer loop
      vertex 143.255 91.3393 3
      vertex 143.444 91.5556 0
      vertex 143.444 91.5556 3
    endloop
  endfacet
  facet normal 0.753029 -0.657987 0
    outer loop
      vertex 143.444 91.5556 0
      vertex 143.255 91.3393 3
      vertex 143.255 91.3393 0
    endloop
  endfacet
  facet normal -0.753029 0.657987 0
    outer loop
      vertex 146.556 88.4444 0
      vertex 146.745 88.6607 3
      vertex 146.745 88.6607 0
    endloop
  endfacet
  facet normal -0.753029 0.657987 0
    outer loop
      vertex 146.745 88.6607 3
      vertex 146.556 88.4444 0
      vertex 146.556 88.4444 3
    endloop
  endfacet
  facet normal -0.831301 -0.555822 0
    outer loop
      vertex 146.905 91.1 0
      vertex 146.745 91.3393 3
      vertex 146.745 91.3393 0
    endloop
  endfacet
  facet normal -0.831301 -0.555822 0
    outer loop
      vertex 146.745 91.3393 3
      vertex 146.905 91.1 0
      vertex 146.905 91.1 3
    endloop
  endfacet
  facet normal -0.556064 -0.83114 0
    outer loop
      vertex 146.1 91.9053 0
      vertex 146.339 91.7454 3
      vertex 146.1 91.9053 3
    endloop
  endfacet
  facet normal -0.556064 -0.83114 -0
    outer loop
      vertex 146.339 91.7454 3
      vertex 146.1 91.9053 0
      vertex 146.339 91.7454 0
    endloop
  endfacet
  facet normal -0.980874 0.194645 0
    outer loop
      vertex 147.125 89.4306 0
      vertex 147.181 89.7128 3
      vertex 147.181 89.7128 0
    endloop
  endfacet
  facet normal -0.980874 0.194645 0
    outer loop
      vertex 147.181 89.7128 3
      vertex 147.125 89.4306 0
      vertex 147.125 89.4306 3
    endloop
  endfacet
  facet normal -0.195447 -0.980714 0
    outer loop
      vertex 145.287 92.1812 0
      vertex 145.569 92.125 3
      vertex 145.287 92.1812 3
    endloop
  endfacet
  facet normal -0.195447 -0.980714 -0
    outer loop
      vertex 145.569 92.125 3
      vertex 145.287 92.1812 0
      vertex 145.569 92.125 0
    endloop
  endfacet
  facet normal -0.320907 0.947111 0
    outer loop
      vertex 145.842 87.9675 0
      vertex 145.569 87.875 3
      vertex 145.842 87.9675 3
    endloop
  endfacet
  facet normal -0.320907 0.947111 0
    outer loop
      vertex 145.569 87.875 3
      vertex 145.842 87.9675 0
      vertex 145.569 87.875 0
    endloop
  endfacet
  facet normal 0.195447 -0.980714 0
    outer loop
      vertex 144.431 92.125 0
      vertex 144.713 92.1812 3
      vertex 144.431 92.125 3
    endloop
  endfacet
  facet normal 0.195447 -0.980714 0
    outer loop
      vertex 144.713 92.1812 3
      vertex 144.431 92.125 0
      vertex 144.713 92.1812 0
    endloop
  endfacet
  facet normal 0.89588 0.444296 0
    outer loop
      vertex 143.095 88.9 3
      vertex 142.967 89.1581 0
      vertex 142.967 89.1581 3
    endloop
  endfacet
  facet normal 0.89588 0.444296 0
    outer loop
      vertex 142.967 89.1581 0
      vertex 143.095 88.9 3
      vertex 143.095 88.9 0
    endloop
  endfacet
  facet normal 0.658357 -0.752706 0
    outer loop
      vertex 143.444 91.5556 0
      vertex 143.661 91.7454 3
      vertex 143.444 91.5556 3
    endloop
  endfacet
  facet normal 0.658357 -0.752706 0
    outer loop
      vertex 143.661 91.7454 3
      vertex 143.444 91.5556 0
      vertex 143.661 91.7454 0
    endloop
  endfacet
  facet normal 0.947459 -0.319876 0
    outer loop
      vertex 142.875 90.5694 3
      vertex 142.967 90.8419 0
      vertex 142.967 90.8419 3
    endloop
  endfacet
  facet normal 0.947459 -0.319876 0
    outer loop
      vertex 142.967 90.8419 0
      vertex 142.875 90.5694 3
      vertex 142.875 90.5694 0
    endloop
  endfacet
  facet normal 0.997819 -0.0660117 0
    outer loop
      vertex 142.8 90 3
      vertex 142.819 90.2872 0
      vertex 142.819 90.2872 3
    endloop
  endfacet
  facet normal 0.997819 -0.0660117 0
    outer loop
      vertex 142.819 90.2872 0
      vertex 142.8 90 3
      vertex 142.8 90 0
    endloop
  endfacet
  facet normal -0.0653651 -0.997861 0
    outer loop
      vertex 145 92.2 0
      vertex 145.287 92.1812 3
      vertex 145 92.2 3
    endloop
  endfacet
  facet normal -0.0653651 -0.997861 -0
    outer loop
      vertex 145.287 92.1812 3
      vertex 145 92.2 0
      vertex 145.287 92.1812 0
    endloop
  endfacet
  facet normal -0.320907 -0.947111 0
    outer loop
      vertex 145.569 92.125 0
      vertex 145.842 92.0325 3
      vertex 145.569 92.125 3
    endloop
  endfacet
  facet normal -0.320907 -0.947111 -0
    outer loop
      vertex 145.842 92.0325 3
      vertex 145.569 92.125 0
      vertex 145.842 92.0325 0
    endloop
  endfacet
  facet normal -0.753029 -0.657987 0
    outer loop
      vertex 146.745 91.3393 0
      vertex 146.556 91.5556 3
      vertex 146.556 91.5556 0
    endloop
  endfacet
  facet normal -0.753029 -0.657987 0
    outer loop
      vertex 146.556 91.5556 3
      vertex 146.745 91.3393 0
      vertex 146.745 91.3393 3
    endloop
  endfacet
  facet normal -0.947459 -0.319876 0
    outer loop
      vertex 147.125 90.5694 0
      vertex 147.033 90.8419 3
      vertex 147.033 90.8419 0
    endloop
  endfacet
  facet normal -0.947459 -0.319876 0
    outer loop
      vertex 147.033 90.8419 3
      vertex 147.125 90.5694 0
      vertex 147.125 90.5694 3
    endloop
  endfacet
  facet normal 0.320907 -0.947111 0
    outer loop
      vertex 144.158 92.0325 0
      vertex 144.431 92.125 3
      vertex 144.158 92.0325 3
    endloop
  endfacet
  facet normal 0.320907 -0.947111 0
    outer loop
      vertex 144.431 92.125 3
      vertex 144.158 92.0325 0
      vertex 144.431 92.125 0
    endloop
  endfacet
  facet normal 0.980874 -0.194645 0
    outer loop
      vertex 142.819 90.2872 3
      vertex 142.875 90.5694 0
      vertex 142.875 90.5694 3
    endloop
  endfacet
  facet normal 0.980874 -0.194645 0
    outer loop
      vertex 142.875 90.5694 0
      vertex 142.819 90.2872 3
      vertex 142.819 90.2872 0
    endloop
  endfacet
  facet normal 0.442201 -0.896916 0
    outer loop
      vertex 143.9 91.9053 0
      vertex 144.158 92.0325 3
      vertex 143.9 91.9053 3
    endloop
  endfacet
  facet normal 0.442201 -0.896916 0
    outer loop
      vertex 144.158 92.0325 3
      vertex 143.9 91.9053 0
      vertex 144.158 92.0325 0
    endloop
  endfacet
  facet normal 0.997819 0.0660117 0
    outer loop
      vertex 142.819 89.7128 3
      vertex 142.8 90 0
      vertex 142.8 90 3
    endloop
  endfacet
  facet normal 0.997819 0.0660117 0
    outer loop
      vertex 142.8 90 0
      vertex 142.819 89.7128 3
      vertex 142.819 89.7128 0
    endloop
  endfacet
  facet normal 0.831301 0.555822 0
    outer loop
      vertex 143.255 88.6607 3
      vertex 143.095 88.9 0
      vertex 143.095 88.9 3
    endloop
  endfacet
  facet normal 0.831301 0.555822 0
    outer loop
      vertex 143.095 88.9 0
      vertex 143.255 88.6607 3
      vertex 143.255 88.6607 0
    endloop
  endfacet
  facet normal 0.947459 0.319876 0
    outer loop
      vertex 142.967 89.1581 3
      vertex 142.875 89.4306 0
      vertex 142.875 89.4306 3
    endloop
  endfacet
  facet normal 0.947459 0.319876 0
    outer loop
      vertex 142.875 89.4306 0
      vertex 142.967 89.1581 3
      vertex 142.967 89.1581 0
    endloop
  endfacet
  facet normal 0.556064 -0.83114 0
    outer loop
      vertex 143.661 91.7454 0
      vertex 143.9 91.9053 3
      vertex 143.661 91.7454 3
    endloop
  endfacet
  facet normal 0.556064 -0.83114 0
    outer loop
      vertex 143.9 91.9053 3
      vertex 143.661 91.7454 0
      vertex 143.9 91.9053 0
    endloop
  endfacet
  facet normal 0.0653651 0.997861 -0
    outer loop
      vertex 145 87.8 0
      vertex 144.713 87.8188 3
      vertex 145 87.8 3
    endloop
  endfacet
  facet normal 0.0653651 0.997861 0
    outer loop
      vertex 144.713 87.8188 3
      vertex 145 87.8 0
      vertex 144.713 87.8188 0
    endloop
  endfacet
  facet normal 0.556064 0.83114 -0
    outer loop
      vertex 143.9 88.0947 0
      vertex 143.661 88.2546 3
      vertex 143.9 88.0947 3
    endloop
  endfacet
  facet normal 0.556064 0.83114 0
    outer loop
      vertex 143.661 88.2546 3
      vertex 143.9 88.0947 0
      vertex 143.661 88.2546 0
    endloop
  endfacet
  facet normal 0.89588 -0.444296 0
    outer loop
      vertex 142.967 90.8419 3
      vertex 143.095 91.1 0
      vertex 143.095 91.1 3
    endloop
  endfacet
  facet normal 0.89588 -0.444296 0
    outer loop
      vertex 143.095 91.1 0
      vertex 142.967 90.8419 3
      vertex 142.967 90.8419 0
    endloop
  endfacet
  facet normal 0.658357 0.752706 -0
    outer loop
      vertex 143.661 88.2546 0
      vertex 143.444 88.4444 3
      vertex 143.661 88.2546 3
    endloop
  endfacet
  facet normal 0.658357 0.752706 0
    outer loop
      vertex 143.444 88.4444 3
      vertex 143.661 88.2546 0
      vertex 143.444 88.4444 0
    endloop
  endfacet
  facet normal 1 -0 0
    outer loop
      vertex 6.5 37.5 3
      vertex 6.5 66.5 0
      vertex 6.5 66.5 3
    endloop
  endfacet
  facet normal 1 0 0
    outer loop
      vertex 6.5 66.5 0
      vertex 6.5 37.5 3
      vertex 6.5 37.5 0
    endloop
  endfacet
  facet normal 0 -1 0
    outer loop
      vertex 6.5 66.5 0
      vertex 13 66.5 3
      vertex 6.5 66.5 3
    endloop
  endfacet
  facet normal 0 -1 -0
    outer loop
      vertex 13 66.5 3
      vertex 6.5 66.5 0
      vertex 13 66.5 0
    endloop
  endfacet
  facet normal 0 1 -0
    outer loop
      vertex 13 37.5 0
      vertex 6.5 37.5 3
      vertex 13 37.5 3
    endloop
  endfacet
  facet normal 0 1 0
    outer loop
      vertex 6.5 37.5 3
      vertex 13 37.5 0
      vertex 6.5 37.5 0
    endloop
  endfacet
  facet normal -0.980783 -0.195102 0
    outer loop
      vertex 9.43759 25.6893 2
      vertex 9.40059 25.8753 4
      vertex 9.40059 25.8753 2
    endloop
  endfacet
  facet normal -0.980783 -0.195102 0
    outer loop
      vertex 9.40059 25.8753 4
      vertex 9.43759 25.6893 2
      vertex 9.43759 25.6893 4
    endloop
  endfacet
  facet normal -0.997858 -0.0654169 0
    outer loop
      vertex 9.45 25.5 2
      vertex 9.43759 25.6893 4
      vertex 9.43759 25.6893 2
    endloop
  endfacet
  facet normal -0.997858 -0.0654169 0
    outer loop
      vertex 9.43759 25.6893 4
      vertex 9.45 25.5 2
      vertex 9.45 25.5 4
    endloop
  endfacet
  facet normal 0.3216 0.946876 -0
    outer loop
      vertex 7.62471 24.0994 2
      vertex 7.44511 24.1604 4
      vertex 7.62471 24.0994 4
    endloop
  endfacet
  facet normal 0.3216 0.946876 0
    outer loop
      vertex 7.44511 24.1604 4
      vertex 7.62471 24.0994 2
      vertex 7.44511 24.1604 2
    endloop
  endfacet
  facet normal 0.980783 0.195102 0
    outer loop
      vertex 6.59941 25.1247 4
      vertex 6.56241 25.3107 2
      vertex 6.56241 25.3107 4
    endloop
  endfacet
  facet normal 0.980783 0.195102 0
    outer loop
      vertex 6.56241 25.3107 2
      vertex 6.59941 25.1247 4
      vertex 6.59941 25.1247 2
    endloop
  endfacet
  facet normal -0.3216 0.946876 0
    outer loop
      vertex 8.55489 24.1604 2
      vertex 8.37529 24.0994 4
      vertex 8.55489 24.1604 4
    endloop
  endfacet
  facet normal -0.3216 0.946876 0
    outer loop
      vertex 8.37529 24.0994 4
      vertex 8.55489 24.1604 2
      vertex 8.37529 24.0994 2
    endloop
  endfacet
  facet normal 0.896881 -0.442272 0
    outer loop
      vertex 6.66038 26.0549 4
      vertex 6.74426 26.225 2
      vertex 6.74426 26.225 4
    endloop
  endfacet
  facet normal 0.896881 -0.442272 0
    outer loop
      vertex 6.74426 26.225 2
      vertex 6.66038 26.0549 4
      vertex 6.66038 26.0549 2
    endloop
  endfacet
  facet normal -0.751832 -0.659355 0
    outer loop
      vertex 9.15036 26.3827 2
      vertex 9.0253 26.5253 4
      vertex 9.0253 26.5253 2
    endloop
  endfacet
  facet normal -0.751832 -0.659355 0
    outer loop
      vertex 9.0253 26.5253 4
      vertex 9.15036 26.3827 2
      vertex 9.15036 26.3827 4
    endloop
  endfacet
  facet normal 0.997858 -0.0654169 0
    outer loop
      vertex 6.55 25.5 4
      vertex 6.56241 25.6893 2
      vertex 6.56241 25.6893 4
    endloop
  endfacet
  facet normal 0.997858 -0.0654169 0
    outer loop
      vertex 6.56241 25.6893 2
      vertex 6.55 25.5 4
      vertex 6.55 25.5 2
    endloop
  endfacet
  facet normal -0.751832 0.659355 0
    outer loop
      vertex 9.0253 24.4747 2
      vertex 9.15036 24.6173 4
      vertex 9.15036 24.6173 2
    endloop
  endfacet
  facet normal -0.751832 0.659355 0
    outer loop
      vertex 9.15036 24.6173 4
      vertex 9.0253 24.4747 2
      vertex 9.0253 24.4747 4
    endloop
  endfacet
  facet normal 0.751832 -0.659355 0
    outer loop
      vertex 6.84964 26.3827 4
      vertex 6.9747 26.5253 2
      vertex 6.9747 26.5253 4
    endloop
  endfacet
  facet normal 0.751832 -0.659355 0
    outer loop
      vertex 6.9747 26.5253 2
      vertex 6.84964 26.3827 4
      vertex 6.84964 26.3827 2
    endloop
  endfacet
  facet normal 0.3216 -0.946876 0
    outer loop
      vertex 7.44511 26.8396 2
      vertex 7.62471 26.9006 4
      vertex 7.44511 26.8396 4
    endloop
  endfacet
  facet normal 0.3216 -0.946876 0
    outer loop
      vertex 7.62471 26.9006 4
      vertex 7.44511 26.8396 2
      vertex 7.62471 26.9006 2
    endloop
  endfacet
  facet normal 0.659474 -0.751727 0
    outer loop
      vertex 6.9747 26.5253 2
      vertex 7.1173 26.6504 4
      vertex 6.9747 26.5253 4
    endloop
  endfacet
  facet normal 0.659474 -0.751727 0
    outer loop
      vertex 7.1173 26.6504 4
      vertex 6.9747 26.5253 2
      vertex 7.1173 26.6504 2
    endloop
  endfacet
  facet normal -0.0653782 0.997861 0
    outer loop
      vertex 8.18926 24.0624 2
      vertex 8 24.05 4
      vertex 8.18926 24.0624 4
    endloop
  endfacet
  facet normal -0.0653782 0.997861 0
    outer loop
      vertex 8 24.05 4
      vertex 8.18926 24.0624 2
      vertex 8 24.05 2
    endloop
  endfacet
  facet normal -0.442335 0.89685 0
    outer loop
      vertex 8.725 24.2443 2
      vertex 8.55489 24.1604 4
      vertex 8.725 24.2443 4
    endloop
  endfacet
  facet normal -0.442335 0.89685 0
    outer loop
      vertex 8.55489 24.1604 4
      vertex 8.725 24.2443 2
      vertex 8.55489 24.1604 2
    endloop
  endfacet
  facet normal 0.997858 0.0654169 0
    outer loop
      vertex 6.56241 25.3107 4
      vertex 6.55 25.5 2
      vertex 6.55 25.5 4
    endloop
  endfacet
  facet normal 0.997858 0.0654169 0
    outer loop
      vertex 6.55 25.5 2
      vertex 6.56241 25.3107 4
      vertex 6.56241 25.3107 2
    endloop
  endfacet
  facet normal -0.946924 -0.321458 0
    outer loop
      vertex 9.40059 25.8753 2
      vertex 9.33962 26.0549 4
      vertex 9.33962 26.0549 2
    endloop
  endfacet
  facet normal -0.946924 -0.321458 0
    outer loop
      vertex 9.33962 26.0549 4
      vertex 9.40059 25.8753 2
      vertex 9.40059 25.8753 4
    endloop
  endfacet
  facet normal 0.946924 0.321458 0
    outer loop
      vertex 6.66038 24.9451 4
      vertex 6.59941 25.1247 2
      vertex 6.59941 25.1247 4
    endloop
  endfacet
  facet normal 0.946924 0.321458 0
    outer loop
      vertex 6.59941 25.1247 2
      vertex 6.66038 24.9451 4
      vertex 6.66038 24.9451 2
    endloop
  endfacet
  facet normal 0.555309 0.831644 -0
    outer loop
      vertex 7.275 24.2443 2
      vertex 7.1173 24.3496 4
      vertex 7.275 24.2443 4
    endloop
  endfacet
  facet normal 0.555309 0.831644 0
    outer loop
      vertex 7.1173 24.3496 4
      vertex 7.275 24.2443 2
      vertex 7.1173 24.3496 2
    endloop
  endfacet
  facet normal -0.555309 -0.831644 0
    outer loop
      vertex 8.725 26.7557 2
      vertex 8.8827 26.6504 4
      vertex 8.725 26.7557 4
    endloop
  endfacet
  facet normal -0.555309 -0.831644 -0
    outer loop
      vertex 8.8827 26.6504 4
      vertex 8.725 26.7557 2
      vertex 8.8827 26.6504 2
    endloop
  endfacet
  facet normal -0.195072 0.980789 0
    outer loop
      vertex 8.37529 24.0994 2
      vertex 8.18926 24.0624 4
      vertex 8.37529 24.0994 4
    endloop
  endfacet
  facet normal -0.195072 0.980789 0
    outer loop
      vertex 8.18926 24.0624 4
      vertex 8.37529 24.0994 2
      vertex 8.18926 24.0624 2
    endloop
  endfacet
  facet normal -0.83145 -0.5556 0
    outer loop
      vertex 9.25574 26.225 2
      vertex 9.15036 26.3827 4
      vertex 9.15036 26.3827 2
    endloop
  endfacet
  facet normal -0.83145 -0.5556 0
    outer loop
      vertex 9.15036 26.3827 4
      vertex 9.25574 26.225 2
      vertex 9.25574 26.225 4
    endloop
  endfacet
  facet normal -0.442335 -0.89685 0
    outer loop
      vertex 8.55489 26.8396 2
      vertex 8.725 26.7557 4
      vertex 8.55489 26.8396 4
    endloop
  endfacet
  facet normal -0.442335 -0.89685 -0
    outer loop
      vertex 8.725 26.7557 4
      vertex 8.55489 26.8396 2
      vertex 8.725 26.7557 2
    endloop
  endfacet
  facet normal -0.0653782 -0.997861 0
    outer loop
      vertex 8 26.95 2
      vertex 8.18926 26.9376 4
      vertex 8 26.95 4
    endloop
  endfacet
  facet normal -0.0653782 -0.997861 -0
    outer loop
      vertex 8.18926 26.9376 4
      vertex 8 26.95 2
      vertex 8.18926 26.9376 2
    endloop
  endfacet
  facet normal -0.946924 0.321458 0
    outer loop
      vertex 9.33962 24.9451 2
      vertex 9.40059 25.1247 4
      vertex 9.40059 25.1247 2
    endloop
  endfacet
  facet normal -0.946924 0.321458 0
    outer loop
      vertex 9.40059 25.1247 4
      vertex 9.33962 24.9451 2
      vertex 9.33962 24.9451 4
    endloop
  endfacet
  facet normal -0.83145 0.5556 0
    outer loop
      vertex 9.15036 24.6173 2
      vertex 9.25574 24.775 4
      vertex 9.25574 24.775 2
    endloop
  endfacet
  facet normal -0.83145 0.5556 0
    outer loop
      vertex 9.25574 24.775 4
      vertex 9.15036 24.6173 2
      vertex 9.15036 24.6173 4
    endloop
  endfacet
  facet normal -0.997858 0.0654169 0
    outer loop
      vertex 9.43759 25.3107 2
      vertex 9.45 25.5 4
      vertex 9.45 25.5 2
    endloop
  endfacet
  facet normal -0.997858 0.0654169 0
    outer loop
      vertex 9.45 25.5 4
      vertex 9.43759 25.3107 2
      vertex 9.43759 25.3107 4
    endloop
  endfacet
  facet normal 0.442335 -0.89685 0
    outer loop
      vertex 7.275 26.7557 2
      vertex 7.44511 26.8396 4
      vertex 7.275 26.7557 4
    endloop
  endfacet
  facet normal 0.442335 -0.89685 0
    outer loop
      vertex 7.44511 26.8396 4
      vertex 7.275 26.7557 2
      vertex 7.44511 26.8396 2
    endloop
  endfacet
  facet normal 0.0653782 -0.997861 0
    outer loop
      vertex 7.81074 26.9376 2
      vertex 8 26.95 4
      vertex 7.81074 26.9376 4
    endloop
  endfacet
  facet normal 0.0653782 -0.997861 0
    outer loop
      vertex 8 26.95 4
      vertex 7.81074 26.9376 2
      vertex 8 26.95 2
    endloop
  endfacet
  facet normal 0.555309 -0.831644 0
    outer loop
      vertex 7.1173 26.6504 2
      vertex 7.275 26.7557 4
      vertex 7.1173 26.6504 4
    endloop
  endfacet
  facet normal 0.555309 -0.831644 0
    outer loop
      vertex 7.275 26.7557 4
      vertex 7.1173 26.6504 2
      vertex 7.275 26.7557 2
    endloop
  endfacet
  facet normal -0.896881 0.442272 0
    outer loop
      vertex 9.25574 24.775 2
      vertex 9.33962 24.9451 4
      vertex 9.33962 24.9451 2
    endloop
  endfacet
  facet normal -0.896881 0.442272 0
    outer loop
      vertex 9.33962 24.9451 4
      vertex 9.25574 24.775 2
      vertex 9.25574 24.775 4
    endloop
  endfacet
  facet normal 0.442335 0.89685 -0
    outer loop
      vertex 7.44511 24.1604 2
      vertex 7.275 24.2443 4
      vertex 7.44511 24.1604 4
    endloop
  endfacet
  facet normal 0.442335 0.89685 0
    outer loop
      vertex 7.275 24.2443 4
      vertex 7.44511 24.1604 2
      vertex 7.275 24.2443 2
    endloop
  endfacet
  facet normal 0.195072 0.980789 -0
    outer loop
      vertex 7.81074 24.0624 2
      vertex 7.62471 24.0994 4
      vertex 7.81074 24.0624 4
    endloop
  endfacet
  facet normal 0.195072 0.980789 0
    outer loop
      vertex 7.62471 24.0994 4
      vertex 7.81074 24.0624 2
      vertex 7.62471 24.0994 2
    endloop
  endfacet
  facet normal 0.980783 -0.195102 0
    outer loop
      vertex 6.56241 25.6893 4
      vertex 6.59941 25.8753 2
      vertex 6.59941 25.8753 4
    endloop
  endfacet
  facet normal 0.980783 -0.195102 0
    outer loop
      vertex 6.59941 25.8753 2
      vertex 6.56241 25.6893 4
      vertex 6.56241 25.6893 2
    endloop
  endfacet
  facet normal 0.659474 0.751727 -0
    outer loop
      vertex 7.1173 24.3496 2
      vertex 6.9747 24.4747 4
      vertex 7.1173 24.3496 4
    endloop
  endfacet
  facet normal 0.659474 0.751727 0
    outer loop
      vertex 6.9747 24.4747 4
      vertex 7.1173 24.3496 2
      vertex 6.9747 24.4747 2
    endloop
  endfacet
  facet normal 0.896881 0.442272 0
    outer loop
      vertex 6.74426 24.775 4
      vertex 6.66038 24.9451 2
      vertex 6.66038 24.9451 4
    endloop
  endfacet
  facet normal 0.896881 0.442272 0
    outer loop
      vertex 6.66038 24.9451 2
      vertex 6.74426 24.775 4
      vertex 6.74426 24.775 2
    endloop
  endfacet
  facet normal 0.83145 0.5556 0
    outer loop
      vertex 6.84964 24.6173 4
      vertex 6.74426 24.775 2
      vertex 6.74426 24.775 4
    endloop
  endfacet
  facet normal 0.83145 0.5556 0
    outer loop
      vertex 6.74426 24.775 2
      vertex 6.84964 24.6173 4
      vertex 6.84964 24.6173 2
    endloop
  endfacet
  facet normal -0.195072 -0.980789 0
    outer loop
      vertex 8.18926 26.9376 2
      vertex 8.37529 26.9006 4
      vertex 8.18926 26.9376 4
    endloop
  endfacet
  facet normal -0.195072 -0.980789 -0
    outer loop
      vertex 8.37529 26.9006 4
      vertex 8.18926 26.9376 2
      vertex 8.37529 26.9006 2
    endloop
  endfacet
  facet normal -0.3216 -0.946876 0
    outer loop
      vertex 8.37529 26.9006 2
      vertex 8.55489 26.8396 4
      vertex 8.37529 26.9006 4
    endloop
  endfacet
  facet normal -0.3216 -0.946876 -0
    outer loop
      vertex 8.55489 26.8396 4
      vertex 8.37529 26.9006 2
      vertex 8.55489 26.8396 2
    endloop
  endfacet
  facet normal -0.896881 -0.442272 0
    outer loop
      vertex 9.33962 26.0549 2
      vertex 9.25574 26.225 4
      vertex 9.25574 26.225 2
    endloop
  endfacet
  facet normal -0.896881 -0.442272 0
    outer loop
      vertex 9.25574 26.225 4
      vertex 9.33962 26.0549 2
      vertex 9.33962 26.0549 4
    endloop
  endfacet
  facet normal -0.659474 -0.751727 0
    outer loop
      vertex 8.8827 26.6504 2
      vertex 9.0253 26.5253 4
      vertex 8.8827 26.6504 4
    endloop
  endfacet
  facet normal -0.659474 -0.751727 -0
    outer loop
      vertex 9.0253 26.5253 4
      vertex 8.8827 26.6504 2
      vertex 9.0253 26.5253 2
    endloop
  endfacet
  facet normal 0.83145 -0.5556 0
    outer loop
      vertex 6.74426 26.225 4
      vertex 6.84964 26.3827 2
      vertex 6.84964 26.3827 4
    endloop
  endfacet
  facet normal 0.83145 -0.5556 0
    outer loop
      vertex 6.84964 26.3827 2
      vertex 6.74426 26.225 4
      vertex 6.74426 26.225 2
    endloop
  endfacet
  facet normal 0.946924 -0.321458 0
    outer loop
      vertex 6.59941 25.8753 4
      vertex 6.66038 26.0549 2
      vertex 6.66038 26.0549 4
    endloop
  endfacet
  facet normal 0.946924 -0.321458 0
    outer loop
      vertex 6.66038 26.0549 2
      vertex 6.59941 25.8753 4
      vertex 6.59941 25.8753 2
    endloop
  endfacet
  facet normal 0.751832 0.659355 0
    outer loop
      vertex 6.9747 24.4747 4
      vertex 6.84964 24.6173 2
      vertex 6.84964 24.6173 4
    endloop
  endfacet
  facet normal 0.751832 0.659355 0
    outer loop
      vertex 6.84964 24.6173 2
      vertex 6.9747 24.4747 4
      vertex 6.9747 24.4747 2
    endloop
  endfacet
  facet normal 0.195072 -0.980789 0
    outer loop
      vertex 7.62471 26.9006 2
      vertex 7.81074 26.9376 4
      vertex 7.62471 26.9006 4
    endloop
  endfacet
  facet normal 0.195072 -0.980789 0
    outer loop
      vertex 7.81074 26.9376 4
      vertex 7.62471 26.9006 2
      vertex 7.81074 26.9376 2
    endloop
  endfacet
  facet normal -0.980783 0.195102 0
    outer loop
      vertex 9.40059 25.1247 2
      vertex 9.43759 25.3107 4
      vertex 9.43759 25.3107 2
    endloop
  endfacet
  facet normal -0.980783 0.195102 0
    outer loop
      vertex 9.43759 25.3107 4
      vertex 9.40059 25.1247 2
      vertex 9.40059 25.1247 4
    endloop
  endfacet
  facet normal -0.659474 0.751727 0
    outer loop
      vertex 9.0253 24.4747 2
      vertex 8.8827 24.3496 4
      vertex 9.0253 24.4747 4
    endloop
  endfacet
  facet normal -0.659474 0.751727 0
    outer loop
      vertex 8.8827 24.3496 4
      vertex 9.0253 24.4747 2
      vertex 8.8827 24.3496 2
    endloop
  endfacet
  facet normal -0.555309 0.831644 0
    outer loop
      vertex 8.8827 24.3496 2
      vertex 8.725 24.2443 4
      vertex 8.8827 24.3496 4
    endloop
  endfacet
  facet normal -0.555309 0.831644 0
    outer loop
      vertex 8.725 24.2443 4
      vertex 8.8827 24.3496 2
      vertex 8.725 24.2443 2
    endloop
  endfacet
  facet normal 0.0653782 0.997861 -0
    outer loop
      vertex 8 24.05 2
      vertex 7.81074 24.0624 4
      vertex 8 24.05 4
    endloop
  endfacet
  facet normal 0.0653782 0.997861 0
    outer loop
      vertex 7.81074 24.0624 4
      vertex 8 24.05 2
      vertex 7.81074 24.0624 2
    endloop
  endfacet
  facet normal -0.98075 -0.195268 0
    outer loop
      vertex 10.5778 25.8394 0
      vertex 10.5114 26.1729 2
      vertex 10.5114 26.1729 0
    endloop
  endfacet
  facet normal -0.98075 -0.195268 0
    outer loop
      vertex 10.5114 26.1729 2
      vertex 10.5778 25.8394 0
      vertex 10.5778 25.8394 2
    endloop
  endfacet
  facet normal -0.997868 -0.0652701 0
    outer loop
      vertex 10.6 25.5 0
      vertex 10.5778 25.8394 2
      vertex 10.5778 25.8394 0
    endloop
  endfacet
  facet normal -0.997868 -0.0652701 0
    outer loop
      vertex 10.5778 25.8394 2
      vertex 10.6 25.5 0
      vertex 10.6 25.5 2
    endloop
  endfacet
  facet normal -0.946964 -0.321339 0
    outer loop
      vertex 10.5114 26.1729 0
      vertex 10.4021 26.495 2
      vertex 10.4021 26.495 0
    endloop
  endfacet
  facet normal -0.946964 -0.321339 0
    outer loop
      vertex 10.4021 26.495 2
      vertex 10.5114 26.1729 0
      vertex 10.5114 26.1729 2
    endloop
  endfacet
  facet normal 0.659275 -0.751902 0
    outer loop
      vertex 6.16152 27.3385 0
      vertex 6.41722 27.5627 2
      vertex 6.16152 27.3385 2
    endloop
  endfacet
  facet normal 0.659275 -0.751902 0
    outer loop
      vertex 6.41722 27.5627 2
      vertex 6.16152 27.3385 0
      vertex 6.41722 27.5627 0
    endloop
  endfacet
  facet normal -0.0652758 -0.997867 0
    outer loop
      vertex 8 28.1 0
      vertex 8.33937 28.0778 2
      vertex 8 28.1 2
    endloop
  endfacet
  facet normal -0.0652758 -0.997867 -0
    outer loop
      vertex 8.33937 28.0778 2
      vertex 8 28.1 0
      vertex 8.33937 28.0778 0
    endloop
  endfacet
  facet normal 0.946946 -0.321391 0
    outer loop
      vertex 5.48859 26.1729 2
      vertex 5.59791 26.495 0
      vertex 5.59791 26.495 2
    endloop
  endfacet
  facet normal 0.946946 -0.321391 0
    outer loop
      vertex 5.59791 26.495 0
      vertex 5.48859 26.1729 2
      vertex 5.48859 26.1729 0
    endloop
  endfacet
  facet normal -0.98075 0.195268 0
    outer loop
      vertex 10.5114 24.8271 0
      vertex 10.5778 25.1606 2
      vertex 10.5778 25.1606 0
    endloop
  endfacet
  facet normal -0.98075 0.195268 0
    outer loop
      vertex 10.5778 25.1606 2
      vertex 10.5114 24.8271 0
      vertex 10.5114 24.8271 2
    endloop
  endfacet
  facet normal 0.831484 0.555548 0
    outer loop
      vertex 5.93728 23.9172 2
      vertex 5.74833 24.2 0
      vertex 5.74833 24.2 2
    endloop
  endfacet
  facet normal 0.831484 0.555548 0
    outer loop
      vertex 5.74833 24.2 0
      vertex 5.93728 23.9172 2
      vertex 5.93728 23.9172 0
    endloop
  endfacet
  facet normal 0.980778 -0.195126 0
    outer loop
      vertex 5.42224 25.8394 2
      vertex 5.48859 26.1729 0
      vertex 5.48859 26.1729 2
    endloop
  endfacet
  facet normal 0.980778 -0.195126 0
    outer loop
      vertex 5.48859 26.1729 0
      vertex 5.42224 25.8394 2
      vertex 5.42224 25.8394 0
    endloop
  endfacet
  facet normal 0.555677 -0.831398 0
    outer loop
      vertex 6.41722 27.5627 0
      vertex 6.7 27.7517 2
      vertex 6.41722 27.5627 2
    endloop
  endfacet
  facet normal 0.555677 -0.831398 0
    outer loop
      vertex 6.7 27.7517 2
      vertex 6.41722 27.5627 0
      vertex 6.7 27.7517 0
    endloop
  endfacet
  facet normal 0.946946 0.321391 0
    outer loop
      vertex 5.59791 24.505 2
      vertex 5.48859 24.8271 0
      vertex 5.48859 24.8271 2
    endloop
  endfacet
  facet normal 0.946946 0.321391 0
    outer loop
      vertex 5.48859 24.8271 0
      vertex 5.59791 24.505 2
      vertex 5.59791 24.505 0
    endloop
  endfacet
  facet normal 0.980778 0.195126 0
    outer loop
      vertex 5.48859 24.8271 2
      vertex 5.42224 25.1606 0
      vertex 5.42224 25.1606 2
    endloop
  endfacet
  facet normal 0.980778 0.195126 0
    outer loop
      vertex 5.42224 25.1606 0
      vertex 5.48859 24.8271 2
      vertex 5.48859 24.8271 0
    endloop
  endfacet
  facet normal -0.321383 0.946949 0
    outer loop
      vertex 8.99498 23.0979 0
      vertex 8.67293 22.9886 2
      vertex 8.99498 23.0979 2
    endloop
  endfacet
  facet normal -0.321383 0.946949 0
    outer loop
      vertex 8.67293 22.9886 2
      vertex 8.99498 23.0979 0
      vertex 8.67293 22.9886 0
    endloop
  endfacet
  facet normal 0.751844 -0.659341 0
    outer loop
      vertex 5.93728 27.0828 2
      vertex 6.16152 27.3385 0
      vertex 6.16152 27.3385 2
    endloop
  endfacet
  facet normal 0.751844 -0.659341 0
    outer loop
      vertex 6.16152 27.3385 0
      vertex 5.93728 27.0828 2
      vertex 5.93728 27.0828 0
    endloop
  endfacet
  facet normal -0.195234 0.980757 0
    outer loop
      vertex 8.67293 22.9886 0
      vertex 8.33937 22.9222 2
      vertex 8.67293 22.9886 2
    endloop
  endfacet
  facet normal -0.195234 0.980757 0
    outer loop
      vertex 8.33937 22.9222 2
      vertex 8.67293 22.9886 0
      vertex 8.33937 22.9222 0
    endloop
  endfacet
  facet normal 0.321383 -0.946949 0
    outer loop
      vertex 7.00502 27.9021 0
      vertex 7.32707 28.0114 2
      vertex 7.00502 27.9021 2
    endloop
  endfacet
  facet normal 0.321383 -0.946949 0
    outer loop
      vertex 7.32707 28.0114 2
      vertex 7.00502 27.9021 0
      vertex 7.32707 28.0114 0
    endloop
  endfacet
  facet normal -0.896884 -0.442267 0
    outer loop
      vertex 10.4021 26.495 0
      vertex 10.2517 26.8 2
      vertex 10.2517 26.8 0
    endloop
  endfacet
  facet normal -0.896884 -0.442267 0
    outer loop
      vertex 10.2517 26.8 2
      vertex 10.4021 26.495 0
      vertex 10.4021 26.495 2
    endloop
  endfacet
  facet normal 0.99786 0.0653872 0
    outer loop
      vertex 5.42224 25.1606 2
      vertex 5.4 25.5 0
      vertex 5.4 25.5 2
    endloop
  endfacet
  facet normal 0.99786 0.0653872 0
    outer loop
      vertex 5.4 25.5 0
      vertex 5.42224 25.1606 2
      vertex 5.42224 25.1606 0
    endloop
  endfacet
  facet normal 0.0652758 0.997867 -0
    outer loop
      vertex 8 22.9 0
      vertex 7.66063 22.9222 2
      vertex 8 22.9 2
    endloop
  endfacet
  facet normal 0.0652758 0.997867 0
    outer loop
      vertex 7.66063 22.9222 2
      vertex 8 22.9 0
      vertex 7.66063 22.9222 0
    endloop
  endfacet
  facet normal -0.195234 -0.980757 0
    outer loop
      vertex 8.33937 28.0778 0
      vertex 8.67293 28.0114 2
      vertex 8.33937 28.0778 2
    endloop
  endfacet
  facet normal -0.195234 -0.980757 -0
    outer loop
      vertex 8.67293 28.0114 2
      vertex 8.33937 28.0778 0
      vertex 8.67293 28.0114 0
    endloop
  endfacet
  facet normal -0.831417 0.55565 0
    outer loop
      vertex 10.0627 23.9172 0
      vertex 10.2517 24.2 2
      vertex 10.2517 24.2 0
    endloop
  endfacet
  facet normal -0.831417 0.55565 0
    outer loop
      vertex 10.2517 24.2 2
      vertex 10.0627 23.9172 0
      vertex 10.0627 23.9172 2
    endloop
  endfacet
  facet normal 0.751844 0.659341 0
    outer loop
      vertex 6.16152 23.6615 2
      vertex 5.93728 23.9172 0
      vertex 5.93728 23.9172 2
    endloop
  endfacet
  facet normal 0.751844 0.659341 0
    outer loop
      vertex 5.93728 23.9172 0
      vertex 6.16152 23.6615 2
      vertex 6.16152 23.6615 0
    endloop
  endfacet
  facet normal 0.195234 0.980757 -0
    outer loop
      vertex 7.66063 22.9222 0
      vertex 7.32707 22.9886 2
      vertex 7.66063 22.9222 2
    endloop
  endfacet
  facet normal 0.195234 0.980757 0
    outer loop
      vertex 7.32707 22.9886 2
      vertex 7.66063 22.9222 0
      vertex 7.32707 22.9886 0
    endloop
  endfacet
  facet normal -0.555677 -0.831398 0
    outer loop
      vertex 9.3 27.7517 0
      vertex 9.58278 27.5627 2
      vertex 9.3 27.7517 2
    endloop
  endfacet
  facet normal -0.555677 -0.831398 -0
    outer loop
      vertex 9.58278 27.5627 2
      vertex 9.3 27.7517 0
      vertex 9.58278 27.5627 0
    endloop
  endfacet
  facet normal -0.997868 0.0652701 0
    outer loop
      vertex 10.5778 25.1606 0
      vertex 10.6 25.5 2
      vertex 10.6 25.5 0
    endloop
  endfacet
  facet normal -0.997868 0.0652701 0
    outer loop
      vertex 10.6 25.5 2
      vertex 10.5778 25.1606 0
      vertex 10.5778 25.1606 2
    endloop
  endfacet
  facet normal 0.195234 -0.980757 0
    outer loop
      vertex 7.32707 28.0114 0
      vertex 7.66063 28.0778 2
      vertex 7.32707 28.0114 2
    endloop
  endfacet
  facet normal 0.195234 -0.980757 0
    outer loop
      vertex 7.66063 28.0778 2
      vertex 7.32707 28.0114 0
      vertex 7.66063 28.0778 0
    endloop
  endfacet
  facet normal -0.659275 -0.751902 0
    outer loop
      vertex 9.58278 27.5627 0
      vertex 9.83848 27.3385 2
      vertex 9.58278 27.5627 2
    endloop
  endfacet
  facet normal -0.659275 -0.751902 -0
    outer loop
      vertex 9.83848 27.3385 2
      vertex 9.58278 27.5627 0
      vertex 9.83848 27.3385 0
    endloop
  endfacet
  facet normal -0.751873 -0.659308 0
    outer loop
      vertex 10.0627 27.0828 0
      vertex 9.83848 27.3385 2
      vertex 9.83848 27.3385 0
    endloop
  endfacet
  facet normal -0.751873 -0.659308 0
    outer loop
      vertex 9.83848 27.3385 2
      vertex 10.0627 27.0828 0
      vertex 10.0627 27.0828 2
    endloop
  endfacet
  facet normal 0.321383 0.946949 -0
    outer loop
      vertex 7.32707 22.9886 0
      vertex 7.00502 23.0979 2
      vertex 7.32707 22.9886 2
    endloop
  endfacet
  facet normal 0.321383 0.946949 0
    outer loop
      vertex 7.00502 23.0979 2
      vertex 7.32707 22.9886 0
      vertex 7.00502 23.0979 0
    endloop
  endfacet
  facet normal -0.0652758 0.997867 0
    outer loop
      vertex 8.33937 22.9222 0
      vertex 8 22.9 2
      vertex 8.33937 22.9222 2
    endloop
  endfacet
  facet normal -0.0652758 0.997867 0
    outer loop
      vertex 8 22.9 2
      vertex 8.33937 22.9222 0
      vertex 8 22.9 0
    endloop
  endfacet
  facet normal -0.555677 0.831398 0
    outer loop
      vertex 9.58278 23.4373 0
      vertex 9.3 23.2483 2
      vertex 9.58278 23.4373 2
    endloop
  endfacet
  facet normal -0.555677 0.831398 0
    outer loop
      vertex 9.3 23.2483 2
      vertex 9.58278 23.4373 0
      vertex 9.3 23.2483 0
    endloop
  endfacet
  facet normal -0.946964 0.321339 0
    outer loop
      vertex 10.4021 24.505 0
      vertex 10.5114 24.8271 2
      vertex 10.5114 24.8271 0
    endloop
  endfacet
  facet normal -0.946964 0.321339 0
    outer loop
      vertex 10.5114 24.8271 2
      vertex 10.4021 24.505 0
      vertex 10.4021 24.505 2
    endloop
  endfacet
  facet normal -0.442243 -0.896895 0
    outer loop
      vertex 8.99498 27.9021 0
      vertex 9.3 27.7517 2
      vertex 8.99498 27.9021 2
    endloop
  endfacet
  facet normal -0.442243 -0.896895 -0
    outer loop
      vertex 9.3 27.7517 2
      vertex 8.99498 27.9021 0
      vertex 9.3 27.7517 0
    endloop
  endfacet
  facet normal -0.831417 -0.55565 0
    outer loop
      vertex 10.2517 26.8 0
      vertex 10.0627 27.0828 2
      vertex 10.0627 27.0828 0
    endloop
  endfacet
  facet normal -0.831417 -0.55565 0
    outer loop
      vertex 10.0627 27.0828 2
      vertex 10.2517 26.8 0
      vertex 10.2517 26.8 2
    endloop
  endfacet
  facet normal -0.659275 0.751902 0
    outer loop
      vertex 9.83848 23.6615 0
      vertex 9.58278 23.4373 2
      vertex 9.83848 23.6615 2
    endloop
  endfacet
  facet normal -0.659275 0.751902 0
    outer loop
      vertex 9.58278 23.4373 2
      vertex 9.83848 23.6615 0
      vertex 9.58278 23.4373 0
    endloop
  endfacet
  facet normal -0.751873 0.659308 0
    outer loop
      vertex 9.83848 23.6615 0
      vertex 10.0627 23.9172 2
      vertex 10.0627 23.9172 0
    endloop
  endfacet
  facet normal -0.751873 0.659308 0
    outer loop
      vertex 10.0627 23.9172 2
      vertex 9.83848 23.6615 0
      vertex 9.83848 23.6615 2
    endloop
  endfacet
  facet normal -0.321383 -0.946949 0
    outer loop
      vertex 8.67293 28.0114 0
      vertex 8.99498 27.9021 2
      vertex 8.67293 28.0114 2
    endloop
  endfacet
  facet normal -0.321383 -0.946949 -0
    outer loop
      vertex 8.99498 27.9021 2
      vertex 8.67293 28.0114 0
      vertex 8.99498 27.9021 0
    endloop
  endfacet
  facet normal 0.0652758 -0.997867 0
    outer loop
      vertex 7.66063 28.0778 0
      vertex 8 28.1 2
      vertex 7.66063 28.0778 2
    endloop
  endfacet
  facet normal 0.0652758 -0.997867 0
    outer loop
      vertex 8 28.1 2
      vertex 7.66063 28.0778 0
      vertex 8 28.1 0
    endloop
  endfacet
  facet normal 0.659275 0.751902 -0
    outer loop
      vertex 6.41722 23.4373 0
      vertex 6.16152 23.6615 2
      vertex 6.41722 23.4373 2
    endloop
  endfacet
  facet normal 0.659275 0.751902 0
    outer loop
      vertex 6.16152 23.6615 2
      vertex 6.41722 23.4373 0
      vertex 6.16152 23.6615 0
    endloop
  endfacet
  facet normal -0.896884 0.442267 0
    outer loop
      vertex 10.2517 24.2 0
      vertex 10.4021 24.505 2
      vertex 10.4021 24.505 0
    endloop
  endfacet
  facet normal -0.896884 0.442267 0
    outer loop
      vertex 10.4021 24.505 2
      vertex 10.2517 24.2 0
      vertex 10.2517 24.2 2
    endloop
  endfacet
  facet normal 0.99786 -0.0653872 0
    outer loop
      vertex 5.4 25.5 2
      vertex 5.42224 25.8394 0
      vertex 5.42224 25.8394 2
    endloop
  endfacet
  facet normal 0.99786 -0.0653872 0
    outer loop
      vertex 5.42224 25.8394 0
      vertex 5.4 25.5 2
      vertex 5.4 25.5 0
    endloop
  endfacet
  facet normal -0.442243 0.896895 0
    outer loop
      vertex 9.3 23.2483 0
      vertex 8.99498 23.0979 2
      vertex 9.3 23.2483 2
    endloop
  endfacet
  facet normal -0.442243 0.896895 0
    outer loop
      vertex 8.99498 23.0979 2
      vertex 9.3 23.2483 0
      vertex 8.99498 23.0979 0
    endloop
  endfacet
  facet normal 0.442243 0.896895 -0
    outer loop
      vertex 7.00502 23.0979 0
      vertex 6.7 23.2483 2
      vertex 7.00502 23.0979 2
    endloop
  endfacet
  facet normal 0.442243 0.896895 0
    outer loop
      vertex 6.7 23.2483 2
      vertex 7.00502 23.0979 0
      vertex 6.7 23.2483 0
    endloop
  endfacet
  facet normal 0.442243 -0.896895 0
    outer loop
      vertex 6.7 27.7517 0
      vertex 7.00502 27.9021 2
      vertex 6.7 27.7517 2
    endloop
  endfacet
  facet normal 0.442243 -0.896895 0
    outer loop
      vertex 7.00502 27.9021 2
      vertex 6.7 27.7517 0
      vertex 7.00502 27.9021 0
    endloop
  endfacet
  facet normal 0.89686 0.442314 0
    outer loop
      vertex 5.74833 24.2 2
      vertex 5.59791 24.505 0
      vertex 5.59791 24.505 2
    endloop
  endfacet
  facet normal 0.89686 0.442314 0
    outer loop
      vertex 5.59791 24.505 0
      vertex 5.74833 24.2 2
      vertex 5.74833 24.2 0
    endloop
  endfacet
  facet normal 0.89686 -0.442314 0
    outer loop
      vertex 5.59791 26.495 2
      vertex 5.74833 26.8 0
      vertex 5.74833 26.8 2
    endloop
  endfacet
  facet normal 0.89686 -0.442314 0
    outer loop
      vertex 5.74833 26.8 0
      vertex 5.59791 26.495 2
      vertex 5.59791 26.495 0
    endloop
  endfacet
  facet normal 0.831484 -0.555548 0
    outer loop
      vertex 5.74833 26.8 2
      vertex 5.93728 27.0828 0
      vertex 5.93728 27.0828 2
    endloop
  endfacet
  facet normal 0.831484 -0.555548 0
    outer loop
      vertex 5.93728 27.0828 0
      vertex 5.74833 26.8 2
      vertex 5.74833 26.8 0
    endloop
  endfacet
  facet normal 0.555677 0.831398 -0
    outer loop
      vertex 6.7 23.2483 0
      vertex 6.41722 23.4373 2
      vertex 6.7 23.2483 2
    endloop
  endfacet
  facet normal 0.555677 0.831398 0
    outer loop
      vertex 6.41722 23.4373 2
      vertex 6.7 23.2483 0
      vertex 6.41722 23.4373 0
    endloop
  endfacet
  facet normal 0 0 -1
    outer loop
      vertex 9.45 25.5 2
      vertex 10.6 25.5 2
      vertex 10.5778 25.1606 2
    endloop
  endfacet
  facet normal 0 0 -1
    outer loop
      vertex 9.43759 25.3107 2
      vertex 10.5778 25.1606 2
      vertex 10.5114 24.8271 2
    endloop
  endfacet
  facet normal 0 0 -1
    outer loop
      vertex 10.6 25.5 2
      vertex 9.45 25.5 2
      vertex 10.5778 25.8394 2
    endloop
  endfacet
  facet normal 0 0 -1
    outer loop
      vertex 9.40059 25.1247 2
      vertex 10.5114 24.8271 2
      vertex 10.4021 24.505 2
    endloop
  endfacet
  facet normal 0 0 -1
    outer loop
      vertex 9.43759 25.6893 2
      vertex 10.5778 25.8394 2
      vertex 9.45 25.5 2
    endloop
  endfacet
  facet normal 0 0 -1
    outer loop
      vertex 9.33962 24.9451 2
      vertex 10.4021 24.505 2
      vertex 10.2517 24.2 2
    endloop
  endfacet
  facet normal -0 0 -1
    outer loop
      vertex 10.5778 25.8394 2
      vertex 9.43759 25.6893 2
      vertex 10.5114 26.1729 2
    endloop
  endfacet
  facet normal 0 0 -1
    outer loop
      vertex 9.25574 24.775 2
      vertex 10.2517 24.2 2
      vertex 10.0627 23.9172 2
    endloop
  endfacet
  facet normal 0 0 -1
    outer loop
      vertex 9.40059 25.8753 2
      vertex 10.5114 26.1729 2
      vertex 9.43759 25.6893 2
    endloop
  endfacet
  facet normal 0 0 -1
    outer loop
      vertex 9.15036 24.6173 2
      vertex 10.0627 23.9172 2
      vertex 9.83848 23.6615 2
    endloop
  endfacet
  facet normal -0 0 -1
    outer loop
      vertex 10.5114 26.1729 2
      vertex 9.40059 25.8753 2
      vertex 10.4021 26.495 2
    endloop
  endfacet
  facet normal 0 0 -1
    outer loop
      vertex 9.0253 24.4747 2
      vertex 9.83848 23.6615 2
      vertex 9.58278 23.4373 2
    endloop
  endfacet
  facet normal 0 0 -1
    outer loop
      vertex 9.33962 26.0549 2
      vertex 10.4021 26.495 2
      vertex 9.40059 25.8753 2
    endloop
  endfacet
  facet normal -0 0 -1
    outer loop
      vertex 10.4021 26.495 2
      vertex 9.33962 26.0549 2
      vertex 10.2517 26.8 2
    endloop
  endfacet
  facet normal 0 0 -1
    outer loop
      vertex 10.5778 25.1606 2
      vertex 9.43759 25.3107 2
      vertex 9.45 25.5 2
    endloop
  endfacet
  facet normal 0 0 -1
    outer loop
      vertex 10.5114 24.8271 2
      vertex 9.40059 25.1247 2
      vertex 9.43759 25.3107 2
    endloop
  endfacet
  facet normal 0 0 -1
    outer loop
      vertex 10.4021 24.505 2
      vertex 9.33962 24.9451 2
      vertex 9.40059 25.1247 2
    endloop
  endfacet
  facet normal 0 0 -1
    outer loop
      vertex 8.8827 24.3496 2
      vertex 9.58278 23.4373 2
      vertex 9.3 23.2483 2
    endloop
  endfacet
  facet normal 0 0 -1
    outer loop
      vertex 10.2517 24.2 2
      vertex 9.25574 24.775 2
      vertex 9.33962 24.9451 2
    endloop
  endfacet
  facet normal 0 0 -1
    outer loop
      vertex 10.0627 23.9172 2
      vertex 9.15036 24.6173 2
      vertex 9.25574 24.775 2
    endloop
  endfacet
  facet normal 0 0 -1
    outer loop
      vertex 9.83848 23.6615 2
      vertex 9.0253 24.4747 2
      vertex 9.15036 24.6173 2
    endloop
  endfacet
  facet normal 0 0 -1
    outer loop
      vertex 8.725 24.2443 2
      vertex 9.3 23.2483 2
      vertex 8.99498 23.0979 2
    endloop
  endfacet
  facet normal 0 0 -1
    outer loop
      vertex 9.58278 23.4373 2
      vertex 8.8827 24.3496 2
      vertex 9.0253 24.4747 2
    endloop
  endfacet
  facet normal 0 0 -1
    outer loop
      vertex 9.3 23.2483 2
      vertex 8.725 24.2443 2
      vertex 8.8827 24.3496 2
    endloop
  endfacet
  facet normal 0 0 -1
    outer loop
      vertex 8.55489 24.1604 2
      vertex 8.99498 23.0979 2
      vertex 8.67293 22.9886 2
    endloop
  endfacet
  facet normal 0 0 -1
    outer loop
      vertex 8.99498 23.0979 2
      vertex 8.55489 24.1604 2
      vertex 8.725 24.2443 2
    endloop
  endfacet
  facet normal 0 0 -1
    outer loop
      vertex 8.67293 22.9886 2
      vertex 8.37529 24.0994 2
      vertex 8.55489 24.1604 2
    endloop
  endfacet
  facet normal 0 0 -1
    outer loop
      vertex 8.33937 22.9222 2
      vertex 8.37529 24.0994 2
      vertex 8.67293 22.9886 2
    endloop
  endfacet
  facet normal 0 0 -1
    outer loop
      vertex 8.33937 22.9222 2
      vertex 8.18926 24.0624 2
      vertex 8.37529 24.0994 2
    endloop
  endfacet
  facet normal 0 0 -1
    outer loop
      vertex 8 22.9 2
      vertex 8.18926 24.0624 2
      vertex 8.33937 22.9222 2
    endloop
  endfacet
  facet normal 0 0 -1
    outer loop
      vertex 8 22.9 2
      vertex 8 24.05 2
      vertex 8.18926 24.0624 2
    endloop
  endfacet
  facet normal 0 0 -1
    outer loop
      vertex 8 22.9 2
      vertex 7.81074 24.0624 2
      vertex 8 24.05 2
    endloop
  endfacet
  facet normal 0 0 -1
    outer loop
      vertex 7.66063 22.9222 2
      vertex 7.81074 24.0624 2
      vertex 8 22.9 2
    endloop
  endfacet
  facet normal 0 0 -1
    outer loop
      vertex 7.66063 22.9222 2
      vertex 7.62471 24.0994 2
      vertex 7.81074 24.0624 2
    endloop
  endfacet
  facet normal 0 0 -1
    outer loop
      vertex 7.32707 22.9886 2
      vertex 7.62471 24.0994 2
      vertex 7.66063 22.9222 2
    endloop
  endfacet
  facet normal -0 0 -1
    outer loop
      vertex 7.62471 24.0994 2
      vertex 7.32707 22.9886 2
      vertex 7.44511 24.1604 2
    endloop
  endfacet
  facet normal 0 0 -1
    outer loop
      vertex 7.00502 23.0979 2
      vertex 7.44511 24.1604 2
      vertex 7.32707 22.9886 2
    endloop
  endfacet
  facet normal -0 0 -1
    outer loop
      vertex 7.44511 24.1604 2
      vertex 7.00502 23.0979 2
      vertex 7.275 24.2443 2
    endloop
  endfacet
  facet normal 0 0 -1
    outer loop
      vertex 6.7 23.2483 2
      vertex 7.275 24.2443 2
      vertex 7.00502 23.0979 2
    endloop
  endfacet
  facet normal -0 0 -1
    outer loop
      vertex 7.275 24.2443 2
      vertex 6.7 23.2483 2
      vertex 7.1173 24.3496 2
    endloop
  endfacet
  facet normal 0 0 -1
    outer loop
      vertex 6.41722 23.4373 2
      vertex 7.1173 24.3496 2
      vertex 6.7 23.2483 2
    endloop
  endfacet
  facet normal -0 0 -1
    outer loop
      vertex 7.1173 24.3496 2
      vertex 6.41722 23.4373 2
      vertex 6.9747 24.4747 2
    endloop
  endfacet
  facet normal 0 0 -1
    outer loop
      vertex 6.16152 23.6615 2
      vertex 6.9747 24.4747 2
      vertex 6.41722 23.4373 2
    endloop
  endfacet
  facet normal -0 0 -1
    outer loop
      vertex 6.9747 24.4747 2
      vertex 6.16152 23.6615 2
      vertex 6.84964 24.6173 2
    endloop
  endfacet
  facet normal 0 0 -1
    outer loop
      vertex 5.93728 23.9172 2
      vertex 6.84964 24.6173 2
      vertex 6.16152 23.6615 2
    endloop
  endfacet
  facet normal -0 0 -1
    outer loop
      vertex 6.84964 24.6173 2
      vertex 5.93728 23.9172 2
      vertex 6.74426 24.775 2
    endloop
  endfacet
  facet normal -0 0 -1
    outer loop
      vertex 6.74426 24.775 2
      vertex 5.74833 24.2 2
      vertex 6.66038 24.9451 2
    endloop
  endfacet
  facet normal 0 0 -1
    outer loop
      vertex 5.74833 24.2 2
      vertex 6.74426 24.775 2
      vertex 5.93728 23.9172 2
    endloop
  endfacet
  facet normal 0 0 -1
    outer loop
      vertex 9.25574 26.225 2
      vertex 10.2517 26.8 2
      vertex 9.33962 26.0549 2
    endloop
  endfacet
  facet normal -0 0 -1
    outer loop
      vertex 10.2517 26.8 2
      vertex 9.25574 26.225 2
      vertex 10.0627 27.0828 2
    endloop
  endfacet
  facet normal 0 0 -1
    outer loop
      vertex 9.15036 26.3827 2
      vertex 10.0627 27.0828 2
      vertex 9.25574 26.225 2
    endloop
  endfacet
  facet normal -0 0 -1
    outer loop
      vertex 10.0627 27.0828 2
      vertex 9.15036 26.3827 2
      vertex 9.83848 27.3385 2
    endloop
  endfacet
  facet normal 0 0 -1
    outer loop
      vertex 9.0253 26.5253 2
      vertex 9.83848 27.3385 2
      vertex 9.15036 26.3827 2
    endloop
  endfacet
  facet normal -0 0 -1
    outer loop
      vertex 9.83848 27.3385 2
      vertex 9.0253 26.5253 2
      vertex 9.58278 27.5627 2
    endloop
  endfacet
  facet normal 0 0 -1
    outer loop
      vertex 8.8827 26.6504 2
      vertex 9.58278 27.5627 2
      vertex 9.0253 26.5253 2
    endloop
  endfacet
  facet normal -0 0 -1
    outer loop
      vertex 9.58278 27.5627 2
      vertex 8.8827 26.6504 2
      vertex 9.3 27.7517 2
    endloop
  endfacet
  facet normal 0 0 -1
    outer loop
      vertex 8.725 26.7557 2
      vertex 9.3 27.7517 2
      vertex 8.8827 26.6504 2
    endloop
  endfacet
  facet normal -0 0 -1
    outer loop
      vertex 9.3 27.7517 2
      vertex 8.725 26.7557 2
      vertex 8.99498 27.9021 2
    endloop
  endfacet
  facet normal 0 0 -1
    outer loop
      vertex 8.55489 26.8396 2
      vertex 8.99498 27.9021 2
      vertex 8.725 26.7557 2
    endloop
  endfacet
  facet normal -0 0 -1
    outer loop
      vertex 8.99498 27.9021 2
      vertex 8.55489 26.8396 2
      vertex 8.67293 28.0114 2
    endloop
  endfacet
  facet normal 0 0 -1
    outer loop
      vertex 8.37529 26.9006 2
      vertex 8.67293 28.0114 2
      vertex 8.55489 26.8396 2
    endloop
  endfacet
  facet normal 0 0 -1
    outer loop
      vertex 8.37529 26.9006 2
      vertex 8.33937 28.0778 2
      vertex 8.67293 28.0114 2
    endloop
  endfacet
  facet normal 0 0 -1
    outer loop
      vertex 8.18926 26.9376 2
      vertex 8.33937 28.0778 2
      vertex 8.37529 26.9006 2
    endloop
  endfacet
  facet normal 0 0 -1
    outer loop
      vertex 8 26.95 2
      vertex 8.33937 28.0778 2
      vertex 8.18926 26.9376 2
    endloop
  endfacet
  facet normal 0 0 -1
    outer loop
      vertex 8 26.95 2
      vertex 8 28.1 2
      vertex 8.33937 28.0778 2
    endloop
  endfacet
  facet normal 0 0 -1
    outer loop
      vertex 7.81074 26.9376 2
      vertex 8 28.1 2
      vertex 8 26.95 2
    endloop
  endfacet
  facet normal 0 0 -1
    outer loop
      vertex 7.81074 26.9376 2
      vertex 7.66063 28.0778 2
      vertex 8 28.1 2
    endloop
  endfacet
  facet normal 0 0 -1
    outer loop
      vertex 7.62471 26.9006 2
      vertex 7.66063 28.0778 2
      vertex 7.81074 26.9376 2
    endloop
  endfacet
  facet normal 0 0 -1
    outer loop
      vertex 7.32707 28.0114 2
      vertex 7.62471 26.9006 2
      vertex 7.44511 26.8396 2
    endloop
  endfacet
  facet normal 0 0 -1
    outer loop
      vertex 7.62471 26.9006 2
      vertex 7.32707 28.0114 2
      vertex 7.66063 28.0778 2
    endloop
  endfacet
  facet normal 0 0 -1
    outer loop
      vertex 7.00502 27.9021 2
      vertex 7.44511 26.8396 2
      vertex 7.275 26.7557 2
    endloop
  endfacet
  facet normal 0 0 -1
    outer loop
      vertex 6.7 27.7517 2
      vertex 7.275 26.7557 2
      vertex 7.1173 26.6504 2
    endloop
  endfacet
  facet normal 0 0 -1
    outer loop
      vertex 7.44511 26.8396 2
      vertex 7.00502 27.9021 2
      vertex 7.32707 28.0114 2
    endloop
  endfacet
  facet normal 0 0 -1
    outer loop
      vertex 6.41722 27.5627 2
      vertex 7.1173 26.6504 2
      vertex 6.9747 26.5253 2
    endloop
  endfacet
  facet normal 0 0 -1
    outer loop
      vertex 6.16152 27.3385 2
      vertex 6.9747 26.5253 2
      vertex 6.84964 26.3827 2
    endloop
  endfacet
  facet normal 0 0 -1
    outer loop
      vertex 5.93728 27.0828 2
      vertex 6.84964 26.3827 2
      vertex 6.74426 26.225 2
    endloop
  endfacet
  facet normal 0 0 -1
    outer loop
      vertex 7.275 26.7557 2
      vertex 6.7 27.7517 2
      vertex 7.00502 27.9021 2
    endloop
  endfacet
  facet normal 0 0 -1
    outer loop
      vertex 5.74833 26.8 2
      vertex 6.74426 26.225 2
      vertex 6.66038 26.0549 2
    endloop
  endfacet
  facet normal 0 0 -1
    outer loop
      vertex 5.59791 26.495 2
      vertex 6.66038 26.0549 2
      vertex 6.59941 25.8753 2
    endloop
  endfacet
  facet normal 0 0 -1
    outer loop
      vertex 5.48859 26.1729 2
      vertex 6.59941 25.8753 2
      vertex 6.56241 25.6893 2
    endloop
  endfacet
  facet normal 0 0 -1
    outer loop
      vertex 7.1173 26.6504 2
      vertex 6.41722 27.5627 2
      vertex 6.7 27.7517 2
    endloop
  endfacet
  facet normal 0 0 -1
    outer loop
      vertex 5.42224 25.8394 2
      vertex 6.56241 25.6893 2
      vertex 6.55 25.5 2
    endloop
  endfacet
  facet normal 0 0 -1
    outer loop
      vertex 5.59791 24.505 2
      vertex 6.66038 24.9451 2
      vertex 5.74833 24.2 2
    endloop
  endfacet
  facet normal -0 0 -1
    outer loop
      vertex 6.66038 24.9451 2
      vertex 5.59791 24.505 2
      vertex 6.59941 25.1247 2
    endloop
  endfacet
  facet normal 0 0 -1
    outer loop
      vertex 6.9747 26.5253 2
      vertex 6.16152 27.3385 2
      vertex 6.41722 27.5627 2
    endloop
  endfacet
  facet normal 0 0 -1
    outer loop
      vertex 5.48859 24.8271 2
      vertex 6.59941 25.1247 2
      vertex 5.59791 24.505 2
    endloop
  endfacet
  facet normal 0 0 -1
    outer loop
      vertex 6.84964 26.3827 2
      vertex 5.93728 27.0828 2
      vertex 6.16152 27.3385 2
    endloop
  endfacet
  facet normal -0 0 -1
    outer loop
      vertex 6.59941 25.1247 2
      vertex 5.48859 24.8271 2
      vertex 6.56241 25.3107 2
    endloop
  endfacet
  facet normal 0 0 -1
    outer loop
      vertex 6.74426 26.225 2
      vertex 5.74833 26.8 2
      vertex 5.93728 27.0828 2
    endloop
  endfacet
  facet normal 0 0 -1
    outer loop
      vertex 5.42224 25.1606 2
      vertex 6.56241 25.3107 2
      vertex 5.48859 24.8271 2
    endloop
  endfacet
  facet normal 0 0 -1
    outer loop
      vertex 6.66038 26.0549 2
      vertex 5.59791 26.495 2
      vertex 5.74833 26.8 2
    endloop
  endfacet
  facet normal -0 0 -1
    outer loop
      vertex 6.56241 25.3107 2
      vertex 5.42224 25.1606 2
      vertex 6.55 25.5 2
    endloop
  endfacet
  facet normal 0 0 -1
    outer loop
      vertex 6.59941 25.8753 2
      vertex 5.48859 26.1729 2
      vertex 5.59791 26.495 2
    endloop
  endfacet
  facet normal 0 0 -1
    outer loop
      vertex 5.4 25.5 2
      vertex 6.55 25.5 2
      vertex 5.42224 25.1606 2
    endloop
  endfacet
  facet normal 0 0 -1
    outer loop
      vertex 6.56241 25.6893 2
      vertex 5.42224 25.8394 2
      vertex 5.48859 26.1729 2
    endloop
  endfacet
  facet normal 0 0 -1
    outer loop
      vertex 6.55 25.5 2
      vertex 5.4 25.5 2
      vertex 5.42224 25.8394 2
    endloop
  endfacet
  facet normal 0.89688 0.442275 0
    outer loop
      vertex 5.31532 23.95 8.5
      vertex 5.13597 24.3137 4
      vertex 5.13597 24.3137 8.5
    endloop
  endfacet
  facet normal 0.89688 0.442275 0
    outer loop
      vertex 5.13597 24.3137 4
      vertex 5.31532 23.95 8.5
      vertex 5.31532 23.95 4
    endloop
  endfacet
  facet normal -0.442195 0.896919 0
    outer loop
      vertex 9.55 22.8153 4
      vertex 9.18632 22.636 8.5
      vertex 9.55 22.8153 8.5
    endloop
  endfacet
  facet normal -0.442195 0.896919 0
    outer loop
      vertex 9.18632 22.636 8.5
      vertex 9.55 22.8153 4
      vertex 9.18632 22.636 4
    endloop
  endfacet
  facet normal -0.980789 -0.195073 0
    outer loop
      vertex 11.0735 25.9046 4
      vertex 10.9944 26.3023 8.5
      vertex 10.9944 26.3023 4
    endloop
  endfacet
  facet normal -0.980789 -0.195073 0
    outer loop
      vertex 10.9944 26.3023 8.5
      vertex 11.0735 25.9046 4
      vertex 11.0735 25.9046 8.5
    endloop
  endfacet
  facet normal -0.997862 -0.0653568 0
    outer loop
      vertex 11.1 25.5 4
      vertex 11.0735 25.9046 8.5
      vertex 11.0735 25.9046 4
    endloop
  endfacet
  facet normal -0.997862 -0.0653568 0
    outer loop
      vertex 11.0735 25.9046 8.5
      vertex 11.1 25.5 4
      vertex 11.1 25.5 8.5
    endloop
  endfacet
  facet normal -0.946893 -0.321549 0
    outer loop
      vertex 10.9944 26.3023 4
      vertex 10.864 26.6863 8.5
      vertex 10.864 26.6863 4
    endloop
  endfacet
  facet normal -0.946893 -0.321549 0
    outer loop
      vertex 10.864 26.6863 8.5
      vertex 10.9944 26.3023 4
      vertex 10.9944 26.3023 8.5
    endloop
  endfacet
  facet normal -0.751721 0.659482 0
    outer loop
      vertex 10.192 23.308 4
      vertex 10.4594 23.6128 8.5
      vertex 10.4594 23.6128 4
    endloop
  endfacet
  facet normal -0.751721 0.659482 0
    outer loop
      vertex 10.4594 23.6128 8.5
      vertex 10.192 23.308 4
      vertex 10.192 23.308 8.5
    endloop
  endfacet
  facet normal -0.321564 -0.946888 0
    outer loop
      vertex 8.80234 28.4944 4
      vertex 9.18632 28.364 8.5
      vertex 8.80234 28.4944 8.5
    endloop
  endfacet
  facet normal -0.321564 -0.946888 -0
    outer loop
      vertex 9.18632 28.364 8.5
      vertex 8.80234 28.4944 4
      vertex 9.18632 28.364 4
    endloop
  endfacet
  facet normal -0.555599 -0.83145 0
    outer loop
      vertex 9.55 28.1847 4
      vertex 9.88716 27.9594 8.5
      vertex 9.55 28.1847 8.5
    endloop
  endfacet
  facet normal -0.555599 -0.83145 -0
    outer loop
      vertex 9.88716 27.9594 8.5
      vertex 9.55 28.1847 4
      vertex 9.88716 27.9594 4
    endloop
  endfacet
  facet normal -0.896928 0.442176 0
    outer loop
      vertex 10.6847 23.95 4
      vertex 10.864 24.3137 8.5
      vertex 10.864 24.3137 4
    endloop
  endfacet
  facet normal -0.896928 0.442176 0
    outer loop
      vertex 10.864 24.3137 8.5
      vertex 10.6847 23.95 4
      vertex 10.6847 23.95 8.5
    endloop
  endfacet
  facet normal -0.321564 0.946888 0
    outer loop
      vertex 9.18632 22.636 4
      vertex 8.80234 22.5056 8.5
      vertex 9.18632 22.636 8.5
    endloop
  endfacet
  facet normal -0.321564 0.946888 0
    outer loop
      vertex 8.80234 22.5056 8.5
      vertex 9.18632 22.636 4
      vertex 8.80234 22.5056 4
    endloop
  endfacet
  facet normal -0.896928 -0.442176 0
    outer loop
      vertex 10.864 26.6863 4
      vertex 10.6847 27.05 8.5
      vertex 10.6847 27.05 4
    endloop
  endfacet
  facet normal -0.896928 -0.442176 0
    outer loop
      vertex 10.6847 27.05 8.5
      vertex 10.864 26.6863 4
      vertex 10.864 26.6863 8.5
    endloop
  endfacet
  facet normal 0.195068 -0.98079 0
    outer loop
      vertex 7.19766 28.4944 4
      vertex 7.59537 28.5735 8.5
      vertex 7.19766 28.4944 8.5
    endloop
  endfacet
  facet normal 0.195068 -0.98079 0
    outer loop
      vertex 7.59537 28.5735 8.5
      vertex 7.19766 28.4944 4
      vertex 7.59537 28.5735 4
    endloop
  endfacet
  facet normal 0.0653519 0.997862 -0
    outer loop
      vertex 8 22.4 4
      vertex 7.59537 22.4265 8.5
      vertex 8 22.4 8.5
    endloop
  endfacet
  facet normal 0.0653519 0.997862 0
    outer loop
      vertex 7.59537 22.4265 8.5
      vertex 8 22.4 4
      vertex 7.59537 22.4265 4
    endloop
  endfacet
  facet normal 0.555599 -0.83145 0
    outer loop
      vertex 6.11284 27.9594 4
      vertex 6.45 28.1847 8.5
      vertex 6.11284 27.9594 8.5
    endloop
  endfacet
  facet normal 0.555599 -0.83145 0
    outer loop
      vertex 6.45 28.1847 8.5
      vertex 6.11284 27.9594 4
      vertex 6.45 28.1847 4
    endloop
  endfacet
  facet normal 0.321564 0.946888 -0
    outer loop
      vertex 7.19766 22.5056 4
      vertex 6.81368 22.636 8.5
      vertex 7.19766 22.5056 8.5
    endloop
  endfacet
  facet normal 0.321564 0.946888 0
    outer loop
      vertex 6.81368 22.636 8.5
      vertex 7.19766 22.5056 4
      vertex 6.81368 22.636 4
    endloop
  endfacet
  facet normal -0.946893 0.321549 0
    outer loop
      vertex 10.864 24.3137 4
      vertex 10.9944 24.6977 8.5
      vertex 10.9944 24.6977 4
    endloop
  endfacet
  facet normal -0.946893 0.321549 0
    outer loop
      vertex 10.9944 24.6977 8.5
      vertex 10.864 24.3137 4
      vertex 10.864 24.3137 8.5
    endloop
  endfacet
  facet normal 0.831492 0.555536 0
    outer loop
      vertex 5.54061 23.6128 8.5
      vertex 5.31532 23.95 4
      vertex 5.31532 23.95 8.5
    endloop
  endfacet
  facet normal 0.831492 0.555536 0
    outer loop
      vertex 5.31532 23.95 4
      vertex 5.54061 23.6128 8.5
      vertex 5.54061 23.6128 4
    endloop
  endfacet
  facet normal 0.659396 0.751796 -0
    outer loop
      vertex 6.11284 23.0406 4
      vertex 5.80797 23.308 8.5
      vertex 6.11284 23.0406 8.5
    endloop
  endfacet
  facet normal 0.659396 0.751796 0
    outer loop
      vertex 5.80797 23.308 8.5
      vertex 6.11284 23.0406 4
      vertex 5.80797 23.308 4
    endloop
  endfacet
  facet normal 0.659396 -0.751796 0
    outer loop
      vertex 5.80797 27.692 4
      vertex 6.11284 27.9594 8.5
      vertex 5.80797 27.692 8.5
    endloop
  endfacet
  facet normal 0.659396 -0.751796 0
    outer loop
      vertex 6.11284 27.9594 8.5
      vertex 5.80797 27.692 4
      vertex 6.11284 27.9594 4
    endloop
  endfacet
  facet normal 0.946938 -0.321416 0
    outer loop
      vertex 5.00563 26.3023 8.5
      vertex 5.13597 26.6863 4
      vertex 5.13597 26.6863 8.5
    endloop
  endfacet
  facet normal 0.946938 -0.321416 0
    outer loop
      vertex 5.13597 26.6863 4
      vertex 5.00563 26.3023 8.5
      vertex 5.00563 26.3023 4
    endloop
  endfacet
  facet normal 0.442195 -0.896919 0
    outer loop
      vertex 6.45 28.1847 4
      vertex 6.81368 28.364 8.5
      vertex 6.45 28.1847 8.5
    endloop
  endfacet
  facet normal 0.442195 -0.896919 0
    outer loop
      vertex 6.81368 28.364 8.5
      vertex 6.45 28.1847 4
      vertex 6.81368 28.364 4
    endloop
  endfacet
  facet normal 0.980784 -0.195096 0
    outer loop
      vertex 4.92652 25.9046 8.5
      vertex 5.00563 26.3023 4
      vertex 5.00563 26.3023 8.5
    endloop
  endfacet
  facet normal 0.980784 -0.195096 0
    outer loop
      vertex 5.00563 26.3023 4
      vertex 4.92652 25.9046 8.5
      vertex 4.92652 25.9046 4
    endloop
  endfacet
  facet normal 0.321564 -0.946888 0
    outer loop
      vertex 6.81368 28.364 4
      vertex 7.19766 28.4944 8.5
      vertex 6.81368 28.364 8.5
    endloop
  endfacet
  facet normal 0.321564 -0.946888 0
    outer loop
      vertex 7.19766 28.4944 8.5
      vertex 6.81368 28.364 4
      vertex 7.19766 28.4944 4
    endloop
  endfacet
  facet normal -0.659433 0.751763 0
    outer loop
      vertex 10.192 23.308 4
      vertex 9.88716 23.0406 8.5
      vertex 10.192 23.308 8.5
    endloop
  endfacet
  facet normal -0.659433 0.751763 0
    outer loop
      vertex 9.88716 23.0406 8.5
      vertex 10.192 23.308 4
      vertex 9.88716 23.0406 4
    endloop
  endfacet
  facet normal -0.0653519 -0.997862 0
    outer loop
      vertex 8 28.6 4
      vertex 8.40463 28.5735 8.5
      vertex 8 28.6 8.5
    endloop
  endfacet
  facet normal -0.0653519 -0.997862 -0
    outer loop
      vertex 8.40463 28.5735 8.5
      vertex 8 28.6 4
      vertex 8.40463 28.5735 4
    endloop
  endfacet
  facet normal -0.831481 -0.555553 0
    outer loop
      vertex 10.6847 27.05 4
      vertex 10.4594 27.3872 8.5
      vertex 10.4594 27.3872 4
    endloop
  endfacet
  facet normal -0.831481 -0.555553 0
    outer loop
      vertex 10.4594 27.3872 8.5
      vertex 10.6847 27.05 4
      vertex 10.6847 27.05 8.5
    endloop
  endfacet
  facet normal -0.195068 0.98079 0
    outer loop
      vertex 8.80234 22.5056 4
      vertex 8.40463 22.4265 8.5
      vertex 8.80234 22.5056 8.5
    endloop
  endfacet
  facet normal -0.195068 0.98079 0
    outer loop
      vertex 8.40463 22.4265 8.5
      vertex 8.80234 22.5056 4
      vertex 8.40463 22.4265 4
    endloop
  endfacet
  facet normal 0.980784 0.195096 0
    outer loop
      vertex 5.00563 24.6977 8.5
      vertex 4.92652 25.0954 4
      vertex 4.92652 25.0954 8.5
    endloop
  endfacet
  facet normal 0.980784 0.195096 0
    outer loop
      vertex 4.92652 25.0954 4
      vertex 5.00563 24.6977 8.5
      vertex 5.00563 24.6977 4
    endloop
  endfacet
  facet normal 0.751769 -0.659426 0
    outer loop
      vertex 5.54061 27.3872 8.5
      vertex 5.80797 27.692 4
      vertex 5.80797 27.692 8.5
    endloop
  endfacet
  facet normal 0.751769 -0.659426 0
    outer loop
      vertex 5.80797 27.692 4
      vertex 5.54061 27.3872 8.5
      vertex 5.54061 27.3872 4
    endloop
  endfacet
  facet normal -0.659433 -0.751763 0
    outer loop
      vertex 9.88716 27.9594 4
      vertex 10.192 27.692 8.5
      vertex 9.88716 27.9594 8.5
    endloop
  endfacet
  facet normal -0.659433 -0.751763 -0
    outer loop
      vertex 10.192 27.692 8.5
      vertex 9.88716 27.9594 4
      vertex 10.192 27.692 4
    endloop
  endfacet
  facet normal -0.997862 0.0653568 0
    outer loop
      vertex 11.0735 25.0954 4
      vertex 11.1 25.5 8.5
      vertex 11.1 25.5 4
    endloop
  endfacet
  facet normal -0.997862 0.0653568 0
    outer loop
      vertex 11.1 25.5 8.5
      vertex 11.0735 25.0954 4
      vertex 11.0735 25.0954 8.5
    endloop
  endfacet
  facet normal -0.980789 0.195073 0
    outer loop
      vertex 10.9944 24.6977 4
      vertex 11.0735 25.0954 8.5
      vertex 11.0735 25.0954 4
    endloop
  endfacet
  facet normal -0.980789 0.195073 0
    outer loop
      vertex 11.0735 25.0954 8.5
      vertex 10.9944 24.6977 4
      vertex 10.9944 24.6977 8.5
    endloop
  endfacet
  facet normal -0.555599 0.83145 0
    outer loop
      vertex 9.88716 23.0406 4
      vertex 9.55 22.8153 8.5
      vertex 9.88716 23.0406 8.5
    endloop
  endfacet
  facet normal -0.555599 0.83145 0
    outer loop
      vertex 9.55 22.8153 8.5
      vertex 9.88716 23.0406 4
      vertex 9.55 22.8153 4
    endloop
  endfacet
  facet normal -0.195068 -0.98079 0
    outer loop
      vertex 8.40463 28.5735 4
      vertex 8.80234 28.4944 8.5
      vertex 8.40463 28.5735 8.5
    endloop
  endfacet
  facet normal -0.195068 -0.98079 -0
    outer loop
      vertex 8.80234 28.4944 8.5
      vertex 8.40463 28.5735 4
      vertex 8.80234 28.4944 4
    endloop
  endfacet
  facet normal -0.751721 -0.659482 0
    outer loop
      vertex 10.4594 27.3872 4
      vertex 10.192 27.692 8.5
      vertex 10.192 27.692 4
    endloop
  endfacet
  facet normal -0.751721 -0.659482 0
    outer loop
      vertex 10.192 27.692 8.5
      vertex 10.4594 27.3872 4
      vertex 10.4594 27.3872 8.5
    endloop
  endfacet
  facet normal -0.442195 -0.896919 0
    outer loop
      vertex 9.18632 28.364 4
      vertex 9.55 28.1847 8.5
      vertex 9.18632 28.364 8.5
    endloop
  endfacet
  facet normal -0.442195 -0.896919 -0
    outer loop
      vertex 9.55 28.1847 8.5
      vertex 9.18632 28.364 4
      vertex 9.55 28.1847 4
    endloop
  endfacet
  facet normal 0.997859 0.0654059 0
    outer loop
      vertex 4.92652 25.0954 8.5
      vertex 4.9 25.5 4
      vertex 4.9 25.5 8.5
    endloop
  endfacet
  facet normal 0.997859 0.0654059 0
    outer loop
      vertex 4.9 25.5 4
      vertex 4.92652 25.0954 8.5
      vertex 4.92652 25.0954 4
    endloop
  endfacet
  facet normal -0.831481 0.555553 0
    outer loop
      vertex 10.4594 23.6128 4
      vertex 10.6847 23.95 8.5
      vertex 10.6847 23.95 4
    endloop
  endfacet
  facet normal -0.831481 0.555553 0
    outer loop
      vertex 10.6847 23.95 8.5
      vertex 10.4594 23.6128 4
      vertex 10.4594 23.6128 8.5
    endloop
  endfacet
  facet normal 0.751769 0.659426 0
    outer loop
      vertex 5.80797 23.308 8.5
      vertex 5.54061 23.6128 4
      vertex 5.54061 23.6128 8.5
    endloop
  endfacet
  facet normal 0.751769 0.659426 0
    outer loop
      vertex 5.54061 23.6128 4
      vertex 5.80797 23.308 8.5
      vertex 5.80797 23.308 4
    endloop
  endfacet
  facet normal 0.997859 -0.0654059 0
    outer loop
      vertex 4.9 25.5 8.5
      vertex 4.92652 25.9046 4
      vertex 4.92652 25.9046 8.5
    endloop
  endfacet
  facet normal 0.997859 -0.0654059 0
    outer loop
      vertex 4.92652 25.9046 4
      vertex 4.9 25.5 8.5
      vertex 4.9 25.5 4
    endloop
  endfacet
  facet normal 0.442195 0.896919 -0
    outer loop
      vertex 6.81368 22.636 4
      vertex 6.45 22.8153 8.5
      vertex 6.81368 22.636 8.5
    endloop
  endfacet
  facet normal 0.442195 0.896919 0
    outer loop
      vertex 6.45 22.8153 8.5
      vertex 6.81368 22.636 4
      vertex 6.45 22.8153 4
    endloop
  endfacet
  facet normal 0.946938 0.321416 0
    outer loop
      vertex 5.13597 24.3137 8.5
      vertex 5.00563 24.6977 4
      vertex 5.00563 24.6977 8.5
    endloop
  endfacet
  facet normal 0.946938 0.321416 0
    outer loop
      vertex 5.00563 24.6977 4
      vertex 5.13597 24.3137 8.5
      vertex 5.13597 24.3137 4
    endloop
  endfacet
  facet normal 0.195068 0.98079 -0
    outer loop
      vertex 7.59537 22.4265 4
      vertex 7.19766 22.5056 8.5
      vertex 7.59537 22.4265 8.5
    endloop
  endfacet
  facet normal 0.195068 0.98079 0
    outer loop
      vertex 7.19766 22.5056 8.5
      vertex 7.59537 22.4265 4
      vertex 7.19766 22.5056 4
    endloop
  endfacet
  facet normal -0.0653519 0.997862 0
    outer loop
      vertex 8.40463 22.4265 4
      vertex 8 22.4 8.5
      vertex 8.40463 22.4265 8.5
    endloop
  endfacet
  facet normal -0.0653519 0.997862 0
    outer loop
      vertex 8 22.4 8.5
      vertex 8.40463 22.4265 4
      vertex 8 22.4 4
    endloop
  endfacet
  facet normal 0.0653519 -0.997862 0
    outer loop
      vertex 7.59537 28.5735 4
      vertex 8 28.6 8.5
      vertex 7.59537 28.5735 8.5
    endloop
  endfacet
  facet normal 0.0653519 -0.997862 0
    outer loop
      vertex 8 28.6 8.5
      vertex 7.59537 28.5735 4
      vertex 8 28.6 4
    endloop
  endfacet
  facet normal 0 0 1
    outer loop
      vertex 9.45 25.5 4
      vertex 11.1 25.5 4
      vertex 11.0735 25.9046 4
    endloop
  endfacet
  facet normal 0 0 1
    outer loop
      vertex 9.43759 25.6893 4
      vertex 11.0735 25.9046 4
      vertex 10.9944 26.3023 4
    endloop
  endfacet
  facet normal 0 0 1
    outer loop
      vertex 11.1 25.5 4
      vertex 9.45 25.5 4
      vertex 11.0735 25.0954 4
    endloop
  endfacet
  facet normal 0 0 1
    outer loop
      vertex 9.40059 25.8753 4
      vertex 10.9944 26.3023 4
      vertex 10.864 26.6863 4
    endloop
  endfacet
  facet normal -0 0 1
    outer loop
      vertex 9.43759 25.3107 4
      vertex 11.0735 25.0954 4
      vertex 9.45 25.5 4
    endloop
  endfacet
  facet normal 0 0 1
    outer loop
      vertex 9.33962 26.0549 4
      vertex 10.864 26.6863 4
      vertex 10.6847 27.05 4
    endloop
  endfacet
  facet normal 0 0 1
    outer loop
      vertex 11.0735 25.0954 4
      vertex 9.43759 25.3107 4
      vertex 10.9944 24.6977 4
    endloop
  endfacet
  facet normal 0 0 1
    outer loop
      vertex 9.25574 26.225 4
      vertex 10.6847 27.05 4
      vertex 10.4594 27.3872 4
    endloop
  endfacet
  facet normal -0 0 1
    outer loop
      vertex 9.40059 25.1247 4
      vertex 10.9944 24.6977 4
      vertex 9.43759 25.3107 4
    endloop
  endfacet
  facet normal 0 0 1
    outer loop
      vertex 9.15036 26.3827 4
      vertex 10.4594 27.3872 4
      vertex 10.192 27.692 4
    endloop
  endfacet
  facet normal 0 0 1
    outer loop
      vertex 10.9944 24.6977 4
      vertex 9.40059 25.1247 4
      vertex 10.864 24.3137 4
    endloop
  endfacet
  facet normal 0 0 1
    outer loop
      vertex 9.0253 26.5253 4
      vertex 10.192 27.692 4
      vertex 9.88716 27.9594 4
    endloop
  endfacet
  facet normal -0 0 1
    outer loop
      vertex 9.33962 24.9451 4
      vertex 10.864 24.3137 4
      vertex 9.40059 25.1247 4
    endloop
  endfacet
  facet normal 0 0 1
    outer loop
      vertex 8.8827 26.6504 4
      vertex 9.88716 27.9594 4
      vertex 9.55 28.1847 4
    endloop
  endfacet
  facet normal 0 0 1
    outer loop
      vertex 10.864 24.3137 4
      vertex 9.33962 24.9451 4
      vertex 10.6847 23.95 4
    endloop
  endfacet
  facet normal -0 0 1
    outer loop
      vertex 9.25574 24.775 4
      vertex 10.6847 23.95 4
      vertex 9.33962 24.9451 4
    endloop
  endfacet
  facet normal 0 0 1
    outer loop
      vertex 11.0735 25.9046 4
      vertex 9.43759 25.6893 4
      vertex 9.45 25.5 4
    endloop
  endfacet
  facet normal 0 0 1
    outer loop
      vertex 10.9944 26.3023 4
      vertex 9.40059 25.8753 4
      vertex 9.43759 25.6893 4
    endloop
  endfacet
  facet normal 0 0 1
    outer loop
      vertex 10.864 26.6863 4
      vertex 9.33962 26.0549 4
      vertex 9.40059 25.8753 4
    endloop
  endfacet
  facet normal 0 0 1
    outer loop
      vertex 10.6847 27.05 4
      vertex 9.25574 26.225 4
      vertex 9.33962 26.0549 4
    endloop
  endfacet
  facet normal 0 0 1
    outer loop
      vertex 8.725 26.7557 4
      vertex 9.55 28.1847 4
      vertex 9.18632 28.364 4
    endloop
  endfacet
  facet normal 0 0 1
    outer loop
      vertex 10.4594 27.3872 4
      vertex 9.15036 26.3827 4
      vertex 9.25574 26.225 4
    endloop
  endfacet
  facet normal 0 0 1
    outer loop
      vertex 10.192 27.692 4
      vertex 9.0253 26.5253 4
      vertex 9.15036 26.3827 4
    endloop
  endfacet
  facet normal 0 0 1
    outer loop
      vertex 9.88716 27.9594 4
      vertex 8.8827 26.6504 4
      vertex 9.0253 26.5253 4
    endloop
  endfacet
  facet normal 0 0 1
    outer loop
      vertex 8.55489 26.8396 4
      vertex 9.18632 28.364 4
      vertex 8.80234 28.4944 4
    endloop
  endfacet
  facet normal 0 0 1
    outer loop
      vertex 9.55 28.1847 4
      vertex 8.725 26.7557 4
      vertex 8.8827 26.6504 4
    endloop
  endfacet
  facet normal 0 0 1
    outer loop
      vertex 9.18632 28.364 4
      vertex 8.55489 26.8396 4
      vertex 8.725 26.7557 4
    endloop
  endfacet
  facet normal 0 0 1
    outer loop
      vertex 8.37529 26.9006 4
      vertex 8.80234 28.4944 4
      vertex 8.40463 28.5735 4
    endloop
  endfacet
  facet normal 0 0 1
    outer loop
      vertex 8.80234 28.4944 4
      vertex 8.37529 26.9006 4
      vertex 8.55489 26.8396 4
    endloop
  endfacet
  facet normal 0 0 1
    outer loop
      vertex 8.40463 28.5735 4
      vertex 8.18926 26.9376 4
      vertex 8.37529 26.9006 4
    endloop
  endfacet
  facet normal 0 0 1
    outer loop
      vertex 8 28.6 4
      vertex 8.18926 26.9376 4
      vertex 8.40463 28.5735 4
    endloop
  endfacet
  facet normal 0 0 1
    outer loop
      vertex 8 28.6 4
      vertex 8 26.95 4
      vertex 8.18926 26.9376 4
    endloop
  endfacet
  facet normal 0 0 1
    outer loop
      vertex 8 28.6 4
      vertex 7.81074 26.9376 4
      vertex 8 26.95 4
    endloop
  endfacet
  facet normal -0 0 1
    outer loop
      vertex 7.59537 28.5735 4
      vertex 7.81074 26.9376 4
      vertex 8 28.6 4
    endloop
  endfacet
  facet normal 0 0 1
    outer loop
      vertex 7.81074 26.9376 4
      vertex 7.59537 28.5735 4
      vertex 7.62471 26.9006 4
    endloop
  endfacet
  facet normal -0 0 1
    outer loop
      vertex 7.19766 28.4944 4
      vertex 7.62471 26.9006 4
      vertex 7.59537 28.5735 4
    endloop
  endfacet
  facet normal 0 0 1
    outer loop
      vertex 7.62471 26.9006 4
      vertex 7.19766 28.4944 4
      vertex 7.44511 26.8396 4
    endloop
  endfacet
  facet normal -0 0 1
    outer loop
      vertex 6.81368 28.364 4
      vertex 7.44511 26.8396 4
      vertex 7.19766 28.4944 4
    endloop
  endfacet
  facet normal 0 0 1
    outer loop
      vertex 7.44511 26.8396 4
      vertex 6.81368 28.364 4
      vertex 7.275 26.7557 4
    endloop
  endfacet
  facet normal -0 0 1
    outer loop
      vertex 6.45 28.1847 4
      vertex 7.275 26.7557 4
      vertex 6.81368 28.364 4
    endloop
  endfacet
  facet normal 0 0 1
    outer loop
      vertex 7.275 26.7557 4
      vertex 6.45 28.1847 4
      vertex 7.1173 26.6504 4
    endloop
  endfacet
  facet normal -0 0 1
    outer loop
      vertex 6.11284 27.9594 4
      vertex 7.1173 26.6504 4
      vertex 6.45 28.1847 4
    endloop
  endfacet
  facet normal 0 0 1
    outer loop
      vertex 7.1173 26.6504 4
      vertex 6.11284 27.9594 4
      vertex 6.9747 26.5253 4
    endloop
  endfacet
  facet normal -0 0 1
    outer loop
      vertex 5.80797 27.692 4
      vertex 6.9747 26.5253 4
      vertex 6.11284 27.9594 4
    endloop
  endfacet
  facet normal 0 0 1
    outer loop
      vertex 6.9747 26.5253 4
      vertex 5.80797 27.692 4
      vertex 6.84964 26.3827 4
    endloop
  endfacet
  facet normal -0 0 1
    outer loop
      vertex 5.54061 27.3872 4
      vertex 6.84964 26.3827 4
      vertex 5.80797 27.692 4
    endloop
  endfacet
  facet normal -0 0 1
    outer loop
      vertex 5.31532 27.05 4
      vertex 6.74426 26.225 4
      vertex 5.54061 27.3872 4
    endloop
  endfacet
  facet normal 0 0 1
    outer loop
      vertex 6.84964 26.3827 4
      vertex 5.54061 27.3872 4
      vertex 6.74426 26.225 4
    endloop
  endfacet
  facet normal 0 0 1
    outer loop
      vertex 10.6847 23.95 4
      vertex 9.25574 24.775 4
      vertex 10.4594 23.6128 4
    endloop
  endfacet
  facet normal -0 0 1
    outer loop
      vertex 9.15036 24.6173 4
      vertex 10.4594 23.6128 4
      vertex 9.25574 24.775 4
    endloop
  endfacet
  facet normal 0 0 1
    outer loop
      vertex 10.4594 23.6128 4
      vertex 9.15036 24.6173 4
      vertex 10.192 23.308 4
    endloop
  endfacet
  facet normal -0 0 1
    outer loop
      vertex 9.0253 24.4747 4
      vertex 10.192 23.308 4
      vertex 9.15036 24.6173 4
    endloop
  endfacet
  facet normal 0 0 1
    outer loop
      vertex 10.192 23.308 4
      vertex 9.0253 24.4747 4
      vertex 9.88716 23.0406 4
    endloop
  endfacet
  facet normal -0 0 1
    outer loop
      vertex 8.8827 24.3496 4
      vertex 9.88716 23.0406 4
      vertex 9.0253 24.4747 4
    endloop
  endfacet
  facet normal 0 0 1
    outer loop
      vertex 9.88716 23.0406 4
      vertex 8.8827 24.3496 4
      vertex 9.55 22.8153 4
    endloop
  endfacet
  facet normal -0 0 1
    outer loop
      vertex 8.725 24.2443 4
      vertex 9.55 22.8153 4
      vertex 8.8827 24.3496 4
    endloop
  endfacet
  facet normal 0 0 1
    outer loop
      vertex 9.55 22.8153 4
      vertex 8.725 24.2443 4
      vertex 9.18632 22.636 4
    endloop
  endfacet
  facet normal -0 0 1
    outer loop
      vertex 8.55489 24.1604 4
      vertex 9.18632 22.636 4
      vertex 8.725 24.2443 4
    endloop
  endfacet
  facet normal 0 0 1
    outer loop
      vertex 9.18632 22.636 4
      vertex 8.55489 24.1604 4
      vertex 8.80234 22.5056 4
    endloop
  endfacet
  facet normal -0 0 1
    outer loop
      vertex 8.37529 24.0994 4
      vertex 8.80234 22.5056 4
      vertex 8.55489 24.1604 4
    endloop
  endfacet
  facet normal 0 0 1
    outer loop
      vertex 8.80234 22.5056 4
      vertex 8.37529 24.0994 4
      vertex 8.40463 22.4265 4
    endloop
  endfacet
  facet normal -0 0 1
    outer loop
      vertex 8.18926 24.0624 4
      vertex 8.40463 22.4265 4
      vertex 8.37529 24.0994 4
    endloop
  endfacet
  facet normal -0 0 1
    outer loop
      vertex 8 24.05 4
      vertex 8.40463 22.4265 4
      vertex 8.18926 24.0624 4
    endloop
  endfacet
  facet normal 0 0 1
    outer loop
      vertex 8 24.05 4
      vertex 8 22.4 4
      vertex 8.40463 22.4265 4
    endloop
  endfacet
  facet normal 0 0 1
    outer loop
      vertex 7.81074 24.0624 4
      vertex 8 22.4 4
      vertex 8 24.05 4
    endloop
  endfacet
  facet normal 0 0 1
    outer loop
      vertex 7.59537 22.4265 4
      vertex 7.81074 24.0624 4
      vertex 7.62471 24.0994 4
    endloop
  endfacet
  facet normal 0 0 1
    outer loop
      vertex 7.81074 24.0624 4
      vertex 7.59537 22.4265 4
      vertex 8 22.4 4
    endloop
  endfacet
  facet normal 0 0 1
    outer loop
      vertex 7.19766 22.5056 4
      vertex 7.62471 24.0994 4
      vertex 7.44511 24.1604 4
    endloop
  endfacet
  facet normal 0 0 1
    outer loop
      vertex 6.81368 22.636 4
      vertex 7.44511 24.1604 4
      vertex 7.275 24.2443 4
    endloop
  endfacet
  facet normal 0 0 1
    outer loop
      vertex 7.62471 24.0994 4
      vertex 7.19766 22.5056 4
      vertex 7.59537 22.4265 4
    endloop
  endfacet
  facet normal 0 0 1
    outer loop
      vertex 6.45 22.8153 4
      vertex 7.275 24.2443 4
      vertex 7.1173 24.3496 4
    endloop
  endfacet
  facet normal 0 0 1
    outer loop
      vertex 6.11284 23.0406 4
      vertex 7.1173 24.3496 4
      vertex 6.9747 24.4747 4
    endloop
  endfacet
  facet normal 0 0 1
    outer loop
      vertex 5.80797 23.308 4
      vertex 6.9747 24.4747 4
      vertex 6.84964 24.6173 4
    endloop
  endfacet
  facet normal 0 0 1
    outer loop
      vertex 7.44511 24.1604 4
      vertex 6.81368 22.636 4
      vertex 7.19766 22.5056 4
    endloop
  endfacet
  facet normal 0 0 1
    outer loop
      vertex 5.54061 23.6128 4
      vertex 6.84964 24.6173 4
      vertex 6.74426 24.775 4
    endloop
  endfacet
  facet normal 0 0 1
    outer loop
      vertex 5.31532 23.95 4
      vertex 6.74426 24.775 4
      vertex 6.66038 24.9451 4
    endloop
  endfacet
  facet normal 0 0 1
    outer loop
      vertex 5.13597 24.3137 4
      vertex 6.66038 24.9451 4
      vertex 6.59941 25.1247 4
    endloop
  endfacet
  facet normal 0 0 1
    outer loop
      vertex 5.00563 24.6977 4
      vertex 6.59941 25.1247 4
      vertex 6.56241 25.3107 4
    endloop
  endfacet
  facet normal 0 0 1
    outer loop
      vertex 7.275 24.2443 4
      vertex 6.45 22.8153 4
      vertex 6.81368 22.636 4
    endloop
  endfacet
  facet normal 0 0 1
    outer loop
      vertex 4.92652 25.0954 4
      vertex 6.56241 25.3107 4
      vertex 6.55 25.5 4
    endloop
  endfacet
  facet normal 0 0 1
    outer loop
      vertex 6.74426 26.225 4
      vertex 5.31532 27.05 4
      vertex 6.66038 26.0549 4
    endloop
  endfacet
  facet normal -0 0 1
    outer loop
      vertex 5.13597 26.6863 4
      vertex 6.66038 26.0549 4
      vertex 5.31532 27.05 4
    endloop
  endfacet
  facet normal 0 0 1
    outer loop
      vertex 7.1173 24.3496 4
      vertex 6.11284 23.0406 4
      vertex 6.45 22.8153 4
    endloop
  endfacet
  facet normal 0 0 1
    outer loop
      vertex 6.66038 26.0549 4
      vertex 5.13597 26.6863 4
      vertex 6.59941 25.8753 4
    endloop
  endfacet
  facet normal 0 0 1
    outer loop
      vertex 6.9747 24.4747 4
      vertex 5.80797 23.308 4
      vertex 6.11284 23.0406 4
    endloop
  endfacet
  facet normal -0 0 1
    outer loop
      vertex 5.00563 26.3023 4
      vertex 6.59941 25.8753 4
      vertex 5.13597 26.6863 4
    endloop
  endfacet
  facet normal 0 0 1
    outer loop
      vertex 6.84964 24.6173 4
      vertex 5.54061 23.6128 4
      vertex 5.80797 23.308 4
    endloop
  endfacet
  facet normal 0 0 1
    outer loop
      vertex 6.59941 25.8753 4
      vertex 5.00563 26.3023 4
      vertex 6.56241 25.6893 4
    endloop
  endfacet
  facet normal 0 0 1
    outer loop
      vertex 6.74426 24.775 4
      vertex 5.31532 23.95 4
      vertex 5.54061 23.6128 4
    endloop
  endfacet
  facet normal -0 0 1
    outer loop
      vertex 4.92652 25.9046 4
      vertex 6.56241 25.6893 4
      vertex 5.00563 26.3023 4
    endloop
  endfacet
  facet normal 0 0 1
    outer loop
      vertex 6.66038 24.9451 4
      vertex 5.13597 24.3137 4
      vertex 5.31532 23.95 4
    endloop
  endfacet
  facet normal 0 0 1
    outer loop
      vertex 6.56241 25.6893 4
      vertex 4.92652 25.9046 4
      vertex 6.55 25.5 4
    endloop
  endfacet
  facet normal 0 0 1
    outer loop
      vertex 6.59941 25.1247 4
      vertex 5.00563 24.6977 4
      vertex 5.13597 24.3137 4
    endloop
  endfacet
  facet normal 0 0 1
    outer loop
      vertex 4.9 25.5 4
      vertex 6.55 25.5 4
      vertex 4.92652 25.9046 4
    endloop
  endfacet
  facet normal 0 0 1
    outer loop
      vertex 6.56241 25.3107 4
      vertex 4.92652 25.0954 4
      vertex 5.00563 24.6977 4
    endloop
  endfacet
  facet normal 0 0 1
    outer loop
      vertex 6.55 25.5 4
      vertex 4.9 25.5 4
      vertex 4.92652 25.0954 4
    endloop
  endfacet
  facet normal 0.89688 -0.442275 0
    outer loop
      vertex 5.13597 26.6863 8.5
      vertex 5.31532 27.05 4
      vertex 5.31532 27.05 8.5
    endloop
  endfacet
  facet normal 0.89688 -0.442275 0
    outer loop
      vertex 5.31532 27.05 4
      vertex 5.13597 26.6863 8.5
      vertex 5.13597 26.6863 4
    endloop
  endfacet
  facet normal 0.831492 -0.555536 0
    outer loop
      vertex 5.31532 27.05 8.5
      vertex 5.54061 27.3872 4
      vertex 5.54061 27.3872 8.5
    endloop
  endfacet
  facet normal 0.831492 -0.555536 0
    outer loop
      vertex 5.54061 27.3872 4
      vertex 5.31532 27.05 8.5
      vertex 5.31532 27.05 4
    endloop
  endfacet
  facet normal 0.555599 0.83145 -0
    outer loop
      vertex 6.45 22.8153 4
      vertex 6.11284 23.0406 8.5
      vertex 6.45 22.8153 8.5
    endloop
  endfacet
  facet normal 0.555599 0.83145 0
    outer loop
      vertex 6.11284 23.0406 8.5
      vertex 6.45 22.8153 4
      vertex 6.11284 23.0406 4
    endloop
  endfacet
  facet normal -0.0467598 -0.713289 0.699308
    outer loop
      vertex 8.46068 29.06 9
      vertex 8 29.0902 9
      vertex 8 28.6 8.5
    endloop
  endfacet
  facet normal -0.537371 0.471264 0.699387
    outer loop
      vertex 10.5387 22.9613 9
      vertex 10.8431 23.3084 9
      vertex 10.192 23.308 8.5
    endloop
  endfacet
  facet normal 0.229772 0.676883 0.69931
    outer loop
      vertex 7.07079 22.0321 9
      vertex 7.19766 22.5056 8.5
      vertex 6.63362 22.1805 9
    endloop
  endfacet
  facet normal -0.713289 -0.0467578 0.699309
    outer loop
      vertex 11.5902 25.5 9
      vertex 11.56 25.9607 9
      vertex 11.1 25.5 8.5
    endloop
  endfacet
  facet normal -0.713448 -0.045155 0.699252
    outer loop
      vertex 11.0735 25.9046 8.5
      vertex 11.56 25.9607 9
      vertex 11.5595 25.9686 9
    endloop
  endfacet
  facet normal -0.713309 -0.0467194 0.699291
    outer loop
      vertex 11.56 25.9607 9
      vertex 11.0735 25.9046 8.5
      vertex 11.1 25.5 8.5
    endloop
  endfacet
  facet normal -0.701102 0.139353 0.699312
    outer loop
      vertex 11.4679 24.5708 9
      vertex 11.5579 25.0236 9
      vertex 10.9944 24.6977 8.5
    endloop
  endfacet
  facet normal -0.641098 -0.316137 0.699321
    outer loop
      vertex 11.3169 26.8739 9
      vertex 11.1127 27.288 9
      vertex 10.864 26.6863 8.5
    endloop
  endfacet
  facet normal 0.713274 -0.0469497 0.699311
    outer loop
      vertex 4.44 25.9607 9
      vertex 4.92652 25.9046 8.5
      vertex 4.44052 25.9686 9
    endloop
  endfacet
  facet normal 0.713291 -0.0467535 0.699307
    outer loop
      vertex 4.92652 25.9046 8.5
      vertex 4.44 25.9607 9
      vertex 4.9 25.5 8.5
    endloop
  endfacet
  facet normal 0.139354 0.701106 0.699307
    outer loop
      vertex 7.52359 21.9421 9
      vertex 7.19766 22.5056 8.5
      vertex 7.07079 22.0321 9
    endloop
  endfacet
  facet normal 0.701085 -0.139458 0.699308
    outer loop
      vertex 5.00563 26.3023 8.5
      vertex 4.53214 26.4292 9
      vertex 4.44207 25.9764 9
    endloop
  endfacet
  facet normal 0.229847 0.676815 0.699351
    outer loop
      vertex 6.81368 22.636 8.5
      vertex 6.63362 22.1805 9
      vertex 7.19766 22.5056 8.5
    endloop
  endfacet
  facet normal 0.233261 0.675559 0.699436
    outer loop
      vertex 6.63362 22.1805 9
      vertex 6.81368 22.636 8.5
      vertex 6.62609 22.1831 9
    endloop
  endfacet
  facet normal -0.315015 0.64173 0.699249
    outer loop
      vertex 9.55 22.8153 8.5
      vertex 9.78797 22.3873 9
      vertex 9.7951 22.3908 9
    endloop
  endfacet
  facet normal -0.316102 0.641161 0.69928
    outer loop
      vertex 9.78797 22.3873 9
      vertex 9.55 22.8153 8.5
      vertex 9.18632 22.636 8.5
    endloop
  endfacet
  facet normal -0.0467598 0.713289 0.699308
    outer loop
      vertex 8.46068 21.94 9
      vertex 8 22.4 8.5
      vertex 8 21.9098 9
    endloop
  endfacet
  facet normal 0.471289 0.537399 0.699349
    outer loop
      vertex 5.80845 22.6569 9
      vertex 5.80797 23.308 8.5
      vertex 5.46135 22.9613 9
    endloop
  endfacet
  facet normal -0.594759 0.396506 0.699317
    outer loop
      vertex 10.6847 23.95 8.5
      vertex 11.1048 23.6983 9
      vertex 11.1092 23.7049 9
    endloop
  endfacet
  facet normal -0.594366 0.397126 0.6993
    outer loop
      vertex 11.1048 23.6983 9
      vertex 10.6847 23.95 8.5
      vertex 10.4594 23.6128 8.5
    endloop
  endfacet
  facet normal -0.0467161 -0.713311 0.699289
    outer loop
      vertex 8.40463 28.5735 8.5
      vertex 8.46068 29.06 9
      vertex 8 28.6 8.5
    endloop
  endfacet
  facet normal -0.0449852 -0.713466 0.699245
    outer loop
      vertex 8.46068 29.06 9
      vertex 8.40463 28.5735 8.5
      vertex 8.46861 29.0595 9
    endloop
  endfacet
  facet normal -0.641098 0.316137 0.699321
    outer loop
      vertex 11.1127 23.712 9
      vertex 11.3169 24.1261 9
      vertex 10.864 24.3137 8.5
    endloop
  endfacet
  facet normal 0.537378 -0.471369 0.699311
    outer loop
      vertex 5.15695 27.6916 9
      vertex 5.54061 27.3872 8.5
      vertex 5.80797 27.692 8.5
    endloop
  endfacet
  facet normal 0.538372 -0.470178 0.699348
    outer loop
      vertex 5.54061 27.3872 8.5
      vertex 5.15695 27.6916 9
      vertex 5.15171 27.6856 9
    endloop
  endfacet
  facet normal -0.713309 0.0467194 0.699291
    outer loop
      vertex 11.0735 25.0954 8.5
      vertex 11.56 25.0393 9
      vertex 11.1 25.5 8.5
    endloop
  endfacet
  facet normal -0.713448 0.045155 0.699252
    outer loop
      vertex 11.56 25.0393 9
      vertex 11.0735 25.0954 8.5
      vertex 11.5595 25.0314 9
    endloop
  endfacet
  facet normal -0.675244 -0.234085 0.699464
    outer loop
      vertex 10.864 26.6863 8.5
      vertex 11.3195 26.8664 9
      vertex 11.3169 26.8739 9
    endloop
  endfacet
  facet normal -0.67681 -0.229833 0.69936
    outer loop
      vertex 11.3195 26.8664 9
      vertex 10.864 26.6863 8.5
      vertex 10.9944 26.3023 8.5
    endloop
  endfacet
  facet normal -0.594367 -0.397122 0.699301
    outer loop
      vertex 11.1048 27.3017 9
      vertex 10.8483 27.6856 9
      vertex 10.4594 27.3872 8.5
    endloop
  endfacet
  facet normal -0.315015 -0.64173 0.699249
    outer loop
      vertex 9.78797 28.6127 9
      vertex 9.55 28.1847 8.5
      vertex 9.7951 28.6092 9
    endloop
  endfacet
  facet normal -0.316102 -0.641161 0.69928
    outer loop
      vertex 9.55 28.1847 8.5
      vertex 9.78797 28.6127 9
      vertex 9.18632 28.364 8.5
    endloop
  endfacet
  facet normal -0.713289 0.0467578 0.699309
    outer loop
      vertex 11.56 25.0393 9
      vertex 11.5902 25.5 9
      vertex 11.1 25.5 8.5
    endloop
  endfacet
  facet normal -0.139446 0.701126 0.699269
    outer loop
      vertex 8.40463 22.4265 8.5
      vertex 8.47641 21.9421 9
      vertex 8.80234 22.5056 8.5
    endloop
  endfacet
  facet normal -0.143669 0.700384 0.699157
    outer loop
      vertex 8.47641 21.9421 9
      vertex 8.40463 22.4265 8.5
      vertex 8.46861 21.9405 9
    endloop
  endfacet
  facet normal 0.0467598 0.713289 0.699308
    outer loop
      vertex 8 21.9098 9
      vertex 8 22.4 8.5
      vertex 7.53932 21.94 9
    endloop
  endfacet
  facet normal 0.713289 -0.0467578 0.699309
    outer loop
      vertex 4.9 25.5 8.5
      vertex 4.44 25.9607 9
      vertex 4.4098 25.5 9
    endloop
  endfacet
  facet normal -0.641168 -0.316069 0.699288
    outer loop
      vertex 10.6847 27.05 8.5
      vertex 11.1127 27.288 9
      vertex 11.1092 27.2951 9
    endloop
  endfacet
  facet normal -0.64116 -0.316084 0.699289
    outer loop
      vertex 11.1127 27.288 9
      vertex 10.6847 27.05 8.5
      vertex 10.864 26.6863 8.5
    endloop
  endfacet
  facet normal 0.713289 0.0467578 0.699309
    outer loop
      vertex 4.44 25.0393 9
      vertex 4.9 25.5 8.5
      vertex 4.4098 25.5 9
    endloop
  endfacet
  facet normal -0.67681 0.229833 0.69936
    outer loop
      vertex 10.864 24.3137 8.5
      vertex 11.3195 24.1336 9
      vertex 10.9944 24.6977 8.5
    endloop
  endfacet
  facet normal -0.675244 0.234085 0.699464
    outer loop
      vertex 11.3195 24.1336 9
      vertex 10.864 24.3137 8.5
      vertex 11.3169 24.1261 9
    endloop
  endfacet
  facet normal -0.471348 0.537344 0.699352
    outer loop
      vertex 9.88716 23.0406 8.5
      vertex 10.1916 22.6569 9
      vertex 10.192 23.308 8.5
    endloop
  endfacet
  facet normal -0.468066 0.540076 0.699451
    outer loop
      vertex 10.1916 22.6569 9
      vertex 9.88716 23.0406 8.5
      vertex 10.1856 22.6517 9
    endloop
  endfacet
  facet normal -0.229772 -0.676883 0.69931
    outer loop
      vertex 9.36638 28.8195 9
      vertex 8.92921 28.9679 9
      vertex 8.80234 28.4944 8.5
    endloop
  endfacet
  facet normal -0.700382 0.143668 0.69916
    outer loop
      vertex 11.0735 25.0954 8.5
      vertex 11.5579 25.0236 9
      vertex 11.5595 25.0314 9
    endloop
  endfacet
  facet normal -0.701122 0.139449 0.699272
    outer loop
      vertex 11.5579 25.0236 9
      vertex 11.0735 25.0954 8.5
      vertex 10.9944 24.6977 8.5
    endloop
  endfacet
  facet normal -0.229772 0.676883 0.69931
    outer loop
      vertex 8.92921 22.0321 9
      vertex 9.36638 22.1805 9
      vertex 8.80234 22.5056 8.5
    endloop
  endfacet
  facet normal -0.471264 0.537371 0.699387
    outer loop
      vertex 10.5387 22.9613 9
      vertex 10.192 23.308 8.5
      vertex 10.1916 22.6569 9
    endloop
  endfacet
  facet normal 0.701085 0.139458 0.699308
    outer loop
      vertex 4.53214 24.5708 9
      vertex 5.00563 24.6977 8.5
      vertex 4.44207 25.0236 9
    endloop
  endfacet
  facet normal -0.67688 0.229755 0.699318
    outer loop
      vertex 11.3195 24.1336 9
      vertex 11.4679 24.5708 9
      vertex 10.9944 24.6977 8.5
    endloop
  endfacet
  facet normal -0.540091 -0.468078 0.699432
    outer loop
      vertex 10.8431 27.6916 9
      vertex 10.4594 27.3872 8.5
      vertex 10.8483 27.6856 9
    endloop
  endfacet
  facet normal -0.537328 -0.471396 0.699331
    outer loop
      vertex 10.4594 27.3872 8.5
      vertex 10.8431 27.6916 9
      vertex 10.192 27.692 8.5
    endloop
  endfacet
  facet normal 0.139446 -0.701126 0.699269
    outer loop
      vertex 7.59537 28.5735 8.5
      vertex 7.52359 29.0579 9
      vertex 7.19766 28.4944 8.5
    endloop
  endfacet
  facet normal 0.143669 -0.700384 0.699157
    outer loop
      vertex 7.52359 29.0579 9
      vertex 7.59537 28.5735 8.5
      vertex 7.53139 29.0595 9
    endloop
  endfacet
  facet normal 0.46899 0.539339 0.699401
    outer loop
      vertex 6.11284 23.0406 8.5
      vertex 5.80845 22.6569 9
      vertex 5.81443 22.6517 9
    endloop
  endfacet
  facet normal 0.471337 0.537384 0.699329
    outer loop
      vertex 5.80845 22.6569 9
      vertex 6.11284 23.0406 8.5
      vertex 5.80797 23.308 8.5
    endloop
  endfacet
  facet normal 0.701109 0.139323 0.699311
    outer loop
      vertex 4.44207 25.0236 9
      vertex 4.92652 25.0954 8.5
      vertex 4.44052 25.0314 9
    endloop
  endfacet
  facet normal 0.701085 0.139459 0.699308
    outer loop
      vertex 4.92652 25.0954 8.5
      vertex 4.44207 25.0236 9
      vertex 5.00563 24.6977 8.5
    endloop
  endfacet
  facet normal -0.540091 0.468078 0.699432
    outer loop
      vertex 10.4594 23.6128 8.5
      vertex 10.8431 23.3084 9
      vertex 10.8483 23.3144 9
    endloop
  endfacet
  facet normal -0.537328 0.471396 0.699331
    outer loop
      vertex 10.8431 23.3084 9
      vertex 10.4594 23.6128 8.5
      vertex 10.192 23.308 8.5
    endloop
  endfacet
  facet normal -0.139354 -0.701106 0.699307
    outer loop
      vertex 8.80234 28.4944 8.5
      vertex 8.92921 28.9679 9
      vertex 8.47641 29.0579 9
    endloop
  endfacet
  facet normal -0.143669 -0.700384 0.699157
    outer loop
      vertex 8.40463 28.5735 8.5
      vertex 8.47641 29.0579 9
      vertex 8.46861 29.0595 9
    endloop
  endfacet
  facet normal -0.139446 -0.701126 0.699269
    outer loop
      vertex 8.47641 29.0579 9
      vertex 8.40463 28.5735 8.5
      vertex 8.80234 28.4944 8.5
    endloop
  endfacet
  facet normal -0.67688 -0.229755 0.699318
    outer loop
      vertex 11.4679 26.4292 9
      vertex 11.3195 26.8664 9
      vertex 10.9944 26.3023 8.5
    endloop
  endfacet
  facet normal 0.676887 0.229758 0.699311
    outer loop
      vertex 4.68054 24.1336 9
      vertex 5.00563 24.6977 8.5
      vertex 4.53214 24.5708 9
    endloop
  endfacet
  facet normal -0.594367 0.397122 0.699301
    outer loop
      vertex 10.8483 23.3144 9
      vertex 11.1048 23.6983 9
      vertex 10.4594 23.6128 8.5
    endloop
  endfacet
  facet normal -0.316163 0.64109 0.699317
    outer loop
      vertex 9.37391 22.1831 9
      vertex 9.78797 22.3873 9
      vertex 9.18632 22.636 8.5
    endloop
  endfacet
  facet normal -0.233261 -0.675559 0.699436
    outer loop
      vertex 9.36638 28.8195 9
      vertex 9.18632 28.364 8.5
      vertex 9.37391 28.8169 9
    endloop
  endfacet
  facet normal -0.229847 -0.676815 0.699351
    outer loop
      vertex 9.18632 28.364 8.5
      vertex 9.36638 28.8195 9
      vertex 8.80234 28.4944 8.5
    endloop
  endfacet
  facet normal -0.39712 0.594349 0.699318
    outer loop
      vertex 10.1856 22.6517 9
      vertex 9.88716 23.0406 8.5
      vertex 9.80171 22.3952 9
    endloop
  endfacet
  facet normal -0.139354 0.701106 0.699307
    outer loop
      vertex 8.92921 22.0321 9
      vertex 8.80234 22.5056 8.5
      vertex 8.47641 21.9421 9
    endloop
  endfacet
  facet normal 0.676887 -0.229758 0.699311
    outer loop
      vertex 5.00563 26.3023 8.5
      vertex 4.68054 26.8664 9
      vertex 4.53214 26.4292 9
    endloop
  endfacet
  facet normal 0.701109 -0.139323 0.699311
    outer loop
      vertex 4.92652 25.9046 8.5
      vertex 4.44207 25.9764 9
      vertex 4.44052 25.9686 9
    endloop
  endfacet
  facet normal 0.701085 -0.139459 0.699308
    outer loop
      vertex 4.44207 25.9764 9
      vertex 4.92652 25.9046 8.5
      vertex 5.00563 26.3023 8.5
    endloop
  endfacet
  facet normal -0.0449852 0.713466 0.699245
    outer loop
      vertex 8.40463 22.4265 8.5
      vertex 8.46068 21.94 9
      vertex 8.46861 21.9405 9
    endloop
  endfacet
  facet normal -0.0467161 0.713311 0.699289
    outer loop
      vertex 8.46068 21.94 9
      vertex 8.40463 22.4265 8.5
      vertex 8 22.4 8.5
    endloop
  endfacet
  facet normal 0.676763 -0.230099 0.699318
    outer loop
      vertex 4.68054 26.8664 9
      vertex 5.13597 26.6863 8.5
      vertex 4.68309 26.8739 9
    endloop
  endfacet
  facet normal 0.67689 -0.229755 0.699309
    outer loop
      vertex 5.13597 26.6863 8.5
      vertex 4.68054 26.8664 9
      vertex 5.00563 26.3023 8.5
    endloop
  endfacet
  facet normal 0.397148 0.594344 0.699306
    outer loop
      vertex 6.19829 22.3952 9
      vertex 6.11284 23.0406 8.5
      vertex 5.81443 22.6517 9
    endloop
  endfacet
  facet normal -0.471264 -0.537371 0.699387
    outer loop
      vertex 10.192 27.692 8.5
      vertex 10.5387 28.0387 9
      vertex 10.1916 28.3431 9
    endloop
  endfacet
  facet normal 0.6411 0.316143 0.699317
    outer loop
      vertex 4.88728 23.712 9
      vertex 5.31532 23.95 8.5
      vertex 5.13597 24.3137 8.5
    endloop
  endfacet
  facet normal 0.640394 0.317491 0.699354
    outer loop
      vertex 5.31532 23.95 8.5
      vertex 4.88728 23.712 9
      vertex 4.8908 23.7049 9
    endloop
  endfacet
  facet normal 0.713291 0.0467535 0.699307
    outer loop
      vertex 4.44 25.0393 9
      vertex 4.92652 25.0954 8.5
      vertex 4.9 25.5 8.5
    endloop
  endfacet
  facet normal 0.713274 0.0469497 0.699311
    outer loop
      vertex 4.92652 25.0954 8.5
      vertex 4.44 25.0393 9
      vertex 4.44052 25.0314 9
    endloop
  endfacet
  facet normal 0.594374 -0.397113 0.6993
    outer loop
      vertex 4.89522 27.3017 9
      vertex 5.31532 27.05 8.5
      vertex 5.54061 27.3872 8.5
    endloop
  endfacet
  facet normal 0.593957 -0.397771 0.699281
    outer loop
      vertex 5.31532 27.05 8.5
      vertex 4.89522 27.3017 9
      vertex 4.8908 27.2951 9
    endloop
  endfacet
  facet normal -0.468066 -0.540076 0.699451
    outer loop
      vertex 9.88716 27.9594 8.5
      vertex 10.1916 28.3431 9
      vertex 10.1856 28.3483 9
    endloop
  endfacet
  facet normal -0.471348 -0.537344 0.699352
    outer loop
      vertex 10.1916 28.3431 9
      vertex 9.88716 27.9594 8.5
      vertex 10.192 27.692 8.5
    endloop
  endfacet
  facet normal 0.0467598 -0.713289 0.699308
    outer loop
      vertex 8 28.6 8.5
      vertex 8 29.0902 9
      vertex 7.53932 29.06 9
    endloop
  endfacet
  facet normal 0.397148 -0.594344 0.699306
    outer loop
      vertex 6.11284 27.9594 8.5
      vertex 6.19829 28.6048 9
      vertex 5.81443 28.3483 9
    endloop
  endfacet
  facet normal 0.640394 -0.317491 0.699354
    outer loop
      vertex 4.88728 27.288 9
      vertex 5.31532 27.05 8.5
      vertex 4.8908 27.2951 9
    endloop
  endfacet
  facet normal 0.6411 -0.316143 0.699317
    outer loop
      vertex 5.31532 27.05 8.5
      vertex 4.88728 27.288 9
      vertex 5.13597 26.6863 8.5
    endloop
  endfacet
  facet normal 0.641116 -0.31613 0.699309
    outer loop
      vertex 5.13597 26.6863 8.5
      vertex 4.88728 27.288 9
      vertex 4.68309 26.8739 9
    endloop
  endfacet
  facet normal 0.594374 0.397113 0.6993
    outer loop
      vertex 5.31532 23.95 8.5
      vertex 4.89522 23.6983 9
      vertex 5.54061 23.6128 8.5
    endloop
  endfacet
  facet normal 0.593957 0.397771 0.699281
    outer loop
      vertex 4.89522 23.6983 9
      vertex 5.31532 23.95 8.5
      vertex 4.8908 23.7049 9
    endloop
  endfacet
  facet normal 0.641116 0.31613 0.699309
    outer loop
      vertex 4.88728 23.712 9
      vertex 5.13597 24.3137 8.5
      vertex 4.68309 24.1261 9
    endloop
  endfacet
  facet normal 0.67689 0.229755 0.699309
    outer loop
      vertex 4.68054 24.1336 9
      vertex 5.13597 24.3137 8.5
      vertex 5.00563 24.6977 8.5
    endloop
  endfacet
  facet normal 0.676763 0.230099 0.699318
    outer loop
      vertex 5.13597 24.3137 8.5
      vertex 4.68054 24.1336 9
      vertex 4.68309 24.1261 9
    endloop
  endfacet
  facet normal 0.316163 0.64109 0.699317
    outer loop
      vertex 6.62609 22.1831 9
      vertex 6.81368 22.636 8.5
      vertex 6.21203 22.3873 9
    endloop
  endfacet
  facet normal -0.397156 0.594342 0.699303
    outer loop
      vertex 9.55 22.8153 8.5
      vertex 9.80171 22.3952 9
      vertex 9.88716 23.0406 8.5
    endloop
  endfacet
  facet normal -0.396082 0.595023 0.699333
    outer loop
      vertex 9.80171 22.3952 9
      vertex 9.55 22.8153 8.5
      vertex 9.7951 22.3908 9
    endloop
  endfacet
  facet normal -0.64116 0.316084 0.699289
    outer loop
      vertex 10.6847 23.95 8.5
      vertex 11.1127 23.712 9
      vertex 10.864 24.3137 8.5
    endloop
  endfacet
  facet normal -0.641168 0.316069 0.699288
    outer loop
      vertex 11.1127 23.712 9
      vertex 10.6847 23.95 8.5
      vertex 11.1092 23.7049 9
    endloop
  endfacet
  facet normal 0.594374 -0.397112 0.699301
    outer loop
      vertex 5.54061 27.3872 8.5
      vertex 5.15171 27.6856 9
      vertex 4.89522 27.3017 9
    endloop
  endfacet
  facet normal 0.471289 -0.537399 0.699349
    outer loop
      vertex 5.80797 27.692 8.5
      vertex 5.80845 28.3431 9
      vertex 5.46135 28.0387 9
    endloop
  endfacet
  facet normal -0.537371 -0.471264 0.699387
    outer loop
      vertex 10.8431 27.6916 9
      vertex 10.5387 28.0387 9
      vertex 10.192 27.692 8.5
    endloop
  endfacet
  facet normal 0.229847 -0.676815 0.699351
    outer loop
      vertex 6.63362 28.8195 9
      vertex 6.81368 28.364 8.5
      vertex 7.19766 28.4944 8.5
    endloop
  endfacet
  facet normal 0.233261 -0.675559 0.699436
    outer loop
      vertex 6.81368 28.364 8.5
      vertex 6.63362 28.8195 9
      vertex 6.62609 28.8169 9
    endloop
  endfacet
  facet normal -0.39712 -0.594349 0.699318
    outer loop
      vertex 9.88716 27.9594 8.5
      vertex 10.1856 28.3483 9
      vertex 9.80171 28.6048 9
    endloop
  endfacet
  facet normal -0.316163 -0.64109 0.699317
    outer loop
      vertex 9.78797 28.6127 9
      vertex 9.37391 28.8169 9
      vertex 9.18632 28.364 8.5
    endloop
  endfacet
  facet normal 0.0467161 0.713311 0.699289
    outer loop
      vertex 7.59537 22.4265 8.5
      vertex 7.53932 21.94 9
      vertex 8 22.4 8.5
    endloop
  endfacet
  facet normal 0.0449852 0.713466 0.699245
    outer loop
      vertex 7.53932 21.94 9
      vertex 7.59537 22.4265 8.5
      vertex 7.53139 21.9405 9
    endloop
  endfacet
  facet normal 0.143669 0.700384 0.699157
    outer loop
      vertex 7.59537 22.4265 8.5
      vertex 7.52359 21.9421 9
      vertex 7.53139 21.9405 9
    endloop
  endfacet
  facet normal 0.139446 0.701126 0.699269
    outer loop
      vertex 7.52359 21.9421 9
      vertex 7.59537 22.4265 8.5
      vertex 7.19766 22.5056 8.5
    endloop
  endfacet
  facet normal 0.46899 -0.539339 0.699401
    outer loop
      vertex 5.80845 28.3431 9
      vertex 6.11284 27.9594 8.5
      vertex 5.81443 28.3483 9
    endloop
  endfacet
  facet normal 0.471337 -0.537384 0.699329
    outer loop
      vertex 6.11284 27.9594 8.5
      vertex 5.80845 28.3431 9
      vertex 5.80797 27.692 8.5
    endloop
  endfacet
  facet normal 0.396082 -0.595023 0.699333
    outer loop
      vertex 6.19829 28.6048 9
      vertex 6.45 28.1847 8.5
      vertex 6.2049 28.6092 9
    endloop
  endfacet
  facet normal 0.397156 -0.594342 0.699303
    outer loop
      vertex 6.45 28.1847 8.5
      vertex 6.19829 28.6048 9
      vertex 6.11284 27.9594 8.5
    endloop
  endfacet
  facet normal 0.537403 0.471292 0.699343
    outer loop
      vertex 5.46135 22.9613 9
      vertex 5.80797 23.308 8.5
      vertex 5.15695 23.3084 9
    endloop
  endfacet
  facet normal 0.316102 0.641161 0.69928
    outer loop
      vertex 6.45 22.8153 8.5
      vertex 6.21203 22.3873 9
      vertex 6.81368 22.636 8.5
    endloop
  endfacet
  facet normal 0.315015 0.64173 0.699249
    outer loop
      vertex 6.21203 22.3873 9
      vertex 6.45 22.8153 8.5
      vertex 6.2049 22.3908 9
    endloop
  endfacet
  facet normal 0.316163 -0.64109 0.699317
    outer loop
      vertex 6.81368 28.364 8.5
      vertex 6.62609 28.8169 9
      vertex 6.21203 28.6127 9
    endloop
  endfacet
  facet normal 0.396082 0.595023 0.699333
    outer loop
      vertex 6.45 22.8153 8.5
      vertex 6.19829 22.3952 9
      vertex 6.2049 22.3908 9
    endloop
  endfacet
  facet normal 0.397156 0.594342 0.699303
    outer loop
      vertex 6.19829 22.3952 9
      vertex 6.45 22.8153 8.5
      vertex 6.11284 23.0406 8.5
    endloop
  endfacet
  facet normal 0.229772 -0.676883 0.69931
    outer loop
      vertex 7.19766 28.4944 8.5
      vertex 7.07079 28.9679 9
      vertex 6.63362 28.8195 9
    endloop
  endfacet
  facet normal 0.139354 -0.701106 0.699307
    outer loop
      vertex 7.19766 28.4944 8.5
      vertex 7.52359 29.0579 9
      vertex 7.07079 28.9679 9
    endloop
  endfacet
  facet normal 0.537403 -0.471292 0.699343
    outer loop
      vertex 5.80797 27.692 8.5
      vertex 5.46135 28.0387 9
      vertex 5.15695 27.6916 9
    endloop
  endfacet
  facet normal 0.0449852 -0.713466 0.699245
    outer loop
      vertex 7.59537 28.5735 8.5
      vertex 7.53932 29.06 9
      vertex 7.53139 29.0595 9
    endloop
  endfacet
  facet normal 0.0467161 -0.713311 0.699289
    outer loop
      vertex 7.53932 29.06 9
      vertex 7.59537 28.5735 8.5
      vertex 8 28.6 8.5
    endloop
  endfacet
  facet normal 0.537378 0.471369 0.699311
    outer loop
      vertex 5.54061 23.6128 8.5
      vertex 5.15695 23.3084 9
      vertex 5.80797 23.308 8.5
    endloop
  endfacet
  facet normal 0.538372 0.470178 0.699348
    outer loop
      vertex 5.15695 23.3084 9
      vertex 5.54061 23.6128 8.5
      vertex 5.15171 23.3144 9
    endloop
  endfacet
  facet normal 0.594374 0.397112 0.699301
    outer loop
      vertex 5.15171 23.3144 9
      vertex 5.54061 23.6128 8.5
      vertex 4.89522 23.6983 9
    endloop
  endfacet
  facet normal -0.233261 0.675559 0.699436
    outer loop
      vertex 9.18632 22.636 8.5
      vertex 9.36638 22.1805 9
      vertex 9.37391 22.1831 9
    endloop
  endfacet
  facet normal -0.229847 0.676815 0.699351
    outer loop
      vertex 9.36638 22.1805 9
      vertex 9.18632 22.636 8.5
      vertex 8.80234 22.5056 8.5
    endloop
  endfacet
  facet normal -0.594759 -0.396506 0.699317
    outer loop
      vertex 11.1048 27.3017 9
      vertex 10.6847 27.05 8.5
      vertex 11.1092 27.2951 9
    endloop
  endfacet
  facet normal -0.594366 -0.397126 0.6993
    outer loop
      vertex 10.6847 27.05 8.5
      vertex 11.1048 27.3017 9
      vertex 10.4594 27.3872 8.5
    endloop
  endfacet
  facet normal 0.316102 -0.641161 0.69928
    outer loop
      vertex 6.21203 28.6127 9
      vertex 6.45 28.1847 8.5
      vertex 6.81368 28.364 8.5
    endloop
  endfacet
  facet normal 0.315015 -0.64173 0.699249
    outer loop
      vertex 6.45 28.1847 8.5
      vertex 6.21203 28.6127 9
      vertex 6.2049 28.6092 9
    endloop
  endfacet
  facet normal -0.396082 -0.595023 0.699333
    outer loop
      vertex 9.55 28.1847 8.5
      vertex 9.80171 28.6048 9
      vertex 9.7951 28.6092 9
    endloop
  endfacet
  facet normal -0.397156 -0.594342 0.699303
    outer loop
      vertex 9.80171 28.6048 9
      vertex 9.55 28.1847 8.5
      vertex 9.88716 27.9594 8.5
    endloop
  endfacet
  facet normal -0.701102 -0.139353 0.699312
    outer loop
      vertex 11.5579 25.9764 9
      vertex 11.4679 26.4292 9
      vertex 10.9944 26.3023 8.5
    endloop
  endfacet
  facet normal -0.701122 -0.139449 0.699272
    outer loop
      vertex 11.0735 25.9046 8.5
      vertex 11.5579 25.9764 9
      vertex 10.9944 26.3023 8.5
    endloop
  endfacet
  facet normal -0.700382 -0.143668 0.69916
    outer loop
      vertex 11.5579 25.9764 9
      vertex 11.0735 25.9046 8.5
      vertex 11.5595 25.9686 9
    endloop
  endfacet
  facet normal -0.980783 -0.195102 0
    outer loop
      vertex 9.43759 74.6893 2
      vertex 9.40059 74.8753 4
      vertex 9.40059 74.8753 2
    endloop
  endfacet
  facet normal -0.980783 -0.195102 0
    outer loop
      vertex 9.40059 74.8753 4
      vertex 9.43759 74.6893 2
      vertex 9.43759 74.6893 4
    endloop
  endfacet
  facet normal -0.997858 -0.0654169 0
    outer loop
      vertex 9.45 74.5 2
      vertex 9.43759 74.6893 4
      vertex 9.43759 74.6893 2
    endloop
  endfacet
  facet normal -0.997858 -0.0654169 0
    outer loop
      vertex 9.43759 74.6893 4
      vertex 9.45 74.5 2
      vertex 9.45 74.5 4
    endloop
  endfacet
  facet normal 0.3216 0.946876 -0
    outer loop
      vertex 7.62471 73.0994 2
      vertex 7.44511 73.1604 4
      vertex 7.62471 73.0994 4
    endloop
  endfacet
  facet normal 0.3216 0.946876 0
    outer loop
      vertex 7.44511 73.1604 4
      vertex 7.62471 73.0994 2
      vertex 7.44511 73.1604 2
    endloop
  endfacet
  facet normal 0.980783 0.195102 0
    outer loop
      vertex 6.59941 74.1247 4
      vertex 6.56241 74.3107 2
      vertex 6.56241 74.3107 4
    endloop
  endfacet
  facet normal 0.980783 0.195102 0
    outer loop
      vertex 6.56241 74.3107 2
      vertex 6.59941 74.1247 4
      vertex 6.59941 74.1247 2
    endloop
  endfacet
  facet normal -0.3216 0.946876 0
    outer loop
      vertex 8.55489 73.1604 2
      vertex 8.37529 73.0994 4
      vertex 8.55489 73.1604 4
    endloop
  endfacet
  facet normal -0.3216 0.946876 0
    outer loop
      vertex 8.37529 73.0994 4
      vertex 8.55489 73.1604 2
      vertex 8.37529 73.0994 2
    endloop
  endfacet
  facet normal 0.896881 -0.442272 0
    outer loop
      vertex 6.66038 75.0549 4
      vertex 6.74426 75.225 2
      vertex 6.74426 75.225 4
    endloop
  endfacet
  facet normal 0.896881 -0.442272 0
    outer loop
      vertex 6.74426 75.225 2
      vertex 6.66038 75.0549 4
      vertex 6.66038 75.0549 2
    endloop
  endfacet
  facet normal -0.751832 -0.659355 0
    outer loop
      vertex 9.15036 75.3827 2
      vertex 9.0253 75.5253 4
      vertex 9.0253 75.5253 2
    endloop
  endfacet
  facet normal -0.751832 -0.659355 0
    outer loop
      vertex 9.0253 75.5253 4
      vertex 9.15036 75.3827 2
      vertex 9.15036 75.3827 4
    endloop
  endfacet
  facet normal 0.997858 -0.0654169 0
    outer loop
      vertex 6.55 74.5 4
      vertex 6.56241 74.6893 2
      vertex 6.56241 74.6893 4
    endloop
  endfacet
  facet normal 0.997858 -0.0654169 0
    outer loop
      vertex 6.56241 74.6893 2
      vertex 6.55 74.5 4
      vertex 6.55 74.5 2
    endloop
  endfacet
  facet normal -0.751832 0.659355 0
    outer loop
      vertex 9.0253 73.4747 2
      vertex 9.15036 73.6173 4
      vertex 9.15036 73.6173 2
    endloop
  endfacet
  facet normal -0.751832 0.659355 0
    outer loop
      vertex 9.15036 73.6173 4
      vertex 9.0253 73.4747 2
      vertex 9.0253 73.4747 4
    endloop
  endfacet
  facet normal 0.751832 -0.659355 0
    outer loop
      vertex 6.84964 75.3827 4
      vertex 6.9747 75.5253 2
      vertex 6.9747 75.5253 4
    endloop
  endfacet
  facet normal 0.751832 -0.659355 0
    outer loop
      vertex 6.9747 75.5253 2
      vertex 6.84964 75.3827 4
      vertex 6.84964 75.3827 2
    endloop
  endfacet
  facet normal 0.3216 -0.946876 0
    outer loop
      vertex 7.44511 75.8396 2
      vertex 7.62471 75.9006 4
      vertex 7.44511 75.8396 4
    endloop
  endfacet
  facet normal 0.3216 -0.946876 0
    outer loop
      vertex 7.62471 75.9006 4
      vertex 7.44511 75.8396 2
      vertex 7.62471 75.9006 2
    endloop
  endfacet
  facet normal 0.659474 -0.751727 0
    outer loop
      vertex 6.9747 75.5253 2
      vertex 7.1173 75.6504 4
      vertex 6.9747 75.5253 4
    endloop
  endfacet
  facet normal 0.659474 -0.751727 0
    outer loop
      vertex 7.1173 75.6504 4
      vertex 6.9747 75.5253 2
      vertex 7.1173 75.6504 2
    endloop
  endfacet
  facet normal -0.0653782 0.997861 0
    outer loop
      vertex 8.18926 73.0624 2
      vertex 8 73.05 4
      vertex 8.18926 73.0624 4
    endloop
  endfacet
  facet normal -0.0653782 0.997861 0
    outer loop
      vertex 8 73.05 4
      vertex 8.18926 73.0624 2
      vertex 8 73.05 2
    endloop
  endfacet
  facet normal -0.442335 0.89685 0
    outer loop
      vertex 8.725 73.2443 2
      vertex 8.55489 73.1604 4
      vertex 8.725 73.2443 4
    endloop
  endfacet
  facet normal -0.442335 0.89685 0
    outer loop
      vertex 8.55489 73.1604 4
      vertex 8.725 73.2443 2
      vertex 8.55489 73.1604 2
    endloop
  endfacet
  facet normal 0.997858 0.0654169 0
    outer loop
      vertex 6.56241 74.3107 4
      vertex 6.55 74.5 2
      vertex 6.55 74.5 4
    endloop
  endfacet
  facet normal 0.997858 0.0654169 0
    outer loop
      vertex 6.55 74.5 2
      vertex 6.56241 74.3107 4
      vertex 6.56241 74.3107 2
    endloop
  endfacet
  facet normal -0.946924 -0.321458 0
    outer loop
      vertex 9.40059 74.8753 2
      vertex 9.33962 75.0549 4
      vertex 9.33962 75.0549 2
    endloop
  endfacet
  facet normal -0.946924 -0.321458 0
    outer loop
      vertex 9.33962 75.0549 4
      vertex 9.40059 74.8753 2
      vertex 9.40059 74.8753 4
    endloop
  endfacet
  facet normal 0.946924 0.321458 0
    outer loop
      vertex 6.66038 73.9451 4
      vertex 6.59941 74.1247 2
      vertex 6.59941 74.1247 4
    endloop
  endfacet
  facet normal 0.946924 0.321458 0
    outer loop
      vertex 6.59941 74.1247 2
      vertex 6.66038 73.9451 4
      vertex 6.66038 73.9451 2
    endloop
  endfacet
  facet normal 0.555309 0.831644 -0
    outer loop
      vertex 7.275 73.2443 2
      vertex 7.1173 73.3496 4
      vertex 7.275 73.2443 4
    endloop
  endfacet
  facet normal 0.555309 0.831644 0
    outer loop
      vertex 7.1173 73.3496 4
      vertex 7.275 73.2443 2
      vertex 7.1173 73.3496 2
    endloop
  endfacet
  facet normal -0.555309 -0.831644 0
    outer loop
      vertex 8.725 75.7557 2
      vertex 8.8827 75.6504 4
      vertex 8.725 75.7557 4
    endloop
  endfacet
  facet normal -0.555309 -0.831644 -0
    outer loop
      vertex 8.8827 75.6504 4
      vertex 8.725 75.7557 2
      vertex 8.8827 75.6504 2
    endloop
  endfacet
  facet normal -0.195072 0.980789 0
    outer loop
      vertex 8.37529 73.0994 2
      vertex 8.18926 73.0624 4
      vertex 8.37529 73.0994 4
    endloop
  endfacet
  facet normal -0.195072 0.980789 0
    outer loop
      vertex 8.18926 73.0624 4
      vertex 8.37529 73.0994 2
      vertex 8.18926 73.0624 2
    endloop
  endfacet
  facet normal -0.83145 -0.5556 0
    outer loop
      vertex 9.25574 75.225 2
      vertex 9.15036 75.3827 4
      vertex 9.15036 75.3827 2
    endloop
  endfacet
  facet normal -0.83145 -0.5556 0
    outer loop
      vertex 9.15036 75.3827 4
      vertex 9.25574 75.225 2
      vertex 9.25574 75.225 4
    endloop
  endfacet
  facet normal -0.442335 -0.89685 0
    outer loop
      vertex 8.55489 75.8396 2
      vertex 8.725 75.7557 4
      vertex 8.55489 75.8396 4
    endloop
  endfacet
  facet normal -0.442335 -0.89685 -0
    outer loop
      vertex 8.725 75.7557 4
      vertex 8.55489 75.8396 2
      vertex 8.725 75.7557 2
    endloop
  endfacet
  facet normal -0.0653782 -0.997861 0
    outer loop
      vertex 8 75.95 2
      vertex 8.18926 75.9376 4
      vertex 8 75.95 4
    endloop
  endfacet
  facet normal -0.0653782 -0.997861 -0
    outer loop
      vertex 8.18926 75.9376 4
      vertex 8 75.95 2
      vertex 8.18926 75.9376 2
    endloop
  endfacet
  facet normal -0.946924 0.321458 0
    outer loop
      vertex 9.33962 73.9451 2
      vertex 9.40059 74.1247 4
      vertex 9.40059 74.1247 2
    endloop
  endfacet
  facet normal -0.946924 0.321458 0
    outer loop
      vertex 9.40059 74.1247 4
      vertex 9.33962 73.9451 2
      vertex 9.33962 73.9451 4
    endloop
  endfacet
  facet normal -0.83145 0.5556 0
    outer loop
      vertex 9.15036 73.6173 2
      vertex 9.25574 73.775 4
      vertex 9.25574 73.775 2
    endloop
  endfacet
  facet normal -0.83145 0.5556 0
    outer loop
      vertex 9.25574 73.775 4
      vertex 9.15036 73.6173 2
      vertex 9.15036 73.6173 4
    endloop
  endfacet
  facet normal -0.997858 0.0654169 0
    outer loop
      vertex 9.43759 74.3107 2
      vertex 9.45 74.5 4
      vertex 9.45 74.5 2
    endloop
  endfacet
  facet normal -0.997858 0.0654169 0
    outer loop
      vertex 9.45 74.5 4
      vertex 9.43759 74.3107 2
      vertex 9.43759 74.3107 4
    endloop
  endfacet
  facet normal 0.442335 -0.89685 0
    outer loop
      vertex 7.275 75.7557 2
      vertex 7.44511 75.8396 4
      vertex 7.275 75.7557 4
    endloop
  endfacet
  facet normal 0.442335 -0.89685 0
    outer loop
      vertex 7.44511 75.8396 4
      vertex 7.275 75.7557 2
      vertex 7.44511 75.8396 2
    endloop
  endfacet
  facet normal 0.0653782 -0.997861 0
    outer loop
      vertex 7.81074 75.9376 2
      vertex 8 75.95 4
      vertex 7.81074 75.9376 4
    endloop
  endfacet
  facet normal 0.0653782 -0.997861 0
    outer loop
      vertex 8 75.95 4
      vertex 7.81074 75.9376 2
      vertex 8 75.95 2
    endloop
  endfacet
  facet normal 0.555309 -0.831644 0
    outer loop
      vertex 7.1173 75.6504 2
      vertex 7.275 75.7557 4
      vertex 7.1173 75.6504 4
    endloop
  endfacet
  facet normal 0.555309 -0.831644 0
    outer loop
      vertex 7.275 75.7557 4
      vertex 7.1173 75.6504 2
      vertex 7.275 75.7557 2
    endloop
  endfacet
  facet normal -0.896881 0.442272 0
    outer loop
      vertex 9.25574 73.775 2
      vertex 9.33962 73.9451 4
      vertex 9.33962 73.9451 2
    endloop
  endfacet
  facet normal -0.896881 0.442272 0
    outer loop
      vertex 9.33962 73.9451 4
      vertex 9.25574 73.775 2
      vertex 9.25574 73.775 4
    endloop
  endfacet
  facet normal 0.442335 0.89685 -0
    outer loop
      vertex 7.44511 73.1604 2
      vertex 7.275 73.2443 4
      vertex 7.44511 73.1604 4
    endloop
  endfacet
  facet normal 0.442335 0.89685 0
    outer loop
      vertex 7.275 73.2443 4
      vertex 7.44511 73.1604 2
      vertex 7.275 73.2443 2
    endloop
  endfacet
  facet normal 0.195072 0.980789 -0
    outer loop
      vertex 7.81074 73.0624 2
      vertex 7.62471 73.0994 4
      vertex 7.81074 73.0624 4
    endloop
  endfacet
  facet normal 0.195072 0.980789 0
    outer loop
      vertex 7.62471 73.0994 4
      vertex 7.81074 73.0624 2
      vertex 7.62471 73.0994 2
    endloop
  endfacet
  facet normal 0.980783 -0.195102 0
    outer loop
      vertex 6.56241 74.6893 4
      vertex 6.59941 74.8753 2
      vertex 6.59941 74.8753 4
    endloop
  endfacet
  facet normal 0.980783 -0.195102 0
    outer loop
      vertex 6.59941 74.8753 2
      vertex 6.56241 74.6893 4
      vertex 6.56241 74.6893 2
    endloop
  endfacet
  facet normal 0.659474 0.751727 -0
    outer loop
      vertex 7.1173 73.3496 2
      vertex 6.9747 73.4747 4
      vertex 7.1173 73.3496 4
    endloop
  endfacet
  facet normal 0.659474 0.751727 0
    outer loop
      vertex 6.9747 73.4747 4
      vertex 7.1173 73.3496 2
      vertex 6.9747 73.4747 2
    endloop
  endfacet
  facet normal 0.896881 0.442272 0
    outer loop
      vertex 6.74426 73.775 4
      vertex 6.66038 73.9451 2
      vertex 6.66038 73.9451 4
    endloop
  endfacet
  facet normal 0.896881 0.442272 0
    outer loop
      vertex 6.66038 73.9451 2
      vertex 6.74426 73.775 4
      vertex 6.74426 73.775 2
    endloop
  endfacet
  facet normal 0.83145 0.5556 0
    outer loop
      vertex 6.84964 73.6173 4
      vertex 6.74426 73.775 2
      vertex 6.74426 73.775 4
    endloop
  endfacet
  facet normal 0.83145 0.5556 0
    outer loop
      vertex 6.74426 73.775 2
      vertex 6.84964 73.6173 4
      vertex 6.84964 73.6173 2
    endloop
  endfacet
  facet normal -0.195072 -0.980789 0
    outer loop
      vertex 8.18926 75.9376 2
      vertex 8.37529 75.9006 4
      vertex 8.18926 75.9376 4
    endloop
  endfacet
  facet normal -0.195072 -0.980789 -0
    outer loop
      vertex 8.37529 75.9006 4
      vertex 8.18926 75.9376 2
      vertex 8.37529 75.9006 2
    endloop
  endfacet
  facet normal -0.3216 -0.946876 0
    outer loop
      vertex 8.37529 75.9006 2
      vertex 8.55489 75.8396 4
      vertex 8.37529 75.9006 4
    endloop
  endfacet
  facet normal -0.3216 -0.946876 -0
    outer loop
      vertex 8.55489 75.8396 4
      vertex 8.37529 75.9006 2
      vertex 8.55489 75.8396 2
    endloop
  endfacet
  facet normal -0.896881 -0.442272 0
    outer loop
      vertex 9.33962 75.0549 2
      vertex 9.25574 75.225 4
      vertex 9.25574 75.225 2
    endloop
  endfacet
  facet normal -0.896881 -0.442272 0
    outer loop
      vertex 9.25574 75.225 4
      vertex 9.33962 75.0549 2
      vertex 9.33962 75.0549 4
    endloop
  endfacet
  facet normal -0.659474 -0.751727 0
    outer loop
      vertex 8.8827 75.6504 2
      vertex 9.0253 75.5253 4
      vertex 8.8827 75.6504 4
    endloop
  endfacet
  facet normal -0.659474 -0.751727 -0
    outer loop
      vertex 9.0253 75.5253 4
      vertex 8.8827 75.6504 2
      vertex 9.0253 75.5253 2
    endloop
  endfacet
  facet normal 0.83145 -0.5556 0
    outer loop
      vertex 6.74426 75.225 4
      vertex 6.84964 75.3827 2
      vertex 6.84964 75.3827 4
    endloop
  endfacet
  facet normal 0.83145 -0.5556 0
    outer loop
      vertex 6.84964 75.3827 2
      vertex 6.74426 75.225 4
      vertex 6.74426 75.225 2
    endloop
  endfacet
  facet normal 0.946924 -0.321458 0
    outer loop
      vertex 6.59941 74.8753 4
      vertex 6.66038 75.0549 2
      vertex 6.66038 75.0549 4
    endloop
  endfacet
  facet normal 0.946924 -0.321458 0
    outer loop
      vertex 6.66038 75.0549 2
      vertex 6.59941 74.8753 4
      vertex 6.59941 74.8753 2
    endloop
  endfacet
  facet normal 0.751832 0.659355 0
    outer loop
      vertex 6.9747 73.4747 4
      vertex 6.84964 73.6173 2
      vertex 6.84964 73.6173 4
    endloop
  endfacet
  facet normal 0.751832 0.659355 0
    outer loop
      vertex 6.84964 73.6173 2
      vertex 6.9747 73.4747 4
      vertex 6.9747 73.4747 2
    endloop
  endfacet
  facet normal 0.195072 -0.980789 0
    outer loop
      vertex 7.62471 75.9006 2
      vertex 7.81074 75.9376 4
      vertex 7.62471 75.9006 4
    endloop
  endfacet
  facet normal 0.195072 -0.980789 0
    outer loop
      vertex 7.81074 75.9376 4
      vertex 7.62471 75.9006 2
      vertex 7.81074 75.9376 2
    endloop
  endfacet
  facet normal -0.980783 0.195102 0
    outer loop
      vertex 9.40059 74.1247 2
      vertex 9.43759 74.3107 4
      vertex 9.43759 74.3107 2
    endloop
  endfacet
  facet normal -0.980783 0.195102 0
    outer loop
      vertex 9.43759 74.3107 4
      vertex 9.40059 74.1247 2
      vertex 9.40059 74.1247 4
    endloop
  endfacet
  facet normal -0.659474 0.751727 0
    outer loop
      vertex 9.0253 73.4747 2
      vertex 8.8827 73.3496 4
      vertex 9.0253 73.4747 4
    endloop
  endfacet
  facet normal -0.659474 0.751727 0
    outer loop
      vertex 8.8827 73.3496 4
      vertex 9.0253 73.4747 2
      vertex 8.8827 73.3496 2
    endloop
  endfacet
  facet normal -0.555309 0.831644 0
    outer loop
      vertex 8.8827 73.3496 2
      vertex 8.725 73.2443 4
      vertex 8.8827 73.3496 4
    endloop
  endfacet
  facet normal -0.555309 0.831644 0
    outer loop
      vertex 8.725 73.2443 4
      vertex 8.8827 73.3496 2
      vertex 8.725 73.2443 2
    endloop
  endfacet
  facet normal 0.0653782 0.997861 -0
    outer loop
      vertex 8 73.05 2
      vertex 7.81074 73.0624 4
      vertex 8 73.05 4
    endloop
  endfacet
  facet normal 0.0653782 0.997861 0
    outer loop
      vertex 7.81074 73.0624 4
      vertex 8 73.05 2
      vertex 7.81074 73.0624 2
    endloop
  endfacet
  facet normal -0.98075 -0.195268 0
    outer loop
      vertex 10.5778 74.8394 0
      vertex 10.5114 75.1729 2
      vertex 10.5114 75.1729 0
    endloop
  endfacet
  facet normal -0.98075 -0.195268 0
    outer loop
      vertex 10.5114 75.1729 2
      vertex 10.5778 74.8394 0
      vertex 10.5778 74.8394 2
    endloop
  endfacet
  facet normal -0.997868 -0.0652701 0
    outer loop
      vertex 10.6 74.5 0
      vertex 10.5778 74.8394 2
      vertex 10.5778 74.8394 0
    endloop
  endfacet
  facet normal -0.997868 -0.0652701 0
    outer loop
      vertex 10.5778 74.8394 2
      vertex 10.6 74.5 0
      vertex 10.6 74.5 2
    endloop
  endfacet
  facet normal -0.946964 -0.321339 0
    outer loop
      vertex 10.5114 75.1729 0
      vertex 10.4021 75.495 2
      vertex 10.4021 75.495 0
    endloop
  endfacet
  facet normal -0.946964 -0.321339 0
    outer loop
      vertex 10.4021 75.495 2
      vertex 10.5114 75.1729 0
      vertex 10.5114 75.1729 2
    endloop
  endfacet
  facet normal 0.659275 -0.751902 0
    outer loop
      vertex 6.16152 76.3385 0
      vertex 6.41722 76.5627 2
      vertex 6.16152 76.3385 2
    endloop
  endfacet
  facet normal 0.659275 -0.751902 0
    outer loop
      vertex 6.41722 76.5627 2
      vertex 6.16152 76.3385 0
      vertex 6.41722 76.5627 0
    endloop
  endfacet
  facet normal -0.0652758 -0.997867 0
    outer loop
      vertex 8 77.1 0
      vertex 8.33937 77.0778 2
      vertex 8 77.1 2
    endloop
  endfacet
  facet normal -0.0652758 -0.997867 -0
    outer loop
      vertex 8.33937 77.0778 2
      vertex 8 77.1 0
      vertex 8.33937 77.0778 0
    endloop
  endfacet
  facet normal 0.946946 -0.321391 0
    outer loop
      vertex 5.48859 75.1729 2
      vertex 5.59791 75.495 0
      vertex 5.59791 75.495 2
    endloop
  endfacet
  facet normal 0.946946 -0.321391 0
    outer loop
      vertex 5.59791 75.495 0
      vertex 5.48859 75.1729 2
      vertex 5.48859 75.1729 0
    endloop
  endfacet
  facet normal -0.98075 0.195268 0
    outer loop
      vertex 10.5114 73.8271 0
      vertex 10.5778 74.1606 2
      vertex 10.5778 74.1606 0
    endloop
  endfacet
  facet normal -0.98075 0.195268 0
    outer loop
      vertex 10.5778 74.1606 2
      vertex 10.5114 73.8271 0
      vertex 10.5114 73.8271 2
    endloop
  endfacet
  facet normal 0.831484 0.555548 0
    outer loop
      vertex 5.93728 72.9172 2
      vertex 5.74833 73.2 0
      vertex 5.74833 73.2 2
    endloop
  endfacet
  facet normal 0.831484 0.555548 0
    outer loop
      vertex 5.74833 73.2 0
      vertex 5.93728 72.9172 2
      vertex 5.93728 72.9172 0
    endloop
  endfacet
  facet normal 0.980778 -0.195126 0
    outer loop
      vertex 5.42224 74.8394 2
      vertex 5.48859 75.1729 0
      vertex 5.48859 75.1729 2
    endloop
  endfacet
  facet normal 0.980778 -0.195126 0
    outer loop
      vertex 5.48859 75.1729 0
      vertex 5.42224 74.8394 2
      vertex 5.42224 74.8394 0
    endloop
  endfacet
  facet normal 0.555677 -0.831398 0
    outer loop
      vertex 6.41722 76.5627 0
      vertex 6.7 76.7517 2
      vertex 6.41722 76.5627 2
    endloop
  endfacet
  facet normal 0.555677 -0.831398 0
    outer loop
      vertex 6.7 76.7517 2
      vertex 6.41722 76.5627 0
      vertex 6.7 76.7517 0
    endloop
  endfacet
  facet normal 0.946946 0.321391 0
    outer loop
      vertex 5.59791 73.505 2
      vertex 5.48859 73.8271 0
      vertex 5.48859 73.8271 2
    endloop
  endfacet
  facet normal 0.946946 0.321391 0
    outer loop
      vertex 5.48859 73.8271 0
      vertex 5.59791 73.505 2
      vertex 5.59791 73.505 0
    endloop
  endfacet
  facet normal 0.980778 0.195126 0
    outer loop
      vertex 5.48859 73.8271 2
      vertex 5.42224 74.1606 0
      vertex 5.42224 74.1606 2
    endloop
  endfacet
  facet normal 0.980778 0.195126 0
    outer loop
      vertex 5.42224 74.1606 0
      vertex 5.48859 73.8271 2
      vertex 5.48859 73.8271 0
    endloop
  endfacet
  facet normal -0.321383 0.946949 0
    outer loop
      vertex 8.99498 72.0979 0
      vertex 8.67293 71.9886 2
      vertex 8.99498 72.0979 2
    endloop
  endfacet
  facet normal -0.321383 0.946949 0
    outer loop
      vertex 8.67293 71.9886 2
      vertex 8.99498 72.0979 0
      vertex 8.67293 71.9886 0
    endloop
  endfacet
  facet normal 0.751844 -0.659341 0
    outer loop
      vertex 5.93728 76.0828 2
      vertex 6.16152 76.3385 0
      vertex 6.16152 76.3385 2
    endloop
  endfacet
  facet normal 0.751844 -0.659341 0
    outer loop
      vertex 6.16152 76.3385 0
      vertex 5.93728 76.0828 2
      vertex 5.93728 76.0828 0
    endloop
  endfacet
  facet normal -0.195234 0.980757 0
    outer loop
      vertex 8.67293 71.9886 0
      vertex 8.33937 71.9222 2
      vertex 8.67293 71.9886 2
    endloop
  endfacet
  facet normal -0.195234 0.980757 0
    outer loop
      vertex 8.33937 71.9222 2
      vertex 8.67293 71.9886 0
      vertex 8.33937 71.9222 0
    endloop
  endfacet
  facet normal 0.321383 -0.946949 0
    outer loop
      vertex 7.00502 76.9021 0
      vertex 7.32707 77.0114 2
      vertex 7.00502 76.9021 2
    endloop
  endfacet
  facet normal 0.321383 -0.946949 0
    outer loop
      vertex 7.32707 77.0114 2
      vertex 7.00502 76.9021 0
      vertex 7.32707 77.0114 0
    endloop
  endfacet
  facet normal -0.896884 -0.442267 0
    outer loop
      vertex 10.4021 75.495 0
      vertex 10.2517 75.8 2
      vertex 10.2517 75.8 0
    endloop
  endfacet
  facet normal -0.896884 -0.442267 0
    outer loop
      vertex 10.2517 75.8 2
      vertex 10.4021 75.495 0
      vertex 10.4021 75.495 2
    endloop
  endfacet
  facet normal 0.99786 0.0653872 0
    outer loop
      vertex 5.42224 74.1606 2
      vertex 5.4 74.5 0
      vertex 5.4 74.5 2
    endloop
  endfacet
  facet normal 0.99786 0.0653872 0
    outer loop
      vertex 5.4 74.5 0
      vertex 5.42224 74.1606 2
      vertex 5.42224 74.1606 0
    endloop
  endfacet
  facet normal 0.0652758 0.997867 -0
    outer loop
      vertex 8 71.9 0
      vertex 7.66063 71.9222 2
      vertex 8 71.9 2
    endloop
  endfacet
  facet normal 0.0652758 0.997867 0
    outer loop
      vertex 7.66063 71.9222 2
      vertex 8 71.9 0
      vertex 7.66063 71.9222 0
    endloop
  endfacet
  facet normal -0.195234 -0.980757 0
    outer loop
      vertex 8.33937 77.0778 0
      vertex 8.67293 77.0114 2
      vertex 8.33937 77.0778 2
    endloop
  endfacet
  facet normal -0.195234 -0.980757 -0
    outer loop
      vertex 8.67293 77.0114 2
      vertex 8.33937 77.0778 0
      vertex 8.67293 77.0114 0
    endloop
  endfacet
  facet normal -0.831417 0.55565 0
    outer loop
      vertex 10.0627 72.9172 0
      vertex 10.2517 73.2 2
      vertex 10.2517 73.2 0
    endloop
  endfacet
  facet normal -0.831417 0.55565 0
    outer loop
      vertex 10.2517 73.2 2
      vertex 10.0627 72.9172 0
      vertex 10.0627 72.9172 2
    endloop
  endfacet
  facet normal 0.751844 0.659341 0
    outer loop
      vertex 6.16152 72.6615 2
      vertex 5.93728 72.9172 0
      vertex 5.93728 72.9172 2
    endloop
  endfacet
  facet normal 0.751844 0.659341 0
    outer loop
      vertex 5.93728 72.9172 0
      vertex 6.16152 72.6615 2
      vertex 6.16152 72.6615 0
    endloop
  endfacet
  facet normal 0.195234 0.980757 -0
    outer loop
      vertex 7.66063 71.9222 0
      vertex 7.32707 71.9886 2
      vertex 7.66063 71.9222 2
    endloop
  endfacet
  facet normal 0.195234 0.980757 0
    outer loop
      vertex 7.32707 71.9886 2
      vertex 7.66063 71.9222 0
      vertex 7.32707 71.9886 0
    endloop
  endfacet
  facet normal -0.555677 -0.831398 0
    outer loop
      vertex 9.3 76.7517 0
      vertex 9.58278 76.5627 2
      vertex 9.3 76.7517 2
    endloop
  endfacet
  facet normal -0.555677 -0.831398 -0
    outer loop
      vertex 9.58278 76.5627 2
      vertex 9.3 76.7517 0
      vertex 9.58278 76.5627 0
    endloop
  endfacet
  facet normal -0.997868 0.0652701 0
    outer loop
      vertex 10.5778 74.1606 0
      vertex 10.6 74.5 2
      vertex 10.6 74.5 0
    endloop
  endfacet
  facet normal -0.997868 0.0652701 0
    outer loop
      vertex 10.6 74.5 2
      vertex 10.5778 74.1606 0
      vertex 10.5778 74.1606 2
    endloop
  endfacet
  facet normal 0.195234 -0.980757 0
    outer loop
      vertex 7.32707 77.0114 0
      vertex 7.66063 77.0778 2
      vertex 7.32707 77.0114 2
    endloop
  endfacet
  facet normal 0.195234 -0.980757 0
    outer loop
      vertex 7.66063 77.0778 2
      vertex 7.32707 77.0114 0
      vertex 7.66063 77.0778 0
    endloop
  endfacet
  facet normal -0.659275 -0.751902 0
    outer loop
      vertex 9.58278 76.5627 0
      vertex 9.83848 76.3385 2
      vertex 9.58278 76.5627 2
    endloop
  endfacet
  facet normal -0.659275 -0.751902 -0
    outer loop
      vertex 9.83848 76.3385 2
      vertex 9.58278 76.5627 0
      vertex 9.83848 76.3385 0
    endloop
  endfacet
  facet normal -0.751873 -0.659308 0
    outer loop
      vertex 10.0627 76.0828 0
      vertex 9.83848 76.3385 2
      vertex 9.83848 76.3385 0
    endloop
  endfacet
  facet normal -0.751873 -0.659308 0
    outer loop
      vertex 9.83848 76.3385 2
      vertex 10.0627 76.0828 0
      vertex 10.0627 76.0828 2
    endloop
  endfacet
  facet normal 0.321383 0.946949 -0
    outer loop
      vertex 7.32707 71.9886 0
      vertex 7.00502 72.0979 2
      vertex 7.32707 71.9886 2
    endloop
  endfacet
  facet normal 0.321383 0.946949 0
    outer loop
      vertex 7.00502 72.0979 2
      vertex 7.32707 71.9886 0
      vertex 7.00502 72.0979 0
    endloop
  endfacet
  facet normal -0.0652758 0.997867 0
    outer loop
      vertex 8.33937 71.9222 0
      vertex 8 71.9 2
      vertex 8.33937 71.9222 2
    endloop
  endfacet
  facet normal -0.0652758 0.997867 0
    outer loop
      vertex 8 71.9 2
      vertex 8.33937 71.9222 0
      vertex 8 71.9 0
    endloop
  endfacet
  facet normal -0.555677 0.831398 0
    outer loop
      vertex 9.58278 72.4373 0
      vertex 9.3 72.2483 2
      vertex 9.58278 72.4373 2
    endloop
  endfacet
  facet normal -0.555677 0.831398 0
    outer loop
      vertex 9.3 72.2483 2
      vertex 9.58278 72.4373 0
      vertex 9.3 72.2483 0
    endloop
  endfacet
  facet normal -0.946964 0.321339 0
    outer loop
      vertex 10.4021 73.505 0
      vertex 10.5114 73.8271 2
      vertex 10.5114 73.8271 0
    endloop
  endfacet
  facet normal -0.946964 0.321339 0
    outer loop
      vertex 10.5114 73.8271 2
      vertex 10.4021 73.505 0
      vertex 10.4021 73.505 2
    endloop
  endfacet
  facet normal -0.442243 -0.896895 0
    outer loop
      vertex 8.99498 76.9021 0
      vertex 9.3 76.7517 2
      vertex 8.99498 76.9021 2
    endloop
  endfacet
  facet normal -0.442243 -0.896895 -0
    outer loop
      vertex 9.3 76.7517 2
      vertex 8.99498 76.9021 0
      vertex 9.3 76.7517 0
    endloop
  endfacet
  facet normal -0.831417 -0.55565 0
    outer loop
      vertex 10.2517 75.8 0
      vertex 10.0627 76.0828 2
      vertex 10.0627 76.0828 0
    endloop
  endfacet
  facet normal -0.831417 -0.55565 0
    outer loop
      vertex 10.0627 76.0828 2
      vertex 10.2517 75.8 0
      vertex 10.2517 75.8 2
    endloop
  endfacet
  facet normal -0.659275 0.751902 0
    outer loop
      vertex 9.83848 72.6615 0
      vertex 9.58278 72.4373 2
      vertex 9.83848 72.6615 2
    endloop
  endfacet
  facet normal -0.659275 0.751902 0
    outer loop
      vertex 9.58278 72.4373 2
      vertex 9.83848 72.6615 0
      vertex 9.58278 72.4373 0
    endloop
  endfacet
  facet normal -0.751873 0.659308 0
    outer loop
      vertex 9.83848 72.6615 0
      vertex 10.0627 72.9172 2
      vertex 10.0627 72.9172 0
    endloop
  endfacet
  facet normal -0.751873 0.659308 0
    outer loop
      vertex 10.0627 72.9172 2
      vertex 9.83848 72.6615 0
      vertex 9.83848 72.6615 2
    endloop
  endfacet
  facet normal -0.321383 -0.946949 0
    outer loop
      vertex 8.67293 77.0114 0
      vertex 8.99498 76.9021 2
      vertex 8.67293 77.0114 2
    endloop
  endfacet
  facet normal -0.321383 -0.946949 -0
    outer loop
      vertex 8.99498 76.9021 2
      vertex 8.67293 77.0114 0
      vertex 8.99498 76.9021 0
    endloop
  endfacet
  facet normal 0.0652758 -0.997867 0
    outer loop
      vertex 7.66063 77.0778 0
      vertex 8 77.1 2
      vertex 7.66063 77.0778 2
    endloop
  endfacet
  facet normal 0.0652758 -0.997867 0
    outer loop
      vertex 8 77.1 2
      vertex 7.66063 77.0778 0
      vertex 8 77.1 0
    endloop
  endfacet
  facet normal 0.659275 0.751902 -0
    outer loop
      vertex 6.41722 72.4373 0
      vertex 6.16152 72.6615 2
      vertex 6.41722 72.4373 2
    endloop
  endfacet
  facet normal 0.659275 0.751902 0
    outer loop
      vertex 6.16152 72.6615 2
      vertex 6.41722 72.4373 0
      vertex 6.16152 72.6615 0
    endloop
  endfacet
  facet normal -0.896884 0.442267 0
    outer loop
      vertex 10.2517 73.2 0
      vertex 10.4021 73.505 2
      vertex 10.4021 73.505 0
    endloop
  endfacet
  facet normal -0.896884 0.442267 0
    outer loop
      vertex 10.4021 73.505 2
      vertex 10.2517 73.2 0
      vertex 10.2517 73.2 2
    endloop
  endfacet
  facet normal 0.99786 -0.0653872 0
    outer loop
      vertex 5.4 74.5 2
      vertex 5.42224 74.8394 0
      vertex 5.42224 74.8394 2
    endloop
  endfacet
  facet normal 0.99786 -0.0653872 0
    outer loop
      vertex 5.42224 74.8394 0
      vertex 5.4 74.5 2
      vertex 5.4 74.5 0
    endloop
  endfacet
  facet normal -0.442243 0.896895 0
    outer loop
      vertex 9.3 72.2483 0
      vertex 8.99498 72.0979 2
      vertex 9.3 72.2483 2
    endloop
  endfacet
  facet normal -0.442243 0.896895 0
    outer loop
      vertex 8.99498 72.0979 2
      vertex 9.3 72.2483 0
      vertex 8.99498 72.0979 0
    endloop
  endfacet
  facet normal 0.442243 0.896895 -0
    outer loop
      vertex 7.00502 72.0979 0
      vertex 6.7 72.2483 2
      vertex 7.00502 72.0979 2
    endloop
  endfacet
  facet normal 0.442243 0.896895 0
    outer loop
      vertex 6.7 72.2483 2
      vertex 7.00502 72.0979 0
      vertex 6.7 72.2483 0
    endloop
  endfacet
  facet normal 0.442243 -0.896895 0
    outer loop
      vertex 6.7 76.7517 0
      vertex 7.00502 76.9021 2
      vertex 6.7 76.7517 2
    endloop
  endfacet
  facet normal 0.442243 -0.896895 0
    outer loop
      vertex 7.00502 76.9021 2
      vertex 6.7 76.7517 0
      vertex 7.00502 76.9021 0
    endloop
  endfacet
  facet normal 0.89686 0.442314 0
    outer loop
      vertex 5.74833 73.2 2
      vertex 5.59791 73.505 0
      vertex 5.59791 73.505 2
    endloop
  endfacet
  facet normal 0.89686 0.442314 0
    outer loop
      vertex 5.59791 73.505 0
      vertex 5.74833 73.2 2
      vertex 5.74833 73.2 0
    endloop
  endfacet
  facet normal 0.89686 -0.442314 0
    outer loop
      vertex 5.59791 75.495 2
      vertex 5.74833 75.8 0
      vertex 5.74833 75.8 2
    endloop
  endfacet
  facet normal 0.89686 -0.442314 0
    outer loop
      vertex 5.74833 75.8 0
      vertex 5.59791 75.495 2
      vertex 5.59791 75.495 0
    endloop
  endfacet
  facet normal 0.831484 -0.555548 0
    outer loop
      vertex 5.74833 75.8 2
      vertex 5.93728 76.0828 0
      vertex 5.93728 76.0828 2
    endloop
  endfacet
  facet normal 0.831484 -0.555548 0
    outer loop
      vertex 5.93728 76.0828 0
      vertex 5.74833 75.8 2
      vertex 5.74833 75.8 0
    endloop
  endfacet
  facet normal 0.555677 0.831398 -0
    outer loop
      vertex 6.7 72.2483 0
      vertex 6.41722 72.4373 2
      vertex 6.7 72.2483 2
    endloop
  endfacet
  facet normal 0.555677 0.831398 0
    outer loop
      vertex 6.41722 72.4373 2
      vertex 6.7 72.2483 0
      vertex 6.41722 72.4373 0
    endloop
  endfacet
  facet normal 0 0 -1
    outer loop
      vertex 9.45 74.5 2
      vertex 10.6 74.5 2
      vertex 10.5778 74.1606 2
    endloop
  endfacet
  facet normal 0 0 -1
    outer loop
      vertex 9.43759 74.3107 2
      vertex 10.5778 74.1606 2
      vertex 10.5114 73.8271 2
    endloop
  endfacet
  facet normal 0 0 -1
    outer loop
      vertex 10.6 74.5 2
      vertex 9.45 74.5 2
      vertex 10.5778 74.8394 2
    endloop
  endfacet
  facet normal 0 0 -1
    outer loop
      vertex 9.40059 74.1247 2
      vertex 10.5114 73.8271 2
      vertex 10.4021 73.505 2
    endloop
  endfacet
  facet normal 0 0 -1
    outer loop
      vertex 9.43759 74.6893 2
      vertex 10.5778 74.8394 2
      vertex 9.45 74.5 2
    endloop
  endfacet
  facet normal 0 0 -1
    outer loop
      vertex 9.33962 73.9451 2
      vertex 10.4021 73.505 2
      vertex 10.2517 73.2 2
    endloop
  endfacet
  facet normal -0 0 -1
    outer loop
      vertex 10.5778 74.8394 2
      vertex 9.43759 74.6893 2
      vertex 10.5114 75.1729 2
    endloop
  endfacet
  facet normal 0 0 -1
    outer loop
      vertex 9.25574 73.775 2
      vertex 10.2517 73.2 2
      vertex 10.0627 72.9172 2
    endloop
  endfacet
  facet normal 0 0 -1
    outer loop
      vertex 9.40059 74.8753 2
      vertex 10.5114 75.1729 2
      vertex 9.43759 74.6893 2
    endloop
  endfacet
  facet normal 0 0 -1
    outer loop
      vertex 9.15036 73.6173 2
      vertex 10.0627 72.9172 2
      vertex 9.83848 72.6615 2
    endloop
  endfacet
  facet normal -0 0 -1
    outer loop
      vertex 10.5114 75.1729 2
      vertex 9.40059 74.8753 2
      vertex 10.4021 75.495 2
    endloop
  endfacet
  facet normal 0 0 -1
    outer loop
      vertex 9.0253 73.4747 2
      vertex 9.83848 72.6615 2
      vertex 9.58278 72.4373 2
    endloop
  endfacet
  facet normal 0 0 -1
    outer loop
      vertex 9.33962 75.0549 2
      vertex 10.4021 75.495 2
      vertex 9.40059 74.8753 2
    endloop
  endfacet
  facet normal -0 0 -1
    outer loop
      vertex 10.4021 75.495 2
      vertex 9.33962 75.0549 2
      vertex 10.2517 75.8 2
    endloop
  endfacet
  facet normal 0 0 -1
    outer loop
      vertex 10.5778 74.1606 2
      vertex 9.43759 74.3107 2
      vertex 9.45 74.5 2
    endloop
  endfacet
  facet normal 0 0 -1
    outer loop
      vertex 10.5114 73.8271 2
      vertex 9.40059 74.1247 2
      vertex 9.43759 74.3107 2
    endloop
  endfacet
  facet normal 0 0 -1
    outer loop
      vertex 10.4021 73.505 2
      vertex 9.33962 73.9451 2
      vertex 9.40059 74.1247 2
    endloop
  endfacet
  facet normal 0 0 -1
    outer loop
      vertex 8.8827 73.3496 2
      vertex 9.58278 72.4373 2
      vertex 9.3 72.2483 2
    endloop
  endfacet
  facet normal 0 0 -1
    outer loop
      vertex 10.2517 73.2 2
      vertex 9.25574 73.775 2
      vertex 9.33962 73.9451 2
    endloop
  endfacet
  facet normal 0 0 -1
    outer loop
      vertex 10.0627 72.9172 2
      vertex 9.15036 73.6173 2
      vertex 9.25574 73.775 2
    endloop
  endfacet
  facet normal 0 0 -1
    outer loop
      vertex 9.83848 72.6615 2
      vertex 9.0253 73.4747 2
      vertex 9.15036 73.6173 2
    endloop
  endfacet
  facet normal 0 0 -1
    outer loop
      vertex 8.725 73.2443 2
      vertex 9.3 72.2483 2
      vertex 8.99498 72.0979 2
    endloop
  endfacet
  facet normal 0 0 -1
    outer loop
      vertex 9.58278 72.4373 2
      vertex 8.8827 73.3496 2
      vertex 9.0253 73.4747 2
    endloop
  endfacet
  facet normal 0 0 -1
    outer loop
      vertex 9.3 72.2483 2
      vertex 8.725 73.2443 2
      vertex 8.8827 73.3496 2
    endloop
  endfacet
  facet normal 0 0 -1
    outer loop
      vertex 8.55489 73.1604 2
      vertex 8.99498 72.0979 2
      vertex 8.67293 71.9886 2
    endloop
  endfacet
  facet normal 0 0 -1
    outer loop
      vertex 8.99498 72.0979 2
      vertex 8.55489 73.1604 2
      vertex 8.725 73.2443 2
    endloop
  endfacet
  facet normal 0 0 -1
    outer loop
      vertex 8.67293 71.9886 2
      vertex 8.37529 73.0994 2
      vertex 8.55489 73.1604 2
    endloop
  endfacet
  facet normal 0 0 -1
    outer loop
      vertex 8.33937 71.9222 2
      vertex 8.37529 73.0994 2
      vertex 8.67293 71.9886 2
    endloop
  endfacet
  facet normal 0 0 -1
    outer loop
      vertex 8.33937 71.9222 2
      vertex 8.18926 73.0624 2
      vertex 8.37529 73.0994 2
    endloop
  endfacet
  facet normal 0 0 -1
    outer loop
      vertex 8 71.9 2
      vertex 8.18926 73.0624 2
      vertex 8.33937 71.9222 2
    endloop
  endfacet
  facet normal 0 0 -1
    outer loop
      vertex 8 71.9 2
      vertex 8 73.05 2
      vertex 8.18926 73.0624 2
    endloop
  endfacet
  facet normal 0 0 -1
    outer loop
      vertex 8 71.9 2
      vertex 7.81074 73.0624 2
      vertex 8 73.05 2
    endloop
  endfacet
  facet normal 0 0 -1
    outer loop
      vertex 7.66063 71.9222 2
      vertex 7.81074 73.0624 2
      vertex 8 71.9 2
    endloop
  endfacet
  facet normal 0 0 -1
    outer loop
      vertex 7.66063 71.9222 2
      vertex 7.62471 73.0994 2
      vertex 7.81074 73.0624 2
    endloop
  endfacet
  facet normal 0 0 -1
    outer loop
      vertex 7.32707 71.9886 2
      vertex 7.62471 73.0994 2
      vertex 7.66063 71.9222 2
    endloop
  endfacet
  facet normal -0 0 -1
    outer loop
      vertex 7.62471 73.0994 2
      vertex 7.32707 71.9886 2
      vertex 7.44511 73.1604 2
    endloop
  endfacet
  facet normal 0 0 -1
    outer loop
      vertex 7.00502 72.0979 2
      vertex 7.44511 73.1604 2
      vertex 7.32707 71.9886 2
    endloop
  endfacet
  facet normal -0 0 -1
    outer loop
      vertex 7.44511 73.1604 2
      vertex 7.00502 72.0979 2
      vertex 7.275 73.2443 2
    endloop
  endfacet
  facet normal 0 0 -1
    outer loop
      vertex 6.7 72.2483 2
      vertex 7.275 73.2443 2
      vertex 7.00502 72.0979 2
    endloop
  endfacet
  facet normal -0 0 -1
    outer loop
      vertex 7.275 73.2443 2
      vertex 6.7 72.2483 2
      vertex 7.1173 73.3496 2
    endloop
  endfacet
  facet normal 0 0 -1
    outer loop
      vertex 6.41722 72.4373 2
      vertex 7.1173 73.3496 2
      vertex 6.7 72.2483 2
    endloop
  endfacet
  facet normal -0 0 -1
    outer loop
      vertex 7.1173 73.3496 2
      vertex 6.41722 72.4373 2
      vertex 6.9747 73.4747 2
    endloop
  endfacet
  facet normal 0 0 -1
    outer loop
      vertex 6.16152 72.6615 2
      vertex 6.9747 73.4747 2
      vertex 6.41722 72.4373 2
    endloop
  endfacet
  facet normal -0 0 -1
    outer loop
      vertex 6.9747 73.4747 2
      vertex 6.16152 72.6615 2
      vertex 6.84964 73.6173 2
    endloop
  endfacet
  facet normal 0 0 -1
    outer loop
      vertex 5.93728 72.9172 2
      vertex 6.84964 73.6173 2
      vertex 6.16152 72.6615 2
    endloop
  endfacet
  facet normal -0 0 -1
    outer loop
      vertex 6.84964 73.6173 2
      vertex 5.93728 72.9172 2
      vertex 6.74426 73.775 2
    endloop
  endfacet
  facet normal -0 0 -1
    outer loop
      vertex 6.74426 73.775 2
      vertex 5.74833 73.2 2
      vertex 6.66038 73.9451 2
    endloop
  endfacet
  facet normal 0 0 -1
    outer loop
      vertex 5.74833 73.2 2
      vertex 6.74426 73.775 2
      vertex 5.93728 72.9172 2
    endloop
  endfacet
  facet normal 0 0 -1
    outer loop
      vertex 9.25574 75.225 2
      vertex 10.2517 75.8 2
      vertex 9.33962 75.0549 2
    endloop
  endfacet
  facet normal -0 0 -1
    outer loop
      vertex 10.2517 75.8 2
      vertex 9.25574 75.225 2
      vertex 10.0627 76.0828 2
    endloop
  endfacet
  facet normal 0 0 -1
    outer loop
      vertex 9.15036 75.3827 2
      vertex 10.0627 76.0828 2
      vertex 9.25574 75.225 2
    endloop
  endfacet
  facet normal -0 0 -1
    outer loop
      vertex 10.0627 76.0828 2
      vertex 9.15036 75.3827 2
      vertex 9.83848 76.3385 2
    endloop
  endfacet
  facet normal 0 0 -1
    outer loop
      vertex 9.0253 75.5253 2
      vertex 9.83848 76.3385 2
      vertex 9.15036 75.3827 2
    endloop
  endfacet
  facet normal -0 0 -1
    outer loop
      vertex 9.83848 76.3385 2
      vertex 9.0253 75.5253 2
      vertex 9.58278 76.5627 2
    endloop
  endfacet
  facet normal 0 0 -1
    outer loop
      vertex 8.8827 75.6504 2
      vertex 9.58278 76.5627 2
      vertex 9.0253 75.5253 2
    endloop
  endfacet
  facet normal -0 0 -1
    outer loop
      vertex 9.58278 76.5627 2
      vertex 8.8827 75.6504 2
      vertex 9.3 76.7517 2
    endloop
  endfacet
  facet normal 0 0 -1
    outer loop
      vertex 8.725 75.7557 2
      vertex 9.3 76.7517 2
      vertex 8.8827 75.6504 2
    endloop
  endfacet
  facet normal -0 0 -1
    outer loop
      vertex 9.3 76.7517 2
      vertex 8.725 75.7557 2
      vertex 8.99498 76.9021 2
    endloop
  endfacet
  facet normal 0 0 -1
    outer loop
      vertex 8.55489 75.8396 2
      vertex 8.99498 76.9021 2
      vertex 8.725 75.7557 2
    endloop
  endfacet
  facet normal -0 0 -1
    outer loop
      vertex 8.99498 76.9021 2
      vertex 8.55489 75.8396 2
      vertex 8.67293 77.0114 2
    endloop
  endfacet
  facet normal 0 0 -1
    outer loop
      vertex 8.37529 75.9006 2
      vertex 8.67293 77.0114 2
      vertex 8.55489 75.8396 2
    endloop
  endfacet
  facet normal 0 0 -1
    outer loop
      vertex 8.37529 75.9006 2
      vertex 8.33937 77.0778 2
      vertex 8.67293 77.0114 2
    endloop
  endfacet
  facet normal 0 0 -1
    outer loop
      vertex 8.18926 75.9376 2
      vertex 8.33937 77.0778 2
      vertex 8.37529 75.9006 2
    endloop
  endfacet
  facet normal 0 0 -1
    outer loop
      vertex 8 75.95 2
      vertex 8.33937 77.0778 2
      vertex 8.18926 75.9376 2
    endloop
  endfacet
  facet normal 0 0 -1
    outer loop
      vertex 8 75.95 2
      vertex 8 77.1 2
      vertex 8.33937 77.0778 2
    endloop
  endfacet
  facet normal 0 0 -1
    outer loop
      vertex 7.81074 75.9376 2
      vertex 8 77.1 2
      vertex 8 75.95 2
    endloop
  endfacet
  facet normal 0 0 -1
    outer loop
      vertex 7.81074 75.9376 2
      vertex 7.66063 77.0778 2
      vertex 8 77.1 2
    endloop
  endfacet
  facet normal 0 0 -1
    outer loop
      vertex 7.62471 75.9006 2
      vertex 7.66063 77.0778 2
      vertex 7.81074 75.9376 2
    endloop
  endfacet
  facet normal 0 0 -1
    outer loop
      vertex 7.32707 77.0114 2
      vertex 7.62471 75.9006 2
      vertex 7.44511 75.8396 2
    endloop
  endfacet
  facet normal 0 0 -1
    outer loop
      vertex 7.62471 75.9006 2
      vertex 7.32707 77.0114 2
      vertex 7.66063 77.0778 2
    endloop
  endfacet
  facet normal 0 0 -1
    outer loop
      vertex 7.00502 76.9021 2
      vertex 7.44511 75.8396 2
      vertex 7.275 75.7557 2
    endloop
  endfacet
  facet normal 0 0 -1
    outer loop
      vertex 6.7 76.7517 2
      vertex 7.275 75.7557 2
      vertex 7.1173 75.6504 2
    endloop
  endfacet
  facet normal 0 0 -1
    outer loop
      vertex 7.44511 75.8396 2
      vertex 7.00502 76.9021 2
      vertex 7.32707 77.0114 2
    endloop
  endfacet
  facet normal 0 0 -1
    outer loop
      vertex 6.41722 76.5627 2
      vertex 7.1173 75.6504 2
      vertex 6.9747 75.5253 2
    endloop
  endfacet
  facet normal 0 0 -1
    outer loop
      vertex 6.16152 76.3385 2
      vertex 6.9747 75.5253 2
      vertex 6.84964 75.3827 2
    endloop
  endfacet
  facet normal 0 0 -1
    outer loop
      vertex 5.93728 76.0828 2
      vertex 6.84964 75.3827 2
      vertex 6.74426 75.225 2
    endloop
  endfacet
  facet normal 0 0 -1
    outer loop
      vertex 7.275 75.7557 2
      vertex 6.7 76.7517 2
      vertex 7.00502 76.9021 2
    endloop
  endfacet
  facet normal 0 0 -1
    outer loop
      vertex 5.74833 75.8 2
      vertex 6.74426 75.225 2
      vertex 6.66038 75.0549 2
    endloop
  endfacet
  facet normal 0 0 -1
    outer loop
      vertex 5.59791 75.495 2
      vertex 6.66038 75.0549 2
      vertex 6.59941 74.8753 2
    endloop
  endfacet
  facet normal 0 0 -1
    outer loop
      vertex 5.48859 75.1729 2
      vertex 6.59941 74.8753 2
      vertex 6.56241 74.6893 2
    endloop
  endfacet
  facet normal 0 0 -1
    outer loop
      vertex 7.1173 75.6504 2
      vertex 6.41722 76.5627 2
      vertex 6.7 76.7517 2
    endloop
  endfacet
  facet normal 0 0 -1
    outer loop
      vertex 5.42224 74.8394 2
      vertex 6.56241 74.6893 2
      vertex 6.55 74.5 2
    endloop
  endfacet
  facet normal 0 0 -1
    outer loop
      vertex 5.59791 73.505 2
      vertex 6.66038 73.9451 2
      vertex 5.74833 73.2 2
    endloop
  endfacet
  facet normal -0 0 -1
    outer loop
      vertex 6.66038 73.9451 2
      vertex 5.59791 73.505 2
      vertex 6.59941 74.1247 2
    endloop
  endfacet
  facet normal 0 0 -1
    outer loop
      vertex 6.9747 75.5253 2
      vertex 6.16152 76.3385 2
      vertex 6.41722 76.5627 2
    endloop
  endfacet
  facet normal 0 0 -1
    outer loop
      vertex 5.48859 73.8271 2
      vertex 6.59941 74.1247 2
      vertex 5.59791 73.505 2
    endloop
  endfacet
  facet normal 0 0 -1
    outer loop
      vertex 6.84964 75.3827 2
      vertex 5.93728 76.0828 2
      vertex 6.16152 76.3385 2
    endloop
  endfacet
  facet normal -0 0 -1
    outer loop
      vertex 6.59941 74.1247 2
      vertex 5.48859 73.8271 2
      vertex 6.56241 74.3107 2
    endloop
  endfacet
  facet normal 0 0 -1
    outer loop
      vertex 6.74426 75.225 2
      vertex 5.74833 75.8 2
      vertex 5.93728 76.0828 2
    endloop
  endfacet
  facet normal 0 0 -1
    outer loop
      vertex 5.42224 74.1606 2
      vertex 6.56241 74.3107 2
      vertex 5.48859 73.8271 2
    endloop
  endfacet
  facet normal 0 0 -1
    outer loop
      vertex 6.66038 75.0549 2
      vertex 5.59791 75.495 2
      vertex 5.74833 75.8 2
    endloop
  endfacet
  facet normal -0 0 -1
    outer loop
      vertex 6.56241 74.3107 2
      vertex 5.42224 74.1606 2
      vertex 6.55 74.5 2
    endloop
  endfacet
  facet normal 0 0 -1
    outer loop
      vertex 6.59941 74.8753 2
      vertex 5.48859 75.1729 2
      vertex 5.59791 75.495 2
    endloop
  endfacet
  facet normal 0 0 -1
    outer loop
      vertex 5.4 74.5 2
      vertex 6.55 74.5 2
      vertex 5.42224 74.1606 2
    endloop
  endfacet
  facet normal 0 0 -1
    outer loop
      vertex 6.56241 74.6893 2
      vertex 5.42224 74.8394 2
      vertex 5.48859 75.1729 2
    endloop
  endfacet
  facet normal 0 0 -1
    outer loop
      vertex 6.55 74.5 2
      vertex 5.4 74.5 2
      vertex 5.42224 74.8394 2
    endloop
  endfacet
  facet normal 0.89688 0.442275 0
    outer loop
      vertex 5.31532 72.95 8.5
      vertex 5.13597 73.3137 4
      vertex 5.13597 73.3137 8.5
    endloop
  endfacet
  facet normal 0.89688 0.442275 0
    outer loop
      vertex 5.13597 73.3137 4
      vertex 5.31532 72.95 8.5
      vertex 5.31532 72.95 4
    endloop
  endfacet
  facet normal -0.442195 0.896919 0
    outer loop
      vertex 9.55 71.8153 4
      vertex 9.18632 71.636 8.5
      vertex 9.55 71.8153 8.5
    endloop
  endfacet
  facet normal -0.442195 0.896919 0
    outer loop
      vertex 9.18632 71.636 8.5
      vertex 9.55 71.8153 4
      vertex 9.18632 71.636 4
    endloop
  endfacet
  facet normal -0.980789 -0.195073 0
    outer loop
      vertex 11.0735 74.9046 4
      vertex 10.9944 75.3023 8.5
      vertex 10.9944 75.3023 4
    endloop
  endfacet
  facet normal -0.980789 -0.195073 0
    outer loop
      vertex 10.9944 75.3023 8.5
      vertex 11.0735 74.9046 4
      vertex 11.0735 74.9046 8.5
    endloop
  endfacet
  facet normal -0.997862 -0.0653568 0
    outer loop
      vertex 11.1 74.5 4
      vertex 11.0735 74.9046 8.5
      vertex 11.0735 74.9046 4
    endloop
  endfacet
  facet normal -0.997862 -0.0653568 0
    outer loop
      vertex 11.0735 74.9046 8.5
      vertex 11.1 74.5 4
      vertex 11.1 74.5 8.5
    endloop
  endfacet
  facet normal -0.946893 -0.321549 0
    outer loop
      vertex 10.9944 75.3023 4
      vertex 10.864 75.6863 8.5
      vertex 10.864 75.6863 4
    endloop
  endfacet
  facet normal -0.946893 -0.321549 0
    outer loop
      vertex 10.864 75.6863 8.5
      vertex 10.9944 75.3023 4
      vertex 10.9944 75.3023 8.5
    endloop
  endfacet
  facet normal -0.751721 0.659482 0
    outer loop
      vertex 10.192 72.308 4
      vertex 10.4594 72.6128 8.5
      vertex 10.4594 72.6128 4
    endloop
  endfacet
  facet normal -0.751721 0.659482 0
    outer loop
      vertex 10.4594 72.6128 8.5
      vertex 10.192 72.308 4
      vertex 10.192 72.308 8.5
    endloop
  endfacet
  facet normal -0.321564 -0.946888 0
    outer loop
      vertex 8.80234 77.4944 4
      vertex 9.18632 77.364 8.5
      vertex 8.80234 77.4944 8.5
    endloop
  endfacet
  facet normal -0.321564 -0.946888 -0
    outer loop
      vertex 9.18632 77.364 8.5
      vertex 8.80234 77.4944 4
      vertex 9.18632 77.364 4
    endloop
  endfacet
  facet normal -0.555599 -0.83145 0
    outer loop
      vertex 9.55 77.1847 4
      vertex 9.88716 76.9594 8.5
      vertex 9.55 77.1847 8.5
    endloop
  endfacet
  facet normal -0.555599 -0.83145 -0
    outer loop
      vertex 9.88716 76.9594 8.5
      vertex 9.55 77.1847 4
      vertex 9.88716 76.9594 4
    endloop
  endfacet
  facet normal -0.896928 0.442176 0
    outer loop
      vertex 10.6847 72.95 4
      vertex 10.864 73.3137 8.5
      vertex 10.864 73.3137 4
    endloop
  endfacet
  facet normal -0.896928 0.442176 0
    outer loop
      vertex 10.864 73.3137 8.5
      vertex 10.6847 72.95 4
      vertex 10.6847 72.95 8.5
    endloop
  endfacet
  facet normal -0.321564 0.946888 0
    outer loop
      vertex 9.18632 71.636 4
      vertex 8.80234 71.5056 8.5
      vertex 9.18632 71.636 8.5
    endloop
  endfacet
  facet normal -0.321564 0.946888 0
    outer loop
      vertex 8.80234 71.5056 8.5
      vertex 9.18632 71.636 4
      vertex 8.80234 71.5056 4
    endloop
  endfacet
  facet normal -0.896928 -0.442176 0
    outer loop
      vertex 10.864 75.6863 4
      vertex 10.6847 76.05 8.5
      vertex 10.6847 76.05 4
    endloop
  endfacet
  facet normal -0.896928 -0.442176 0
    outer loop
      vertex 10.6847 76.05 8.5
      vertex 10.864 75.6863 4
      vertex 10.864 75.6863 8.5
    endloop
  endfacet
  facet normal 0.195068 -0.98079 0
    outer loop
      vertex 7.19766 77.4944 4
      vertex 7.59537 77.5735 8.5
      vertex 7.19766 77.4944 8.5
    endloop
  endfacet
  facet normal 0.195068 -0.98079 0
    outer loop
      vertex 7.59537 77.5735 8.5
      vertex 7.19766 77.4944 4
      vertex 7.59537 77.5735 4
    endloop
  endfacet
  facet normal 0.0653519 0.997862 -0
    outer loop
      vertex 8 71.4 4
      vertex 7.59537 71.4265 8.5
      vertex 8 71.4 8.5
    endloop
  endfacet
  facet normal 0.0653519 0.997862 0
    outer loop
      vertex 7.59537 71.4265 8.5
      vertex 8 71.4 4
      vertex 7.59537 71.4265 4
    endloop
  endfacet
  facet normal 0.555599 -0.83145 0
    outer loop
      vertex 6.11284 76.9594 4
      vertex 6.45 77.1847 8.5
      vertex 6.11284 76.9594 8.5
    endloop
  endfacet
  facet normal 0.555599 -0.83145 0
    outer loop
      vertex 6.45 77.1847 8.5
      vertex 6.11284 76.9594 4
      vertex 6.45 77.1847 4
    endloop
  endfacet
  facet normal 0.321564 0.946888 -0
    outer loop
      vertex 7.19766 71.5056 4
      vertex 6.81368 71.636 8.5
      vertex 7.19766 71.5056 8.5
    endloop
  endfacet
  facet normal 0.321564 0.946888 0
    outer loop
      vertex 6.81368 71.636 8.5
      vertex 7.19766 71.5056 4
      vertex 6.81368 71.636 4
    endloop
  endfacet
  facet normal -0.946893 0.321549 0
    outer loop
      vertex 10.864 73.3137 4
      vertex 10.9944 73.6977 8.5
      vertex 10.9944 73.6977 4
    endloop
  endfacet
  facet normal -0.946893 0.321549 0
    outer loop
      vertex 10.9944 73.6977 8.5
      vertex 10.864 73.3137 4
      vertex 10.864 73.3137 8.5
    endloop
  endfacet
  facet normal 0.831492 0.555536 0
    outer loop
      vertex 5.54061 72.6128 8.5
      vertex 5.31532 72.95 4
      vertex 5.31532 72.95 8.5
    endloop
  endfacet
  facet normal 0.831492 0.555536 0
    outer loop
      vertex 5.31532 72.95 4
      vertex 5.54061 72.6128 8.5
      vertex 5.54061 72.6128 4
    endloop
  endfacet
  facet normal 0.659396 0.751796 -0
    outer loop
      vertex 6.11284 72.0406 4
      vertex 5.80797 72.308 8.5
      vertex 6.11284 72.0406 8.5
    endloop
  endfacet
  facet normal 0.659396 0.751796 0
    outer loop
      vertex 5.80797 72.308 8.5
      vertex 6.11284 72.0406 4
      vertex 5.80797 72.308 4
    endloop
  endfacet
  facet normal 0.659396 -0.751796 0
    outer loop
      vertex 5.80797 76.692 4
      vertex 6.11284 76.9594 8.5
      vertex 5.80797 76.692 8.5
    endloop
  endfacet
  facet normal 0.659396 -0.751796 0
    outer loop
      vertex 6.11284 76.9594 8.5
      vertex 5.80797 76.692 4
      vertex 6.11284 76.9594 4
    endloop
  endfacet
  facet normal 0.946938 -0.321416 0
    outer loop
      vertex 5.00563 75.3023 8.5
      vertex 5.13597 75.6863 4
      vertex 5.13597 75.6863 8.5
    endloop
  endfacet
  facet normal 0.946938 -0.321416 0
    outer loop
      vertex 5.13597 75.6863 4
      vertex 5.00563 75.3023 8.5
      vertex 5.00563 75.3023 4
    endloop
  endfacet
  facet normal 0.442195 -0.896919 0
    outer loop
      vertex 6.45 77.1847 4
      vertex 6.81368 77.364 8.5
      vertex 6.45 77.1847 8.5
    endloop
  endfacet
  facet normal 0.442195 -0.896919 0
    outer loop
      vertex 6.81368 77.364 8.5
      vertex 6.45 77.1847 4
      vertex 6.81368 77.364 4
    endloop
  endfacet
  facet normal 0.980784 -0.195096 0
    outer loop
      vertex 4.92652 74.9046 8.5
      vertex 5.00563 75.3023 4
      vertex 5.00563 75.3023 8.5
    endloop
  endfacet
  facet normal 0.980784 -0.195096 0
    outer loop
      vertex 5.00563 75.3023 4
      vertex 4.92652 74.9046 8.5
      vertex 4.92652 74.9046 4
    endloop
  endfacet
  facet normal 0.321564 -0.946888 0
    outer loop
      vertex 6.81368 77.364 4
      vertex 7.19766 77.4944 8.5
      vertex 6.81368 77.364 8.5
    endloop
  endfacet
  facet normal 0.321564 -0.946888 0
    outer loop
      vertex 7.19766 77.4944 8.5
      vertex 6.81368 77.364 4
      vertex 7.19766 77.4944 4
    endloop
  endfacet
  facet normal -0.659433 0.751763 0
    outer loop
      vertex 10.192 72.308 4
      vertex 9.88716 72.0406 8.5
      vertex 10.192 72.308 8.5
    endloop
  endfacet
  facet normal -0.659433 0.751763 0
    outer loop
      vertex 9.88716 72.0406 8.5
      vertex 10.192 72.308 4
      vertex 9.88716 72.0406 4
    endloop
  endfacet
  facet normal -0.0653519 -0.997862 0
    outer loop
      vertex 8 77.6 4
      vertex 8.40463 77.5735 8.5
      vertex 8 77.6 8.5
    endloop
  endfacet
  facet normal -0.0653519 -0.997862 -0
    outer loop
      vertex 8.40463 77.5735 8.5
      vertex 8 77.6 4
      vertex 8.40463 77.5735 4
    endloop
  endfacet
  facet normal -0.831481 -0.555553 0
    outer loop
      vertex 10.6847 76.05 4
      vertex 10.4594 76.3872 8.5
      vertex 10.4594 76.3872 4
    endloop
  endfacet
  facet normal -0.831481 -0.555553 0
    outer loop
      vertex 10.4594 76.3872 8.5
      vertex 10.6847 76.05 4
      vertex 10.6847 76.05 8.5
    endloop
  endfacet
  facet normal -0.195068 0.98079 0
    outer loop
      vertex 8.80234 71.5056 4
      vertex 8.40463 71.4265 8.5
      vertex 8.80234 71.5056 8.5
    endloop
  endfacet
  facet normal -0.195068 0.98079 0
    outer loop
      vertex 8.40463 71.4265 8.5
      vertex 8.80234 71.5056 4
      vertex 8.40463 71.4265 4
    endloop
  endfacet
  facet normal 0.980784 0.195096 0
    outer loop
      vertex 5.00563 73.6977 8.5
      vertex 4.92652 74.0954 4
      vertex 4.92652 74.0954 8.5
    endloop
  endfacet
  facet normal 0.980784 0.195096 0
    outer loop
      vertex 4.92652 74.0954 4
      vertex 5.00563 73.6977 8.5
      vertex 5.00563 73.6977 4
    endloop
  endfacet
  facet normal 0.751769 -0.659426 0
    outer loop
      vertex 5.54061 76.3872 8.5
      vertex 5.80797 76.692 4
      vertex 5.80797 76.692 8.5
    endloop
  endfacet
  facet normal 0.751769 -0.659426 0
    outer loop
      vertex 5.80797 76.692 4
      vertex 5.54061 76.3872 8.5
      vertex 5.54061 76.3872 4
    endloop
  endfacet
  facet normal -0.659433 -0.751763 0
    outer loop
      vertex 9.88716 76.9594 4
      vertex 10.192 76.692 8.5
      vertex 9.88716 76.9594 8.5
    endloop
  endfacet
  facet normal -0.659433 -0.751763 -0
    outer loop
      vertex 10.192 76.692 8.5
      vertex 9.88716 76.9594 4
      vertex 10.192 76.692 4
    endloop
  endfacet
  facet normal -0.997862 0.0653568 0
    outer loop
      vertex 11.0735 74.0954 4
      vertex 11.1 74.5 8.5
      vertex 11.1 74.5 4
    endloop
  endfacet
  facet normal -0.997862 0.0653568 0
    outer loop
      vertex 11.1 74.5 8.5
      vertex 11.0735 74.0954 4
      vertex 11.0735 74.0954 8.5
    endloop
  endfacet
  facet normal -0.980789 0.195073 0
    outer loop
      vertex 10.9944 73.6977 4
      vertex 11.0735 74.0954 8.5
      vertex 11.0735 74.0954 4
    endloop
  endfacet
  facet normal -0.980789 0.195073 0
    outer loop
      vertex 11.0735 74.0954 8.5
      vertex 10.9944 73.6977 4
      vertex 10.9944 73.6977 8.5
    endloop
  endfacet
  facet normal -0.555599 0.83145 0
    outer loop
      vertex 9.88716 72.0406 4
      vertex 9.55 71.8153 8.5
      vertex 9.88716 72.0406 8.5
    endloop
  endfacet
  facet normal -0.555599 0.83145 0
    outer loop
      vertex 9.55 71.8153 8.5
      vertex 9.88716 72.0406 4
      vertex 9.55 71.8153 4
    endloop
  endfacet
  facet normal -0.195068 -0.98079 0
    outer loop
      vertex 8.40463 77.5735 4
      vertex 8.80234 77.4944 8.5
      vertex 8.40463 77.5735 8.5
    endloop
  endfacet
  facet normal -0.195068 -0.98079 -0
    outer loop
      vertex 8.80234 77.4944 8.5
      vertex 8.40463 77.5735 4
      vertex 8.80234 77.4944 4
    endloop
  endfacet
  facet normal -0.751721 -0.659482 0
    outer loop
      vertex 10.4594 76.3872 4
      vertex 10.192 76.692 8.5
      vertex 10.192 76.692 4
    endloop
  endfacet
  facet normal -0.751721 -0.659482 0
    outer loop
      vertex 10.192 76.692 8.5
      vertex 10.4594 76.3872 4
      vertex 10.4594 76.3872 8.5
    endloop
  endfacet
  facet normal -0.442195 -0.896919 0
    outer loop
      vertex 9.18632 77.364 4
      vertex 9.55 77.1847 8.5
      vertex 9.18632 77.364 8.5
    endloop
  endfacet
  facet normal -0.442195 -0.896919 -0
    outer loop
      vertex 9.55 77.1847 8.5
      vertex 9.18632 77.364 4
      vertex 9.55 77.1847 4
    endloop
  endfacet
  facet normal 0.997859 0.0654059 0
    outer loop
      vertex 4.92652 74.0954 8.5
      vertex 4.9 74.5 4
      vertex 4.9 74.5 8.5
    endloop
  endfacet
  facet normal 0.997859 0.0654059 0
    outer loop
      vertex 4.9 74.5 4
      vertex 4.92652 74.0954 8.5
      vertex 4.92652 74.0954 4
    endloop
  endfacet
  facet normal -0.831481 0.555553 0
    outer loop
      vertex 10.4594 72.6128 4
      vertex 10.6847 72.95 8.5
      vertex 10.6847 72.95 4
    endloop
  endfacet
  facet normal -0.831481 0.555553 0
    outer loop
      vertex 10.6847 72.95 8.5
      vertex 10.4594 72.6128 4
      vertex 10.4594 72.6128 8.5
    endloop
  endfacet
  facet normal 0.751769 0.659426 0
    outer loop
      vertex 5.80797 72.308 8.5
      vertex 5.54061 72.6128 4
      vertex 5.54061 72.6128 8.5
    endloop
  endfacet
  facet normal 0.751769 0.659426 0
    outer loop
      vertex 5.54061 72.6128 4
      vertex 5.80797 72.308 8.5
      vertex 5.80797 72.308 4
    endloop
  endfacet
  facet normal 0.997859 -0.0654059 0
    outer loop
      vertex 4.9 74.5 8.5
      vertex 4.92652 74.9046 4
      vertex 4.92652 74.9046 8.5
    endloop
  endfacet
  facet normal 0.997859 -0.0654059 0
    outer loop
      vertex 4.92652 74.9046 4
      vertex 4.9 74.5 8.5
      vertex 4.9 74.5 4
    endloop
  endfacet
  facet normal 0.442195 0.896919 -0
    outer loop
      vertex 6.81368 71.636 4
      vertex 6.45 71.8153 8.5
      vertex 6.81368 71.636 8.5
    endloop
  endfacet
  facet normal 0.442195 0.896919 0
    outer loop
      vertex 6.45 71.8153 8.5
      vertex 6.81368 71.636 4
      vertex 6.45 71.8153 4
    endloop
  endfacet
  facet normal 0.946938 0.321416 0
    outer loop
      vertex 5.13597 73.3137 8.5
      vertex 5.00563 73.6977 4
      vertex 5.00563 73.6977 8.5
    endloop
  endfacet
  facet normal 0.946938 0.321416 0
    outer loop
      vertex 5.00563 73.6977 4
      vertex 5.13597 73.3137 8.5
      vertex 5.13597 73.3137 4
    endloop
  endfacet
  facet normal 0.195068 0.98079 -0
    outer loop
      vertex 7.59537 71.4265 4
      vertex 7.19766 71.5056 8.5
      vertex 7.59537 71.4265 8.5
    endloop
  endfacet
  facet normal 0.195068 0.98079 0
    outer loop
      vertex 7.19766 71.5056 8.5
      vertex 7.59537 71.4265 4
      vertex 7.19766 71.5056 4
    endloop
  endfacet
  facet normal -0.0653519 0.997862 0
    outer loop
      vertex 8.40463 71.4265 4
      vertex 8 71.4 8.5
      vertex 8.40463 71.4265 8.5
    endloop
  endfacet
  facet normal -0.0653519 0.997862 0
    outer loop
      vertex 8 71.4 8.5
      vertex 8.40463 71.4265 4
      vertex 8 71.4 4
    endloop
  endfacet
  facet normal 0.0653519 -0.997862 0
    outer loop
      vertex 7.59537 77.5735 4
      vertex 8 77.6 8.5
      vertex 7.59537 77.5735 8.5
    endloop
  endfacet
  facet normal 0.0653519 -0.997862 0
    outer loop
      vertex 8 77.6 8.5
      vertex 7.59537 77.5735 4
      vertex 8 77.6 4
    endloop
  endfacet
  facet normal 0 0 1
    outer loop
      vertex 9.45 74.5 4
      vertex 11.1 74.5 4
      vertex 11.0735 74.9046 4
    endloop
  endfacet
  facet normal 0 0 1
    outer loop
      vertex 9.43759 74.6893 4
      vertex 11.0735 74.9046 4
      vertex 10.9944 75.3023 4
    endloop
  endfacet
  facet normal 0 0 1
    outer loop
      vertex 11.1 74.5 4
      vertex 9.45 74.5 4
      vertex 11.0735 74.0954 4
    endloop
  endfacet
  facet normal 0 0 1
    outer loop
      vertex 9.40059 74.8753 4
      vertex 10.9944 75.3023 4
      vertex 10.864 75.6863 4
    endloop
  endfacet
  facet normal -0 0 1
    outer loop
      vertex 9.43759 74.3107 4
      vertex 11.0735 74.0954 4
      vertex 9.45 74.5 4
    endloop
  endfacet
  facet normal 0 0 1
    outer loop
      vertex 9.33962 75.0549 4
      vertex 10.864 75.6863 4
      vertex 10.6847 76.05 4
    endloop
  endfacet
  facet normal 0 0 1
    outer loop
      vertex 11.0735 74.0954 4
      vertex 9.43759 74.3107 4
      vertex 10.9944 73.6977 4
    endloop
  endfacet
  facet normal 0 0 1
    outer loop
      vertex 9.25574 75.225 4
      vertex 10.6847 76.05 4
      vertex 10.4594 76.3872 4
    endloop
  endfacet
  facet normal -0 0 1
    outer loop
      vertex 9.40059 74.1247 4
      vertex 10.9944 73.6977 4
      vertex 9.43759 74.3107 4
    endloop
  endfacet
  facet normal 0 0 1
    outer loop
      vertex 9.15036 75.3827 4
      vertex 10.4594 76.3872 4
      vertex 10.192 76.692 4
    endloop
  endfacet
  facet normal 0 0 1
    outer loop
      vertex 10.9944 73.6977 4
      vertex 9.40059 74.1247 4
      vertex 10.864 73.3137 4
    endloop
  endfacet
  facet normal 0 0 1
    outer loop
      vertex 9.0253 75.5253 4
      vertex 10.192 76.692 4
      vertex 9.88716 76.9594 4
    endloop
  endfacet
  facet normal -0 0 1
    outer loop
      vertex 9.33962 73.9451 4
      vertex 10.864 73.3137 4
      vertex 9.40059 74.1247 4
    endloop
  endfacet
  facet normal 0 0 1
    outer loop
      vertex 8.8827 75.6504 4
      vertex 9.88716 76.9594 4
      vertex 9.55 77.1847 4
    endloop
  endfacet
  facet normal 0 0 1
    outer loop
      vertex 10.864 73.3137 4
      vertex 9.33962 73.9451 4
      vertex 10.6847 72.95 4
    endloop
  endfacet
  facet normal -0 0 1
    outer loop
      vertex 9.25574 73.775 4
      vertex 10.6847 72.95 4
      vertex 9.33962 73.9451 4
    endloop
  endfacet
  facet normal 0 0 1
    outer loop
      vertex 11.0735 74.9046 4
      vertex 9.43759 74.6893 4
      vertex 9.45 74.5 4
    endloop
  endfacet
  facet normal 0 0 1
    outer loop
      vertex 10.9944 75.3023 4
      vertex 9.40059 74.8753 4
      vertex 9.43759 74.6893 4
    endloop
  endfacet
  facet normal 0 0 1
    outer loop
      vertex 10.864 75.6863 4
      vertex 9.33962 75.0549 4
      vertex 9.40059 74.8753 4
    endloop
  endfacet
  facet normal 0 0 1
    outer loop
      vertex 10.6847 76.05 4
      vertex 9.25574 75.225 4
      vertex 9.33962 75.0549 4
    endloop
  endfacet
  facet normal 0 0 1
    outer loop
      vertex 8.725 75.7557 4
      vertex 9.55 77.1847 4
      vertex 9.18632 77.364 4
    endloop
  endfacet
  facet normal 0 0 1
    outer loop
      vertex 10.4594 76.3872 4
      vertex 9.15036 75.3827 4
      vertex 9.25574 75.225 4
    endloop
  endfacet
  facet normal 0 0 1
    outer loop
      vertex 10.192 76.692 4
      vertex 9.0253 75.5253 4
      vertex 9.15036 75.3827 4
    endloop
  endfacet
  facet normal 0 0 1
    outer loop
      vertex 9.88716 76.9594 4
      vertex 8.8827 75.6504 4
      vertex 9.0253 75.5253 4
    endloop
  endfacet
  facet normal 0 0 1
    outer loop
      vertex 8.55489 75.8396 4
      vertex 9.18632 77.364 4
      vertex 8.80234 77.4944 4
    endloop
  endfacet
  facet normal 0 0 1
    outer loop
      vertex 9.55 77.1847 4
      vertex 8.725 75.7557 4
      vertex 8.8827 75.6504 4
    endloop
  endfacet
  facet normal 0 0 1
    outer loop
      vertex 9.18632 77.364 4
      vertex 8.55489 75.8396 4
      vertex 8.725 75.7557 4
    endloop
  endfacet
  facet normal 0 0 1
    outer loop
      vertex 8.37529 75.9006 4
      vertex 8.80234 77.4944 4
      vertex 8.40463 77.5735 4
    endloop
  endfacet
  facet normal 0 0 1
    outer loop
      vertex 8.80234 77.4944 4
      vertex 8.37529 75.9006 4
      vertex 8.55489 75.8396 4
    endloop
  endfacet
  facet normal 0 0 1
    outer loop
      vertex 8.40463 77.5735 4
      vertex 8.18926 75.9376 4
      vertex 8.37529 75.9006 4
    endloop
  endfacet
  facet normal 0 0 1
    outer loop
      vertex 8 77.6 4
      vertex 8.18926 75.9376 4
      vertex 8.40463 77.5735 4
    endloop
  endfacet
  facet normal 0 0 1
    outer loop
      vertex 8 77.6 4
      vertex 8 75.95 4
      vertex 8.18926 75.9376 4
    endloop
  endfacet
  facet normal 0 0 1
    outer loop
      vertex 8 77.6 4
      vertex 7.81074 75.9376 4
      vertex 8 75.95 4
    endloop
  endfacet
  facet normal -0 0 1
    outer loop
      vertex 7.59537 77.5735 4
      vertex 7.81074 75.9376 4
      vertex 8 77.6 4
    endloop
  endfacet
  facet normal 0 0 1
    outer loop
      vertex 7.81074 75.9376 4
      vertex 7.59537 77.5735 4
      vertex 7.62471 75.9006 4
    endloop
  endfacet
  facet normal -0 0 1
    outer loop
      vertex 7.19766 77.4944 4
      vertex 7.62471 75.9006 4
      vertex 7.59537 77.5735 4
    endloop
  endfacet
  facet normal 0 0 1
    outer loop
      vertex 7.62471 75.9006 4
      vertex 7.19766 77.4944 4
      vertex 7.44511 75.8396 4
    endloop
  endfacet
  facet normal -0 0 1
    outer loop
      vertex 6.81368 77.364 4
      vertex 7.44511 75.8396 4
      vertex 7.19766 77.4944 4
    endloop
  endfacet
  facet normal 0 0 1
    outer loop
      vertex 7.44511 75.8396 4
      vertex 6.81368 77.364 4
      vertex 7.275 75.7557 4
    endloop
  endfacet
  facet normal -0 0 1
    outer loop
      vertex 6.45 77.1847 4
      vertex 7.275 75.7557 4
      vertex 6.81368 77.364 4
    endloop
  endfacet
  facet normal 0 0 1
    outer loop
      vertex 7.275 75.7557 4
      vertex 6.45 77.1847 4
      vertex 7.1173 75.6504 4
    endloop
  endfacet
  facet normal -0 0 1
    outer loop
      vertex 6.11284 76.9594 4
      vertex 7.1173 75.6504 4
      vertex 6.45 77.1847 4
    endloop
  endfacet
  facet normal 0 0 1
    outer loop
      vertex 7.1173 75.6504 4
      vertex 6.11284 76.9594 4
      vertex 6.9747 75.5253 4
    endloop
  endfacet
  facet normal -0 0 1
    outer loop
      vertex 5.80797 76.692 4
      vertex 6.9747 75.5253 4
      vertex 6.11284 76.9594 4
    endloop
  endfacet
  facet normal 0 0 1
    outer loop
      vertex 6.9747 75.5253 4
      vertex 5.80797 76.692 4
      vertex 6.84964 75.3827 4
    endloop
  endfacet
  facet normal -0 0 1
    outer loop
      vertex 5.54061 76.3872 4
      vertex 6.84964 75.3827 4
      vertex 5.80797 76.692 4
    endloop
  endfacet
  facet normal -0 0 1
    outer loop
      vertex 5.31532 76.05 4
      vertex 6.74426 75.225 4
      vertex 5.54061 76.3872 4
    endloop
  endfacet
  facet normal 0 0 1
    outer loop
      vertex 6.84964 75.3827 4
      vertex 5.54061 76.3872 4
      vertex 6.74426 75.225 4
    endloop
  endfacet
  facet normal 0 0 1
    outer loop
      vertex 10.6847 72.95 4
      vertex 9.25574 73.775 4
      vertex 10.4594 72.6128 4
    endloop
  endfacet
  facet normal -0 0 1
    outer loop
      vertex 9.15036 73.6173 4
      vertex 10.4594 72.6128 4
      vertex 9.25574 73.775 4
    endloop
  endfacet
  facet normal 0 0 1
    outer loop
      vertex 10.4594 72.6128 4
      vertex 9.15036 73.6173 4
      vertex 10.192 72.308 4
    endloop
  endfacet
  facet normal -0 0 1
    outer loop
      vertex 9.0253 73.4747 4
      vertex 10.192 72.308 4
      vertex 9.15036 73.6173 4
    endloop
  endfacet
  facet normal 0 0 1
    outer loop
      vertex 10.192 72.308 4
      vertex 9.0253 73.4747 4
      vertex 9.88716 72.0406 4
    endloop
  endfacet
  facet normal -0 0 1
    outer loop
      vertex 8.8827 73.3496 4
      vertex 9.88716 72.0406 4
      vertex 9.0253 73.4747 4
    endloop
  endfacet
  facet normal 0 0 1
    outer loop
      vertex 9.88716 72.0406 4
      vertex 8.8827 73.3496 4
      vertex 9.55 71.8153 4
    endloop
  endfacet
  facet normal -0 0 1
    outer loop
      vertex 8.725 73.2443 4
      vertex 9.55 71.8153 4
      vertex 8.8827 73.3496 4
    endloop
  endfacet
  facet normal 0 0 1
    outer loop
      vertex 9.55 71.8153 4
      vertex 8.725 73.2443 4
      vertex 9.18632 71.636 4
    endloop
  endfacet
  facet normal -0 0 1
    outer loop
      vertex 8.55489 73.1604 4
      vertex 9.18632 71.636 4
      vertex 8.725 73.2443 4
    endloop
  endfacet
  facet normal 0 0 1
    outer loop
      vertex 9.18632 71.636 4
      vertex 8.55489 73.1604 4
      vertex 8.80234 71.5056 4
    endloop
  endfacet
  facet normal -0 0 1
    outer loop
      vertex 8.37529 73.0994 4
      vertex 8.80234 71.5056 4
      vertex 8.55489 73.1604 4
    endloop
  endfacet
  facet normal 0 0 1
    outer loop
      vertex 8.80234 71.5056 4
      vertex 8.37529 73.0994 4
      vertex 8.40463 71.4265 4
    endloop
  endfacet
  facet normal -0 0 1
    outer loop
      vertex 8.18926 73.0624 4
      vertex 8.40463 71.4265 4
      vertex 8.37529 73.0994 4
    endloop
  endfacet
  facet normal -0 0 1
    outer loop
      vertex 8 73.05 4
      vertex 8.40463 71.4265 4
      vertex 8.18926 73.0624 4
    endloop
  endfacet
  facet normal 0 0 1
    outer loop
      vertex 8 73.05 4
      vertex 8 71.4 4
      vertex 8.40463 71.4265 4
    endloop
  endfacet
  facet normal 0 0 1
    outer loop
      vertex 7.81074 73.0624 4
      vertex 8 71.4 4
      vertex 8 73.05 4
    endloop
  endfacet
  facet normal 0 0 1
    outer loop
      vertex 7.59537 71.4265 4
      vertex 7.81074 73.0624 4
      vertex 7.62471 73.0994 4
    endloop
  endfacet
  facet normal 0 0 1
    outer loop
      vertex 7.81074 73.0624 4
      vertex 7.59537 71.4265 4
      vertex 8 71.4 4
    endloop
  endfacet
  facet normal 0 0 1
    outer loop
      vertex 7.19766 71.5056 4
      vertex 7.62471 73.0994 4
      vertex 7.44511 73.1604 4
    endloop
  endfacet
  facet normal 0 0 1
    outer loop
      vertex 6.81368 71.636 4
      vertex 7.44511 73.1604 4
      vertex 7.275 73.2443 4
    endloop
  endfacet
  facet normal 0 0 1
    outer loop
      vertex 7.62471 73.0994 4
      vertex 7.19766 71.5056 4
      vertex 7.59537 71.4265 4
    endloop
  endfacet
  facet normal 0 0 1
    outer loop
      vertex 6.45 71.8153 4
      vertex 7.275 73.2443 4
      vertex 7.1173 73.3496 4
    endloop
  endfacet
  facet normal 0 0 1
    outer loop
      vertex 6.11284 72.0406 4
      vertex 7.1173 73.3496 4
      vertex 6.9747 73.4747 4
    endloop
  endfacet
  facet normal 0 0 1
    outer loop
      vertex 5.80797 72.308 4
      vertex 6.9747 73.4747 4
      vertex 6.84964 73.6173 4
    endloop
  endfacet
  facet normal 0 0 1
    outer loop
      vertex 7.44511 73.1604 4
      vertex 6.81368 71.636 4
      vertex 7.19766 71.5056 4
    endloop
  endfacet
  facet normal 0 0 1
    outer loop
      vertex 5.54061 72.6128 4
      vertex 6.84964 73.6173 4
      vertex 6.74426 73.775 4
    endloop
  endfacet
  facet normal 0 0 1
    outer loop
      vertex 5.31532 72.95 4
      vertex 6.74426 73.775 4
      vertex 6.66038 73.9451 4
    endloop
  endfacet
  facet normal 0 0 1
    outer loop
      vertex 5.13597 73.3137 4
      vertex 6.66038 73.9451 4
      vertex 6.59941 74.1247 4
    endloop
  endfacet
  facet normal 0 0 1
    outer loop
      vertex 5.00563 73.6977 4
      vertex 6.59941 74.1247 4
      vertex 6.56241 74.3107 4
    endloop
  endfacet
  facet normal 0 0 1
    outer loop
      vertex 7.275 73.2443 4
      vertex 6.45 71.8153 4
      vertex 6.81368 71.636 4
    endloop
  endfacet
  facet normal 0 0 1
    outer loop
      vertex 4.92652 74.0954 4
      vertex 6.56241 74.3107 4
      vertex 6.55 74.5 4
    endloop
  endfacet
  facet normal 0 0 1
    outer loop
      vertex 6.74426 75.225 4
      vertex 5.31532 76.05 4
      vertex 6.66038 75.0549 4
    endloop
  endfacet
  facet normal -0 0 1
    outer loop
      vertex 5.13597 75.6863 4
      vertex 6.66038 75.0549 4
      vertex 5.31532 76.05 4
    endloop
  endfacet
  facet normal 0 0 1
    outer loop
      vertex 7.1173 73.3496 4
      vertex 6.11284 72.0406 4
      vertex 6.45 71.8153 4
    endloop
  endfacet
  facet normal 0 0 1
    outer loop
      vertex 6.66038 75.0549 4
      vertex 5.13597 75.6863 4
      vertex 6.59941 74.8753 4
    endloop
  endfacet
  facet normal 0 0 1
    outer loop
      vertex 6.9747 73.4747 4
      vertex 5.80797 72.308 4
      vertex 6.11284 72.0406 4
    endloop
  endfacet
  facet normal -0 0 1
    outer loop
      vertex 5.00563 75.3023 4
      vertex 6.59941 74.8753 4
      vertex 5.13597 75.6863 4
    endloop
  endfacet
  facet normal 0 0 1
    outer loop
      vertex 6.84964 73.6173 4
      vertex 5.54061 72.6128 4
      vertex 5.80797 72.308 4
    endloop
  endfacet
  facet normal 0 0 1
    outer loop
      vertex 6.59941 74.8753 4
      vertex 5.00563 75.3023 4
      vertex 6.56241 74.6893 4
    endloop
  endfacet
  facet normal 0 0 1
    outer loop
      vertex 6.74426 73.775 4
      vertex 5.31532 72.95 4
      vertex 5.54061 72.6128 4
    endloop
  endfacet
  facet normal -0 0 1
    outer loop
      vertex 4.92652 74.9046 4
      vertex 6.56241 74.6893 4
      vertex 5.00563 75.3023 4
    endloop
  endfacet
  facet normal 0 0 1
    outer loop
      vertex 6.66038 73.9451 4
      vertex 5.13597 73.3137 4
      vertex 5.31532 72.95 4
    endloop
  endfacet
  facet normal 0 0 1
    outer loop
      vertex 6.56241 74.6893 4
      vertex 4.92652 74.9046 4
      vertex 6.55 74.5 4
    endloop
  endfacet
  facet normal 0 0 1
    outer loop
      vertex 6.59941 74.1247 4
      vertex 5.00563 73.6977 4
      vertex 5.13597 73.3137 4
    endloop
  endfacet
  facet normal 0 0 1
    outer loop
      vertex 4.9 74.5 4
      vertex 6.55 74.5 4
      vertex 4.92652 74.9046 4
    endloop
  endfacet
  facet normal 0 0 1
    outer loop
      vertex 6.56241 74.3107 4
      vertex 4.92652 74.0954 4
      vertex 5.00563 73.6977 4
    endloop
  endfacet
  facet normal 0 0 1
    outer loop
      vertex 6.55 74.5 4
      vertex 4.9 74.5 4
      vertex 4.92652 74.0954 4
    endloop
  endfacet
  facet normal 0.89688 -0.442275 0
    outer loop
      vertex 5.13597 75.6863 8.5
      vertex 5.31532 76.05 4
      vertex 5.31532 76.05 8.5
    endloop
  endfacet
  facet normal 0.89688 -0.442275 0
    outer loop
      vertex 5.31532 76.05 4
      vertex 5.13597 75.6863 8.5
      vertex 5.13597 75.6863 4
    endloop
  endfacet
  facet normal 0.831492 -0.555536 0
    outer loop
      vertex 5.31532 76.05 8.5
      vertex 5.54061 76.3872 4
      vertex 5.54061 76.3872 8.5
    endloop
  endfacet
  facet normal 0.831492 -0.555536 0
    outer loop
      vertex 5.54061 76.3872 4
      vertex 5.31532 76.05 8.5
      vertex 5.31532 76.05 4
    endloop
  endfacet
  facet normal 0.555599 0.83145 -0
    outer loop
      vertex 6.45 71.8153 4
      vertex 6.11284 72.0406 8.5
      vertex 6.45 71.8153 8.5
    endloop
  endfacet
  facet normal 0.555599 0.83145 0
    outer loop
      vertex 6.11284 72.0406 8.5
      vertex 6.45 71.8153 4
      vertex 6.11284 72.0406 4
    endloop
  endfacet
  facet normal -0.0467598 -0.713289 0.699308
    outer loop
      vertex 8.46068 78.06 9
      vertex 8 78.0902 9
      vertex 8 77.6 8.5
    endloop
  endfacet
  facet normal -0.537371 0.471264 0.699387
    outer loop
      vertex 10.5387 71.9613 9
      vertex 10.8431 72.3084 9
      vertex 10.192 72.308 8.5
    endloop
  endfacet
  facet normal 0.229772 0.676883 0.69931
    outer loop
      vertex 7.07079 71.0321 9
      vertex 7.19766 71.5056 8.5
      vertex 6.63362 71.1805 9
    endloop
  endfacet
  facet normal -0.713289 -0.0467578 0.699309
    outer loop
      vertex 11.5902 74.5 9
      vertex 11.56 74.9607 9
      vertex 11.1 74.5 8.5
    endloop
  endfacet
  facet normal -0.713448 -0.045155 0.699252
    outer loop
      vertex 11.0735 74.9046 8.5
      vertex 11.56 74.9607 9
      vertex 11.5595 74.9686 9
    endloop
  endfacet
  facet normal -0.713309 -0.0467194 0.699291
    outer loop
      vertex 11.56 74.9607 9
      vertex 11.0735 74.9046 8.5
      vertex 11.1 74.5 8.5
    endloop
  endfacet
  facet normal -0.701102 0.139353 0.699312
    outer loop
      vertex 11.4679 73.5708 9
      vertex 11.5579 74.0236 9
      vertex 10.9944 73.6977 8.5
    endloop
  endfacet
  facet normal -0.641098 -0.316137 0.699321
    outer loop
      vertex 11.3169 75.8739 9
      vertex 11.1127 76.288 9
      vertex 10.864 75.6863 8.5
    endloop
  endfacet
  facet normal 0.713274 -0.0469497 0.699311
    outer loop
      vertex 4.44 74.9607 9
      vertex 4.92652 74.9046 8.5
      vertex 4.44052 74.9686 9
    endloop
  endfacet
  facet normal 0.713291 -0.0467535 0.699307
    outer loop
      vertex 4.92652 74.9046 8.5
      vertex 4.44 74.9607 9
      vertex 4.9 74.5 8.5
    endloop
  endfacet
  facet normal 0.139354 0.701106 0.699307
    outer loop
      vertex 7.52359 70.9421 9
      vertex 7.19766 71.5056 8.5
      vertex 7.07079 71.0321 9
    endloop
  endfacet
  facet normal 0.701085 -0.139458 0.699308
    outer loop
      vertex 5.00563 75.3023 8.5
      vertex 4.53214 75.4292 9
      vertex 4.44207 74.9764 9
    endloop
  endfacet
  facet normal 0.229847 0.676815 0.699351
    outer loop
      vertex 6.81368 71.636 8.5
      vertex 6.63362 71.1805 9
      vertex 7.19766 71.5056 8.5
    endloop
  endfacet
  facet normal 0.233261 0.675559 0.699436
    outer loop
      vertex 6.63362 71.1805 9
      vertex 6.81368 71.636 8.5
      vertex 6.62609 71.1831 9
    endloop
  endfacet
  facet normal -0.315015 0.64173 0.699249
    outer loop
      vertex 9.55 71.8153 8.5
      vertex 9.78797 71.3873 9
      vertex 9.7951 71.3908 9
    endloop
  endfacet
  facet normal -0.316102 0.641161 0.69928
    outer loop
      vertex 9.78797 71.3873 9
      vertex 9.55 71.8153 8.5
      vertex 9.18632 71.636 8.5
    endloop
  endfacet
  facet normal -0.0467598 0.713289 0.699308
    outer loop
      vertex 8.46068 70.94 9
      vertex 8 71.4 8.5
      vertex 8 70.9098 9
    endloop
  endfacet
  facet normal 0.471289 0.537399 0.699349
    outer loop
      vertex 5.80845 71.6569 9
      vertex 5.80797 72.308 8.5
      vertex 5.46135 71.9613 9
    endloop
  endfacet
  facet normal -0.594759 0.396506 0.699317
    outer loop
      vertex 10.6847 72.95 8.5
      vertex 11.1048 72.6983 9
      vertex 11.1092 72.7049 9
    endloop
  endfacet
  facet normal -0.594366 0.397126 0.6993
    outer loop
      vertex 11.1048 72.6983 9
      vertex 10.6847 72.95 8.5
      vertex 10.4594 72.6128 8.5
    endloop
  endfacet
  facet normal -0.0467161 -0.713311 0.699289
    outer loop
      vertex 8.40463 77.5735 8.5
      vertex 8.46068 78.06 9
      vertex 8 77.6 8.5
    endloop
  endfacet
  facet normal -0.0449852 -0.713466 0.699245
    outer loop
      vertex 8.46068 78.06 9
      vertex 8.40463 77.5735 8.5
      vertex 8.46861 78.0595 9
    endloop
  endfacet
  facet normal -0.641098 0.316137 0.699321
    outer loop
      vertex 11.1127 72.712 9
      vertex 11.3169 73.1261 9
      vertex 10.864 73.3137 8.5
    endloop
  endfacet
  facet normal 0.537378 -0.471369 0.699311
    outer loop
      vertex 5.15695 76.6916 9
      vertex 5.54061 76.3872 8.5
      vertex 5.80797 76.692 8.5
    endloop
  endfacet
  facet normal 0.538372 -0.470178 0.699348
    outer loop
      vertex 5.54061 76.3872 8.5
      vertex 5.15695 76.6916 9
      vertex 5.15171 76.6856 9
    endloop
  endfacet
  facet normal -0.713309 0.0467194 0.699291
    outer loop
      vertex 11.0735 74.0954 8.5
      vertex 11.56 74.0393 9
      vertex 11.1 74.5 8.5
    endloop
  endfacet
  facet normal -0.713448 0.045155 0.699252
    outer loop
      vertex 11.56 74.0393 9
      vertex 11.0735 74.0954 8.5
      vertex 11.5595 74.0314 9
    endloop
  endfacet
  facet normal -0.675244 -0.234085 0.699464
    outer loop
      vertex 10.864 75.6863 8.5
      vertex 11.3195 75.8664 9
      vertex 11.3169 75.8739 9
    endloop
  endfacet
  facet normal -0.67681 -0.229833 0.69936
    outer loop
      vertex 11.3195 75.8664 9
      vertex 10.864 75.6863 8.5
      vertex 10.9944 75.3023 8.5
    endloop
  endfacet
  facet normal -0.594367 -0.397122 0.699301
    outer loop
      vertex 11.1048 76.3017 9
      vertex 10.8483 76.6856 9
      vertex 10.4594 76.3872 8.5
    endloop
  endfacet
  facet normal -0.315015 -0.64173 0.699249
    outer loop
      vertex 9.78797 77.6127 9
      vertex 9.55 77.1847 8.5
      vertex 9.7951 77.6092 9
    endloop
  endfacet
  facet normal -0.316102 -0.641161 0.69928
    outer loop
      vertex 9.55 77.1847 8.5
      vertex 9.78797 77.6127 9
      vertex 9.18632 77.364 8.5
    endloop
  endfacet
  facet normal -0.713289 0.0467578 0.699309
    outer loop
      vertex 11.56 74.0393 9
      vertex 11.5902 74.5 9
      vertex 11.1 74.5 8.5
    endloop
  endfacet
  facet normal -0.139446 0.701126 0.699269
    outer loop
      vertex 8.40463 71.4265 8.5
      vertex 8.47641 70.9421 9
      vertex 8.80234 71.5056 8.5
    endloop
  endfacet
  facet normal -0.143669 0.700384 0.699157
    outer loop
      vertex 8.47641 70.9421 9
      vertex 8.40463 71.4265 8.5
      vertex 8.46861 70.9405 9
    endloop
  endfacet
  facet normal 0.0467598 0.713289 0.699308
    outer loop
      vertex 8 70.9098 9
      vertex 8 71.4 8.5
      vertex 7.53932 70.94 9
    endloop
  endfacet
  facet normal 0.713289 -0.0467578 0.699309
    outer loop
      vertex 4.9 74.5 8.5
      vertex 4.44 74.9607 9
      vertex 4.4098 74.5 9
    endloop
  endfacet
  facet normal -0.641168 -0.316069 0.699288
    outer loop
      vertex 10.6847 76.05 8.5
      vertex 11.1127 76.288 9
      vertex 11.1092 76.2951 9
    endloop
  endfacet
  facet normal -0.64116 -0.316084 0.699289
    outer loop
      vertex 11.1127 76.288 9
      vertex 10.6847 76.05 8.5
      vertex 10.864 75.6863 8.5
    endloop
  endfacet
  facet normal 0.713289 0.0467578 0.699309
    outer loop
      vertex 4.44 74.0393 9
      vertex 4.9 74.5 8.5
      vertex 4.4098 74.5 9
    endloop
  endfacet
  facet normal -0.67681 0.229833 0.69936
    outer loop
      vertex 10.864 73.3137 8.5
      vertex 11.3195 73.1336 9
      vertex 10.9944 73.6977 8.5
    endloop
  endfacet
  facet normal -0.675244 0.234085 0.699464
    outer loop
      vertex 11.3195 73.1336 9
      vertex 10.864 73.3137 8.5
      vertex 11.3169 73.1261 9
    endloop
  endfacet
  facet normal -0.471348 0.537344 0.699352
    outer loop
      vertex 9.88716 72.0406 8.5
      vertex 10.1916 71.6569 9
      vertex 10.192 72.308 8.5
    endloop
  endfacet
  facet normal -0.468066 0.540076 0.699451
    outer loop
      vertex 10.1916 71.6569 9
      vertex 9.88716 72.0406 8.5
      vertex 10.1856 71.6517 9
    endloop
  endfacet
  facet normal -0.229772 -0.676883 0.69931
    outer loop
      vertex 9.36638 77.8195 9
      vertex 8.92921 77.9679 9
      vertex 8.80234 77.4944 8.5
    endloop
  endfacet
  facet normal -0.700382 0.143668 0.69916
    outer loop
      vertex 11.0735 74.0954 8.5
      vertex 11.5579 74.0236 9
      vertex 11.5595 74.0314 9
    endloop
  endfacet
  facet normal -0.701122 0.139449 0.699272
    outer loop
      vertex 11.5579 74.0236 9
      vertex 11.0735 74.0954 8.5
      vertex 10.9944 73.6977 8.5
    endloop
  endfacet
  facet normal -0.229772 0.676883 0.69931
    outer loop
      vertex 8.92921 71.0321 9
      vertex 9.36638 71.1805 9
      vertex 8.80234 71.5056 8.5
    endloop
  endfacet
  facet normal -0.471264 0.537371 0.699387
    outer loop
      vertex 10.5387 71.9613 9
      vertex 10.192 72.308 8.5
      vertex 10.1916 71.6569 9
    endloop
  endfacet
  facet normal 0.701085 0.139458 0.699308
    outer loop
      vertex 4.53214 73.5708 9
      vertex 5.00563 73.6977 8.5
      vertex 4.44207 74.0236 9
    endloop
  endfacet
  facet normal -0.67688 0.229755 0.699318
    outer loop
      vertex 11.3195 73.1336 9
      vertex 11.4679 73.5708 9
      vertex 10.9944 73.6977 8.5
    endloop
  endfacet
  facet normal -0.540091 -0.468078 0.699432
    outer loop
      vertex 10.8431 76.6916 9
      vertex 10.4594 76.3872 8.5
      vertex 10.8483 76.6856 9
    endloop
  endfacet
  facet normal -0.537328 -0.471396 0.699331
    outer loop
      vertex 10.4594 76.3872 8.5
      vertex 10.8431 76.6916 9
      vertex 10.192 76.692 8.5
    endloop
  endfacet
  facet normal 0.139446 -0.701126 0.699269
    outer loop
      vertex 7.59537 77.5735 8.5
      vertex 7.52359 78.0579 9
      vertex 7.19766 77.4944 8.5
    endloop
  endfacet
  facet normal 0.143669 -0.700384 0.699157
    outer loop
      vertex 7.52359 78.0579 9
      vertex 7.59537 77.5735 8.5
      vertex 7.53139 78.0595 9
    endloop
  endfacet
  facet normal 0.46899 0.539339 0.699401
    outer loop
      vertex 6.11284 72.0406 8.5
      vertex 5.80845 71.6569 9
      vertex 5.81443 71.6517 9
    endloop
  endfacet
  facet normal 0.471337 0.537384 0.699329
    outer loop
      vertex 5.80845 71.6569 9
      vertex 6.11284 72.0406 8.5
      vertex 5.80797 72.308 8.5
    endloop
  endfacet
  facet normal 0.701109 0.139323 0.699311
    outer loop
      vertex 4.44207 74.0236 9
      vertex 4.92652 74.0954 8.5
      vertex 4.44052 74.0314 9
    endloop
  endfacet
  facet normal 0.701085 0.139459 0.699308
    outer loop
      vertex 4.92652 74.0954 8.5
      vertex 4.44207 74.0236 9
      vertex 5.00563 73.6977 8.5
    endloop
  endfacet
  facet normal -0.540091 0.468078 0.699432
    outer loop
      vertex 10.4594 72.6128 8.5
      vertex 10.8431 72.3084 9
      vertex 10.8483 72.3144 9
    endloop
  endfacet
  facet normal -0.537328 0.471396 0.699331
    outer loop
      vertex 10.8431 72.3084 9
      vertex 10.4594 72.6128 8.5
      vertex 10.192 72.308 8.5
    endloop
  endfacet
  facet normal -0.139354 -0.701106 0.699307
    outer loop
      vertex 8.80234 77.4944 8.5
      vertex 8.92921 77.9679 9
      vertex 8.47641 78.0579 9
    endloop
  endfacet
  facet normal -0.143669 -0.700384 0.699157
    outer loop
      vertex 8.40463 77.5735 8.5
      vertex 8.47641 78.0579 9
      vertex 8.46861 78.0595 9
    endloop
  endfacet
  facet normal -0.139446 -0.701126 0.699269
    outer loop
      vertex 8.47641 78.0579 9
      vertex 8.40463 77.5735 8.5
      vertex 8.80234 77.4944 8.5
    endloop
  endfacet
  facet normal -0.67688 -0.229755 0.699318
    outer loop
      vertex 11.4679 75.4292 9
      vertex 11.3195 75.8664 9
      vertex 10.9944 75.3023 8.5
    endloop
  endfacet
  facet normal 0.676887 0.229758 0.699311
    outer loop
      vertex 4.68054 73.1336 9
      vertex 5.00563 73.6977 8.5
      vertex 4.53214 73.5708 9
    endloop
  endfacet
  facet normal -0.594367 0.397122 0.699301
    outer loop
      vertex 10.8483 72.3144 9
      vertex 11.1048 72.6983 9
      vertex 10.4594 72.6128 8.5
    endloop
  endfacet
  facet normal -0.316163 0.64109 0.699317
    outer loop
      vertex 9.37391 71.1831 9
      vertex 9.78797 71.3873 9
      vertex 9.18632 71.636 8.5
    endloop
  endfacet
  facet normal -0.233261 -0.675559 0.699436
    outer loop
      vertex 9.36638 77.8195 9
      vertex 9.18632 77.364 8.5
      vertex 9.37391 77.8169 9
    endloop
  endfacet
  facet normal -0.229847 -0.676815 0.699351
    outer loop
      vertex 9.18632 77.364 8.5
      vertex 9.36638 77.8195 9
      vertex 8.80234 77.4944 8.5
    endloop
  endfacet
  facet normal -0.39712 0.594349 0.699318
    outer loop
      vertex 10.1856 71.6517 9
      vertex 9.88716 72.0406 8.5
      vertex 9.80171 71.3952 9
    endloop
  endfacet
  facet normal -0.139354 0.701106 0.699307
    outer loop
      vertex 8.92921 71.0321 9
      vertex 8.80234 71.5056 8.5
      vertex 8.47641 70.9421 9
    endloop
  endfacet
  facet normal 0.676887 -0.229758 0.699311
    outer loop
      vertex 5.00563 75.3023 8.5
      vertex 4.68054 75.8664 9
      vertex 4.53214 75.4292 9
    endloop
  endfacet
  facet normal 0.701109 -0.139323 0.699311
    outer loop
      vertex 4.92652 74.9046 8.5
      vertex 4.44207 74.9764 9
      vertex 4.44052 74.9686 9
    endloop
  endfacet
  facet normal 0.701085 -0.139459 0.699308
    outer loop
      vertex 4.44207 74.9764 9
      vertex 4.92652 74.9046 8.5
      vertex 5.00563 75.3023 8.5
    endloop
  endfacet
  facet normal -0.0449852 0.713466 0.699245
    outer loop
      vertex 8.40463 71.4265 8.5
      vertex 8.46068 70.94 9
      vertex 8.46861 70.9405 9
    endloop
  endfacet
  facet normal -0.0467161 0.713311 0.699289
    outer loop
      vertex 8.46068 70.94 9
      vertex 8.40463 71.4265 8.5
      vertex 8 71.4 8.5
    endloop
  endfacet
  facet normal 0.676763 -0.230099 0.699318
    outer loop
      vertex 4.68054 75.8664 9
      vertex 5.13597 75.6863 8.5
      vertex 4.68309 75.8739 9
    endloop
  endfacet
  facet normal 0.67689 -0.229755 0.699309
    outer loop
      vertex 5.13597 75.6863 8.5
      vertex 4.68054 75.8664 9
      vertex 5.00563 75.3023 8.5
    endloop
  endfacet
  facet normal 0.397148 0.594344 0.699306
    outer loop
      vertex 6.19829 71.3952 9
      vertex 6.11284 72.0406 8.5
      vertex 5.81443 71.6517 9
    endloop
  endfacet
  facet normal -0.471264 -0.537371 0.699387
    outer loop
      vertex 10.192 76.692 8.5
      vertex 10.5387 77.0387 9
      vertex 10.1916 77.3431 9
    endloop
  endfacet
  facet normal 0.6411 0.316143 0.699317
    outer loop
      vertex 4.88728 72.712 9
      vertex 5.31532 72.95 8.5
      vertex 5.13597 73.3137 8.5
    endloop
  endfacet
  facet normal 0.640394 0.317491 0.699354
    outer loop
      vertex 5.31532 72.95 8.5
      vertex 4.88728 72.712 9
      vertex 4.8908 72.7049 9
    endloop
  endfacet
  facet normal 0.713291 0.0467535 0.699307
    outer loop
      vertex 4.44 74.0393 9
      vertex 4.92652 74.0954 8.5
      vertex 4.9 74.5 8.5
    endloop
  endfacet
  facet normal 0.713274 0.0469497 0.699311
    outer loop
      vertex 4.92652 74.0954 8.5
      vertex 4.44 74.0393 9
      vertex 4.44052 74.0314 9
    endloop
  endfacet
  facet normal 0.594374 -0.397113 0.6993
    outer loop
      vertex 4.89522 76.3017 9
      vertex 5.31532 76.05 8.5
      vertex 5.54061 76.3872 8.5
    endloop
  endfacet
  facet normal 0.593957 -0.397771 0.699281
    outer loop
      vertex 5.31532 76.05 8.5
      vertex 4.89522 76.3017 9
      vertex 4.8908 76.2951 9
    endloop
  endfacet
  facet normal -0.468066 -0.540076 0.699451
    outer loop
      vertex 9.88716 76.9594 8.5
      vertex 10.1916 77.3431 9
      vertex 10.1856 77.3483 9
    endloop
  endfacet
  facet normal -0.471348 -0.537344 0.699352
    outer loop
      vertex 10.1916 77.3431 9
      vertex 9.88716 76.9594 8.5
      vertex 10.192 76.692 8.5
    endloop
  endfacet
  facet normal 0.0467598 -0.713289 0.699308
    outer loop
      vertex 8 77.6 8.5
      vertex 8 78.0902 9
      vertex 7.53932 78.06 9
    endloop
  endfacet
  facet normal 0.397148 -0.594344 0.699306
    outer loop
      vertex 6.11284 76.9594 8.5
      vertex 6.19829 77.6048 9
      vertex 5.81443 77.3483 9
    endloop
  endfacet
  facet normal 0.640394 -0.317491 0.699354
    outer loop
      vertex 4.88728 76.288 9
      vertex 5.31532 76.05 8.5
      vertex 4.8908 76.2951 9
    endloop
  endfacet
  facet normal 0.6411 -0.316143 0.699317
    outer loop
      vertex 5.31532 76.05 8.5
      vertex 4.88728 76.288 9
      vertex 5.13597 75.6863 8.5
    endloop
  endfacet
  facet normal 0.641116 -0.31613 0.699309
    outer loop
      vertex 5.13597 75.6863 8.5
      vertex 4.88728 76.288 9
      vertex 4.68309 75.8739 9
    endloop
  endfacet
  facet normal 0.594374 0.397113 0.6993
    outer loop
      vertex 5.31532 72.95 8.5
      vertex 4.89522 72.6983 9
      vertex 5.54061 72.6128 8.5
    endloop
  endfacet
  facet normal 0.593957 0.397771 0.699281
    outer loop
      vertex 4.89522 72.6983 9
      vertex 5.31532 72.95 8.5
      vertex 4.8908 72.7049 9
    endloop
  endfacet
  facet normal 0.641116 0.31613 0.699309
    outer loop
      vertex 4.88728 72.712 9
      vertex 5.13597 73.3137 8.5
      vertex 4.68309 73.1261 9
    endloop
  endfacet
  facet normal 0.67689 0.229755 0.699309
    outer loop
      vertex 4.68054 73.1336 9
      vertex 5.13597 73.3137 8.5
      vertex 5.00563 73.6977 8.5
    endloop
  endfacet
  facet normal 0.676763 0.230099 0.699318
    outer loop
      vertex 5.13597 73.3137 8.5
      vertex 4.68054 73.1336 9
      vertex 4.68309 73.1261 9
    endloop
  endfacet
  facet normal 0.316163 0.64109 0.699317
    outer loop
      vertex 6.62609 71.1831 9
      vertex 6.81368 71.636 8.5
      vertex 6.21203 71.3873 9
    endloop
  endfacet
  facet normal -0.397156 0.594342 0.699303
    outer loop
      vertex 9.55 71.8153 8.5
      vertex 9.80171 71.3952 9
      vertex 9.88716 72.0406 8.5
    endloop
  endfacet
  facet normal -0.396082 0.595023 0.699333
    outer loop
      vertex 9.80171 71.3952 9
      vertex 9.55 71.8153 8.5
      vertex 9.7951 71.3908 9
    endloop
  endfacet
  facet normal -0.64116 0.316084 0.699289
    outer loop
      vertex 10.6847 72.95 8.5
      vertex 11.1127 72.712 9
      vertex 10.864 73.3137 8.5
    endloop
  endfacet
  facet normal -0.641168 0.316069 0.699288
    outer loop
      vertex 11.1127 72.712 9
      vertex 10.6847 72.95 8.5
      vertex 11.1092 72.7049 9
    endloop
  endfacet
  facet normal 0.594374 -0.397112 0.699301
    outer loop
      vertex 5.54061 76.3872 8.5
      vertex 5.15171 76.6856 9
      vertex 4.89522 76.3017 9
    endloop
  endfacet
  facet normal 0.471289 -0.537399 0.699349
    outer loop
      vertex 5.80797 76.692 8.5
      vertex 5.80845 77.3431 9
      vertex 5.46135 77.0387 9
    endloop
  endfacet
  facet normal -0.537371 -0.471264 0.699387
    outer loop
      vertex 10.8431 76.6916 9
      vertex 10.5387 77.0387 9
      vertex 10.192 76.692 8.5
    endloop
  endfacet
  facet normal 0.229847 -0.676815 0.699351
    outer loop
      vertex 6.63362 77.8195 9
      vertex 6.81368 77.364 8.5
      vertex 7.19766 77.4944 8.5
    endloop
  endfacet
  facet normal 0.233261 -0.675559 0.699436
    outer loop
      vertex 6.81368 77.364 8.5
      vertex 6.63362 77.8195 9
      vertex 6.62609 77.8169 9
    endloop
  endfacet
  facet normal -0.39712 -0.594349 0.699318
    outer loop
      vertex 9.88716 76.9594 8.5
      vertex 10.1856 77.3483 9
      vertex 9.80171 77.6048 9
    endloop
  endfacet
  facet normal -0.316163 -0.64109 0.699317
    outer loop
      vertex 9.78797 77.6127 9
      vertex 9.37391 77.8169 9
      vertex 9.18632 77.364 8.5
    endloop
  endfacet
  facet normal 0.0467161 0.713311 0.699289
    outer loop
      vertex 7.59537 71.4265 8.5
      vertex 7.53932 70.94 9
      vertex 8 71.4 8.5
    endloop
  endfacet
  facet normal 0.0449852 0.713466 0.699245
    outer loop
      vertex 7.53932 70.94 9
      vertex 7.59537 71.4265 8.5
      vertex 7.53139 70.9405 9
    endloop
  endfacet
  facet normal 0.143669 0.700384 0.699157
    outer loop
      vertex 7.59537 71.4265 8.5
      vertex 7.52359 70.9421 9
      vertex 7.53139 70.9405 9
    endloop
  endfacet
  facet normal 0.139446 0.701126 0.699269
    outer loop
      vertex 7.52359 70.9421 9
      vertex 7.59537 71.4265 8.5
      vertex 7.19766 71.5056 8.5
    endloop
  endfacet
  facet normal 0.46899 -0.539339 0.699401
    outer loop
      vertex 5.80845 77.3431 9
      vertex 6.11284 76.9594 8.5
      vertex 5.81443 77.3483 9
    endloop
  endfacet
  facet normal 0.471337 -0.537384 0.699329
    outer loop
      vertex 6.11284 76.9594 8.5
      vertex 5.80845 77.3431 9
      vertex 5.80797 76.692 8.5
    endloop
  endfacet
  facet normal 0.396082 -0.595023 0.699333
    outer loop
      vertex 6.19829 77.6048 9
      vertex 6.45 77.1847 8.5
      vertex 6.2049 77.6092 9
    endloop
  endfacet
  facet normal 0.397156 -0.594342 0.699303
    outer loop
      vertex 6.45 77.1847 8.5
      vertex 6.19829 77.6048 9
      vertex 6.11284 76.9594 8.5
    endloop
  endfacet
  facet normal 0.537403 0.471292 0.699343
    outer loop
      vertex 5.46135 71.9613 9
      vertex 5.80797 72.308 8.5
      vertex 5.15695 72.3084 9
    endloop
  endfacet
  facet normal 0.316102 0.641161 0.69928
    outer loop
      vertex 6.45 71.8153 8.5
      vertex 6.21203 71.3873 9
      vertex 6.81368 71.636 8.5
    endloop
  endfacet
  facet normal 0.315015 0.64173 0.699249
    outer loop
      vertex 6.21203 71.3873 9
      vertex 6.45 71.8153 8.5
      vertex 6.2049 71.3908 9
    endloop
  endfacet
  facet normal 0.316163 -0.64109 0.699317
    outer loop
      vertex 6.81368 77.364 8.5
      vertex 6.62609 77.8169 9
      vertex 6.21203 77.6127 9
    endloop
  endfacet
  facet normal 0.396082 0.595023 0.699333
    outer loop
      vertex 6.45 71.8153 8.5
      vertex 6.19829 71.3952 9
      vertex 6.2049 71.3908 9
    endloop
  endfacet
  facet normal 0.397156 0.594342 0.699303
    outer loop
      vertex 6.19829 71.3952 9
      vertex 6.45 71.8153 8.5
      vertex 6.11284 72.0406 8.5
    endloop
  endfacet
  facet normal 0.229772 -0.676883 0.69931
    outer loop
      vertex 7.19766 77.4944 8.5
      vertex 7.07079 77.9679 9
      vertex 6.63362 77.8195 9
    endloop
  endfacet
  facet normal 0.139354 -0.701106 0.699307
    outer loop
      vertex 7.19766 77.4944 8.5
      vertex 7.52359 78.0579 9
      vertex 7.07079 77.9679 9
    endloop
  endfacet
  facet normal 0.537403 -0.471292 0.699343
    outer loop
      vertex 5.80797 76.692 8.5
      vertex 5.46135 77.0387 9
      vertex 5.15695 76.6916 9
    endloop
  endfacet
  facet normal 0.0449852 -0.713466 0.699245
    outer loop
      vertex 7.59537 77.5735 8.5
      vertex 7.53932 78.06 9
      vertex 7.53139 78.0595 9
    endloop
  endfacet
  facet normal 0.0467161 -0.713311 0.699289
    outer loop
      vertex 7.53932 78.06 9
      vertex 7.59537 77.5735 8.5
      vertex 8 77.6 8.5
    endloop
  endfacet
  facet normal 0.537378 0.471369 0.699311
    outer loop
      vertex 5.54061 72.6128 8.5
      vertex 5.15695 72.3084 9
      vertex 5.80797 72.308 8.5
    endloop
  endfacet
  facet normal 0.538372 0.470178 0.699348
    outer loop
      vertex 5.15695 72.3084 9
      vertex 5.54061 72.6128 8.5
      vertex 5.15171 72.3144 9
    endloop
  endfacet
  facet normal 0.594374 0.397112 0.699301
    outer loop
      vertex 5.15171 72.3144 9
      vertex 5.54061 72.6128 8.5
      vertex 4.89522 72.6983 9
    endloop
  endfacet
  facet normal -0.233261 0.675559 0.699436
    outer loop
      vertex 9.18632 71.636 8.5
      vertex 9.36638 71.1805 9
      vertex 9.37391 71.1831 9
    endloop
  endfacet
  facet normal -0.229847 0.676815 0.699351
    outer loop
      vertex 9.36638 71.1805 9
      vertex 9.18632 71.636 8.5
      vertex 8.80234 71.5056 8.5
    endloop
  endfacet
  facet normal -0.594759 -0.396506 0.699317
    outer loop
      vertex 11.1048 76.3017 9
      vertex 10.6847 76.05 8.5
      vertex 11.1092 76.2951 9
    endloop
  endfacet
  facet normal -0.594366 -0.397126 0.6993
    outer loop
      vertex 10.6847 76.05 8.5
      vertex 11.1048 76.3017 9
      vertex 10.4594 76.3872 8.5
    endloop
  endfacet
  facet normal 0.316102 -0.641161 0.69928
    outer loop
      vertex 6.21203 77.6127 9
      vertex 6.45 77.1847 8.5
      vertex 6.81368 77.364 8.5
    endloop
  endfacet
  facet normal 0.315015 -0.64173 0.699249
    outer loop
      vertex 6.45 77.1847 8.5
      vertex 6.21203 77.6127 9
      vertex 6.2049 77.6092 9
    endloop
  endfacet
  facet normal -0.396082 -0.595023 0.699333
    outer loop
      vertex 9.55 77.1847 8.5
      vertex 9.80171 77.6048 9
      vertex 9.7951 77.6092 9
    endloop
  endfacet
  facet normal -0.397156 -0.594342 0.699303
    outer loop
      vertex 9.80171 77.6048 9
      vertex 9.55 77.1847 8.5
      vertex 9.88716 76.9594 8.5
    endloop
  endfacet
  facet normal -0.701102 -0.139353 0.699312
    outer loop
      vertex 11.5579 74.9764 9
      vertex 11.4679 75.4292 9
      vertex 10.9944 75.3023 8.5
    endloop
  endfacet
  facet normal -0.701122 -0.139449 0.699272
    outer loop
      vertex 11.0735 74.9046 8.5
      vertex 11.5579 74.9764 9
      vertex 10.9944 75.3023 8.5
    endloop
  endfacet
  facet normal -0.700382 -0.143668 0.69916
    outer loop
      vertex 11.5579 74.9764 9
      vertex 11.0735 74.9046 8.5
      vertex 11.5595 74.9686 9
    endloop
  endfacet
  facet normal -0.980783 -0.195102 0
    outer loop
      vertex 67.4376 25.6893 2
      vertex 67.4006 25.8753 4
      vertex 67.4006 25.8753 2
    endloop
  endfacet
  facet normal -0.980783 -0.195102 0
    outer loop
      vertex 67.4006 25.8753 4
      vertex 67.4376 25.6893 2
      vertex 67.4376 25.6893 4
    endloop
  endfacet
  facet normal -0.997861 -0.0653644 0
    outer loop
      vertex 67.45 25.5 2
      vertex 67.4376 25.6893 4
      vertex 67.4376 25.6893 2
    endloop
  endfacet
  facet normal -0.997861 -0.0653644 0
    outer loop
      vertex 67.4376 25.6893 4
      vertex 67.45 25.5 2
      vertex 67.45 25.5 4
    endloop
  endfacet
  facet normal 0.3216 0.946876 -0
    outer loop
      vertex 65.6247 24.0994 2
      vertex 65.4451 24.1604 4
      vertex 65.6247 24.0994 4
    endloop
  endfacet
  facet normal 0.3216 0.946876 0
    outer loop
      vertex 65.4451 24.1604 4
      vertex 65.6247 24.0994 2
      vertex 65.4451 24.1604 2
    endloop
  endfacet
  facet normal 0.980783 0.195102 0
    outer loop
      vertex 64.5994 25.1247 4
      vertex 64.5624 25.3107 2
      vertex 64.5624 25.3107 4
    endloop
  endfacet
  facet normal 0.980783 0.195102 0
    outer loop
      vertex 64.5624 25.3107 2
      vertex 64.5994 25.1247 4
      vertex 64.5994 25.1247 2
    endloop
  endfacet
  facet normal -0.3216 0.946876 0
    outer loop
      vertex 66.5549 24.1604 2
      vertex 66.3753 24.0994 4
      vertex 66.5549 24.1604 4
    endloop
  endfacet
  facet normal -0.3216 0.946876 0
    outer loop
      vertex 66.3753 24.0994 4
      vertex 66.5549 24.1604 2
      vertex 66.3753 24.0994 2
    endloop
  endfacet
  facet normal 0.896839 -0.442356 0
    outer loop
      vertex 64.6604 26.0549 4
      vertex 64.7443 26.225 2
      vertex 64.7443 26.225 4
    endloop
  endfacet
  facet normal 0.896839 -0.442356 0
    outer loop
      vertex 64.7443 26.225 2
      vertex 64.6604 26.0549 4
      vertex 64.6604 26.0549 2
    endloop
  endfacet
  facet normal -0.751727 -0.659474 0
    outer loop
      vertex 67.1504 26.3827 2
      vertex 67.0253 26.5253 4
      vertex 67.0253 26.5253 2
    endloop
  endfacet
  facet normal -0.751727 -0.659474 0
    outer loop
      vertex 67.0253 26.5253 4
      vertex 67.1504 26.3827 2
      vertex 67.1504 26.3827 4
    endloop
  endfacet
  facet normal 0.997861 -0.0653644 0
    outer loop
      vertex 64.55 25.5 4
      vertex 64.5624 25.6893 2
      vertex 64.5624 25.6893 4
    endloop
  endfacet
  facet normal 0.997861 -0.0653644 0
    outer loop
      vertex 64.5624 25.6893 2
      vertex 64.55 25.5 4
      vertex 64.55 25.5 2
    endloop
  endfacet
  facet normal -0.751727 0.659474 0
    outer loop
      vertex 67.0253 24.4747 2
      vertex 67.1504 24.6173 4
      vertex 67.1504 24.6173 2
    endloop
  endfacet
  facet normal -0.751727 0.659474 0
    outer loop
      vertex 67.1504 24.6173 4
      vertex 67.0253 24.4747 2
      vertex 67.0253 24.4747 4
    endloop
  endfacet
  facet normal 0.751727 -0.659474 0
    outer loop
      vertex 64.8496 26.3827 4
      vertex 64.9747 26.5253 2
      vertex 64.9747 26.5253 4
    endloop
  endfacet
  facet normal 0.751727 -0.659474 0
    outer loop
      vertex 64.9747 26.5253 2
      vertex 64.8496 26.3827 4
      vertex 64.8496 26.3827 2
    endloop
  endfacet
  facet normal 0.3216 -0.946876 0
    outer loop
      vertex 65.4451 26.8396 2
      vertex 65.6247 26.9006 4
      vertex 65.4451 26.8396 4
    endloop
  endfacet
  facet normal 0.3216 -0.946876 0
    outer loop
      vertex 65.6247 26.9006 4
      vertex 65.4451 26.8396 2
      vertex 65.6247 26.9006 2
    endloop
  endfacet
  facet normal 0.659474 -0.751727 0
    outer loop
      vertex 64.9747 26.5253 2
      vertex 65.1173 26.6504 4
      vertex 64.9747 26.5253 4
    endloop
  endfacet
  facet normal 0.659474 -0.751727 0
    outer loop
      vertex 65.1173 26.6504 4
      vertex 64.9747 26.5253 2
      vertex 65.1173 26.6504 2
    endloop
  endfacet
  facet normal -0.0653644 0.997861 0
    outer loop
      vertex 66.1893 24.0624 2
      vertex 66 24.05 4
      vertex 66.1893 24.0624 4
    endloop
  endfacet
  facet normal -0.0653644 0.997861 0
    outer loop
      vertex 66 24.05 4
      vertex 66.1893 24.0624 2
      vertex 66 24.05 2
    endloop
  endfacet
  facet normal -0.442356 0.896839 0
    outer loop
      vertex 66.725 24.2443 2
      vertex 66.5549 24.1604 4
      vertex 66.725 24.2443 4
    endloop
  endfacet
  facet normal -0.442356 0.896839 0
    outer loop
      vertex 66.5549 24.1604 4
      vertex 66.725 24.2443 2
      vertex 66.5549 24.1604 2
    endloop
  endfacet
  facet normal 0.997861 0.0653644 0
    outer loop
      vertex 64.5624 25.3107 4
      vertex 64.55 25.5 2
      vertex 64.55 25.5 4
    endloop
  endfacet
  facet normal 0.997861 0.0653644 0
    outer loop
      vertex 64.55 25.5 2
      vertex 64.5624 25.3107 4
      vertex 64.5624 25.3107 2
    endloop
  endfacet
  facet normal -0.946876 -0.3216 0
    outer loop
      vertex 67.4006 25.8753 2
      vertex 67.3396 26.0549 4
      vertex 67.3396 26.0549 2
    endloop
  endfacet
  facet normal -0.946876 -0.3216 0
    outer loop
      vertex 67.3396 26.0549 4
      vertex 67.4006 25.8753 2
      vertex 67.4006 25.8753 4
    endloop
  endfacet
  facet normal 0.946876 0.3216 0
    outer loop
      vertex 64.6604 24.9451 4
      vertex 64.5994 25.1247 2
      vertex 64.5994 25.1247 4
    endloop
  endfacet
  facet normal 0.946876 0.3216 0
    outer loop
      vertex 64.5994 25.1247 2
      vertex 64.6604 24.9451 4
      vertex 64.6604 24.9451 2
    endloop
  endfacet
  facet normal 0.555309 0.831644 -0
    outer loop
      vertex 65.275 24.2443 2
      vertex 65.1173 24.3496 4
      vertex 65.275 24.2443 4
    endloop
  endfacet
  facet normal 0.555309 0.831644 0
    outer loop
      vertex 65.1173 24.3496 4
      vertex 65.275 24.2443 2
      vertex 65.1173 24.3496 2
    endloop
  endfacet
  facet normal -0.555309 -0.831644 0
    outer loop
      vertex 66.725 26.7557 2
      vertex 66.8827 26.6504 4
      vertex 66.725 26.7557 4
    endloop
  endfacet
  facet normal -0.555309 -0.831644 -0
    outer loop
      vertex 66.8827 26.6504 4
      vertex 66.725 26.7557 2
      vertex 66.8827 26.6504 2
    endloop
  endfacet
  facet normal -0.195102 0.980783 0
    outer loop
      vertex 66.3753 24.0994 2
      vertex 66.1893 24.0624 4
      vertex 66.3753 24.0994 4
    endloop
  endfacet
  facet normal -0.195102 0.980783 0
    outer loop
      vertex 66.1893 24.0624 4
      vertex 66.3753 24.0994 2
      vertex 66.1893 24.0624 2
    endloop
  endfacet
  facet normal -0.831644 -0.555309 0
    outer loop
      vertex 67.2557 26.225 2
      vertex 67.1504 26.3827 4
      vertex 67.1504 26.3827 2
    endloop
  endfacet
  facet normal -0.831644 -0.555309 0
    outer loop
      vertex 67.1504 26.3827 4
      vertex 67.2557 26.225 2
      vertex 67.2557 26.225 4
    endloop
  endfacet
  facet normal -0.442356 -0.896839 0
    outer loop
      vertex 66.5549 26.8396 2
      vertex 66.725 26.7557 4
      vertex 66.5549 26.8396 4
    endloop
  endfacet
  facet normal -0.442356 -0.896839 -0
    outer loop
      vertex 66.725 26.7557 4
      vertex 66.5549 26.8396 2
      vertex 66.725 26.7557 2
    endloop
  endfacet
  facet normal -0.0653644 -0.997861 0
    outer loop
      vertex 66 26.95 2
      vertex 66.1893 26.9376 4
      vertex 66 26.95 4
    endloop
  endfacet
  facet normal -0.0653644 -0.997861 -0
    outer loop
      vertex 66.1893 26.9376 4
      vertex 66 26.95 2
      vertex 66.1893 26.9376 2
    endloop
  endfacet
  facet normal -0.946876 0.3216 0
    outer loop
      vertex 67.3396 24.9451 2
      vertex 67.4006 25.1247 4
      vertex 67.4006 25.1247 2
    endloop
  endfacet
  facet normal -0.946876 0.3216 0
    outer loop
      vertex 67.4006 25.1247 4
      vertex 67.3396 24.9451 2
      vertex 67.3396 24.9451 4
    endloop
  endfacet
  facet normal -0.831644 0.555309 0
    outer loop
      vertex 67.1504 24.6173 2
      vertex 67.2557 24.775 4
      vertex 67.2557 24.775 2
    endloop
  endfacet
  facet normal -0.831644 0.555309 0
    outer loop
      vertex 67.2557 24.775 4
      vertex 67.1504 24.6173 2
      vertex 67.1504 24.6173 4
    endloop
  endfacet
  facet normal -0.997861 0.0653644 0
    outer loop
      vertex 67.4376 25.3107 2
      vertex 67.45 25.5 4
      vertex 67.45 25.5 2
    endloop
  endfacet
  facet normal -0.997861 0.0653644 0
    outer loop
      vertex 67.45 25.5 4
      vertex 67.4376 25.3107 2
      vertex 67.4376 25.3107 4
    endloop
  endfacet
  facet normal 0.442356 -0.896839 0
    outer loop
      vertex 65.275 26.7557 2
      vertex 65.4451 26.8396 4
      vertex 65.275 26.7557 4
    endloop
  endfacet
  facet normal 0.442356 -0.896839 0
    outer loop
      vertex 65.4451 26.8396 4
      vertex 65.275 26.7557 2
      vertex 65.4451 26.8396 2
    endloop
  endfacet
  facet normal 0.0653644 -0.997861 0
    outer loop
      vertex 65.8107 26.9376 2
      vertex 66 26.95 4
      vertex 65.8107 26.9376 4
    endloop
  endfacet
  facet normal 0.0653644 -0.997861 0
    outer loop
      vertex 66 26.95 4
      vertex 65.8107 26.9376 2
      vertex 66 26.95 2
    endloop
  endfacet
  facet normal 0.555309 -0.831644 0
    outer loop
      vertex 65.1173 26.6504 2
      vertex 65.275 26.7557 4
      vertex 65.1173 26.6504 4
    endloop
  endfacet
  facet normal 0.555309 -0.831644 0
    outer loop
      vertex 65.275 26.7557 4
      vertex 65.1173 26.6504 2
      vertex 65.275 26.7557 2
    endloop
  endfacet
  facet normal -0.896839 0.442356 0
    outer loop
      vertex 67.2557 24.775 2
      vertex 67.3396 24.9451 4
      vertex 67.3396 24.9451 2
    endloop
  endfacet
  facet normal -0.896839 0.442356 0
    outer loop
      vertex 67.3396 24.9451 4
      vertex 67.2557 24.775 2
      vertex 67.2557 24.775 4
    endloop
  endfacet
  facet normal 0.442356 0.896839 -0
    outer loop
      vertex 65.4451 24.1604 2
      vertex 65.275 24.2443 4
      vertex 65.4451 24.1604 4
    endloop
  endfacet
  facet normal 0.442356 0.896839 0
    outer loop
      vertex 65.275 24.2443 4
      vertex 65.4451 24.1604 2
      vertex 65.275 24.2443 2
    endloop
  endfacet
  facet normal 0.195102 0.980783 -0
    outer loop
      vertex 65.8107 24.0624 2
      vertex 65.6247 24.0994 4
      vertex 65.8107 24.0624 4
    endloop
  endfacet
  facet normal 0.195102 0.980783 0
    outer loop
      vertex 65.6247 24.0994 4
      vertex 65.8107 24.0624 2
      vertex 65.6247 24.0994 2
    endloop
  endfacet
  facet normal 0.980783 -0.195102 0
    outer loop
      vertex 64.5624 25.6893 4
      vertex 64.5994 25.8753 2
      vertex 64.5994 25.8753 4
    endloop
  endfacet
  facet normal 0.980783 -0.195102 0
    outer loop
      vertex 64.5994 25.8753 2
      vertex 64.5624 25.6893 4
      vertex 64.5624 25.6893 2
    endloop
  endfacet
  facet normal 0.659474 0.751727 -0
    outer loop
      vertex 65.1173 24.3496 2
      vertex 64.9747 24.4747 4
      vertex 65.1173 24.3496 4
    endloop
  endfacet
  facet normal 0.659474 0.751727 0
    outer loop
      vertex 64.9747 24.4747 4
      vertex 65.1173 24.3496 2
      vertex 64.9747 24.4747 2
    endloop
  endfacet
  facet normal 0.896839 0.442356 0
    outer loop
      vertex 64.7443 24.775 4
      vertex 64.6604 24.9451 2
      vertex 64.6604 24.9451 4
    endloop
  endfacet
  facet normal 0.896839 0.442356 0
    outer loop
      vertex 64.6604 24.9451 2
      vertex 64.7443 24.775 4
      vertex 64.7443 24.775 2
    endloop
  endfacet
  facet normal 0.831644 0.555309 0
    outer loop
      vertex 64.8496 24.6173 4
      vertex 64.7443 24.775 2
      vertex 64.7443 24.775 4
    endloop
  endfacet
  facet normal 0.831644 0.555309 0
    outer loop
      vertex 64.7443 24.775 2
      vertex 64.8496 24.6173 4
      vertex 64.8496 24.6173 2
    endloop
  endfacet
  facet normal -0.195102 -0.980783 0
    outer loop
      vertex 66.1893 26.9376 2
      vertex 66.3753 26.9006 4
      vertex 66.1893 26.9376 4
    endloop
  endfacet
  facet normal -0.195102 -0.980783 -0
    outer loop
      vertex 66.3753 26.9006 4
      vertex 66.1893 26.9376 2
      vertex 66.3753 26.9006 2
    endloop
  endfacet
  facet normal -0.3216 -0.946876 0
    outer loop
      vertex 66.3753 26.9006 2
      vertex 66.5549 26.8396 4
      vertex 66.3753 26.9006 4
    endloop
  endfacet
  facet normal -0.3216 -0.946876 -0
    outer loop
      vertex 66.5549 26.8396 4
      vertex 66.3753 26.9006 2
      vertex 66.5549 26.8396 2
    endloop
  endfacet
  facet normal -0.896839 -0.442356 0
    outer loop
      vertex 67.3396 26.0549 2
      vertex 67.2557 26.225 4
      vertex 67.2557 26.225 2
    endloop
  endfacet
  facet normal -0.896839 -0.442356 0
    outer loop
      vertex 67.2557 26.225 4
      vertex 67.3396 26.0549 2
      vertex 67.3396 26.0549 4
    endloop
  endfacet
  facet normal -0.659474 -0.751727 0
    outer loop
      vertex 66.8827 26.6504 2
      vertex 67.0253 26.5253 4
      vertex 66.8827 26.6504 4
    endloop
  endfacet
  facet normal -0.659474 -0.751727 -0
    outer loop
      vertex 67.0253 26.5253 4
      vertex 66.8827 26.6504 2
      vertex 67.0253 26.5253 2
    endloop
  endfacet
  facet normal 0.831644 -0.555309 0
    outer loop
      vertex 64.7443 26.225 4
      vertex 64.8496 26.3827 2
      vertex 64.8496 26.3827 4
    endloop
  endfacet
  facet normal 0.831644 -0.555309 0
    outer loop
      vertex 64.8496 26.3827 2
      vertex 64.7443 26.225 4
      vertex 64.7443 26.225 2
    endloop
  endfacet
  facet normal 0.946876 -0.3216 0
    outer loop
      vertex 64.5994 25.8753 4
      vertex 64.6604 26.0549 2
      vertex 64.6604 26.0549 4
    endloop
  endfacet
  facet normal 0.946876 -0.3216 0
    outer loop
      vertex 64.6604 26.0549 2
      vertex 64.5994 25.8753 4
      vertex 64.5994 25.8753 2
    endloop
  endfacet
  facet normal 0.751727 0.659474 0
    outer loop
      vertex 64.9747 24.4747 4
      vertex 64.8496 24.6173 2
      vertex 64.8496 24.6173 4
    endloop
  endfacet
  facet normal 0.751727 0.659474 0
    outer loop
      vertex 64.8496 24.6173 2
      vertex 64.9747 24.4747 4
      vertex 64.9747 24.4747 2
    endloop
  endfacet
  facet normal 0.195102 -0.980783 0
    outer loop
      vertex 65.6247 26.9006 2
      vertex 65.8107 26.9376 4
      vertex 65.6247 26.9006 4
    endloop
  endfacet
  facet normal 0.195102 -0.980783 0
    outer loop
      vertex 65.8107 26.9376 4
      vertex 65.6247 26.9006 2
      vertex 65.8107 26.9376 2
    endloop
  endfacet
  facet normal -0.980783 0.195102 0
    outer loop
      vertex 67.4006 25.1247 2
      vertex 67.4376 25.3107 4
      vertex 67.4376 25.3107 2
    endloop
  endfacet
  facet normal -0.980783 0.195102 0
    outer loop
      vertex 67.4376 25.3107 4
      vertex 67.4006 25.1247 2
      vertex 67.4006 25.1247 4
    endloop
  endfacet
  facet normal -0.659474 0.751727 0
    outer loop
      vertex 67.0253 24.4747 2
      vertex 66.8827 24.3496 4
      vertex 67.0253 24.4747 4
    endloop
  endfacet
  facet normal -0.659474 0.751727 0
    outer loop
      vertex 66.8827 24.3496 4
      vertex 67.0253 24.4747 2
      vertex 66.8827 24.3496 2
    endloop
  endfacet
  facet normal -0.555309 0.831644 0
    outer loop
      vertex 66.8827 24.3496 2
      vertex 66.725 24.2443 4
      vertex 66.8827 24.3496 4
    endloop
  endfacet
  facet normal -0.555309 0.831644 0
    outer loop
      vertex 66.725 24.2443 4
      vertex 66.8827 24.3496 2
      vertex 66.725 24.2443 2
    endloop
  endfacet
  facet normal 0.0653644 0.997861 -0
    outer loop
      vertex 66 24.05 2
      vertex 65.8107 24.0624 4
      vertex 66 24.05 4
    endloop
  endfacet
  facet normal 0.0653644 0.997861 0
    outer loop
      vertex 65.8107 24.0624 4
      vertex 66 24.05 2
      vertex 65.8107 24.0624 2
    endloop
  endfacet
  facet normal -0.98075 -0.195268 0
    outer loop
      vertex 68.5778 25.8394 0
      vertex 68.5114 26.1729 2
      vertex 68.5114 26.1729 0
    endloop
  endfacet
  facet normal -0.98075 -0.195268 0
    outer loop
      vertex 68.5114 26.1729 2
      vertex 68.5778 25.8394 0
      vertex 68.5778 25.8394 2
    endloop
  endfacet
  facet normal -0.997868 -0.0652701 0
    outer loop
      vertex 68.6 25.5 0
      vertex 68.5778 25.8394 2
      vertex 68.5778 25.8394 0
    endloop
  endfacet
  facet normal -0.997868 -0.0652701 0
    outer loop
      vertex 68.5778 25.8394 2
      vertex 68.6 25.5 0
      vertex 68.6 25.5 2
    endloop
  endfacet
  facet normal -0.946964 -0.321339 0
    outer loop
      vertex 68.5114 26.1729 0
      vertex 68.4021 26.495 2
      vertex 68.4021 26.495 0
    endloop
  endfacet
  facet normal -0.946964 -0.321339 0
    outer loop
      vertex 68.4021 26.495 2
      vertex 68.5114 26.1729 0
      vertex 68.5114 26.1729 2
    endloop
  endfacet
  facet normal 0.659275 -0.751902 0
    outer loop
      vertex 64.1615 27.3385 0
      vertex 64.4172 27.5627 2
      vertex 64.1615 27.3385 2
    endloop
  endfacet
  facet normal 0.659275 -0.751902 0
    outer loop
      vertex 64.4172 27.5627 2
      vertex 64.1615 27.3385 0
      vertex 64.4172 27.5627 0
    endloop
  endfacet
  facet normal -0.0652701 -0.997868 0
    outer loop
      vertex 66 28.1 0
      vertex 66.3394 28.0778 2
      vertex 66 28.1 2
    endloop
  endfacet
  facet normal -0.0652701 -0.997868 -0
    outer loop
      vertex 66.3394 28.0778 2
      vertex 66 28.1 0
      vertex 66.3394 28.0778 0
    endloop
  endfacet
  facet normal 0.946964 -0.321339 0
    outer loop
      vertex 63.4886 26.1729 2
      vertex 63.5979 26.495 0
      vertex 63.5979 26.495 2
    endloop
  endfacet
  facet normal 0.946964 -0.321339 0
    outer loop
      vertex 63.5979 26.495 0
      vertex 63.4886 26.1729 2
      vertex 63.4886 26.1729 0
    endloop
  endfacet
  facet normal -0.98075 0.195268 0
    outer loop
      vertex 68.5114 24.8271 0
      vertex 68.5778 25.1606 2
      vertex 68.5778 25.1606 0
    endloop
  endfacet
  facet normal -0.98075 0.195268 0
    outer loop
      vertex 68.5778 25.1606 2
      vertex 68.5114 24.8271 0
      vertex 68.5114 24.8271 2
    endloop
  endfacet
  facet normal 0.831417 0.55565 0
    outer loop
      vertex 63.9373 23.9172 2
      vertex 63.7483 24.2 0
      vertex 63.7483 24.2 2
    endloop
  endfacet
  facet normal 0.831417 0.55565 0
    outer loop
      vertex 63.7483 24.2 0
      vertex 63.9373 23.9172 2
      vertex 63.9373 23.9172 0
    endloop
  endfacet
  facet normal 0.98075 -0.195268 0
    outer loop
      vertex 63.4222 25.8394 2
      vertex 63.4886 26.1729 0
      vertex 63.4886 26.1729 2
    endloop
  endfacet
  facet normal 0.98075 -0.195268 0
    outer loop
      vertex 63.4886 26.1729 0
      vertex 63.4222 25.8394 2
      vertex 63.4222 25.8394 0
    endloop
  endfacet
  facet normal 0.55565 -0.831417 0
    outer loop
      vertex 64.4172 27.5627 0
      vertex 64.7 27.7517 2
      vertex 64.4172 27.5627 2
    endloop
  endfacet
  facet normal 0.55565 -0.831417 0
    outer loop
      vertex 64.7 27.7517 2
      vertex 64.4172 27.5627 0
      vertex 64.7 27.7517 0
    endloop
  endfacet
  facet normal 0.946964 0.321339 0
    outer loop
      vertex 63.5979 24.505 2
      vertex 63.4886 24.8271 0
      vertex 63.4886 24.8271 2
    endloop
  endfacet
  facet normal 0.946964 0.321339 0
    outer loop
      vertex 63.4886 24.8271 0
      vertex 63.5979 24.505 2
      vertex 63.5979 24.505 0
    endloop
  endfacet
  facet normal 0.98075 0.195268 0
    outer loop
      vertex 63.4886 24.8271 2
      vertex 63.4222 25.1606 0
      vertex 63.4222 25.1606 2
    endloop
  endfacet
  facet normal 0.98075 0.195268 0
    outer loop
      vertex 63.4222 25.1606 0
      vertex 63.4886 24.8271 2
      vertex 63.4886 24.8271 0
    endloop
  endfacet
  facet normal -0.321339 0.946964 0
    outer loop
      vertex 66.995 23.0979 0
      vertex 66.6729 22.9886 2
      vertex 66.995 23.0979 2
    endloop
  endfacet
  facet normal -0.321339 0.946964 0
    outer loop
      vertex 66.6729 22.9886 2
      vertex 66.995 23.0979 0
      vertex 66.6729 22.9886 0
    endloop
  endfacet
  facet normal 0.751902 -0.659275 0
    outer loop
      vertex 63.9373 27.0828 2
      vertex 64.1615 27.3385 0
      vertex 64.1615 27.3385 2
    endloop
  endfacet
  facet normal 0.751902 -0.659275 0
    outer loop
      vertex 64.1615 27.3385 0
      vertex 63.9373 27.0828 2
      vertex 63.9373 27.0828 0
    endloop
  endfacet
  facet normal -0.195268 0.98075 0
    outer loop
      vertex 66.6729 22.9886 0
      vertex 66.3394 22.9222 2
      vertex 66.6729 22.9886 2
    endloop
  endfacet
  facet normal -0.195268 0.98075 0
    outer loop
      vertex 66.3394 22.9222 2
      vertex 66.6729 22.9886 0
      vertex 66.3394 22.9222 0
    endloop
  endfacet
  facet normal 0.321339 -0.946964 0
    outer loop
      vertex 65.005 27.9021 0
      vertex 65.3271 28.0114 2
      vertex 65.005 27.9021 2
    endloop
  endfacet
  facet normal 0.321339 -0.946964 0
    outer loop
      vertex 65.3271 28.0114 2
      vertex 65.005 27.9021 0
      vertex 65.3271 28.0114 0
    endloop
  endfacet
  facet normal -0.896884 -0.442267 0
    outer loop
      vertex 68.4021 26.495 0
      vertex 68.2517 26.8 2
      vertex 68.2517 26.8 0
    endloop
  endfacet
  facet normal -0.896884 -0.442267 0
    outer loop
      vertex 68.2517 26.8 2
      vertex 68.4021 26.495 0
      vertex 68.4021 26.495 2
    endloop
  endfacet
  facet normal 0.997868 0.0652701 0
    outer loop
      vertex 63.4222 25.1606 2
      vertex 63.4 25.5 0
      vertex 63.4 25.5 2
    endloop
  endfacet
  facet normal 0.997868 0.0652701 0
    outer loop
      vertex 63.4 25.5 0
      vertex 63.4222 25.1606 2
      vertex 63.4222 25.1606 0
    endloop
  endfacet
  facet normal 0.0652701 0.997868 -0
    outer loop
      vertex 66 22.9 0
      vertex 65.6606 22.9222 2
      vertex 66 22.9 2
    endloop
  endfacet
  facet normal 0.0652701 0.997868 0
    outer loop
      vertex 65.6606 22.9222 2
      vertex 66 22.9 0
      vertex 65.6606 22.9222 0
    endloop
  endfacet
  facet normal -0.195268 -0.98075 0
    outer loop
      vertex 66.3394 28.0778 0
      vertex 66.6729 28.0114 2
      vertex 66.3394 28.0778 2
    endloop
  endfacet
  facet normal -0.195268 -0.98075 -0
    outer loop
      vertex 66.6729 28.0114 2
      vertex 66.3394 28.0778 0
      vertex 66.6729 28.0114 0
    endloop
  endfacet
  facet normal -0.831417 0.55565 0
    outer loop
      vertex 68.0627 23.9172 0
      vertex 68.2517 24.2 2
      vertex 68.2517 24.2 0
    endloop
  endfacet
  facet normal -0.831417 0.55565 0
    outer loop
      vertex 68.2517 24.2 2
      vertex 68.0627 23.9172 0
      vertex 68.0627 23.9172 2
    endloop
  endfacet
  facet normal 0.751902 0.659275 0
    outer loop
      vertex 64.1615 23.6615 2
      vertex 63.9373 23.9172 0
      vertex 63.9373 23.9172 2
    endloop
  endfacet
  facet normal 0.751902 0.659275 0
    outer loop
      vertex 63.9373 23.9172 0
      vertex 64.1615 23.6615 2
      vertex 64.1615 23.6615 0
    endloop
  endfacet
  facet normal 0.195268 0.98075 -0
    outer loop
      vertex 65.6606 22.9222 0
      vertex 65.3271 22.9886 2
      vertex 65.6606 22.9222 2
    endloop
  endfacet
  facet normal 0.195268 0.98075 0
    outer loop
      vertex 65.3271 22.9886 2
      vertex 65.6606 22.9222 0
      vertex 65.3271 22.9886 0
    endloop
  endfacet
  facet normal -0.55565 -0.831417 0
    outer loop
      vertex 67.3 27.7517 0
      vertex 67.5828 27.5627 2
      vertex 67.3 27.7517 2
    endloop
  endfacet
  facet normal -0.55565 -0.831417 -0
    outer loop
      vertex 67.5828 27.5627 2
      vertex 67.3 27.7517 0
      vertex 67.5828 27.5627 0
    endloop
  endfacet
  facet normal -0.997868 0.0652701 0
    outer loop
      vertex 68.5778 25.1606 0
      vertex 68.6 25.5 2
      vertex 68.6 25.5 0
    endloop
  endfacet
  facet normal -0.997868 0.0652701 0
    outer loop
      vertex 68.6 25.5 2
      vertex 68.5778 25.1606 0
      vertex 68.5778 25.1606 2
    endloop
  endfacet
  facet normal 0.195268 -0.98075 0
    outer loop
      vertex 65.3271 28.0114 0
      vertex 65.6606 28.0778 2
      vertex 65.3271 28.0114 2
    endloop
  endfacet
  facet normal 0.195268 -0.98075 0
    outer loop
      vertex 65.6606 28.0778 2
      vertex 65.3271 28.0114 0
      vertex 65.6606 28.0778 0
    endloop
  endfacet
  facet normal -0.659275 -0.751902 0
    outer loop
      vertex 67.5828 27.5627 0
      vertex 67.8385 27.3385 2
      vertex 67.5828 27.5627 2
    endloop
  endfacet
  facet normal -0.659275 -0.751902 -0
    outer loop
      vertex 67.8385 27.3385 2
      vertex 67.5828 27.5627 0
      vertex 67.8385 27.3385 0
    endloop
  endfacet
  facet normal -0.751902 -0.659275 0
    outer loop
      vertex 68.0627 27.0828 0
      vertex 67.8385 27.3385 2
      vertex 67.8385 27.3385 0
    endloop
  endfacet
  facet normal -0.751902 -0.659275 0
    outer loop
      vertex 67.8385 27.3385 2
      vertex 68.0627 27.0828 0
      vertex 68.0627 27.0828 2
    endloop
  endfacet
  facet normal 0.321339 0.946964 -0
    outer loop
      vertex 65.3271 22.9886 0
      vertex 65.005 23.0979 2
      vertex 65.3271 22.9886 2
    endloop
  endfacet
  facet normal 0.321339 0.946964 0
    outer loop
      vertex 65.005 23.0979 2
      vertex 65.3271 22.9886 0
      vertex 65.005 23.0979 0
    endloop
  endfacet
  facet normal -0.0652701 0.997868 0
    outer loop
      vertex 66.3394 22.9222 0
      vertex 66 22.9 2
      vertex 66.3394 22.9222 2
    endloop
  endfacet
  facet normal -0.0652701 0.997868 0
    outer loop
      vertex 66 22.9 2
      vertex 66.3394 22.9222 0
      vertex 66 22.9 0
    endloop
  endfacet
  facet normal -0.55565 0.831417 0
    outer loop
      vertex 67.5828 23.4373 0
      vertex 67.3 23.2483 2
      vertex 67.5828 23.4373 2
    endloop
  endfacet
  facet normal -0.55565 0.831417 0
    outer loop
      vertex 67.3 23.2483 2
      vertex 67.5828 23.4373 0
      vertex 67.3 23.2483 0
    endloop
  endfacet
  facet normal -0.946964 0.321339 0
    outer loop
      vertex 68.4021 24.505 0
      vertex 68.5114 24.8271 2
      vertex 68.5114 24.8271 0
    endloop
  endfacet
  facet normal -0.946964 0.321339 0
    outer loop
      vertex 68.5114 24.8271 2
      vertex 68.4021 24.505 0
      vertex 68.4021 24.505 2
    endloop
  endfacet
  facet normal -0.442267 -0.896884 0
    outer loop
      vertex 66.995 27.9021 0
      vertex 67.3 27.7517 2
      vertex 66.995 27.9021 2
    endloop
  endfacet
  facet normal -0.442267 -0.896884 -0
    outer loop
      vertex 67.3 27.7517 2
      vertex 66.995 27.9021 0
      vertex 67.3 27.7517 0
    endloop
  endfacet
  facet normal -0.831417 -0.55565 0
    outer loop
      vertex 68.2517 26.8 0
      vertex 68.0627 27.0828 2
      vertex 68.0627 27.0828 0
    endloop
  endfacet
  facet normal -0.831417 -0.55565 0
    outer loop
      vertex 68.0627 27.0828 2
      vertex 68.2517 26.8 0
      vertex 68.2517 26.8 2
    endloop
  endfacet
  facet normal -0.659275 0.751902 0
    outer loop
      vertex 67.8385 23.6615 0
      vertex 67.5828 23.4373 2
      vertex 67.8385 23.6615 2
    endloop
  endfacet
  facet normal -0.659275 0.751902 0
    outer loop
      vertex 67.5828 23.4373 2
      vertex 67.8385 23.6615 0
      vertex 67.5828 23.4373 0
    endloop
  endfacet
  facet normal -0.751902 0.659275 0
    outer loop
      vertex 67.8385 23.6615 0
      vertex 68.0627 23.9172 2
      vertex 68.0627 23.9172 0
    endloop
  endfacet
  facet normal -0.751902 0.659275 0
    outer loop
      vertex 68.0627 23.9172 2
      vertex 67.8385 23.6615 0
      vertex 67.8385 23.6615 2
    endloop
  endfacet
  facet normal -0.321339 -0.946964 0
    outer loop
      vertex 66.6729 28.0114 0
      vertex 66.995 27.9021 2
      vertex 66.6729 28.0114 2
    endloop
  endfacet
  facet normal -0.321339 -0.946964 -0
    outer loop
      vertex 66.995 27.9021 2
      vertex 66.6729 28.0114 0
      vertex 66.995 27.9021 0
    endloop
  endfacet
  facet normal 0.0652701 -0.997868 0
    outer loop
      vertex 65.6606 28.0778 0
      vertex 66 28.1 2
      vertex 65.6606 28.0778 2
    endloop
  endfacet
  facet normal 0.0652701 -0.997868 0
    outer loop
      vertex 66 28.1 2
      vertex 65.6606 28.0778 0
      vertex 66 28.1 0
    endloop
  endfacet
  facet normal 0.659275 0.751902 -0
    outer loop
      vertex 64.4172 23.4373 0
      vertex 64.1615 23.6615 2
      vertex 64.4172 23.4373 2
    endloop
  endfacet
  facet normal 0.659275 0.751902 0
    outer loop
      vertex 64.1615 23.6615 2
      vertex 64.4172 23.4373 0
      vertex 64.1615 23.6615 0
    endloop
  endfacet
  facet normal -0.896884 0.442267 0
    outer loop
      vertex 68.2517 24.2 0
      vertex 68.4021 24.505 2
      vertex 68.4021 24.505 0
    endloop
  endfacet
  facet normal -0.896884 0.442267 0
    outer loop
      vertex 68.4021 24.505 2
      vertex 68.2517 24.2 0
      vertex 68.2517 24.2 2
    endloop
  endfacet
  facet normal 0.997868 -0.0652701 0
    outer loop
      vertex 63.4 25.5 2
      vertex 63.4222 25.8394 0
      vertex 63.4222 25.8394 2
    endloop
  endfacet
  facet normal 0.997868 -0.0652701 0
    outer loop
      vertex 63.4222 25.8394 0
      vertex 63.4 25.5 2
      vertex 63.4 25.5 0
    endloop
  endfacet
  facet normal -0.442267 0.896884 0
    outer loop
      vertex 67.3 23.2483 0
      vertex 66.995 23.0979 2
      vertex 67.3 23.2483 2
    endloop
  endfacet
  facet normal -0.442267 0.896884 0
    outer loop
      vertex 66.995 23.0979 2
      vertex 67.3 23.2483 0
      vertex 66.995 23.0979 0
    endloop
  endfacet
  facet normal 0.442267 0.896884 -0
    outer loop
      vertex 65.005 23.0979 0
      vertex 64.7 23.2483 2
      vertex 65.005 23.0979 2
    endloop
  endfacet
  facet normal 0.442267 0.896884 0
    outer loop
      vertex 64.7 23.2483 2
      vertex 65.005 23.0979 0
      vertex 64.7 23.2483 0
    endloop
  endfacet
  facet normal 0.442267 -0.896884 0
    outer loop
      vertex 64.7 27.7517 0
      vertex 65.005 27.9021 2
      vertex 64.7 27.7517 2
    endloop
  endfacet
  facet normal 0.442267 -0.896884 0
    outer loop
      vertex 65.005 27.9021 2
      vertex 64.7 27.7517 0
      vertex 65.005 27.9021 0
    endloop
  endfacet
  facet normal 0.896884 0.442267 0
    outer loop
      vertex 63.7483 24.2 2
      vertex 63.5979 24.505 0
      vertex 63.5979 24.505 2
    endloop
  endfacet
  facet normal 0.896884 0.442267 0
    outer loop
      vertex 63.5979 24.505 0
      vertex 63.7483 24.2 2
      vertex 63.7483 24.2 0
    endloop
  endfacet
  facet normal 0.896884 -0.442267 0
    outer loop
      vertex 63.5979 26.495 2
      vertex 63.7483 26.8 0
      vertex 63.7483 26.8 2
    endloop
  endfacet
  facet normal 0.896884 -0.442267 0
    outer loop
      vertex 63.7483 26.8 0
      vertex 63.5979 26.495 2
      vertex 63.5979 26.495 0
    endloop
  endfacet
  facet normal 0.831417 -0.55565 0
    outer loop
      vertex 63.7483 26.8 2
      vertex 63.9373 27.0828 0
      vertex 63.9373 27.0828 2
    endloop
  endfacet
  facet normal 0.831417 -0.55565 0
    outer loop
      vertex 63.9373 27.0828 0
      vertex 63.7483 26.8 2
      vertex 63.7483 26.8 0
    endloop
  endfacet
  facet normal 0.55565 0.831417 -0
    outer loop
      vertex 64.7 23.2483 0
      vertex 64.4172 23.4373 2
      vertex 64.7 23.2483 2
    endloop
  endfacet
  facet normal 0.55565 0.831417 0
    outer loop
      vertex 64.4172 23.4373 2
      vertex 64.7 23.2483 0
      vertex 64.4172 23.4373 0
    endloop
  endfacet
  facet normal 0 0 -1
    outer loop
      vertex 67.45 25.5 2
      vertex 68.6 25.5 2
      vertex 68.5778 25.1606 2
    endloop
  endfacet
  facet normal 0 0 -1
    outer loop
      vertex 67.4376 25.3107 2
      vertex 68.5778 25.1606 2
      vertex 68.5114 24.8271 2
    endloop
  endfacet
  facet normal 0 0 -1
    outer loop
      vertex 68.6 25.5 2
      vertex 67.45 25.5 2
      vertex 68.5778 25.8394 2
    endloop
  endfacet
  facet normal 0 0 -1
    outer loop
      vertex 67.4006 25.1247 2
      vertex 68.5114 24.8271 2
      vertex 68.4021 24.505 2
    endloop
  endfacet
  facet normal 0 0 -1
    outer loop
      vertex 67.4376 25.6893 2
      vertex 68.5778 25.8394 2
      vertex 67.45 25.5 2
    endloop
  endfacet
  facet normal 0 0 -1
    outer loop
      vertex 67.3396 24.9451 2
      vertex 68.4021 24.505 2
      vertex 68.2517 24.2 2
    endloop
  endfacet
  facet normal -0 0 -1
    outer loop
      vertex 68.5778 25.8394 2
      vertex 67.4376 25.6893 2
      vertex 68.5114 26.1729 2
    endloop
  endfacet
  facet normal 0 0 -1
    outer loop
      vertex 67.2557 24.775 2
      vertex 68.2517 24.2 2
      vertex 68.0627 23.9172 2
    endloop
  endfacet
  facet normal 0 0 -1
    outer loop
      vertex 67.4006 25.8753 2
      vertex 68.5114 26.1729 2
      vertex 67.4376 25.6893 2
    endloop
  endfacet
  facet normal 0 0 -1
    outer loop
      vertex 67.1504 24.6173 2
      vertex 68.0627 23.9172 2
      vertex 67.8385 23.6615 2
    endloop
  endfacet
  facet normal -0 0 -1
    outer loop
      vertex 68.5114 26.1729 2
      vertex 67.4006 25.8753 2
      vertex 68.4021 26.495 2
    endloop
  endfacet
  facet normal 0 0 -1
    outer loop
      vertex 67.0253 24.4747 2
      vertex 67.8385 23.6615 2
      vertex 67.5828 23.4373 2
    endloop
  endfacet
  facet normal 0 0 -1
    outer loop
      vertex 67.3396 26.0549 2
      vertex 68.4021 26.495 2
      vertex 67.4006 25.8753 2
    endloop
  endfacet
  facet normal -0 0 -1
    outer loop
      vertex 68.4021 26.495 2
      vertex 67.3396 26.0549 2
      vertex 68.2517 26.8 2
    endloop
  endfacet
  facet normal 0 0 -1
    outer loop
      vertex 68.5778 25.1606 2
      vertex 67.4376 25.3107 2
      vertex 67.45 25.5 2
    endloop
  endfacet
  facet normal 0 0 -1
    outer loop
      vertex 68.5114 24.8271 2
      vertex 67.4006 25.1247 2
      vertex 67.4376 25.3107 2
    endloop
  endfacet
  facet normal 0 0 -1
    outer loop
      vertex 68.4021 24.505 2
      vertex 67.3396 24.9451 2
      vertex 67.4006 25.1247 2
    endloop
  endfacet
  facet normal 0 0 -1
    outer loop
      vertex 66.8827 24.3496 2
      vertex 67.5828 23.4373 2
      vertex 67.3 23.2483 2
    endloop
  endfacet
  facet normal 0 0 -1
    outer loop
      vertex 68.2517 24.2 2
      vertex 67.2557 24.775 2
      vertex 67.3396 24.9451 2
    endloop
  endfacet
  facet normal 0 0 -1
    outer loop
      vertex 68.0627 23.9172 2
      vertex 67.1504 24.6173 2
      vertex 67.2557 24.775 2
    endloop
  endfacet
  facet normal 0 0 -1
    outer loop
      vertex 67.8385 23.6615 2
      vertex 67.0253 24.4747 2
      vertex 67.1504 24.6173 2
    endloop
  endfacet
  facet normal 0 0 -1
    outer loop
      vertex 66.725 24.2443 2
      vertex 67.3 23.2483 2
      vertex 66.995 23.0979 2
    endloop
  endfacet
  facet normal 0 0 -1
    outer loop
      vertex 67.5828 23.4373 2
      vertex 66.8827 24.3496 2
      vertex 67.0253 24.4747 2
    endloop
  endfacet
  facet normal 0 0 -1
    outer loop
      vertex 67.3 23.2483 2
      vertex 66.725 24.2443 2
      vertex 66.8827 24.3496 2
    endloop
  endfacet
  facet normal 0 0 -1
    outer loop
      vertex 66.5549 24.1604 2
      vertex 66.995 23.0979 2
      vertex 66.6729 22.9886 2
    endloop
  endfacet
  facet normal 0 0 -1
    outer loop
      vertex 66.995 23.0979 2
      vertex 66.5549 24.1604 2
      vertex 66.725 24.2443 2
    endloop
  endfacet
  facet normal 0 0 -1
    outer loop
      vertex 66.6729 22.9886 2
      vertex 66.3753 24.0994 2
      vertex 66.5549 24.1604 2
    endloop
  endfacet
  facet normal 0 0 -1
    outer loop
      vertex 66.3394 22.9222 2
      vertex 66.3753 24.0994 2
      vertex 66.6729 22.9886 2
    endloop
  endfacet
  facet normal 0 0 -1
    outer loop
      vertex 66.3394 22.9222 2
      vertex 66.1893 24.0624 2
      vertex 66.3753 24.0994 2
    endloop
  endfacet
  facet normal 0 0 -1
    outer loop
      vertex 66 22.9 2
      vertex 66.1893 24.0624 2
      vertex 66.3394 22.9222 2
    endloop
  endfacet
  facet normal 0 0 -1
    outer loop
      vertex 66 22.9 2
      vertex 66 24.05 2
      vertex 66.1893 24.0624 2
    endloop
  endfacet
  facet normal 0 0 -1
    outer loop
      vertex 66 22.9 2
      vertex 65.8107 24.0624 2
      vertex 66 24.05 2
    endloop
  endfacet
  facet normal 0 0 -1
    outer loop
      vertex 65.6606 22.9222 2
      vertex 65.8107 24.0624 2
      vertex 66 22.9 2
    endloop
  endfacet
  facet normal 0 0 -1
    outer loop
      vertex 65.6606 22.9222 2
      vertex 65.6247 24.0994 2
      vertex 65.8107 24.0624 2
    endloop
  endfacet
  facet normal 0 0 -1
    outer loop
      vertex 65.3271 22.9886 2
      vertex 65.6247 24.0994 2
      vertex 65.6606 22.9222 2
    endloop
  endfacet
  facet normal -0 0 -1
    outer loop
      vertex 65.6247 24.0994 2
      vertex 65.3271 22.9886 2
      vertex 65.4451 24.1604 2
    endloop
  endfacet
  facet normal 0 0 -1
    outer loop
      vertex 65.005 23.0979 2
      vertex 65.4451 24.1604 2
      vertex 65.3271 22.9886 2
    endloop
  endfacet
  facet normal -0 0 -1
    outer loop
      vertex 65.4451 24.1604 2
      vertex 65.005 23.0979 2
      vertex 65.275 24.2443 2
    endloop
  endfacet
  facet normal 0 0 -1
    outer loop
      vertex 64.7 23.2483 2
      vertex 65.275 24.2443 2
      vertex 65.005 23.0979 2
    endloop
  endfacet
  facet normal -0 0 -1
    outer loop
      vertex 65.275 24.2443 2
      vertex 64.7 23.2483 2
      vertex 65.1173 24.3496 2
    endloop
  endfacet
  facet normal 0 0 -1
    outer loop
      vertex 64.4172 23.4373 2
      vertex 65.1173 24.3496 2
      vertex 64.7 23.2483 2
    endloop
  endfacet
  facet normal -0 0 -1
    outer loop
      vertex 65.1173 24.3496 2
      vertex 64.4172 23.4373 2
      vertex 64.9747 24.4747 2
    endloop
  endfacet
  facet normal 0 0 -1
    outer loop
      vertex 64.1615 23.6615 2
      vertex 64.9747 24.4747 2
      vertex 64.4172 23.4373 2
    endloop
  endfacet
  facet normal -0 0 -1
    outer loop
      vertex 64.9747 24.4747 2
      vertex 64.1615 23.6615 2
      vertex 64.8496 24.6173 2
    endloop
  endfacet
  facet normal 0 0 -1
    outer loop
      vertex 63.9373 23.9172 2
      vertex 64.8496 24.6173 2
      vertex 64.1615 23.6615 2
    endloop
  endfacet
  facet normal -0 0 -1
    outer loop
      vertex 64.8496 24.6173 2
      vertex 63.9373 23.9172 2
      vertex 64.7443 24.775 2
    endloop
  endfacet
  facet normal -0 0 -1
    outer loop
      vertex 64.7443 24.775 2
      vertex 63.7483 24.2 2
      vertex 64.6604 24.9451 2
    endloop
  endfacet
  facet normal 0 0 -1
    outer loop
      vertex 63.7483 24.2 2
      vertex 64.7443 24.775 2
      vertex 63.9373 23.9172 2
    endloop
  endfacet
  facet normal 0 0 -1
    outer loop
      vertex 67.2557 26.225 2
      vertex 68.2517 26.8 2
      vertex 67.3396 26.0549 2
    endloop
  endfacet
  facet normal -0 0 -1
    outer loop
      vertex 68.2517 26.8 2
      vertex 67.2557 26.225 2
      vertex 68.0627 27.0828 2
    endloop
  endfacet
  facet normal 0 0 -1
    outer loop
      vertex 67.1504 26.3827 2
      vertex 68.0627 27.0828 2
      vertex 67.2557 26.225 2
    endloop
  endfacet
  facet normal -0 0 -1
    outer loop
      vertex 68.0627 27.0828 2
      vertex 67.1504 26.3827 2
      vertex 67.8385 27.3385 2
    endloop
  endfacet
  facet normal 0 0 -1
    outer loop
      vertex 67.0253 26.5253 2
      vertex 67.8385 27.3385 2
      vertex 67.1504 26.3827 2
    endloop
  endfacet
  facet normal -0 0 -1
    outer loop
      vertex 67.8385 27.3385 2
      vertex 67.0253 26.5253 2
      vertex 67.5828 27.5627 2
    endloop
  endfacet
  facet normal 0 0 -1
    outer loop
      vertex 66.8827 26.6504 2
      vertex 67.5828 27.5627 2
      vertex 67.0253 26.5253 2
    endloop
  endfacet
  facet normal -0 0 -1
    outer loop
      vertex 67.5828 27.5627 2
      vertex 66.8827 26.6504 2
      vertex 67.3 27.7517 2
    endloop
  endfacet
  facet normal 0 0 -1
    outer loop
      vertex 66.725 26.7557 2
      vertex 67.3 27.7517 2
      vertex 66.8827 26.6504 2
    endloop
  endfacet
  facet normal -0 0 -1
    outer loop
      vertex 67.3 27.7517 2
      vertex 66.725 26.7557 2
      vertex 66.995 27.9021 2
    endloop
  endfacet
  facet normal 0 0 -1
    outer loop
      vertex 66.5549 26.8396 2
      vertex 66.995 27.9021 2
      vertex 66.725 26.7557 2
    endloop
  endfacet
  facet normal -0 0 -1
    outer loop
      vertex 66.995 27.9021 2
      vertex 66.5549 26.8396 2
      vertex 66.6729 28.0114 2
    endloop
  endfacet
  facet normal 0 0 -1
    outer loop
      vertex 66.3753 26.9006 2
      vertex 66.6729 28.0114 2
      vertex 66.5549 26.8396 2
    endloop
  endfacet
  facet normal 0 0 -1
    outer loop
      vertex 66.3753 26.9006 2
      vertex 66.3394 28.0778 2
      vertex 66.6729 28.0114 2
    endloop
  endfacet
  facet normal 0 0 -1
    outer loop
      vertex 66.1893 26.9376 2
      vertex 66.3394 28.0778 2
      vertex 66.3753 26.9006 2
    endloop
  endfacet
  facet normal 0 0 -1
    outer loop
      vertex 66 26.95 2
      vertex 66.3394 28.0778 2
      vertex 66.1893 26.9376 2
    endloop
  endfacet
  facet normal 0 0 -1
    outer loop
      vertex 66 26.95 2
      vertex 66 28.1 2
      vertex 66.3394 28.0778 2
    endloop
  endfacet
  facet normal 0 0 -1
    outer loop
      vertex 65.8107 26.9376 2
      vertex 66 28.1 2
      vertex 66 26.95 2
    endloop
  endfacet
  facet normal 0 0 -1
    outer loop
      vertex 65.8107 26.9376 2
      vertex 65.6606 28.0778 2
      vertex 66 28.1 2
    endloop
  endfacet
  facet normal 0 0 -1
    outer loop
      vertex 65.6247 26.9006 2
      vertex 65.6606 28.0778 2
      vertex 65.8107 26.9376 2
    endloop
  endfacet
  facet normal 0 0 -1
    outer loop
      vertex 65.3271 28.0114 2
      vertex 65.6247 26.9006 2
      vertex 65.4451 26.8396 2
    endloop
  endfacet
  facet normal 0 0 -1
    outer loop
      vertex 65.6247 26.9006 2
      vertex 65.3271 28.0114 2
      vertex 65.6606 28.0778 2
    endloop
  endfacet
  facet normal 0 0 -1
    outer loop
      vertex 65.005 27.9021 2
      vertex 65.4451 26.8396 2
      vertex 65.275 26.7557 2
    endloop
  endfacet
  facet normal 0 0 -1
    outer loop
      vertex 64.7 27.7517 2
      vertex 65.275 26.7557 2
      vertex 65.1173 26.6504 2
    endloop
  endfacet
  facet normal 0 0 -1
    outer loop
      vertex 65.4451 26.8396 2
      vertex 65.005 27.9021 2
      vertex 65.3271 28.0114 2
    endloop
  endfacet
  facet normal 0 0 -1
    outer loop
      vertex 64.4172 27.5627 2
      vertex 65.1173 26.6504 2
      vertex 64.9747 26.5253 2
    endloop
  endfacet
  facet normal 0 0 -1
    outer loop
      vertex 64.1615 27.3385 2
      vertex 64.9747 26.5253 2
      vertex 64.8496 26.3827 2
    endloop
  endfacet
  facet normal 0 0 -1
    outer loop
      vertex 63.9373 27.0828 2
      vertex 64.8496 26.3827 2
      vertex 64.7443 26.225 2
    endloop
  endfacet
  facet normal 0 0 -1
    outer loop
      vertex 65.275 26.7557 2
      vertex 64.7 27.7517 2
      vertex 65.005 27.9021 2
    endloop
  endfacet
  facet normal 0 0 -1
    outer loop
      vertex 63.7483 26.8 2
      vertex 64.7443 26.225 2
      vertex 64.6604 26.0549 2
    endloop
  endfacet
  facet normal 0 0 -1
    outer loop
      vertex 63.5979 26.495 2
      vertex 64.6604 26.0549 2
      vertex 64.5994 25.8753 2
    endloop
  endfacet
  facet normal 0 0 -1
    outer loop
      vertex 63.4886 26.1729 2
      vertex 64.5994 25.8753 2
      vertex 64.5624 25.6893 2
    endloop
  endfacet
  facet normal 0 0 -1
    outer loop
      vertex 65.1173 26.6504 2
      vertex 64.4172 27.5627 2
      vertex 64.7 27.7517 2
    endloop
  endfacet
  facet normal 0 0 -1
    outer loop
      vertex 63.4222 25.8394 2
      vertex 64.5624 25.6893 2
      vertex 64.55 25.5 2
    endloop
  endfacet
  facet normal 0 0 -1
    outer loop
      vertex 63.5979 24.505 2
      vertex 64.6604 24.9451 2
      vertex 63.7483 24.2 2
    endloop
  endfacet
  facet normal -0 0 -1
    outer loop
      vertex 64.6604 24.9451 2
      vertex 63.5979 24.505 2
      vertex 64.5994 25.1247 2
    endloop
  endfacet
  facet normal 0 0 -1
    outer loop
      vertex 64.9747 26.5253 2
      vertex 64.1615 27.3385 2
      vertex 64.4172 27.5627 2
    endloop
  endfacet
  facet normal 0 0 -1
    outer loop
      vertex 63.4886 24.8271 2
      vertex 64.5994 25.1247 2
      vertex 63.5979 24.505 2
    endloop
  endfacet
  facet normal 0 0 -1
    outer loop
      vertex 64.8496 26.3827 2
      vertex 63.9373 27.0828 2
      vertex 64.1615 27.3385 2
    endloop
  endfacet
  facet normal -0 0 -1
    outer loop
      vertex 64.5994 25.1247 2
      vertex 63.4886 24.8271 2
      vertex 64.5624 25.3107 2
    endloop
  endfacet
  facet normal 0 0 -1
    outer loop
      vertex 64.7443 26.225 2
      vertex 63.7483 26.8 2
      vertex 63.9373 27.0828 2
    endloop
  endfacet
  facet normal 0 0 -1
    outer loop
      vertex 63.4222 25.1606 2
      vertex 64.5624 25.3107 2
      vertex 63.4886 24.8271 2
    endloop
  endfacet
  facet normal 0 0 -1
    outer loop
      vertex 64.6604 26.0549 2
      vertex 63.5979 26.495 2
      vertex 63.7483 26.8 2
    endloop
  endfacet
  facet normal -0 0 -1
    outer loop
      vertex 64.5624 25.3107 2
      vertex 63.4222 25.1606 2
      vertex 64.55 25.5 2
    endloop
  endfacet
  facet normal 0 0 -1
    outer loop
      vertex 64.5994 25.8753 2
      vertex 63.4886 26.1729 2
      vertex 63.5979 26.495 2
    endloop
  endfacet
  facet normal 0 0 -1
    outer loop
      vertex 63.4 25.5 2
      vertex 64.55 25.5 2
      vertex 63.4222 25.1606 2
    endloop
  endfacet
  facet normal 0 0 -1
    outer loop
      vertex 64.5624 25.6893 2
      vertex 63.4222 25.8394 2
      vertex 63.4886 26.1729 2
    endloop
  endfacet
  facet normal 0 0 -1
    outer loop
      vertex 64.55 25.5 2
      vertex 63.4 25.5 2
      vertex 63.4222 25.8394 2
    endloop
  endfacet
  facet normal 0.896928 0.442176 0
    outer loop
      vertex 63.3153 23.95 8.5
      vertex 63.136 24.3137 4
      vertex 63.136 24.3137 8.5
    endloop
  endfacet
  facet normal 0.896928 0.442176 0
    outer loop
      vertex 63.136 24.3137 4
      vertex 63.3153 23.95 8.5
      vertex 63.3153 23.95 4
    endloop
  endfacet
  facet normal -0.442176 0.896928 0
    outer loop
      vertex 67.55 22.8153 4
      vertex 67.1863 22.636 8.5
      vertex 67.55 22.8153 8.5
    endloop
  endfacet
  facet normal -0.442176 0.896928 0
    outer loop
      vertex 67.1863 22.636 8.5
      vertex 67.55 22.8153 4
      vertex 67.1863 22.636 4
    endloop
  endfacet
  facet normal -0.980789 -0.195073 0
    outer loop
      vertex 69.0735 25.9046 4
      vertex 68.9944 26.3023 8.5
      vertex 68.9944 26.3023 4
    endloop
  endfacet
  facet normal -0.980789 -0.195073 0
    outer loop
      vertex 68.9944 26.3023 8.5
      vertex 69.0735 25.9046 4
      vertex 69.0735 25.9046 8.5
    endloop
  endfacet
  facet normal -0.997862 -0.0653568 0
    outer loop
      vertex 69.1 25.5 4
      vertex 69.0735 25.9046 8.5
      vertex 69.0735 25.9046 4
    endloop
  endfacet
  facet normal -0.997862 -0.0653568 0
    outer loop
      vertex 69.0735 25.9046 8.5
      vertex 69.1 25.5 4
      vertex 69.1 25.5 8.5
    endloop
  endfacet
  facet normal -0.946893 -0.321549 0
    outer loop
      vertex 68.9944 26.3023 4
      vertex 68.864 26.6863 8.5
      vertex 68.864 26.6863 4
    endloop
  endfacet
  facet normal -0.946893 -0.321549 0
    outer loop
      vertex 68.864 26.6863 8.5
      vertex 68.9944 26.3023 4
      vertex 68.9944 26.3023 8.5
    endloop
  endfacet
  facet normal -0.751721 0.659482 0
    outer loop
      vertex 68.192 23.308 4
      vertex 68.4594 23.6128 8.5
      vertex 68.4594 23.6128 4
    endloop
  endfacet
  facet normal -0.751721 0.659482 0
    outer loop
      vertex 68.4594 23.6128 8.5
      vertex 68.192 23.308 4
      vertex 68.192 23.308 8.5
    endloop
  endfacet
  facet normal -0.321549 -0.946893 0
    outer loop
      vertex 66.8023 28.4944 4
      vertex 67.1863 28.364 8.5
      vertex 66.8023 28.4944 8.5
    endloop
  endfacet
  facet normal -0.321549 -0.946893 -0
    outer loop
      vertex 67.1863 28.364 8.5
      vertex 66.8023 28.4944 4
      vertex 67.1863 28.364 4
    endloop
  endfacet
  facet normal -0.555553 -0.831481 0
    outer loop
      vertex 67.55 28.1847 4
      vertex 67.8872 27.9594 8.5
      vertex 67.55 28.1847 8.5
    endloop
  endfacet
  facet normal -0.555553 -0.831481 -0
    outer loop
      vertex 67.8872 27.9594 8.5
      vertex 67.55 28.1847 4
      vertex 67.8872 27.9594 4
    endloop
  endfacet
  facet normal -0.896928 0.442176 0
    outer loop
      vertex 68.6847 23.95 4
      vertex 68.864 24.3137 8.5
      vertex 68.864 24.3137 4
    endloop
  endfacet
  facet normal -0.896928 0.442176 0
    outer loop
      vertex 68.864 24.3137 8.5
      vertex 68.6847 23.95 4
      vertex 68.6847 23.95 8.5
    endloop
  endfacet
  facet normal -0.321549 0.946893 0
    outer loop
      vertex 67.1863 22.636 4
      vertex 66.8023 22.5056 8.5
      vertex 67.1863 22.636 8.5
    endloop
  endfacet
  facet normal -0.321549 0.946893 0
    outer loop
      vertex 66.8023 22.5056 8.5
      vertex 67.1863 22.636 4
      vertex 66.8023 22.5056 4
    endloop
  endfacet
  facet normal -0.896928 -0.442176 0
    outer loop
      vertex 68.864 26.6863 4
      vertex 68.6847 27.05 8.5
      vertex 68.6847 27.05 4
    endloop
  endfacet
  facet normal -0.896928 -0.442176 0
    outer loop
      vertex 68.6847 27.05 8.5
      vertex 68.864 26.6863 4
      vertex 68.864 26.6863 8.5
    endloop
  endfacet
  facet normal 0.195073 -0.980789 0
    outer loop
      vertex 65.1977 28.4944 4
      vertex 65.5954 28.5735 8.5
      vertex 65.1977 28.4944 8.5
    endloop
  endfacet
  facet normal 0.195073 -0.980789 0
    outer loop
      vertex 65.5954 28.5735 8.5
      vertex 65.1977 28.4944 4
      vertex 65.5954 28.5735 4
    endloop
  endfacet
  facet normal 0.0653568 0.997862 -0
    outer loop
      vertex 66 22.4 4
      vertex 65.5954 22.4265 8.5
      vertex 66 22.4 8.5
    endloop
  endfacet
  facet normal 0.0653568 0.997862 0
    outer loop
      vertex 65.5954 22.4265 8.5
      vertex 66 22.4 4
      vertex 65.5954 22.4265 4
    endloop
  endfacet
  facet normal 0.321549 0.946893 -0
    outer loop
      vertex 65.1977 22.5056 4
      vertex 64.8137 22.636 8.5
      vertex 65.1977 22.5056 8.5
    endloop
  endfacet
  facet normal 0.321549 0.946893 0
    outer loop
      vertex 64.8137 22.636 8.5
      vertex 65.1977 22.5056 4
      vertex 64.8137 22.636 4
    endloop
  endfacet
  facet normal -0.946893 0.321549 0
    outer loop
      vertex 68.864 24.3137 4
      vertex 68.9944 24.6977 8.5
      vertex 68.9944 24.6977 4
    endloop
  endfacet
  facet normal -0.946893 0.321549 0
    outer loop
      vertex 68.9944 24.6977 8.5
      vertex 68.864 24.3137 4
      vertex 68.864 24.3137 8.5
    endloop
  endfacet
  facet normal 0.831481 0.555553 0
    outer loop
      vertex 63.5406 23.6128 8.5
      vertex 63.3153 23.95 4
      vertex 63.3153 23.95 8.5
    endloop
  endfacet
  facet normal 0.831481 0.555553 0
    outer loop
      vertex 63.3153 23.95 4
      vertex 63.5406 23.6128 8.5
      vertex 63.5406 23.6128 4
    endloop
  endfacet
  facet normal 0.659482 0.751721 -0
    outer loop
      vertex 64.1128 23.0406 4
      vertex 63.808 23.308 8.5
      vertex 64.1128 23.0406 8.5
    endloop
  endfacet
  facet normal 0.659482 0.751721 0
    outer loop
      vertex 63.808 23.308 8.5
      vertex 64.1128 23.0406 4
      vertex 63.808 23.308 4
    endloop
  endfacet
  facet normal 0.659482 -0.751721 0
    outer loop
      vertex 63.808 27.692 4
      vertex 64.1128 27.9594 8.5
      vertex 63.808 27.692 8.5
    endloop
  endfacet
  facet normal 0.659482 -0.751721 0
    outer loop
      vertex 64.1128 27.9594 8.5
      vertex 63.808 27.692 4
      vertex 64.1128 27.9594 4
    endloop
  endfacet
  facet normal 0.946893 -0.321549 0
    outer loop
      vertex 63.0056 26.3023 8.5
      vertex 63.136 26.6863 4
      vertex 63.136 26.6863 8.5
    endloop
  endfacet
  facet normal 0.946893 -0.321549 0
    outer loop
      vertex 63.136 26.6863 4
      vertex 63.0056 26.3023 8.5
      vertex 63.0056 26.3023 4
    endloop
  endfacet
  facet normal 0.442176 -0.896928 0
    outer loop
      vertex 64.45 28.1847 4
      vertex 64.8137 28.364 8.5
      vertex 64.45 28.1847 8.5
    endloop
  endfacet
  facet normal 0.442176 -0.896928 0
    outer loop
      vertex 64.8137 28.364 8.5
      vertex 64.45 28.1847 4
      vertex 64.8137 28.364 4
    endloop
  endfacet
  facet normal 0.980789 -0.195073 0
    outer loop
      vertex 62.9265 25.9046 8.5
      vertex 63.0056 26.3023 4
      vertex 63.0056 26.3023 8.5
    endloop
  endfacet
  facet normal 0.980789 -0.195073 0
    outer loop
      vertex 63.0056 26.3023 4
      vertex 62.9265 25.9046 8.5
      vertex 62.9265 25.9046 4
    endloop
  endfacet
  facet normal 0.321549 -0.946893 0
    outer loop
      vertex 64.8137 28.364 4
      vertex 65.1977 28.4944 8.5
      vertex 64.8137 28.364 8.5
    endloop
  endfacet
  facet normal 0.321549 -0.946893 0
    outer loop
      vertex 65.1977 28.4944 8.5
      vertex 64.8137 28.364 4
      vertex 65.1977 28.4944 4
    endloop
  endfacet
  facet normal -0.659482 0.751721 0
    outer loop
      vertex 68.192 23.308 4
      vertex 67.8872 23.0406 8.5
      vertex 68.192 23.308 8.5
    endloop
  endfacet
  facet normal -0.659482 0.751721 0
    outer loop
      vertex 67.8872 23.0406 8.5
      vertex 68.192 23.308 4
      vertex 67.8872 23.0406 4
    endloop
  endfacet
  facet normal -0.0653568 -0.997862 0
    outer loop
      vertex 66 28.6 4
      vertex 66.4046 28.5735 8.5
      vertex 66 28.6 8.5
    endloop
  endfacet
  facet normal -0.0653568 -0.997862 -0
    outer loop
      vertex 66.4046 28.5735 8.5
      vertex 66 28.6 4
      vertex 66.4046 28.5735 4
    endloop
  endfacet
  facet normal -0.831481 -0.555553 0
    outer loop
      vertex 68.6847 27.05 4
      vertex 68.4594 27.3872 8.5
      vertex 68.4594 27.3872 4
    endloop
  endfacet
  facet normal -0.831481 -0.555553 0
    outer loop
      vertex 68.4594 27.3872 8.5
      vertex 68.6847 27.05 4
      vertex 68.6847 27.05 8.5
    endloop
  endfacet
  facet normal -0.195073 0.980789 0
    outer loop
      vertex 66.8023 22.5056 4
      vertex 66.4046 22.4265 8.5
      vertex 66.8023 22.5056 8.5
    endloop
  endfacet
  facet normal -0.195073 0.980789 0
    outer loop
      vertex 66.4046 22.4265 8.5
      vertex 66.8023 22.5056 4
      vertex 66.4046 22.4265 4
    endloop
  endfacet
  facet normal 0.980789 0.195073 0
    outer loop
      vertex 63.0056 24.6977 8.5
      vertex 62.9265 25.0954 4
      vertex 62.9265 25.0954 8.5
    endloop
  endfacet
  facet normal 0.980789 0.195073 0
    outer loop
      vertex 62.9265 25.0954 4
      vertex 63.0056 24.6977 8.5
      vertex 63.0056 24.6977 4
    endloop
  endfacet
  facet normal 0.751721 -0.659482 0
    outer loop
      vertex 63.5406 27.3872 8.5
      vertex 63.808 27.692 4
      vertex 63.808 27.692 8.5
    endloop
  endfacet
  facet normal 0.751721 -0.659482 0
    outer loop
      vertex 63.808 27.692 4
      vertex 63.5406 27.3872 8.5
      vertex 63.5406 27.3872 4
    endloop
  endfacet
  facet normal -0.659482 -0.751721 0
    outer loop
      vertex 67.8872 27.9594 4
      vertex 68.192 27.692 8.5
      vertex 67.8872 27.9594 8.5
    endloop
  endfacet
  facet normal -0.659482 -0.751721 -0
    outer loop
      vertex 68.192 27.692 8.5
      vertex 67.8872 27.9594 4
      vertex 68.192 27.692 4
    endloop
  endfacet
  facet normal -0.997862 0.0653568 0
    outer loop
      vertex 69.0735 25.0954 4
      vertex 69.1 25.5 8.5
      vertex 69.1 25.5 4
    endloop
  endfacet
  facet normal -0.997862 0.0653568 0
    outer loop
      vertex 69.1 25.5 8.5
      vertex 69.0735 25.0954 4
      vertex 69.0735 25.0954 8.5
    endloop
  endfacet
  facet normal -0.980789 0.195073 0
    outer loop
      vertex 68.9944 24.6977 4
      vertex 69.0735 25.0954 8.5
      vertex 69.0735 25.0954 4
    endloop
  endfacet
  facet normal -0.980789 0.195073 0
    outer loop
      vertex 69.0735 25.0954 8.5
      vertex 68.9944 24.6977 4
      vertex 68.9944 24.6977 8.5
    endloop
  endfacet
  facet normal -0.555553 0.831481 0
    outer loop
      vertex 67.8872 23.0406 4
      vertex 67.55 22.8153 8.5
      vertex 67.8872 23.0406 8.5
    endloop
  endfacet
  facet normal -0.555553 0.831481 0
    outer loop
      vertex 67.55 22.8153 8.5
      vertex 67.8872 23.0406 4
      vertex 67.55 22.8153 4
    endloop
  endfacet
  facet normal -0.195073 -0.980789 0
    outer loop
      vertex 66.4046 28.5735 4
      vertex 66.8023 28.4944 8.5
      vertex 66.4046 28.5735 8.5
    endloop
  endfacet
  facet normal -0.195073 -0.980789 -0
    outer loop
      vertex 66.8023 28.4944 8.5
      vertex 66.4046 28.5735 4
      vertex 66.8023 28.4944 4
    endloop
  endfacet
  facet normal -0.751721 -0.659482 0
    outer loop
      vertex 68.4594 27.3872 4
      vertex 68.192 27.692 8.5
      vertex 68.192 27.692 4
    endloop
  endfacet
  facet normal -0.751721 -0.659482 0
    outer loop
      vertex 68.192 27.692 8.5
      vertex 68.4594 27.3872 4
      vertex 68.4594 27.3872 8.5
    endloop
  endfacet
  facet normal -0.442176 -0.896928 0
    outer loop
      vertex 67.1863 28.364 4
      vertex 67.55 28.1847 8.5
      vertex 67.1863 28.364 8.5
    endloop
  endfacet
  facet normal -0.442176 -0.896928 -0
    outer loop
      vertex 67.55 28.1847 8.5
      vertex 67.1863 28.364 4
      vertex 67.55 28.1847 4
    endloop
  endfacet
  facet normal 0.997862 0.0653568 0
    outer loop
      vertex 62.9265 25.0954 8.5
      vertex 62.9 25.5 4
      vertex 62.9 25.5 8.5
    endloop
  endfacet
  facet normal 0.997862 0.0653568 0
    outer loop
      vertex 62.9 25.5 4
      vertex 62.9265 25.0954 8.5
      vertex 62.9265 25.0954 4
    endloop
  endfacet
  facet normal -0.831481 0.555553 0
    outer loop
      vertex 68.4594 23.6128 4
      vertex 68.6847 23.95 8.5
      vertex 68.6847 23.95 4
    endloop
  endfacet
  facet normal -0.831481 0.555553 0
    outer loop
      vertex 68.6847 23.95 8.5
      vertex 68.4594 23.6128 4
      vertex 68.4594 23.6128 8.5
    endloop
  endfacet
  facet normal 0.751721 0.659482 0
    outer loop
      vertex 63.808 23.308 8.5
      vertex 63.5406 23.6128 4
      vertex 63.5406 23.6128 8.5
    endloop
  endfacet
  facet normal 0.751721 0.659482 0
    outer loop
      vertex 63.5406 23.6128 4
      vertex 63.808 23.308 8.5
      vertex 63.808 23.308 4
    endloop
  endfacet
  facet normal 0.997862 -0.0653568 0
    outer loop
      vertex 62.9 25.5 8.5
      vertex 62.9265 25.9046 4
      vertex 62.9265 25.9046 8.5
    endloop
  endfacet
  facet normal 0.997862 -0.0653568 0
    outer loop
      vertex 62.9265 25.9046 4
      vertex 62.9 25.5 8.5
      vertex 62.9 25.5 4
    endloop
  endfacet
  facet normal 0.442176 0.896928 -0
    outer loop
      vertex 64.8137 22.636 4
      vertex 64.45 22.8153 8.5
      vertex 64.8137 22.636 8.5
    endloop
  endfacet
  facet normal 0.442176 0.896928 0
    outer loop
      vertex 64.45 22.8153 8.5
      vertex 64.8137 22.636 4
      vertex 64.45 22.8153 4
    endloop
  endfacet
  facet normal 0.946893 0.321549 0
    outer loop
      vertex 63.136 24.3137 8.5
      vertex 63.0056 24.6977 4
      vertex 63.0056 24.6977 8.5
    endloop
  endfacet
  facet normal 0.946893 0.321549 0
    outer loop
      vertex 63.0056 24.6977 4
      vertex 63.136 24.3137 8.5
      vertex 63.136 24.3137 4
    endloop
  endfacet
  facet normal 0.195073 0.980789 -0
    outer loop
      vertex 65.5954 22.4265 4
      vertex 65.1977 22.5056 8.5
      vertex 65.5954 22.4265 8.5
    endloop
  endfacet
  facet normal 0.195073 0.980789 0
    outer loop
      vertex 65.1977 22.5056 8.5
      vertex 65.5954 22.4265 4
      vertex 65.1977 22.5056 4
    endloop
  endfacet
  facet normal -0.0653568 0.997862 0
    outer loop
      vertex 66.4046 22.4265 4
      vertex 66 22.4 8.5
      vertex 66.4046 22.4265 8.5
    endloop
  endfacet
  facet normal -0.0653568 0.997862 0
    outer loop
      vertex 66 22.4 8.5
      vertex 66.4046 22.4265 4
      vertex 66 22.4 4
    endloop
  endfacet
  facet normal 0.555553 -0.831481 0
    outer loop
      vertex 64.1128 27.9594 4
      vertex 64.45 28.1847 8.5
      vertex 64.1128 27.9594 8.5
    endloop
  endfacet
  facet normal 0.555553 -0.831481 0
    outer loop
      vertex 64.45 28.1847 8.5
      vertex 64.1128 27.9594 4
      vertex 64.45 28.1847 4
    endloop
  endfacet
  facet normal 0.0653568 -0.997862 0
    outer loop
      vertex 65.5954 28.5735 4
      vertex 66 28.6 8.5
      vertex 65.5954 28.5735 8.5
    endloop
  endfacet
  facet normal 0.0653568 -0.997862 0
    outer loop
      vertex 66 28.6 8.5
      vertex 65.5954 28.5735 4
      vertex 66 28.6 4
    endloop
  endfacet
  facet normal 0 0 1
    outer loop
      vertex 67.45 25.5 4
      vertex 69.1 25.5 4
      vertex 69.0735 25.9046 4
    endloop
  endfacet
  facet normal 0 0 1
    outer loop
      vertex 67.4376 25.6893 4
      vertex 69.0735 25.9046 4
      vertex 68.9944 26.3023 4
    endloop
  endfacet
  facet normal 0 0 1
    outer loop
      vertex 69.1 25.5 4
      vertex 67.45 25.5 4
      vertex 69.0735 25.0954 4
    endloop
  endfacet
  facet normal 0 0 1
    outer loop
      vertex 67.4006 25.8753 4
      vertex 68.9944 26.3023 4
      vertex 68.864 26.6863 4
    endloop
  endfacet
  facet normal -0 0 1
    outer loop
      vertex 67.4376 25.3107 4
      vertex 69.0735 25.0954 4
      vertex 67.45 25.5 4
    endloop
  endfacet
  facet normal 0 0 1
    outer loop
      vertex 67.3396 26.0549 4
      vertex 68.864 26.6863 4
      vertex 68.6847 27.05 4
    endloop
  endfacet
  facet normal 0 0 1
    outer loop
      vertex 69.0735 25.0954 4
      vertex 67.4376 25.3107 4
      vertex 68.9944 24.6977 4
    endloop
  endfacet
  facet normal 0 0 1
    outer loop
      vertex 67.2557 26.225 4
      vertex 68.6847 27.05 4
      vertex 68.4594 27.3872 4
    endloop
  endfacet
  facet normal -0 0 1
    outer loop
      vertex 67.4006 25.1247 4
      vertex 68.9944 24.6977 4
      vertex 67.4376 25.3107 4
    endloop
  endfacet
  facet normal 0 0 1
    outer loop
      vertex 67.1504 26.3827 4
      vertex 68.4594 27.3872 4
      vertex 68.192 27.692 4
    endloop
  endfacet
  facet normal 0 0 1
    outer loop
      vertex 68.9944 24.6977 4
      vertex 67.4006 25.1247 4
      vertex 68.864 24.3137 4
    endloop
  endfacet
  facet normal 0 0 1
    outer loop
      vertex 67.0253 26.5253 4
      vertex 68.192 27.692 4
      vertex 67.8872 27.9594 4
    endloop
  endfacet
  facet normal -0 0 1
    outer loop
      vertex 67.3396 24.9451 4
      vertex 68.864 24.3137 4
      vertex 67.4006 25.1247 4
    endloop
  endfacet
  facet normal 0 0 1
    outer loop
      vertex 66.8827 26.6504 4
      vertex 67.8872 27.9594 4
      vertex 67.55 28.1847 4
    endloop
  endfacet
  facet normal 0 0 1
    outer loop
      vertex 68.864 24.3137 4
      vertex 67.3396 24.9451 4
      vertex 68.6847 23.95 4
    endloop
  endfacet
  facet normal -0 0 1
    outer loop
      vertex 67.2557 24.775 4
      vertex 68.6847 23.95 4
      vertex 67.3396 24.9451 4
    endloop
  endfacet
  facet normal 0 0 1
    outer loop
      vertex 69.0735 25.9046 4
      vertex 67.4376 25.6893 4
      vertex 67.45 25.5 4
    endloop
  endfacet
  facet normal 0 0 1
    outer loop
      vertex 68.9944 26.3023 4
      vertex 67.4006 25.8753 4
      vertex 67.4376 25.6893 4
    endloop
  endfacet
  facet normal 0 0 1
    outer loop
      vertex 68.864 26.6863 4
      vertex 67.3396 26.0549 4
      vertex 67.4006 25.8753 4
    endloop
  endfacet
  facet normal 0 0 1
    outer loop
      vertex 68.6847 27.05 4
      vertex 67.2557 26.225 4
      vertex 67.3396 26.0549 4
    endloop
  endfacet
  facet normal 0 0 1
    outer loop
      vertex 66.725 26.7557 4
      vertex 67.55 28.1847 4
      vertex 67.1863 28.364 4
    endloop
  endfacet
  facet normal 0 0 1
    outer loop
      vertex 68.4594 27.3872 4
      vertex 67.1504 26.3827 4
      vertex 67.2557 26.225 4
    endloop
  endfacet
  facet normal 0 0 1
    outer loop
      vertex 68.192 27.692 4
      vertex 67.0253 26.5253 4
      vertex 67.1504 26.3827 4
    endloop
  endfacet
  facet normal 0 0 1
    outer loop
      vertex 67.8872 27.9594 4
      vertex 66.8827 26.6504 4
      vertex 67.0253 26.5253 4
    endloop
  endfacet
  facet normal 0 0 1
    outer loop
      vertex 66.5549 26.8396 4
      vertex 67.1863 28.364 4
      vertex 66.8023 28.4944 4
    endloop
  endfacet
  facet normal 0 0 1
    outer loop
      vertex 67.55 28.1847 4
      vertex 66.725 26.7557 4
      vertex 66.8827 26.6504 4
    endloop
  endfacet
  facet normal 0 0 1
    outer loop
      vertex 67.1863 28.364 4
      vertex 66.5549 26.8396 4
      vertex 66.725 26.7557 4
    endloop
  endfacet
  facet normal 0 0 1
    outer loop
      vertex 66.3753 26.9006 4
      vertex 66.8023 28.4944 4
      vertex 66.4046 28.5735 4
    endloop
  endfacet
  facet normal 0 0 1
    outer loop
      vertex 66.8023 28.4944 4
      vertex 66.3753 26.9006 4
      vertex 66.5549 26.8396 4
    endloop
  endfacet
  facet normal 0 0 1
    outer loop
      vertex 66.4046 28.5735 4
      vertex 66.1893 26.9376 4
      vertex 66.3753 26.9006 4
    endloop
  endfacet
  facet normal 0 0 1
    outer loop
      vertex 66 28.6 4
      vertex 66.1893 26.9376 4
      vertex 66.4046 28.5735 4
    endloop
  endfacet
  facet normal 0 0 1
    outer loop
      vertex 66 28.6 4
      vertex 66 26.95 4
      vertex 66.1893 26.9376 4
    endloop
  endfacet
  facet normal 0 0 1
    outer loop
      vertex 66 28.6 4
      vertex 65.8107 26.9376 4
      vertex 66 26.95 4
    endloop
  endfacet
  facet normal -0 0 1
    outer loop
      vertex 65.5954 28.5735 4
      vertex 65.8107 26.9376 4
      vertex 66 28.6 4
    endloop
  endfacet
  facet normal 0 0 1
    outer loop
      vertex 65.8107 26.9376 4
      vertex 65.5954 28.5735 4
      vertex 65.6247 26.9006 4
    endloop
  endfacet
  facet normal -0 0 1
    outer loop
      vertex 65.1977 28.4944 4
      vertex 65.6247 26.9006 4
      vertex 65.5954 28.5735 4
    endloop
  endfacet
  facet normal 0 0 1
    outer loop
      vertex 65.6247 26.9006 4
      vertex 65.1977 28.4944 4
      vertex 65.4451 26.8396 4
    endloop
  endfacet
  facet normal -0 0 1
    outer loop
      vertex 64.8137 28.364 4
      vertex 65.4451 26.8396 4
      vertex 65.1977 28.4944 4
    endloop
  endfacet
  facet normal 0 0 1
    outer loop
      vertex 65.4451 26.8396 4
      vertex 64.8137 28.364 4
      vertex 65.275 26.7557 4
    endloop
  endfacet
  facet normal -0 0 1
    outer loop
      vertex 64.45 28.1847 4
      vertex 65.275 26.7557 4
      vertex 64.8137 28.364 4
    endloop
  endfacet
  facet normal 0 0 1
    outer loop
      vertex 65.275 26.7557 4
      vertex 64.45 28.1847 4
      vertex 65.1173 26.6504 4
    endloop
  endfacet
  facet normal -0 0 1
    outer loop
      vertex 64.1128 27.9594 4
      vertex 65.1173 26.6504 4
      vertex 64.45 28.1847 4
    endloop
  endfacet
  facet normal 0 0 1
    outer loop
      vertex 65.1173 26.6504 4
      vertex 64.1128 27.9594 4
      vertex 64.9747 26.5253 4
    endloop
  endfacet
  facet normal -0 0 1
    outer loop
      vertex 63.808 27.692 4
      vertex 64.9747 26.5253 4
      vertex 64.1128 27.9594 4
    endloop
  endfacet
  facet normal 0 0 1
    outer loop
      vertex 64.9747 26.5253 4
      vertex 63.808 27.692 4
      vertex 64.8496 26.3827 4
    endloop
  endfacet
  facet normal -0 0 1
    outer loop
      vertex 63.5406 27.3872 4
      vertex 64.8496 26.3827 4
      vertex 63.808 27.692 4
    endloop
  endfacet
  facet normal -0 0 1
    outer loop
      vertex 63.3153 27.05 4
      vertex 64.7443 26.225 4
      vertex 63.5406 27.3872 4
    endloop
  endfacet
  facet normal 0 0 1
    outer loop
      vertex 64.8496 26.3827 4
      vertex 63.5406 27.3872 4
      vertex 64.7443 26.225 4
    endloop
  endfacet
  facet normal 0 0 1
    outer loop
      vertex 68.6847 23.95 4
      vertex 67.2557 24.775 4
      vertex 68.4594 23.6128 4
    endloop
  endfacet
  facet normal -0 0 1
    outer loop
      vertex 67.1504 24.6173 4
      vertex 68.4594 23.6128 4
      vertex 67.2557 24.775 4
    endloop
  endfacet
  facet normal 0 0 1
    outer loop
      vertex 68.4594 23.6128 4
      vertex 67.1504 24.6173 4
      vertex 68.192 23.308 4
    endloop
  endfacet
  facet normal -0 0 1
    outer loop
      vertex 67.0253 24.4747 4
      vertex 68.192 23.308 4
      vertex 67.1504 24.6173 4
    endloop
  endfacet
  facet normal 0 0 1
    outer loop
      vertex 68.192 23.308 4
      vertex 67.0253 24.4747 4
      vertex 67.8872 23.0406 4
    endloop
  endfacet
  facet normal -0 0 1
    outer loop
      vertex 66.8827 24.3496 4
      vertex 67.8872 23.0406 4
      vertex 67.0253 24.4747 4
    endloop
  endfacet
  facet normal 0 0 1
    outer loop
      vertex 67.8872 23.0406 4
      vertex 66.8827 24.3496 4
      vertex 67.55 22.8153 4
    endloop
  endfacet
  facet normal -0 0 1
    outer loop
      vertex 66.725 24.2443 4
      vertex 67.55 22.8153 4
      vertex 66.8827 24.3496 4
    endloop
  endfacet
  facet normal 0 0 1
    outer loop
      vertex 67.55 22.8153 4
      vertex 66.725 24.2443 4
      vertex 67.1863 22.636 4
    endloop
  endfacet
  facet normal -0 0 1
    outer loop
      vertex 66.5549 24.1604 4
      vertex 67.1863 22.636 4
      vertex 66.725 24.2443 4
    endloop
  endfacet
  facet normal 0 0 1
    outer loop
      vertex 67.1863 22.636 4
      vertex 66.5549 24.1604 4
      vertex 66.8023 22.5056 4
    endloop
  endfacet
  facet normal -0 0 1
    outer loop
      vertex 66.3753 24.0994 4
      vertex 66.8023 22.5056 4
      vertex 66.5549 24.1604 4
    endloop
  endfacet
  facet normal 0 0 1
    outer loop
      vertex 66.8023 22.5056 4
      vertex 66.3753 24.0994 4
      vertex 66.4046 22.4265 4
    endloop
  endfacet
  facet normal -0 0 1
    outer loop
      vertex 66.1893 24.0624 4
      vertex 66.4046 22.4265 4
      vertex 66.3753 24.0994 4
    endloop
  endfacet
  facet normal -0 0 1
    outer loop
      vertex 66 24.05 4
      vertex 66.4046 22.4265 4
      vertex 66.1893 24.0624 4
    endloop
  endfacet
  facet normal 0 0 1
    outer loop
      vertex 66 24.05 4
      vertex 66 22.4 4
      vertex 66.4046 22.4265 4
    endloop
  endfacet
  facet normal 0 0 1
    outer loop
      vertex 65.8107 24.0624 4
      vertex 66 22.4 4
      vertex 66 24.05 4
    endloop
  endfacet
  facet normal 0 0 1
    outer loop
      vertex 65.5954 22.4265 4
      vertex 65.8107 24.0624 4
      vertex 65.6247 24.0994 4
    endloop
  endfacet
  facet normal 0 0 1
    outer loop
      vertex 65.8107 24.0624 4
      vertex 65.5954 22.4265 4
      vertex 66 22.4 4
    endloop
  endfacet
  facet normal 0 0 1
    outer loop
      vertex 65.1977 22.5056 4
      vertex 65.6247 24.0994 4
      vertex 65.4451 24.1604 4
    endloop
  endfacet
  facet normal 0 0 1
    outer loop
      vertex 64.8137 22.636 4
      vertex 65.4451 24.1604 4
      vertex 65.275 24.2443 4
    endloop
  endfacet
  facet normal 0 0 1
    outer loop
      vertex 65.6247 24.0994 4
      vertex 65.1977 22.5056 4
      vertex 65.5954 22.4265 4
    endloop
  endfacet
  facet normal 0 0 1
    outer loop
      vertex 64.45 22.8153 4
      vertex 65.275 24.2443 4
      vertex 65.1173 24.3496 4
    endloop
  endfacet
  facet normal 0 0 1
    outer loop
      vertex 64.1128 23.0406 4
      vertex 65.1173 24.3496 4
      vertex 64.9747 24.4747 4
    endloop
  endfacet
  facet normal 0 0 1
    outer loop
      vertex 63.808 23.308 4
      vertex 64.9747 24.4747 4
      vertex 64.8496 24.6173 4
    endloop
  endfacet
  facet normal 0 0 1
    outer loop
      vertex 65.4451 24.1604 4
      vertex 64.8137 22.636 4
      vertex 65.1977 22.5056 4
    endloop
  endfacet
  facet normal 0 0 1
    outer loop
      vertex 63.5406 23.6128 4
      vertex 64.8496 24.6173 4
      vertex 64.7443 24.775 4
    endloop
  endfacet
  facet normal 0 0 1
    outer loop
      vertex 63.3153 23.95 4
      vertex 64.7443 24.775 4
      vertex 64.6604 24.9451 4
    endloop
  endfacet
  facet normal 0 0 1
    outer loop
      vertex 63.136 24.3137 4
      vertex 64.6604 24.9451 4
      vertex 64.5994 25.1247 4
    endloop
  endfacet
  facet normal 0 0 1
    outer loop
      vertex 63.0056 24.6977 4
      vertex 64.5994 25.1247 4
      vertex 64.5624 25.3107 4
    endloop
  endfacet
  facet normal 0 0 1
    outer loop
      vertex 65.275 24.2443 4
      vertex 64.45 22.8153 4
      vertex 64.8137 22.636 4
    endloop
  endfacet
  facet normal 0 0 1
    outer loop
      vertex 62.9265 25.0954 4
      vertex 64.5624 25.3107 4
      vertex 64.55 25.5 4
    endloop
  endfacet
  facet normal 0 0 1
    outer loop
      vertex 64.7443 26.225 4
      vertex 63.3153 27.05 4
      vertex 64.6604 26.0549 4
    endloop
  endfacet
  facet normal -0 0 1
    outer loop
      vertex 63.136 26.6863 4
      vertex 64.6604 26.0549 4
      vertex 63.3153 27.05 4
    endloop
  endfacet
  facet normal 0 0 1
    outer loop
      vertex 65.1173 24.3496 4
      vertex 64.1128 23.0406 4
      vertex 64.45 22.8153 4
    endloop
  endfacet
  facet normal 0 0 1
    outer loop
      vertex 64.6604 26.0549 4
      vertex 63.136 26.6863 4
      vertex 64.5994 25.8753 4
    endloop
  endfacet
  facet normal 0 0 1
    outer loop
      vertex 64.9747 24.4747 4
      vertex 63.808 23.308 4
      vertex 64.1128 23.0406 4
    endloop
  endfacet
  facet normal -0 0 1
    outer loop
      vertex 63.0056 26.3023 4
      vertex 64.5994 25.8753 4
      vertex 63.136 26.6863 4
    endloop
  endfacet
  facet normal 0 0 1
    outer loop
      vertex 64.8496 24.6173 4
      vertex 63.5406 23.6128 4
      vertex 63.808 23.308 4
    endloop
  endfacet
  facet normal 0 0 1
    outer loop
      vertex 64.5994 25.8753 4
      vertex 63.0056 26.3023 4
      vertex 64.5624 25.6893 4
    endloop
  endfacet
  facet normal 0 0 1
    outer loop
      vertex 64.7443 24.775 4
      vertex 63.3153 23.95 4
      vertex 63.5406 23.6128 4
    endloop
  endfacet
  facet normal -0 0 1
    outer loop
      vertex 62.9265 25.9046 4
      vertex 64.5624 25.6893 4
      vertex 63.0056 26.3023 4
    endloop
  endfacet
  facet normal 0 0 1
    outer loop
      vertex 64.6604 24.9451 4
      vertex 63.136 24.3137 4
      vertex 63.3153 23.95 4
    endloop
  endfacet
  facet normal 0 0 1
    outer loop
      vertex 64.5624 25.6893 4
      vertex 62.9265 25.9046 4
      vertex 64.55 25.5 4
    endloop
  endfacet
  facet normal 0 0 1
    outer loop
      vertex 64.5994 25.1247 4
      vertex 63.0056 24.6977 4
      vertex 63.136 24.3137 4
    endloop
  endfacet
  facet normal 0 0 1
    outer loop
      vertex 62.9 25.5 4
      vertex 64.55 25.5 4
      vertex 62.9265 25.9046 4
    endloop
  endfacet
  facet normal 0 0 1
    outer loop
      vertex 64.5624 25.3107 4
      vertex 62.9265 25.0954 4
      vertex 63.0056 24.6977 4
    endloop
  endfacet
  facet normal 0 0 1
    outer loop
      vertex 64.55 25.5 4
      vertex 62.9 25.5 4
      vertex 62.9265 25.0954 4
    endloop
  endfacet
  facet normal 0.896928 -0.442176 0
    outer loop
      vertex 63.136 26.6863 8.5
      vertex 63.3153 27.05 4
      vertex 63.3153 27.05 8.5
    endloop
  endfacet
  facet normal 0.896928 -0.442176 0
    outer loop
      vertex 63.3153 27.05 4
      vertex 63.136 26.6863 8.5
      vertex 63.136 26.6863 4
    endloop
  endfacet
  facet normal 0.831481 -0.555553 0
    outer loop
      vertex 63.3153 27.05 8.5
      vertex 63.5406 27.3872 4
      vertex 63.5406 27.3872 8.5
    endloop
  endfacet
  facet normal 0.831481 -0.555553 0
    outer loop
      vertex 63.5406 27.3872 4
      vertex 63.3153 27.05 8.5
      vertex 63.3153 27.05 4
    endloop
  endfacet
  facet normal 0.555553 0.831481 -0
    outer loop
      vertex 64.45 22.8153 4
      vertex 64.1128 23.0406 8.5
      vertex 64.45 22.8153 8.5
    endloop
  endfacet
  facet normal 0.555553 0.831481 0
    outer loop
      vertex 64.1128 23.0406 8.5
      vertex 64.45 22.8153 4
      vertex 64.1128 23.0406 4
    endloop
  endfacet
  facet normal -0.0467578 -0.713289 0.699309
    outer loop
      vertex 66.4607 29.06 9
      vertex 66 29.0902 9
      vertex 66 28.6 8.5
    endloop
  endfacet
  facet normal -0.537371 0.471264 0.699387
    outer loop
      vertex 68.5387 22.9613 9
      vertex 68.8431 23.3084 9
      vertex 68.192 23.308 8.5
    endloop
  endfacet
  facet normal 0.229755 0.67688 0.699318
    outer loop
      vertex 65.0708 22.0321 9
      vertex 65.1977 22.5056 8.5
      vertex 64.6336 22.1805 9
    endloop
  endfacet
  facet normal -0.713289 -0.0467578 0.699309
    outer loop
      vertex 69.5902 25.5 9
      vertex 69.56 25.9607 9
      vertex 69.1 25.5 8.5
    endloop
  endfacet
  facet normal -0.713448 -0.045155 0.699252
    outer loop
      vertex 69.0735 25.9046 8.5
      vertex 69.56 25.9607 9
      vertex 69.5595 25.9686 9
    endloop
  endfacet
  facet normal -0.713309 -0.0467194 0.699291
    outer loop
      vertex 69.56 25.9607 9
      vertex 69.0735 25.9046 8.5
      vertex 69.1 25.5 8.5
    endloop
  endfacet
  facet normal -0.701102 0.139353 0.699312
    outer loop
      vertex 69.4679 24.5708 9
      vertex 69.5579 25.0236 9
      vertex 68.9944 24.6977 8.5
    endloop
  endfacet
  facet normal -0.641098 -0.316137 0.699321
    outer loop
      vertex 69.3169 26.8739 9
      vertex 69.1127 27.288 9
      vertex 68.864 26.6863 8.5
    endloop
  endfacet
  facet normal 0.713448 -0.045155 0.699252
    outer loop
      vertex 62.44 25.9607 9
      vertex 62.9265 25.9046 8.5
      vertex 62.4405 25.9686 9
    endloop
  endfacet
  facet normal 0.713309 -0.0467194 0.699291
    outer loop
      vertex 62.9265 25.9046 8.5
      vertex 62.44 25.9607 9
      vertex 62.9 25.5 8.5
    endloop
  endfacet
  facet normal 0.139353 0.701102 0.699312
    outer loop
      vertex 65.5236 21.9421 9
      vertex 65.1977 22.5056 8.5
      vertex 65.0708 22.0321 9
    endloop
  endfacet
  facet normal 0.701102 -0.139353 0.699312
    outer loop
      vertex 63.0056 26.3023 8.5
      vertex 62.5321 26.4292 9
      vertex 62.4421 25.9764 9
    endloop
  endfacet
  facet normal 0.229833 0.67681 0.69936
    outer loop
      vertex 64.8137 22.636 8.5
      vertex 64.6336 22.1805 9
      vertex 65.1977 22.5056 8.5
    endloop
  endfacet
  facet normal 0.234085 0.675244 0.699464
    outer loop
      vertex 64.6336 22.1805 9
      vertex 64.8137 22.636 8.5
      vertex 64.6261 22.1831 9
    endloop
  endfacet
  facet normal -0.316069 0.641168 0.699288
    outer loop
      vertex 67.55 22.8153 8.5
      vertex 67.788 22.3873 9
      vertex 67.7951 22.3908 9
    endloop
  endfacet
  facet normal -0.316084 0.64116 0.699289
    outer loop
      vertex 67.788 22.3873 9
      vertex 67.55 22.8153 8.5
      vertex 67.1863 22.636 8.5
    endloop
  endfacet
  facet normal -0.0467578 0.713289 0.699309
    outer loop
      vertex 66.4607 21.94 9
      vertex 66 22.4 8.5
      vertex 66 21.9098 9
    endloop
  endfacet
  facet normal 0.471264 0.537371 0.699387
    outer loop
      vertex 63.8084 22.6569 9
      vertex 63.808 23.308 8.5
      vertex 63.4613 22.9613 9
    endloop
  endfacet
  facet normal -0.594759 0.396506 0.699317
    outer loop
      vertex 68.6847 23.95 8.5
      vertex 69.1048 23.6983 9
      vertex 69.1092 23.7049 9
    endloop
  endfacet
  facet normal -0.594366 0.397126 0.6993
    outer loop
      vertex 69.1048 23.6983 9
      vertex 68.6847 23.95 8.5
      vertex 68.4594 23.6128 8.5
    endloop
  endfacet
  facet normal -0.0467194 -0.713309 0.699291
    outer loop
      vertex 66.4046 28.5735 8.5
      vertex 66.4607 29.06 9
      vertex 66 28.6 8.5
    endloop
  endfacet
  facet normal -0.045155 -0.713448 0.699252
    outer loop
      vertex 66.4607 29.06 9
      vertex 66.4046 28.5735 8.5
      vertex 66.4686 29.0595 9
    endloop
  endfacet
  facet normal -0.641098 0.316137 0.699321
    outer loop
      vertex 69.1127 23.712 9
      vertex 69.3169 24.1261 9
      vertex 68.864 24.3137 8.5
    endloop
  endfacet
  facet normal 0.537328 -0.471396 0.699331
    outer loop
      vertex 63.1569 27.6916 9
      vertex 63.5406 27.3872 8.5
      vertex 63.808 27.692 8.5
    endloop
  endfacet
  facet normal 0.540091 -0.468078 0.699432
    outer loop
      vertex 63.5406 27.3872 8.5
      vertex 63.1569 27.6916 9
      vertex 63.1517 27.6856 9
    endloop
  endfacet
  facet normal -0.713309 0.0467194 0.699291
    outer loop
      vertex 69.0735 25.0954 8.5
      vertex 69.56 25.0393 9
      vertex 69.1 25.5 8.5
    endloop
  endfacet
  facet normal -0.713448 0.045155 0.699252
    outer loop
      vertex 69.56 25.0393 9
      vertex 69.0735 25.0954 8.5
      vertex 69.5595 25.0314 9
    endloop
  endfacet
  facet normal -0.675244 -0.234085 0.699464
    outer loop
      vertex 68.864 26.6863 8.5
      vertex 69.3195 26.8664 9
      vertex 69.3169 26.8739 9
    endloop
  endfacet
  facet normal -0.67681 -0.229833 0.69936
    outer loop
      vertex 69.3195 26.8664 9
      vertex 68.864 26.6863 8.5
      vertex 68.9944 26.3023 8.5
    endloop
  endfacet
  facet normal -0.594367 -0.397122 0.699301
    outer loop
      vertex 69.1048 27.3017 9
      vertex 68.8483 27.6856 9
      vertex 68.4594 27.3872 8.5
    endloop
  endfacet
  facet normal -0.316069 -0.641168 0.699288
    outer loop
      vertex 67.788 28.6127 9
      vertex 67.55 28.1847 8.5
      vertex 67.7951 28.6092 9
    endloop
  endfacet
  facet normal -0.316084 -0.64116 0.699289
    outer loop
      vertex 67.55 28.1847 8.5
      vertex 67.788 28.6127 9
      vertex 67.1863 28.364 8.5
    endloop
  endfacet
  facet normal -0.713289 0.0467578 0.699309
    outer loop
      vertex 69.56 25.0393 9
      vertex 69.5902 25.5 9
      vertex 69.1 25.5 8.5
    endloop
  endfacet
  facet normal -0.139449 0.701122 0.699272
    outer loop
      vertex 66.4046 22.4265 8.5
      vertex 66.4764 21.9421 9
      vertex 66.8023 22.5056 8.5
    endloop
  endfacet
  facet normal -0.143668 0.700382 0.69916
    outer loop
      vertex 66.4764 21.9421 9
      vertex 66.4046 22.4265 8.5
      vertex 66.4686 21.9405 9
    endloop
  endfacet
  facet normal 0.0467578 0.713289 0.699309
    outer loop
      vertex 66 21.9098 9
      vertex 66 22.4 8.5
      vertex 65.5393 21.94 9
    endloop
  endfacet
  facet normal 0.713289 -0.0467578 0.699309
    outer loop
      vertex 62.9 25.5 8.5
      vertex 62.44 25.9607 9
      vertex 62.4098 25.5 9
    endloop
  endfacet
  facet normal -0.641168 -0.316069 0.699288
    outer loop
      vertex 68.6847 27.05 8.5
      vertex 69.1127 27.288 9
      vertex 69.1092 27.2951 9
    endloop
  endfacet
  facet normal -0.64116 -0.316084 0.699289
    outer loop
      vertex 69.1127 27.288 9
      vertex 68.6847 27.05 8.5
      vertex 68.864 26.6863 8.5
    endloop
  endfacet
  facet normal 0.713289 0.0467578 0.699309
    outer loop
      vertex 62.44 25.0393 9
      vertex 62.9 25.5 8.5
      vertex 62.4098 25.5 9
    endloop
  endfacet
  facet normal -0.67681 0.229833 0.69936
    outer loop
      vertex 68.864 24.3137 8.5
      vertex 69.3195 24.1336 9
      vertex 68.9944 24.6977 8.5
    endloop
  endfacet
  facet normal -0.675244 0.234085 0.699464
    outer loop
      vertex 69.3195 24.1336 9
      vertex 68.864 24.3137 8.5
      vertex 69.3169 24.1261 9
    endloop
  endfacet
  facet normal -0.471396 0.537328 0.699331
    outer loop
      vertex 67.8872 23.0406 8.5
      vertex 68.1916 22.6569 9
      vertex 68.192 23.308 8.5
    endloop
  endfacet
  facet normal -0.468078 0.540091 0.699432
    outer loop
      vertex 68.1916 22.6569 9
      vertex 67.8872 23.0406 8.5
      vertex 68.1856 22.6517 9
    endloop
  endfacet
  facet normal -0.229755 -0.67688 0.699318
    outer loop
      vertex 67.3664 28.8195 9
      vertex 66.9292 28.9679 9
      vertex 66.8023 28.4944 8.5
    endloop
  endfacet
  facet normal -0.700382 0.143668 0.69916
    outer loop
      vertex 69.0735 25.0954 8.5
      vertex 69.5579 25.0236 9
      vertex 69.5595 25.0314 9
    endloop
  endfacet
  facet normal -0.701122 0.139449 0.699272
    outer loop
      vertex 69.5579 25.0236 9
      vertex 69.0735 25.0954 8.5
      vertex 68.9944 24.6977 8.5
    endloop
  endfacet
  facet normal -0.229755 0.67688 0.699318
    outer loop
      vertex 66.9292 22.0321 9
      vertex 67.3664 22.1805 9
      vertex 66.8023 22.5056 8.5
    endloop
  endfacet
  facet normal -0.471264 0.537371 0.699387
    outer loop
      vertex 68.5387 22.9613 9
      vertex 68.192 23.308 8.5
      vertex 68.1916 22.6569 9
    endloop
  endfacet
  facet normal 0.701102 0.139353 0.699312
    outer loop
      vertex 62.5321 24.5708 9
      vertex 63.0056 24.6977 8.5
      vertex 62.4421 25.0236 9
    endloop
  endfacet
  facet normal -0.67688 0.229755 0.699318
    outer loop
      vertex 69.3195 24.1336 9
      vertex 69.4679 24.5708 9
      vertex 68.9944 24.6977 8.5
    endloop
  endfacet
  facet normal -0.540091 -0.468078 0.699432
    outer loop
      vertex 68.8431 27.6916 9
      vertex 68.4594 27.3872 8.5
      vertex 68.8483 27.6856 9
    endloop
  endfacet
  facet normal -0.537328 -0.471396 0.699331
    outer loop
      vertex 68.4594 27.3872 8.5
      vertex 68.8431 27.6916 9
      vertex 68.192 27.692 8.5
    endloop
  endfacet
  facet normal 0.139449 -0.701122 0.699272
    outer loop
      vertex 65.5954 28.5735 8.5
      vertex 65.5236 29.0579 9
      vertex 65.1977 28.4944 8.5
    endloop
  endfacet
  facet normal 0.143668 -0.700382 0.69916
    outer loop
      vertex 65.5236 29.0579 9
      vertex 65.5954 28.5735 8.5
      vertex 65.5314 29.0595 9
    endloop
  endfacet
  facet normal 0.468078 0.540091 0.699432
    outer loop
      vertex 64.1128 23.0406 8.5
      vertex 63.8084 22.6569 9
      vertex 63.8144 22.6517 9
    endloop
  endfacet
  facet normal 0.471396 0.537328 0.699331
    outer loop
      vertex 63.8084 22.6569 9
      vertex 64.1128 23.0406 8.5
      vertex 63.808 23.308 8.5
    endloop
  endfacet
  facet normal 0.700382 0.143668 0.69916
    outer loop
      vertex 62.4421 25.0236 9
      vertex 62.9265 25.0954 8.5
      vertex 62.4405 25.0314 9
    endloop
  endfacet
  facet normal 0.701122 0.139449 0.699272
    outer loop
      vertex 62.9265 25.0954 8.5
      vertex 62.4421 25.0236 9
      vertex 63.0056 24.6977 8.5
    endloop
  endfacet
  facet normal -0.540091 0.468078 0.699432
    outer loop
      vertex 68.4594 23.6128 8.5
      vertex 68.8431 23.3084 9
      vertex 68.8483 23.3144 9
    endloop
  endfacet
  facet normal -0.537328 0.471396 0.699331
    outer loop
      vertex 68.8431 23.3084 9
      vertex 68.4594 23.6128 8.5
      vertex 68.192 23.308 8.5
    endloop
  endfacet
  facet normal -0.139353 -0.701102 0.699312
    outer loop
      vertex 66.8023 28.4944 8.5
      vertex 66.9292 28.9679 9
      vertex 66.4764 29.0579 9
    endloop
  endfacet
  facet normal -0.143668 -0.700382 0.69916
    outer loop
      vertex 66.4046 28.5735 8.5
      vertex 66.4764 29.0579 9
      vertex 66.4686 29.0595 9
    endloop
  endfacet
  facet normal -0.139449 -0.701122 0.699272
    outer loop
      vertex 66.4764 29.0579 9
      vertex 66.4046 28.5735 8.5
      vertex 66.8023 28.4944 8.5
    endloop
  endfacet
  facet normal -0.67688 -0.229755 0.699318
    outer loop
      vertex 69.4679 26.4292 9
      vertex 69.3195 26.8664 9
      vertex 68.9944 26.3023 8.5
    endloop
  endfacet
  facet normal 0.67688 0.229755 0.699318
    outer loop
      vertex 62.6805 24.1336 9
      vertex 63.0056 24.6977 8.5
      vertex 62.5321 24.5708 9
    endloop
  endfacet
  facet normal -0.594367 0.397122 0.699301
    outer loop
      vertex 68.8483 23.3144 9
      vertex 69.1048 23.6983 9
      vertex 68.4594 23.6128 8.5
    endloop
  endfacet
  facet normal -0.316137 0.641098 0.699321
    outer loop
      vertex 67.3739 22.1831 9
      vertex 67.788 22.3873 9
      vertex 67.1863 22.636 8.5
    endloop
  endfacet
  facet normal -0.234085 -0.675244 0.699464
    outer loop
      vertex 67.3664 28.8195 9
      vertex 67.1863 28.364 8.5
      vertex 67.3739 28.8169 9
    endloop
  endfacet
  facet normal -0.229833 -0.67681 0.69936
    outer loop
      vertex 67.1863 28.364 8.5
      vertex 67.3664 28.8195 9
      vertex 66.8023 28.4944 8.5
    endloop
  endfacet
  facet normal -0.397122 0.594367 0.699301
    outer loop
      vertex 68.1856 22.6517 9
      vertex 67.8872 23.0406 8.5
      vertex 67.8017 22.3952 9
    endloop
  endfacet
  facet normal -0.139353 0.701102 0.699312
    outer loop
      vertex 66.9292 22.0321 9
      vertex 66.8023 22.5056 8.5
      vertex 66.4764 21.9421 9
    endloop
  endfacet
  facet normal 0.67688 -0.229755 0.699318
    outer loop
      vertex 63.0056 26.3023 8.5
      vertex 62.6805 26.8664 9
      vertex 62.5321 26.4292 9
    endloop
  endfacet
  facet normal 0.700382 -0.143668 0.69916
    outer loop
      vertex 62.9265 25.9046 8.5
      vertex 62.4421 25.9764 9
      vertex 62.4405 25.9686 9
    endloop
  endfacet
  facet normal 0.701122 -0.139449 0.699272
    outer loop
      vertex 62.4421 25.9764 9
      vertex 62.9265 25.9046 8.5
      vertex 63.0056 26.3023 8.5
    endloop
  endfacet
  facet normal -0.045155 0.713448 0.699252
    outer loop
      vertex 66.4046 22.4265 8.5
      vertex 66.4607 21.94 9
      vertex 66.4686 21.9405 9
    endloop
  endfacet
  facet normal -0.0467194 0.713309 0.699291
    outer loop
      vertex 66.4607 21.94 9
      vertex 66.4046 22.4265 8.5
      vertex 66 22.4 8.5
    endloop
  endfacet
  facet normal 0.675244 -0.234085 0.699464
    outer loop
      vertex 62.6805 26.8664 9
      vertex 63.136 26.6863 8.5
      vertex 62.6831 26.8739 9
    endloop
  endfacet
  facet normal 0.67681 -0.229833 0.69936
    outer loop
      vertex 63.136 26.6863 8.5
      vertex 62.6805 26.8664 9
      vertex 63.0056 26.3023 8.5
    endloop
  endfacet
  facet normal 0.397122 0.594367 0.699301
    outer loop
      vertex 64.1983 22.3952 9
      vertex 64.1128 23.0406 8.5
      vertex 63.8144 22.6517 9
    endloop
  endfacet
  facet normal -0.471264 -0.537371 0.699387
    outer loop
      vertex 68.192 27.692 8.5
      vertex 68.5387 28.0387 9
      vertex 68.1916 28.3431 9
    endloop
  endfacet
  facet normal 0.64116 0.316084 0.699289
    outer loop
      vertex 62.8873 23.712 9
      vertex 63.3153 23.95 8.5
      vertex 63.136 24.3137 8.5
    endloop
  endfacet
  facet normal 0.641168 0.316069 0.699288
    outer loop
      vertex 63.3153 23.95 8.5
      vertex 62.8873 23.712 9
      vertex 62.8908 23.7049 9
    endloop
  endfacet
  facet normal 0.713309 0.0467194 0.699291
    outer loop
      vertex 62.44 25.0393 9
      vertex 62.9265 25.0954 8.5
      vertex 62.9 25.5 8.5
    endloop
  endfacet
  facet normal 0.713448 0.045155 0.699252
    outer loop
      vertex 62.9265 25.0954 8.5
      vertex 62.44 25.0393 9
      vertex 62.4405 25.0314 9
    endloop
  endfacet
  facet normal 0.594366 -0.397126 0.6993
    outer loop
      vertex 62.8952 27.3017 9
      vertex 63.3153 27.05 8.5
      vertex 63.5406 27.3872 8.5
    endloop
  endfacet
  facet normal 0.594759 -0.396506 0.699317
    outer loop
      vertex 63.3153 27.05 8.5
      vertex 62.8952 27.3017 9
      vertex 62.8908 27.2951 9
    endloop
  endfacet
  facet normal -0.468078 -0.540091 0.699432
    outer loop
      vertex 67.8872 27.9594 8.5
      vertex 68.1916 28.3431 9
      vertex 68.1856 28.3483 9
    endloop
  endfacet
  facet normal -0.471396 -0.537328 0.699331
    outer loop
      vertex 68.1916 28.3431 9
      vertex 67.8872 27.9594 8.5
      vertex 68.192 27.692 8.5
    endloop
  endfacet
  facet normal 0.0467578 -0.713289 0.699309
    outer loop
      vertex 66 28.6 8.5
      vertex 66 29.0902 9
      vertex 65.5393 29.06 9
    endloop
  endfacet
  facet normal 0.397122 -0.594367 0.699301
    outer loop
      vertex 64.1128 27.9594 8.5
      vertex 64.1983 28.6048 9
      vertex 63.8144 28.3483 9
    endloop
  endfacet
  facet normal 0.641168 -0.316069 0.699288
    outer loop
      vertex 62.8873 27.288 9
      vertex 63.3153 27.05 8.5
      vertex 62.8908 27.2951 9
    endloop
  endfacet
  facet normal 0.64116 -0.316084 0.699289
    outer loop
      vertex 63.3153 27.05 8.5
      vertex 62.8873 27.288 9
      vertex 63.136 26.6863 8.5
    endloop
  endfacet
  facet normal 0.641098 -0.316137 0.699321
    outer loop
      vertex 63.136 26.6863 8.5
      vertex 62.8873 27.288 9
      vertex 62.6831 26.8739 9
    endloop
  endfacet
  facet normal 0.594366 0.397126 0.6993
    outer loop
      vertex 63.3153 23.95 8.5
      vertex 62.8952 23.6983 9
      vertex 63.5406 23.6128 8.5
    endloop
  endfacet
  facet normal 0.594759 0.396506 0.699317
    outer loop
      vertex 62.8952 23.6983 9
      vertex 63.3153 23.95 8.5
      vertex 62.8908 23.7049 9
    endloop
  endfacet
  facet normal 0.641098 0.316137 0.699321
    outer loop
      vertex 62.8873 23.712 9
      vertex 63.136 24.3137 8.5
      vertex 62.6831 24.1261 9
    endloop
  endfacet
  facet normal 0.67681 0.229833 0.69936
    outer loop
      vertex 62.6805 24.1336 9
      vertex 63.136 24.3137 8.5
      vertex 63.0056 24.6977 8.5
    endloop
  endfacet
  facet normal 0.675244 0.234085 0.699464
    outer loop
      vertex 63.136 24.3137 8.5
      vertex 62.6805 24.1336 9
      vertex 62.6831 24.1261 9
    endloop
  endfacet
  facet normal 0.316137 0.641098 0.699321
    outer loop
      vertex 64.6261 22.1831 9
      vertex 64.8137 22.636 8.5
      vertex 64.212 22.3873 9
    endloop
  endfacet
  facet normal -0.397126 0.594366 0.6993
    outer loop
      vertex 67.55 22.8153 8.5
      vertex 67.8017 22.3952 9
      vertex 67.8872 23.0406 8.5
    endloop
  endfacet
  facet normal -0.396506 0.594759 0.699317
    outer loop
      vertex 67.8017 22.3952 9
      vertex 67.55 22.8153 8.5
      vertex 67.7951 22.3908 9
    endloop
  endfacet
  facet normal -0.64116 0.316084 0.699289
    outer loop
      vertex 68.6847 23.95 8.5
      vertex 69.1127 23.712 9
      vertex 68.864 24.3137 8.5
    endloop
  endfacet
  facet normal -0.641168 0.316069 0.699288
    outer loop
      vertex 69.1127 23.712 9
      vertex 68.6847 23.95 8.5
      vertex 69.1092 23.7049 9
    endloop
  endfacet
  facet normal 0.594367 -0.397122 0.699301
    outer loop
      vertex 63.5406 27.3872 8.5
      vertex 63.1517 27.6856 9
      vertex 62.8952 27.3017 9
    endloop
  endfacet
  facet normal 0.471264 -0.537371 0.699387
    outer loop
      vertex 63.808 27.692 8.5
      vertex 63.8084 28.3431 9
      vertex 63.4613 28.0387 9
    endloop
  endfacet
  facet normal -0.537371 -0.471264 0.699387
    outer loop
      vertex 68.8431 27.6916 9
      vertex 68.5387 28.0387 9
      vertex 68.192 27.692 8.5
    endloop
  endfacet
  facet normal 0.229833 -0.67681 0.69936
    outer loop
      vertex 64.6336 28.8195 9
      vertex 64.8137 28.364 8.5
      vertex 65.1977 28.4944 8.5
    endloop
  endfacet
  facet normal 0.234085 -0.675244 0.699464
    outer loop
      vertex 64.8137 28.364 8.5
      vertex 64.6336 28.8195 9
      vertex 64.6261 28.8169 9
    endloop
  endfacet
  facet normal -0.397122 -0.594367 0.699301
    outer loop
      vertex 67.8872 27.9594 8.5
      vertex 68.1856 28.3483 9
      vertex 67.8017 28.6048 9
    endloop
  endfacet
  facet normal -0.316137 -0.641098 0.699321
    outer loop
      vertex 67.788 28.6127 9
      vertex 67.3739 28.8169 9
      vertex 67.1863 28.364 8.5
    endloop
  endfacet
  facet normal 0.0467194 0.713309 0.699291
    outer loop
      vertex 65.5954 22.4265 8.5
      vertex 65.5393 21.94 9
      vertex 66 22.4 8.5
    endloop
  endfacet
  facet normal 0.045155 0.713448 0.699252
    outer loop
      vertex 65.5393 21.94 9
      vertex 65.5954 22.4265 8.5
      vertex 65.5314 21.9405 9
    endloop
  endfacet
  facet normal 0.143668 0.700382 0.69916
    outer loop
      vertex 65.5954 22.4265 8.5
      vertex 65.5236 21.9421 9
      vertex 65.5314 21.9405 9
    endloop
  endfacet
  facet normal 0.139449 0.701122 0.699272
    outer loop
      vertex 65.5236 21.9421 9
      vertex 65.5954 22.4265 8.5
      vertex 65.1977 22.5056 8.5
    endloop
  endfacet
  facet normal 0.468078 -0.540091 0.699432
    outer loop
      vertex 63.8084 28.3431 9
      vertex 64.1128 27.9594 8.5
      vertex 63.8144 28.3483 9
    endloop
  endfacet
  facet normal 0.471396 -0.537328 0.699331
    outer loop
      vertex 64.1128 27.9594 8.5
      vertex 63.8084 28.3431 9
      vertex 63.808 27.692 8.5
    endloop
  endfacet
  facet normal 0.396506 -0.594759 0.699317
    outer loop
      vertex 64.1983 28.6048 9
      vertex 64.45 28.1847 8.5
      vertex 64.2049 28.6092 9
    endloop
  endfacet
  facet normal 0.397126 -0.594366 0.6993
    outer loop
      vertex 64.45 28.1847 8.5
      vertex 64.1983 28.6048 9
      vertex 64.1128 27.9594 8.5
    endloop
  endfacet
  facet normal 0.537371 0.471264 0.699387
    outer loop
      vertex 63.4613 22.9613 9
      vertex 63.808 23.308 8.5
      vertex 63.1569 23.3084 9
    endloop
  endfacet
  facet normal 0.316084 0.64116 0.699289
    outer loop
      vertex 64.45 22.8153 8.5
      vertex 64.212 22.3873 9
      vertex 64.8137 22.636 8.5
    endloop
  endfacet
  facet normal 0.316069 0.641168 0.699288
    outer loop
      vertex 64.212 22.3873 9
      vertex 64.45 22.8153 8.5
      vertex 64.2049 22.3908 9
    endloop
  endfacet
  facet normal 0.316137 -0.641098 0.699321
    outer loop
      vertex 64.8137 28.364 8.5
      vertex 64.6261 28.8169 9
      vertex 64.212 28.6127 9
    endloop
  endfacet
  facet normal 0.396506 0.594759 0.699317
    outer loop
      vertex 64.45 22.8153 8.5
      vertex 64.1983 22.3952 9
      vertex 64.2049 22.3908 9
    endloop
  endfacet
  facet normal 0.397126 0.594366 0.6993
    outer loop
      vertex 64.1983 22.3952 9
      vertex 64.45 22.8153 8.5
      vertex 64.1128 23.0406 8.5
    endloop
  endfacet
  facet normal 0.229755 -0.67688 0.699318
    outer loop
      vertex 65.1977 28.4944 8.5
      vertex 65.0708 28.9679 9
      vertex 64.6336 28.8195 9
    endloop
  endfacet
  facet normal 0.139353 -0.701102 0.699312
    outer loop
      vertex 65.1977 28.4944 8.5
      vertex 65.5236 29.0579 9
      vertex 65.0708 28.9679 9
    endloop
  endfacet
  facet normal 0.537371 -0.471264 0.699387
    outer loop
      vertex 63.808 27.692 8.5
      vertex 63.4613 28.0387 9
      vertex 63.1569 27.6916 9
    endloop
  endfacet
  facet normal 0.045155 -0.713448 0.699252
    outer loop
      vertex 65.5954 28.5735 8.5
      vertex 65.5393 29.06 9
      vertex 65.5314 29.0595 9
    endloop
  endfacet
  facet normal 0.0467194 -0.713309 0.699291
    outer loop
      vertex 65.5393 29.06 9
      vertex 65.5954 28.5735 8.5
      vertex 66 28.6 8.5
    endloop
  endfacet
  facet normal 0.537328 0.471396 0.699331
    outer loop
      vertex 63.5406 23.6128 8.5
      vertex 63.1569 23.3084 9
      vertex 63.808 23.308 8.5
    endloop
  endfacet
  facet normal 0.540091 0.468078 0.699432
    outer loop
      vertex 63.1569 23.3084 9
      vertex 63.5406 23.6128 8.5
      vertex 63.1517 23.3144 9
    endloop
  endfacet
  facet normal 0.594367 0.397122 0.699301
    outer loop
      vertex 63.1517 23.3144 9
      vertex 63.5406 23.6128 8.5
      vertex 62.8952 23.6983 9
    endloop
  endfacet
  facet normal -0.234085 0.675244 0.699464
    outer loop
      vertex 67.1863 22.636 8.5
      vertex 67.3664 22.1805 9
      vertex 67.3739 22.1831 9
    endloop
  endfacet
  facet normal -0.229833 0.67681 0.69936
    outer loop
      vertex 67.3664 22.1805 9
      vertex 67.1863 22.636 8.5
      vertex 66.8023 22.5056 8.5
    endloop
  endfacet
  facet normal -0.594759 -0.396506 0.699317
    outer loop
      vertex 69.1048 27.3017 9
      vertex 68.6847 27.05 8.5
      vertex 69.1092 27.2951 9
    endloop
  endfacet
  facet normal -0.594366 -0.397126 0.6993
    outer loop
      vertex 68.6847 27.05 8.5
      vertex 69.1048 27.3017 9
      vertex 68.4594 27.3872 8.5
    endloop
  endfacet
  facet normal 0.316084 -0.64116 0.699289
    outer loop
      vertex 64.212 28.6127 9
      vertex 64.45 28.1847 8.5
      vertex 64.8137 28.364 8.5
    endloop
  endfacet
  facet normal 0.316069 -0.641168 0.699288
    outer loop
      vertex 64.45 28.1847 8.5
      vertex 64.212 28.6127 9
      vertex 64.2049 28.6092 9
    endloop
  endfacet
  facet normal -0.396506 -0.594759 0.699317
    outer loop
      vertex 67.55 28.1847 8.5
      vertex 67.8017 28.6048 9
      vertex 67.7951 28.6092 9
    endloop
  endfacet
  facet normal -0.397126 -0.594366 0.6993
    outer loop
      vertex 67.8017 28.6048 9
      vertex 67.55 28.1847 8.5
      vertex 67.8872 27.9594 8.5
    endloop
  endfacet
  facet normal -0.701102 -0.139353 0.699312
    outer loop
      vertex 69.5579 25.9764 9
      vertex 69.4679 26.4292 9
      vertex 68.9944 26.3023 8.5
    endloop
  endfacet
  facet normal -0.701122 -0.139449 0.699272
    outer loop
      vertex 69.0735 25.9046 8.5
      vertex 69.5579 25.9764 9
      vertex 68.9944 26.3023 8.5
    endloop
  endfacet
  facet normal -0.700382 -0.143668 0.69916
    outer loop
      vertex 69.5579 25.9764 9
      vertex 69.0735 25.9046 8.5
      vertex 69.5595 25.9686 9
    endloop
  endfacet
  facet normal -0.980783 -0.195102 0
    outer loop
      vertex 67.4376 74.6893 2
      vertex 67.4006 74.8753 4
      vertex 67.4006 74.8753 2
    endloop
  endfacet
  facet normal -0.980783 -0.195102 0
    outer loop
      vertex 67.4006 74.8753 4
      vertex 67.4376 74.6893 2
      vertex 67.4376 74.6893 4
    endloop
  endfacet
  facet normal -0.997861 -0.0653644 0
    outer loop
      vertex 67.45 74.5 2
      vertex 67.4376 74.6893 4
      vertex 67.4376 74.6893 2
    endloop
  endfacet
  facet normal -0.997861 -0.0653644 0
    outer loop
      vertex 67.4376 74.6893 4
      vertex 67.45 74.5 2
      vertex 67.45 74.5 4
    endloop
  endfacet
  facet normal 0.3216 0.946876 -0
    outer loop
      vertex 65.6247 73.0994 2
      vertex 65.4451 73.1604 4
      vertex 65.6247 73.0994 4
    endloop
  endfacet
  facet normal 0.3216 0.946876 0
    outer loop
      vertex 65.4451 73.1604 4
      vertex 65.6247 73.0994 2
      vertex 65.4451 73.1604 2
    endloop
  endfacet
  facet normal 0.980783 0.195102 0
    outer loop
      vertex 64.5994 74.1247 4
      vertex 64.5624 74.3107 2
      vertex 64.5624 74.3107 4
    endloop
  endfacet
  facet normal 0.980783 0.195102 0
    outer loop
      vertex 64.5624 74.3107 2
      vertex 64.5994 74.1247 4
      vertex 64.5994 74.1247 2
    endloop
  endfacet
  facet normal -0.3216 0.946876 0
    outer loop
      vertex 66.5549 73.1604 2
      vertex 66.3753 73.0994 4
      vertex 66.5549 73.1604 4
    endloop
  endfacet
  facet normal -0.3216 0.946876 0
    outer loop
      vertex 66.3753 73.0994 4
      vertex 66.5549 73.1604 2
      vertex 66.3753 73.0994 2
    endloop
  endfacet
  facet normal 0.896839 -0.442356 0
    outer loop
      vertex 64.6604 75.0549 4
      vertex 64.7443 75.225 2
      vertex 64.7443 75.225 4
    endloop
  endfacet
  facet normal 0.896839 -0.442356 0
    outer loop
      vertex 64.7443 75.225 2
      vertex 64.6604 75.0549 4
      vertex 64.6604 75.0549 2
    endloop
  endfacet
  facet normal -0.751727 -0.659474 0
    outer loop
      vertex 67.1504 75.3827 2
      vertex 67.0253 75.5253 4
      vertex 67.0253 75.5253 2
    endloop
  endfacet
  facet normal -0.751727 -0.659474 0
    outer loop
      vertex 67.0253 75.5253 4
      vertex 67.1504 75.3827 2
      vertex 67.1504 75.3827 4
    endloop
  endfacet
  facet normal 0.997861 -0.0653644 0
    outer loop
      vertex 64.55 74.5 4
      vertex 64.5624 74.6893 2
      vertex 64.5624 74.6893 4
    endloop
  endfacet
  facet normal 0.997861 -0.0653644 0
    outer loop
      vertex 64.5624 74.6893 2
      vertex 64.55 74.5 4
      vertex 64.55 74.5 2
    endloop
  endfacet
  facet normal -0.751727 0.659474 0
    outer loop
      vertex 67.0253 73.4747 2
      vertex 67.1504 73.6173 4
      vertex 67.1504 73.6173 2
    endloop
  endfacet
  facet normal -0.751727 0.659474 0
    outer loop
      vertex 67.1504 73.6173 4
      vertex 67.0253 73.4747 2
      vertex 67.0253 73.4747 4
    endloop
  endfacet
  facet normal 0.751727 -0.659474 0
    outer loop
      vertex 64.8496 75.3827 4
      vertex 64.9747 75.5253 2
      vertex 64.9747 75.5253 4
    endloop
  endfacet
  facet normal 0.751727 -0.659474 0
    outer loop
      vertex 64.9747 75.5253 2
      vertex 64.8496 75.3827 4
      vertex 64.8496 75.3827 2
    endloop
  endfacet
  facet normal 0.3216 -0.946876 0
    outer loop
      vertex 65.4451 75.8396 2
      vertex 65.6247 75.9006 4
      vertex 65.4451 75.8396 4
    endloop
  endfacet
  facet normal 0.3216 -0.946876 0
    outer loop
      vertex 65.6247 75.9006 4
      vertex 65.4451 75.8396 2
      vertex 65.6247 75.9006 2
    endloop
  endfacet
  facet normal 0.659474 -0.751727 0
    outer loop
      vertex 64.9747 75.5253 2
      vertex 65.1173 75.6504 4
      vertex 64.9747 75.5253 4
    endloop
  endfacet
  facet normal 0.659474 -0.751727 0
    outer loop
      vertex 65.1173 75.6504 4
      vertex 64.9747 75.5253 2
      vertex 65.1173 75.6504 2
    endloop
  endfacet
  facet normal -0.0653644 0.997861 0
    outer loop
      vertex 66.1893 73.0624 2
      vertex 66 73.05 4
      vertex 66.1893 73.0624 4
    endloop
  endfacet
  facet normal -0.0653644 0.997861 0
    outer loop
      vertex 66 73.05 4
      vertex 66.1893 73.0624 2
      vertex 66 73.05 2
    endloop
  endfacet
  facet normal -0.442356 0.896839 0
    outer loop
      vertex 66.725 73.2443 2
      vertex 66.5549 73.1604 4
      vertex 66.725 73.2443 4
    endloop
  endfacet
  facet normal -0.442356 0.896839 0
    outer loop
      vertex 66.5549 73.1604 4
      vertex 66.725 73.2443 2
      vertex 66.5549 73.1604 2
    endloop
  endfacet
  facet normal 0.997861 0.0653644 0
    outer loop
      vertex 64.5624 74.3107 4
      vertex 64.55 74.5 2
      vertex 64.55 74.5 4
    endloop
  endfacet
  facet normal 0.997861 0.0653644 0
    outer loop
      vertex 64.55 74.5 2
      vertex 64.5624 74.3107 4
      vertex 64.5624 74.3107 2
    endloop
  endfacet
  facet normal -0.946876 -0.3216 0
    outer loop
      vertex 67.4006 74.8753 2
      vertex 67.3396 75.0549 4
      vertex 67.3396 75.0549 2
    endloop
  endfacet
  facet normal -0.946876 -0.3216 0
    outer loop
      vertex 67.3396 75.0549 4
      vertex 67.4006 74.8753 2
      vertex 67.4006 74.8753 4
    endloop
  endfacet
  facet normal 0.946876 0.3216 0
    outer loop
      vertex 64.6604 73.9451 4
      vertex 64.5994 74.1247 2
      vertex 64.5994 74.1247 4
    endloop
  endfacet
  facet normal 0.946876 0.3216 0
    outer loop
      vertex 64.5994 74.1247 2
      vertex 64.6604 73.9451 4
      vertex 64.6604 73.9451 2
    endloop
  endfacet
  facet normal 0.555309 0.831644 -0
    outer loop
      vertex 65.275 73.2443 2
      vertex 65.1173 73.3496 4
      vertex 65.275 73.2443 4
    endloop
  endfacet
  facet normal 0.555309 0.831644 0
    outer loop
      vertex 65.1173 73.3496 4
      vertex 65.275 73.2443 2
      vertex 65.1173 73.3496 2
    endloop
  endfacet
  facet normal -0.555309 -0.831644 0
    outer loop
      vertex 66.725 75.7557 2
      vertex 66.8827 75.6504 4
      vertex 66.725 75.7557 4
    endloop
  endfacet
  facet normal -0.555309 -0.831644 -0
    outer loop
      vertex 66.8827 75.6504 4
      vertex 66.725 75.7557 2
      vertex 66.8827 75.6504 2
    endloop
  endfacet
  facet normal -0.195102 0.980783 0
    outer loop
      vertex 66.3753 73.0994 2
      vertex 66.1893 73.0624 4
      vertex 66.3753 73.0994 4
    endloop
  endfacet
  facet normal -0.195102 0.980783 0
    outer loop
      vertex 66.1893 73.0624 4
      vertex 66.3753 73.0994 2
      vertex 66.1893 73.0624 2
    endloop
  endfacet
  facet normal -0.831644 -0.555309 0
    outer loop
      vertex 67.2557 75.225 2
      vertex 67.1504 75.3827 4
      vertex 67.1504 75.3827 2
    endloop
  endfacet
  facet normal -0.831644 -0.555309 0
    outer loop
      vertex 67.1504 75.3827 4
      vertex 67.2557 75.225 2
      vertex 67.2557 75.225 4
    endloop
  endfacet
  facet normal -0.442356 -0.896839 0
    outer loop
      vertex 66.5549 75.8396 2
      vertex 66.725 75.7557 4
      vertex 66.5549 75.8396 4
    endloop
  endfacet
  facet normal -0.442356 -0.896839 -0
    outer loop
      vertex 66.725 75.7557 4
      vertex 66.5549 75.8396 2
      vertex 66.725 75.7557 2
    endloop
  endfacet
  facet normal -0.0653644 -0.997861 0
    outer loop
      vertex 66 75.95 2
      vertex 66.1893 75.9376 4
      vertex 66 75.95 4
    endloop
  endfacet
  facet normal -0.0653644 -0.997861 -0
    outer loop
      vertex 66.1893 75.9376 4
      vertex 66 75.95 2
      vertex 66.1893 75.9376 2
    endloop
  endfacet
  facet normal -0.946876 0.3216 0
    outer loop
      vertex 67.3396 73.9451 2
      vertex 67.4006 74.1247 4
      vertex 67.4006 74.1247 2
    endloop
  endfacet
  facet normal -0.946876 0.3216 0
    outer loop
      vertex 67.4006 74.1247 4
      vertex 67.3396 73.9451 2
      vertex 67.3396 73.9451 4
    endloop
  endfacet
  facet normal -0.831644 0.555309 0
    outer loop
      vertex 67.1504 73.6173 2
      vertex 67.2557 73.775 4
      vertex 67.2557 73.775 2
    endloop
  endfacet
  facet normal -0.831644 0.555309 0
    outer loop
      vertex 67.2557 73.775 4
      vertex 67.1504 73.6173 2
      vertex 67.1504 73.6173 4
    endloop
  endfacet
  facet normal -0.997861 0.0653644 0
    outer loop
      vertex 67.4376 74.3107 2
      vertex 67.45 74.5 4
      vertex 67.45 74.5 2
    endloop
  endfacet
  facet normal -0.997861 0.0653644 0
    outer loop
      vertex 67.45 74.5 4
      vertex 67.4376 74.3107 2
      vertex 67.4376 74.3107 4
    endloop
  endfacet
  facet normal 0.442356 -0.896839 0
    outer loop
      vertex 65.275 75.7557 2
      vertex 65.4451 75.8396 4
      vertex 65.275 75.7557 4
    endloop
  endfacet
  facet normal 0.442356 -0.896839 0
    outer loop
      vertex 65.4451 75.8396 4
      vertex 65.275 75.7557 2
      vertex 65.4451 75.8396 2
    endloop
  endfacet
  facet normal 0.0653644 -0.997861 0
    outer loop
      vertex 65.8107 75.9376 2
      vertex 66 75.95 4
      vertex 65.8107 75.9376 4
    endloop
  endfacet
  facet normal 0.0653644 -0.997861 0
    outer loop
      vertex 66 75.95 4
      vertex 65.8107 75.9376 2
      vertex 66 75.95 2
    endloop
  endfacet
  facet normal 0.555309 -0.831644 0
    outer loop
      vertex 65.1173 75.6504 2
      vertex 65.275 75.7557 4
      vertex 65.1173 75.6504 4
    endloop
  endfacet
  facet normal 0.555309 -0.831644 0
    outer loop
      vertex 65.275 75.7557 4
      vertex 65.1173 75.6504 2
      vertex 65.275 75.7557 2
    endloop
  endfacet
  facet normal -0.896839 0.442356 0
    outer loop
      vertex 67.2557 73.775 2
      vertex 67.3396 73.9451 4
      vertex 67.3396 73.9451 2
    endloop
  endfacet
  facet normal -0.896839 0.442356 0
    outer loop
      vertex 67.3396 73.9451 4
      vertex 67.2557 73.775 2
      vertex 67.2557 73.775 4
    endloop
  endfacet
  facet normal 0.442356 0.896839 -0
    outer loop
      vertex 65.4451 73.1604 2
      vertex 65.275 73.2443 4
      vertex 65.4451 73.1604 4
    endloop
  endfacet
  facet normal 0.442356 0.896839 0
    outer loop
      vertex 65.275 73.2443 4
      vertex 65.4451 73.1604 2
      vertex 65.275 73.2443 2
    endloop
  endfacet
  facet normal 0.195102 0.980783 -0
    outer loop
      vertex 65.8107 73.0624 2
      vertex 65.6247 73.0994 4
      vertex 65.8107 73.0624 4
    endloop
  endfacet
  facet normal 0.195102 0.980783 0
    outer loop
      vertex 65.6247 73.0994 4
      vertex 65.8107 73.0624 2
      vertex 65.6247 73.0994 2
    endloop
  endfacet
  facet normal 0.980783 -0.195102 0
    outer loop
      vertex 64.5624 74.6893 4
      vertex 64.5994 74.8753 2
      vertex 64.5994 74.8753 4
    endloop
  endfacet
  facet normal 0.980783 -0.195102 0
    outer loop
      vertex 64.5994 74.8753 2
      vertex 64.5624 74.6893 4
      vertex 64.5624 74.6893 2
    endloop
  endfacet
  facet normal 0.659474 0.751727 -0
    outer loop
      vertex 65.1173 73.3496 2
      vertex 64.9747 73.4747 4
      vertex 65.1173 73.3496 4
    endloop
  endfacet
  facet normal 0.659474 0.751727 0
    outer loop
      vertex 64.9747 73.4747 4
      vertex 65.1173 73.3496 2
      vertex 64.9747 73.4747 2
    endloop
  endfacet
  facet normal 0.896839 0.442356 0
    outer loop
      vertex 64.7443 73.775 4
      vertex 64.6604 73.9451 2
      vertex 64.6604 73.9451 4
    endloop
  endfacet
  facet normal 0.896839 0.442356 0
    outer loop
      vertex 64.6604 73.9451 2
      vertex 64.7443 73.775 4
      vertex 64.7443 73.775 2
    endloop
  endfacet
  facet normal 0.831644 0.555309 0
    outer loop
      vertex 64.8496 73.6173 4
      vertex 64.7443 73.775 2
      vertex 64.7443 73.775 4
    endloop
  endfacet
  facet normal 0.831644 0.555309 0
    outer loop
      vertex 64.7443 73.775 2
      vertex 64.8496 73.6173 4
      vertex 64.8496 73.6173 2
    endloop
  endfacet
  facet normal -0.195102 -0.980783 0
    outer loop
      vertex 66.1893 75.9376 2
      vertex 66.3753 75.9006 4
      vertex 66.1893 75.9376 4
    endloop
  endfacet
  facet normal -0.195102 -0.980783 -0
    outer loop
      vertex 66.3753 75.9006 4
      vertex 66.1893 75.9376 2
      vertex 66.3753 75.9006 2
    endloop
  endfacet
  facet normal -0.3216 -0.946876 0
    outer loop
      vertex 66.3753 75.9006 2
      vertex 66.5549 75.8396 4
      vertex 66.3753 75.9006 4
    endloop
  endfacet
  facet normal -0.3216 -0.946876 -0
    outer loop
      vertex 66.5549 75.8396 4
      vertex 66.3753 75.9006 2
      vertex 66.5549 75.8396 2
    endloop
  endfacet
  facet normal -0.896839 -0.442356 0
    outer loop
      vertex 67.3396 75.0549 2
      vertex 67.2557 75.225 4
      vertex 67.2557 75.225 2
    endloop
  endfacet
  facet normal -0.896839 -0.442356 0
    outer loop
      vertex 67.2557 75.225 4
      vertex 67.3396 75.0549 2
      vertex 67.3396 75.0549 4
    endloop
  endfacet
  facet normal -0.659474 -0.751727 0
    outer loop
      vertex 66.8827 75.6504 2
      vertex 67.0253 75.5253 4
      vertex 66.8827 75.6504 4
    endloop
  endfacet
  facet normal -0.659474 -0.751727 -0
    outer loop
      vertex 67.0253 75.5253 4
      vertex 66.8827 75.6504 2
      vertex 67.0253 75.5253 2
    endloop
  endfacet
  facet normal 0.831644 -0.555309 0
    outer loop
      vertex 64.7443 75.225 4
      vertex 64.8496 75.3827 2
      vertex 64.8496 75.3827 4
    endloop
  endfacet
  facet normal 0.831644 -0.555309 0
    outer loop
      vertex 64.8496 75.3827 2
      vertex 64.7443 75.225 4
      vertex 64.7443 75.225 2
    endloop
  endfacet
  facet normal 0.946876 -0.3216 0
    outer loop
      vertex 64.5994 74.8753 4
      vertex 64.6604 75.0549 2
      vertex 64.6604 75.0549 4
    endloop
  endfacet
  facet normal 0.946876 -0.3216 0
    outer loop
      vertex 64.6604 75.0549 2
      vertex 64.5994 74.8753 4
      vertex 64.5994 74.8753 2
    endloop
  endfacet
  facet normal 0.751727 0.659474 0
    outer loop
      vertex 64.9747 73.4747 4
      vertex 64.8496 73.6173 2
      vertex 64.8496 73.6173 4
    endloop
  endfacet
  facet normal 0.751727 0.659474 0
    outer loop
      vertex 64.8496 73.6173 2
      vertex 64.9747 73.4747 4
      vertex 64.9747 73.4747 2
    endloop
  endfacet
  facet normal 0.195102 -0.980783 0
    outer loop
      vertex 65.6247 75.9006 2
      vertex 65.8107 75.9376 4
      vertex 65.6247 75.9006 4
    endloop
  endfacet
  facet normal 0.195102 -0.980783 0
    outer loop
      vertex 65.8107 75.9376 4
      vertex 65.6247 75.9006 2
      vertex 65.8107 75.9376 2
    endloop
  endfacet
  facet normal -0.980783 0.195102 0
    outer loop
      vertex 67.4006 74.1247 2
      vertex 67.4376 74.3107 4
      vertex 67.4376 74.3107 2
    endloop
  endfacet
  facet normal -0.980783 0.195102 0
    outer loop
      vertex 67.4376 74.3107 4
      vertex 67.4006 74.1247 2
      vertex 67.4006 74.1247 4
    endloop
  endfacet
  facet normal -0.659474 0.751727 0
    outer loop
      vertex 67.0253 73.4747 2
      vertex 66.8827 73.3496 4
      vertex 67.0253 73.4747 4
    endloop
  endfacet
  facet normal -0.659474 0.751727 0
    outer loop
      vertex 66.8827 73.3496 4
      vertex 67.0253 73.4747 2
      vertex 66.8827 73.3496 2
    endloop
  endfacet
  facet normal -0.555309 0.831644 0
    outer loop
      vertex 66.8827 73.3496 2
      vertex 66.725 73.2443 4
      vertex 66.8827 73.3496 4
    endloop
  endfacet
  facet normal -0.555309 0.831644 0
    outer loop
      vertex 66.725 73.2443 4
      vertex 66.8827 73.3496 2
      vertex 66.725 73.2443 2
    endloop
  endfacet
  facet normal 0.0653644 0.997861 -0
    outer loop
      vertex 66 73.05 2
      vertex 65.8107 73.0624 4
      vertex 66 73.05 4
    endloop
  endfacet
  facet normal 0.0653644 0.997861 0
    outer loop
      vertex 65.8107 73.0624 4
      vertex 66 73.05 2
      vertex 65.8107 73.0624 2
    endloop
  endfacet
  facet normal -0.98075 -0.195268 0
    outer loop
      vertex 68.5778 74.8394 0
      vertex 68.5114 75.1729 2
      vertex 68.5114 75.1729 0
    endloop
  endfacet
  facet normal -0.98075 -0.195268 0
    outer loop
      vertex 68.5114 75.1729 2
      vertex 68.5778 74.8394 0
      vertex 68.5778 74.8394 2
    endloop
  endfacet
  facet normal -0.997868 -0.0652701 0
    outer loop
      vertex 68.6 74.5 0
      vertex 68.5778 74.8394 2
      vertex 68.5778 74.8394 0
    endloop
  endfacet
  facet normal -0.997868 -0.0652701 0
    outer loop
      vertex 68.5778 74.8394 2
      vertex 68.6 74.5 0
      vertex 68.6 74.5 2
    endloop
  endfacet
  facet normal -0.946964 -0.321339 0
    outer loop
      vertex 68.5114 75.1729 0
      vertex 68.4021 75.495 2
      vertex 68.4021 75.495 0
    endloop
  endfacet
  facet normal -0.946964 -0.321339 0
    outer loop
      vertex 68.4021 75.495 2
      vertex 68.5114 75.1729 0
      vertex 68.5114 75.1729 2
    endloop
  endfacet
  facet normal 0.659275 -0.751902 0
    outer loop
      vertex 64.1615 76.3385 0
      vertex 64.4172 76.5627 2
      vertex 64.1615 76.3385 2
    endloop
  endfacet
  facet normal 0.659275 -0.751902 0
    outer loop
      vertex 64.4172 76.5627 2
      vertex 64.1615 76.3385 0
      vertex 64.4172 76.5627 0
    endloop
  endfacet
  facet normal -0.0652701 -0.997868 0
    outer loop
      vertex 66 77.1 0
      vertex 66.3394 77.0778 2
      vertex 66 77.1 2
    endloop
  endfacet
  facet normal -0.0652701 -0.997868 -0
    outer loop
      vertex 66.3394 77.0778 2
      vertex 66 77.1 0
      vertex 66.3394 77.0778 0
    endloop
  endfacet
  facet normal 0.946964 -0.321339 0
    outer loop
      vertex 63.4886 75.1729 2
      vertex 63.5979 75.495 0
      vertex 63.5979 75.495 2
    endloop
  endfacet
  facet normal 0.946964 -0.321339 0
    outer loop
      vertex 63.5979 75.495 0
      vertex 63.4886 75.1729 2
      vertex 63.4886 75.1729 0
    endloop
  endfacet
  facet normal -0.98075 0.195268 0
    outer loop
      vertex 68.5114 73.8271 0
      vertex 68.5778 74.1606 2
      vertex 68.5778 74.1606 0
    endloop
  endfacet
  facet normal -0.98075 0.195268 0
    outer loop
      vertex 68.5778 74.1606 2
      vertex 68.5114 73.8271 0
      vertex 68.5114 73.8271 2
    endloop
  endfacet
  facet normal 0.831417 0.55565 0
    outer loop
      vertex 63.9373 72.9172 2
      vertex 63.7483 73.2 0
      vertex 63.7483 73.2 2
    endloop
  endfacet
  facet normal 0.831417 0.55565 0
    outer loop
      vertex 63.7483 73.2 0
      vertex 63.9373 72.9172 2
      vertex 63.9373 72.9172 0
    endloop
  endfacet
  facet normal 0.98075 -0.195268 0
    outer loop
      vertex 63.4222 74.8394 2
      vertex 63.4886 75.1729 0
      vertex 63.4886 75.1729 2
    endloop
  endfacet
  facet normal 0.98075 -0.195268 0
    outer loop
      vertex 63.4886 75.1729 0
      vertex 63.4222 74.8394 2
      vertex 63.4222 74.8394 0
    endloop
  endfacet
  facet normal 0.55565 -0.831417 0
    outer loop
      vertex 64.4172 76.5627 0
      vertex 64.7 76.7517 2
      vertex 64.4172 76.5627 2
    endloop
  endfacet
  facet normal 0.55565 -0.831417 0
    outer loop
      vertex 64.7 76.7517 2
      vertex 64.4172 76.5627 0
      vertex 64.7 76.7517 0
    endloop
  endfacet
  facet normal 0.946964 0.321339 0
    outer loop
      vertex 63.5979 73.505 2
      vertex 63.4886 73.8271 0
      vertex 63.4886 73.8271 2
    endloop
  endfacet
  facet normal 0.946964 0.321339 0
    outer loop
      vertex 63.4886 73.8271 0
      vertex 63.5979 73.505 2
      vertex 63.5979 73.505 0
    endloop
  endfacet
  facet normal 0.98075 0.195268 0
    outer loop
      vertex 63.4886 73.8271 2
      vertex 63.4222 74.1606 0
      vertex 63.4222 74.1606 2
    endloop
  endfacet
  facet normal 0.98075 0.195268 0
    outer loop
      vertex 63.4222 74.1606 0
      vertex 63.4886 73.8271 2
      vertex 63.4886 73.8271 0
    endloop
  endfacet
  facet normal -0.321339 0.946964 0
    outer loop
      vertex 66.995 72.0979 0
      vertex 66.6729 71.9886 2
      vertex 66.995 72.0979 2
    endloop
  endfacet
  facet normal -0.321339 0.946964 0
    outer loop
      vertex 66.6729 71.9886 2
      vertex 66.995 72.0979 0
      vertex 66.6729 71.9886 0
    endloop
  endfacet
  facet normal 0.751902 -0.659275 0
    outer loop
      vertex 63.9373 76.0828 2
      vertex 64.1615 76.3385 0
      vertex 64.1615 76.3385 2
    endloop
  endfacet
  facet normal 0.751902 -0.659275 0
    outer loop
      vertex 64.1615 76.3385 0
      vertex 63.9373 76.0828 2
      vertex 63.9373 76.0828 0
    endloop
  endfacet
  facet normal -0.195268 0.98075 0
    outer loop
      vertex 66.6729 71.9886 0
      vertex 66.3394 71.9222 2
      vertex 66.6729 71.9886 2
    endloop
  endfacet
  facet normal -0.195268 0.98075 0
    outer loop
      vertex 66.3394 71.9222 2
      vertex 66.6729 71.9886 0
      vertex 66.3394 71.9222 0
    endloop
  endfacet
  facet normal 0.321339 -0.946964 0
    outer loop
      vertex 65.005 76.9021 0
      vertex 65.3271 77.0114 2
      vertex 65.005 76.9021 2
    endloop
  endfacet
  facet normal 0.321339 -0.946964 0
    outer loop
      vertex 65.3271 77.0114 2
      vertex 65.005 76.9021 0
      vertex 65.3271 77.0114 0
    endloop
  endfacet
  facet normal -0.896884 -0.442267 0
    outer loop
      vertex 68.4021 75.495 0
      vertex 68.2517 75.8 2
      vertex 68.2517 75.8 0
    endloop
  endfacet
  facet normal -0.896884 -0.442267 0
    outer loop
      vertex 68.2517 75.8 2
      vertex 68.4021 75.495 0
      vertex 68.4021 75.495 2
    endloop
  endfacet
  facet normal 0.997868 0.0652701 0
    outer loop
      vertex 63.4222 74.1606 2
      vertex 63.4 74.5 0
      vertex 63.4 74.5 2
    endloop
  endfacet
  facet normal 0.997868 0.0652701 0
    outer loop
      vertex 63.4 74.5 0
      vertex 63.4222 74.1606 2
      vertex 63.4222 74.1606 0
    endloop
  endfacet
  facet normal 0.0652701 0.997868 -0
    outer loop
      vertex 66 71.9 0
      vertex 65.6606 71.9222 2
      vertex 66 71.9 2
    endloop
  endfacet
  facet normal 0.0652701 0.997868 0
    outer loop
      vertex 65.6606 71.9222 2
      vertex 66 71.9 0
      vertex 65.6606 71.9222 0
    endloop
  endfacet
  facet normal -0.195268 -0.98075 0
    outer loop
      vertex 66.3394 77.0778 0
      vertex 66.6729 77.0114 2
      vertex 66.3394 77.0778 2
    endloop
  endfacet
  facet normal -0.195268 -0.98075 -0
    outer loop
      vertex 66.6729 77.0114 2
      vertex 66.3394 77.0778 0
      vertex 66.6729 77.0114 0
    endloop
  endfacet
  facet normal -0.831417 0.55565 0
    outer loop
      vertex 68.0627 72.9172 0
      vertex 68.2517 73.2 2
      vertex 68.2517 73.2 0
    endloop
  endfacet
  facet normal -0.831417 0.55565 0
    outer loop
      vertex 68.2517 73.2 2
      vertex 68.0627 72.9172 0
      vertex 68.0627 72.9172 2
    endloop
  endfacet
  facet normal 0.751902 0.659275 0
    outer loop
      vertex 64.1615 72.6615 2
      vertex 63.9373 72.9172 0
      vertex 63.9373 72.9172 2
    endloop
  endfacet
  facet normal 0.751902 0.659275 0
    outer loop
      vertex 63.9373 72.9172 0
      vertex 64.1615 72.6615 2
      vertex 64.1615 72.6615 0
    endloop
  endfacet
  facet normal 0.195268 0.98075 -0
    outer loop
      vertex 65.6606 71.9222 0
      vertex 65.3271 71.9886 2
      vertex 65.6606 71.9222 2
    endloop
  endfacet
  facet normal 0.195268 0.98075 0
    outer loop
      vertex 65.3271 71.9886 2
      vertex 65.6606 71.9222 0
      vertex 65.3271 71.9886 0
    endloop
  endfacet
  facet normal -0.55565 -0.831417 0
    outer loop
      vertex 67.3 76.7517 0
      vertex 67.5828 76.5627 2
      vertex 67.3 76.7517 2
    endloop
  endfacet
  facet normal -0.55565 -0.831417 -0
    outer loop
      vertex 67.5828 76.5627 2
      vertex 67.3 76.7517 0
      vertex 67.5828 76.5627 0
    endloop
  endfacet
  facet normal -0.997868 0.0652701 0
    outer loop
      vertex 68.5778 74.1606 0
      vertex 68.6 74.5 2
      vertex 68.6 74.5 0
    endloop
  endfacet
  facet normal -0.997868 0.0652701 0
    outer loop
      vertex 68.6 74.5 2
      vertex 68.5778 74.1606 0
      vertex 68.5778 74.1606 2
    endloop
  endfacet
  facet normal 0.195268 -0.98075 0
    outer loop
      vertex 65.3271 77.0114 0
      vertex 65.6606 77.0778 2
      vertex 65.3271 77.0114 2
    endloop
  endfacet
  facet normal 0.195268 -0.98075 0
    outer loop
      vertex 65.6606 77.0778 2
      vertex 65.3271 77.0114 0
      vertex 65.6606 77.0778 0
    endloop
  endfacet
  facet normal -0.659275 -0.751902 0
    outer loop
      vertex 67.5828 76.5627 0
      vertex 67.8385 76.3385 2
      vertex 67.5828 76.5627 2
    endloop
  endfacet
  facet normal -0.659275 -0.751902 -0
    outer loop
      vertex 67.8385 76.3385 2
      vertex 67.5828 76.5627 0
      vertex 67.8385 76.3385 0
    endloop
  endfacet
  facet normal -0.751902 -0.659275 0
    outer loop
      vertex 68.0627 76.0828 0
      vertex 67.8385 76.3385 2
      vertex 67.8385 76.3385 0
    endloop
  endfacet
  facet normal -0.751902 -0.659275 0
    outer loop
      vertex 67.8385 76.3385 2
      vertex 68.0627 76.0828 0
      vertex 68.0627 76.0828 2
    endloop
  endfacet
  facet normal 0.321339 0.946964 -0
    outer loop
      vertex 65.3271 71.9886 0
      vertex 65.005 72.0979 2
      vertex 65.3271 71.9886 2
    endloop
  endfacet
  facet normal 0.321339 0.946964 0
    outer loop
      vertex 65.005 72.0979 2
      vertex 65.3271 71.9886 0
      vertex 65.005 72.0979 0
    endloop
  endfacet
  facet normal -0.0652701 0.997868 0
    outer loop
      vertex 66.3394 71.9222 0
      vertex 66 71.9 2
      vertex 66.3394 71.9222 2
    endloop
  endfacet
  facet normal -0.0652701 0.997868 0
    outer loop
      vertex 66 71.9 2
      vertex 66.3394 71.9222 0
      vertex 66 71.9 0
    endloop
  endfacet
  facet normal -0.55565 0.831417 0
    outer loop
      vertex 67.5828 72.4373 0
      vertex 67.3 72.2483 2
      vertex 67.5828 72.4373 2
    endloop
  endfacet
  facet normal -0.55565 0.831417 0
    outer loop
      vertex 67.3 72.2483 2
      vertex 67.5828 72.4373 0
      vertex 67.3 72.2483 0
    endloop
  endfacet
  facet normal -0.946964 0.321339 0
    outer loop
      vertex 68.4021 73.505 0
      vertex 68.5114 73.8271 2
      vertex 68.5114 73.8271 0
    endloop
  endfacet
  facet normal -0.946964 0.321339 0
    outer loop
      vertex 68.5114 73.8271 2
      vertex 68.4021 73.505 0
      vertex 68.4021 73.505 2
    endloop
  endfacet
  facet normal -0.442267 -0.896884 0
    outer loop
      vertex 66.995 76.9021 0
      vertex 67.3 76.7517 2
      vertex 66.995 76.9021 2
    endloop
  endfacet
  facet normal -0.442267 -0.896884 -0
    outer loop
      vertex 67.3 76.7517 2
      vertex 66.995 76.9021 0
      vertex 67.3 76.7517 0
    endloop
  endfacet
  facet normal -0.831417 -0.55565 0
    outer loop
      vertex 68.2517 75.8 0
      vertex 68.0627 76.0828 2
      vertex 68.0627 76.0828 0
    endloop
  endfacet
  facet normal -0.831417 -0.55565 0
    outer loop
      vertex 68.0627 76.0828 2
      vertex 68.2517 75.8 0
      vertex 68.2517 75.8 2
    endloop
  endfacet
  facet normal -0.659275 0.751902 0
    outer loop
      vertex 67.8385 72.6615 0
      vertex 67.5828 72.4373 2
      vertex 67.8385 72.6615 2
    endloop
  endfacet
  facet normal -0.659275 0.751902 0
    outer loop
      vertex 67.5828 72.4373 2
      vertex 67.8385 72.6615 0
      vertex 67.5828 72.4373 0
    endloop
  endfacet
  facet normal -0.751902 0.659275 0
    outer loop
      vertex 67.8385 72.6615 0
      vertex 68.0627 72.9172 2
      vertex 68.0627 72.9172 0
    endloop
  endfacet
  facet normal -0.751902 0.659275 0
    outer loop
      vertex 68.0627 72.9172 2
      vertex 67.8385 72.6615 0
      vertex 67.8385 72.6615 2
    endloop
  endfacet
  facet normal -0.321339 -0.946964 0
    outer loop
      vertex 66.6729 77.0114 0
      vertex 66.995 76.9021 2
      vertex 66.6729 77.0114 2
    endloop
  endfacet
  facet normal -0.321339 -0.946964 -0
    outer loop
      vertex 66.995 76.9021 2
      vertex 66.6729 77.0114 0
      vertex 66.995 76.9021 0
    endloop
  endfacet
  facet normal 0.0652701 -0.997868 0
    outer loop
      vertex 65.6606 77.0778 0
      vertex 66 77.1 2
      vertex 65.6606 77.0778 2
    endloop
  endfacet
  facet normal 0.0652701 -0.997868 0
    outer loop
      vertex 66 77.1 2
      vertex 65.6606 77.0778 0
      vertex 66 77.1 0
    endloop
  endfacet
  facet normal 0.659275 0.751902 -0
    outer loop
      vertex 64.4172 72.4373 0
      vertex 64.1615 72.6615 2
      vertex 64.4172 72.4373 2
    endloop
  endfacet
  facet normal 0.659275 0.751902 0
    outer loop
      vertex 64.1615 72.6615 2
      vertex 64.4172 72.4373 0
      vertex 64.1615 72.6615 0
    endloop
  endfacet
  facet normal -0.896884 0.442267 0
    outer loop
      vertex 68.2517 73.2 0
      vertex 68.4021 73.505 2
      vertex 68.4021 73.505 0
    endloop
  endfacet
  facet normal -0.896884 0.442267 0
    outer loop
      vertex 68.4021 73.505 2
      vertex 68.2517 73.2 0
      vertex 68.2517 73.2 2
    endloop
  endfacet
  facet normal 0.997868 -0.0652701 0
    outer loop
      vertex 63.4 74.5 2
      vertex 63.4222 74.8394 0
      vertex 63.4222 74.8394 2
    endloop
  endfacet
  facet normal 0.997868 -0.0652701 0
    outer loop
      vertex 63.4222 74.8394 0
      vertex 63.4 74.5 2
      vertex 63.4 74.5 0
    endloop
  endfacet
  facet normal -0.442267 0.896884 0
    outer loop
      vertex 67.3 72.2483 0
      vertex 66.995 72.0979 2
      vertex 67.3 72.2483 2
    endloop
  endfacet
  facet normal -0.442267 0.896884 0
    outer loop
      vertex 66.995 72.0979 2
      vertex 67.3 72.2483 0
      vertex 66.995 72.0979 0
    endloop
  endfacet
  facet normal 0.442267 0.896884 -0
    outer loop
      vertex 65.005 72.0979 0
      vertex 64.7 72.2483 2
      vertex 65.005 72.0979 2
    endloop
  endfacet
  facet normal 0.442267 0.896884 0
    outer loop
      vertex 64.7 72.2483 2
      vertex 65.005 72.0979 0
      vertex 64.7 72.2483 0
    endloop
  endfacet
  facet normal 0.442267 -0.896884 0
    outer loop
      vertex 64.7 76.7517 0
      vertex 65.005 76.9021 2
      vertex 64.7 76.7517 2
    endloop
  endfacet
  facet normal 0.442267 -0.896884 0
    outer loop
      vertex 65.005 76.9021 2
      vertex 64.7 76.7517 0
      vertex 65.005 76.9021 0
    endloop
  endfacet
  facet normal 0.896884 0.442267 0
    outer loop
      vertex 63.7483 73.2 2
      vertex 63.5979 73.505 0
      vertex 63.5979 73.505 2
    endloop
  endfacet
  facet normal 0.896884 0.442267 0
    outer loop
      vertex 63.5979 73.505 0
      vertex 63.7483 73.2 2
      vertex 63.7483 73.2 0
    endloop
  endfacet
  facet normal 0.896884 -0.442267 0
    outer loop
      vertex 63.5979 75.495 2
      vertex 63.7483 75.8 0
      vertex 63.7483 75.8 2
    endloop
  endfacet
  facet normal 0.896884 -0.442267 0
    outer loop
      vertex 63.7483 75.8 0
      vertex 63.5979 75.495 2
      vertex 63.5979 75.495 0
    endloop
  endfacet
  facet normal 0.831417 -0.55565 0
    outer loop
      vertex 63.7483 75.8 2
      vertex 63.9373 76.0828 0
      vertex 63.9373 76.0828 2
    endloop
  endfacet
  facet normal 0.831417 -0.55565 0
    outer loop
      vertex 63.9373 76.0828 0
      vertex 63.7483 75.8 2
      vertex 63.7483 75.8 0
    endloop
  endfacet
  facet normal 0.55565 0.831417 -0
    outer loop
      vertex 64.7 72.2483 0
      vertex 64.4172 72.4373 2
      vertex 64.7 72.2483 2
    endloop
  endfacet
  facet normal 0.55565 0.831417 0
    outer loop
      vertex 64.4172 72.4373 2
      vertex 64.7 72.2483 0
      vertex 64.4172 72.4373 0
    endloop
  endfacet
  facet normal 0 0 -1
    outer loop
      vertex 67.45 74.5 2
      vertex 68.6 74.5 2
      vertex 68.5778 74.1606 2
    endloop
  endfacet
  facet normal 0 0 -1
    outer loop
      vertex 67.4376 74.3107 2
      vertex 68.5778 74.1606 2
      vertex 68.5114 73.8271 2
    endloop
  endfacet
  facet normal 0 0 -1
    outer loop
      vertex 68.6 74.5 2
      vertex 67.45 74.5 2
      vertex 68.5778 74.8394 2
    endloop
  endfacet
  facet normal 0 0 -1
    outer loop
      vertex 67.4006 74.1247 2
      vertex 68.5114 73.8271 2
      vertex 68.4021 73.505 2
    endloop
  endfacet
  facet normal 0 0 -1
    outer loop
      vertex 67.4376 74.6893 2
      vertex 68.5778 74.8394 2
      vertex 67.45 74.5 2
    endloop
  endfacet
  facet normal 0 0 -1
    outer loop
      vertex 67.3396 73.9451 2
      vertex 68.4021 73.505 2
      vertex 68.2517 73.2 2
    endloop
  endfacet
  facet normal -0 0 -1
    outer loop
      vertex 68.5778 74.8394 2
      vertex 67.4376 74.6893 2
      vertex 68.5114 75.1729 2
    endloop
  endfacet
  facet normal 0 0 -1
    outer loop
      vertex 67.2557 73.775 2
      vertex 68.2517 73.2 2
      vertex 68.0627 72.9172 2
    endloop
  endfacet
  facet normal 0 0 -1
    outer loop
      vertex 67.4006 74.8753 2
      vertex 68.5114 75.1729 2
      vertex 67.4376 74.6893 2
    endloop
  endfacet
  facet normal 0 0 -1
    outer loop
      vertex 67.1504 73.6173 2
      vertex 68.0627 72.9172 2
      vertex 67.8385 72.6615 2
    endloop
  endfacet
  facet normal -0 0 -1
    outer loop
      vertex 68.5114 75.1729 2
      vertex 67.4006 74.8753 2
      vertex 68.4021 75.495 2
    endloop
  endfacet
  facet normal 0 0 -1
    outer loop
      vertex 67.0253 73.4747 2
      vertex 67.8385 72.6615 2
      vertex 67.5828 72.4373 2
    endloop
  endfacet
  facet normal 0 0 -1
    outer loop
      vertex 67.3396 75.0549 2
      vertex 68.4021 75.495 2
      vertex 67.4006 74.8753 2
    endloop
  endfacet
  facet normal -0 0 -1
    outer loop
      vertex 68.4021 75.495 2
      vertex 67.3396 75.0549 2
      vertex 68.2517 75.8 2
    endloop
  endfacet
  facet normal 0 0 -1
    outer loop
      vertex 68.5778 74.1606 2
      vertex 67.4376 74.3107 2
      vertex 67.45 74.5 2
    endloop
  endfacet
  facet normal 0 0 -1
    outer loop
      vertex 68.5114 73.8271 2
      vertex 67.4006 74.1247 2
      vertex 67.4376 74.3107 2
    endloop
  endfacet
  facet normal 0 0 -1
    outer loop
      vertex 68.4021 73.505 2
      vertex 67.3396 73.9451 2
      vertex 67.4006 74.1247 2
    endloop
  endfacet
  facet normal 0 0 -1
    outer loop
      vertex 66.8827 73.3496 2
      vertex 67.5828 72.4373 2
      vertex 67.3 72.2483 2
    endloop
  endfacet
  facet normal 0 0 -1
    outer loop
      vertex 68.2517 73.2 2
      vertex 67.2557 73.775 2
      vertex 67.3396 73.9451 2
    endloop
  endfacet
  facet normal 0 0 -1
    outer loop
      vertex 68.0627 72.9172 2
      vertex 67.1504 73.6173 2
      vertex 67.2557 73.775 2
    endloop
  endfacet
  facet normal 0 0 -1
    outer loop
      vertex 67.8385 72.6615 2
      vertex 67.0253 73.4747 2
      vertex 67.1504 73.6173 2
    endloop
  endfacet
  facet normal 0 0 -1
    outer loop
      vertex 66.725 73.2443 2
      vertex 67.3 72.2483 2
      vertex 66.995 72.0979 2
    endloop
  endfacet
  facet normal 0 0 -1
    outer loop
      vertex 67.5828 72.4373 2
      vertex 66.8827 73.3496 2
      vertex 67.0253 73.4747 2
    endloop
  endfacet
  facet normal 0 0 -1
    outer loop
      vertex 67.3 72.2483 2
      vertex 66.725 73.2443 2
      vertex 66.8827 73.3496 2
    endloop
  endfacet
  facet normal 0 0 -1
    outer loop
      vertex 66.5549 73.1604 2
      vertex 66.995 72.0979 2
      vertex 66.6729 71.9886 2
    endloop
  endfacet
  facet normal 0 0 -1
    outer loop
      vertex 66.995 72.0979 2
      vertex 66.5549 73.1604 2
      vertex 66.725 73.2443 2
    endloop
  endfacet
  facet normal 0 0 -1
    outer loop
      vertex 66.6729 71.9886 2
      vertex 66.3753 73.0994 2
      vertex 66.5549 73.1604 2
    endloop
  endfacet
  facet normal 0 0 -1
    outer loop
      vertex 66.3394 71.9222 2
      vertex 66.3753 73.0994 2
      vertex 66.6729 71.9886 2
    endloop
  endfacet
  facet normal 0 0 -1
    outer loop
      vertex 66.3394 71.9222 2
      vertex 66.1893 73.0624 2
      vertex 66.3753 73.0994 2
    endloop
  endfacet
  facet normal 0 0 -1
    outer loop
      vertex 66 71.9 2
      vertex 66.1893 73.0624 2
      vertex 66.3394 71.9222 2
    endloop
  endfacet
  facet normal 0 0 -1
    outer loop
      vertex 66 71.9 2
      vertex 66 73.05 2
      vertex 66.1893 73.0624 2
    endloop
  endfacet
  facet normal 0 0 -1
    outer loop
      vertex 66 71.9 2
      vertex 65.8107 73.0624 2
      vertex 66 73.05 2
    endloop
  endfacet
  facet normal 0 0 -1
    outer loop
      vertex 65.6606 71.9222 2
      vertex 65.8107 73.0624 2
      vertex 66 71.9 2
    endloop
  endfacet
  facet normal 0 0 -1
    outer loop
      vertex 65.6606 71.9222 2
      vertex 65.6247 73.0994 2
      vertex 65.8107 73.0624 2
    endloop
  endfacet
  facet normal 0 0 -1
    outer loop
      vertex 65.3271 71.9886 2
      vertex 65.6247 73.0994 2
      vertex 65.6606 71.9222 2
    endloop
  endfacet
  facet normal -0 0 -1
    outer loop
      vertex 65.6247 73.0994 2
      vertex 65.3271 71.9886 2
      vertex 65.4451 73.1604 2
    endloop
  endfacet
  facet normal 0 0 -1
    outer loop
      vertex 65.005 72.0979 2
      vertex 65.4451 73.1604 2
      vertex 65.3271 71.9886 2
    endloop
  endfacet
  facet normal -0 0 -1
    outer loop
      vertex 65.4451 73.1604 2
      vertex 65.005 72.0979 2
      vertex 65.275 73.2443 2
    endloop
  endfacet
  facet normal 0 0 -1
    outer loop
      vertex 64.7 72.2483 2
      vertex 65.275 73.2443 2
      vertex 65.005 72.0979 2
    endloop
  endfacet
  facet normal -0 0 -1
    outer loop
      vertex 65.275 73.2443 2
      vertex 64.7 72.2483 2
      vertex 65.1173 73.3496 2
    endloop
  endfacet
  facet normal 0 0 -1
    outer loop
      vertex 64.4172 72.4373 2
      vertex 65.1173 73.3496 2
      vertex 64.7 72.2483 2
    endloop
  endfacet
  facet normal -0 0 -1
    outer loop
      vertex 65.1173 73.3496 2
      vertex 64.4172 72.4373 2
      vertex 64.9747 73.4747 2
    endloop
  endfacet
  facet normal 0 0 -1
    outer loop
      vertex 64.1615 72.6615 2
      vertex 64.9747 73.4747 2
      vertex 64.4172 72.4373 2
    endloop
  endfacet
  facet normal -0 0 -1
    outer loop
      vertex 64.9747 73.4747 2
      vertex 64.1615 72.6615 2
      vertex 64.8496 73.6173 2
    endloop
  endfacet
  facet normal 0 0 -1
    outer loop
      vertex 63.9373 72.9172 2
      vertex 64.8496 73.6173 2
      vertex 64.1615 72.6615 2
    endloop
  endfacet
  facet normal -0 0 -1
    outer loop
      vertex 64.8496 73.6173 2
      vertex 63.9373 72.9172 2
      vertex 64.7443 73.775 2
    endloop
  endfacet
  facet normal -0 0 -1
    outer loop
      vertex 64.7443 73.775 2
      vertex 63.7483 73.2 2
      vertex 64.6604 73.9451 2
    endloop
  endfacet
  facet normal 0 0 -1
    outer loop
      vertex 63.7483 73.2 2
      vertex 64.7443 73.775 2
      vertex 63.9373 72.9172 2
    endloop
  endfacet
  facet normal 0 0 -1
    outer loop
      vertex 67.2557 75.225 2
      vertex 68.2517 75.8 2
      vertex 67.3396 75.0549 2
    endloop
  endfacet
  facet normal -0 0 -1
    outer loop
      vertex 68.2517 75.8 2
      vertex 67.2557 75.225 2
      vertex 68.0627 76.0828 2
    endloop
  endfacet
  facet normal 0 0 -1
    outer loop
      vertex 67.1504 75.3827 2
      vertex 68.0627 76.0828 2
      vertex 67.2557 75.225 2
    endloop
  endfacet
  facet normal -0 0 -1
    outer loop
      vertex 68.0627 76.0828 2
      vertex 67.1504 75.3827 2
      vertex 67.8385 76.3385 2
    endloop
  endfacet
  facet normal 0 0 -1
    outer loop
      vertex 67.0253 75.5253 2
      vertex 67.8385 76.3385 2
      vertex 67.1504 75.3827 2
    endloop
  endfacet
  facet normal -0 0 -1
    outer loop
      vertex 67.8385 76.3385 2
      vertex 67.0253 75.5253 2
      vertex 67.5828 76.5627 2
    endloop
  endfacet
  facet normal 0 0 -1
    outer loop
      vertex 66.8827 75.6504 2
      vertex 67.5828 76.5627 2
      vertex 67.0253 75.5253 2
    endloop
  endfacet
  facet normal -0 0 -1
    outer loop
      vertex 67.5828 76.5627 2
      vertex 66.8827 75.6504 2
      vertex 67.3 76.7517 2
    endloop
  endfacet
  facet normal 0 0 -1
    outer loop
      vertex 66.725 75.7557 2
      vertex 67.3 76.7517 2
      vertex 66.8827 75.6504 2
    endloop
  endfacet
  facet normal -0 0 -1
    outer loop
      vertex 67.3 76.7517 2
      vertex 66.725 75.7557 2
      vertex 66.995 76.9021 2
    endloop
  endfacet
  facet normal 0 0 -1
    outer loop
      vertex 66.5549 75.8396 2
      vertex 66.995 76.9021 2
      vertex 66.725 75.7557 2
    endloop
  endfacet
  facet normal -0 0 -1
    outer loop
      vertex 66.995 76.9021 2
      vertex 66.5549 75.8396 2
      vertex 66.6729 77.0114 2
    endloop
  endfacet
  facet normal 0 0 -1
    outer loop
      vertex 66.3753 75.9006 2
      vertex 66.6729 77.0114 2
      vertex 66.5549 75.8396 2
    endloop
  endfacet
  facet normal 0 0 -1
    outer loop
      vertex 66.3753 75.9006 2
      vertex 66.3394 77.0778 2
      vertex 66.6729 77.0114 2
    endloop
  endfacet
  facet normal 0 0 -1
    outer loop
      vertex 66.1893 75.9376 2
      vertex 66.3394 77.0778 2
      vertex 66.3753 75.9006 2
    endloop
  endfacet
  facet normal 0 0 -1
    outer loop
      vertex 66 75.95 2
      vertex 66.3394 77.0778 2
      vertex 66.1893 75.9376 2
    endloop
  endfacet
  facet normal 0 0 -1
    outer loop
      vertex 66 75.95 2
      vertex 66 77.1 2
      vertex 66.3394 77.0778 2
    endloop
  endfacet
  facet normal 0 0 -1
    outer loop
      vertex 65.8107 75.9376 2
      vertex 66 77.1 2
      vertex 66 75.95 2
    endloop
  endfacet
  facet normal 0 0 -1
    outer loop
      vertex 65.8107 75.9376 2
      vertex 65.6606 77.0778 2
      vertex 66 77.1 2
    endloop
  endfacet
  facet normal 0 0 -1
    outer loop
      vertex 65.6247 75.9006 2
      vertex 65.6606 77.0778 2
      vertex 65.8107 75.9376 2
    endloop
  endfacet
  facet normal 0 0 -1
    outer loop
      vertex 65.3271 77.0114 2
      vertex 65.6247 75.9006 2
      vertex 65.4451 75.8396 2
    endloop
  endfacet
  facet normal 0 0 -1
    outer loop
      vertex 65.6247 75.9006 2
      vertex 65.3271 77.0114 2
      vertex 65.6606 77.0778 2
    endloop
  endfacet
  facet normal 0 0 -1
    outer loop
      vertex 65.005 76.9021 2
      vertex 65.4451 75.8396 2
      vertex 65.275 75.7557 2
    endloop
  endfacet
  facet normal 0 0 -1
    outer loop
      vertex 64.7 76.7517 2
      vertex 65.275 75.7557 2
      vertex 65.1173 75.6504 2
    endloop
  endfacet
  facet normal 0 0 -1
    outer loop
      vertex 65.4451 75.8396 2
      vertex 65.005 76.9021 2
      vertex 65.3271 77.0114 2
    endloop
  endfacet
  facet normal 0 0 -1
    outer loop
      vertex 64.4172 76.5627 2
      vertex 65.1173 75.6504 2
      vertex 64.9747 75.5253 2
    endloop
  endfacet
  facet normal 0 0 -1
    outer loop
      vertex 64.1615 76.3385 2
      vertex 64.9747 75.5253 2
      vertex 64.8496 75.3827 2
    endloop
  endfacet
  facet normal 0 0 -1
    outer loop
      vertex 63.9373 76.0828 2
      vertex 64.8496 75.3827 2
      vertex 64.7443 75.225 2
    endloop
  endfacet
  facet normal 0 0 -1
    outer loop
      vertex 65.275 75.7557 2
      vertex 64.7 76.7517 2
      vertex 65.005 76.9021 2
    endloop
  endfacet
  facet normal 0 0 -1
    outer loop
      vertex 63.7483 75.8 2
      vertex 64.7443 75.225 2
      vertex 64.6604 75.0549 2
    endloop
  endfacet
  facet normal 0 0 -1
    outer loop
      vertex 63.5979 75.495 2
      vertex 64.6604 75.0549 2
      vertex 64.5994 74.8753 2
    endloop
  endfacet
  facet normal 0 0 -1
    outer loop
      vertex 63.4886 75.1729 2
      vertex 64.5994 74.8753 2
      vertex 64.5624 74.6893 2
    endloop
  endfacet
  facet normal 0 0 -1
    outer loop
      vertex 65.1173 75.6504 2
      vertex 64.4172 76.5627 2
      vertex 64.7 76.7517 2
    endloop
  endfacet
  facet normal 0 0 -1
    outer loop
      vertex 63.4222 74.8394 2
      vertex 64.5624 74.6893 2
      vertex 64.55 74.5 2
    endloop
  endfacet
  facet normal 0 0 -1
    outer loop
      vertex 63.5979 73.505 2
      vertex 64.6604 73.9451 2
      vertex 63.7483 73.2 2
    endloop
  endfacet
  facet normal -0 0 -1
    outer loop
      vertex 64.6604 73.9451 2
      vertex 63.5979 73.505 2
      vertex 64.5994 74.1247 2
    endloop
  endfacet
  facet normal 0 0 -1
    outer loop
      vertex 64.9747 75.5253 2
      vertex 64.1615 76.3385 2
      vertex 64.4172 76.5627 2
    endloop
  endfacet
  facet normal 0 0 -1
    outer loop
      vertex 63.4886 73.8271 2
      vertex 64.5994 74.1247 2
      vertex 63.5979 73.505 2
    endloop
  endfacet
  facet normal 0 0 -1
    outer loop
      vertex 64.8496 75.3827 2
      vertex 63.9373 76.0828 2
      vertex 64.1615 76.3385 2
    endloop
  endfacet
  facet normal -0 0 -1
    outer loop
      vertex 64.5994 74.1247 2
      vertex 63.4886 73.8271 2
      vertex 64.5624 74.3107 2
    endloop
  endfacet
  facet normal 0 0 -1
    outer loop
      vertex 64.7443 75.225 2
      vertex 63.7483 75.8 2
      vertex 63.9373 76.0828 2
    endloop
  endfacet
  facet normal 0 0 -1
    outer loop
      vertex 63.4222 74.1606 2
      vertex 64.5624 74.3107 2
      vertex 63.4886 73.8271 2
    endloop
  endfacet
  facet normal 0 0 -1
    outer loop
      vertex 64.6604 75.0549 2
      vertex 63.5979 75.495 2
      vertex 63.7483 75.8 2
    endloop
  endfacet
  facet normal -0 0 -1
    outer loop
      vertex 64.5624 74.3107 2
      vertex 63.4222 74.1606 2
      vertex 64.55 74.5 2
    endloop
  endfacet
  facet normal 0 0 -1
    outer loop
      vertex 64.5994 74.8753 2
      vertex 63.4886 75.1729 2
      vertex 63.5979 75.495 2
    endloop
  endfacet
  facet normal 0 0 -1
    outer loop
      vertex 63.4 74.5 2
      vertex 64.55 74.5 2
      vertex 63.4222 74.1606 2
    endloop
  endfacet
  facet normal 0 0 -1
    outer loop
      vertex 64.5624 74.6893 2
      vertex 63.4222 74.8394 2
      vertex 63.4886 75.1729 2
    endloop
  endfacet
  facet normal 0 0 -1
    outer loop
      vertex 64.55 74.5 2
      vertex 63.4 74.5 2
      vertex 63.4222 74.8394 2
    endloop
  endfacet
  facet normal 0.896928 0.442176 0
    outer loop
      vertex 63.3153 72.95 8.5
      vertex 63.136 73.3137 4
      vertex 63.136 73.3137 8.5
    endloop
  endfacet
  facet normal 0.896928 0.442176 0
    outer loop
      vertex 63.136 73.3137 4
      vertex 63.3153 72.95 8.5
      vertex 63.3153 72.95 4
    endloop
  endfacet
  facet normal -0.442176 0.896928 0
    outer loop
      vertex 67.55 71.8153 4
      vertex 67.1863 71.636 8.5
      vertex 67.55 71.8153 8.5
    endloop
  endfacet
  facet normal -0.442176 0.896928 0
    outer loop
      vertex 67.1863 71.636 8.5
      vertex 67.55 71.8153 4
      vertex 67.1863 71.636 4
    endloop
  endfacet
  facet normal -0.980789 -0.195073 0
    outer loop
      vertex 69.0735 74.9046 4
      vertex 68.9944 75.3023 8.5
      vertex 68.9944 75.3023 4
    endloop
  endfacet
  facet normal -0.980789 -0.195073 0
    outer loop
      vertex 68.9944 75.3023 8.5
      vertex 69.0735 74.9046 4
      vertex 69.0735 74.9046 8.5
    endloop
  endfacet
  facet normal -0.997862 -0.0653568 0
    outer loop
      vertex 69.1 74.5 4
      vertex 69.0735 74.9046 8.5
      vertex 69.0735 74.9046 4
    endloop
  endfacet
  facet normal -0.997862 -0.0653568 0
    outer loop
      vertex 69.0735 74.9046 8.5
      vertex 69.1 74.5 4
      vertex 69.1 74.5 8.5
    endloop
  endfacet
  facet normal -0.946893 -0.321549 0
    outer loop
      vertex 68.9944 75.3023 4
      vertex 68.864 75.6863 8.5
      vertex 68.864 75.6863 4
    endloop
  endfacet
  facet normal -0.946893 -0.321549 0
    outer loop
      vertex 68.864 75.6863 8.5
      vertex 68.9944 75.3023 4
      vertex 68.9944 75.3023 8.5
    endloop
  endfacet
  facet normal -0.751721 0.659482 0
    outer loop
      vertex 68.192 72.308 4
      vertex 68.4594 72.6128 8.5
      vertex 68.4594 72.6128 4
    endloop
  endfacet
  facet normal -0.751721 0.659482 0
    outer loop
      vertex 68.4594 72.6128 8.5
      vertex 68.192 72.308 4
      vertex 68.192 72.308 8.5
    endloop
  endfacet
  facet normal -0.321549 -0.946893 0
    outer loop
      vertex 66.8023 77.4944 4
      vertex 67.1863 77.364 8.5
      vertex 66.8023 77.4944 8.5
    endloop
  endfacet
  facet normal -0.321549 -0.946893 -0
    outer loop
      vertex 67.1863 77.364 8.5
      vertex 66.8023 77.4944 4
      vertex 67.1863 77.364 4
    endloop
  endfacet
  facet normal -0.555553 -0.831481 0
    outer loop
      vertex 67.55 77.1847 4
      vertex 67.8872 76.9594 8.5
      vertex 67.55 77.1847 8.5
    endloop
  endfacet
  facet normal -0.555553 -0.831481 -0
    outer loop
      vertex 67.8872 76.9594 8.5
      vertex 67.55 77.1847 4
      vertex 67.8872 76.9594 4
    endloop
  endfacet
  facet normal -0.896928 0.442176 0
    outer loop
      vertex 68.6847 72.95 4
      vertex 68.864 73.3137 8.5
      vertex 68.864 73.3137 4
    endloop
  endfacet
  facet normal -0.896928 0.442176 0
    outer loop
      vertex 68.864 73.3137 8.5
      vertex 68.6847 72.95 4
      vertex 68.6847 72.95 8.5
    endloop
  endfacet
  facet normal -0.321549 0.946893 0
    outer loop
      vertex 67.1863 71.636 4
      vertex 66.8023 71.5056 8.5
      vertex 67.1863 71.636 8.5
    endloop
  endfacet
  facet normal -0.321549 0.946893 0
    outer loop
      vertex 66.8023 71.5056 8.5
      vertex 67.1863 71.636 4
      vertex 66.8023 71.5056 4
    endloop
  endfacet
  facet normal -0.896928 -0.442176 0
    outer loop
      vertex 68.864 75.6863 4
      vertex 68.6847 76.05 8.5
      vertex 68.6847 76.05 4
    endloop
  endfacet
  facet normal -0.896928 -0.442176 0
    outer loop
      vertex 68.6847 76.05 8.5
      vertex 68.864 75.6863 4
      vertex 68.864 75.6863 8.5
    endloop
  endfacet
  facet normal 0.195073 -0.980789 0
    outer loop
      vertex 65.1977 77.4944 4
      vertex 65.5954 77.5735 8.5
      vertex 65.1977 77.4944 8.5
    endloop
  endfacet
  facet normal 0.195073 -0.980789 0
    outer loop
      vertex 65.5954 77.5735 8.5
      vertex 65.1977 77.4944 4
      vertex 65.5954 77.5735 4
    endloop
  endfacet
  facet normal 0.0653568 0.997862 -0
    outer loop
      vertex 66 71.4 4
      vertex 65.5954 71.4265 8.5
      vertex 66 71.4 8.5
    endloop
  endfacet
  facet normal 0.0653568 0.997862 0
    outer loop
      vertex 65.5954 71.4265 8.5
      vertex 66 71.4 4
      vertex 65.5954 71.4265 4
    endloop
  endfacet
  facet normal 0.321549 0.946893 -0
    outer loop
      vertex 65.1977 71.5056 4
      vertex 64.8137 71.636 8.5
      vertex 65.1977 71.5056 8.5
    endloop
  endfacet
  facet normal 0.321549 0.946893 0
    outer loop
      vertex 64.8137 71.636 8.5
      vertex 65.1977 71.5056 4
      vertex 64.8137 71.636 4
    endloop
  endfacet
  facet normal -0.946893 0.321549 0
    outer loop
      vertex 68.864 73.3137 4
      vertex 68.9944 73.6977 8.5
      vertex 68.9944 73.6977 4
    endloop
  endfacet
  facet normal -0.946893 0.321549 0
    outer loop
      vertex 68.9944 73.6977 8.5
      vertex 68.864 73.3137 4
      vertex 68.864 73.3137 8.5
    endloop
  endfacet
  facet normal 0.831481 0.555553 0
    outer loop
      vertex 63.5406 72.6128 8.5
      vertex 63.3153 72.95 4
      vertex 63.3153 72.95 8.5
    endloop
  endfacet
  facet normal 0.831481 0.555553 0
    outer loop
      vertex 63.3153 72.95 4
      vertex 63.5406 72.6128 8.5
      vertex 63.5406 72.6128 4
    endloop
  endfacet
  facet normal 0.659482 0.751721 -0
    outer loop
      vertex 64.1128 72.0406 4
      vertex 63.808 72.308 8.5
      vertex 64.1128 72.0406 8.5
    endloop
  endfacet
  facet normal 0.659482 0.751721 0
    outer loop
      vertex 63.808 72.308 8.5
      vertex 64.1128 72.0406 4
      vertex 63.808 72.308 4
    endloop
  endfacet
  facet normal 0.659482 -0.751721 0
    outer loop
      vertex 63.808 76.692 4
      vertex 64.1128 76.9594 8.5
      vertex 63.808 76.692 8.5
    endloop
  endfacet
  facet normal 0.659482 -0.751721 0
    outer loop
      vertex 64.1128 76.9594 8.5
      vertex 63.808 76.692 4
      vertex 64.1128 76.9594 4
    endloop
  endfacet
  facet normal 0.946893 -0.321549 0
    outer loop
      vertex 63.0056 75.3023 8.5
      vertex 63.136 75.6863 4
      vertex 63.136 75.6863 8.5
    endloop
  endfacet
  facet normal 0.946893 -0.321549 0
    outer loop
      vertex 63.136 75.6863 4
      vertex 63.0056 75.3023 8.5
      vertex 63.0056 75.3023 4
    endloop
  endfacet
  facet normal 0.442176 -0.896928 0
    outer loop
      vertex 64.45 77.1847 4
      vertex 64.8137 77.364 8.5
      vertex 64.45 77.1847 8.5
    endloop
  endfacet
  facet normal 0.442176 -0.896928 0
    outer loop
      vertex 64.8137 77.364 8.5
      vertex 64.45 77.1847 4
      vertex 64.8137 77.364 4
    endloop
  endfacet
  facet normal 0.980789 -0.195073 0
    outer loop
      vertex 62.9265 74.9046 8.5
      vertex 63.0056 75.3023 4
      vertex 63.0056 75.3023 8.5
    endloop
  endfacet
  facet normal 0.980789 -0.195073 0
    outer loop
      vertex 63.0056 75.3023 4
      vertex 62.9265 74.9046 8.5
      vertex 62.9265 74.9046 4
    endloop
  endfacet
  facet normal 0.321549 -0.946893 0
    outer loop
      vertex 64.8137 77.364 4
      vertex 65.1977 77.4944 8.5
      vertex 64.8137 77.364 8.5
    endloop
  endfacet
  facet normal 0.321549 -0.946893 0
    outer loop
      vertex 65.1977 77.4944 8.5
      vertex 64.8137 77.364 4
      vertex 65.1977 77.4944 4
    endloop
  endfacet
  facet normal -0.659482 0.751721 0
    outer loop
      vertex 68.192 72.308 4
      vertex 67.8872 72.0406 8.5
      vertex 68.192 72.308 8.5
    endloop
  endfacet
  facet normal -0.659482 0.751721 0
    outer loop
      vertex 67.8872 72.0406 8.5
      vertex 68.192 72.308 4
      vertex 67.8872 72.0406 4
    endloop
  endfacet
  facet normal -0.0653568 -0.997862 0
    outer loop
      vertex 66 77.6 4
      vertex 66.4046 77.5735 8.5
      vertex 66 77.6 8.5
    endloop
  endfacet
  facet normal -0.0653568 -0.997862 -0
    outer loop
      vertex 66.4046 77.5735 8.5
      vertex 66 77.6 4
      vertex 66.4046 77.5735 4
    endloop
  endfacet
  facet normal -0.831481 -0.555553 0
    outer loop
      vertex 68.6847 76.05 4
      vertex 68.4594 76.3872 8.5
      vertex 68.4594 76.3872 4
    endloop
  endfacet
  facet normal -0.831481 -0.555553 0
    outer loop
      vertex 68.4594 76.3872 8.5
      vertex 68.6847 76.05 4
      vertex 68.6847 76.05 8.5
    endloop
  endfacet
  facet normal -0.195073 0.980789 0
    outer loop
      vertex 66.8023 71.5056 4
      vertex 66.4046 71.4265 8.5
      vertex 66.8023 71.5056 8.5
    endloop
  endfacet
  facet normal -0.195073 0.980789 0
    outer loop
      vertex 66.4046 71.4265 8.5
      vertex 66.8023 71.5056 4
      vertex 66.4046 71.4265 4
    endloop
  endfacet
  facet normal 0.980789 0.195073 0
    outer loop
      vertex 63.0056 73.6977 8.5
      vertex 62.9265 74.0954 4
      vertex 62.9265 74.0954 8.5
    endloop
  endfacet
  facet normal 0.980789 0.195073 0
    outer loop
      vertex 62.9265 74.0954 4
      vertex 63.0056 73.6977 8.5
      vertex 63.0056 73.6977 4
    endloop
  endfacet
  facet normal 0.751721 -0.659482 0
    outer loop
      vertex 63.5406 76.3872 8.5
      vertex 63.808 76.692 4
      vertex 63.808 76.692 8.5
    endloop
  endfacet
  facet normal 0.751721 -0.659482 0
    outer loop
      vertex 63.808 76.692 4
      vertex 63.5406 76.3872 8.5
      vertex 63.5406 76.3872 4
    endloop
  endfacet
  facet normal -0.659482 -0.751721 0
    outer loop
      vertex 67.8872 76.9594 4
      vertex 68.192 76.692 8.5
      vertex 67.8872 76.9594 8.5
    endloop
  endfacet
  facet normal -0.659482 -0.751721 -0
    outer loop
      vertex 68.192 76.692 8.5
      vertex 67.8872 76.9594 4
      vertex 68.192 76.692 4
    endloop
  endfacet
  facet normal -0.997862 0.0653568 0
    outer loop
      vertex 69.0735 74.0954 4
      vertex 69.1 74.5 8.5
      vertex 69.1 74.5 4
    endloop
  endfacet
  facet normal -0.997862 0.0653568 0
    outer loop
      vertex 69.1 74.5 8.5
      vertex 69.0735 74.0954 4
      vertex 69.0735 74.0954 8.5
    endloop
  endfacet
  facet normal -0.980789 0.195073 0
    outer loop
      vertex 68.9944 73.6977 4
      vertex 69.0735 74.0954 8.5
      vertex 69.0735 74.0954 4
    endloop
  endfacet
  facet normal -0.980789 0.195073 0
    outer loop
      vertex 69.0735 74.0954 8.5
      vertex 68.9944 73.6977 4
      vertex 68.9944 73.6977 8.5
    endloop
  endfacet
  facet normal -0.555553 0.831481 0
    outer loop
      vertex 67.8872 72.0406 4
      vertex 67.55 71.8153 8.5
      vertex 67.8872 72.0406 8.5
    endloop
  endfacet
  facet normal -0.555553 0.831481 0
    outer loop
      vertex 67.55 71.8153 8.5
      vertex 67.8872 72.0406 4
      vertex 67.55 71.8153 4
    endloop
  endfacet
  facet normal -0.195073 -0.980789 0
    outer loop
      vertex 66.4046 77.5735 4
      vertex 66.8023 77.4944 8.5
      vertex 66.4046 77.5735 8.5
    endloop
  endfacet
  facet normal -0.195073 -0.980789 -0
    outer loop
      vertex 66.8023 77.4944 8.5
      vertex 66.4046 77.5735 4
      vertex 66.8023 77.4944 4
    endloop
  endfacet
  facet normal -0.751721 -0.659482 0
    outer loop
      vertex 68.4594 76.3872 4
      vertex 68.192 76.692 8.5
      vertex 68.192 76.692 4
    endloop
  endfacet
  facet normal -0.751721 -0.659482 0
    outer loop
      vertex 68.192 76.692 8.5
      vertex 68.4594 76.3872 4
      vertex 68.4594 76.3872 8.5
    endloop
  endfacet
  facet normal -0.442176 -0.896928 0
    outer loop
      vertex 67.1863 77.364 4
      vertex 67.55 77.1847 8.5
      vertex 67.1863 77.364 8.5
    endloop
  endfacet
  facet normal -0.442176 -0.896928 -0
    outer loop
      vertex 67.55 77.1847 8.5
      vertex 67.1863 77.364 4
      vertex 67.55 77.1847 4
    endloop
  endfacet
  facet normal 0.997862 0.0653568 0
    outer loop
      vertex 62.9265 74.0954 8.5
      vertex 62.9 74.5 4
      vertex 62.9 74.5 8.5
    endloop
  endfacet
  facet normal 0.997862 0.0653568 0
    outer loop
      vertex 62.9 74.5 4
      vertex 62.9265 74.0954 8.5
      vertex 62.9265 74.0954 4
    endloop
  endfacet
  facet normal -0.831481 0.555553 0
    outer loop
      vertex 68.4594 72.6128 4
      vertex 68.6847 72.95 8.5
      vertex 68.6847 72.95 4
    endloop
  endfacet
  facet normal -0.831481 0.555553 0
    outer loop
      vertex 68.6847 72.95 8.5
      vertex 68.4594 72.6128 4
      vertex 68.4594 72.6128 8.5
    endloop
  endfacet
  facet normal 0.751721 0.659482 0
    outer loop
      vertex 63.808 72.308 8.5
      vertex 63.5406 72.6128 4
      vertex 63.5406 72.6128 8.5
    endloop
  endfacet
  facet normal 0.751721 0.659482 0
    outer loop
      vertex 63.5406 72.6128 4
      vertex 63.808 72.308 8.5
      vertex 63.808 72.308 4
    endloop
  endfacet
  facet normal 0.997862 -0.0653568 0
    outer loop
      vertex 62.9 74.5 8.5
      vertex 62.9265 74.9046 4
      vertex 62.9265 74.9046 8.5
    endloop
  endfacet
  facet normal 0.997862 -0.0653568 0
    outer loop
      vertex 62.9265 74.9046 4
      vertex 62.9 74.5 8.5
      vertex 62.9 74.5 4
    endloop
  endfacet
  facet normal 0.442176 0.896928 -0
    outer loop
      vertex 64.8137 71.636 4
      vertex 64.45 71.8153 8.5
      vertex 64.8137 71.636 8.5
    endloop
  endfacet
  facet normal 0.442176 0.896928 0
    outer loop
      vertex 64.45 71.8153 8.5
      vertex 64.8137 71.636 4
      vertex 64.45 71.8153 4
    endloop
  endfacet
  facet normal 0.946893 0.321549 0
    outer loop
      vertex 63.136 73.3137 8.5
      vertex 63.0056 73.6977 4
      vertex 63.0056 73.6977 8.5
    endloop
  endfacet
  facet normal 0.946893 0.321549 0
    outer loop
      vertex 63.0056 73.6977 4
      vertex 63.136 73.3137 8.5
      vertex 63.136 73.3137 4
    endloop
  endfacet
  facet normal 0.195073 0.980789 -0
    outer loop
      vertex 65.5954 71.4265 4
      vertex 65.1977 71.5056 8.5
      vertex 65.5954 71.4265 8.5
    endloop
  endfacet
  facet normal 0.195073 0.980789 0
    outer loop
      vertex 65.1977 71.5056 8.5
      vertex 65.5954 71.4265 4
      vertex 65.1977 71.5056 4
    endloop
  endfacet
  facet normal -0.0653568 0.997862 0
    outer loop
      vertex 66.4046 71.4265 4
      vertex 66 71.4 8.5
      vertex 66.4046 71.4265 8.5
    endloop
  endfacet
  facet normal -0.0653568 0.997862 0
    outer loop
      vertex 66 71.4 8.5
      vertex 66.4046 71.4265 4
      vertex 66 71.4 4
    endloop
  endfacet
  facet normal 0.555553 -0.831481 0
    outer loop
      vertex 64.1128 76.9594 4
      vertex 64.45 77.1847 8.5
      vertex 64.1128 76.9594 8.5
    endloop
  endfacet
  facet normal 0.555553 -0.831481 0
    outer loop
      vertex 64.45 77.1847 8.5
      vertex 64.1128 76.9594 4
      vertex 64.45 77.1847 4
    endloop
  endfacet
  facet normal 0.0653568 -0.997862 0
    outer loop
      vertex 65.5954 77.5735 4
      vertex 66 77.6 8.5
      vertex 65.5954 77.5735 8.5
    endloop
  endfacet
  facet normal 0.0653568 -0.997862 0
    outer loop
      vertex 66 77.6 8.5
      vertex 65.5954 77.5735 4
      vertex 66 77.6 4
    endloop
  endfacet
  facet normal 0 0 1
    outer loop
      vertex 67.45 74.5 4
      vertex 69.1 74.5 4
      vertex 69.0735 74.9046 4
    endloop
  endfacet
  facet normal 0 0 1
    outer loop
      vertex 67.4376 74.6893 4
      vertex 69.0735 74.9046 4
      vertex 68.9944 75.3023 4
    endloop
  endfacet
  facet normal 0 0 1
    outer loop
      vertex 69.1 74.5 4
      vertex 67.45 74.5 4
      vertex 69.0735 74.0954 4
    endloop
  endfacet
  facet normal 0 0 1
    outer loop
      vertex 67.4006 74.8753 4
      vertex 68.9944 75.3023 4
      vertex 68.864 75.6863 4
    endloop
  endfacet
  facet normal -0 0 1
    outer loop
      vertex 67.4376 74.3107 4
      vertex 69.0735 74.0954 4
      vertex 67.45 74.5 4
    endloop
  endfacet
  facet normal 0 0 1
    outer loop
      vertex 67.3396 75.0549 4
      vertex 68.864 75.6863 4
      vertex 68.6847 76.05 4
    endloop
  endfacet
  facet normal 0 0 1
    outer loop
      vertex 69.0735 74.0954 4
      vertex 67.4376 74.3107 4
      vertex 68.9944 73.6977 4
    endloop
  endfacet
  facet normal 0 0 1
    outer loop
      vertex 67.2557 75.225 4
      vertex 68.6847 76.05 4
      vertex 68.4594 76.3872 4
    endloop
  endfacet
  facet normal -0 0 1
    outer loop
      vertex 67.4006 74.1247 4
      vertex 68.9944 73.6977 4
      vertex 67.4376 74.3107 4
    endloop
  endfacet
  facet normal 0 0 1
    outer loop
      vertex 67.1504 75.3827 4
      vertex 68.4594 76.3872 4
      vertex 68.192 76.692 4
    endloop
  endfacet
  facet normal 0 0 1
    outer loop
      vertex 68.9944 73.6977 4
      vertex 67.4006 74.1247 4
      vertex 68.864 73.3137 4
    endloop
  endfacet
  facet normal 0 0 1
    outer loop
      vertex 67.0253 75.5253 4
      vertex 68.192 76.692 4
      vertex 67.8872 76.9594 4
    endloop
  endfacet
  facet normal -0 0 1
    outer loop
      vertex 67.3396 73.9451 4
      vertex 68.864 73.3137 4
      vertex 67.4006 74.1247 4
    endloop
  endfacet
  facet normal 0 0 1
    outer loop
      vertex 66.8827 75.6504 4
      vertex 67.8872 76.9594 4
      vertex 67.55 77.1847 4
    endloop
  endfacet
  facet normal 0 0 1
    outer loop
      vertex 68.864 73.3137 4
      vertex 67.3396 73.9451 4
      vertex 68.6847 72.95 4
    endloop
  endfacet
  facet normal -0 0 1
    outer loop
      vertex 67.2557 73.775 4
      vertex 68.6847 72.95 4
      vertex 67.3396 73.9451 4
    endloop
  endfacet
  facet normal 0 0 1
    outer loop
      vertex 69.0735 74.9046 4
      vertex 67.4376 74.6893 4
      vertex 67.45 74.5 4
    endloop
  endfacet
  facet normal 0 0 1
    outer loop
      vertex 68.9944 75.3023 4
      vertex 67.4006 74.8753 4
      vertex 67.4376 74.6893 4
    endloop
  endfacet
  facet normal 0 0 1
    outer loop
      vertex 68.864 75.6863 4
      vertex 67.3396 75.0549 4
      vertex 67.4006 74.8753 4
    endloop
  endfacet
  facet normal 0 0 1
    outer loop
      vertex 68.6847 76.05 4
      vertex 67.2557 75.225 4
      vertex 67.3396 75.0549 4
    endloop
  endfacet
  facet normal 0 0 1
    outer loop
      vertex 66.725 75.7557 4
      vertex 67.55 77.1847 4
      vertex 67.1863 77.364 4
    endloop
  endfacet
  facet normal 0 0 1
    outer loop
      vertex 68.4594 76.3872 4
      vertex 67.1504 75.3827 4
      vertex 67.2557 75.225 4
    endloop
  endfacet
  facet normal 0 0 1
    outer loop
      vertex 68.192 76.692 4
      vertex 67.0253 75.5253 4
      vertex 67.1504 75.3827 4
    endloop
  endfacet
  facet normal 0 0 1
    outer loop
      vertex 67.8872 76.9594 4
      vertex 66.8827 75.6504 4
      vertex 67.0253 75.5253 4
    endloop
  endfacet
  facet normal 0 0 1
    outer loop
      vertex 66.5549 75.8396 4
      vertex 67.1863 77.364 4
      vertex 66.8023 77.4944 4
    endloop
  endfacet
  facet normal 0 0 1
    outer loop
      vertex 67.55 77.1847 4
      vertex 66.725 75.7557 4
      vertex 66.8827 75.6504 4
    endloop
  endfacet
  facet normal 0 0 1
    outer loop
      vertex 67.1863 77.364 4
      vertex 66.5549 75.8396 4
      vertex 66.725 75.7557 4
    endloop
  endfacet
  facet normal 0 0 1
    outer loop
      vertex 66.3753 75.9006 4
      vertex 66.8023 77.4944 4
      vertex 66.4046 77.5735 4
    endloop
  endfacet
  facet normal 0 0 1
    outer loop
      vertex 66.8023 77.4944 4
      vertex 66.3753 75.9006 4
      vertex 66.5549 75.8396 4
    endloop
  endfacet
  facet normal 0 0 1
    outer loop
      vertex 66.4046 77.5735 4
      vertex 66.1893 75.9376 4
      vertex 66.3753 75.9006 4
    endloop
  endfacet
  facet normal 0 0 1
    outer loop
      vertex 66 77.6 4
      vertex 66.1893 75.9376 4
      vertex 66.4046 77.5735 4
    endloop
  endfacet
  facet normal 0 0 1
    outer loop
      vertex 66 77.6 4
      vertex 66 75.95 4
      vertex 66.1893 75.9376 4
    endloop
  endfacet
  facet normal 0 0 1
    outer loop
      vertex 66 77.6 4
      vertex 65.8107 75.9376 4
      vertex 66 75.95 4
    endloop
  endfacet
  facet normal -0 0 1
    outer loop
      vertex 65.5954 77.5735 4
      vertex 65.8107 75.9376 4
      vertex 66 77.6 4
    endloop
  endfacet
  facet normal 0 0 1
    outer loop
      vertex 65.8107 75.9376 4
      vertex 65.5954 77.5735 4
      vertex 65.6247 75.9006 4
    endloop
  endfacet
  facet normal -0 0 1
    outer loop
      vertex 65.1977 77.4944 4
      vertex 65.6247 75.9006 4
      vertex 65.5954 77.5735 4
    endloop
  endfacet
  facet normal 0 0 1
    outer loop
      vertex 65.6247 75.9006 4
      vertex 65.1977 77.4944 4
      vertex 65.4451 75.8396 4
    endloop
  endfacet
  facet normal -0 0 1
    outer loop
      vertex 64.8137 77.364 4
      vertex 65.4451 75.8396 4
      vertex 65.1977 77.4944 4
    endloop
  endfacet
  facet normal 0 0 1
    outer loop
      vertex 65.4451 75.8396 4
      vertex 64.8137 77.364 4
      vertex 65.275 75.7557 4
    endloop
  endfacet
  facet normal -0 0 1
    outer loop
      vertex 64.45 77.1847 4
      vertex 65.275 75.7557 4
      vertex 64.8137 77.364 4
    endloop
  endfacet
  facet normal 0 0 1
    outer loop
      vertex 65.275 75.7557 4
      vertex 64.45 77.1847 4
      vertex 65.1173 75.6504 4
    endloop
  endfacet
  facet normal -0 0 1
    outer loop
      vertex 64.1128 76.9594 4
      vertex 65.1173 75.6504 4
      vertex 64.45 77.1847 4
    endloop
  endfacet
  facet normal 0 0 1
    outer loop
      vertex 65.1173 75.6504 4
      vertex 64.1128 76.9594 4
      vertex 64.9747 75.5253 4
    endloop
  endfacet
  facet normal -0 0 1
    outer loop
      vertex 63.808 76.692 4
      vertex 64.9747 75.5253 4
      vertex 64.1128 76.9594 4
    endloop
  endfacet
  facet normal 0 0 1
    outer loop
      vertex 64.9747 75.5253 4
      vertex 63.808 76.692 4
      vertex 64.8496 75.3827 4
    endloop
  endfacet
  facet normal -0 0 1
    outer loop
      vertex 63.5406 76.3872 4
      vertex 64.8496 75.3827 4
      vertex 63.808 76.692 4
    endloop
  endfacet
  facet normal -0 0 1
    outer loop
      vertex 63.3153 76.05 4
      vertex 64.7443 75.225 4
      vertex 63.5406 76.3872 4
    endloop
  endfacet
  facet normal 0 0 1
    outer loop
      vertex 64.8496 75.3827 4
      vertex 63.5406 76.3872 4
      vertex 64.7443 75.225 4
    endloop
  endfacet
  facet normal 0 0 1
    outer loop
      vertex 68.6847 72.95 4
      vertex 67.2557 73.775 4
      vertex 68.4594 72.6128 4
    endloop
  endfacet
  facet normal -0 0 1
    outer loop
      vertex 67.1504 73.6173 4
      vertex 68.4594 72.6128 4
      vertex 67.2557 73.775 4
    endloop
  endfacet
  facet normal 0 0 1
    outer loop
      vertex 68.4594 72.6128 4
      vertex 67.1504 73.6173 4
      vertex 68.192 72.308 4
    endloop
  endfacet
  facet normal -0 0 1
    outer loop
      vertex 67.0253 73.4747 4
      vertex 68.192 72.308 4
      vertex 67.1504 73.6173 4
    endloop
  endfacet
  facet normal 0 0 1
    outer loop
      vertex 68.192 72.308 4
      vertex 67.0253 73.4747 4
      vertex 67.8872 72.0406 4
    endloop
  endfacet
  facet normal -0 0 1
    outer loop
      vertex 66.8827 73.3496 4
      vertex 67.8872 72.0406 4
      vertex 67.0253 73.4747 4
    endloop
  endfacet
  facet normal 0 0 1
    outer loop
      vertex 67.8872 72.0406 4
      vertex 66.8827 73.3496 4
      vertex 67.55 71.8153 4
    endloop
  endfacet
  facet normal -0 0 1
    outer loop
      vertex 66.725 73.2443 4
      vertex 67.55 71.8153 4
      vertex 66.8827 73.3496 4
    endloop
  endfacet
  facet normal 0 0 1
    outer loop
      vertex 67.55 71.8153 4
      vertex 66.725 73.2443 4
      vertex 67.1863 71.636 4
    endloop
  endfacet
  facet normal -0 0 1
    outer loop
      vertex 66.5549 73.1604 4
      vertex 67.1863 71.636 4
      vertex 66.725 73.2443 4
    endloop
  endfacet
  facet normal 0 0 1
    outer loop
      vertex 67.1863 71.636 4
      vertex 66.5549 73.1604 4
      vertex 66.8023 71.5056 4
    endloop
  endfacet
  facet normal -0 0 1
    outer loop
      vertex 66.3753 73.0994 4
      vertex 66.8023 71.5056 4
      vertex 66.5549 73.1604 4
    endloop
  endfacet
  facet normal 0 0 1
    outer loop
      vertex 66.8023 71.5056 4
      vertex 66.3753 73.0994 4
      vertex 66.4046 71.4265 4
    endloop
  endfacet
  facet normal -0 0 1
    outer loop
      vertex 66.1893 73.0624 4
      vertex 66.4046 71.4265 4
      vertex 66.3753 73.0994 4
    endloop
  endfacet
  facet normal -0 0 1
    outer loop
      vertex 66 73.05 4
      vertex 66.4046 71.4265 4
      vertex 66.1893 73.0624 4
    endloop
  endfacet
  facet normal 0 0 1
    outer loop
      vertex 66 73.05 4
      vertex 66 71.4 4
      vertex 66.4046 71.4265 4
    endloop
  endfacet
  facet normal 0 0 1
    outer loop
      vertex 65.8107 73.0624 4
      vertex 66 71.4 4
      vertex 66 73.05 4
    endloop
  endfacet
  facet normal 0 0 1
    outer loop
      vertex 65.5954 71.4265 4
      vertex 65.8107 73.0624 4
      vertex 65.6247 73.0994 4
    endloop
  endfacet
  facet normal 0 0 1
    outer loop
      vertex 65.8107 73.0624 4
      vertex 65.5954 71.4265 4
      vertex 66 71.4 4
    endloop
  endfacet
  facet normal 0 0 1
    outer loop
      vertex 65.1977 71.5056 4
      vertex 65.6247 73.0994 4
      vertex 65.4451 73.1604 4
    endloop
  endfacet
  facet normal 0 0 1
    outer loop
      vertex 64.8137 71.636 4
      vertex 65.4451 73.1604 4
      vertex 65.275 73.2443 4
    endloop
  endfacet
  facet normal 0 0 1
    outer loop
      vertex 65.6247 73.0994 4
      vertex 65.1977 71.5056 4
      vertex 65.5954 71.4265 4
    endloop
  endfacet
  facet normal 0 0 1
    outer loop
      vertex 64.45 71.8153 4
      vertex 65.275 73.2443 4
      vertex 65.1173 73.3496 4
    endloop
  endfacet
  facet normal 0 0 1
    outer loop
      vertex 64.1128 72.0406 4
      vertex 65.1173 73.3496 4
      vertex 64.9747 73.4747 4
    endloop
  endfacet
  facet normal 0 0 1
    outer loop
      vertex 63.808 72.308 4
      vertex 64.9747 73.4747 4
      vertex 64.8496 73.6173 4
    endloop
  endfacet
  facet normal 0 0 1
    outer loop
      vertex 65.4451 73.1604 4
      vertex 64.8137 71.636 4
      vertex 65.1977 71.5056 4
    endloop
  endfacet
  facet normal 0 0 1
    outer loop
      vertex 63.5406 72.6128 4
      vertex 64.8496 73.6173 4
      vertex 64.7443 73.775 4
    endloop
  endfacet
  facet normal 0 0 1
    outer loop
      vertex 63.3153 72.95 4
      vertex 64.7443 73.775 4
      vertex 64.6604 73.9451 4
    endloop
  endfacet
  facet normal 0 0 1
    outer loop
      vertex 63.136 73.3137 4
      vertex 64.6604 73.9451 4
      vertex 64.5994 74.1247 4
    endloop
  endfacet
  facet normal 0 0 1
    outer loop
      vertex 63.0056 73.6977 4
      vertex 64.5994 74.1247 4
      vertex 64.5624 74.3107 4
    endloop
  endfacet
  facet normal 0 0 1
    outer loop
      vertex 65.275 73.2443 4
      vertex 64.45 71.8153 4
      vertex 64.8137 71.636 4
    endloop
  endfacet
  facet normal 0 0 1
    outer loop
      vertex 62.9265 74.0954 4
      vertex 64.5624 74.3107 4
      vertex 64.55 74.5 4
    endloop
  endfacet
  facet normal 0 0 1
    outer loop
      vertex 64.7443 75.225 4
      vertex 63.3153 76.05 4
      vertex 64.6604 75.0549 4
    endloop
  endfacet
  facet normal -0 0 1
    outer loop
      vertex 63.136 75.6863 4
      vertex 64.6604 75.0549 4
      vertex 63.3153 76.05 4
    endloop
  endfacet
  facet normal 0 0 1
    outer loop
      vertex 65.1173 73.3496 4
      vertex 64.1128 72.0406 4
      vertex 64.45 71.8153 4
    endloop
  endfacet
  facet normal 0 0 1
    outer loop
      vertex 64.6604 75.0549 4
      vertex 63.136 75.6863 4
      vertex 64.5994 74.8753 4
    endloop
  endfacet
  facet normal 0 0 1
    outer loop
      vertex 64.9747 73.4747 4
      vertex 63.808 72.308 4
      vertex 64.1128 72.0406 4
    endloop
  endfacet
  facet normal -0 0 1
    outer loop
      vertex 63.0056 75.3023 4
      vertex 64.5994 74.8753 4
      vertex 63.136 75.6863 4
    endloop
  endfacet
  facet normal 0 0 1
    outer loop
      vertex 64.8496 73.6173 4
      vertex 63.5406 72.6128 4
      vertex 63.808 72.308 4
    endloop
  endfacet
  facet normal 0 0 1
    outer loop
      vertex 64.5994 74.8753 4
      vertex 63.0056 75.3023 4
      vertex 64.5624 74.6893 4
    endloop
  endfacet
  facet normal 0 0 1
    outer loop
      vertex 64.7443 73.775 4
      vertex 63.3153 72.95 4
      vertex 63.5406 72.6128 4
    endloop
  endfacet
  facet normal -0 0 1
    outer loop
      vertex 62.9265 74.9046 4
      vertex 64.5624 74.6893 4
      vertex 63.0056 75.3023 4
    endloop
  endfacet
  facet normal 0 0 1
    outer loop
      vertex 64.6604 73.9451 4
      vertex 63.136 73.3137 4
      vertex 63.3153 72.95 4
    endloop
  endfacet
  facet normal 0 0 1
    outer loop
      vertex 64.5624 74.6893 4
      vertex 62.9265 74.9046 4
      vertex 64.55 74.5 4
    endloop
  endfacet
  facet normal 0 0 1
    outer loop
      vertex 64.5994 74.1247 4
      vertex 63.0056 73.6977 4
      vertex 63.136 73.3137 4
    endloop
  endfacet
  facet normal 0 0 1
    outer loop
      vertex 62.9 74.5 4
      vertex 64.55 74.5 4
      vertex 62.9265 74.9046 4
    endloop
  endfacet
  facet normal 0 0 1
    outer loop
      vertex 64.5624 74.3107 4
      vertex 62.9265 74.0954 4
      vertex 63.0056 73.6977 4
    endloop
  endfacet
  facet normal 0 0 1
    outer loop
      vertex 64.55 74.5 4
      vertex 62.9 74.5 4
      vertex 62.9265 74.0954 4
    endloop
  endfacet
  facet normal 0.896928 -0.442176 0
    outer loop
      vertex 63.136 75.6863 8.5
      vertex 63.3153 76.05 4
      vertex 63.3153 76.05 8.5
    endloop
  endfacet
  facet normal 0.896928 -0.442176 0
    outer loop
      vertex 63.3153 76.05 4
      vertex 63.136 75.6863 8.5
      vertex 63.136 75.6863 4
    endloop
  endfacet
  facet normal 0.831481 -0.555553 0
    outer loop
      vertex 63.3153 76.05 8.5
      vertex 63.5406 76.3872 4
      vertex 63.5406 76.3872 8.5
    endloop
  endfacet
  facet normal 0.831481 -0.555553 0
    outer loop
      vertex 63.5406 76.3872 4
      vertex 63.3153 76.05 8.5
      vertex 63.3153 76.05 4
    endloop
  endfacet
  facet normal 0.555553 0.831481 -0
    outer loop
      vertex 64.45 71.8153 4
      vertex 64.1128 72.0406 8.5
      vertex 64.45 71.8153 8.5
    endloop
  endfacet
  facet normal 0.555553 0.831481 0
    outer loop
      vertex 64.1128 72.0406 8.5
      vertex 64.45 71.8153 4
      vertex 64.1128 72.0406 4
    endloop
  endfacet
  facet normal -0.0467578 -0.713289 0.699309
    outer loop
      vertex 66.4607 78.06 9
      vertex 66 78.0902 9
      vertex 66 77.6 8.5
    endloop
  endfacet
  facet normal -0.537371 0.471264 0.699387
    outer loop
      vertex 68.5387 71.9613 9
      vertex 68.8431 72.3084 9
      vertex 68.192 72.308 8.5
    endloop
  endfacet
  facet normal 0.229755 0.67688 0.699318
    outer loop
      vertex 65.0708 71.0321 9
      vertex 65.1977 71.5056 8.5
      vertex 64.6336 71.1805 9
    endloop
  endfacet
  facet normal -0.713289 -0.0467578 0.699309
    outer loop
      vertex 69.5902 74.5 9
      vertex 69.56 74.9607 9
      vertex 69.1 74.5 8.5
    endloop
  endfacet
  facet normal -0.713448 -0.045155 0.699252
    outer loop
      vertex 69.0735 74.9046 8.5
      vertex 69.56 74.9607 9
      vertex 69.5595 74.9686 9
    endloop
  endfacet
  facet normal -0.713309 -0.0467194 0.699291
    outer loop
      vertex 69.56 74.9607 9
      vertex 69.0735 74.9046 8.5
      vertex 69.1 74.5 8.5
    endloop
  endfacet
  facet normal -0.701102 0.139353 0.699312
    outer loop
      vertex 69.4679 73.5708 9
      vertex 69.5579 74.0236 9
      vertex 68.9944 73.6977 8.5
    endloop
  endfacet
  facet normal -0.641098 -0.316137 0.699321
    outer loop
      vertex 69.3169 75.8739 9
      vertex 69.1127 76.288 9
      vertex 68.864 75.6863 8.5
    endloop
  endfacet
  facet normal 0.713448 -0.045155 0.699252
    outer loop
      vertex 62.44 74.9607 9
      vertex 62.9265 74.9046 8.5
      vertex 62.4405 74.9686 9
    endloop
  endfacet
  facet normal 0.713309 -0.0467194 0.699291
    outer loop
      vertex 62.9265 74.9046 8.5
      vertex 62.44 74.9607 9
      vertex 62.9 74.5 8.5
    endloop
  endfacet
  facet normal 0.139353 0.701102 0.699312
    outer loop
      vertex 65.5236 70.9421 9
      vertex 65.1977 71.5056 8.5
      vertex 65.0708 71.0321 9
    endloop
  endfacet
  facet normal 0.701102 -0.139353 0.699312
    outer loop
      vertex 63.0056 75.3023 8.5
      vertex 62.5321 75.4292 9
      vertex 62.4421 74.9764 9
    endloop
  endfacet
  facet normal 0.229833 0.67681 0.69936
    outer loop
      vertex 64.8137 71.636 8.5
      vertex 64.6336 71.1805 9
      vertex 65.1977 71.5056 8.5
    endloop
  endfacet
  facet normal 0.234085 0.675244 0.699464
    outer loop
      vertex 64.6336 71.1805 9
      vertex 64.8137 71.636 8.5
      vertex 64.6261 71.1831 9
    endloop
  endfacet
  facet normal -0.316069 0.641168 0.699288
    outer loop
      vertex 67.55 71.8153 8.5
      vertex 67.788 71.3873 9
      vertex 67.7951 71.3908 9
    endloop
  endfacet
  facet normal -0.316084 0.64116 0.699289
    outer loop
      vertex 67.788 71.3873 9
      vertex 67.55 71.8153 8.5
      vertex 67.1863 71.636 8.5
    endloop
  endfacet
  facet normal -0.0467578 0.713289 0.699309
    outer loop
      vertex 66.4607 70.94 9
      vertex 66 71.4 8.5
      vertex 66 70.9098 9
    endloop
  endfacet
  facet normal 0.471264 0.537371 0.699387
    outer loop
      vertex 63.8084 71.6569 9
      vertex 63.808 72.308 8.5
      vertex 63.4613 71.9613 9
    endloop
  endfacet
  facet normal -0.594759 0.396506 0.699317
    outer loop
      vertex 68.6847 72.95 8.5
      vertex 69.1048 72.6983 9
      vertex 69.1092 72.7049 9
    endloop
  endfacet
  facet normal -0.594366 0.397126 0.6993
    outer loop
      vertex 69.1048 72.6983 9
      vertex 68.6847 72.95 8.5
      vertex 68.4594 72.6128 8.5
    endloop
  endfacet
  facet normal -0.0467194 -0.713309 0.699291
    outer loop
      vertex 66.4046 77.5735 8.5
      vertex 66.4607 78.06 9
      vertex 66 77.6 8.5
    endloop
  endfacet
  facet normal -0.045155 -0.713448 0.699252
    outer loop
      vertex 66.4607 78.06 9
      vertex 66.4046 77.5735 8.5
      vertex 66.4686 78.0595 9
    endloop
  endfacet
  facet normal -0.641098 0.316137 0.699321
    outer loop
      vertex 69.1127 72.712 9
      vertex 69.3169 73.1261 9
      vertex 68.864 73.3137 8.5
    endloop
  endfacet
  facet normal 0.537328 -0.471396 0.699331
    outer loop
      vertex 63.1569 76.6916 9
      vertex 63.5406 76.3872 8.5
      vertex 63.808 76.692 8.5
    endloop
  endfacet
  facet normal 0.540091 -0.468078 0.699432
    outer loop
      vertex 63.5406 76.3872 8.5
      vertex 63.1569 76.6916 9
      vertex 63.1517 76.6856 9
    endloop
  endfacet
  facet normal -0.713309 0.0467194 0.699291
    outer loop
      vertex 69.0735 74.0954 8.5
      vertex 69.56 74.0393 9
      vertex 69.1 74.5 8.5
    endloop
  endfacet
  facet normal -0.713448 0.045155 0.699252
    outer loop
      vertex 69.56 74.0393 9
      vertex 69.0735 74.0954 8.5
      vertex 69.5595 74.0314 9
    endloop
  endfacet
  facet normal -0.675244 -0.234085 0.699464
    outer loop
      vertex 68.864 75.6863 8.5
      vertex 69.3195 75.8664 9
      vertex 69.3169 75.8739 9
    endloop
  endfacet
  facet normal -0.67681 -0.229833 0.69936
    outer loop
      vertex 69.3195 75.8664 9
      vertex 68.864 75.6863 8.5
      vertex 68.9944 75.3023 8.5
    endloop
  endfacet
  facet normal -0.594367 -0.397122 0.699301
    outer loop
      vertex 69.1048 76.3017 9
      vertex 68.8483 76.6856 9
      vertex 68.4594 76.3872 8.5
    endloop
  endfacet
  facet normal -0.316069 -0.641168 0.699288
    outer loop
      vertex 67.788 77.6127 9
      vertex 67.55 77.1847 8.5
      vertex 67.7951 77.6092 9
    endloop
  endfacet
  facet normal -0.316084 -0.64116 0.699289
    outer loop
      vertex 67.55 77.1847 8.5
      vertex 67.788 77.6127 9
      vertex 67.1863 77.364 8.5
    endloop
  endfacet
  facet normal -0.713289 0.0467578 0.699309
    outer loop
      vertex 69.56 74.0393 9
      vertex 69.5902 74.5 9
      vertex 69.1 74.5 8.5
    endloop
  endfacet
  facet normal -0.139449 0.701122 0.699272
    outer loop
      vertex 66.4046 71.4265 8.5
      vertex 66.4764 70.9421 9
      vertex 66.8023 71.5056 8.5
    endloop
  endfacet
  facet normal -0.143668 0.700382 0.69916
    outer loop
      vertex 66.4764 70.9421 9
      vertex 66.4046 71.4265 8.5
      vertex 66.4686 70.9405 9
    endloop
  endfacet
  facet normal 0.0467578 0.713289 0.699309
    outer loop
      vertex 66 70.9098 9
      vertex 66 71.4 8.5
      vertex 65.5393 70.94 9
    endloop
  endfacet
  facet normal 0.713289 -0.0467578 0.699309
    outer loop
      vertex 62.9 74.5 8.5
      vertex 62.44 74.9607 9
      vertex 62.4098 74.5 9
    endloop
  endfacet
  facet normal -0.641168 -0.316069 0.699288
    outer loop
      vertex 68.6847 76.05 8.5
      vertex 69.1127 76.288 9
      vertex 69.1092 76.2951 9
    endloop
  endfacet
  facet normal -0.64116 -0.316084 0.699289
    outer loop
      vertex 69.1127 76.288 9
      vertex 68.6847 76.05 8.5
      vertex 68.864 75.6863 8.5
    endloop
  endfacet
  facet normal 0.713289 0.0467578 0.699309
    outer loop
      vertex 62.44 74.0393 9
      vertex 62.9 74.5 8.5
      vertex 62.4098 74.5 9
    endloop
  endfacet
  facet normal -0.67681 0.229833 0.69936
    outer loop
      vertex 68.864 73.3137 8.5
      vertex 69.3195 73.1336 9
      vertex 68.9944 73.6977 8.5
    endloop
  endfacet
  facet normal -0.675244 0.234085 0.699464
    outer loop
      vertex 69.3195 73.1336 9
      vertex 68.864 73.3137 8.5
      vertex 69.3169 73.1261 9
    endloop
  endfacet
  facet normal -0.471396 0.537328 0.699331
    outer loop
      vertex 67.8872 72.0406 8.5
      vertex 68.1916 71.6569 9
      vertex 68.192 72.308 8.5
    endloop
  endfacet
  facet normal -0.468078 0.540091 0.699432
    outer loop
      vertex 68.1916 71.6569 9
      vertex 67.8872 72.0406 8.5
      vertex 68.1856 71.6517 9
    endloop
  endfacet
  facet normal -0.229755 -0.67688 0.699318
    outer loop
      vertex 67.3664 77.8195 9
      vertex 66.9292 77.9679 9
      vertex 66.8023 77.4944 8.5
    endloop
  endfacet
  facet normal -0.700382 0.143668 0.69916
    outer loop
      vertex 69.0735 74.0954 8.5
      vertex 69.5579 74.0236 9
      vertex 69.5595 74.0314 9
    endloop
  endfacet
  facet normal -0.701122 0.139449 0.699272
    outer loop
      vertex 69.5579 74.0236 9
      vertex 69.0735 74.0954 8.5
      vertex 68.9944 73.6977 8.5
    endloop
  endfacet
  facet normal -0.229755 0.67688 0.699318
    outer loop
      vertex 66.9292 71.0321 9
      vertex 67.3664 71.1805 9
      vertex 66.8023 71.5056 8.5
    endloop
  endfacet
  facet normal -0.471264 0.537371 0.699387
    outer loop
      vertex 68.5387 71.9613 9
      vertex 68.192 72.308 8.5
      vertex 68.1916 71.6569 9
    endloop
  endfacet
  facet normal 0.701102 0.139353 0.699312
    outer loop
      vertex 62.5321 73.5708 9
      vertex 63.0056 73.6977 8.5
      vertex 62.4421 74.0236 9
    endloop
  endfacet
  facet normal -0.67688 0.229755 0.699318
    outer loop
      vertex 69.3195 73.1336 9
      vertex 69.4679 73.5708 9
      vertex 68.9944 73.6977 8.5
    endloop
  endfacet
  facet normal -0.540091 -0.468078 0.699432
    outer loop
      vertex 68.8431 76.6916 9
      vertex 68.4594 76.3872 8.5
      vertex 68.8483 76.6856 9
    endloop
  endfacet
  facet normal -0.537328 -0.471396 0.699331
    outer loop
      vertex 68.4594 76.3872 8.5
      vertex 68.8431 76.6916 9
      vertex 68.192 76.692 8.5
    endloop
  endfacet
  facet normal 0.139449 -0.701122 0.699272
    outer loop
      vertex 65.5954 77.5735 8.5
      vertex 65.5236 78.0579 9
      vertex 65.1977 77.4944 8.5
    endloop
  endfacet
  facet normal 0.143668 -0.700382 0.69916
    outer loop
      vertex 65.5236 78.0579 9
      vertex 65.5954 77.5735 8.5
      vertex 65.5314 78.0595 9
    endloop
  endfacet
  facet normal 0.468078 0.540091 0.699432
    outer loop
      vertex 64.1128 72.0406 8.5
      vertex 63.8084 71.6569 9
      vertex 63.8144 71.6517 9
    endloop
  endfacet
  facet normal 0.471396 0.537328 0.699331
    outer loop
      vertex 63.8084 71.6569 9
      vertex 64.1128 72.0406 8.5
      vertex 63.808 72.308 8.5
    endloop
  endfacet
  facet normal 0.700382 0.143668 0.69916
    outer loop
      vertex 62.4421 74.0236 9
      vertex 62.9265 74.0954 8.5
      vertex 62.4405 74.0314 9
    endloop
  endfacet
  facet normal 0.701122 0.139449 0.699272
    outer loop
      vertex 62.9265 74.0954 8.5
      vertex 62.4421 74.0236 9
      vertex 63.0056 73.6977 8.5
    endloop
  endfacet
  facet normal -0.540091 0.468078 0.699432
    outer loop
      vertex 68.4594 72.6128 8.5
      vertex 68.8431 72.3084 9
      vertex 68.8483 72.3144 9
    endloop
  endfacet
  facet normal -0.537328 0.471396 0.699331
    outer loop
      vertex 68.8431 72.3084 9
      vertex 68.4594 72.6128 8.5
      vertex 68.192 72.308 8.5
    endloop
  endfacet
  facet normal -0.139353 -0.701102 0.699312
    outer loop
      vertex 66.8023 77.4944 8.5
      vertex 66.9292 77.9679 9
      vertex 66.4764 78.0579 9
    endloop
  endfacet
  facet normal -0.143668 -0.700382 0.69916
    outer loop
      vertex 66.4046 77.5735 8.5
      vertex 66.4764 78.0579 9
      vertex 66.4686 78.0595 9
    endloop
  endfacet
  facet normal -0.139449 -0.701122 0.699272
    outer loop
      vertex 66.4764 78.0579 9
      vertex 66.4046 77.5735 8.5
      vertex 66.8023 77.4944 8.5
    endloop
  endfacet
  facet normal -0.67688 -0.229755 0.699318
    outer loop
      vertex 69.4679 75.4292 9
      vertex 69.3195 75.8664 9
      vertex 68.9944 75.3023 8.5
    endloop
  endfacet
  facet normal 0.67688 0.229755 0.699318
    outer loop
      vertex 62.6805 73.1336 9
      vertex 63.0056 73.6977 8.5
      vertex 62.5321 73.5708 9
    endloop
  endfacet
  facet normal -0.594367 0.397122 0.699301
    outer loop
      vertex 68.8483 72.3144 9
      vertex 69.1048 72.6983 9
      vertex 68.4594 72.6128 8.5
    endloop
  endfacet
  facet normal -0.316137 0.641098 0.699321
    outer loop
      vertex 67.3739 71.1831 9
      vertex 67.788 71.3873 9
      vertex 67.1863 71.636 8.5
    endloop
  endfacet
  facet normal -0.234085 -0.675244 0.699464
    outer loop
      vertex 67.3664 77.8195 9
      vertex 67.1863 77.364 8.5
      vertex 67.3739 77.8169 9
    endloop
  endfacet
  facet normal -0.229833 -0.67681 0.69936
    outer loop
      vertex 67.1863 77.364 8.5
      vertex 67.3664 77.8195 9
      vertex 66.8023 77.4944 8.5
    endloop
  endfacet
  facet normal -0.397122 0.594367 0.699301
    outer loop
      vertex 68.1856 71.6517 9
      vertex 67.8872 72.0406 8.5
      vertex 67.8017 71.3952 9
    endloop
  endfacet
  facet normal -0.139353 0.701102 0.699312
    outer loop
      vertex 66.9292 71.0321 9
      vertex 66.8023 71.5056 8.5
      vertex 66.4764 70.9421 9
    endloop
  endfacet
  facet normal 0.67688 -0.229755 0.699318
    outer loop
      vertex 63.0056 75.3023 8.5
      vertex 62.6805 75.8664 9
      vertex 62.5321 75.4292 9
    endloop
  endfacet
  facet normal 0.700382 -0.143668 0.69916
    outer loop
      vertex 62.9265 74.9046 8.5
      vertex 62.4421 74.9764 9
      vertex 62.4405 74.9686 9
    endloop
  endfacet
  facet normal 0.701122 -0.139449 0.699272
    outer loop
      vertex 62.4421 74.9764 9
      vertex 62.9265 74.9046 8.5
      vertex 63.0056 75.3023 8.5
    endloop
  endfacet
  facet normal -0.045155 0.713448 0.699252
    outer loop
      vertex 66.4046 71.4265 8.5
      vertex 66.4607 70.94 9
      vertex 66.4686 70.9405 9
    endloop
  endfacet
  facet normal -0.0467194 0.713309 0.699291
    outer loop
      vertex 66.4607 70.94 9
      vertex 66.4046 71.4265 8.5
      vertex 66 71.4 8.5
    endloop
  endfacet
  facet normal 0.675244 -0.234085 0.699464
    outer loop
      vertex 62.6805 75.8664 9
      vertex 63.136 75.6863 8.5
      vertex 62.6831 75.8739 9
    endloop
  endfacet
  facet normal 0.67681 -0.229833 0.69936
    outer loop
      vertex 63.136 75.6863 8.5
      vertex 62.6805 75.8664 9
      vertex 63.0056 75.3023 8.5
    endloop
  endfacet
  facet normal 0.397122 0.594367 0.699301
    outer loop
      vertex 64.1983 71.3952 9
      vertex 64.1128 72.0406 8.5
      vertex 63.8144 71.6517 9
    endloop
  endfacet
  facet normal -0.471264 -0.537371 0.699387
    outer loop
      vertex 68.192 76.692 8.5
      vertex 68.5387 77.0387 9
      vertex 68.1916 77.3431 9
    endloop
  endfacet
  facet normal 0.64116 0.316084 0.699289
    outer loop
      vertex 62.8873 72.712 9
      vertex 63.3153 72.95 8.5
      vertex 63.136 73.3137 8.5
    endloop
  endfacet
  facet normal 0.641168 0.316069 0.699288
    outer loop
      vertex 63.3153 72.95 8.5
      vertex 62.8873 72.712 9
      vertex 62.8908 72.7049 9
    endloop
  endfacet
  facet normal 0.713309 0.0467194 0.699291
    outer loop
      vertex 62.44 74.0393 9
      vertex 62.9265 74.0954 8.5
      vertex 62.9 74.5 8.5
    endloop
  endfacet
  facet normal 0.713448 0.045155 0.699252
    outer loop
      vertex 62.9265 74.0954 8.5
      vertex 62.44 74.0393 9
      vertex 62.4405 74.0314 9
    endloop
  endfacet
  facet normal 0.594366 -0.397126 0.6993
    outer loop
      vertex 62.8952 76.3017 9
      vertex 63.3153 76.05 8.5
      vertex 63.5406 76.3872 8.5
    endloop
  endfacet
  facet normal 0.594759 -0.396506 0.699317
    outer loop
      vertex 63.3153 76.05 8.5
      vertex 62.8952 76.3017 9
      vertex 62.8908 76.2951 9
    endloop
  endfacet
  facet normal -0.468078 -0.540091 0.699432
    outer loop
      vertex 67.8872 76.9594 8.5
      vertex 68.1916 77.3431 9
      vertex 68.1856 77.3483 9
    endloop
  endfacet
  facet normal -0.471396 -0.537328 0.699331
    outer loop
      vertex 68.1916 77.3431 9
      vertex 67.8872 76.9594 8.5
      vertex 68.192 76.692 8.5
    endloop
  endfacet
  facet normal 0.0467578 -0.713289 0.699309
    outer loop
      vertex 66 77.6 8.5
      vertex 66 78.0902 9
      vertex 65.5393 78.06 9
    endloop
  endfacet
  facet normal 0.397122 -0.594367 0.699301
    outer loop
      vertex 64.1128 76.9594 8.5
      vertex 64.1983 77.6048 9
      vertex 63.8144 77.3483 9
    endloop
  endfacet
  facet normal 0.641168 -0.316069 0.699288
    outer loop
      vertex 62.8873 76.288 9
      vertex 63.3153 76.05 8.5
      vertex 62.8908 76.2951 9
    endloop
  endfacet
  facet normal 0.64116 -0.316084 0.699289
    outer loop
      vertex 63.3153 76.05 8.5
      vertex 62.8873 76.288 9
      vertex 63.136 75.6863 8.5
    endloop
  endfacet
  facet normal 0.641098 -0.316137 0.699321
    outer loop
      vertex 63.136 75.6863 8.5
      vertex 62.8873 76.288 9
      vertex 62.6831 75.8739 9
    endloop
  endfacet
  facet normal 0.594366 0.397126 0.6993
    outer loop
      vertex 63.3153 72.95 8.5
      vertex 62.8952 72.6983 9
      vertex 63.5406 72.6128 8.5
    endloop
  endfacet
  facet normal 0.594759 0.396506 0.699317
    outer loop
      vertex 62.8952 72.6983 9
      vertex 63.3153 72.95 8.5
      vertex 62.8908 72.7049 9
    endloop
  endfacet
  facet normal 0.641098 0.316137 0.699321
    outer loop
      vertex 62.8873 72.712 9
      vertex 63.136 73.3137 8.5
      vertex 62.6831 73.1261 9
    endloop
  endfacet
  facet normal 0.67681 0.229833 0.69936
    outer loop
      vertex 62.6805 73.1336 9
      vertex 63.136 73.3137 8.5
      vertex 63.0056 73.6977 8.5
    endloop
  endfacet
  facet normal 0.675244 0.234085 0.699464
    outer loop
      vertex 63.136 73.3137 8.5
      vertex 62.6805 73.1336 9
      vertex 62.6831 73.1261 9
    endloop
  endfacet
  facet normal 0.316137 0.641098 0.699321
    outer loop
      vertex 64.6261 71.1831 9
      vertex 64.8137 71.636 8.5
      vertex 64.212 71.3873 9
    endloop
  endfacet
  facet normal -0.397126 0.594366 0.6993
    outer loop
      vertex 67.55 71.8153 8.5
      vertex 67.8017 71.3952 9
      vertex 67.8872 72.0406 8.5
    endloop
  endfacet
  facet normal -0.396506 0.594759 0.699317
    outer loop
      vertex 67.8017 71.3952 9
      vertex 67.55 71.8153 8.5
      vertex 67.7951 71.3908 9
    endloop
  endfacet
  facet normal -0.64116 0.316084 0.699289
    outer loop
      vertex 68.6847 72.95 8.5
      vertex 69.1127 72.712 9
      vertex 68.864 73.3137 8.5
    endloop
  endfacet
  facet normal -0.641168 0.316069 0.699288
    outer loop
      vertex 69.1127 72.712 9
      vertex 68.6847 72.95 8.5
      vertex 69.1092 72.7049 9
    endloop
  endfacet
  facet normal 0.594367 -0.397122 0.699301
    outer loop
      vertex 63.5406 76.3872 8.5
      vertex 63.1517 76.6856 9
      vertex 62.8952 76.3017 9
    endloop
  endfacet
  facet normal 0.471264 -0.537371 0.699387
    outer loop
      vertex 63.808 76.692 8.5
      vertex 63.8084 77.3431 9
      vertex 63.4613 77.0387 9
    endloop
  endfacet
  facet normal -0.537371 -0.471264 0.699387
    outer loop
      vertex 68.8431 76.6916 9
      vertex 68.5387 77.0387 9
      vertex 68.192 76.692 8.5
    endloop
  endfacet
  facet normal 0.229833 -0.67681 0.69936
    outer loop
      vertex 64.6336 77.8195 9
      vertex 64.8137 77.364 8.5
      vertex 65.1977 77.4944 8.5
    endloop
  endfacet
  facet normal 0.234085 -0.675244 0.699464
    outer loop
      vertex 64.8137 77.364 8.5
      vertex 64.6336 77.8195 9
      vertex 64.6261 77.8169 9
    endloop
  endfacet
  facet normal -0.397122 -0.594367 0.699301
    outer loop
      vertex 67.8872 76.9594 8.5
      vertex 68.1856 77.3483 9
      vertex 67.8017 77.6048 9
    endloop
  endfacet
  facet normal -0.316137 -0.641098 0.699321
    outer loop
      vertex 67.788 77.6127 9
      vertex 67.3739 77.8169 9
      vertex 67.1863 77.364 8.5
    endloop
  endfacet
  facet normal 0.0467194 0.713309 0.699291
    outer loop
      vertex 65.5954 71.4265 8.5
      vertex 65.5393 70.94 9
      vertex 66 71.4 8.5
    endloop
  endfacet
  facet normal 0.045155 0.713448 0.699252
    outer loop
      vertex 65.5393 70.94 9
      vertex 65.5954 71.4265 8.5
      vertex 65.5314 70.9405 9
    endloop
  endfacet
  facet normal 0.143668 0.700382 0.69916
    outer loop
      vertex 65.5954 71.4265 8.5
      vertex 65.5236 70.9421 9
      vertex 65.5314 70.9405 9
    endloop
  endfacet
  facet normal 0.139449 0.701122 0.699272
    outer loop
      vertex 65.5236 70.9421 9
      vertex 65.5954 71.4265 8.5
      vertex 65.1977 71.5056 8.5
    endloop
  endfacet
  facet normal 0.468078 -0.540091 0.699432
    outer loop
      vertex 63.8084 77.3431 9
      vertex 64.1128 76.9594 8.5
      vertex 63.8144 77.3483 9
    endloop
  endfacet
  facet normal 0.471396 -0.537328 0.699331
    outer loop
      vertex 64.1128 76.9594 8.5
      vertex 63.8084 77.3431 9
      vertex 63.808 76.692 8.5
    endloop
  endfacet
  facet normal 0.396506 -0.594759 0.699317
    outer loop
      vertex 64.1983 77.6048 9
      vertex 64.45 77.1847 8.5
      vertex 64.2049 77.6092 9
    endloop
  endfacet
  facet normal 0.397126 -0.594366 0.6993
    outer loop
      vertex 64.45 77.1847 8.5
      vertex 64.1983 77.6048 9
      vertex 64.1128 76.9594 8.5
    endloop
  endfacet
  facet normal 0.537371 0.471264 0.699387
    outer loop
      vertex 63.4613 71.9613 9
      vertex 63.808 72.308 8.5
      vertex 63.1569 72.3084 9
    endloop
  endfacet
  facet normal 0.316084 0.64116 0.699289
    outer loop
      vertex 64.45 71.8153 8.5
      vertex 64.212 71.3873 9
      vertex 64.8137 71.636 8.5
    endloop
  endfacet
  facet normal 0.316069 0.641168 0.699288
    outer loop
      vertex 64.212 71.3873 9
      vertex 64.45 71.8153 8.5
      vertex 64.2049 71.3908 9
    endloop
  endfacet
  facet normal 0.316137 -0.641098 0.699321
    outer loop
      vertex 64.8137 77.364 8.5
      vertex 64.6261 77.8169 9
      vertex 64.212 77.6127 9
    endloop
  endfacet
  facet normal 0.396506 0.594759 0.699317
    outer loop
      vertex 64.45 71.8153 8.5
      vertex 64.1983 71.3952 9
      vertex 64.2049 71.3908 9
    endloop
  endfacet
  facet normal 0.397126 0.594366 0.6993
    outer loop
      vertex 64.1983 71.3952 9
      vertex 64.45 71.8153 8.5
      vertex 64.1128 72.0406 8.5
    endloop
  endfacet
  facet normal 0.229755 -0.67688 0.699318
    outer loop
      vertex 65.1977 77.4944 8.5
      vertex 65.0708 77.9679 9
      vertex 64.6336 77.8195 9
    endloop
  endfacet
  facet normal 0.139353 -0.701102 0.699312
    outer loop
      vertex 65.1977 77.4944 8.5
      vertex 65.5236 78.0579 9
      vertex 65.0708 77.9679 9
    endloop
  endfacet
  facet normal 0.537371 -0.471264 0.699387
    outer loop
      vertex 63.808 76.692 8.5
      vertex 63.4613 77.0387 9
      vertex 63.1569 76.6916 9
    endloop
  endfacet
  facet normal 0.045155 -0.713448 0.699252
    outer loop
      vertex 65.5954 77.5735 8.5
      vertex 65.5393 78.06 9
      vertex 65.5314 78.0595 9
    endloop
  endfacet
  facet normal 0.0467194 -0.713309 0.699291
    outer loop
      vertex 65.5393 78.06 9
      vertex 65.5954 77.5735 8.5
      vertex 66 77.6 8.5
    endloop
  endfacet
  facet normal 0.537328 0.471396 0.699331
    outer loop
      vertex 63.5406 72.6128 8.5
      vertex 63.1569 72.3084 9
      vertex 63.808 72.308 8.5
    endloop
  endfacet
  facet normal 0.540091 0.468078 0.699432
    outer loop
      vertex 63.1569 72.3084 9
      vertex 63.5406 72.6128 8.5
      vertex 63.1517 72.3144 9
    endloop
  endfacet
  facet normal 0.594367 0.397122 0.699301
    outer loop
      vertex 63.1517 72.3144 9
      vertex 63.5406 72.6128 8.5
      vertex 62.8952 72.6983 9
    endloop
  endfacet
  facet normal -0.234085 0.675244 0.699464
    outer loop
      vertex 67.1863 71.636 8.5
      vertex 67.3664 71.1805 9
      vertex 67.3739 71.1831 9
    endloop
  endfacet
  facet normal -0.229833 0.67681 0.69936
    outer loop
      vertex 67.3664 71.1805 9
      vertex 67.1863 71.636 8.5
      vertex 66.8023 71.5056 8.5
    endloop
  endfacet
  facet normal -0.594759 -0.396506 0.699317
    outer loop
      vertex 69.1048 76.3017 9
      vertex 68.6847 76.05 8.5
      vertex 69.1092 76.2951 9
    endloop
  endfacet
  facet normal -0.594366 -0.397126 0.6993
    outer loop
      vertex 68.6847 76.05 8.5
      vertex 69.1048 76.3017 9
      vertex 68.4594 76.3872 8.5
    endloop
  endfacet
  facet normal 0.316084 -0.64116 0.699289
    outer loop
      vertex 64.212 77.6127 9
      vertex 64.45 77.1847 8.5
      vertex 64.8137 77.364 8.5
    endloop
  endfacet
  facet normal 0.316069 -0.641168 0.699288
    outer loop
      vertex 64.45 77.1847 8.5
      vertex 64.212 77.6127 9
      vertex 64.2049 77.6092 9
    endloop
  endfacet
  facet normal -0.396506 -0.594759 0.699317
    outer loop
      vertex 67.55 77.1847 8.5
      vertex 67.8017 77.6048 9
      vertex 67.7951 77.6092 9
    endloop
  endfacet
  facet normal -0.397126 -0.594366 0.6993
    outer loop
      vertex 67.8017 77.6048 9
      vertex 67.55 77.1847 8.5
      vertex 67.8872 76.9594 8.5
    endloop
  endfacet
  facet normal -0.701102 -0.139353 0.699312
    outer loop
      vertex 69.5579 74.9764 9
      vertex 69.4679 75.4292 9
      vertex 68.9944 75.3023 8.5
    endloop
  endfacet
  facet normal -0.701122 -0.139449 0.699272
    outer loop
      vertex 69.0735 74.9046 8.5
      vertex 69.5579 74.9764 9
      vertex 68.9944 75.3023 8.5
    endloop
  endfacet
  facet normal -0.700382 -0.143668 0.69916
    outer loop
      vertex 69.5579 74.9764 9
      vertex 69.0735 74.9046 8.5
      vertex 69.5595 74.9686 9
    endloop
  endfacet
  facet normal -1 0 0
    outer loop
      vertex 61 20.5 0
      vertex 61 69.5 3
      vertex 61 69.5 0
    endloop
  endfacet
  facet normal -1 -0 0
    outer loop
      vertex 61 69.5 3
      vertex 61 20.5 0
      vertex 61 20.5 3
    endloop
  endfacet
  facet normal 1 -0 0
    outer loop
      vertex 13 66.5 3
      vertex 13 69.5 0
      vertex 13 69.5 3
    endloop
  endfacet
  facet normal 1 0 0
    outer loop
      vertex 13 69.5 0
      vertex 13 66.5 3
      vertex 13 66.5 0
    endloop
  endfacet
  facet normal 1 -0 0
    outer loop
      vertex 13 19.5 3
      vertex 13 37.5 0
      vertex 13 37.5 3
    endloop
  endfacet
  facet normal 1 0 0
    outer loop
      vertex 13 37.5 0
      vertex 13 19.5 3
      vertex 13 19.5 0
    endloop
  endfacet
  facet normal 0 -1 0
    outer loop
      vertex 13 69.5 0
      vertex 61 69.5 3
      vertex 13 69.5 3
    endloop
  endfacet
  facet normal 0 -1 -0
    outer loop
      vertex 61 69.5 3
      vertex 13 69.5 0
      vertex 61 69.5 0
    endloop
  endfacet
  facet normal 0 1 -0
    outer loop
      vertex 15.3582 19.5 0
      vertex 13 19.5 3
      vertex 15.3582 19.5 3
    endloop
  endfacet
  facet normal 0 1 0
    outer loop
      vertex 13 19.5 3
      vertex 15.3582 19.5 0
      vertex 13 19.5 0
    endloop
  endfacet
endsolid OpenSCAD_Model
